
//{{BLOCK(_bubble)

//======================================================================
//
//	_bubble, 512x160@8, 
//	+ palette 256 entries, not compressed
//	+ 1280 tiles not compressed
//	Total size: 512 + 81920 = 82432
//
//	Time-stamp: 2025-04-19, 21:10:13
//	Exported by Cearn's GBA Image Transmogrifier, v0.8.3
//	( http://www.coranac.com/projects/#grit )
//
//======================================================================

const unsigned short _bubbleTiles[40960] __attribute__((aligned(4)))=
{
	0x2020,0x2020,0x2020,0x2020,0x2020,0x2020,0x2020,0x2020,
	0x2020,0x2020,0x2020,0x2020,0x2020,0x2020,0x2020,0x2020,
	0x2020,0x2020,0x2020,0x2020,0x2020,0x2020,0x2020,0x2020,
	0x2020,0x2020,0x2020,0x2020,0x2020,0x2020,0x2020,0x2020,
	0x2020,0x2020,0x2020,0x2020,0x2020,0x2020,0x2020,0x2020,
	0x2020,0x2020,0x2020,0x2020,0x2020,0x2020,0x2020,0x2020,
	0x2020,0x2020,0x2020,0x2020,0x2020,0x2020,0x2020,0x2020,
	0x2020,0x2020,0x2020,0x2020,0x2020,0x2020,0x2020,0x2020,

	0x2020,0x2020,0x2020,0x2020,0x2020,0x2020,0x2020,0x2020,
	0x2020,0x2020,0x2020,0x2020,0x2020,0x2020,0x2020,0x2020,
	0x2020,0x2020,0x2020,0x2020,0x2020,0x2020,0x2020,0x2020,
	0x2020,0x2020,0x2020,0x2020,0x2020,0x2020,0x2020,0x2020,
	0x2020,0x2020,0x2020,0x2020,0x2020,0x2020,0x2020,0x2020,
	0x2020,0x2020,0x2020,0x2020,0x2020,0x2020,0x2020,0x2020,
	0x2020,0x2020,0x2020,0x2020,0x2020,0x2020,0x2020,0x2020,
	0x2020,0x2020,0x2020,0x2020,0x2020,0x2020,0x2020,0x2020,

	0x2020,0x2020,0x2020,0x2020,0x2020,0x2020,0x2020,0x2020,
	0x2020,0x2020,0x2020,0x2020,0x2020,0x2020,0x2020,0x2020,
	0x2020,0x2020,0x2020,0x2020,0x2020,0x2020,0x2020,0x2020,
	0x2020,0x2020,0x2020,0x2020,0x2020,0x2020,0x2020,0x2020,
	0x2020,0x2020,0x2020,0x2020,0x2020,0x2020,0x2020,0x2020,
	0x2020,0x2020,0x2020,0x2020,0x2020,0x2020,0x2020,0x2020,
	0x2020,0x2020,0x2020,0x2020,0x2020,0x2020,0x2020,0x2020,
	0x2020,0x2020,0x2020,0x2020,0x2020,0x2020,0x2020,0x2020,

	0x2020,0x2020,0x2020,0x2020,0x2020,0x2020,0x2020,0x2020,
	0x2020,0x2020,0x2020,0x2020,0x2020,0x2020,0x2020,0x2020,
	0x2020,0x2020,0x2020,0x2020,0x2020,0x2020,0x2020,0x2020,
	0x2020,0x2020,0x2020,0x2020,0x2020,0x2020,0x2020,0x2020,
	0x2020,0x2020,0x2020,0x2020,0x2020,0x2020,0x2020,0x2020,
	0x2020,0x2020,0x2020,0x2020,0x2020,0x2020,0x2020,0x2020,
	0x2020,0x2020,0x2020,0x2020,0x2020,0x2020,0x2020,0x2020,
	0x2020,0x2020,0x2020,0x2020,0x2020,0x2020,0x2020,0x2020,

	0x2020,0x2020,0x2020,0x2020,0x2020,0x2020,0x2020,0x2020,
	0x2020,0x2020,0x2020,0x2020,0x2020,0x2020,0x2020,0x2020,
	0x2020,0x2020,0x2020,0x2020,0x2020,0x2020,0x2020,0x2020,
	0x2020,0x2020,0x2020,0x2020,0x2020,0x2020,0x2020,0x2020,
	0x2020,0x2020,0x2020,0x2020,0x2020,0x2020,0x2020,0x2020,
	0x2020,0x2020,0x2020,0x2020,0x2020,0x2020,0x2020,0x2020,
	0x2020,0x2020,0x2020,0x2020,0x2020,0x2020,0x2020,0x2020,
	0x2020,0x2020,0x2020,0x2020,0x2020,0x2020,0x2020,0x2020,

	0x2020,0x2020,0x2020,0x2020,0x2020,0x2020,0x2020,0x2020,
	0x2020,0x2020,0x2020,0x2020,0x2020,0x2020,0x2020,0x2020,
	0x2020,0x2020,0x2020,0x2020,0x2020,0x2020,0x2020,0x2020,
	0x2020,0x2020,0x2020,0x2020,0x2020,0x2020,0x2020,0x2020,
	0x2020,0x2020,0x2020,0x2020,0x2020,0x2020,0x2020,0x2020,
	0x2020,0x2020,0x2020,0x2020,0x2020,0x2020,0x2020,0x2020,
	0x2020,0x2020,0x2020,0x2020,0x2020,0x2020,0x2020,0x2020,
	0x2020,0x2020,0x2020,0x2020,0x2020,0x2020,0x2020,0x2020,

	0x2020,0x2020,0x2020,0x2020,0x2020,0x2020,0x2020,0x2020,
	0x2020,0x2020,0x2020,0x2020,0x2020,0x2020,0x2020,0x2020,
	0x2020,0x2020,0x2020,0x2020,0x2020,0x2020,0x2020,0x2020,
	0x2020,0x2020,0x2020,0x2020,0x2020,0x2020,0x2020,0x2020,
	0x2020,0x2020,0x2020,0x2020,0x2020,0x2020,0x2020,0x2020,
	0x2020,0x2020,0x2020,0x2020,0x2020,0x2020,0x2020,0x2020,
	0x2020,0x2020,0x2020,0x2020,0x2020,0x2020,0x2020,0x2020,
	0x2020,0x2020,0x2020,0x2020,0x2020,0x2020,0x2020,0x2020,

	0x2020,0x2020,0x2020,0x2020,0x2020,0x2020,0x2020,0x2020,
	0x2020,0x2020,0x2020,0x2020,0x2020,0x2020,0x2020,0x2020,
	0x2020,0x2020,0x2020,0x2020,0x2020,0x2020,0x2020,0x2020,
	0x2020,0x2020,0x2020,0x2020,0x2020,0x2020,0x2020,0x2020,
	0x2020,0x2020,0x2020,0x2020,0x2020,0x2020,0x2020,0x2020,
	0x2020,0x2020,0x2020,0x2020,0x2020,0x2020,0x2020,0x2020,
	0x2020,0x2020,0x2020,0x2020,0x2020,0x2020,0x2020,0x2020,
	0x2020,0x2020,0x2020,0x2020,0x2020,0x2020,0x2020,0x2020,

	0x2020,0x2020,0x2020,0x2020,0x2020,0x2020,0x2020,0x2020,
	0x2020,0x2020,0x2020,0x2020,0x2020,0x2020,0x2020,0x2020,
	0x2020,0x2020,0x2020,0x2020,0x2020,0x2020,0x2020,0x2020,
	0x2020,0x2020,0x2020,0x2020,0x2020,0x2020,0x2020,0x2020,
	0x2020,0x2020,0x2020,0x2020,0x2020,0x2020,0x2020,0x2020,
	0x2020,0x2020,0x2020,0x2020,0x2020,0x2020,0x2020,0x2020,
	0x2020,0x2020,0x2020,0x2020,0x2020,0x2020,0x2020,0x2020,
	0x2020,0x2020,0x2020,0x2020,0x2020,0x2020,0x2020,0x2020,

	0x2020,0x2020,0x2020,0x2020,0x2020,0x2020,0x2020,0x2020,
	0x2020,0x2020,0x2020,0x2020,0x2020,0x2020,0x2020,0x2020,
	0x2020,0x2020,0x2020,0x2020,0x2020,0x2020,0x2020,0x2020,
	0x2020,0x2020,0x2020,0x2020,0x2020,0x2020,0x2020,0x2020,
	0x2020,0x2020,0x2020,0x2020,0x2020,0x2020,0x2020,0x2020,
	0x2020,0x2020,0x2020,0x2020,0x2020,0x2020,0x2020,0x2020,
	0x2020,0x2020,0x2020,0x2020,0x2020,0x2020,0x2020,0x2020,
	0x2020,0x2020,0x2020,0x2020,0x2020,0x2020,0x2020,0x2020,

	0x2020,0x2020,0x2020,0x2020,0x2020,0x2020,0x2020,0x2020,
	0x2020,0x2020,0x2020,0x2020,0x2020,0x2020,0x2020,0x2020,
	0x2020,0x2020,0x2020,0x2020,0x2020,0x2020,0x2020,0x2020,
	0x2020,0x2020,0x2020,0x2020,0x2020,0x2020,0x2020,0x2020,
	0x2020,0x2020,0x2020,0x2020,0x2020,0x2020,0x2020,0x2020,
	0x2020,0x2020,0x2020,0x2020,0x2020,0x2020,0x2020,0x2020,
	0x2020,0x2020,0x2020,0x2020,0x2020,0x2020,0x2020,0x2020,
	0x2020,0x2020,0x2020,0x2020,0x2020,0x2020,0x2020,0x2020,

	0x2020,0x2020,0x2020,0x2020,0x2020,0x2020,0x2020,0x2020,
	0x2020,0x2020,0x2020,0x2020,0x2020,0x2020,0x2020,0x2020,
	0x2020,0x2020,0x2020,0x2020,0x2020,0x2020,0x2020,0x2020,
	0x2020,0x2020,0x2020,0x2020,0x2020,0x2020,0x2020,0x2020,
	0x2020,0x2020,0x2020,0x2020,0x2020,0x2020,0x2020,0x2020,
	0x2020,0x2020,0x2020,0x2020,0x2020,0x2020,0x2020,0x2020,
	0x2020,0x2020,0x2020,0x2020,0x2020,0x2020,0x2020,0x2020,
	0x2020,0x2020,0x2020,0x2020,0x2020,0x2020,0x2020,0x2020,

	0x2020,0x2020,0x2020,0x2020,0x2020,0x2020,0x2020,0x2020,
	0x2020,0x2020,0x2020,0x2020,0x2020,0x2020,0x2020,0x2020,
	0x2020,0x2020,0x2020,0x2020,0x2020,0x2020,0x2020,0x2020,
	0x2020,0x2020,0x2020,0x2020,0x2020,0x2020,0x2020,0x2020,
	0x2020,0x2020,0x2020,0x2020,0x2020,0x2020,0x2020,0x2020,
	0x2020,0x2020,0x2020,0x2020,0x2020,0x2020,0x2020,0x2020,
	0x2020,0x2020,0x2020,0x2020,0x2020,0x2020,0x2020,0x2020,
	0x2020,0x2020,0x2020,0x2020,0x2020,0x2020,0x2020,0x2020,

	0x2020,0x2020,0x2020,0x2020,0x2020,0x2020,0x2020,0x2020,
	0x2020,0x2020,0x2020,0x2020,0x2020,0x2020,0x2020,0x2020,
	0x2020,0x2020,0x2020,0x2020,0x2020,0x2020,0x2020,0x2020,
	0x2020,0x2020,0x2020,0x2020,0x2020,0x2020,0x2020,0x2020,
	0x2020,0x2020,0x2020,0x2020,0x2020,0x2020,0x2020,0x2020,
	0x2020,0x2020,0x2020,0x2020,0x2020,0x2020,0x2020,0x2020,
	0x2020,0x2020,0x2020,0x2020,0x2020,0x2020,0x2020,0x2020,
	0x2020,0x2020,0x2020,0x2020,0x2020,0x2020,0x2020,0x2020,

	0x2020,0x2020,0x2020,0x2020,0x2020,0x2020,0x2020,0x2020,
	0x2020,0x2020,0x2020,0x2020,0x2020,0x2020,0x2020,0x2020,
	0x2020,0x2020,0x2020,0x2020,0x2020,0x2020,0x2020,0x2020,
	0x2020,0x2020,0x2020,0x2020,0x2020,0x2020,0x2020,0x2020,
	0x2020,0x2020,0x2020,0x2020,0x2020,0x2020,0x2020,0x2020,
	0x2020,0x2020,0x2020,0x2020,0x2020,0x2020,0x2020,0x2020,
	0x2020,0x2020,0x2020,0x2020,0x2020,0x2020,0x2020,0x2020,
	0x2020,0x2020,0x2020,0x2020,0x2020,0x2020,0x2020,0x2020,

	0x2020,0x2020,0x2020,0x2020,0x2020,0x2020,0x2020,0x2020,
	0x2020,0x2020,0x2020,0x2020,0x2020,0x2020,0x2020,0x2020,
	0x2020,0x2020,0x2020,0x2020,0x2020,0x2020,0x2020,0x2020,
	0x2020,0x2020,0x2020,0x2020,0x2020,0x2020,0x2020,0x2020,
	0x2020,0x2020,0x2020,0x2020,0x2020,0x2020,0x2020,0x2020,
	0x2020,0x2020,0x2020,0x2020,0x2020,0x2020,0x2020,0x2020,
	0x2020,0x2020,0x2020,0x2020,0x2020,0x2020,0x2020,0x2020,
	0x2020,0x2020,0x2020,0x2020,0x2020,0x2020,0x2020,0x2020,

	0x2020,0x2020,0x2020,0x2020,0x2020,0x2020,0x2020,0x2020,
	0x2020,0x2020,0x2020,0x2020,0x2020,0x2020,0x2020,0x2020,
	0x2020,0x2020,0x2020,0x2020,0x2020,0x2020,0x2020,0x2020,
	0x2020,0x2020,0x2020,0x2020,0x2020,0x2020,0x2020,0x2020,
	0x2020,0x2020,0x2020,0x2020,0x2020,0x2020,0x2020,0x2020,
	0x2020,0x2020,0x2020,0x2020,0x2020,0x2020,0x2020,0x2020,
	0x2020,0x2020,0x2020,0x2020,0x2020,0x2020,0x2020,0x2020,
	0x2020,0x2020,0x2020,0x2020,0x2020,0x2020,0x2020,0x2020,

	0x2020,0x2020,0x2020,0x2020,0x2020,0x2020,0x2020,0x2020,
	0x2020,0x2020,0x2020,0x2020,0x2020,0x2020,0x2020,0x2020,
	0x2020,0x2020,0x2020,0x2020,0x2020,0x2020,0x2020,0x2020,
	0x2020,0x2020,0x2020,0x2020,0x2020,0x2020,0x2020,0x2020,
	0x2020,0x2020,0x2020,0x2020,0x2020,0x2020,0x2020,0x2020,
	0x2020,0x2020,0x2020,0x2020,0x2020,0x2020,0x2020,0x2020,
	0x2020,0x2020,0x2020,0x2020,0x2020,0x2020,0x2020,0x2020,
	0x2020,0x2020,0x2020,0x2020,0x2020,0x2020,0x2020,0x2020,

	0x2020,0x2020,0x2020,0x2020,0x2020,0x2020,0x2020,0x2020,
	0x2020,0x2020,0x2020,0x2020,0x2020,0x2020,0x2020,0x2020,
	0x2020,0x2020,0x2020,0x2020,0x2020,0x2020,0x2020,0x2020,
	0x2020,0x2020,0x2020,0x2020,0x2020,0x2020,0x2020,0x2020,
	0x2020,0x2020,0x2020,0x2020,0x2020,0x2020,0x2020,0x2020,
	0x2020,0x2020,0x2020,0x2020,0x2020,0x2020,0x2020,0x2020,
	0x2020,0x2020,0x2020,0x2020,0x2020,0x2020,0x2020,0x2020,
	0x2020,0x2020,0x2020,0x2020,0x2020,0x2020,0x2020,0x2020,

	0x2020,0x2020,0x2020,0x2020,0x2020,0x2020,0x2020,0x2020,
	0x2020,0x2020,0x2020,0x2020,0x2020,0x2020,0x2020,0x2020,
	0x2020,0x2020,0x2020,0x2020,0x2020,0x2020,0x2020,0x2020,
	0x2020,0x2020,0x2020,0x2020,0x2020,0x2020,0x2020,0x2020,
	0x2020,0x2020,0x2020,0x2020,0x2020,0x2020,0x2020,0x2020,
	0x2020,0x2020,0x2020,0x2020,0x2020,0x2020,0x2020,0x2020,
	0x2020,0x2020,0x2020,0x2020,0x2020,0x2020,0x2020,0x2020,
	0x2020,0x2020,0x2020,0x2020,0x2020,0x2020,0x2020,0x2020,

	0x2020,0x2020,0x2020,0x2020,0x2020,0x2020,0x2020,0x2020,
	0x2020,0x2020,0x2020,0x2020,0x2020,0x2020,0x2020,0x2020,
	0x2020,0x2020,0x2020,0x2020,0x2020,0x2020,0x2020,0x2020,
	0x2020,0x2020,0x2020,0x2020,0x2020,0x2020,0x2020,0x2020,
	0x2020,0x2020,0x2020,0x2020,0x2020,0x2020,0x2020,0x2020,
	0x2020,0x2020,0x2020,0x2020,0x2020,0x2020,0x2020,0x2020,
	0x2020,0x2020,0x2020,0x2020,0x2020,0x2020,0x2020,0x2020,
	0x2020,0x2020,0x2020,0x2020,0x2020,0x2020,0x2020,0x2020,

	0x2020,0x2020,0x2020,0x2020,0x2020,0x2020,0x2020,0x2020,
	0x2020,0x2020,0x2020,0x2020,0x2020,0x2020,0x2020,0x2020,
	0x2020,0x2020,0x2020,0x2020,0x2020,0x2020,0x2020,0x2020,
	0x2020,0x2020,0x2020,0x2020,0x2020,0x2020,0x2020,0x2020,
	0x2020,0x2020,0x2020,0x2020,0x2020,0x2020,0x2020,0x2020,
	0x2020,0x2020,0x2020,0x2020,0x2020,0x2020,0x2020,0x2020,
	0x2020,0x2020,0x2020,0x2020,0x2020,0x2020,0x2020,0x2020,
	0x2020,0x2020,0x2020,0x2020,0x2020,0x2020,0x2020,0x2020,

	0x2020,0x2020,0x2020,0x2020,0x2020,0x2020,0x2020,0x2020,
	0x2020,0x2020,0x2020,0x2020,0x2020,0x2020,0x2020,0x2020,
	0x2020,0x2020,0x2020,0x2020,0x2020,0x2020,0x2020,0x2020,
	0x2020,0x2020,0x2020,0x2020,0x2020,0x2020,0x2020,0x2020,
	0x2020,0x2020,0x2020,0x2020,0x2020,0x2020,0x2020,0x2020,
	0x2020,0x2020,0x2020,0x2020,0x2020,0x2020,0x2020,0x2020,
	0x2020,0x2020,0x2020,0x2020,0x2020,0x2020,0x2020,0x2020,
	0x2020,0x2020,0x2020,0x2020,0x2020,0x2020,0x2020,0x2020,

	0x2020,0x2020,0x2020,0x2020,0x2020,0x2020,0x2020,0x2020,
	0x2020,0x2020,0x2020,0x2020,0x2020,0x2020,0x2020,0x2020,
	0x2020,0x2020,0x2020,0x2020,0x2020,0x2020,0x2020,0x2020,
	0x2020,0x2020,0x2020,0x2020,0x2020,0x2020,0x2020,0x2020,
	0x2020,0x2020,0x2020,0x2020,0x2020,0x2020,0x2020,0x2020,
	0x2020,0x2020,0x2020,0x2020,0x2020,0x2020,0x2020,0x2020,
	0x2020,0x2020,0x2020,0x2020,0x2020,0x2020,0x2020,0x2020,
	0x2020,0x2020,0x2020,0x2020,0x2020,0x2020,0x2020,0x2020,

	0x2020,0x2020,0x2020,0x2020,0x2020,0x2020,0x2020,0x2020,
	0x2020,0x2020,0x2020,0x2020,0x2020,0x2020,0x2020,0x2020,
	0x2020,0x2020,0x2020,0x2020,0x2020,0x2020,0x2020,0x2020,
	0x2020,0x2020,0x2020,0x2020,0x2020,0x2020,0x2020,0x2020,
	0x2020,0x2020,0x2020,0x2020,0x2020,0x2020,0x2020,0x2020,
	0x2020,0x2020,0x2020,0x2020,0x2020,0x2020,0x2020,0x2020,
	0x2020,0x2020,0x2020,0x2020,0x2020,0x2020,0x2020,0x2020,
	0x2020,0x2020,0x2020,0x2020,0x2020,0x2020,0x2020,0x2020,

	0x2020,0x2020,0x2020,0x2020,0x2020,0x2020,0x2020,0x2020,
	0x2020,0x2020,0x2020,0x2020,0x2020,0x2020,0x2020,0x2020,
	0x2020,0x2020,0x2020,0x2020,0x2020,0x2020,0x2020,0x2020,
	0x2020,0x2020,0x2020,0x2020,0x2020,0x2020,0x2020,0x2020,
	0x2020,0x2020,0x2020,0x2020,0x2020,0x2020,0x2020,0x2020,
	0x2020,0x2020,0x2020,0x2020,0x2020,0x2020,0x2020,0x2020,
	0x2020,0x2020,0x2020,0x2020,0x2020,0x2020,0x2020,0x2020,
	0x2020,0x2020,0x2020,0x2020,0x2020,0x2020,0x2020,0x2020,

	0x2020,0x2020,0x2020,0x2020,0x2020,0x2020,0x2020,0x2020,
	0x2020,0x2020,0x2020,0x2020,0x2020,0x2020,0x2020,0x2020,
	0x2020,0x2020,0x2020,0x2020,0x2020,0x2020,0x2020,0x2020,
	0x2020,0x2020,0x2020,0x2020,0x2020,0x2020,0x2020,0x2020,
	0x2020,0x2020,0x2020,0x2020,0x2020,0x2020,0x2020,0x2020,
	0x2020,0x2020,0x2020,0x2020,0x2020,0x2020,0x2020,0x2020,
	0x2020,0x2020,0x2020,0x2020,0x2020,0x2020,0x2020,0x2020,
	0x2020,0x2020,0x2020,0x2020,0x2020,0x2020,0x2020,0x2020,

	0x2020,0x2020,0x2020,0x2020,0x2020,0x2020,0x2020,0x2020,
	0x2020,0x2020,0x2020,0x2020,0x2020,0x2020,0x2020,0x2020,
	0x2020,0x2020,0x2020,0x2020,0x2020,0x2020,0x2020,0x2020,
	0x2020,0x2020,0x2020,0x2020,0x2020,0x2020,0x2020,0x2020,
	0x2020,0x2020,0x2020,0x2020,0x2020,0x2020,0x2020,0x2020,
	0x2020,0x2020,0x2020,0x2020,0x2020,0x2020,0x2020,0x2020,
	0x2020,0x2020,0x2020,0x2020,0x2020,0x2020,0x2020,0x2020,
	0x2020,0x2020,0x2020,0x2020,0x2020,0x2020,0x2020,0x2020,

	0x2020,0x2020,0x2020,0x2020,0x2020,0x2020,0x2020,0x2020,
	0x2020,0x2020,0x2020,0x2020,0x2020,0x2020,0x2020,0x2020,
	0x2020,0x2020,0x2020,0x2020,0x2020,0x2020,0x2020,0x2020,
	0x2020,0x2020,0x2020,0x2020,0x2020,0x2020,0x2020,0x2020,
	0x2020,0x2020,0x2020,0x2020,0x2020,0x2020,0x2020,0x2020,
	0x2020,0x2020,0x2020,0x2020,0x2020,0x2020,0x2020,0x2020,
	0x2020,0x2020,0x2020,0x2020,0x2020,0x2020,0x2020,0x2020,
	0x2020,0x2020,0x2020,0x2020,0x2020,0x2020,0x2020,0x2020,

	0x2020,0x2020,0x2020,0x2020,0x2020,0x2020,0x2020,0x2020,
	0x2020,0x2020,0x2020,0x2020,0x2020,0x2020,0x2020,0x2020,
	0x2020,0x2020,0x2020,0x2020,0x2020,0x2020,0x2020,0x2020,
	0x2020,0x2020,0x2020,0x2020,0x2020,0x2020,0x2020,0x2020,
	0x2020,0x2020,0x2020,0x2020,0x2020,0x2020,0x2020,0x2020,
	0x2020,0x2020,0x2020,0x2020,0x2020,0x2020,0x2020,0x2020,
	0x2020,0x2020,0x2020,0x2020,0x2020,0x2020,0x2020,0x2020,
	0x2020,0x2020,0x2020,0x2020,0x2020,0x2020,0x2020,0x2020,

	0x2020,0x2020,0x2020,0x2020,0x2020,0x2020,0x2020,0x2020,
	0x2020,0x2020,0x2020,0x2020,0x2020,0x2020,0x2020,0x2020,
	0x2020,0x2020,0x2020,0x2020,0x2020,0x2020,0x2020,0x2020,
	0x2020,0x2020,0x2020,0x2020,0x2020,0x2020,0x2020,0x2020,
	0x2020,0x2020,0x2020,0x2020,0x2020,0x2020,0x2020,0x2020,
	0x2020,0x2020,0x2020,0x2020,0x2020,0x2020,0x2020,0x2020,
	0x2020,0x2020,0x2020,0x2020,0x2020,0x2020,0x2020,0x2020,
	0x2020,0x2020,0x2020,0x2020,0x2020,0x2020,0x2020,0x2020,

	0x2020,0x2020,0x2020,0x2020,0x2020,0x2020,0x2020,0x2020,
	0x2020,0x2020,0x2020,0x2020,0x2020,0x2020,0x2020,0x2020,
	0x2020,0x2020,0x2020,0x2020,0x2020,0x2020,0x2020,0x2020,
	0x2020,0x2020,0x2020,0x2020,0x2020,0x2020,0x2020,0x2020,
	0x2020,0x2020,0x2020,0x2020,0x2020,0x2020,0x2020,0x2020,
	0x2020,0x2020,0x2020,0x2020,0x2020,0x2020,0x2020,0x2020,
	0x2020,0x2020,0x2020,0x2020,0x2020,0x2020,0x2020,0x2020,
	0x2020,0x2020,0x2020,0x2020,0x2020,0x2020,0x2020,0x2020,

	0x2020,0x2020,0x2020,0x2020,0x2020,0x2020,0x2020,0x2020,
	0x2020,0x2020,0x2020,0x2020,0x2020,0x2020,0x2020,0x2020,
	0x2020,0x2020,0x2020,0x2020,0x2020,0x2020,0x2020,0x2020,
	0x2020,0x2020,0x2020,0x2020,0x2020,0x2020,0x2020,0x2020,
	0x2020,0x2020,0x2020,0x2020,0x2020,0x2020,0x2020,0x2020,
	0x2020,0x2020,0x2020,0x2020,0x2020,0x2020,0x2020,0x2020,
	0x2020,0x2020,0x2020,0x2020,0x2020,0x2020,0x2020,0x2020,
	0x2020,0x2020,0x2020,0x2020,0x2020,0x2020,0x2020,0x2020,

	0x2020,0x2020,0x2020,0x2020,0x2020,0x2020,0x2020,0x2020,
	0x2020,0x2020,0x2020,0x2020,0x2020,0x2020,0x2020,0x2020,
	0x2020,0x2020,0x2020,0x2020,0x2020,0x2020,0x2020,0x2020,
	0x2020,0x2020,0x2020,0x2020,0x2020,0x2020,0x2020,0x2020,
	0x2020,0x2020,0x2020,0x2020,0x2020,0x2020,0x2020,0x2020,
	0x2020,0x2020,0x2020,0x2020,0x2020,0x2020,0x2020,0x2020,
	0x2020,0x2020,0x2020,0x2020,0x2020,0x2020,0x2020,0x2020,
	0x2020,0x2020,0x2020,0x2020,0x2020,0x2020,0x2020,0x2020,

	0x2020,0x2020,0x2020,0x2020,0x2020,0x2020,0x2020,0x2020,
	0x2020,0x2020,0x2020,0x2020,0x2020,0x2020,0x2020,0x2020,
	0x2020,0x2020,0x2020,0x2020,0x2020,0x2020,0x2020,0x2020,
	0x2020,0x2020,0x2020,0x2020,0x2020,0x2020,0x2020,0x2020,
	0x2020,0x2020,0x2020,0x2020,0x2020,0x2020,0x2020,0x2020,
	0x2020,0x2020,0x2020,0x2020,0x2020,0x2020,0x2020,0x2020,
	0x2020,0x2020,0x2020,0x2020,0x2020,0x2020,0x2020,0x2020,
	0x2020,0x2020,0x2020,0x2020,0x2020,0x2020,0x2020,0x2020,

	0x2020,0x2020,0x2020,0x2020,0x2020,0x2020,0x2020,0x2020,
	0x2020,0x2020,0x2020,0x2020,0x2020,0x2020,0x2020,0x2020,
	0x2020,0x2020,0x2020,0x2020,0x2020,0x2020,0x2020,0x2020,
	0x2020,0x2020,0x2020,0x2020,0x2020,0x2020,0x2020,0x2020,
	0x2020,0x2020,0x2020,0x2020,0x2020,0x2020,0x2020,0x2020,
	0x2020,0x2020,0x2020,0x2020,0x2020,0x2020,0x2020,0x2020,
	0x2020,0x2020,0x2020,0x2020,0x2020,0x2020,0x2020,0x2828,
	0x2020,0x2020,0x2020,0x2828,0x2020,0x2020,0x2020,0x2828,

	0x2020,0x2020,0x2020,0x2020,0x2020,0x2020,0x2020,0x2020,
	0x2020,0x2020,0x2020,0x2020,0x2020,0x2020,0x282C,0x2C2C,
	0x2020,0x2020,0x2C2C,0x2C26,0x2828,0x2828,0x2228,0x242E,
	0x2828,0x2828,0x2E2C,0x2424,0x2828,0x262C,0x242E,0x2424,
	0x2020,0x2020,0x2020,0x2020,0x2020,0x2020,0x2020,0x2020,
	0x2020,0x2020,0x2020,0x2020,0x2C2C,0x2C2C,0x2C2C,0x282C,
	0x2C2C,0x2C2C,0x2C2C,0x282C,0x2424,0x2424,0x2E24,0x2822,
	0x2424,0x2424,0x2424,0x262E,0x2424,0x2424,0x2424,0x2424,

	0x2020,0x2020,0x2020,0x2020,0x2020,0x2020,0x2020,0x2020,
	0x2020,0x2020,0x2020,0x2020,0x202A,0x2020,0x2020,0x2020,
	0x2828,0x2021,0x2020,0x2020,0x2828,0x2828,0x2A28,0x2020,
	0x2C2C,0x2C2C,0x282C,0x2028,0x2424,0x2E24,0x2C22,0x2028,
	0x2020,0x2020,0x2020,0x2020,0x2020,0x2020,0x2020,0x2020,
	0x2020,0x2020,0x2020,0x2020,0x2020,0x2020,0x2020,0x2020,
	0x2020,0x2020,0x2020,0x2020,0x2020,0x2020,0x2020,0x2020,
	0x2020,0x2020,0x2020,0x2020,0x2020,0x2020,0x2020,0x2020,

	0x2020,0x2020,0x2020,0x2020,0x2020,0x2020,0x2020,0x2020,
	0x2020,0x2020,0x2020,0x2020,0x2020,0x2020,0x2020,0x2020,
	0x2020,0x2020,0x2020,0x2020,0x2020,0x2020,0x2020,0x2020,
	0x2020,0x2020,0x2020,0x2020,0x2020,0x2020,0x2020,0x2020,
	0x2020,0x2020,0x2020,0x2020,0x2020,0x2020,0x2020,0x2020,
	0x2020,0x2020,0x2020,0x2020,0x2020,0x2020,0x2020,0x2020,
	0x2020,0x2020,0x2020,0x2020,0x2020,0x2020,0x2020,0x2020,
	0x2020,0x2020,0x2020,0x2020,0x2020,0x2020,0x2020,0x2020,

	0x2020,0x2020,0x2020,0x2020,0x2020,0x2020,0x2020,0x2020,
	0x2020,0x2020,0x2020,0x2020,0x2020,0x2020,0x2020,0x2020,
	0x2020,0x2020,0x2020,0x2020,0x2020,0x2020,0x2020,0x2020,
	0x2020,0x2020,0x2020,0x2020,0x2020,0x2020,0x2020,0x2020,
	0x2020,0x2020,0x2020,0x2020,0x2020,0x2020,0x2020,0x2020,
	0x2020,0x2020,0x2020,0x2020,0x2020,0x2020,0x2020,0x2020,
	0x2020,0x2020,0x2020,0x2020,0x2020,0x2020,0x2020,0x2020,
	0x2020,0x2020,0x2020,0x2020,0x2020,0x2020,0x2020,0x2020,

	0x2020,0x2020,0x2020,0x2020,0x2020,0x2020,0x2020,0x2020,
	0x2020,0x2020,0x2020,0x2020,0x2020,0x2020,0x2020,0x2020,
	0x2020,0x2020,0x2020,0x2020,0x2020,0x2020,0x2020,0x2020,
	0x2020,0x2020,0x2020,0x2020,0x2020,0x2020,0x2020,0x2020,
	0x2020,0x2020,0x2020,0x2020,0x2020,0x2020,0x2020,0x2020,
	0x2020,0x2020,0x2020,0x2020,0x2020,0x2020,0x2020,0x2020,
	0x2020,0x2020,0x2020,0x2020,0x2020,0x2020,0x2020,0x2020,
	0x2020,0x2020,0x2020,0x2020,0x2020,0x2020,0x2020,0x2020,

	0x2020,0x2020,0x2020,0x2020,0x2020,0x2020,0x2020,0x2020,
	0x2020,0x2020,0x2020,0x2020,0x2020,0x2020,0x2020,0x2020,
	0x2020,0x2020,0x2020,0x2020,0x2020,0x2020,0x2020,0x2020,
	0x2020,0x2020,0x2020,0x2020,0x2020,0x2020,0x2020,0x2020,
	0x2020,0x2020,0x2020,0x2020,0x2020,0x2020,0x2020,0x2020,
	0x2020,0x2020,0x2020,0x2020,0x2020,0x2020,0x2020,0x2020,
	0x2020,0x2020,0x2020,0x2020,0x2020,0x2020,0x2020,0x2020,
	0x2020,0x2020,0x2020,0x2020,0x2020,0x2020,0x2020,0x2020,

	0x2020,0x2020,0x2020,0x2020,0x2020,0x2020,0x2020,0x2020,
	0x2020,0x2020,0x2020,0x2020,0x2020,0x2020,0x2020,0x2020,
	0x2020,0x2020,0x2020,0x2020,0x2020,0x2020,0x2020,0x2020,
	0x2020,0x2020,0x2020,0x2020,0x2020,0x2020,0x2020,0x2020,
	0x2020,0x2020,0x2020,0x2020,0x2020,0x2020,0x2020,0x2020,
	0x2020,0x2020,0x2020,0x2020,0x2020,0x2020,0x2020,0x2020,
	0x2020,0x2020,0x2020,0x2020,0x2020,0x2020,0x2020,0x2020,
	0x2020,0x2020,0x2020,0x2020,0x2020,0x2020,0x2020,0x2020,

	0x2020,0x2020,0x2020,0x2020,0x2020,0x2020,0x2020,0x2020,
	0x2020,0x2020,0x2020,0x2020,0x2020,0x2020,0x2020,0x2020,
	0x2020,0x2020,0x2020,0x2020,0x2020,0x2020,0x2020,0x2020,
	0x2020,0x2020,0x2020,0x2020,0x2020,0x2020,0x2020,0x2020,
	0x2020,0x2020,0x2020,0x2020,0x2020,0x2020,0x2020,0x2020,
	0x2020,0x2020,0x2020,0x2020,0x2020,0x2020,0x2020,0x2020,
	0x2020,0x2020,0x2020,0x2020,0x2020,0x2020,0x2020,0x2020,
	0x2020,0x2020,0x2020,0x2020,0x2020,0x2020,0x2020,0x2020,

	0x2020,0x2020,0x2020,0x2020,0x2020,0x2020,0x2020,0x2020,
	0x2020,0x2020,0x2020,0x2020,0x2020,0x2020,0x2020,0x2020,
	0x2020,0x2020,0x2020,0x2020,0x2020,0x2020,0x2020,0x2020,
	0x2020,0x2020,0x2020,0x2020,0x2020,0x2020,0x2020,0x2020,
	0x2020,0x2020,0x2020,0x2020,0x2020,0x2020,0x2020,0x2020,
	0x2020,0x2020,0x2020,0x2020,0x2020,0x2020,0x2020,0x2020,
	0x2020,0x2020,0x2020,0x2020,0x2020,0x2020,0x2020,0x2020,
	0x2020,0x2020,0x2020,0x2020,0x2020,0x2020,0x2020,0x2020,

	0x2020,0x2020,0x2020,0x2020,0x2020,0x2020,0x2020,0x2020,
	0x2020,0x2020,0x2020,0x2020,0x2020,0x2020,0x2020,0x2020,
	0x2020,0x2020,0x2020,0x2020,0x2020,0x2020,0x2020,0x2020,
	0x2020,0x2020,0x2020,0x2020,0x2020,0x2020,0x2020,0x2020,
	0x2020,0x2020,0x2020,0x2020,0x2020,0x2020,0x2020,0x2020,
	0x2020,0x2020,0x2020,0x2020,0x2020,0x2020,0x2020,0x2020,
	0x2020,0x2020,0x2020,0x2020,0x2020,0x2020,0x2020,0x2020,
	0x2020,0x2020,0x2020,0x2020,0x2020,0x2020,0x2020,0x2020,

	0x2020,0x2020,0x2020,0x2020,0x2020,0x2020,0x2020,0x2020,
	0x2020,0x2020,0x2020,0x2020,0x2020,0x2020,0x2020,0x2020,
	0x2020,0x2020,0x2020,0x2020,0x2020,0x2020,0x2020,0x2020,
	0x2020,0x2020,0x2020,0x2020,0x2020,0x2020,0x2020,0x2020,
	0x2020,0x2020,0x2020,0x2020,0x2020,0x2020,0x2020,0x2020,
	0x2020,0x2020,0x2020,0x2020,0x2020,0x2020,0x2020,0x2020,
	0x2020,0x2020,0x2020,0x2020,0x2020,0x2020,0x2020,0x2020,
	0x2020,0x2020,0x2020,0x2020,0x2020,0x2020,0x2020,0x2020,

	0x2020,0x2020,0x2020,0x2020,0x2020,0x2020,0x2020,0x2020,
	0x2020,0x2020,0x2020,0x2020,0x2020,0x2020,0x2020,0x2020,
	0x2020,0x2020,0x2020,0x2020,0x2020,0x2020,0x2020,0x2020,
	0x2020,0x2020,0x2020,0x2020,0x2020,0x2020,0x2020,0x2020,
	0x2020,0x2020,0x2020,0x2020,0x2020,0x2020,0x2020,0x2020,
	0x2020,0x2020,0x2020,0x2020,0x2020,0x2020,0x2020,0x2020,
	0x2020,0x2020,0x2020,0x2020,0x2020,0x2020,0x2020,0x2020,
	0x2020,0x2020,0x2020,0x2020,0x2020,0x2020,0x2020,0x2020,

	0x2020,0x2020,0x2020,0x2020,0x2020,0x2020,0x2020,0x2020,
	0x2020,0x2020,0x2020,0x2020,0x2020,0x2020,0x2020,0x2020,
	0x2020,0x2020,0x2020,0x2020,0x2020,0x2020,0x2020,0x2020,
	0x2020,0x2020,0x2020,0x2020,0x2020,0x2020,0x2020,0x2020,
	0x2020,0x2020,0x202F,0x2020,0x2020,0x2020,0x2F2F,0x2020,
	0x2020,0x2F20,0x2B2F,0x2020,0x2020,0x2F2F,0x2F2B,0x2020,
	0x2F20,0x2F2F,0x2F2B,0x2F2F,0x2020,0x2B2B,0x2B2B,0x2F2F,
	0x2020,0x2F20,0x2F2B,0x202F,0x2020,0x2F20,0x2F2F,0x202F,

	0x2020,0x2020,0x2020,0x2020,0x2020,0x2020,0x2020,0x2020,
	0x2020,0x2020,0x2020,0x2020,0x2020,0x2020,0x2020,0x2020,
	0x2020,0x2020,0x2020,0x2020,0x2020,0x2020,0x2020,0x2020,
	0x2020,0x2020,0x2020,0x2020,0x2020,0x2020,0x2020,0x2020,
	0x2020,0x2020,0x2020,0x2020,0x2020,0x2020,0x2020,0x2020,
	0x2020,0x2020,0x2020,0x2020,0x2020,0x2020,0x2020,0x2020,
	0x2020,0x2020,0x2020,0x2020,0x2020,0x2020,0x2020,0x2020,
	0x2020,0x2020,0x2020,0x2020,0x2020,0x2020,0x2020,0x2020,

	0x2020,0x2020,0x2020,0x2020,0x2020,0x2020,0x2020,0x2020,
	0x2020,0x2020,0x2020,0x2020,0x2020,0x2020,0x2020,0x2020,
	0x2020,0x2020,0x2020,0x2020,0x2020,0x2020,0x2020,0x2020,
	0x2020,0x2020,0x2020,0x2020,0x2020,0x2020,0x2020,0x2020,
	0x2020,0x2020,0x2020,0x2020,0x2020,0x2020,0x2020,0x2C20,
	0x2020,0x2020,0x2C20,0x2C2C,0x2020,0x2020,0x2C2C,0x2C2C,
	0x2020,0x2C2C,0x2C2C,0x2C2C,0x2020,0x2C2C,0x2C2C,0x2226,
	0x2020,0x2C2C,0x222C,0x242E,0x2C2C,0x2C2C,0x222C,0x2424,

	0x2C20,0x2C2C,0x2C2C,0x2C2C,0x2C2C,0x2C2C,0x262C,0x2226,
	0x2C2C,0x2C2C,0x2E22,0x2E2E,0x262C,0x2222,0x242E,0x2424,
	0x2E22,0x2424,0x2424,0x2424,0x242E,0x2424,0x2424,0x2424,
	0x2424,0x2424,0x2424,0x2424,0x2424,0x2424,0x2424,0x2424,
	0x2C2C,0x2C2C,0x202C,0x2020,0x2222,0x2626,0x2222,0x2C26,
	0x2E24,0x2E2E,0x2E2E,0x2C22,0x2424,0x2424,0x2E24,0x2C22,
	0x2424,0x2424,0x2424,0x2C22,0x2424,0x2424,0x2424,0x2E24,
	0x2424,0x2424,0x2424,0x2424,0x2424,0x2424,0x2424,0x2424,

	0x2020,0x2020,0x2020,0x2020,0x202C,0x2020,0x2020,0x2020,
	0x2C2C,0x202C,0x2020,0x2020,0x2C2C,0x2C2C,0x2020,0x2020,
	0x2C2C,0x2C2C,0x2020,0x2020,0x292E,0x2C2D,0x2020,0x2020,
	0x2624,0x2D2B,0x2C2C,0x2020,0x2224,0x2B2D,0x2C2C,0x2020,
	0x2020,0x2020,0x2020,0x2020,0x2020,0x2020,0x2020,0x2020,
	0x2020,0x2020,0x2020,0x2020,0x2020,0x2020,0x2020,0x2020,
	0x2020,0x2020,0x2020,0x2020,0x2020,0x2020,0x2020,0x2020,
	0x2020,0x2020,0x2020,0x2020,0x2020,0x2020,0x2020,0x2020,

	0x2020,0x2020,0x2020,0x2020,0x2020,0x2020,0x2020,0x2020,
	0x2020,0x2020,0x2020,0x2020,0x2020,0x2020,0x2020,0x2020,
	0x2020,0x2020,0x2020,0x2020,0x2020,0x2020,0x2020,0x2020,
	0x2020,0x2020,0x2020,0x2020,0x2020,0x2020,0x2020,0x2020,
	0x2020,0x2020,0x2020,0x2020,0x2020,0x2020,0x2020,0x2020,
	0x2020,0x2020,0x2020,0x2020,0x2020,0x2020,0x2020,0x2020,
	0x2020,0x2020,0x2020,0x2020,0x2020,0x2020,0x2020,0x2020,
	0x2020,0x2020,0x2020,0x2020,0x2020,0x2020,0x2020,0x2020,

	0x2020,0x2020,0x2020,0x2020,0x2020,0x2020,0x2020,0x2020,
	0x2020,0x2020,0x2020,0x2020,0x2020,0x2020,0x2020,0x2020,
	0x2020,0x2020,0x2020,0x2020,0x2020,0x2020,0x2020,0x2020,
	0x2020,0x2020,0x2020,0x2020,0x2020,0x2020,0x2020,0x2020,
	0x2020,0x2020,0x2020,0x2020,0x2020,0x2020,0x2020,0x2020,
	0x2020,0x2020,0x2020,0x2020,0x2020,0x2020,0x2020,0x2020,
	0x2020,0x2020,0x2020,0x2020,0x2020,0x2020,0x2020,0x2020,
	0x2020,0x2020,0x2020,0x2020,0x2020,0x2020,0x2020,0x2020,

	0x2020,0x2020,0x2020,0x2020,0x2020,0x2020,0x2020,0x2020,
	0x2020,0x2020,0x2020,0x2020,0x2020,0x2020,0x2020,0x2020,
	0x2020,0x2020,0x2020,0x2020,0x2020,0x2020,0x2020,0x2020,
	0x2020,0x2020,0x2020,0x2020,0x2020,0x2020,0x2020,0x2020,
	0x2020,0x2020,0x2020,0x2020,0x2020,0x2020,0x2020,0x2020,
	0x2020,0x2020,0x2020,0x2020,0x2020,0x2020,0x2020,0x2020,
	0x2020,0x2020,0x2020,0x2020,0x2020,0x2020,0x2020,0x2020,
	0x2020,0x2020,0x2020,0x2020,0x2020,0x2020,0x2020,0x2020,

	0x2020,0x2020,0x2020,0x2020,0x2020,0x2020,0x2020,0x2020,
	0x2020,0x2020,0x2020,0x2020,0x2020,0x2020,0x2020,0x2020,
	0x2020,0x2020,0x2020,0x2020,0x2020,0x2020,0x2020,0x2020,
	0x2020,0x2020,0x2020,0x2020,0x2020,0x2020,0x2020,0x2020,
	0x2020,0x2020,0x2020,0x2020,0x2020,0x2020,0x2020,0x2020,
	0x2020,0x2020,0x2020,0x2020,0x2020,0x2020,0x2020,0x2020,
	0x2020,0x2020,0x2020,0x2020,0x2020,0x2020,0x2020,0x2020,
	0x2020,0x2020,0x2020,0x2020,0x2020,0x2020,0x2020,0x2020,

	0x2020,0x2020,0x2020,0x2020,0x2020,0x2020,0x2020,0x2020,
	0x2020,0x2020,0x2020,0x2020,0x2020,0x2020,0x2020,0x2020,
	0x2020,0x2020,0x2020,0x2020,0x2020,0x2020,0x2020,0x2020,
	0x2020,0x2020,0x2020,0x2020,0x2020,0x2020,0x2020,0x2020,
	0x2020,0x2020,0x2020,0x2020,0x2020,0x2020,0x2020,0x2020,
	0x2020,0x2020,0x2020,0x2020,0x2020,0x2020,0x2020,0x2020,
	0x2020,0x2020,0x2020,0x2020,0x2020,0x2020,0x2020,0x2020,
	0x2020,0x2020,0x2020,0x2020,0x2020,0x2020,0x2020,0x2020,

	0x2020,0x2020,0x2020,0x2020,0x2020,0x2020,0x2020,0x2020,
	0x2020,0x2020,0x2020,0x2020,0x2020,0x2020,0x2020,0x2020,
	0x2020,0x2020,0x2020,0x2020,0x2020,0x2020,0x2020,0x2020,
	0x2020,0x2020,0x2020,0x2020,0x2020,0x2020,0x2020,0x2020,
	0x2020,0x2020,0x2020,0x2020,0x2020,0x2020,0x2020,0x2020,
	0x2020,0x2020,0x2020,0x2020,0x2020,0x2020,0x2020,0x2020,
	0x2020,0x2020,0x2020,0x2020,0x2020,0x2020,0x2020,0x2020,
	0x2020,0x2020,0x2020,0x2020,0x2020,0x2020,0x2020,0x2020,

	0x2020,0x2020,0x2020,0x2020,0x2020,0x2020,0x2020,0x2020,
	0x2020,0x2020,0x2020,0x2020,0x2020,0x2020,0x2020,0x2020,
	0x2020,0x2020,0x2020,0x2020,0x2020,0x2020,0x2020,0x2020,
	0x2020,0x2020,0x2020,0x2020,0x2020,0x2020,0x2020,0x2020,
	0x2020,0x2020,0x2020,0x2020,0x2020,0x2020,0x2020,0x2020,
	0x2020,0x2020,0x2020,0x2020,0x2020,0x2020,0x2020,0x2020,
	0x2020,0x2020,0x2020,0x2020,0x2020,0x2020,0x2020,0x2020,
	0x2020,0x2020,0x2020,0x2020,0x2020,0x2020,0x2020,0x2020,

	0x2020,0x2020,0x2020,0x2020,0x2020,0x2020,0x2020,0x2020,
	0x2020,0x2020,0x2020,0x2020,0x2020,0x2020,0x2020,0x2020,
	0x2020,0x2020,0x2020,0x2020,0x2020,0x2020,0x2020,0x2020,
	0x2020,0x2020,0x2020,0x2020,0x2020,0x2020,0x2020,0x2020,
	0x2020,0x2020,0x2020,0x2020,0x2020,0x2020,0x2020,0x2020,
	0x2020,0x2020,0x2020,0x2020,0x2020,0x2020,0x2020,0x2020,
	0x2020,0x2020,0x2020,0x2020,0x2020,0x2020,0x2020,0x2020,
	0x2020,0x2020,0x2020,0x2020,0x2020,0x2020,0x2020,0x2020,

	0x2020,0x2020,0x2020,0x2020,0x2020,0x2020,0x2020,0x2020,
	0x2020,0x2020,0x2020,0x2020,0x2020,0x2020,0x2020,0x2020,
	0x2020,0x2020,0x2020,0x2020,0x2020,0x2020,0x2020,0x2020,
	0x2020,0x2020,0x2020,0x2020,0x2020,0x2020,0x2020,0x2020,
	0x2020,0x2020,0x2020,0x2020,0x2020,0x2020,0x2020,0x2020,
	0x2020,0x2020,0x2020,0x2020,0x2020,0x2020,0x2020,0x2020,
	0x2020,0x2020,0x2020,0x2020,0x2020,0x2020,0x2020,0x2020,
	0x2020,0x2020,0x2020,0x2020,0x2020,0x2020,0x2020,0x2020,

	0x2020,0x2020,0x2020,0x2020,0x2020,0x2020,0x2020,0x2020,
	0x2020,0x2020,0x2020,0x2020,0x2020,0x2020,0x2020,0x2020,
	0x2020,0x2020,0x2020,0x2020,0x2020,0x2020,0x2020,0x2020,
	0x2020,0x2020,0x2020,0x2020,0x2020,0x2020,0x2020,0x2020,
	0x2020,0x2020,0x2020,0x2020,0x2020,0x2020,0x2020,0x2020,
	0x2020,0x2020,0x2020,0x2020,0x2020,0x2020,0x2020,0x2020,
	0x2020,0x2020,0x2020,0x2020,0x2020,0x2020,0x2020,0x2020,
	0x2020,0x2020,0x2020,0x2020,0x2020,0x2020,0x2020,0x2020,

	0x2020,0x2020,0x2020,0x2020,0x2020,0x2020,0x2020,0x2020,
	0x2020,0x2020,0x2020,0x2020,0x2020,0x2020,0x2020,0x2020,
	0x2020,0x2020,0x2020,0x2020,0x2020,0x2020,0x2020,0x2020,
	0x2020,0x2020,0x2020,0x2020,0x2020,0x2020,0x2020,0x2020,
	0x2020,0x2020,0x2020,0x2020,0x2020,0x2020,0x2020,0x2020,
	0x2020,0x2020,0x2020,0x2020,0x2020,0x2020,0x2020,0x2020,
	0x2020,0x2020,0x2020,0x2020,0x2020,0x2020,0x2020,0x2020,
	0x2020,0x2020,0x2020,0x2020,0x2020,0x2020,0x2020,0x2020,

	0x2020,0x2020,0x2020,0x2020,0x2020,0x2020,0x2020,0x2020,
	0x2020,0x2020,0x2020,0x2020,0x2020,0x2020,0x2020,0x2020,
	0x2020,0x2020,0x2020,0x2020,0x2020,0x2020,0x2020,0x2020,
	0x2020,0x2020,0x2020,0x2020,0x2020,0x2020,0x2020,0x2020,
	0x2020,0x2020,0x2020,0x2020,0x2020,0x2020,0x2020,0x2020,
	0x2020,0x2020,0x2020,0x2020,0x2020,0x2020,0x2020,0x2020,
	0x2020,0x2020,0x2020,0x2020,0x2020,0x2020,0x2020,0x2020,
	0x2020,0x2020,0x2020,0x2020,0x2020,0x2020,0x2020,0x2020,

	0x2020,0x2020,0x2020,0x2020,0x2020,0x2020,0x2020,0x2020,
	0x2020,0x2020,0x2020,0x2020,0x2020,0x2020,0x2020,0x2020,
	0x2020,0x2020,0x2020,0x2020,0x2020,0x2020,0x2020,0x2020,
	0x2020,0x2020,0x2020,0x2020,0x2020,0x2020,0x2020,0x2020,
	0x2020,0x2020,0x2020,0x2020,0x2020,0x2020,0x2020,0x2020,
	0x2020,0x2020,0x2020,0x2020,0x2020,0x2020,0x2020,0x2020,
	0x2020,0x2020,0x2020,0x2020,0x2020,0x2020,0x2020,0x2020,
	0x2020,0x2020,0x2020,0x2020,0x2020,0x2020,0x2020,0x2020,

	0x2020,0x2020,0x2020,0x2020,0x2020,0x2020,0x2020,0x2020,
	0x2020,0x2020,0x2020,0x2020,0x2020,0x2020,0x2020,0x2020,
	0x2020,0x2020,0x2020,0x2020,0x2020,0x2020,0x2020,0x2020,
	0x2020,0x2020,0x2020,0x2020,0x2020,0x2020,0x2020,0x2020,
	0x2020,0x2020,0x2020,0x2020,0x2020,0x2020,0x2020,0x2020,
	0x2020,0x2020,0x2020,0x2020,0x2020,0x2020,0x2020,0x2020,
	0x2020,0x2020,0x2020,0x2020,0x2020,0x2020,0x2020,0x2020,
	0x2020,0x2020,0x2020,0x2020,0x2020,0x2020,0x2020,0x2020,

	0x2020,0x2020,0x2020,0x2020,0x2020,0x2020,0x2020,0x2020,
	0x2020,0x2020,0x2020,0x2020,0x2020,0x2020,0x2020,0x2020,
	0x2020,0x2020,0x2020,0x2020,0x2020,0x2020,0x2020,0x2020,
	0x2020,0x2020,0x2020,0x2020,0x2020,0x2020,0x2020,0x2020,
	0x2020,0x2020,0x2020,0x2C28,0x2020,0x2120,0x2828,0x2228,
	0x2020,0x2820,0x2828,0x222C,0x2020,0x2828,0x2828,0x2E2C,
	0x2020,0x2828,0x2828,0x2426,0x2020,0x2828,0x2C2C,0x2422,
	0x2020,0x2C28,0x2222,0x242E,0x2020,0x2C28,0x242E,0x2424,

	0x2226,0x242E,0x2424,0x2424,0x2424,0x2424,0x2424,0x2424,
	0x2424,0x2424,0x2424,0x2424,0x2424,0x2424,0x2424,0x2424,
	0x2424,0x2424,0x2424,0x2424,0x2424,0x2424,0x2424,0x2424,
	0x2424,0x2424,0x2424,0x2424,0x2424,0x2424,0x2424,0x2424,
	0x2424,0x2424,0x2424,0x2424,0x2424,0x2424,0x2424,0x2424,
	0x2424,0x2424,0x2424,0x242E,0x2424,0x2424,0x2424,0x2323,
	0x2424,0x2424,0x2424,0x2324,0x2424,0x2424,0x2424,0x2424,
	0x2424,0x2424,0x2424,0x2424,0x2424,0x2424,0x2424,0x2424,

	0x2424,0x2424,0x2C2E,0x2028,0x2424,0x2424,0x2C2E,0x2828,
	0x2424,0x2424,0x2C24,0x2327,0x2424,0x2424,0x2224,0x2326,
	0x2427,0x2424,0x2424,0x2E24,0x2423,0x2424,0x2424,0x2424,
	0x2424,0x2424,0x2424,0x2424,0x2924,0x2424,0x2424,0x2424,
	0x2020,0x2020,0x2020,0x2020,0x2828,0x2020,0x2020,0x2020,
	0x2828,0x2828,0x2020,0x2020,0x2C23,0x2828,0x2020,0x2020,
	0x2623,0x2828,0x2020,0x2020,0x2323,0x2828,0x2020,0x2020,
	0x2322,0x2828,0x2020,0x2020,0x2324,0x2828,0x2020,0x2020,

	0x2020,0x2020,0x2020,0x2020,0x2020,0x2020,0x2020,0x2020,
	0x2020,0x2020,0x2020,0x2020,0x2020,0x2020,0x2020,0x2020,
	0x2020,0x2020,0x2020,0x2020,0x2020,0x2020,0x2020,0x2020,
	0x2020,0x2020,0x2020,0x2020,0x2020,0x2020,0x2020,0x2020,
	0x2020,0x2020,0x2020,0x2020,0x2020,0x2020,0x2020,0x2020,
	0x2020,0x2020,0x2020,0x2020,0x2020,0x2020,0x2020,0x2020,
	0x2020,0x2020,0x2020,0x2020,0x2020,0x2020,0x2020,0x2020,
	0x2020,0x2020,0x2020,0x2020,0x2020,0x2020,0x2020,0x2020,

	0x2020,0x2020,0x2020,0x2020,0x2020,0x2020,0x2020,0x2020,
	0x2020,0x2020,0x2020,0x2020,0x2020,0x2020,0x2020,0x2020,
	0x2020,0x2020,0x2020,0x2020,0x2020,0x2020,0x2020,0x2020,
	0x2020,0x2020,0x2020,0x2020,0x2020,0x2020,0x2020,0x2020,
	0x2020,0x2020,0x2020,0x2020,0x2020,0x2020,0x2020,0x2020,
	0x2020,0x2020,0x2020,0x2020,0x2020,0x2020,0x2020,0x2020,
	0x2020,0x2020,0x2020,0x2020,0x2020,0x2020,0x2020,0x2020,
	0x2020,0x2020,0x2020,0x2020,0x2020,0x2020,0x2020,0x2020,

	0x2020,0x2020,0x2020,0x2020,0x2020,0x2020,0x2020,0x2020,
	0x2020,0x2020,0x2020,0x2020,0x2020,0x2020,0x2020,0x2020,
	0x2020,0x2020,0x2020,0x2020,0x2020,0x2020,0x2020,0x2020,
	0x2020,0x2020,0x2020,0x2020,0x2020,0x2020,0x2020,0x2020,
	0x2020,0x2020,0x2020,0x2020,0x2020,0x2020,0x2020,0x2020,
	0x2020,0x2020,0x2020,0x2020,0x2020,0x2020,0x2020,0x2020,
	0x2020,0x2020,0x2020,0x2020,0x2020,0x2020,0x2020,0x2020,
	0x2020,0x2020,0x2020,0x2020,0x2020,0x2020,0x2020,0x2020,

	0x2020,0x2020,0x2020,0x2020,0x2020,0x2020,0x2020,0x2020,
	0x2020,0x2020,0x2020,0x2020,0x2020,0x2020,0x2020,0x2020,
	0x2020,0x2020,0x2020,0x2020,0x2020,0x2020,0x2020,0x2020,
	0x2020,0x2020,0x2020,0x2020,0x2020,0x2020,0x2020,0x2020,
	0x2020,0x2020,0x2020,0x2020,0x2020,0x2020,0x2020,0x2020,
	0x2020,0x2020,0x2020,0x2020,0x2020,0x2020,0x2020,0x2020,
	0x2020,0x2020,0x2020,0x2020,0x2020,0x2020,0x2020,0x2020,
	0x2020,0x2020,0x2020,0x2020,0x2020,0x2020,0x2020,0x2020,

	0x2020,0x2020,0x2020,0x2020,0x2020,0x2020,0x2020,0x2020,
	0x2020,0x2020,0x2020,0x2020,0x2020,0x2020,0x2020,0x2020,
	0x2020,0x2020,0x2020,0x2020,0x2020,0x2020,0x2020,0x2020,
	0x2020,0x2020,0x2020,0x2020,0x2020,0x2020,0x2020,0x2020,
	0x2020,0x2020,0x2020,0x2020,0x2020,0x2020,0x2020,0x2020,
	0x2020,0x2020,0x2020,0x2020,0x2020,0x2020,0x2020,0x2020,
	0x2020,0x2020,0x2020,0x2020,0x2020,0x2020,0x2020,0x2020,
	0x2020,0x2020,0x2020,0x2020,0x2020,0x2020,0x2020,0x2020,

	0x2020,0x2020,0x2020,0x2020,0x2020,0x2020,0x2020,0x2020,
	0x2020,0x2020,0x2020,0x2020,0x2020,0x2020,0x2020,0x2020,
	0x2020,0x2020,0x2020,0x2020,0x2020,0x2020,0x2020,0x2020,
	0x2020,0x2020,0x2020,0x2020,0x2020,0x2020,0x2020,0x2020,
	0x2020,0x2020,0x2020,0x2020,0x2020,0x2020,0x2020,0x2020,
	0x2020,0x2020,0x2020,0x2020,0x2020,0x2020,0x2020,0x2020,
	0x2020,0x2020,0x2020,0x2020,0x2020,0x2020,0x2020,0x2020,
	0x2020,0x2020,0x2020,0x2020,0x2020,0x2020,0x2020,0x2020,

	0x2020,0x2020,0x2020,0x2020,0x2020,0x2020,0x2020,0x2020,
	0x2020,0x2020,0x2020,0x2020,0x2020,0x2020,0x2020,0x2020,
	0x2020,0x2020,0x2020,0x2020,0x2020,0x2020,0x2020,0x2020,
	0x2020,0x2020,0x2020,0x2020,0x2020,0x2020,0x2020,0x2020,
	0x2020,0x2020,0x2020,0x2020,0x2020,0x2020,0x2020,0x2020,
	0x2020,0x2020,0x2020,0x2020,0x2020,0x2020,0x2020,0x2020,
	0x2020,0x2020,0x2020,0x2020,0x2020,0x2020,0x2020,0x2020,
	0x2020,0x2020,0x2020,0x2020,0x2020,0x2020,0x2020,0x2020,

	0x2020,0x2020,0x2020,0x2020,0x2020,0x2020,0x2020,0x2020,
	0x2020,0x2020,0x2020,0x2020,0x2020,0x2020,0x2020,0x2020,
	0x2020,0x2020,0x2020,0x2020,0x2020,0x2020,0x2020,0x2020,
	0x2020,0x2020,0x2020,0x2020,0x2020,0x2020,0x2020,0x2020,
	0x2020,0x2020,0x2020,0x2020,0x2020,0x2020,0x2020,0x2020,
	0x2020,0x2020,0x2020,0x2020,0x2020,0x2020,0x2020,0x2020,
	0x2020,0x2020,0x2020,0x2020,0x2020,0x2020,0x2020,0x2020,
	0x2020,0x2020,0x2020,0x2020,0x2020,0x2020,0x2020,0x2020,

	0x2020,0x2020,0x2020,0x2020,0x2020,0x2020,0x2020,0x2020,
	0x2020,0x2020,0x2020,0x2020,0x2020,0x2020,0x2020,0x2020,
	0x2020,0x2020,0x2020,0x2020,0x2020,0x2020,0x2020,0x2020,
	0x2020,0x2020,0x2020,0x2020,0x2020,0x2020,0x2020,0x2020,
	0x2020,0x2020,0x2020,0x2020,0x2020,0x2020,0x2020,0x2020,
	0x2020,0x2020,0x2020,0x2020,0x2020,0x2020,0x2020,0x2020,
	0x2020,0x2020,0x2020,0x2020,0x2020,0x2020,0x2020,0x2020,
	0x2020,0x2020,0x2020,0x2020,0x2020,0x2020,0x2020,0x2020,

	0x2020,0x2020,0x2020,0x2020,0x2020,0x2020,0x2020,0x2020,
	0x2020,0x2020,0x2020,0x2020,0x2020,0x2020,0x2020,0x2020,
	0x2020,0x2020,0x2020,0x2020,0x2020,0x2020,0x2020,0x2020,
	0x2020,0x2020,0x2020,0x2020,0x2020,0x2020,0x2020,0x2020,
	0x2020,0x2020,0x2020,0x2020,0x2020,0x2020,0x2020,0x2020,
	0x2020,0x2020,0x2020,0x2020,0x2020,0x2020,0x2020,0x2020,
	0x2020,0x2020,0x2020,0x2020,0x2020,0x2020,0x2020,0x2020,
	0x2020,0x2020,0x2020,0x2020,0x2020,0x2020,0x2020,0x2020,

	0x2020,0x2020,0x2020,0x2020,0x2020,0x2020,0x2020,0x2020,
	0x2020,0x2020,0x2020,0x2020,0x2020,0x2020,0x2020,0x2020,
	0x2020,0x2020,0x2020,0x2020,0x2020,0x2020,0x2020,0x2020,
	0x2020,0x2020,0x2020,0x2020,0x2020,0x2020,0x2020,0x2020,
	0x2020,0x2D20,0x2F2F,0x2020,0x2020,0x2020,0x2F2F,0x2020,
	0x2020,0x2020,0x2F2F,0x2020,0x2020,0x2020,0x2F23,0x2020,
	0x2020,0x2020,0x2D20,0x2020,0x2020,0x2020,0x2D20,0x2020,
	0x2020,0x2020,0x2020,0x2020,0x2020,0x2020,0x2020,0x2020,

	0x2020,0x2020,0x2020,0x2020,0x2020,0x2020,0x2020,0x2020,
	0x2020,0x2020,0x2020,0x2020,0x2020,0x2020,0x2020,0x2020,
	0x2020,0x2020,0x2020,0x2020,0x2020,0x2020,0x2020,0x2020,
	0x2020,0x2020,0x2020,0x2020,0x2020,0x2020,0x2020,0x2020,
	0x2020,0x2020,0x2020,0x2020,0x2020,0x2020,0x2020,0x2020,
	0x2020,0x2020,0x2020,0x2020,0x2020,0x2020,0x2020,0x2020,
	0x2020,0x2020,0x2020,0x2020,0x2020,0x2020,0x2020,0x2020,
	0x2020,0x2020,0x2020,0x2020,0x2020,0x2020,0x2020,0x2020,

	0x2020,0x2020,0x2020,0x2020,0x2020,0x2020,0x2020,0x2020,
	0x2020,0x2020,0x2020,0x2020,0x2020,0x2020,0x2020,0x2C28,
	0x2020,0x2020,0x2020,0x2C2C,0x2020,0x2020,0x2020,0x2C22,
	0x2020,0x2020,0x2020,0x2C22,0x2020,0x2020,0x2020,0x2C2C,
	0x2C2C,0x262C,0x2422,0x2424,0x2C2C,0x2E26,0x2424,0x2424,
	0x2C2C,0x2422,0x2424,0x2424,0x2626,0x242E,0x2424,0x2424,
	0x2E22,0x2424,0x2424,0x2424,0x2E22,0x2424,0x2424,0x2424,
	0x2E26,0x2424,0x2424,0x2424,0x2E22,0x2424,0x2424,0x2424,

	0x2424,0x2424,0x2424,0x2424,0x2424,0x2424,0x2424,0x2424,
	0x2424,0x2424,0x2424,0x2424,0x2424,0x2424,0x2424,0x2424,
	0x2424,0x2424,0x2424,0x2424,0x2424,0x2424,0x2424,0x2424,
	0x2424,0x2424,0x2424,0x2424,0x2424,0x2424,0x2424,0x2424,
	0x2424,0x2424,0x2F24,0x2429,0x2424,0x2424,0x2B24,0x242B,
	0x2424,0x2424,0x2E24,0x2F2B,0x2424,0x2424,0x2424,0x2B27,
	0x2424,0x292B,0x2424,0x2B24,0x2424,0x2923,0x2424,0x2D24,
	0x2424,0x2424,0x2424,0x2224,0x2424,0x2424,0x2424,0x2424,

	0x2424,0x2E2E,0x2C26,0x2020,0x2424,0x2424,0x2C22,0x2C2C,
	0x2424,0x2424,0x2C22,0x2C2C,0x2427,0x2424,0x222E,0x2C22,
	0x242D,0x2424,0x2424,0x2C2E,0x242B,0x2424,0x2424,0x2624,
	0x242E,0x2424,0x2424,0x2624,0x2D27,0x2424,0x2424,0x2224,
	0x2020,0x2020,0x2020,0x2020,0x2020,0x2020,0x2020,0x2020,
	0x2020,0x2020,0x2020,0x2020,0x2020,0x2020,0x2020,0x2020,
	0x2C2C,0x2020,0x2020,0x2020,0x2C2C,0x2020,0x2020,0x2020,
	0x2C2C,0x2020,0x2020,0x2020,0x2C2C,0x2020,0x2020,0x2020,

	0x2020,0x2020,0x2020,0x2020,0x2020,0x2020,0x2020,0x2020,
	0x2020,0x2020,0x2020,0x2020,0x2020,0x2020,0x2020,0x2020,
	0x2020,0x2020,0x2020,0x2020,0x2020,0x2020,0x2020,0x2020,
	0x2020,0x2020,0x2020,0x2020,0x2020,0x2020,0x2020,0x2020,
	0x2020,0x2020,0x2020,0x2020,0x2020,0x2020,0x2020,0x2020,
	0x2020,0x2020,0x2020,0x2020,0x2020,0x2020,0x2020,0x2020,
	0x2020,0x2020,0x2020,0x2020,0x2020,0x2020,0x2020,0x2020,
	0x2020,0x2020,0x2020,0x2020,0x2020,0x2020,0x2020,0x2020,

	0x2020,0x2020,0x2020,0x2020,0x2020,0x2020,0x2020,0x2020,
	0x2020,0x2020,0x2020,0x2020,0x2020,0x2020,0x2020,0x2020,
	0x2020,0x2020,0x2020,0x2020,0x2020,0x2020,0x2020,0x2020,
	0x2020,0x2020,0x2020,0x2020,0x2020,0x2020,0x2020,0x2020,
	0x2020,0x2020,0x2020,0x2020,0x2020,0x2020,0x2020,0x2020,
	0x2020,0x2020,0x2020,0x2020,0x2020,0x2020,0x2020,0x2020,
	0x2020,0x2020,0x2020,0x2020,0x2020,0x2020,0x2020,0x2020,
	0x2020,0x2020,0x2020,0x2020,0x2020,0x2020,0x2020,0x2020,

	0x2020,0x2020,0x2020,0x2020,0x2020,0x2020,0x2020,0x2020,
	0x2020,0x2020,0x2020,0x2020,0x2020,0x2020,0x2020,0x2020,
	0x2020,0x2020,0x2020,0x2020,0x2020,0x2020,0x2020,0x2020,
	0x2020,0x2020,0x2020,0x2020,0x2020,0x2020,0x2020,0x2020,
	0x2020,0x2020,0x2020,0x2020,0x2020,0x2020,0x2020,0x2020,
	0x2020,0x2020,0x2020,0x2020,0x2020,0x2020,0x2020,0x2020,
	0x2020,0x2020,0x2020,0x2020,0x2020,0x2020,0x2020,0x2020,
	0x2020,0x2020,0x2020,0x2020,0x2020,0x2020,0x2020,0x2020,

	0x2020,0x2020,0x2020,0x2020,0x2020,0x2020,0x2020,0x2020,
	0x2020,0x2020,0x2020,0x2020,0x2020,0x2020,0x2020,0x2020,
	0x2020,0x2020,0x2020,0x2020,0x2020,0x2020,0x2020,0x2020,
	0x2020,0x2020,0x2020,0x2020,0x2020,0x2020,0x2020,0x2020,
	0x2020,0x2020,0x2020,0x2020,0x2020,0x2020,0x2020,0x2020,
	0x2020,0x2020,0x2020,0x2020,0x2020,0x2020,0x2020,0x2020,
	0x2020,0x2020,0x2020,0x2020,0x2020,0x2020,0x2020,0x2020,
	0x2020,0x2020,0x2020,0x2020,0x2020,0x2020,0x2020,0x2020,

	0x2020,0x2020,0x2020,0x2020,0x2020,0x2020,0x2020,0x2020,
	0x2020,0x2020,0x2020,0x2020,0x2020,0x2020,0x2020,0x2020,
	0x2020,0x2020,0x2020,0x2020,0x2020,0x2020,0x2020,0x2020,
	0x2020,0x2020,0x2020,0x2020,0x2020,0x2020,0x2020,0x2020,
	0x2020,0x2020,0x2020,0x2020,0x2020,0x2020,0x2020,0x2020,
	0x2020,0x2020,0x2020,0x2020,0x2020,0x2020,0x2020,0x2020,
	0x2020,0x2020,0x2020,0x2020,0x2020,0x2020,0x2020,0x2020,
	0x2020,0x2020,0x2020,0x2020,0x2020,0x2020,0x2020,0x2020,

	0x2020,0x2020,0x2020,0x2020,0x2020,0x2020,0x2020,0x2020,
	0x2020,0x2020,0x2020,0x2020,0x2020,0x2020,0x2020,0x2020,
	0x2020,0x2020,0x2020,0x2020,0x2020,0x2020,0x2020,0x2020,
	0x2020,0x2020,0x2020,0x2020,0x2020,0x2020,0x2020,0x2020,
	0x2020,0x2020,0x2020,0x2020,0x2020,0x2020,0x2020,0x2020,
	0x2020,0x2020,0x2020,0x2020,0x2020,0x2020,0x2020,0x2020,
	0x2020,0x2020,0x2020,0x2020,0x2020,0x2020,0x2020,0x2020,
	0x2020,0x2020,0x2020,0x2020,0x2020,0x2020,0x2020,0x2020,

	0x2020,0x2020,0x2020,0x2020,0x2020,0x2020,0x2020,0x2020,
	0x2020,0x2020,0x2020,0x2020,0x2020,0x2020,0x2020,0x2020,
	0x2020,0x2020,0x2020,0x2020,0x2020,0x2020,0x2020,0x2020,
	0x2020,0x2020,0x2020,0x2020,0x2020,0x2020,0x2020,0x2020,
	0x2020,0x2020,0x2020,0x2020,0x2020,0x2020,0x2020,0x2020,
	0x2020,0x2020,0x2020,0x2020,0x2020,0x2020,0x2020,0x2020,
	0x2020,0x2020,0x2020,0x2020,0x2020,0x2020,0x2020,0x2020,
	0x2020,0x2020,0x2020,0x2020,0x2020,0x2020,0x2020,0x2020,

	0x2020,0x2020,0x2020,0x2020,0x2020,0x2020,0x2020,0x2020,
	0x2020,0x2020,0x2020,0x2020,0x2020,0x2020,0x2020,0x2020,
	0x2020,0x2020,0x2020,0x2020,0x2020,0x2020,0x2020,0x2020,
	0x2020,0x2020,0x2020,0x2020,0x2020,0x2020,0x2020,0x2020,
	0x2020,0x2020,0x2020,0x2020,0x2020,0x2020,0x2020,0x2020,
	0x2020,0x2020,0x2020,0x2020,0x2020,0x2020,0x2020,0x2020,
	0x2020,0x2020,0x2020,0x2020,0x2020,0x2020,0x2020,0x2020,
	0x2020,0x2020,0x2020,0x2020,0x2020,0x2020,0x2020,0x2020,

	0x2020,0x2020,0x2020,0x2020,0x2020,0x2020,0x2020,0x2020,
	0x2020,0x2020,0x2020,0x2020,0x2020,0x2020,0x2020,0x2020,
	0x2020,0x2020,0x2020,0x2020,0x2020,0x2020,0x2020,0x2020,
	0x2020,0x2020,0x2020,0x2020,0x2020,0x2020,0x2020,0x2020,
	0x2020,0x2020,0x2020,0x2020,0x2020,0x2020,0x2020,0x2020,
	0x2020,0x2020,0x2020,0x2020,0x2020,0x2020,0x2020,0x2020,
	0x2020,0x2020,0x2020,0x2020,0x2020,0x2020,0x2020,0x2020,
	0x2020,0x2020,0x2020,0x2020,0x2020,0x2020,0x2020,0x2020,

	0x2020,0x2020,0x2020,0x2020,0x2020,0x2020,0x2020,0x2020,
	0x2020,0x2020,0x2020,0x2020,0x2020,0x2020,0x2020,0x2020,
	0x2020,0x2020,0x2020,0x2020,0x2020,0x2020,0x2020,0x2020,
	0x2020,0x2020,0x2020,0x2020,0x2020,0x2020,0x2020,0x2020,
	0x2020,0x2020,0x2020,0x2020,0x2020,0x2020,0x2020,0x2020,
	0x2020,0x2020,0x2020,0x2020,0x2020,0x2020,0x2020,0x2020,
	0x2020,0x2020,0x2020,0x2020,0x2020,0x2020,0x2020,0x2020,
	0x2020,0x2020,0x2020,0x2020,0x2020,0x2020,0x2020,0x2020,

	0x2020,0x2020,0x2020,0x2020,0x2020,0x2020,0x2020,0x2020,
	0x2020,0x2020,0x2020,0x2020,0x2020,0x2020,0x2020,0x2020,
	0x2020,0x2020,0x2020,0x2020,0x2020,0x2020,0x2020,0x2020,
	0x2020,0x2020,0x2020,0x2020,0x2020,0x2020,0x2020,0x2020,
	0x2020,0x2020,0x2020,0x2020,0x2020,0x2020,0x2020,0x2020,
	0x2020,0x2020,0x2020,0x2020,0x2020,0x2020,0x2020,0x2020,
	0x2020,0x2020,0x2020,0x2020,0x2020,0x2020,0x2020,0x2020,
	0x2020,0x2020,0x2020,0x2020,0x2020,0x2020,0x2020,0x2020,

	0x2020,0x2020,0x2020,0x2020,0x2020,0x2020,0x2020,0x2020,
	0x2020,0x2020,0x2020,0x2020,0x2020,0x2020,0x2020,0x2020,
	0x2020,0x2020,0x2020,0x2020,0x2020,0x2020,0x2020,0x2020,
	0x2020,0x2020,0x2020,0x2020,0x2020,0x2020,0x2020,0x2020,
	0x2020,0x2020,0x2020,0x2020,0x2020,0x2020,0x2020,0x2020,
	0x2020,0x2020,0x2020,0x2020,0x2020,0x2020,0x2020,0x2020,
	0x2020,0x2020,0x2020,0x2020,0x2020,0x2020,0x2020,0x2020,
	0x2020,0x2020,0x2020,0x2020,0x2020,0x2020,0x2020,0x2020,

	0x2020,0x2020,0x2020,0x2020,0x2020,0x2020,0x2020,0x2020,
	0x2020,0x2020,0x2020,0x2020,0x2020,0x2020,0x2020,0x2020,
	0x2020,0x2020,0x2020,0x2020,0x2020,0x2020,0x2020,0x2020,
	0x2020,0x2020,0x2020,0x2020,0x2020,0x2020,0x2020,0x2020,
	0x2020,0x2020,0x2020,0x2020,0x2020,0x2020,0x2020,0x2020,
	0x2020,0x2020,0x2020,0x2020,0x2020,0x2020,0x2020,0x2020,
	0x2020,0x2020,0x2020,0x2020,0x2020,0x2020,0x2020,0x2020,
	0x2020,0x2020,0x2020,0x2020,0x2020,0x2020,0x2020,0x2020,

	0x2020,0x2020,0x2020,0x2020,0x2020,0x2020,0x2020,0x2020,
	0x2020,0x2020,0x2020,0x2020,0x2020,0x2020,0x2020,0x2020,
	0x2020,0x2020,0x2020,0x2020,0x2020,0x2020,0x2020,0x2020,
	0x2020,0x2020,0x2020,0x2020,0x2020,0x2020,0x2020,0x2020,
	0x2020,0x2020,0x2020,0x2020,0x2020,0x2020,0x2020,0x2020,
	0x2020,0x2020,0x2020,0x2020,0x2020,0x2020,0x2020,0x2020,
	0x2020,0x2020,0x2020,0x2020,0x2020,0x2020,0x2020,0x2020,
	0x2020,0x2020,0x2020,0x2020,0x2020,0x2020,0x2020,0x2020,

	0x2020,0x2020,0x2020,0x2020,0x2020,0x2020,0x2020,0x2020,
	0x2020,0x2020,0x2020,0x2020,0x2020,0x2020,0x2020,0x2020,
	0x2020,0x2020,0x2020,0x2020,0x2020,0x2020,0x2020,0x2020,
	0x2020,0x2020,0x2020,0x2020,0x2020,0x2020,0x2020,0x2020,
	0x2020,0x2C28,0x242E,0x2424,0x2020,0x2C28,0x242E,0x2424,
	0x2020,0x2C28,0x242E,0x2424,0x2020,0x2C28,0x242E,0x2424,
	0x2020,0x2C28,0x242E,0x2424,0x2020,0x2C28,0x2424,0x2424,
	0x2020,0x2C28,0x242E,0x2424,0x2020,0x2C28,0x2422,0x2424,

	0x2424,0x2424,0x2424,0x2424,0x2424,0x2424,0x2424,0x2424,
	0x2424,0x2424,0x2424,0x2424,0x2424,0x2424,0x2424,0x2424,
	0x2424,0x2424,0x2424,0x2424,0x2424,0x2424,0x2424,0x2424,
	0x2424,0x2424,0x2424,0x2424,0x2424,0x2424,0x2424,0x2424,
	0x2424,0x2424,0x2424,0x2424,0x2424,0x2424,0x2424,0x2424,
	0x2424,0x2424,0x2424,0x2424,0x2424,0x2424,0x2424,0x2424,
	0x2424,0x2424,0x2424,0x2424,0x2424,0x2424,0x2424,0x2424,
	0x2424,0x2424,0x2424,0x2424,0x2424,0x2424,0x2424,0x2424,

	0x2924,0x2424,0x2424,0x2424,0x2424,0x2424,0x2424,0x2424,
	0x2424,0x2424,0x2424,0x2424,0x2424,0x2424,0x2424,0x2424,
	0x2424,0x2424,0x2424,0x2424,0x2424,0x2424,0x2424,0x2424,
	0x2424,0x2424,0x2424,0x2424,0x2424,0x2423,0x2424,0x2424,
	0x2324,0x2827,0x2020,0x2020,0x2224,0x2823,0x2020,0x2020,
	0x2224,0x2823,0x2020,0x2020,0x2E24,0x2823,0x2020,0x2020,
	0x2E24,0x282C,0x2020,0x2020,0x2224,0x282C,0x2020,0x2020,
	0x2224,0x2828,0x2020,0x2020,0x2224,0x2828,0x2020,0x2020,

	0x2020,0x2020,0x2020,0x2020,0x2020,0x2020,0x2020,0x2020,
	0x2020,0x2020,0x2020,0x2020,0x2020,0x2020,0x2020,0x2020,
	0x2020,0x2020,0x2020,0x2020,0x2020,0x2020,0x2020,0x2020,
	0x2020,0x2020,0x2020,0x2020,0x2020,0x2020,0x2020,0x2020,
	0x2020,0x2020,0x2020,0x2020,0x2020,0x2020,0x2020,0x2020,
	0x2020,0x2020,0x2020,0x2020,0x2020,0x2020,0x2020,0x2020,
	0x2020,0x2020,0x2020,0x2020,0x2020,0x2020,0x2020,0x2020,
	0x2020,0x2020,0x2020,0x2020,0x2020,0x2020,0x2020,0x2020,

	0x2020,0x2020,0x2020,0x2020,0x2020,0x2020,0x2020,0x2020,
	0x2020,0x2020,0x2020,0x2020,0x2020,0x2020,0x2020,0x2020,
	0x2020,0x2020,0x2020,0x2020,0x2020,0x2020,0x2020,0x2020,
	0x2020,0x2020,0x2020,0x2020,0x2020,0x2020,0x2020,0x2020,
	0x2020,0x2020,0x2020,0x2020,0x2020,0x2020,0x2020,0x2020,
	0x2020,0x2020,0x2020,0x2020,0x2020,0x2020,0x2020,0x2020,
	0x2020,0x2020,0x2020,0x2020,0x2020,0x2020,0x2020,0x2020,
	0x2020,0x2020,0x2020,0x2020,0x2020,0x2020,0x2020,0x2020,

	0x2020,0x2020,0x2020,0x2020,0x2020,0x2020,0x2020,0x2020,
	0x2020,0x2020,0x2020,0x2020,0x2020,0x2020,0x2020,0x2020,
	0x2020,0x2020,0x2020,0x2020,0x2020,0x2020,0x2020,0x2020,
	0x2020,0x2020,0x2020,0x2020,0x2020,0x2020,0x2020,0x2020,
	0x2020,0x2020,0x2020,0x2020,0x2020,0x2020,0x2020,0x2020,
	0x2020,0x2020,0x2020,0x2020,0x2020,0x2020,0x2020,0x2020,
	0x2020,0x2020,0x2020,0x2020,0x2020,0x2020,0x2020,0x2020,
	0x2020,0x2020,0x2020,0x2020,0x2020,0x2020,0x2020,0x2020,

	0x2020,0x2020,0x2020,0x2020,0x2020,0x2020,0x2020,0x2020,
	0x2020,0x2020,0x2020,0x2020,0x2020,0x2020,0x2020,0x2020,
	0x2020,0x2020,0x2020,0x2020,0x2020,0x2020,0x2020,0x2020,
	0x2020,0x2020,0x2020,0x2020,0x2020,0x2020,0x2020,0x2020,
	0x2020,0x2020,0x2020,0x2020,0x2020,0x2020,0x2020,0x2020,
	0x2020,0x2020,0x2020,0x2020,0x2020,0x2020,0x2020,0x2020,
	0x2020,0x2020,0x2020,0x2020,0x2020,0x2020,0x2020,0x2020,
	0x2020,0x2020,0x2020,0x2020,0x2020,0x2020,0x2020,0x2020,

	0x2020,0x2020,0x2020,0x2020,0x2020,0x2020,0x2020,0x2020,
	0x2020,0x2020,0x2020,0x2020,0x2020,0x2020,0x2020,0x2020,
	0x2020,0x2020,0x2020,0x2020,0x2020,0x2020,0x2020,0x2020,
	0x2020,0x2020,0x2020,0x2020,0x2020,0x2020,0x2020,0x2020,
	0x2020,0x2020,0x2020,0x2020,0x2020,0x2020,0x2020,0x2020,
	0x2020,0x2020,0x2020,0x2020,0x2020,0x2020,0x2020,0x2020,
	0x2020,0x2020,0x2020,0x2020,0x2020,0x2020,0x2020,0x2020,
	0x2020,0x2020,0x2020,0x2020,0x2020,0x2020,0x2020,0x2020,

	0x2020,0x2020,0x2020,0x2020,0x2020,0x2020,0x2020,0x2020,
	0x2020,0x2020,0x2020,0x2020,0x2020,0x2020,0x2020,0x2020,
	0x2020,0x2020,0x2020,0x2020,0x2020,0x2020,0x2020,0x2020,
	0x2020,0x2020,0x2020,0x2020,0x2020,0x2020,0x2020,0x2020,
	0x2020,0x2020,0x2020,0x2020,0x2020,0x2020,0x2020,0x2020,
	0x2020,0x2020,0x2020,0x2020,0x2020,0x2020,0x2020,0x2020,
	0x2020,0x2020,0x2020,0x2020,0x2020,0x2020,0x2020,0x2020,
	0x2020,0x2020,0x2020,0x2020,0x2020,0x2020,0x2020,0x2020,

	0x2020,0x2020,0x2020,0x2020,0x2020,0x2020,0x2020,0x2020,
	0x2020,0x2020,0x2020,0x2020,0x2020,0x2020,0x2020,0x2020,
	0x2020,0x2020,0x2020,0x2020,0x2020,0x2020,0x2020,0x2020,
	0x2020,0x2020,0x2020,0x2020,0x2020,0x2020,0x2020,0x2020,
	0x2020,0x2020,0x2020,0x2020,0x2020,0x2020,0x2020,0x2020,
	0x2020,0x2020,0x2020,0x2020,0x2020,0x2020,0x2020,0x2020,
	0x2020,0x2020,0x2020,0x2020,0x2020,0x2020,0x2020,0x2020,
	0x2020,0x2020,0x2020,0x2020,0x2020,0x2020,0x2020,0x2020,

	0x2020,0x2020,0x2020,0x2020,0x2020,0x2020,0x2020,0x2020,
	0x2020,0x2020,0x2020,0x2020,0x2020,0x2020,0x2020,0x2020,
	0x2020,0x2020,0x2020,0x2020,0x2020,0x2020,0x2020,0x2020,
	0x2020,0x2020,0x2020,0x2020,0x2020,0x2020,0x2020,0x2020,
	0x2020,0x2020,0x2020,0x2020,0x2020,0x2020,0x2020,0x2020,
	0x2020,0x2020,0x2020,0x2020,0x2020,0x2020,0x2020,0x2020,
	0x2020,0x2020,0x2020,0x2020,0x2020,0x2020,0x2020,0x2020,
	0x2020,0x2020,0x2020,0x2020,0x2020,0x2020,0x2020,0x2020,

	0x2020,0x2020,0x2020,0x2020,0x2020,0x2020,0x2020,0x2020,
	0x2020,0x2020,0x2020,0x2020,0x2020,0x2020,0x2020,0x2020,
	0x2020,0x2020,0x2020,0x2020,0x2020,0x2020,0x2020,0x2020,
	0x2020,0x2020,0x2020,0x2020,0x2020,0x2020,0x2020,0x2020,
	0x2020,0x2020,0x2020,0x2020,0x2020,0x2020,0x2020,0x2020,
	0x2020,0x2020,0x2020,0x2020,0x2020,0x2020,0x2020,0x2020,
	0x2020,0x2020,0x2020,0x2020,0x2020,0x2020,0x2020,0x2020,
	0x2020,0x2020,0x2020,0x2020,0x2020,0x2020,0x2020,0x2020,

	0x2020,0x2020,0x2020,0x2020,0x2020,0x2020,0x2020,0x2020,
	0x2020,0x2020,0x2020,0x2020,0x2020,0x2020,0x2020,0x2020,
	0x2020,0x2020,0x2020,0x2020,0x2020,0x2020,0x2020,0x2020,
	0x2020,0x2020,0x2020,0x2020,0x2020,0x2020,0x2020,0x2020,
	0x2020,0x2020,0x2020,0x2020,0x2020,0x2020,0x2020,0x2020,
	0x2020,0x2020,0x2020,0x2020,0x2020,0x2020,0x2020,0x2020,
	0x2020,0x2020,0x2020,0x2020,0x2020,0x2020,0x2020,0x2020,
	0x2020,0x2020,0x2020,0x2020,0x2020,0x2020,0x2020,0x2020,

	0x2020,0x2020,0x2020,0x2020,0x2020,0x2020,0x2020,0x2020,
	0x2020,0x2020,0x2020,0x2020,0x2020,0x2020,0x2020,0x2020,
	0x2020,0x2020,0x2020,0x2020,0x2020,0x2020,0x2020,0x2020,
	0x2020,0x2020,0x2020,0x2020,0x2020,0x2020,0x2020,0x2020,
	0x2020,0x2020,0x2020,0x2020,0x2020,0x2020,0x2020,0x2020,
	0x2020,0x2020,0x2020,0x2020,0x2020,0x2020,0x2020,0x2020,
	0x2020,0x2020,0x2020,0x2020,0x2020,0x2020,0x2020,0x2020,
	0x2020,0x2020,0x2020,0x2020,0x2020,0x2020,0x2020,0x2020,

	0x2020,0x2020,0x2020,0x2020,0x2020,0x2020,0x2020,0x2020,
	0x2020,0x2020,0x2020,0x2020,0x2020,0x2020,0x2020,0x2020,
	0x2020,0x2020,0x2020,0x2020,0x2020,0x2020,0x2020,0x2020,
	0x2020,0x2020,0x2020,0x2020,0x2020,0x2020,0x2020,0x2020,
	0x2020,0x2020,0x2020,0x2020,0x2020,0x2020,0x2020,0x2020,
	0x2020,0x2020,0x2020,0x2020,0x2020,0x2020,0x2020,0x2020,
	0x2020,0x2020,0x2020,0x2020,0x2020,0x2020,0x2020,0x2020,
	0x2020,0x2020,0x2020,0x2020,0x2020,0x2020,0x2020,0x2020,

	0x2020,0x2020,0x2020,0x262C,0x2020,0x2020,0x2020,0x262C,
	0x2020,0x2020,0x2020,0x262C,0x2020,0x2020,0x2020,0x2C2C,
	0x2020,0x2020,0x2020,0x2C2C,0x2020,0x2020,0x2020,0x2C2C,
	0x2020,0x2020,0x2020,0x2C2C,0x2020,0x2020,0x2020,0x2C2C,
	0x2422,0x2424,0x2424,0x2424,0x242E,0x2424,0x2424,0x2424,
	0x242E,0x2424,0x2424,0x2424,0x242E,0x2424,0x2424,0x2424,
	0x242E,0x2424,0x2424,0x2424,0x242E,0x2424,0x2424,0x2424,
	0x2E22,0x2424,0x2424,0x2424,0x2E22,0x2424,0x2424,0x2424,

	0x2424,0x2424,0x2424,0x2424,0x2424,0x2424,0x2424,0x2424,
	0x2424,0x2424,0x2424,0x2424,0x2424,0x2424,0x2424,0x2424,
	0x2424,0x2424,0x2424,0x2424,0x2424,0x2424,0x2424,0x2424,
	0x2424,0x2424,0x2424,0x2424,0x2424,0x2424,0x2424,0x2424,
	0x2424,0x2424,0x2424,0x2424,0x2424,0x2424,0x2424,0x2424,
	0x2424,0x2424,0x2424,0x2424,0x2424,0x2424,0x2424,0x2424,
	0x2424,0x2424,0x2424,0x2424,0x2424,0x2424,0x2424,0x2424,
	0x2424,0x2424,0x2424,0x2424,0x2424,0x2424,0x2424,0x2424,

	0x2B27,0x2424,0x2424,0x2E24,0x2424,0x2424,0x2424,0x2E24,
	0x2724,0x2429,0x2424,0x2E24,0x2B24,0x2423,0x2424,0x2E24,
	0x2B27,0x2424,0x2424,0x2E24,0x222E,0x2424,0x2424,0x2E24,
	0x2424,0x2424,0x2424,0x2224,0x2424,0x2424,0x2424,0x2224,
	0x2C26,0x2020,0x2020,0x2020,0x2C26,0x2020,0x2020,0x2020,
	0x2C26,0x2020,0x2020,0x2020,0x2C22,0x2020,0x2020,0x2020,
	0x2C22,0x2020,0x2020,0x2020,0x2C26,0x2020,0x2020,0x2020,
	0x2C2C,0x2020,0x2020,0x2020,0x2C2C,0x2020,0x2020,0x2020,

	0x2020,0x2020,0x2020,0x2020,0x2020,0x2020,0x2020,0x2020,
	0x2020,0x2020,0x2020,0x2020,0x2020,0x2020,0x2020,0x2020,
	0x2020,0x2020,0x2020,0x2020,0x2020,0x2020,0x2020,0x2020,
	0x2020,0x2020,0x2020,0x2020,0x2020,0x2020,0x2020,0x2020,
	0x2020,0x2020,0x2020,0x2020,0x2020,0x2020,0x2020,0x2020,
	0x2020,0x2020,0x2020,0x2020,0x2020,0x2020,0x2020,0x2020,
	0x2020,0x2020,0x2020,0x2020,0x2020,0x2020,0x2020,0x2020,
	0x2020,0x2020,0x2020,0x2020,0x2020,0x2020,0x2020,0x2020,

	0x2020,0x2020,0x2020,0x2020,0x2020,0x2020,0x2020,0x2020,
	0x2020,0x2020,0x2020,0x2020,0x2020,0x2020,0x2020,0x2020,
	0x2020,0x2020,0x2020,0x2020,0x2020,0x2020,0x2020,0x2020,
	0x2020,0x2020,0x2020,0x2020,0x2020,0x2020,0x2020,0x2020,
	0x2020,0x2020,0x2020,0x2020,0x2020,0x2020,0x2020,0x2020,
	0x2020,0x2020,0x2020,0x2020,0x2020,0x2020,0x2020,0x2020,
	0x2020,0x2020,0x2020,0x2020,0x2020,0x2020,0x2020,0x2020,
	0x2020,0x2020,0x2020,0x2020,0x2020,0x2020,0x2020,0x2020,

	0x2020,0x2020,0x2020,0x2020,0x2020,0x2020,0x2020,0x2020,
	0x2020,0x2020,0x2020,0x2020,0x2020,0x2020,0x2020,0x2020,
	0x2020,0x2020,0x2020,0x2020,0x2020,0x2020,0x2020,0x2020,
	0x2020,0x2020,0x2020,0x2020,0x2020,0x2020,0x2020,0x2020,
	0x2020,0x2020,0x2020,0x2020,0x2020,0x2020,0x2020,0x2020,
	0x2020,0x2020,0x2020,0x2020,0x2020,0x2020,0x2020,0x2020,
	0x2020,0x2020,0x2020,0x2020,0x2020,0x2020,0x2020,0x2020,
	0x2020,0x2020,0x2020,0x2020,0x2020,0x2020,0x2020,0x2020,

	0x2020,0x2020,0x2020,0x2020,0x2020,0x2020,0x2020,0x2020,
	0x2020,0x2020,0x2020,0x2020,0x2020,0x2020,0x2020,0x2020,
	0x2020,0x2020,0x2020,0x2020,0x2020,0x2020,0x2020,0x2020,
	0x2020,0x2020,0x2020,0x2020,0x2020,0x2020,0x2020,0x2020,
	0x2020,0x2020,0x2020,0x2020,0x2020,0x2020,0x2020,0x2020,
	0x2020,0x2020,0x2020,0x2020,0x2020,0x2020,0x2020,0x2020,
	0x2020,0x2020,0x2020,0x2020,0x2020,0x2020,0x2020,0x2020,
	0x2020,0x2020,0x2020,0x2020,0x2020,0x2020,0x2020,0x2020,

	0x2020,0x2020,0x2020,0x2020,0x2020,0x2020,0x2020,0x2020,
	0x2020,0x2020,0x2020,0x2020,0x2020,0x2020,0x2020,0x2020,
	0x2020,0x2020,0x2020,0x2020,0x2020,0x2020,0x2020,0x2020,
	0x2020,0x2020,0x2020,0x2020,0x2020,0x2020,0x2020,0x2020,
	0x2020,0x2020,0x2020,0x2020,0x2020,0x2020,0x2020,0x2020,
	0x2020,0x2020,0x2020,0x2020,0x2020,0x2020,0x2020,0x2020,
	0x2020,0x2020,0x2020,0x2020,0x2020,0x2020,0x2020,0x2020,
	0x2020,0x2020,0x2020,0x2020,0x2020,0x2020,0x2020,0x2020,

	0x2020,0x2020,0x2020,0x2020,0x2020,0x2020,0x2020,0x2020,
	0x2020,0x2020,0x2020,0x2020,0x2020,0x2020,0x2020,0x2020,
	0x2020,0x2020,0x2020,0x2020,0x2020,0x2020,0x2020,0x2020,
	0x2020,0x2020,0x2020,0x2020,0x2020,0x2020,0x2020,0x2020,
	0x2020,0x2020,0x2020,0x2020,0x2020,0x2020,0x2020,0x2020,
	0x2020,0x2020,0x2020,0x2020,0x2020,0x2020,0x2020,0x2020,
	0x2020,0x2020,0x2020,0x2020,0x2020,0x2020,0x2020,0x2020,
	0x2020,0x2020,0x2020,0x2020,0x2020,0x2020,0x2020,0x2020,

	0x2020,0x2020,0x2020,0x2020,0x2020,0x2020,0x2020,0x2020,
	0x2020,0x2020,0x2020,0x2020,0x2020,0x2020,0x2020,0x2020,
	0x2020,0x2020,0x2020,0x2020,0x2020,0x2020,0x2020,0x2020,
	0x2020,0x2020,0x2020,0x2020,0x2020,0x2020,0x2020,0x2020,
	0x2020,0x2020,0x2020,0x2020,0x2020,0x2020,0x2020,0x2020,
	0x2020,0x2020,0x2020,0x2020,0x2020,0x2020,0x2020,0x2020,
	0x2020,0x2020,0x2020,0x2020,0x2020,0x2020,0x2020,0x2020,
	0x2020,0x2020,0x2020,0x2020,0x2020,0x2020,0x2020,0x2020,

	0x2020,0x2020,0x2020,0x2020,0x2020,0x2020,0x2020,0x2020,
	0x2020,0x2020,0x2020,0x2020,0x2020,0x2020,0x2020,0x2020,
	0x2020,0x2020,0x2020,0x2020,0x2020,0x2020,0x2020,0x2020,
	0x2020,0x2020,0x2020,0x2C20,0x2020,0x2020,0x2020,0x2020,
	0x2020,0x2020,0x2020,0x2020,0x2020,0x2020,0x2020,0x2020,
	0x2020,0x2820,0x2C2C,0x2C2C,0x2020,0x2C20,0x2C2C,0x2C2C,
	0x2020,0x222E,0x2222,0x2E22,0x2C26,0x2226,0x2E2E,0x2424,
	0x2C2C,0x2E2C,0x2424,0x2424,0x2C2C,0x2E26,0x2424,0x2424,

	0x2020,0x2020,0x2020,0x2020,0x2020,0x2C2C,0x2020,0x2020,
	0x2C2C,0x2C2C,0x2C2C,0x2C2C,0x262C,0x2626,0x2C26,0x2C2C,
	0x2E2E,0x2E2E,0x2622,0x2C2C,0x2424,0x2227,0x2622,0x2C2C,
	0x2424,0x2B2B,0x272F,0x2626,0x2424,0x2E24,0x2F2B,0x2E29,
	0x2020,0x2020,0x2020,0x2020,0x2020,0x2020,0x2020,0x2020,
	0x2020,0x2020,0x2020,0x2020,0x2020,0x2020,0x2020,0x2020,
	0x2C2C,0x202C,0x2020,0x2020,0x2C2C,0x202C,0x2020,0x2020,
	0x2C2C,0x202C,0x2020,0x2020,0x2C26,0x2C2C,0x2020,0x2020,

	0x2020,0x2020,0x2020,0x2020,0x2020,0x2020,0x2020,0x2020,
	0x2020,0x2020,0x2020,0x2020,0x2020,0x2020,0x2020,0x2020,
	0x2020,0x2020,0x2020,0x2020,0x2020,0x2020,0x2020,0x2020,
	0x2020,0x2020,0x2020,0x2020,0x2020,0x2020,0x2020,0x2020,
	0x2020,0x2020,0x2020,0x2020,0x2020,0x2020,0x2020,0x2020,
	0x2020,0x2020,0x2020,0x2020,0x2020,0x2020,0x2020,0x2020,
	0x2020,0x2020,0x2020,0x2020,0x2020,0x2020,0x2020,0x2020,
	0x2020,0x2020,0x2020,0x2020,0x2020,0x2020,0x2020,0x2020,

	0x2020,0x2020,0x2020,0x2020,0x2020,0x2020,0x2020,0x2020,
	0x2020,0x2020,0x2020,0x2020,0x2020,0x2020,0x2020,0x2020,
	0x2020,0x2020,0x2020,0x2020,0x2020,0x2020,0x2020,0x2020,
	0x2020,0x2020,0x2020,0x2020,0x2020,0x2020,0x2020,0x2020,
	0x2020,0x2020,0x2020,0x2020,0x2020,0x2020,0x2020,0x2020,
	0x2020,0x2020,0x2020,0x2020,0x2020,0x2020,0x2020,0x2020,
	0x2020,0x2020,0x2020,0x2020,0x2020,0x2020,0x2020,0x2020,
	0x2020,0x2020,0x2020,0x2020,0x2020,0x2020,0x2020,0x2020,

	0x2020,0x2020,0x2020,0x2020,0x2020,0x2020,0x2020,0x2020,
	0x2020,0x2020,0x2020,0x2020,0x2020,0x2020,0x2020,0x2020,
	0x2020,0x2020,0x2020,0x2020,0x2020,0x2020,0x2020,0x2020,
	0x2020,0x2020,0x2020,0x2020,0x2020,0x2020,0x2020,0x2020,
	0x2020,0x2020,0x2020,0x2020,0x2020,0x2020,0x2020,0x2020,
	0x2020,0x2020,0x2020,0x2020,0x2020,0x2020,0x2020,0x2020,
	0x2020,0x2020,0x2020,0x2020,0x2020,0x2020,0x2020,0x2020,
	0x2020,0x2020,0x2020,0x2020,0x2020,0x2020,0x2020,0x2020,

	0x2020,0x2020,0x2020,0x2020,0x2020,0x2020,0x2020,0x2020,
	0x2020,0x2020,0x2020,0x2020,0x2020,0x2020,0x2020,0x2020,
	0x2020,0x2020,0x2020,0x2020,0x2020,0x2020,0x2020,0x2020,
	0x2020,0x2020,0x2020,0x2020,0x2020,0x2020,0x2020,0x2020,
	0x2020,0x2020,0x2020,0x2020,0x2020,0x2020,0x2020,0x2020,
	0x2020,0x2020,0x2020,0x2020,0x2020,0x2020,0x2020,0x2020,
	0x2020,0x2020,0x2020,0x2020,0x2020,0x2020,0x2020,0x2020,
	0x2020,0x2020,0x2020,0x2020,0x2020,0x2020,0x2020,0x2020,

	0x2020,0x2020,0x2020,0x2020,0x2020,0x2020,0x2020,0x2020,
	0x2020,0x2020,0x2020,0x2020,0x2020,0x2020,0x2020,0x2020,
	0x2020,0x2020,0x2020,0x2020,0x2020,0x2020,0x2020,0x2020,
	0x2020,0x2020,0x2020,0x2020,0x2020,0x2020,0x2020,0x2020,
	0x2020,0x2020,0x2020,0x2020,0x2020,0x2020,0x2020,0x2020,
	0x2020,0x2020,0x2020,0x2020,0x2020,0x2020,0x2020,0x2020,
	0x2020,0x2020,0x2020,0x2020,0x2020,0x2020,0x2020,0x2020,
	0x2020,0x2020,0x2D20,0x2F2D,0x2020,0x2020,0x2D20,0x2F2D,

	0x2020,0x2020,0x2020,0x2020,0x2020,0x2020,0x2020,0x2020,
	0x2020,0x2020,0x2020,0x2020,0x2020,0x2020,0x2020,0x2020,
	0x2020,0x2020,0x2020,0x2020,0x2020,0x2020,0x2020,0x2020,
	0x2020,0x2020,0x2020,0x2020,0x2020,0x2020,0x2020,0x2020,
	0x2020,0x2828,0x2427,0x2424,0x2020,0x2828,0x2423,0x2424,
	0x2020,0x2828,0x2423,0x2424,0x2020,0x2828,0x2927,0x2424,
	0x2020,0x2C28,0x2322,0x2424,0x2020,0x2420,0x2924,0x2E27,
	0x2020,0x2020,0x2822,0x2623,0x2020,0x2020,0x2828,0x2327,

	0x2424,0x2424,0x2424,0x2424,0x2424,0x2424,0x2424,0x2424,
	0x2424,0x2424,0x2424,0x2424,0x2424,0x2424,0x2424,0x2424,
	0x2424,0x2424,0x2424,0x2424,0x2424,0x2424,0x2424,0x2424,
	0x242E,0x2424,0x2424,0x2424,0x222C,0x2424,0x2424,0x2424,
	0x2424,0x2424,0x2424,0x2424,0x2424,0x2424,0x2424,0x2424,
	0x2424,0x2424,0x2424,0x2424,0x2424,0x2424,0x2424,0x2424,
	0x2424,0x2424,0x2424,0x2424,0x2424,0x2424,0x2424,0x2424,
	0x2424,0x2424,0x2424,0x2424,0x2424,0x2424,0x2424,0x2424,

	0x2424,0x2424,0x2424,0x2424,0x2424,0x2424,0x2424,0x2424,
	0x2424,0x2424,0x2424,0x2424,0x2424,0x2424,0x2424,0x2224,
	0x2424,0x2424,0x2424,0x2822,0x2424,0x2424,0x2E24,0x282C,
	0x2424,0x2424,0x262E,0x2828,0x2424,0x2424,0x2C2E,0x2828,
	0x2224,0x282C,0x2020,0x2020,0x2224,0x282C,0x2020,0x2020,
	0x2224,0x282C,0x2020,0x2020,0x2222,0x282C,0x2020,0x2020,
	0x2428,0x2020,0x2020,0x2020,0x2028,0x2020,0x2020,0x2020,
	0x2028,0x2020,0x2020,0x2020,0x2028,0x2020,0x2020,0x2020,

	0x2020,0x2020,0x2020,0x2020,0x2020,0x2020,0x2020,0x2020,
	0x2020,0x2020,0x2020,0x2020,0x2020,0x2020,0x2020,0x2020,
	0x2020,0x2020,0x2020,0x2020,0x2020,0x2020,0x2020,0x2020,
	0x2020,0x2020,0x2020,0x2020,0x2020,0x2020,0x2020,0x2020,
	0x2020,0x2020,0x2020,0x2020,0x2020,0x2020,0x2020,0x2020,
	0x2020,0x2020,0x2020,0x2020,0x2020,0x2020,0x2020,0x2020,
	0x2020,0x2020,0x2020,0x2020,0x2020,0x2020,0x2020,0x2020,
	0x2020,0x2020,0x2020,0x2020,0x2020,0x2020,0x2020,0x2020,

	0x2020,0x2020,0x2020,0x2020,0x2020,0x2020,0x2020,0x2020,
	0x2020,0x2020,0x2020,0x2020,0x2020,0x2020,0x2020,0x2020,
	0x2020,0x2020,0x2020,0x2020,0x2020,0x2020,0x2020,0x2020,
	0x2020,0x2020,0x2020,0x2020,0x2020,0x2020,0x2020,0x2020,
	0x2020,0x2020,0x2020,0x2020,0x2020,0x2020,0x2020,0x2020,
	0x2020,0x2020,0x2020,0x2020,0x2020,0x2020,0x2020,0x2020,
	0x2020,0x2020,0x2020,0x2020,0x2020,0x2020,0x2020,0x2020,
	0x2020,0x2020,0x2020,0x2020,0x2020,0x2020,0x2020,0x2020,

	0x2020,0x2020,0x2020,0x2020,0x2020,0x2020,0x2020,0x2020,
	0x2020,0x2020,0x2020,0x2020,0x2020,0x2020,0x2020,0x2020,
	0x2020,0x2020,0x2020,0x2020,0x2020,0x2020,0x2020,0x2020,
	0x2020,0x2020,0x2020,0x2020,0x2020,0x2020,0x2020,0x2020,
	0x2020,0x2020,0x2020,0x2020,0x2020,0x2020,0x2020,0x2020,
	0x2020,0x2020,0x2020,0x2020,0x2020,0x2020,0x2020,0x2020,
	0x2020,0x2020,0x2020,0x2020,0x2020,0x2020,0x2020,0x2020,
	0x2020,0x2020,0x2020,0x2020,0x2020,0x2020,0x2020,0x2020,

	0x2020,0x2020,0x2020,0x2020,0x2020,0x2020,0x2020,0x2020,
	0x2020,0x2020,0x2020,0x2020,0x2020,0x2020,0x2020,0x2020,
	0x2020,0x2020,0x2020,0x2020,0x2020,0x2020,0x2020,0x2020,
	0x2020,0x2020,0x2020,0x2020,0x2020,0x2020,0x2020,0x2020,
	0x2020,0x2020,0x2020,0x2020,0x2020,0x2020,0x2020,0x2020,
	0x2020,0x2020,0x2020,0x2020,0x2020,0x2020,0x2020,0x2020,
	0x2020,0x2020,0x2020,0x2020,0x2020,0x2020,0x2020,0x2020,
	0x2020,0x2020,0x2020,0x2020,0x2020,0x2020,0x2020,0x2020,

	0x2020,0x2020,0x2020,0x2020,0x2020,0x2020,0x2020,0x2020,
	0x2020,0x2020,0x2020,0x2020,0x2020,0x2020,0x2020,0x2020,
	0x2020,0x2020,0x2020,0x2020,0x2020,0x2020,0x2020,0x2020,
	0x2020,0x2020,0x2020,0x2020,0x2020,0x2020,0x2020,0x2020,
	0x2020,0x2020,0x2020,0x2020,0x2020,0x2020,0x2020,0x2020,
	0x2020,0x2020,0x2020,0x2020,0x2020,0x2020,0x2020,0x2020,
	0x2020,0x2020,0x2020,0x2020,0x2020,0x2020,0x2020,0x2020,
	0x2020,0x2020,0x2020,0x2020,0x2020,0x2020,0x2020,0x2020,

	0x2020,0x2020,0x2020,0x2020,0x2020,0x2020,0x2020,0x2020,
	0x2020,0x2020,0x2020,0x2020,0x2020,0x2020,0x2020,0x2020,
	0x2020,0x2020,0x2020,0x2020,0x2020,0x2020,0x2020,0x2020,
	0x2020,0x2020,0x2020,0x2020,0x2020,0x2020,0x2020,0x2020,
	0x2020,0x2020,0x2020,0x2020,0x2020,0x2020,0x2020,0x2020,
	0x2020,0x2020,0x2020,0x2020,0x2020,0x2020,0x2020,0x2020,
	0x2020,0x2020,0x2020,0x2020,0x2020,0x2020,0x2020,0x2020,
	0x2020,0x2020,0x2020,0x2020,0x2020,0x2020,0x2020,0x2020,

	0x2020,0x2020,0x2020,0x2020,0x2020,0x2020,0x2020,0x2020,
	0x2020,0x2020,0x2020,0x2020,0x2020,0x2020,0x2020,0x2020,
	0x2020,0x2020,0x2020,0x2020,0x2020,0x2020,0x2020,0x2020,
	0x2020,0x2020,0x2020,0x2020,0x2020,0x2020,0x2020,0x2020,
	0x2020,0x2020,0x2020,0x2020,0x2020,0x2020,0x2020,0x2020,
	0x2020,0x2020,0x2020,0x2020,0x2020,0x2020,0x2020,0x2020,
	0x2020,0x2020,0x2020,0x2020,0x2020,0x2020,0x2020,0x2020,
	0x2020,0x2020,0x2020,0x2020,0x2020,0x2020,0x2020,0x2020,

	0x2020,0x2020,0x2020,0x2020,0x2020,0x2020,0x2020,0x2020,
	0x2020,0x2020,0x2020,0x2020,0x2020,0x2020,0x2020,0x2020,
	0x2020,0x2020,0x2020,0x2020,0x2020,0x2020,0x2020,0x2020,
	0x2020,0x2020,0x2020,0x2020,0x2020,0x2020,0x2020,0x2020,
	0x2020,0x2020,0x2020,0x2020,0x2020,0x2020,0x2020,0x2020,
	0x2020,0x2020,0x2020,0x2020,0x2020,0x2020,0x2020,0x2020,
	0x2020,0x2020,0x2020,0x2020,0x2020,0x2020,0x2020,0x2020,
	0x2020,0x2020,0x2020,0x2020,0x2020,0x2020,0x2020,0x2020,

	0x2020,0x2020,0x2020,0x2020,0x2020,0x2020,0x2020,0x2020,
	0x2020,0x2020,0x2020,0x2020,0x2020,0x2020,0x2020,0x2020,
	0x2020,0x2020,0x2020,0x2020,0x2020,0x2020,0x2020,0x2020,
	0x2020,0x2020,0x2020,0x2020,0x2020,0x2020,0x2020,0x2020,
	0x2020,0x2020,0x2020,0x2020,0x2020,0x2020,0x2020,0x2020,
	0x2020,0x2020,0x2020,0x2020,0x2020,0x2020,0x2020,0x2020,
	0x2020,0x2020,0x2020,0x2020,0x2020,0x2020,0x2020,0x2020,
	0x2020,0x2020,0x2020,0x2020,0x2020,0x2020,0x2020,0x2020,

	0x2020,0x2020,0x2020,0x2020,0x2020,0x2020,0x2020,0x2020,
	0x2020,0x2020,0x2020,0x2020,0x2020,0x2020,0x2020,0x2020,
	0x2020,0x2020,0x2020,0x2020,0x2020,0x2020,0x2020,0x2020,
	0x2020,0x2020,0x2020,0x2020,0x2020,0x2020,0x2020,0x2020,
	0x2020,0x2020,0x2020,0x2020,0x2020,0x2020,0x2020,0x2020,
	0x2020,0x2020,0x2020,0x2020,0x2020,0x2020,0x2020,0x2020,
	0x2020,0x2020,0x2020,0x2020,0x2020,0x2020,0x2020,0x2020,
	0x2020,0x2020,0x2020,0x2020,0x2020,0x2020,0x2020,0x2020,

	0x2020,0x2020,0x2020,0x2020,0x2020,0x2020,0x2020,0x2020,
	0x2020,0x2020,0x2020,0x2020,0x2020,0x2020,0x2020,0x2020,
	0x2020,0x2020,0x2020,0x2020,0x2020,0x2020,0x2020,0x2020,
	0x2020,0x2020,0x2020,0x2020,0x2020,0x2020,0x2020,0x2020,
	0x2020,0x2020,0x2020,0x2020,0x2020,0x2020,0x2020,0x2020,
	0x2020,0x2020,0x2020,0x2020,0x2020,0x2020,0x2020,0x2020,
	0x2020,0x2020,0x2020,0x2020,0x2020,0x2020,0x2020,0x2020,
	0x2020,0x2020,0x2020,0x2020,0x2020,0x2020,0x2020,0x2020,

	0x2020,0x2020,0x2020,0x2020,0x2020,0x2020,0x2020,0x2020,
	0x2020,0x2020,0x2020,0x2020,0x2020,0x2020,0x2020,0x2020,
	0x2020,0x2020,0x2020,0x2020,0x2020,0x2020,0x2020,0x2020,
	0x2020,0x2020,0x2020,0x2020,0x2020,0x2020,0x2020,0x2020,
	0x2020,0x2020,0x2020,0x2020,0x2020,0x2020,0x2020,0x2020,
	0x2020,0x2020,0x2020,0x2020,0x2020,0x2020,0x2020,0x2020,
	0x2020,0x2020,0x2020,0x2020,0x2020,0x2020,0x2020,0x2020,
	0x2020,0x2020,0x2020,0x2020,0x2020,0x2020,0x2020,0x2020,

	0x2020,0x2020,0x2020,0x2C2C,0x2020,0x2020,0x2020,0x2C20,
	0x2020,0x2020,0x2020,0x2C20,0x2020,0x2020,0x2020,0x2620,
	0x2020,0x2020,0x2020,0x2C20,0x2020,0x2020,0x2020,0x2020,
	0x2020,0x2020,0x2020,0x2020,0x2020,0x2020,0x2020,0x2020,
	0x2E26,0x2424,0x2424,0x2424,0x2226,0x242E,0x2424,0x2424,
	0x2C2C,0x2E26,0x2424,0x2424,0x2C2C,0x2E2C,0x232B,0x2424,
	0x2C2C,0x2E2C,0x2B2F,0x2424,0x2020,0x222C,0x2B29,0x242D,
	0x2020,0x2C2C,0x2D2C,0x2E2B,0x2020,0x2C2C,0x2C2C,0x262C,

	0x2424,0x2424,0x2424,0x2424,0x2424,0x2424,0x2424,0x2424,
	0x2424,0x2424,0x2424,0x2424,0x2424,0x2424,0x2424,0x2424,
	0x2424,0x2424,0x2424,0x2424,0x2424,0x2424,0x2424,0x2424,
	0x2424,0x2424,0x2424,0x2424,0x2626,0x2422,0x2424,0x2424,
	0x2424,0x2424,0x2424,0x2424,0x2424,0x2424,0x2424,0x2424,
	0x2424,0x2424,0x2424,0x2424,0x2424,0x2424,0x2424,0x2424,
	0x2424,0x2424,0x2424,0x2424,0x2424,0x2424,0x2424,0x2424,
	0x2424,0x2424,0x2424,0x2424,0x2424,0x2424,0x2424,0x2424,

	0x2424,0x2424,0x2424,0x2224,0x2424,0x2424,0x2424,0x222E,
	0x2424,0x2424,0x2E24,0x2C2C,0x2424,0x2424,0x2E24,0x2C26,
	0x2424,0x2424,0x2E24,0x2C26,0x2424,0x2E24,0x2222,0x2C26,
	0x2424,0x262E,0x2C2C,0x2C2C,0x2224,0x2229,0x2C2C,0x2C2C,
	0x2C2C,0x2020,0x2020,0x2020,0x2C2C,0x2020,0x2020,0x2020,
	0x2C2C,0x2020,0x2020,0x2020,0x2C2C,0x2020,0x2020,0x2020,
	0x2C2C,0x2020,0x2020,0x2020,0x2020,0x2020,0x2020,0x2020,
	0x2020,0x2020,0x2020,0x2020,0x2020,0x2020,0x2020,0x2020,

	0x2020,0x2020,0x2020,0x2020,0x2020,0x2020,0x2020,0x2020,
	0x2020,0x2020,0x2020,0x2020,0x2020,0x2020,0x2020,0x2020,
	0x2020,0x2020,0x2020,0x2020,0x2020,0x2020,0x2020,0x2020,
	0x2020,0x2020,0x2020,0x2020,0x2020,0x2020,0x2020,0x2020,
	0x2020,0x2020,0x2020,0x2020,0x2020,0x2020,0x2020,0x2020,
	0x2020,0x2020,0x2020,0x2020,0x2020,0x2020,0x2020,0x2020,
	0x2020,0x2020,0x2020,0x2020,0x2020,0x2020,0x2020,0x2020,
	0x2020,0x2020,0x2020,0x2020,0x2020,0x2020,0x2020,0x2020,

	0x2020,0x2020,0x2020,0x2020,0x2020,0x2020,0x2020,0x2020,
	0x2020,0x2020,0x2020,0x2020,0x2020,0x2020,0x2020,0x2020,
	0x2020,0x2020,0x2020,0x2020,0x2020,0x2020,0x2020,0x2020,
	0x2020,0x2020,0x2020,0x2020,0x2020,0x2020,0x2020,0x2020,
	0x2020,0x2020,0x2020,0x2020,0x2020,0x2020,0x2020,0x2020,
	0x2020,0x2020,0x2020,0x2020,0x2020,0x2020,0x2020,0x2020,
	0x2020,0x2020,0x2020,0x2020,0x2020,0x2020,0x2020,0x2020,
	0x2020,0x2020,0x2020,0x2020,0x2020,0x2020,0x2020,0x2020,

	0x2020,0x2020,0x2020,0x2020,0x2020,0x2020,0x2020,0x2020,
	0x2020,0x2020,0x2020,0x2020,0x2020,0x2020,0x2020,0x2020,
	0x2020,0x2020,0x2020,0x2020,0x2020,0x2020,0x2020,0x2020,
	0x2020,0x2020,0x2020,0x2020,0x2020,0x2020,0x2020,0x2020,
	0x2020,0x2020,0x2020,0x2020,0x2020,0x2020,0x2020,0x2020,
	0x2020,0x2020,0x2020,0x2020,0x2020,0x2020,0x2020,0x2020,
	0x2020,0x2020,0x2020,0x2020,0x2020,0x2020,0x2020,0x2020,
	0x2020,0x2020,0x2020,0x2020,0x2020,0x2020,0x2020,0x2020,

	0x2020,0x2020,0x2020,0x2020,0x2020,0x2020,0x2020,0x2020,
	0x2020,0x2020,0x2020,0x2020,0x2020,0x2020,0x2020,0x2020,
	0x2020,0x2020,0x2020,0x2020,0x2020,0x2020,0x2020,0x2020,
	0x2020,0x2020,0x2020,0x2020,0x2020,0x2020,0x2020,0x2020,
	0x2020,0x2020,0x2020,0x2020,0x2020,0x2020,0x2020,0x2020,
	0x2020,0x2020,0x2020,0x2020,0x2020,0x2020,0x2020,0x2020,
	0x2020,0x2020,0x2020,0x2020,0x2020,0x2020,0x2020,0x2020,
	0x2020,0x2020,0x2020,0x2020,0x2020,0x2020,0x2020,0x2020,

	0x2020,0x2020,0x2020,0x2020,0x2020,0x2020,0x2020,0x2020,
	0x2020,0x2020,0x2020,0x2020,0x2020,0x2020,0x2020,0x2020,
	0x2020,0x2020,0x2020,0x2020,0x2020,0x2020,0x2020,0x2020,
	0x2020,0x2020,0x2020,0x2020,0x2020,0x2020,0x2020,0x2020,
	0x2020,0x2020,0x2020,0x2020,0x2020,0x2020,0x2020,0x2020,
	0x2020,0x2020,0x2020,0x2020,0x2020,0x2020,0x2020,0x2020,
	0x2020,0x2020,0x2020,0x2020,0x2020,0x2020,0x2020,0x2020,
	0x2020,0x2020,0x2020,0x2020,0x2020,0x2020,0x2020,0x2020,

	0x2020,0x2020,0x2020,0x2020,0x2020,0x2020,0x2020,0x2020,
	0x2020,0x2020,0x2020,0x2020,0x2020,0x2020,0x2020,0x2020,
	0x2020,0x2020,0x2020,0x2020,0x2020,0x2020,0x2020,0x2020,
	0x2020,0x2020,0x2020,0x2020,0x2020,0x2020,0x2020,0x2020,
	0x2020,0x2020,0x2020,0x2020,0x2020,0x2020,0x2020,0x2020,
	0x2020,0x2020,0x2020,0x2020,0x2020,0x2020,0x2020,0x2020,
	0x2020,0x2020,0x2020,0x2020,0x2020,0x2020,0x2020,0x2020,
	0x2020,0x2020,0x2020,0x2020,0x2020,0x2020,0x2020,0x2020,

	0x2020,0x2020,0x2020,0x2020,0x2020,0x2020,0x2020,0x2020,
	0x2020,0x2020,0x2020,0x2020,0x2020,0x2020,0x2020,0x2020,
	0x2020,0x2020,0x2020,0x2020,0x2020,0x2020,0x2020,0x2020,
	0x2020,0x2020,0x2020,0x2020,0x2020,0x2020,0x2020,0x2020,
	0x2020,0x2020,0x2020,0x2020,0x2020,0x2020,0x2020,0x2020,
	0x2020,0x2020,0x2020,0x2020,0x2020,0x2020,0x2020,0x2020,
	0x2020,0x2020,0x2020,0x2020,0x2020,0x2020,0x2020,0x2020,
	0x2020,0x2020,0x2020,0x2020,0x2020,0x2020,0x2020,0x2020,

	0x2020,0x2020,0x2020,0x2020,0x2020,0x2020,0x2020,0x2C20,
	0x2020,0x2020,0x2020,0x2C2C,0x2020,0x2020,0x2020,0x2C2C,
	0x2020,0x2020,0x2020,0x2C20,0x2020,0x2020,0x2020,0x2C20,
	0x2020,0x2020,0x2020,0x2C20,0x2020,0x2020,0x2020,0x2C20,
	0x262C,0x2422,0x2424,0x2424,0x222C,0x242E,0x2424,0x2424,
	0x222C,0x2424,0x2424,0x2424,0x222C,0x2424,0x2424,0x2424,
	0x222C,0x2424,0x2424,0x2424,0x222C,0x2424,0x2424,0x2424,
	0x222C,0x2424,0x2424,0x2B24,0x262C,0x2424,0x2424,0x2924,

	0x2424,0x2424,0x2B24,0x2423,0x2424,0x2424,0x2724,0x242B,
	0x2424,0x2424,0x2E24,0x2D2B,0x2424,0x2424,0x2424,0x2B2D,
	0x2424,0x2424,0x2424,0x2F29,0x2424,0x2424,0x2424,0x2424,
	0x242B,0x2424,0x2424,0x2424,0x2429,0x2424,0x2424,0x2424,
	0x2C22,0x2C2C,0x202C,0x2020,0x2624,0x2C2C,0x202C,0x2020,
	0x2224,0x2C2C,0x202C,0x2020,0x2224,0x2C2C,0x202C,0x2020,
	0x2224,0x2C2C,0x202C,0x2020,0x2E24,0x2C2C,0x202C,0x2020,
	0x2E24,0x2C2C,0x202C,0x2020,0x2E24,0x2D2B,0x202C,0x2020,

	0x2020,0x2020,0x2020,0x2020,0x2020,0x2020,0x2020,0x2020,
	0x2020,0x2020,0x2020,0x2020,0x2020,0x2020,0x2020,0x2020,
	0x2020,0x2020,0x2020,0x2020,0x2020,0x2020,0x2020,0x2020,
	0x2020,0x2020,0x2020,0x2020,0x2020,0x2020,0x2020,0x2020,
	0x2020,0x2020,0x2020,0x2020,0x2020,0x2020,0x2020,0x2020,
	0x2020,0x2020,0x2020,0x2020,0x2020,0x2020,0x2020,0x2020,
	0x2020,0x2020,0x2020,0x2020,0x2020,0x2020,0x2020,0x2020,
	0x2020,0x2020,0x2020,0x2020,0x2020,0x2020,0x2020,0x2020,

	0x2020,0x2020,0x2020,0x2020,0x2020,0x2020,0x2020,0x2020,
	0x2020,0x2020,0x2020,0x2020,0x2020,0x2020,0x2020,0x2020,
	0x2020,0x2020,0x2020,0x2020,0x2020,0x2020,0x2020,0x2020,
	0x2020,0x2020,0x2020,0x2020,0x2020,0x2020,0x2020,0x2020,
	0x2020,0x2020,0x2020,0x2020,0x2020,0x2020,0x2020,0x2020,
	0x2020,0x2020,0x2020,0x2020,0x2020,0x2020,0x2020,0x2020,
	0x2020,0x2020,0x2020,0x2020,0x2020,0x2020,0x2020,0x2020,
	0x2020,0x2020,0x2020,0x2020,0x2020,0x2020,0x2020,0x2020,

	0x2020,0x2020,0x2020,0x2020,0x2020,0x2020,0x2020,0x2020,
	0x2020,0x2020,0x2020,0x2020,0x2020,0x2020,0x2020,0x2020,
	0x2020,0x2020,0x2020,0x2020,0x2020,0x2020,0x2020,0x2020,
	0x2020,0x2020,0x2020,0x2020,0x2020,0x2020,0x2020,0x2020,
	0x2020,0x2020,0x2020,0x2020,0x2020,0x2020,0x2020,0x2020,
	0x2020,0x2020,0x2020,0x2020,0x2020,0x2020,0x2020,0x2020,
	0x2020,0x2020,0x2020,0x2020,0x2020,0x2020,0x2020,0x2020,
	0x2020,0x2020,0x2020,0x2020,0x2020,0x2020,0x2020,0x2020,

	0x2020,0x2020,0x2020,0x2020,0x2020,0x2020,0x2020,0x2020,
	0x2020,0x2020,0x2020,0x2020,0x2020,0x2020,0x2020,0x2020,
	0x2020,0x2020,0x2020,0x2020,0x2020,0x2020,0x2020,0x2020,
	0x2020,0x2020,0x2020,0x2020,0x2020,0x2020,0x2020,0x2020,
	0x2020,0x2020,0x2020,0x2020,0x2020,0x2020,0x2020,0x2020,
	0x2020,0x2020,0x2020,0x2020,0x2020,0x2020,0x2020,0x2020,
	0x2020,0x2020,0x2020,0x2020,0x2020,0x2020,0x2020,0x2020,
	0x2020,0x2020,0x2020,0x2020,0x2020,0x2020,0x2020,0x2020,

	0x2020,0x2020,0x2020,0x2020,0x2020,0x2020,0x2020,0x2020,
	0x2020,0x2020,0x2020,0x2020,0x2020,0x2020,0x2020,0x2020,
	0x2020,0x2020,0x2020,0x2020,0x2020,0x2020,0x2020,0x2020,
	0x2020,0x2020,0x2020,0x2020,0x2020,0x2020,0x2020,0x2020,
	0x2020,0x2020,0x2D20,0x2F2D,0x2020,0x2020,0x2D20,0x2F2D,
	0x2020,0x2020,0x2D20,0x2F2D,0x2020,0x2020,0x2D20,0x2B2F,
	0x202D,0x2020,0x2D23,0x2B2D,0x2D2D,0x2F2F,0x2B2F,0x2B2B,
	0x2020,0x2D2D,0x2D2B,0x2B2F,0x2020,0x2D20,0x2D2D,0x2B2F,

	0x2020,0x2020,0x2020,0x2020,0x2020,0x2020,0x2020,0x2020,
	0x2020,0x2020,0x2020,0x2020,0x202D,0x2020,0x2020,0x2020,
	0x202D,0x2020,0x2020,0x2020,0x2F2F,0x2F2F,0x202F,0x2020,
	0x2F2F,0x2F2D,0x202F,0x2020,0x2D2D,0x202F,0x2020,0x2020,
	0x2020,0x2020,0x2828,0x2828,0x2020,0x2020,0x2020,0x2820,
	0x2020,0x2020,0x2020,0x2020,0x2020,0x2020,0x2020,0x2020,
	0x2020,0x2020,0x2020,0x2020,0x2020,0x2020,0x2020,0x2020,
	0x2020,0x2020,0x2020,0x2020,0x2020,0x2020,0x2020,0x2020,

	0x2C28,0x242E,0x2424,0x2424,0x2C28,0x2222,0x2222,0x2E2E,
	0x2020,0x2828,0x2828,0x2328,0x2020,0x2828,0x2828,0x2828,
	0x2020,0x2828,0x2828,0x2828,0x2020,0x2020,0x2020,0x2020,
	0x2020,0x2020,0x2020,0x2020,0x2020,0x2020,0x2020,0x2020,
	0x2424,0x2424,0x2424,0x2424,0x2424,0x2E24,0x2E2E,0x222E,
	0x2823,0x2C2C,0x2C2C,0x2C2C,0x2328,0x2323,0x2828,0x2828,
	0x2828,0x2828,0x2028,0x2020,0x2020,0x2020,0x2020,0x2020,
	0x2020,0x2020,0x2020,0x2020,0x2020,0x2020,0x2020,0x2020,

	0x2E24,0x2222,0x2C26,0x2828,0x2C22,0x2828,0x2828,0x2020,
	0x2828,0x2828,0x2020,0x2020,0x2828,0x2828,0x2020,0x2020,
	0x2020,0x2020,0x2020,0x2020,0x2020,0x2020,0x2020,0x2020,
	0x2020,0x2020,0x2020,0x2020,0x2020,0x2020,0x2020,0x2020,
	0x2020,0x2020,0x2020,0x2020,0x2020,0x2020,0x2020,0x2020,
	0x2020,0x2020,0x2020,0x2020,0x2020,0x2020,0x2020,0x2020,
	0x2020,0x2020,0x2020,0x2020,0x2020,0x2020,0x2020,0x2020,
	0x2020,0x2020,0x2020,0x2020,0x2020,0x2020,0x2020,0x2020,

	0x2020,0x2020,0x2020,0x2020,0x2020,0x2020,0x2020,0x2020,
	0x2020,0x2020,0x2020,0x2020,0x2020,0x2020,0x2020,0x2020,
	0x2020,0x2020,0x2020,0x2020,0x2020,0x2020,0x2020,0x2020,
	0x2020,0x2020,0x2020,0x2020,0x2020,0x2020,0x2020,0x2020,
	0x2020,0x2020,0x2020,0x2020,0x2020,0x2020,0x2020,0x2020,
	0x2020,0x2020,0x2020,0x2020,0x2020,0x2020,0x2020,0x2020,
	0x2020,0x2020,0x2020,0x2020,0x2020,0x2020,0x2020,0x2020,
	0x2020,0x2020,0x2020,0x2020,0x2020,0x2020,0x2020,0x2020,

	0x2020,0x2020,0x2020,0x2020,0x2020,0x2020,0x2020,0x2020,
	0x2020,0x2020,0x2020,0x2020,0x2020,0x2020,0x2020,0x2020,
	0x2020,0x2020,0x2020,0x2020,0x2020,0x2020,0x2020,0x2020,
	0x2020,0x2020,0x2020,0x2020,0x2020,0x2020,0x2020,0x2020,
	0x2020,0x2020,0x2020,0x2020,0x2020,0x2020,0x2020,0x2020,
	0x2020,0x2020,0x2020,0x2020,0x2020,0x2020,0x2020,0x2020,
	0x2020,0x2020,0x2020,0x2020,0x2020,0x2020,0x2020,0x2020,
	0x2020,0x2020,0x2020,0x2020,0x2020,0x2020,0x2020,0x2020,

	0x2020,0x2020,0x2020,0x2020,0x2020,0x2020,0x2020,0x2020,
	0x2020,0x2020,0x2020,0x2020,0x2020,0x2020,0x2020,0x2020,
	0x2020,0x2020,0x2020,0x2020,0x2020,0x2020,0x2020,0x2020,
	0x2020,0x2020,0x2020,0x2020,0x2020,0x2020,0x2020,0x2020,
	0x2020,0x2020,0x2020,0x2020,0x2020,0x2020,0x2020,0x2020,
	0x2020,0x2020,0x2020,0x2020,0x2020,0x2020,0x2020,0x2020,
	0x2020,0x2020,0x2020,0x2020,0x2020,0x2020,0x2020,0x2020,
	0x2020,0x2020,0x2020,0x2020,0x2020,0x2020,0x2020,0x2020,

	0x2020,0x2020,0x2020,0x2020,0x2020,0x2020,0x2020,0x2020,
	0x2020,0x2020,0x2020,0x2020,0x2020,0x2020,0x2020,0x2020,
	0x2020,0x2020,0x2020,0x2020,0x2020,0x2020,0x2020,0x2020,
	0x2020,0x2020,0x2020,0x2020,0x2020,0x2020,0x2020,0x2020,
	0x2020,0x2020,0x2020,0x2020,0x2020,0x2020,0x2020,0x2020,
	0x2020,0x2020,0x2020,0x2020,0x2020,0x2020,0x2020,0x2020,
	0x2020,0x2020,0x2020,0x2020,0x2020,0x2020,0x2020,0x2020,
	0x2020,0x2020,0x2020,0x2020,0x2020,0x2020,0x2020,0x2020,

	0x2020,0x2020,0x2020,0x2020,0x2020,0x2020,0x2020,0x2020,
	0x2020,0x2020,0x2020,0x2020,0x2020,0x2020,0x2020,0x2020,
	0x2020,0x2020,0x2020,0x2020,0x2020,0x2020,0x2020,0x2020,
	0x2020,0x2020,0x2020,0x2020,0x2020,0x2020,0x2020,0x2020,
	0x2020,0x2020,0x2020,0x2020,0x2020,0x2020,0x2020,0x2020,
	0x2020,0x2020,0x2020,0x2020,0x2020,0x2020,0x2020,0x2020,
	0x2020,0x2020,0x2020,0x2020,0x2020,0x2020,0x2020,0x2020,
	0x2020,0x2020,0x2020,0x2020,0x2020,0x2020,0x2020,0x2020,

	0x2020,0x2020,0x2020,0x2020,0x2020,0x2020,0x2020,0x2020,
	0x2020,0x2020,0x2020,0x2020,0x2020,0x2020,0x2020,0x2020,
	0x2020,0x2020,0x2020,0x2020,0x2020,0x2020,0x2020,0x2020,
	0x2020,0x2020,0x2020,0x2020,0x2020,0x2020,0x2020,0x2020,
	0x2020,0x2020,0x2020,0x2020,0x2020,0x2020,0x2020,0x2020,
	0x2020,0x2020,0x2020,0x2020,0x2020,0x2020,0x2020,0x2020,
	0x2020,0x2020,0x2020,0x2020,0x2020,0x2020,0x2020,0x2020,
	0x2020,0x2020,0x2020,0x2020,0x2020,0x2020,0x2020,0x2020,

	0x2020,0x2020,0x2020,0x2020,0x2020,0x2020,0x2020,0x2020,
	0x2020,0x2020,0x2020,0x2020,0x2020,0x2020,0x2020,0x2020,
	0x2020,0x2020,0x2020,0x2020,0x2020,0x2020,0x2020,0x2020,
	0x2020,0x2020,0x2020,0x2020,0x2020,0x2020,0x2020,0x2020,
	0x2020,0x2020,0x2020,0x2020,0x2020,0x2020,0x2020,0x2020,
	0x2020,0x2020,0x2020,0x2020,0x2020,0x2020,0x2020,0x2020,
	0x2020,0x2020,0x2020,0x2020,0x2020,0x2020,0x2020,0x2020,
	0x2020,0x2020,0x2020,0x2020,0x2020,0x2020,0x2020,0x2020,

	0x2020,0x2020,0x2020,0x2020,0x2020,0x2020,0x2020,0x2020,
	0x2020,0x2020,0x2020,0x2020,0x2020,0x2020,0x2020,0x2020,
	0x2020,0x2020,0x2020,0x2020,0x2020,0x2020,0x2020,0x2020,
	0x2020,0x2020,0x2020,0x2020,0x2020,0x2020,0x2020,0x2020,
	0x2020,0x2020,0x2020,0x2020,0x2020,0x2020,0x2020,0x2020,
	0x2020,0x2020,0x2020,0x2020,0x2020,0x2020,0x2020,0x2020,
	0x2020,0x2020,0x2020,0x2020,0x2020,0x2020,0x2020,0x2020,
	0x2020,0x2020,0x2020,0x2020,0x2020,0x2020,0x2020,0x2020,

	0x2020,0x2020,0x2020,0x2020,0x2020,0x2020,0x2020,0x2020,
	0x2020,0x2020,0x2020,0x2020,0x2020,0x2020,0x2020,0x2020,
	0x2020,0x2020,0x2020,0x2020,0x2020,0x2020,0x2020,0x2020,
	0x2020,0x2020,0x2020,0x2020,0x2020,0x2020,0x2020,0x2020,
	0x2020,0x2020,0x2020,0x2020,0x2020,0x2020,0x2020,0x2020,
	0x2020,0x2020,0x2020,0x2020,0x2020,0x2020,0x2020,0x2020,
	0x2020,0x2020,0x2020,0x2020,0x2020,0x2020,0x2020,0x2020,
	0x2020,0x2020,0x2020,0x2020,0x2020,0x2020,0x2020,0x2020,

	0x2020,0x2020,0x2020,0x2020,0x2020,0x2020,0x2020,0x2020,
	0x2020,0x2020,0x2020,0x2020,0x2020,0x2020,0x2020,0x2020,
	0x2020,0x2020,0x2020,0x2020,0x2020,0x2020,0x2020,0x2020,
	0x2020,0x2020,0x2020,0x2020,0x2020,0x2020,0x2020,0x2020,
	0x2020,0x2020,0x2020,0x2020,0x2020,0x2020,0x2020,0x2020,
	0x2020,0x2020,0x2020,0x2020,0x2020,0x2020,0x2020,0x2020,
	0x2020,0x2020,0x2020,0x2020,0x2020,0x2020,0x2020,0x2020,
	0x2020,0x2020,0x2020,0x2020,0x2020,0x2020,0x2020,0x2020,

	0x2020,0x2020,0x2020,0x2020,0x2020,0x2020,0x2020,0x2020,
	0x2020,0x2020,0x2020,0x2020,0x2020,0x2020,0x2020,0x2020,
	0x2020,0x2020,0x2020,0x2020,0x2020,0x2020,0x2020,0x2020,
	0x2020,0x2020,0x2020,0x2020,0x2020,0x2020,0x2020,0x2020,
	0x2020,0x2020,0x2020,0x2020,0x2020,0x2020,0x2020,0x2020,
	0x2020,0x2020,0x2020,0x2020,0x2020,0x2020,0x2020,0x2020,
	0x2020,0x2020,0x2020,0x2020,0x2020,0x2020,0x2020,0x2020,
	0x2020,0x2020,0x2020,0x2020,0x2020,0x2020,0x2020,0x2020,

	0x2020,0x2020,0x2020,0x2020,0x2020,0x2020,0x2020,0x2020,
	0x2020,0x2020,0x2020,0x2020,0x2020,0x2020,0x2020,0x2020,
	0x2020,0x2020,0x2020,0x2020,0x2020,0x2020,0x2020,0x2020,
	0x2020,0x2020,0x2020,0x2020,0x2020,0x2020,0x2020,0x2020,
	0x2020,0x2020,0x2020,0x2020,0x2020,0x2020,0x2020,0x2020,
	0x2020,0x2020,0x2020,0x2020,0x2020,0x2020,0x2020,0x2020,
	0x2020,0x2020,0x2020,0x2020,0x2020,0x2020,0x2020,0x2020,
	0x2020,0x2020,0x2020,0x2020,0x2020,0x2020,0x2020,0x2020,

	0x2020,0x2020,0x2020,0x2020,0x2020,0x2020,0x2020,0x2020,
	0x2020,0x2020,0x2020,0x2020,0x2020,0x2020,0x2020,0x2020,
	0x2020,0x2020,0x2020,0x2020,0x2020,0x2020,0x2020,0x2020,
	0x2020,0x2020,0x2020,0x2020,0x2020,0x2020,0x2020,0x2020,
	0x2020,0x2020,0x2C2C,0x2C2C,0x2020,0x2020,0x2020,0x2C20,
	0x2020,0x2020,0x2020,0x2C20,0x2020,0x2020,0x2020,0x2020,
	0x2020,0x2020,0x2020,0x2020,0x2020,0x2020,0x2020,0x2020,
	0x2020,0x2020,0x2020,0x2020,0x2020,0x2020,0x2020,0x2020,

	0x2C2C,0x2E26,0x242E,0x2424,0x2C2C,0x2C2C,0x2C2C,0x2226,
	0x2C2C,0x2C2C,0x2C2C,0x2C2C,0x2020,0x2C20,0x2C2C,0x2C2C,
	0x2020,0x2020,0x2C2C,0x2C2C,0x2020,0x2020,0x2020,0x2020,
	0x2020,0x2020,0x2020,0x2020,0x2020,0x2020,0x2020,0x2020,
	0x2424,0x2424,0x2424,0x2E24,0x2E2E,0x2424,0x2E2E,0x2D2E,
	0x262C,0x2622,0x2626,0x2B2C,0x2C2C,0x2C2C,0x2C2C,0x2C2C,
	0x2C2C,0x2C2C,0x2C2C,0x2C2C,0x2020,0x2020,0x2020,0x2020,
	0x2020,0x2020,0x2020,0x2020,0x2020,0x2020,0x2020,0x2020,

	0x2B29,0x262B,0x2C2C,0x2020,0x2B2B,0x2C2C,0x282C,0x2020,
	0x2C2B,0x2C2C,0x2C2C,0x2020,0x2C2C,0x2020,0x2020,0x2020,
	0x2C2C,0x2020,0x2020,0x2020,0x2020,0x2020,0x2020,0x2020,
	0x2020,0x2020,0x2020,0x2020,0x2020,0x2020,0x2020,0x2020,
	0x2020,0x2020,0x2020,0x2020,0x2020,0x2020,0x2020,0x2020,
	0x2020,0x2020,0x2020,0x2020,0x2020,0x2020,0x2020,0x2020,
	0x2020,0x2020,0x2020,0x2020,0x2020,0x2020,0x2020,0x2020,
	0x2020,0x2020,0x2020,0x2020,0x2020,0x2020,0x2020,0x2020,

	0x2020,0x2020,0x2020,0x2020,0x2020,0x2020,0x2020,0x2020,
	0x2020,0x2020,0x2020,0x2020,0x2020,0x2020,0x2020,0x2020,
	0x2020,0x2020,0x2020,0x2020,0x2020,0x2020,0x2020,0x2020,
	0x2020,0x2020,0x2020,0x2020,0x2020,0x2020,0x2020,0x2020,
	0x2020,0x2020,0x2020,0x2020,0x2020,0x2020,0x2020,0x2020,
	0x2020,0x2020,0x2020,0x2020,0x2020,0x2020,0x2020,0x2020,
	0x2020,0x2020,0x2020,0x2020,0x2020,0x2020,0x2020,0x2020,
	0x2020,0x2020,0x2020,0x2020,0x2020,0x2020,0x2020,0x2020,

	0x2020,0x2020,0x2020,0x2020,0x2020,0x2020,0x2020,0x2020,
	0x2020,0x2020,0x2020,0x2020,0x2020,0x2020,0x2020,0x2020,
	0x2020,0x2020,0x2020,0x2020,0x2020,0x2020,0x2020,0x2020,
	0x2020,0x2020,0x2020,0x2020,0x2020,0x2020,0x2020,0x2020,
	0x2020,0x2020,0x2020,0x2020,0x2020,0x2020,0x2020,0x2020,
	0x2020,0x2020,0x2020,0x2020,0x2020,0x2020,0x2020,0x2020,
	0x2020,0x2020,0x2020,0x2020,0x2020,0x2020,0x2020,0x2020,
	0x2020,0x2020,0x2020,0x2020,0x2020,0x2020,0x2020,0x2020,

	0x2020,0x2020,0x2020,0x2020,0x2020,0x2020,0x2020,0x2020,
	0x2020,0x2020,0x2020,0x2020,0x2020,0x2020,0x2020,0x2020,
	0x2020,0x2020,0x2020,0x2020,0x2020,0x2020,0x2020,0x2020,
	0x2020,0x2020,0x2020,0x2020,0x2020,0x2020,0x2020,0x2020,
	0x2020,0x2020,0x2020,0x2020,0x2020,0x2020,0x2020,0x2020,
	0x2020,0x2020,0x2020,0x2020,0x2020,0x2020,0x2020,0x2020,
	0x2020,0x2020,0x2020,0x2020,0x2020,0x2020,0x2020,0x2020,
	0x2020,0x2020,0x2020,0x2020,0x2020,0x2020,0x2020,0x2020,

	0x2020,0x2020,0x2020,0x2020,0x2020,0x2020,0x2020,0x2020,
	0x2020,0x2020,0x2020,0x2020,0x2020,0x2020,0x2020,0x2020,
	0x2020,0x2020,0x2020,0x2020,0x2020,0x2020,0x2020,0x2020,
	0x2020,0x2020,0x2020,0x2020,0x2020,0x2020,0x2020,0x2020,
	0x2020,0x2020,0x2020,0x2020,0x2020,0x2020,0x2020,0x2020,
	0x2020,0x2020,0x2020,0x2020,0x2020,0x2020,0x2020,0x2020,
	0x2020,0x2020,0x2020,0x2020,0x2020,0x2020,0x2020,0x2020,
	0x2020,0x2020,0x2020,0x2020,0x2020,0x2020,0x2020,0x2020,

	0x2020,0x2020,0x2020,0x2020,0x2020,0x2020,0x2020,0x2020,
	0x2020,0x2020,0x2020,0x2020,0x2020,0x2020,0x2020,0x2020,
	0x2020,0x2020,0x2020,0x2020,0x2020,0x2020,0x2020,0x2020,
	0x2020,0x2020,0x2020,0x2020,0x2020,0x2020,0x2020,0x2020,
	0x2020,0x2020,0x2020,0x2020,0x2020,0x2020,0x2020,0x2020,
	0x2020,0x2020,0x2020,0x2020,0x2020,0x2020,0x2020,0x2020,
	0x2020,0x2020,0x2020,0x2020,0x2020,0x2020,0x2020,0x2020,
	0x2020,0x2020,0x2020,0x2020,0x2020,0x2020,0x2020,0x2020,

	0x2020,0x2020,0x2020,0x2020,0x2020,0x2020,0x2020,0x2020,
	0x2020,0x2020,0x2020,0x2020,0x2020,0x2020,0x2020,0x2020,
	0x2020,0x2020,0x2020,0x2020,0x2020,0x2020,0x2020,0x2020,
	0x2020,0x2020,0x2020,0x2020,0x2020,0x2020,0x2020,0x2020,
	0x2020,0x2020,0x2020,0x2020,0x2020,0x2020,0x2020,0x2020,
	0x2020,0x2020,0x2020,0x2020,0x2020,0x2020,0x2020,0x2020,
	0x2020,0x2020,0x2020,0x2020,0x2020,0x2020,0x2020,0x2020,
	0x2020,0x2020,0x2020,0x2020,0x2020,0x2020,0x2020,0x2020,

	0x2020,0x2020,0x2020,0x2020,0x2020,0x2020,0x2020,0x2020,
	0x2020,0x2020,0x2020,0x2020,0x2020,0x2020,0x2020,0x2020,
	0x2020,0x2020,0x2020,0x2020,0x2020,0x2020,0x2020,0x2020,
	0x2020,0x2020,0x2020,0x2020,0x2020,0x2020,0x2020,0x2020,
	0x2020,0x2020,0x2020,0x2020,0x2020,0x2020,0x2020,0x2020,
	0x2020,0x2020,0x2020,0x2020,0x2020,0x2020,0x2020,0x2020,
	0x2020,0x2020,0x2020,0x2020,0x2020,0x2020,0x2020,0x2020,
	0x2020,0x2020,0x2020,0x2020,0x2020,0x2020,0x2020,0x2020,

	0x2020,0x2020,0x2020,0x2C20,0x2020,0x2020,0x2020,0x2C20,
	0x2020,0x2020,0x2020,0x2C20,0x2020,0x2020,0x2020,0x2C20,
	0x2020,0x2020,0x2020,0x2020,0x2020,0x2020,0x2020,0x2020,
	0x2020,0x2020,0x2020,0x2020,0x2020,0x2020,0x2020,0x2020,
	0x262C,0x242E,0x2424,0x2424,0x2C2C,0x242E,0x2424,0x2424,
	0x2C2C,0x2E22,0x242E,0x2424,0x2C2C,0x2C2C,0x2422,0x2424,
	0x2C20,0x2C2C,0x2E22,0x2424,0x2C20,0x2C2C,0x2226,0x2222,
	0x2C20,0x2C2C,0x2B29,0x2B2B,0x2020,0x2020,0x232B,0x2B2F,

	0x2424,0x2424,0x2424,0x2424,0x2424,0x2424,0x2424,0x2424,
	0x2424,0x2424,0x2424,0x2424,0x2424,0x2424,0x2424,0x2224,
	0x2424,0x2424,0x2424,0x2224,0x2E22,0x2424,0x2424,0x222E,
	0x2D2D,0x2723,0x2222,0x2622,0x2B2B,0x2D2B,0x2C2C,0x2C2C,
	0x2E24,0x272B,0x202C,0x2020,0x2E24,0x272D,0x202C,0x2020,
	0x2E2E,0x2826,0x2020,0x2020,0x2626,0x2C2C,0x2020,0x2020,
	0x2C2C,0x202C,0x2020,0x2020,0x202C,0x2020,0x2020,0x2020,
	0x202C,0x2020,0x2020,0x2020,0x2020,0x2020,0x2020,0x2020,

	0x2020,0x2020,0x2020,0x2020,0x2020,0x2020,0x2020,0x2020,
	0x2020,0x2020,0x2020,0x2020,0x2020,0x2020,0x2020,0x2020,
	0x2020,0x2020,0x2020,0x2020,0x2020,0x2020,0x2020,0x2020,
	0x2020,0x2020,0x2020,0x2020,0x2020,0x2020,0x2020,0x2020,
	0x2020,0x2020,0x2020,0x2020,0x2020,0x2020,0x2020,0x2020,
	0x2020,0x2020,0x2020,0x2020,0x2020,0x2020,0x2020,0x2020,
	0x2020,0x2020,0x2020,0x2020,0x2020,0x2020,0x2020,0x2020,
	0x2020,0x2020,0x2020,0x2020,0x2020,0x2020,0x2020,0x2020,

	0x2020,0x2020,0x2020,0x2020,0x2020,0x2020,0x2020,0x2020,
	0x2020,0x2020,0x2020,0x2020,0x2020,0x2020,0x2020,0x2020,
	0x2020,0x2020,0x2020,0x2020,0x2020,0x2020,0x2020,0x2020,
	0x2020,0x2020,0x2020,0x2020,0x2020,0x2020,0x2020,0x2020,
	0x2020,0x2020,0x2020,0x2020,0x2020,0x2020,0x2020,0x2020,
	0x2020,0x2020,0x2020,0x2020,0x2020,0x2020,0x2020,0x2020,
	0x2020,0x2020,0x2020,0x2020,0x2020,0x2020,0x2020,0x2020,
	0x2020,0x2020,0x2020,0x2020,0x2020,0x2020,0x2020,0x2020,

	0x2020,0x2020,0x2020,0x2020,0x2020,0x2020,0x2020,0x2020,
	0x2020,0x2020,0x2020,0x2020,0x2020,0x2020,0x2020,0x2020,
	0x2020,0x2020,0x2020,0x2020,0x2020,0x2020,0x2020,0x2020,
	0x2020,0x2020,0x2020,0x2020,0x2020,0x2020,0x2020,0x2020,
	0x2020,0x2020,0x2020,0x2020,0x2020,0x2020,0x2020,0x2020,
	0x2020,0x2020,0x2020,0x2020,0x2020,0x2020,0x2020,0x2020,
	0x2020,0x2020,0x2020,0x2020,0x2020,0x2020,0x2020,0x2020,
	0x2020,0x2020,0x2020,0x2020,0x2020,0x2020,0x2020,0x2020,

	0x2020,0x2020,0x2020,0x2020,0x2020,0x2020,0x2020,0x2020,
	0x2020,0x2020,0x2020,0x2020,0x2020,0x2020,0x2020,0x2020,
	0x2020,0x2020,0x2020,0x2020,0x2020,0x2020,0x2020,0x2020,
	0x2020,0x2020,0x2020,0x2020,0x2020,0x2020,0x2020,0x2020,
	0x2020,0x2020,0x2020,0x2020,0x2020,0x2020,0x2020,0x2020,
	0x2020,0x2020,0x2020,0x2020,0x2020,0x2020,0x2020,0x2020,
	0x2020,0x2020,0x2020,0x2020,0x2020,0x2020,0x2020,0x2020,
	0x2020,0x2020,0x2020,0x2020,0x2020,0x2020,0x2020,0x2020,

	0x2020,0x2020,0x2020,0x2020,0x2020,0x2020,0x2020,0x2020,
	0x2020,0x2020,0x2020,0x2020,0x2020,0x2020,0x2020,0x2020,
	0x2020,0x2020,0x2020,0x2020,0x2020,0x2020,0x2020,0x2020,
	0x2020,0x2020,0x2020,0x2020,0x2020,0x2020,0x2020,0x2020,
	0x2020,0x2D20,0x2D2D,0x2B2F,0x2020,0x2020,0x2D2D,0x2B2F,
	0x2020,0x2020,0x2D20,0x2B2F,0x2020,0x2020,0x2020,0x2F2F,
	0x2020,0x2020,0x2020,0x2F2F,0x2020,0x2020,0x2020,0x2D2F,
	0x2020,0x2020,0x2020,0x202F,0x2020,0x2020,0x2020,0x2020,

	0x202D,0x2020,0x2020,0x2020,0x202D,0x2020,0x2020,0x2020,
	0x2020,0x2020,0x2020,0x2020,0x2020,0x2020,0x2020,0x2020,
	0x2020,0x2020,0x2020,0x2020,0x2020,0x2020,0x2020,0x2020,
	0x2020,0x2020,0x2020,0x2020,0x2020,0x2020,0x2020,0x2020,
	0x2020,0x2020,0x2020,0x2020,0x2020,0x2020,0x2020,0x2020,
	0x2020,0x2020,0x2020,0x2020,0x2020,0x2020,0x2020,0x2020,
	0x2020,0x2020,0x2020,0x2020,0x2020,0x2020,0x2020,0x2020,
	0x2020,0x2020,0x2020,0x2020,0x2020,0x2020,0x2020,0x2020,

	0x2020,0x2020,0x2020,0x2020,0x2020,0x2020,0x2020,0x2020,
	0x2020,0x2020,0x2020,0x2020,0x2020,0x2020,0x2020,0x2020,
	0x2020,0x2020,0x2020,0x2020,0x2020,0x2020,0x2020,0x2020,
	0x2020,0x2020,0x2020,0x2020,0x2020,0x2020,0x2020,0x2020,
	0x2020,0x2020,0x2020,0x2020,0x2020,0x2020,0x2020,0x2020,
	0x2020,0x2020,0x2020,0x2020,0x2020,0x2020,0x2020,0x2020,
	0x2020,0x2020,0x2020,0x2020,0x2020,0x2020,0x2020,0x2020,
	0x2020,0x2020,0x2020,0x2020,0x2020,0x2020,0x2020,0x2020,

	0x2020,0x2020,0x2020,0x2020,0x2020,0x2020,0x2020,0x2020,
	0x2020,0x2020,0x2020,0x2020,0x2020,0x2020,0x2020,0x2020,
	0x2020,0x2020,0x2020,0x2020,0x2020,0x2020,0x2020,0x2020,
	0x2020,0x2020,0x2020,0x2020,0x2020,0x2020,0x2020,0x2020,
	0x2020,0x2020,0x2020,0x2020,0x2020,0x2020,0x2020,0x2020,
	0x2020,0x2020,0x2020,0x2020,0x2020,0x2020,0x2020,0x2020,
	0x2020,0x2020,0x2020,0x2020,0x2020,0x2020,0x2020,0x2020,
	0x2020,0x2020,0x2020,0x2020,0x2020,0x2020,0x2020,0x2020,

	0x2020,0x2020,0x2020,0x2020,0x2020,0x2020,0x2020,0x2020,
	0x2020,0x2020,0x2020,0x2020,0x2020,0x2020,0x2020,0x2020,
	0x2020,0x2020,0x2020,0x2020,0x2020,0x2020,0x2020,0x2020,
	0x2020,0x2020,0x2020,0x2020,0x2020,0x2020,0x2020,0x2020,
	0x2020,0x2020,0x2020,0x2020,0x2020,0x2020,0x2020,0x2020,
	0x2020,0x2020,0x2020,0x2020,0x2020,0x2020,0x2020,0x2020,
	0x2020,0x2020,0x2020,0x2020,0x2020,0x2020,0x2020,0x2020,
	0x2020,0x2020,0x2020,0x2020,0x2020,0x2020,0x2020,0x2020,

	0x2020,0x2020,0x2020,0x2020,0x2020,0x2020,0x2020,0x2020,
	0x2020,0x2020,0x2020,0x2020,0x2020,0x2020,0x2020,0x2020,
	0x2020,0x2020,0x2020,0x2020,0x2020,0x2020,0x2020,0x2020,
	0x2020,0x2020,0x2020,0x2020,0x2020,0x2020,0x2020,0x2020,
	0x2020,0x2020,0x2020,0x2020,0x2020,0x2020,0x2020,0x2020,
	0x2020,0x2020,0x2020,0x2020,0x2020,0x2020,0x2020,0x2020,
	0x2020,0x2020,0x2020,0x2020,0x2020,0x2020,0x2020,0x2020,
	0x2020,0x2020,0x2020,0x2020,0x2020,0x2020,0x2020,0x2020,

	0x2020,0x2020,0x2020,0x2020,0x2020,0x2020,0x2020,0x2020,
	0x2020,0x2020,0x2020,0x2020,0x2020,0x2020,0x2020,0x2020,
	0x2020,0x2020,0x2020,0x2020,0x2020,0x2020,0x2020,0x2020,
	0x2020,0x2020,0x2020,0x2020,0x2020,0x2020,0x2020,0x2020,
	0x2020,0x2020,0x2020,0x2020,0x2020,0x2020,0x2020,0x2020,
	0x2020,0x2020,0x2020,0x2020,0x2020,0x2020,0x2020,0x2020,
	0x2020,0x2020,0x2020,0x2020,0x2020,0x2020,0x2020,0x2020,
	0x2020,0x2020,0x2020,0x2020,0x2020,0x2020,0x2020,0x2020,

	0x2020,0x2020,0x2020,0x2020,0x2020,0x2020,0x2020,0x2020,
	0x2020,0x2020,0x2020,0x2020,0x2020,0x2020,0x2020,0x2020,
	0x2020,0x2020,0x2020,0x2020,0x2020,0x2020,0x2020,0x2020,
	0x2020,0x2020,0x2020,0x2020,0x2020,0x2020,0x2020,0x2020,
	0x2020,0x2020,0x2020,0x2020,0x2020,0x2020,0x2020,0x2020,
	0x2020,0x2020,0x2020,0x2020,0x2020,0x2020,0x2020,0x2020,
	0x2020,0x2020,0x2020,0x2020,0x2020,0x2020,0x2020,0x2020,
	0x2020,0x2020,0x2020,0x2020,0x2020,0x2020,0x2020,0x2020,

	0x2020,0x2020,0x2020,0x2020,0x2020,0x2020,0x2020,0x2020,
	0x2020,0x2020,0x2020,0x2020,0x2020,0x2020,0x2020,0x2020,
	0x2020,0x2020,0x2020,0x2020,0x2020,0x2020,0x2020,0x2020,
	0x2020,0x2020,0x2020,0x2020,0x2020,0x2020,0x2020,0x2020,
	0x2020,0x2020,0x2020,0x2020,0x2020,0x2020,0x2020,0x2020,
	0x2020,0x2020,0x2020,0x2020,0x2020,0x2020,0x2020,0x2020,
	0x2020,0x2020,0x2020,0x2020,0x2020,0x2020,0x2020,0x2020,
	0x2020,0x2020,0x2020,0x2020,0x2020,0x2020,0x2020,0x2020,

	0x2020,0x2020,0x2020,0x2020,0x2020,0x2020,0x2020,0x2020,
	0x2020,0x2020,0x2020,0x2020,0x2020,0x2020,0x2020,0x2020,
	0x2020,0x2020,0x2020,0x2020,0x2020,0x2020,0x2020,0x2020,
	0x2020,0x2020,0x2020,0x2020,0x2020,0x2020,0x2020,0x2020,
	0x2020,0x2020,0x2020,0x2020,0x2020,0x2020,0x2020,0x2020,
	0x2020,0x2020,0x2020,0x2020,0x2020,0x2020,0x2020,0x2020,
	0x2020,0x2020,0x2020,0x2020,0x2020,0x2020,0x2020,0x2020,
	0x2020,0x2020,0x2020,0x2020,0x2020,0x2020,0x2020,0x2020,

	0x2020,0x2020,0x2020,0x2020,0x2020,0x2020,0x2020,0x2020,
	0x2020,0x2020,0x2020,0x2020,0x2020,0x2020,0x2020,0x2020,
	0x2020,0x2020,0x2020,0x2020,0x2020,0x2020,0x2020,0x2020,
	0x2020,0x2020,0x2020,0x2020,0x2020,0x2020,0x2020,0x2020,
	0x2020,0x2020,0x2020,0x2020,0x2020,0x2020,0x2020,0x2020,
	0x2020,0x2020,0x2020,0x2020,0x2020,0x2020,0x2020,0x2020,
	0x2020,0x2020,0x2020,0x2020,0x2020,0x2020,0x2020,0x2020,
	0x2020,0x2020,0x2020,0x2020,0x2020,0x2020,0x2020,0x2020,

	0x2020,0x2020,0x2020,0x2020,0x2020,0x2020,0x2020,0x2020,
	0x2020,0x2020,0x2020,0x2020,0x2020,0x2020,0x2020,0x2020,
	0x2020,0x2020,0x2020,0x2020,0x2020,0x2020,0x2020,0x2020,
	0x2020,0x2020,0x2020,0x2020,0x2020,0x2020,0x2020,0x2020,
	0x2020,0x2020,0x2020,0x2020,0x2020,0x2020,0x2020,0x2020,
	0x2020,0x2020,0x2020,0x2020,0x2020,0x2020,0x2020,0x2020,
	0x2020,0x2020,0x2020,0x2020,0x2020,0x2020,0x2020,0x2020,
	0x2020,0x2020,0x2020,0x2020,0x2020,0x2020,0x2020,0x2020,

	0x2020,0x2020,0x2020,0x2020,0x2020,0x2020,0x2020,0x2020,
	0x2020,0x2020,0x2020,0x2020,0x2020,0x2020,0x2020,0x2020,
	0x2020,0x2020,0x2020,0x2020,0x2020,0x2020,0x2020,0x2020,
	0x2020,0x2020,0x2020,0x2020,0x2020,0x2020,0x2020,0x2020,
	0x2020,0x2020,0x2020,0x2020,0x2020,0x2020,0x2020,0x2020,
	0x2020,0x2020,0x2020,0x2020,0x2020,0x2020,0x2020,0x2020,
	0x2020,0x2020,0x2020,0x2020,0x2020,0x2020,0x2020,0x2020,
	0x2020,0x2020,0x2020,0x2020,0x2020,0x2020,0x2020,0x2020,

	0x2020,0x2020,0x2020,0x2020,0x2020,0x2020,0x2020,0x2020,
	0x2020,0x2020,0x2020,0x2020,0x2020,0x2020,0x2020,0x2020,
	0x2020,0x2020,0x2020,0x2020,0x2020,0x2020,0x2020,0x2020,
	0x2020,0x2020,0x2020,0x2020,0x2020,0x2020,0x2020,0x2020,
	0x2020,0x2020,0x2020,0x2020,0x2020,0x2020,0x2020,0x2020,
	0x2020,0x2020,0x2020,0x2020,0x2020,0x2020,0x2020,0x2020,
	0x2020,0x2020,0x2020,0x2020,0x2020,0x2020,0x2020,0x2020,
	0x2020,0x2020,0x2020,0x2020,0x2020,0x2020,0x2020,0x2020,

	0x2020,0x2020,0x2020,0x2020,0x2020,0x2020,0x2020,0x2020,
	0x2020,0x2020,0x2020,0x2020,0x2020,0x2020,0x2020,0x2020,
	0x2020,0x2020,0x2020,0x2020,0x2020,0x2020,0x2020,0x2020,
	0x2020,0x2020,0x2020,0x2020,0x2020,0x2020,0x2020,0x2020,
	0x2020,0x2020,0x2020,0x2020,0x2020,0x2020,0x2020,0x2020,
	0x2020,0x2020,0x2020,0x2020,0x2020,0x2020,0x2020,0x2020,
	0x2020,0x2020,0x2020,0x2020,0x2020,0x2020,0x2020,0x2020,
	0x2020,0x2020,0x2020,0x2020,0x2020,0x2020,0x2020,0x2020,

	0x2020,0x2020,0x2020,0x2020,0x2020,0x2020,0x2020,0x2020,
	0x2020,0x2020,0x2020,0x2020,0x2020,0x2020,0x2020,0x2020,
	0x2020,0x2020,0x2020,0x2020,0x2020,0x2020,0x2020,0x2020,
	0x2020,0x2020,0x2020,0x2020,0x2020,0x2020,0x2020,0x2020,
	0x2020,0x2020,0x2020,0x2020,0x2020,0x2020,0x2020,0x2020,
	0x2020,0x2020,0x2020,0x2020,0x2020,0x2020,0x2020,0x2020,
	0x2020,0x2020,0x2020,0x2020,0x2020,0x2020,0x2020,0x2020,
	0x2020,0x2020,0x2020,0x2020,0x2020,0x2020,0x2020,0x2020,

	0x2020,0x2020,0x2020,0x2020,0x2020,0x2020,0x2020,0x2020,
	0x2020,0x2020,0x2020,0x2020,0x2020,0x2020,0x2020,0x2020,
	0x2020,0x2020,0x2020,0x2020,0x2020,0x2020,0x2020,0x2020,
	0x2020,0x2020,0x2020,0x2020,0x2020,0x2020,0x2020,0x2020,
	0x2020,0x2020,0x2020,0x2020,0x2020,0x2020,0x2020,0x2020,
	0x2020,0x2020,0x2020,0x2020,0x2020,0x2020,0x2020,0x2020,
	0x2020,0x2020,0x2020,0x2020,0x2020,0x2020,0x2020,0x2020,
	0x2020,0x2020,0x2020,0x2020,0x2020,0x2020,0x2020,0x2020,

	0x2020,0x2020,0x2020,0x2020,0x2020,0x2020,0x2020,0x2020,
	0x2020,0x2020,0x2020,0x2020,0x2020,0x2020,0x2020,0x2020,
	0x2020,0x2020,0x2020,0x2020,0x2020,0x2020,0x2020,0x2020,
	0x2020,0x2020,0x2020,0x2020,0x2020,0x2020,0x2020,0x2020,
	0x2020,0x2020,0x2020,0x2020,0x2020,0x2020,0x2020,0x2020,
	0x2020,0x2020,0x2020,0x2020,0x2020,0x2020,0x2020,0x2020,
	0x2020,0x2020,0x2020,0x2020,0x2020,0x2020,0x2020,0x2020,
	0x2020,0x2020,0x2020,0x2020,0x2020,0x2020,0x2020,0x2020,

	0x2020,0x2020,0x2020,0x2020,0x2020,0x2020,0x2020,0x2020,
	0x2020,0x2020,0x2020,0x2020,0x2020,0x2020,0x2020,0x2020,
	0x2020,0x2020,0x2020,0x2020,0x2020,0x2020,0x2020,0x2020,
	0x2020,0x2020,0x2020,0x2020,0x2020,0x2020,0x2020,0x2020,
	0x2020,0x2020,0x2020,0x2020,0x2020,0x2020,0x2020,0x2020,
	0x2020,0x2020,0x2020,0x2020,0x2020,0x2020,0x2020,0x2020,
	0x2020,0x2020,0x2020,0x2020,0x2020,0x2020,0x2020,0x2020,
	0x2020,0x2020,0x2020,0x2020,0x2020,0x2020,0x2020,0x2020,

	0x2020,0x2020,0x2020,0x2020,0x2020,0x2020,0x2020,0x2020,
	0x2020,0x2020,0x2020,0x2020,0x2020,0x2020,0x2020,0x2020,
	0x2020,0x2020,0x2020,0x2020,0x2020,0x2020,0x2020,0x2020,
	0x2020,0x2020,0x2020,0x2020,0x2020,0x2020,0x2020,0x2020,
	0x2020,0x2020,0x2020,0x2020,0x2020,0x2020,0x2020,0x2020,
	0x2020,0x2020,0x2020,0x2020,0x2020,0x2020,0x2020,0x2020,
	0x2020,0x2020,0x2020,0x2020,0x2020,0x2020,0x2020,0x2020,
	0x2020,0x2020,0x2020,0x2020,0x2020,0x2020,0x2020,0x2020,

	0x2020,0x2020,0x2020,0x2020,0x2020,0x2020,0x2020,0x2020,
	0x2020,0x2020,0x2020,0x2020,0x2020,0x2020,0x2020,0x2020,
	0x2020,0x2020,0x2020,0x2020,0x2020,0x2020,0x2020,0x2020,
	0x2020,0x2020,0x2020,0x2020,0x2020,0x2020,0x2020,0x2020,
	0x2020,0x2020,0x2020,0x2020,0x2020,0x2020,0x2020,0x2020,
	0x2020,0x2020,0x2020,0x2020,0x2020,0x2020,0x2020,0x2020,
	0x2020,0x2020,0x2020,0x2020,0x2020,0x2020,0x2020,0x2020,
	0x2020,0x2020,0x2020,0x2020,0x2020,0x2020,0x2020,0x2020,

	0x2020,0x2020,0x2020,0x2020,0x2020,0x2020,0x2020,0x2020,
	0x2020,0x2020,0x2020,0x2020,0x2020,0x2020,0x2020,0x2020,
	0x2020,0x2020,0x2020,0x2020,0x2020,0x2020,0x2020,0x2020,
	0x2020,0x2020,0x2020,0x2020,0x2020,0x2020,0x2020,0x2020,
	0x2020,0x2020,0x2020,0x2020,0x2020,0x2020,0x2020,0x2020,
	0x2020,0x2020,0x2020,0x2020,0x2020,0x2020,0x2020,0x2020,
	0x2020,0x2020,0x2020,0x2020,0x2020,0x2020,0x2020,0x2020,
	0x2020,0x2020,0x2020,0x2020,0x2020,0x2020,0x2020,0x2020,

	0x2020,0x2020,0x2020,0x2020,0x2020,0x2020,0x2020,0x2020,
	0x2020,0x2020,0x2020,0x2020,0x2020,0x2020,0x2020,0x2020,
	0x2020,0x2020,0x2020,0x2020,0x2020,0x2020,0x2020,0x2020,
	0x2020,0x2020,0x2020,0x2020,0x2020,0x2020,0x2020,0x2020,
	0x2020,0x2020,0x2020,0x2020,0x2020,0x2020,0x2020,0x2020,
	0x2020,0x2020,0x2020,0x2020,0x2020,0x2020,0x2020,0x2020,
	0x2020,0x2020,0x2020,0x2020,0x2020,0x2020,0x2020,0x2020,
	0x2020,0x2020,0x2020,0x2020,0x2020,0x2020,0x2020,0x2020,

	0x2020,0x2020,0x2020,0x2020,0x2020,0x2020,0x2020,0x2020,
	0x2020,0x2020,0x2020,0x2020,0x2020,0x2020,0x2020,0x2020,
	0x2020,0x2020,0x2020,0x2020,0x2020,0x2020,0x2020,0x2020,
	0x2020,0x2020,0x2020,0x2020,0x2020,0x2020,0x2020,0x2020,
	0x2020,0x2020,0x2020,0x2020,0x2020,0x2020,0x2020,0x2020,
	0x2020,0x2020,0x2020,0x2020,0x2020,0x2020,0x2020,0x2020,
	0x2020,0x2020,0x2020,0x2020,0x2020,0x2020,0x2020,0x2020,
	0x2020,0x2020,0x2020,0x2020,0x2020,0x2020,0x2020,0x2020,

	0x2020,0x2020,0x2020,0x2020,0x2020,0x2020,0x2020,0x2020,
	0x2020,0x2020,0x2020,0x2020,0x2020,0x2020,0x2020,0x2020,
	0x2020,0x2020,0x2020,0x2020,0x2020,0x2020,0x2020,0x2020,
	0x2020,0x2020,0x2020,0x2020,0x2020,0x2020,0x2020,0x2020,
	0x2020,0x2020,0x2020,0x2020,0x2020,0x2020,0x2020,0x2020,
	0x2020,0x2020,0x2020,0x2020,0x2020,0x2020,0x2020,0x2020,
	0x2020,0x2020,0x2020,0x2020,0x2020,0x2020,0x2020,0x2020,
	0x2020,0x2020,0x2020,0x2020,0x2020,0x2020,0x2020,0x2020,

	0x2020,0x2020,0x2020,0x2020,0x2020,0x2020,0x2020,0x2020,
	0x2020,0x2020,0x2020,0x2020,0x2020,0x2020,0x2020,0x2020,
	0x2020,0x2020,0x2020,0x2020,0x2020,0x2020,0x2020,0x2020,
	0x2020,0x2020,0x2020,0x2020,0x2020,0x2020,0x2020,0x2020,
	0x2020,0x2020,0x2020,0x2020,0x2020,0x2020,0x2020,0x2020,
	0x2020,0x2020,0x2020,0x2020,0x2020,0x2020,0x2020,0x2020,
	0x2020,0x2020,0x2020,0x2020,0x2020,0x2020,0x2020,0x2020,
	0x2020,0x2020,0x2020,0x2020,0x2020,0x2020,0x2020,0x2020,

	0x2020,0x2020,0x2020,0x2020,0x2020,0x2020,0x2020,0x2020,
	0x2020,0x2020,0x2020,0x2020,0x2020,0x2020,0x2020,0x2020,
	0x2020,0x2020,0x2020,0x2020,0x2020,0x2020,0x2020,0x2020,
	0x2020,0x2020,0x2020,0x2020,0x2020,0x2020,0x2020,0x2020,
	0x2020,0x2020,0x2020,0x2C2C,0x2020,0x2020,0x2020,0x2020,
	0x2020,0x2020,0x2020,0x2020,0x2020,0x2020,0x2020,0x2020,
	0x2020,0x2020,0x2020,0x2020,0x2020,0x2020,0x2020,0x2020,
	0x2020,0x2020,0x2020,0x2020,0x2020,0x2020,0x2020,0x2020,

	0x2C2C,0x2026,0x2020,0x2020,0x2020,0x2020,0x2020,0x2020,
	0x2020,0x2020,0x2020,0x2020,0x2020,0x2020,0x2020,0x2020,
	0x2020,0x2020,0x2020,0x2020,0x2020,0x2020,0x2020,0x2020,
	0x2020,0x2020,0x2020,0x2020,0x2020,0x2020,0x2020,0x2020,
	0x2020,0x2020,0x2020,0x2020,0x2020,0x2020,0x2020,0x2020,
	0x2020,0x2020,0x2020,0x2020,0x2020,0x2020,0x2020,0x2020,
	0x2020,0x2020,0x2020,0x2020,0x2020,0x2020,0x2020,0x2020,
	0x2020,0x2020,0x2020,0x2020,0x2020,0x2020,0x2020,0x2020,

	0x2020,0x2020,0x2020,0x2020,0x2020,0x2020,0x2020,0x2020,
	0x2020,0x2020,0x2020,0x2020,0x2020,0x2020,0x2020,0x2020,
	0x2020,0x2020,0x2020,0x2020,0x2020,0x2020,0x2020,0x2020,
	0x2020,0x2020,0x2020,0x2020,0x2020,0x2020,0x2020,0x2020,
	0x2020,0x2020,0x2020,0x2020,0x2020,0x2020,0x2020,0x2020,
	0x2020,0x2020,0x2020,0x2020,0x2020,0x2020,0x2020,0x2020,
	0x2020,0x2020,0x2020,0x2020,0x2020,0x2020,0x2020,0x2020,
	0x2020,0x2020,0x2020,0x2020,0x2020,0x2020,0x2020,0x2020,

	0x2020,0x2020,0x2020,0x2020,0x2020,0x2020,0x2020,0x2020,
	0x2020,0x2020,0x2020,0x2020,0x2020,0x2020,0x2020,0x2020,
	0x2020,0x2020,0x2020,0x2020,0x2020,0x2020,0x2020,0x2020,
	0x2020,0x2020,0x2020,0x2020,0x2020,0x2020,0x2020,0x2020,
	0x2020,0x2020,0x2020,0x2020,0x2020,0x2020,0x2020,0x2020,
	0x2020,0x2020,0x2020,0x2020,0x2020,0x2020,0x2020,0x2020,
	0x2020,0x2020,0x2020,0x2020,0x2020,0x2020,0x2020,0x2020,
	0x2020,0x2020,0x2020,0x2020,0x2020,0x2020,0x2020,0x2020,

	0x2020,0x2020,0x2020,0x2020,0x2020,0x2020,0x2020,0x2020,
	0x2020,0x2020,0x2020,0x2020,0x2020,0x2020,0x2020,0x2020,
	0x2020,0x2020,0x2020,0x2020,0x2020,0x2020,0x2020,0x2020,
	0x2020,0x2020,0x2020,0x2020,0x2020,0x2020,0x2020,0x2020,
	0x2020,0x2020,0x2020,0x2020,0x2020,0x2020,0x2020,0x2020,
	0x2020,0x2020,0x2020,0x2020,0x2020,0x2020,0x2020,0x2020,
	0x2020,0x2020,0x2020,0x2020,0x2020,0x2020,0x2020,0x2020,
	0x2020,0x2020,0x2020,0x2020,0x2020,0x2020,0x2020,0x2020,

	0x2020,0x2020,0x2020,0x2020,0x2020,0x2020,0x2020,0x2020,
	0x2020,0x2020,0x2020,0x2020,0x2020,0x2020,0x2020,0x2020,
	0x2020,0x2020,0x2020,0x2020,0x2020,0x2020,0x2020,0x2020,
	0x2020,0x2020,0x2020,0x2020,0x2020,0x2020,0x2020,0x2020,
	0x2020,0x2020,0x2020,0x2020,0x2020,0x2020,0x2020,0x2020,
	0x2020,0x2020,0x2020,0x2020,0x2020,0x2020,0x2020,0x2020,
	0x2020,0x2020,0x2020,0x2020,0x2020,0x2020,0x2020,0x2020,
	0x2020,0x2020,0x2020,0x2020,0x2020,0x2020,0x2020,0x2020,

	0x2020,0x2020,0x2020,0x2020,0x2020,0x2020,0x2020,0x2020,
	0x2020,0x2020,0x2020,0x2020,0x2020,0x2020,0x2020,0x2020,
	0x2020,0x2020,0x2020,0x2020,0x2020,0x2020,0x2020,0x2020,
	0x2020,0x2020,0x2020,0x2020,0x2020,0x2020,0x2020,0x2020,
	0x2020,0x2020,0x2020,0x2020,0x2020,0x2020,0x2020,0x2020,
	0x2020,0x2020,0x2020,0x2020,0x2020,0x2020,0x2020,0x2020,
	0x2020,0x2020,0x2020,0x2020,0x2020,0x2020,0x2020,0x2020,
	0x2020,0x2020,0x2020,0x2020,0x2020,0x2020,0x2020,0x2020,

	0x2020,0x2020,0x2020,0x2020,0x2020,0x2020,0x2020,0x2020,
	0x2020,0x2020,0x2020,0x2020,0x2020,0x2020,0x2020,0x2020,
	0x2020,0x2020,0x2020,0x2020,0x2020,0x2020,0x2020,0x2020,
	0x2020,0x2020,0x2020,0x2020,0x2020,0x2020,0x2020,0x2020,
	0x2020,0x2020,0x2020,0x2020,0x2020,0x2020,0x2020,0x2020,
	0x2020,0x2020,0x2020,0x2020,0x2020,0x2020,0x2020,0x2020,
	0x2020,0x2020,0x2020,0x2020,0x2020,0x2020,0x2020,0x2020,
	0x2020,0x2020,0x2020,0x2020,0x2020,0x2020,0x2020,0x2020,

	0x2020,0x2020,0x2020,0x2020,0x2020,0x2020,0x2020,0x2020,
	0x2020,0x2020,0x2020,0x2020,0x2020,0x2020,0x2020,0x2020,
	0x2020,0x2020,0x2020,0x2020,0x2020,0x2020,0x2020,0x2020,
	0x2020,0x2020,0x2020,0x2020,0x2020,0x2020,0x2020,0x2020,
	0x2020,0x2020,0x2020,0x2020,0x2020,0x2020,0x2020,0x2020,
	0x2020,0x2020,0x2020,0x2020,0x2020,0x2020,0x2020,0x2020,
	0x2020,0x2020,0x2020,0x2020,0x2020,0x2020,0x2020,0x2020,
	0x2020,0x2020,0x2020,0x2020,0x2020,0x2020,0x2020,0x2020,

	0x2020,0x2020,0x2020,0x2020,0x2020,0x2020,0x2020,0x2020,
	0x2020,0x2020,0x2020,0x2020,0x2020,0x2020,0x2020,0x2020,
	0x2020,0x2020,0x2020,0x2020,0x2020,0x2020,0x2020,0x2020,
	0x2020,0x2020,0x2020,0x2020,0x2020,0x2020,0x2020,0x2020,
	0x2020,0x2020,0x2020,0x2020,0x2020,0x2020,0x2020,0x2020,
	0x2020,0x2020,0x2020,0x2020,0x2020,0x2020,0x2020,0x2020,
	0x2020,0x2020,0x2020,0x2020,0x2020,0x2020,0x2020,0x2020,
	0x2020,0x2020,0x2020,0x2020,0x2020,0x2020,0x2020,0x2020,

	0x2020,0x2020,0x2020,0x2020,0x2020,0x2020,0x2020,0x2020,
	0x2020,0x2020,0x2020,0x2020,0x2020,0x2020,0x2020,0x2020,
	0x2020,0x2020,0x2020,0x2020,0x2020,0x2020,0x2020,0x2020,
	0x2020,0x2020,0x2020,0x2020,0x2020,0x2020,0x2020,0x2020,
	0x2020,0x2020,0x2020,0x2020,0x2020,0x2020,0x2020,0x2020,
	0x2020,0x2020,0x2020,0x2020,0x2020,0x2020,0x2020,0x2020,
	0x2020,0x2020,0x2020,0x2020,0x2020,0x2020,0x2020,0x2020,
	0x2020,0x2020,0x2020,0x2020,0x2020,0x2020,0x2020,0x2020,

	0x2020,0x2020,0x2020,0x2020,0x2020,0x2020,0x2020,0x2020,
	0x2020,0x2020,0x2020,0x2020,0x2020,0x2020,0x2020,0x2020,
	0x2020,0x2020,0x2020,0x2020,0x2020,0x2020,0x2020,0x2020,
	0x2020,0x2020,0x2020,0x2020,0x2020,0x2020,0x2020,0x2020,
	0x2020,0x2020,0x2020,0x2020,0x2020,0x2020,0x2020,0x2020,
	0x2020,0x2020,0x2020,0x2020,0x2020,0x2020,0x2020,0x2020,
	0x2020,0x2020,0x2020,0x2020,0x2020,0x2020,0x2020,0x2020,
	0x2020,0x2020,0x2020,0x2020,0x2020,0x2020,0x2020,0x2020,

	0x2020,0x2020,0x2020,0x2020,0x2020,0x2020,0x2020,0x2020,
	0x2020,0x2020,0x2020,0x2020,0x2020,0x2020,0x2020,0x2020,
	0x2020,0x2020,0x2020,0x2020,0x2020,0x2020,0x2020,0x2020,
	0x2020,0x2020,0x2020,0x2020,0x2020,0x2020,0x2020,0x2020,
	0x2020,0x2020,0x2020,0x2020,0x2020,0x2020,0x2020,0x2020,
	0x2020,0x2020,0x2020,0x2020,0x2020,0x2020,0x2020,0x2020,
	0x2020,0x2020,0x2020,0x2020,0x2020,0x2020,0x2020,0x2020,
	0x2020,0x2020,0x2020,0x2020,0x2020,0x2020,0x2020,0x2020,

	0x2020,0x2020,0x2020,0x2020,0x2020,0x2020,0x2020,0x2020,
	0x2020,0x2020,0x2020,0x2020,0x2020,0x2020,0x2020,0x2020,
	0x2020,0x2020,0x2020,0x2020,0x2020,0x2020,0x2020,0x2020,
	0x2020,0x2020,0x2020,0x2020,0x2020,0x2020,0x2020,0x2020,
	0x2020,0x2020,0x2020,0x2020,0x2020,0x2020,0x2020,0x2020,
	0x2020,0x2020,0x2020,0x2020,0x2020,0x2020,0x2020,0x2020,
	0x2020,0x2020,0x2020,0x2020,0x2020,0x2020,0x2020,0x2020,
	0x2020,0x2020,0x2020,0x2020,0x2020,0x2020,0x2020,0x2020,

	0x2020,0x2020,0x2020,0x2020,0x2020,0x2020,0x2020,0x2020,
	0x2020,0x2020,0x2020,0x2020,0x2020,0x2020,0x2020,0x2020,
	0x2020,0x2020,0x2020,0x2020,0x2020,0x2020,0x2020,0x2020,
	0x2020,0x2020,0x2020,0x2020,0x2020,0x2020,0x2020,0x2020,
	0x2020,0x2020,0x2020,0x2020,0x2020,0x2020,0x2020,0x2020,
	0x2020,0x2020,0x2020,0x2020,0x2020,0x2020,0x2020,0x2020,
	0x2020,0x2020,0x2020,0x2020,0x2020,0x2020,0x2020,0x2020,
	0x2020,0x2020,0x2020,0x2020,0x2020,0x2020,0x2020,0x2020,

	0x2020,0x2020,0x2020,0x2020,0x2020,0x2020,0x2020,0x2020,
	0x2020,0x2020,0x2020,0x2020,0x2020,0x2020,0x2020,0x2020,
	0x2020,0x2020,0x2020,0x2020,0x2020,0x2020,0x2020,0x2020,
	0x2020,0x202D,0x2020,0x2020,0x2D20,0x2D2D,0x2020,0x2020,
	0x2020,0x2020,0x2020,0x2020,0x2020,0x2020,0x2020,0x2020,
	0x2020,0x2020,0x2020,0x2020,0x2020,0x2020,0x2020,0x2020,
	0x2020,0x2020,0x2020,0x2020,0x2020,0x2020,0x2020,0x2020,
	0x2020,0x2020,0x2020,0x2020,0x2020,0x2020,0x2020,0x2020,

	0x2020,0x2020,0x2020,0x2020,0x2020,0x2020,0x2020,0x2020,
	0x2020,0x2020,0x2020,0x2020,0x2020,0x2020,0x2020,0x2020,
	0x2020,0x2020,0x2020,0x2020,0x2020,0x2020,0x2020,0x2020,
	0x2020,0x2020,0x2020,0x2020,0x2020,0x2020,0x2020,0x2020,
	0x2020,0x2020,0x2020,0x2020,0x2020,0x2020,0x2020,0x2020,
	0x2020,0x2020,0x2020,0x2020,0x2020,0x2020,0x2020,0x2020,
	0x2020,0x2020,0x2020,0x2020,0x2020,0x2020,0x2020,0x2020,
	0x2020,0x2020,0x2020,0x2020,0x2020,0x2020,0x2020,0x2020,

	0x2020,0x2020,0x2020,0x2020,0x2020,0x2020,0x2020,0x2020,
	0x2020,0x2020,0x2020,0x2020,0x2020,0x2020,0x2020,0x2020,
	0x2020,0x2020,0x2020,0x2020,0x2020,0x2020,0x2020,0x2020,
	0x2020,0x2020,0x2020,0x2020,0x2020,0x2020,0x2020,0x2020,
	0x2020,0x2020,0x2020,0x2020,0x2020,0x2020,0x2020,0x2020,
	0x2020,0x2020,0x2020,0x2020,0x2020,0x2020,0x2020,0x2020,
	0x2020,0x2020,0x2020,0x2020,0x2020,0x2020,0x2020,0x2020,
	0x2020,0x2020,0x2020,0x2020,0x2020,0x2020,0x2020,0x2020,

	0x2020,0x2020,0x2020,0x2020,0x2020,0x2020,0x2020,0x2020,
	0x2020,0x2020,0x2020,0x2020,0x2020,0x2020,0x2020,0x2020,
	0x2020,0x2020,0x2020,0x2020,0x2020,0x2020,0x2020,0x2020,
	0x2020,0x2020,0x2020,0x2020,0x2020,0x2020,0x2020,0x2020,
	0x2020,0x2020,0x2020,0x2020,0x2020,0x2020,0x2020,0x2020,
	0x2020,0x2020,0x2020,0x2020,0x2020,0x2020,0x2020,0x2020,
	0x2020,0x2020,0x2020,0x2020,0x2020,0x2020,0x2020,0x2020,
	0x2020,0x2020,0x2020,0x2020,0x2020,0x2020,0x2020,0x2020,

	0x2020,0x2020,0x2020,0x2020,0x2020,0x2020,0x2020,0x2020,
	0x2020,0x2020,0x2020,0x2020,0x2020,0x2020,0x2020,0x2020,
	0x2020,0x2020,0x2020,0x2020,0x2020,0x2020,0x2020,0x2020,
	0x2020,0x2020,0x2020,0x2020,0x2020,0x2020,0x2020,0x2020,
	0x2020,0x2020,0x2020,0x2020,0x2020,0x2020,0x2020,0x2020,
	0x2020,0x2020,0x2020,0x2020,0x2020,0x2020,0x2020,0x2020,
	0x2020,0x2020,0x2020,0x2020,0x2020,0x2020,0x2020,0x2020,
	0x2020,0x2020,0x2020,0x2020,0x2020,0x2020,0x2020,0x2020,

	0x2020,0x2020,0x2020,0x2020,0x2020,0x2020,0x2020,0x2020,
	0x2020,0x2020,0x2020,0x2020,0x2020,0x2020,0x2020,0x2020,
	0x2020,0x2020,0x2020,0x2020,0x2020,0x2020,0x2020,0x2020,
	0x2020,0x2020,0x2020,0x2020,0x2020,0x2020,0x2020,0x2020,
	0x2020,0x2020,0x2020,0x2020,0x2020,0x2020,0x2020,0x2020,
	0x2020,0x2020,0x2020,0x2020,0x2020,0x2020,0x2020,0x2020,
	0x2020,0x2020,0x2020,0x2020,0x2020,0x2020,0x2020,0x2020,
	0x2020,0x2020,0x2020,0x2020,0x2020,0x2020,0x2020,0x2020,

	0x2020,0x2020,0x2020,0x2020,0x2020,0x2020,0x2020,0x2020,
	0x2020,0x2020,0x2020,0x2020,0x2020,0x2020,0x2020,0x2020,
	0x2020,0x2020,0x2020,0x2020,0x2020,0x2020,0x2020,0x2020,
	0x2020,0x2020,0x2020,0x2020,0x2020,0x2020,0x2020,0x2020,
	0x2020,0x2020,0x2020,0x2020,0x2020,0x2020,0x2020,0x2020,
	0x2020,0x2020,0x2020,0x2020,0x2020,0x2020,0x2020,0x2020,
	0x2020,0x2020,0x2020,0x2020,0x2020,0x2020,0x2020,0x2020,
	0x2020,0x2020,0x2020,0x2020,0x2020,0x2020,0x2020,0x2020,

	0x2020,0x2020,0x2020,0x2020,0x2020,0x2020,0x2020,0x2020,
	0x2020,0x2020,0x2020,0x2020,0x2020,0x2020,0x2020,0x2020,
	0x2020,0x2020,0x2020,0x2020,0x2020,0x2020,0x2020,0x2020,
	0x2020,0x2020,0x2020,0x2020,0x2020,0x2020,0x2020,0x2020,
	0x2020,0x2020,0x2020,0x2020,0x2020,0x2020,0x2020,0x2020,
	0x2020,0x2020,0x2020,0x2020,0x2020,0x2020,0x2020,0x2020,
	0x2020,0x2020,0x2020,0x2020,0x2020,0x2020,0x2020,0x2020,
	0x2020,0x2020,0x2020,0x2020,0x2020,0x2020,0x2020,0x2020,

	0x2020,0x2020,0x2020,0x2020,0x2020,0x2020,0x2020,0x2020,
	0x2020,0x2020,0x2020,0x2020,0x2020,0x2020,0x2020,0x2020,
	0x2020,0x2020,0x2020,0x2020,0x2020,0x2020,0x2020,0x2020,
	0x2020,0x2020,0x2020,0x2020,0x2020,0x2020,0x2020,0x2020,
	0x2020,0x2020,0x2020,0x2020,0x2020,0x2020,0x2020,0x2020,
	0x2020,0x2020,0x2020,0x2020,0x2020,0x2020,0x2020,0x2020,
	0x2020,0x2020,0x2020,0x2020,0x2020,0x2020,0x2020,0x2020,
	0x2020,0x2020,0x2020,0x2020,0x2020,0x2020,0x2020,0x2020,

	0x2020,0x2020,0x2020,0x2020,0x2020,0x2020,0x2020,0x2020,
	0x2020,0x2020,0x2020,0x2020,0x2020,0x2020,0x2020,0x2020,
	0x2020,0x2020,0x2020,0x2020,0x2020,0x2020,0x2020,0x2020,
	0x2020,0x2020,0x2020,0x2020,0x2020,0x2020,0x2020,0x2020,
	0x2020,0x2020,0x2020,0x2020,0x2020,0x2020,0x2020,0x2020,
	0x2020,0x2020,0x2020,0x2020,0x2020,0x2020,0x2020,0x2020,
	0x2020,0x2020,0x2020,0x2020,0x2020,0x2020,0x2020,0x2020,
	0x2020,0x2020,0x2020,0x2020,0x2020,0x2020,0x2020,0x2020,

	0x2020,0x2020,0x2020,0x2020,0x2020,0x2020,0x2020,0x2020,
	0x2020,0x2020,0x2020,0x2020,0x2020,0x2020,0x2020,0x2020,
	0x2020,0x2020,0x2020,0x2020,0x2020,0x2020,0x2020,0x2020,
	0x2020,0x2020,0x2020,0x2020,0x2020,0x2020,0x2020,0x2020,
	0x2020,0x2020,0x2020,0x2020,0x2020,0x2020,0x2020,0x2020,
	0x2020,0x2020,0x2020,0x2020,0x2020,0x2020,0x2020,0x2020,
	0x2020,0x2020,0x2020,0x2020,0x2020,0x2020,0x2020,0x2020,
	0x2020,0x2020,0x2020,0x2020,0x2020,0x2020,0x2020,0x2020,

	0x2020,0x2020,0x2020,0x2020,0x2020,0x2020,0x2020,0x2020,
	0x2020,0x2020,0x2020,0x2020,0x2020,0x2020,0x2020,0x2020,
	0x2020,0x2020,0x2020,0x2020,0x2020,0x2020,0x2020,0x2020,
	0x2020,0x2020,0x2020,0x2020,0x2020,0x2020,0x2020,0x2020,
	0x2020,0x2020,0x2020,0x2020,0x2020,0x2020,0x2020,0x2020,
	0x2020,0x2020,0x2020,0x2020,0x2020,0x2020,0x2020,0x2020,
	0x2020,0x2020,0x2020,0x2020,0x2020,0x2020,0x2020,0x2020,
	0x2020,0x2020,0x2020,0x2020,0x2020,0x2020,0x2020,0x2020,

	0x2020,0x2020,0x2020,0x2020,0x2020,0x2020,0x2020,0x2020,
	0x2020,0x2020,0x2020,0x2020,0x2020,0x2020,0x2020,0x2020,
	0x2020,0x2020,0x2020,0x2020,0x2020,0x2020,0x2020,0x2020,
	0x2020,0x2020,0x2020,0x2020,0x2020,0x2020,0x2020,0x2020,
	0x2020,0x2020,0x2020,0x2020,0x2020,0x2020,0x2020,0x2020,
	0x2020,0x2020,0x2020,0x2020,0x2020,0x2020,0x2020,0x2020,
	0x2020,0x2020,0x2020,0x2020,0x2020,0x2020,0x2020,0x2020,
	0x2020,0x2020,0x2020,0x2020,0x2020,0x2020,0x2020,0x2020,

	0x2020,0x2020,0x2020,0x2020,0x2020,0x2020,0x2020,0x2020,
	0x2020,0x2020,0x2020,0x2020,0x2020,0x2020,0x2020,0x2020,
	0x2020,0x2020,0x2020,0x2020,0x2020,0x2020,0x2020,0x2020,
	0x2020,0x2020,0x2020,0x2020,0x2020,0x2020,0x2020,0x2020,
	0x2020,0x2020,0x2020,0x2020,0x2020,0x2020,0x2020,0x2020,
	0x2020,0x2020,0x2020,0x2020,0x2020,0x2020,0x2020,0x2020,
	0x2020,0x2020,0x2020,0x2020,0x2020,0x2020,0x2020,0x2020,
	0x2020,0x2020,0x2020,0x2020,0x2020,0x2020,0x2020,0x2020,

	0x2020,0x2020,0x2020,0x2020,0x2020,0x2020,0x2020,0x2020,
	0x2020,0x2020,0x2020,0x2020,0x2020,0x2020,0x2020,0x2020,
	0x2020,0x2020,0x2020,0x2020,0x2020,0x2020,0x2020,0x2020,
	0x2020,0x2020,0x2020,0x2020,0x2020,0x2020,0x2020,0x2020,
	0x2020,0x2020,0x2020,0x2020,0x2020,0x2020,0x2020,0x2020,
	0x2020,0x2020,0x2020,0x2020,0x2020,0x2020,0x2020,0x2020,
	0x2020,0x2020,0x2020,0x2020,0x2020,0x2020,0x2020,0x2020,
	0x2020,0x2020,0x2020,0x2020,0x2020,0x2020,0x2020,0x2020,

	0x2020,0x2020,0x2020,0x2020,0x2020,0x2020,0x2020,0x2020,
	0x2020,0x2020,0x2020,0x2020,0x2020,0x2020,0x2020,0x2020,
	0x2020,0x2020,0x2020,0x2020,0x2020,0x2020,0x2020,0x2020,
	0x2020,0x2020,0x2020,0x2020,0x2020,0x2020,0x2020,0x2020,
	0x2020,0x2020,0x2020,0x2020,0x2020,0x2020,0x2020,0x2020,
	0x2020,0x2020,0x2020,0x2020,0x2020,0x2020,0x2020,0x2020,
	0x2020,0x2020,0x2020,0x2020,0x2020,0x2020,0x2020,0x2020,
	0x2020,0x2020,0x2020,0x2020,0x2020,0x2020,0x2020,0x2020,

	0x2020,0x2020,0x2020,0x2020,0x2020,0x2020,0x2020,0x2020,
	0x2020,0x2020,0x2020,0x2020,0x2020,0x2020,0x2020,0x2020,
	0x2020,0x2020,0x2020,0x2020,0x2020,0x2020,0x2020,0x2020,
	0x2020,0x2020,0x2020,0x2020,0x2020,0x2020,0x2020,0x2020,
	0x2020,0x2020,0x2020,0x2020,0x2020,0x2020,0x2020,0x2020,
	0x2020,0x2020,0x2020,0x2020,0x2020,0x2020,0x2020,0x2020,
	0x2020,0x2020,0x2020,0x2020,0x2020,0x2020,0x2020,0x2020,
	0x2020,0x2020,0x2020,0x2020,0x2020,0x2020,0x2020,0x2020,

	0x2020,0x2020,0x2020,0x2020,0x2020,0x2020,0x2020,0x2020,
	0x2020,0x2020,0x2020,0x2020,0x2020,0x2020,0x2020,0x2020,
	0x2020,0x2020,0x2020,0x2020,0x2020,0x2020,0x2020,0x2020,
	0x2020,0x2020,0x2020,0x2020,0x2020,0x2020,0x2020,0x2020,
	0x2020,0x2020,0x2020,0x2020,0x2020,0x2020,0x2020,0x2020,
	0x2020,0x2020,0x2020,0x2020,0x2020,0x2020,0x2020,0x2020,
	0x2020,0x2020,0x2020,0x2020,0x2020,0x2020,0x2020,0x2020,
	0x2020,0x2020,0x2020,0x2020,0x2020,0x2020,0x2020,0x2020,

	0x2020,0x2020,0x2020,0x2020,0x2020,0x2020,0x2020,0x2020,
	0x2020,0x2020,0x2020,0x2020,0x2020,0x2020,0x2020,0x2020,
	0x2020,0x2020,0x2020,0x2020,0x2020,0x2020,0x2020,0x2020,
	0x2020,0x2020,0x2020,0x2020,0x2020,0x2020,0x2020,0x2020,
	0x2020,0x2020,0x2020,0x2020,0x2020,0x2020,0x2020,0x2020,
	0x2020,0x2020,0x2020,0x2020,0x2020,0x2020,0x2020,0x2020,
	0x2020,0x2020,0x2020,0x2020,0x2020,0x2020,0x2020,0x2020,
	0x2020,0x2020,0x2020,0x2020,0x2020,0x2020,0x2020,0x2020,

	0x2020,0x2020,0x2020,0x2020,0x2020,0x2020,0x2020,0x2020,
	0x2020,0x2020,0x2020,0x2020,0x2020,0x2020,0x2020,0x2020,
	0x2020,0x2020,0x2020,0x2020,0x2020,0x2020,0x2020,0x2020,
	0x2020,0x2020,0x2020,0x2020,0x2020,0x2020,0x2020,0x2020,
	0x2020,0x2020,0x2020,0x2020,0x2020,0x2020,0x2020,0x2020,
	0x2020,0x2020,0x2020,0x2020,0x2020,0x2020,0x2020,0x2020,
	0x2020,0x2020,0x2020,0x2020,0x2020,0x2020,0x2020,0x2020,
	0x2020,0x2020,0x2020,0x2020,0x2020,0x2020,0x2020,0x2020,

	0x2020,0x2020,0x2020,0x2020,0x2020,0x2020,0x2020,0x2020,
	0x2020,0x2020,0x2020,0x2020,0x2020,0x2020,0x2020,0x2020,
	0x2020,0x2020,0x2020,0x2020,0x2020,0x2020,0x2020,0x2020,
	0x2020,0x2020,0x2020,0x2020,0x2020,0x2020,0x2020,0x2020,
	0x2020,0x2020,0x2020,0x2020,0x2020,0x2020,0x2020,0x2020,
	0x2020,0x2020,0x2020,0x2020,0x2020,0x2020,0x2020,0x2020,
	0x2020,0x2020,0x2020,0x2020,0x2020,0x2020,0x2020,0x2020,
	0x2020,0x2020,0x2020,0x2020,0x2020,0x2020,0x2020,0x2020,

	0x2020,0x2020,0x2020,0x2020,0x2020,0x2020,0x2020,0x2020,
	0x2020,0x2020,0x2020,0x2020,0x2020,0x2020,0x2020,0x2020,
	0x2020,0x2020,0x2020,0x2020,0x2020,0x2020,0x2020,0x2020,
	0x2020,0x2020,0x2020,0x2020,0x2020,0x2020,0x2020,0x2020,
	0x2020,0x2020,0x2020,0x2020,0x2020,0x2020,0x2020,0x2020,
	0x2020,0x2020,0x2020,0x2020,0x2020,0x2020,0x2020,0x2020,
	0x2020,0x2020,0x2020,0x2020,0x2020,0x2020,0x2020,0x2020,
	0x2020,0x2020,0x2020,0x2020,0x2020,0x2020,0x2020,0x2020,

	0x2020,0x2020,0x2020,0x2020,0x2020,0x2020,0x2020,0x2020,
	0x2020,0x2020,0x2020,0x2020,0x2020,0x2020,0x2020,0x2020,
	0x2020,0x2020,0x2020,0x2020,0x2020,0x2020,0x2020,0x2020,
	0x2020,0x2020,0x2020,0x2020,0x2020,0x2020,0x2020,0x2020,
	0x2020,0x2020,0x2020,0x2020,0x2020,0x2020,0x2020,0x2020,
	0x2020,0x2020,0x2020,0x2020,0x2020,0x2020,0x2020,0x2020,
	0x2020,0x2020,0x2020,0x2020,0x2020,0x2020,0x2020,0x2020,
	0x2020,0x2020,0x2020,0x2020,0x2020,0x2020,0x2020,0x2020,

	0x2020,0x2020,0x2020,0x2020,0x2020,0x2020,0x2020,0x2020,
	0x2020,0x2020,0x2020,0x2020,0x2020,0x2020,0x2020,0x2020,
	0x2020,0x2020,0x2020,0x2020,0x2020,0x2020,0x2020,0x2020,
	0x2020,0x2020,0x2020,0x2020,0x2020,0x2020,0x2020,0x2020,
	0x2020,0x2020,0x2020,0x2020,0x2020,0x2020,0x2020,0x2020,
	0x2020,0x2020,0x2020,0x2020,0x2020,0x2020,0x2020,0x2020,
	0x2020,0x2020,0x2020,0x2020,0x2020,0x2020,0x2020,0x2020,
	0x2020,0x2020,0x2020,0x2020,0x2020,0x2020,0x2020,0x2020,

	0x2020,0x2020,0x2020,0x2020,0x2020,0x2020,0x2020,0x2020,
	0x2020,0x2020,0x2020,0x2020,0x2020,0x2020,0x2020,0x2020,
	0x2020,0x2020,0x2020,0x2020,0x2020,0x2020,0x2020,0x2020,
	0x2020,0x2020,0x2020,0x2020,0x2020,0x2020,0x2020,0x2020,
	0x2020,0x2020,0x2020,0x2020,0x2020,0x2020,0x2020,0x2020,
	0x2020,0x2020,0x2020,0x2020,0x2020,0x2020,0x2020,0x2020,
	0x2020,0x2020,0x2020,0x2020,0x2020,0x2020,0x2020,0x2020,
	0x2020,0x2020,0x2020,0x2020,0x2020,0x2020,0x2020,0x2020,

	0x2020,0x2020,0x2020,0x2020,0x2020,0x2020,0x2020,0x2020,
	0x2020,0x2020,0x2020,0x2020,0x2020,0x2020,0x2020,0x2020,
	0x2020,0x2020,0x2020,0x2020,0x2020,0x2020,0x2020,0x2020,
	0x2020,0x2020,0x2020,0x2020,0x2020,0x2020,0x2020,0x2020,
	0x2020,0x2020,0x2020,0x2020,0x2020,0x2020,0x2020,0x2020,
	0x2020,0x2020,0x2020,0x2020,0x2020,0x2020,0x2020,0x2020,
	0x2020,0x2020,0x2020,0x2020,0x2020,0x2020,0x2020,0x2020,
	0x2020,0x2020,0x2020,0x2020,0x2020,0x2020,0x2020,0x2020,

	0x2020,0x2020,0x2020,0x2020,0x2020,0x2020,0x2020,0x2020,
	0x2020,0x2020,0x2020,0x2020,0x2020,0x2020,0x2020,0x2020,
	0x2020,0x2020,0x2020,0x2020,0x2020,0x2020,0x2020,0x2020,
	0x2020,0x2020,0x2020,0x2020,0x2020,0x2020,0x2020,0x2020,
	0x2020,0x2020,0x2020,0x2020,0x2020,0x2020,0x2020,0x2020,
	0x2020,0x2020,0x2020,0x2020,0x2020,0x2020,0x2020,0x2020,
	0x2020,0x2020,0x2020,0x2020,0x2020,0x2020,0x2020,0x2020,
	0x2020,0x2020,0x2020,0x2020,0x2020,0x2020,0x2020,0x2020,

	0x2020,0x2020,0x2020,0x2020,0x2020,0x2020,0x2020,0x2020,
	0x2020,0x2020,0x2020,0x2020,0x2020,0x2020,0x2020,0x2020,
	0x2020,0x2020,0x2020,0x2020,0x2020,0x2020,0x2020,0x2020,
	0x2020,0x2020,0x2020,0x2020,0x2020,0x2020,0x2020,0x2020,
	0x2020,0x2020,0x2020,0x2020,0x2020,0x2020,0x2020,0x2020,
	0x2020,0x2020,0x2020,0x2020,0x2020,0x2020,0x2020,0x2020,
	0x2020,0x2020,0x2020,0x2020,0x2020,0x2020,0x2020,0x2020,
	0x2020,0x2020,0x2020,0x2020,0x2020,0x2020,0x2020,0x2020,

	0x2020,0x2020,0x2020,0x2020,0x2020,0x2020,0x2020,0x2020,
	0x2020,0x2020,0x2020,0x2020,0x2020,0x2020,0x2020,0x2020,
	0x2020,0x2020,0x2020,0x2020,0x2020,0x2020,0x2020,0x2020,
	0x2020,0x2020,0x2020,0x2020,0x2020,0x2020,0x2020,0x2020,
	0x2020,0x2020,0x2020,0x2020,0x2020,0x2020,0x2020,0x2020,
	0x2020,0x2020,0x2020,0x2020,0x2020,0x2020,0x2020,0x2020,
	0x2020,0x2020,0x2020,0x2020,0x2020,0x2020,0x2020,0x2020,
	0x2020,0x2020,0x2020,0x2020,0x2020,0x2020,0x2020,0x2020,

	0x2020,0x2020,0x2020,0x2020,0x2020,0x2020,0x2020,0x2020,
	0x2020,0x2020,0x2020,0x2020,0x2020,0x2020,0x2020,0x2020,
	0x2020,0x2020,0x2020,0x2020,0x2020,0x2020,0x2020,0x2020,
	0x2020,0x2020,0x2020,0x2020,0x2020,0x2020,0x2020,0x2020,
	0x2020,0x2020,0x2020,0x2020,0x2020,0x2020,0x2020,0x2020,
	0x2020,0x2020,0x2020,0x2020,0x2020,0x2020,0x2020,0x2020,
	0x2020,0x2020,0x2020,0x2020,0x2020,0x2020,0x2020,0x2020,
	0x2020,0x2020,0x2020,0x2020,0x2020,0x2020,0x2020,0x2020,

	0x2020,0x2020,0x2020,0x2020,0x2020,0x2020,0x2020,0x2020,
	0x2020,0x2020,0x2020,0x2020,0x2020,0x2020,0x2020,0x2020,
	0x2020,0x2020,0x2020,0x2020,0x2020,0x2020,0x2020,0x2020,
	0x2020,0x2020,0x2020,0x2020,0x2020,0x2020,0x2020,0x2020,
	0x2020,0x2020,0x2020,0x2020,0x2020,0x2020,0x2020,0x2020,
	0x2020,0x2020,0x2020,0x2020,0x2020,0x2020,0x2020,0x2020,
	0x2020,0x2020,0x2020,0x2020,0x2020,0x2020,0x2020,0x2020,
	0x2020,0x2020,0x2020,0x2020,0x2020,0x2020,0x2020,0x2020,

	0x2020,0x2020,0x2020,0x2020,0x2020,0x2020,0x2020,0x2020,
	0x2020,0x2020,0x2020,0x2020,0x2020,0x2020,0x2020,0x2020,
	0x2020,0x2020,0x2020,0x2020,0x2020,0x2020,0x2020,0x2020,
	0x2020,0x2020,0x2020,0x2020,0x2020,0x2020,0x2020,0x2020,
	0x2020,0x2020,0x2020,0x2020,0x2020,0x2020,0x2020,0x2020,
	0x2020,0x2020,0x2020,0x2020,0x2020,0x2020,0x2020,0x2020,
	0x2020,0x2020,0x2020,0x2020,0x2020,0x2020,0x2020,0x2020,
	0x2020,0x2020,0x2020,0x2020,0x2020,0x2020,0x2020,0x2D20,

	0x2D20,0x2D2D,0x202D,0x2020,0x2D20,0x2D2D,0x202D,0x2020,
	0x2D20,0x2F2F,0x202D,0x2020,0x2D20,0x2F2F,0x2D2D,0x2020,
	0x2D20,0x2F2F,0x2D2D,0x2020,0x2D20,0x2F2B,0x2D2D,0x2020,
	0x2D2D,0x2F2F,0x2D2D,0x202D,0x2F2D,0x2B2B,0x2F2F,0x2F2F,
	0x2020,0x2020,0x2020,0x2020,0x2020,0x2020,0x2020,0x2020,
	0x2020,0x2020,0x2020,0x2020,0x2020,0x2020,0x2020,0x2020,
	0x2020,0x2020,0x2020,0x2020,0x2020,0x2020,0x2020,0x2020,
	0x2020,0x2020,0x2020,0x2020,0x2D2D,0x2020,0x2020,0x2020,

	0x2020,0x2020,0x2020,0x2020,0x2020,0x2020,0x2020,0x2020,
	0x2020,0x2020,0x2020,0x2020,0x2020,0x2020,0x2020,0x2020,
	0x2020,0x2020,0x2020,0x2020,0x2020,0x2020,0x2020,0x2020,
	0x2020,0x2020,0x2020,0x2020,0x2020,0x2020,0x2020,0x2020,
	0x2020,0x2020,0x2020,0x2020,0x2020,0x2020,0x2020,0x2020,
	0x2020,0x2020,0x2020,0x2020,0x2020,0x2020,0x2020,0x2020,
	0x2020,0x2020,0x2020,0x2020,0x2020,0x2020,0x2020,0x2020,
	0x2020,0x2020,0x2020,0x2020,0x2020,0x2020,0x2020,0x2020,

	0x2020,0x2020,0x2020,0x2020,0x2020,0x2020,0x2020,0x2020,
	0x2020,0x2020,0x2020,0x2020,0x2020,0x2020,0x2020,0x2020,
	0x2020,0x2020,0x2020,0x2020,0x2020,0x2020,0x2020,0x2020,
	0x2020,0x2020,0x2020,0x2020,0x2020,0x2020,0x2020,0x2020,
	0x2020,0x2020,0x2020,0x2020,0x2020,0x2020,0x2020,0x2020,
	0x2020,0x2020,0x2020,0x2020,0x2020,0x2020,0x2020,0x2020,
	0x2020,0x2020,0x2020,0x2020,0x2020,0x2020,0x2020,0x2020,
	0x2020,0x2020,0x2020,0x2020,0x2020,0x2020,0x2020,0x2020,

	0x2020,0x2020,0x2020,0x2020,0x2020,0x2020,0x2020,0x2020,
	0x2020,0x2020,0x2020,0x2020,0x2020,0x2020,0x2020,0x2020,
	0x2020,0x2020,0x2020,0x2020,0x2020,0x2020,0x2020,0x2020,
	0x2020,0x2020,0x2020,0x2020,0x2020,0x2020,0x2020,0x2020,
	0x2020,0x2020,0x2020,0x2020,0x2020,0x2020,0x2020,0x2020,
	0x2020,0x2020,0x2020,0x2020,0x2020,0x2020,0x2020,0x2020,
	0x2020,0x2020,0x2020,0x2020,0x2020,0x2020,0x2020,0x2020,
	0x2020,0x2020,0x2020,0x2020,0x2020,0x2020,0x2020,0x2020,

	0x2020,0x2020,0x2020,0x2020,0x2020,0x2020,0x2020,0x2020,
	0x2020,0x2020,0x2020,0x2020,0x2020,0x2020,0x2020,0x2020,
	0x2020,0x2020,0x2020,0x2020,0x2020,0x2020,0x2020,0x2020,
	0x2020,0x2020,0x2020,0x2020,0x2020,0x2020,0x2020,0x2020,
	0x2020,0x2020,0x2020,0x2020,0x2020,0x2020,0x2020,0x2020,
	0x2020,0x2020,0x2020,0x2020,0x2020,0x2020,0x2020,0x2020,
	0x2020,0x2020,0x2020,0x2020,0x2020,0x2020,0x2020,0x2020,
	0x2020,0x2020,0x2020,0x2020,0x2020,0x2020,0x2020,0x2020,

	0x2020,0x2020,0x2020,0x2020,0x2020,0x2020,0x2020,0x2020,
	0x2020,0x2020,0x2020,0x2020,0x2020,0x2020,0x2020,0x2020,
	0x2020,0x2020,0x2020,0x2020,0x2020,0x2020,0x2020,0x2020,
	0x2020,0x2020,0x2020,0x2020,0x2020,0x2020,0x2020,0x2020,
	0x2020,0x2020,0x2020,0x2020,0x2020,0x2020,0x2020,0x2020,
	0x2020,0x2020,0x2020,0x2020,0x2020,0x2020,0x2020,0x2020,
	0x2020,0x2020,0x2020,0x2020,0x2020,0x2020,0x2020,0x2020,
	0x2020,0x2020,0x2020,0x2020,0x2020,0x2020,0x2020,0x2020,

	0x2020,0x2020,0x2020,0x2020,0x2020,0x2020,0x2020,0x2020,
	0x2020,0x2020,0x2020,0x2020,0x2020,0x2020,0x2020,0x2020,
	0x2020,0x2020,0x2020,0x2020,0x2020,0x2020,0x2020,0x2020,
	0x2020,0x2020,0x2020,0x2020,0x2020,0x2020,0x2020,0x2020,
	0x2020,0x2020,0x2020,0x2020,0x2020,0x2020,0x2020,0x2020,
	0x2020,0x2020,0x2020,0x2020,0x2020,0x2020,0x2020,0x2020,
	0x2020,0x2020,0x2020,0x2020,0x2020,0x2020,0x2020,0x2020,
	0x2020,0x2020,0x2020,0x2020,0x2020,0x2020,0x2020,0x2020,

	0x2020,0x2020,0x2020,0x2020,0x2020,0x2020,0x2020,0x2020,
	0x2020,0x2020,0x2020,0x2020,0x2020,0x2020,0x2020,0x2020,
	0x2020,0x2020,0x2020,0x2020,0x2020,0x2020,0x2020,0x2020,
	0x2020,0x2020,0x2020,0x2020,0x2020,0x2020,0x2020,0x2020,
	0x2020,0x2020,0x2020,0x2020,0x2020,0x2020,0x2020,0x2020,
	0x2020,0x2020,0x2020,0x2020,0x2020,0x2020,0x2020,0x2020,
	0x2020,0x2020,0x2020,0x2020,0x2020,0x2020,0x2020,0x2020,
	0x2020,0x2020,0x2020,0x2020,0x2020,0x2020,0x2020,0x2020,

	0x2020,0x2020,0x2020,0x2020,0x2020,0x2020,0x2020,0x2020,
	0x2020,0x2020,0x2020,0x2020,0x2020,0x2020,0x2020,0x2020,
	0x2020,0x2020,0x2020,0x2020,0x2020,0x2020,0x2020,0x2020,
	0x2020,0x2020,0x2020,0x2020,0x2020,0x2020,0x2020,0x2020,
	0x2020,0x2020,0x2020,0x2020,0x2020,0x2020,0x2020,0x2020,
	0x2020,0x2020,0x2020,0x2020,0x2020,0x2020,0x2020,0x2020,
	0x2020,0x2020,0x2020,0x2020,0x2020,0x2020,0x2020,0x2020,
	0x2020,0x2020,0x2020,0x2020,0x2020,0x2020,0x2020,0x2020,

	0x2020,0x2020,0x2020,0x2020,0x2020,0x2020,0x2020,0x2020,
	0x2020,0x2020,0x2020,0x2020,0x2020,0x2020,0x2020,0x2020,
	0x2020,0x2020,0x2020,0x2020,0x2020,0x2020,0x2020,0x2020,
	0x2020,0x2020,0x2020,0x2020,0x2020,0x2020,0x2020,0x2020,
	0x2020,0x2020,0x2020,0x2020,0x2020,0x2020,0x2020,0x2020,
	0x2020,0x2020,0x2020,0x2020,0x2020,0x2020,0x2020,0x2020,
	0x2020,0x2020,0x2020,0x2020,0x2020,0x2020,0x2020,0x2020,
	0x2020,0x2020,0x2020,0x2020,0x2020,0x2020,0x2020,0x2020,

	0x2020,0x2020,0x2020,0x2020,0x2020,0x2020,0x2020,0x2020,
	0x2020,0x2020,0x2020,0x2020,0x2020,0x2020,0x2020,0x2020,
	0x2020,0x2020,0x2020,0x2020,0x2020,0x2020,0x2020,0x2020,
	0x2020,0x2020,0x2020,0x2020,0x2020,0x2020,0x2020,0x2020,
	0x2020,0x2020,0x2020,0x2020,0x2020,0x2020,0x2020,0x2020,
	0x2020,0x2020,0x2020,0x2020,0x2020,0x2020,0x2020,0x2020,
	0x2020,0x2020,0x2020,0x2020,0x2020,0x2020,0x2020,0x2020,
	0x2020,0x2020,0x2020,0x2020,0x2020,0x2020,0x2020,0x2020,

	0x2020,0x2020,0x2020,0x2020,0x2020,0x2020,0x2020,0x2020,
	0x2020,0x2020,0x2020,0x2020,0x2020,0x2020,0x2020,0x2020,
	0x2020,0x2020,0x2020,0x2020,0x2020,0x2020,0x2020,0x2020,
	0x2020,0x2020,0x2020,0x2020,0x2020,0x2020,0x2020,0x2020,
	0x2020,0x2020,0x2020,0x2020,0x2020,0x2020,0x2020,0x2020,
	0x2020,0x2020,0x2020,0x2020,0x2020,0x2020,0x2020,0x2020,
	0x2020,0x2020,0x2020,0x2020,0x2020,0x2020,0x2020,0x2020,
	0x2020,0x2020,0x2020,0x2020,0x2020,0x2020,0x2020,0x2020,

	0x2020,0x2020,0x2020,0x2020,0x2020,0x2020,0x2020,0x2020,
	0x2020,0x2020,0x2020,0x2020,0x2020,0x2020,0x2020,0x2020,
	0x2020,0x2020,0x2020,0x2020,0x2020,0x2020,0x2020,0x2020,
	0x2020,0x2020,0x2020,0x2020,0x2020,0x2020,0x2020,0x2020,
	0x2020,0x2020,0x2020,0x2020,0x2020,0x2020,0x2020,0x2020,
	0x2020,0x2020,0x2020,0x2020,0x2020,0x2020,0x2020,0x2020,
	0x2020,0x2020,0x2020,0x2020,0x2020,0x2020,0x2020,0x2020,
	0x2020,0x2020,0x2020,0x2020,0x2020,0x2020,0x2020,0x2020,

	0x2020,0x2020,0x2020,0x2020,0x2020,0x2020,0x2020,0x2020,
	0x2020,0x2020,0x2020,0x2020,0x2020,0x2020,0x2020,0x2020,
	0x2020,0x2020,0x2020,0x2020,0x2020,0x2020,0x2020,0x2020,
	0x2020,0x2020,0x2020,0x2020,0x2020,0x2020,0x2020,0x2020,
	0x2020,0x2020,0x2020,0x2020,0x2020,0x2020,0x2020,0x2020,
	0x2020,0x2020,0x2020,0x2020,0x2020,0x2020,0x2020,0x2020,
	0x2020,0x2020,0x2020,0x2020,0x2020,0x2020,0x2020,0x2020,
	0x2020,0x2020,0x2020,0x2020,0x2020,0x2020,0x2020,0x2020,

	0x2020,0x2020,0x2020,0x2020,0x2020,0x2020,0x2020,0x2020,
	0x2020,0x2020,0x2020,0x2020,0x2020,0x2020,0x2020,0x2020,
	0x2020,0x2020,0x2020,0x2020,0x2020,0x2020,0x2020,0x2020,
	0x2020,0x2020,0x2020,0x2020,0x2020,0x2020,0x2020,0x2020,
	0x2020,0x2020,0x2020,0x2020,0x2020,0x2020,0x2020,0x2020,
	0x2020,0x2020,0x2020,0x2020,0x2020,0x2020,0x2020,0x2020,
	0x2020,0x2020,0x2020,0x2020,0x2020,0x2020,0x2020,0x2020,
	0x2020,0x2020,0x2020,0x2020,0x2020,0x2020,0x2020,0x2020,

	0x2020,0x2020,0x2020,0x2020,0x2020,0x2020,0x2020,0x2020,
	0x2020,0x2020,0x2020,0x2020,0x2020,0x2020,0x2020,0x2020,
	0x2020,0x2020,0x2020,0x2020,0x2020,0x2020,0x2020,0x2020,
	0x2020,0x2020,0x2020,0x2020,0x2020,0x2020,0x2020,0x2020,
	0x2020,0x2020,0x2020,0x2020,0x2020,0x2020,0x2020,0x2020,
	0x2020,0x2020,0x2020,0x2020,0x2020,0x2020,0x2020,0x2020,
	0x2020,0x2020,0x2020,0x2020,0x2020,0x2020,0x2020,0x2020,
	0x2020,0x2020,0x2020,0x2020,0x2020,0x2020,0x2020,0x2020,

	0x2020,0x2020,0x2020,0x2020,0x2020,0x2020,0x2020,0x2020,
	0x2020,0x2020,0x2020,0x2020,0x2020,0x2020,0x2020,0x2020,
	0x2020,0x2020,0x2020,0x2020,0x2020,0x2020,0x2020,0x2020,
	0x2020,0x2020,0x2020,0x2020,0x2020,0x2020,0x2020,0x2020,
	0x2020,0x2020,0x2020,0x2020,0x2020,0x2020,0x2020,0x2020,
	0x2020,0x2020,0x2020,0x2020,0x2020,0x2020,0x2020,0x2020,
	0x2020,0x2020,0x2020,0x2020,0x2020,0x2020,0x2020,0x2020,
	0x2020,0x2020,0x2020,0x2020,0x2020,0x2020,0x2020,0x2020,

	0x2020,0x2020,0x2020,0x2020,0x2020,0x2020,0x2020,0x2020,
	0x2020,0x2020,0x2020,0x2020,0x2020,0x2020,0x2020,0x2020,
	0x2020,0x2020,0x2020,0x2020,0x2020,0x2020,0x2020,0x2020,
	0x2020,0x2020,0x2020,0x2020,0x2020,0x2020,0x2020,0x2020,
	0x2020,0x2020,0x2020,0x2020,0x2020,0x2020,0x2020,0x2020,
	0x2020,0x2020,0x2020,0x2020,0x2020,0x2020,0x2020,0x2020,
	0x2020,0x2020,0x2020,0x2020,0x2020,0x2020,0x2020,0x2020,
	0x2020,0x2020,0x2020,0x2020,0x2020,0x2020,0x2020,0x2020,

	0x2020,0x2020,0x2020,0x2020,0x2020,0x2020,0x2020,0x2020,
	0x2020,0x2020,0x2020,0x2020,0x2020,0x2020,0x2020,0x2020,
	0x2020,0x2020,0x2020,0x2020,0x2020,0x2020,0x2020,0x2020,
	0x2020,0x2020,0x2020,0x2020,0x2020,0x2020,0x2020,0x2020,
	0x2020,0x2020,0x2020,0x2020,0x2020,0x2020,0x2020,0x2020,
	0x2020,0x2020,0x2020,0x2020,0x2020,0x2020,0x2020,0x2020,
	0x2020,0x2020,0x2020,0x2020,0x2020,0x2020,0x2020,0x2020,
	0x2020,0x2020,0x2020,0x2020,0x2020,0x2020,0x2020,0x2020,

	0x2020,0x2020,0x2020,0x2020,0x2020,0x2020,0x2020,0x2020,
	0x2020,0x2020,0x2020,0x2020,0x2020,0x2020,0x2020,0x2020,
	0x2020,0x2020,0x2020,0x2020,0x2020,0x2020,0x2020,0x2020,
	0x2020,0x2020,0x2020,0x2020,0x2020,0x2020,0x2020,0x2020,
	0x2020,0x2020,0x2020,0x2020,0x2020,0x2020,0x2020,0x2020,
	0x2020,0x2020,0x2020,0x2020,0x2020,0x2020,0x2020,0x2020,
	0x2020,0x2020,0x2020,0x2020,0x2020,0x2020,0x2020,0x2020,
	0x2020,0x2020,0x2020,0x2020,0x2020,0x2020,0x2020,0x2020,

	0x2020,0x2020,0x2020,0x2020,0x2020,0x2020,0x2020,0x2020,
	0x2020,0x2020,0x2020,0x2020,0x2020,0x2020,0x2020,0x2020,
	0x2020,0x2020,0x2020,0x2020,0x2020,0x2020,0x2020,0x2020,
	0x2020,0x2020,0x2020,0x2020,0x2020,0x2020,0x2020,0x2020,
	0x2020,0x2020,0x2020,0x2020,0x2020,0x2020,0x2020,0x2020,
	0x2020,0x2020,0x2020,0x2020,0x2020,0x2020,0x2020,0x2020,
	0x2020,0x2020,0x2020,0x2020,0x2020,0x2020,0x2020,0x2020,
	0x2020,0x2020,0x2020,0x2020,0x2020,0x2020,0x2020,0x2020,

	0x2020,0x2020,0x2020,0x2020,0x2020,0x2020,0x2020,0x2020,
	0x2020,0x2020,0x2020,0x2020,0x2020,0x2020,0x2020,0x2020,
	0x2020,0x2020,0x2020,0x2020,0x2020,0x2020,0x2020,0x2020,
	0x2020,0x2020,0x2020,0x2020,0x2020,0x2020,0x2020,0x2020,
	0x2020,0x2020,0x2020,0x2020,0x2020,0x2020,0x2020,0x2020,
	0x2020,0x2020,0x2020,0x2020,0x2020,0x2020,0x2020,0x2020,
	0x2020,0x2020,0x2020,0x2020,0x2020,0x2020,0x2020,0x2020,
	0x2020,0x2020,0x2020,0x2020,0x2020,0x2020,0x2020,0x2020,

	0x2020,0x2020,0x2020,0x2020,0x2020,0x2020,0x2020,0x2020,
	0x2020,0x2020,0x2020,0x2020,0x2020,0x2020,0x2020,0x2020,
	0x2020,0x2020,0x2020,0x2020,0x2020,0x2020,0x2020,0x2020,
	0x2020,0x2020,0x2020,0x2020,0x2020,0x2020,0x2020,0x2020,
	0x2020,0x2020,0x2020,0x2020,0x2020,0x2020,0x2020,0x2020,
	0x2020,0x2020,0x2020,0x2020,0x2020,0x2020,0x2020,0x2020,
	0x2020,0x2020,0x2020,0x2020,0x2020,0x2020,0x2020,0x2020,
	0x2020,0x2020,0x2020,0x2020,0x2020,0x2020,0x2020,0x2020,

	0x2020,0x2020,0x2020,0x2020,0x2020,0x2020,0x2020,0x2020,
	0x2020,0x2020,0x2020,0x2020,0x2020,0x2020,0x2020,0x2020,
	0x2020,0x2020,0x2020,0x2020,0x2020,0x2020,0x2020,0x2020,
	0x2020,0x2020,0x2020,0x2020,0x2020,0x2020,0x2020,0x2020,
	0x2020,0x2020,0x2020,0x2020,0x2020,0x2020,0x2020,0x2020,
	0x2020,0x2020,0x2020,0x2020,0x2020,0x2020,0x2020,0x2020,
	0x2020,0x2020,0x2020,0x2020,0x2020,0x2020,0x2020,0x2020,
	0x2020,0x2020,0x2020,0x2020,0x2020,0x2020,0x2020,0x2020,

	0x2020,0x2020,0x2020,0x2020,0x2020,0x2020,0x2020,0x2020,
	0x2020,0x2020,0x2020,0x2020,0x2020,0x2020,0x2020,0x2020,
	0x2020,0x2020,0x2020,0x2020,0x2020,0x2020,0x2020,0x2020,
	0x2020,0x2020,0x2020,0x2020,0x2020,0x2020,0x2020,0x2020,
	0x2020,0x2020,0x2020,0x2020,0x2020,0x2020,0x2020,0x2020,
	0x2020,0x2020,0x2020,0x2020,0x2020,0x2020,0x2020,0x2020,
	0x2020,0x2020,0x2020,0x2020,0x2020,0x2020,0x2020,0x2020,
	0x2020,0x2020,0x2020,0x2020,0x2020,0x2020,0x2020,0x2020,

	0x2020,0x2020,0x2020,0x2020,0x2020,0x2020,0x2020,0x2020,
	0x2020,0x2020,0x2020,0x2020,0x2020,0x2020,0x2020,0x2020,
	0x2020,0x2020,0x2020,0x2020,0x2020,0x2020,0x2020,0x2020,
	0x2020,0x2020,0x2020,0x2020,0x2020,0x2020,0x2020,0x2020,
	0x2020,0x2020,0x2020,0x2020,0x2020,0x2020,0x2020,0x2020,
	0x2020,0x2020,0x2020,0x2020,0x2020,0x2020,0x2020,0x2020,
	0x2020,0x2020,0x2020,0x2020,0x2020,0x2020,0x2020,0x2020,
	0x2020,0x2020,0x2020,0x2020,0x2020,0x2020,0x2020,0x2020,

	0x2020,0x2020,0x2020,0x2020,0x2020,0x2020,0x2020,0x2020,
	0x2020,0x2020,0x2020,0x2020,0x2020,0x2020,0x2020,0x2020,
	0x2020,0x2020,0x2020,0x2020,0x2020,0x2020,0x2020,0x2020,
	0x2020,0x2020,0x2020,0x2020,0x2020,0x2020,0x2020,0x2020,
	0x2020,0x2020,0x2020,0x2020,0x2020,0x2020,0x2020,0x2020,
	0x2020,0x2020,0x2020,0x2020,0x2020,0x2020,0x2020,0x2020,
	0x2020,0x2020,0x2020,0x2020,0x2020,0x2020,0x2020,0x2020,
	0x2020,0x2020,0x2020,0x2020,0x2020,0x2020,0x2020,0x2020,

	0x2020,0x2020,0x2020,0x2020,0x2020,0x2020,0x2020,0x2020,
	0x2020,0x2020,0x2020,0x2020,0x2020,0x2020,0x2020,0x2020,
	0x2020,0x2020,0x2020,0x2020,0x2020,0x2020,0x2020,0x2020,
	0x2020,0x2020,0x2020,0x2020,0x2020,0x2020,0x2020,0x2020,
	0x2020,0x2020,0x2020,0x2020,0x2020,0x2020,0x2020,0x2020,
	0x2020,0x2020,0x2020,0x2020,0x2020,0x2020,0x2020,0x2020,
	0x2020,0x2020,0x2020,0x2020,0x2020,0x2020,0x2020,0x2020,
	0x2020,0x2020,0x2020,0x2020,0x2020,0x2020,0x2020,0x2020,

	0x2020,0x2020,0x2020,0x2020,0x2020,0x2020,0x2020,0x2020,
	0x2020,0x2020,0x2020,0x2020,0x2020,0x2020,0x2020,0x2020,
	0x2020,0x2020,0x2020,0x2020,0x2020,0x2020,0x2020,0x2020,
	0x2020,0x2020,0x2020,0x2020,0x2020,0x2020,0x2020,0x2020,
	0x2020,0x2020,0x2020,0x2020,0x2020,0x2020,0x2020,0x2020,
	0x2020,0x2020,0x2020,0x2020,0x2020,0x2020,0x2020,0x2020,
	0x2020,0x2020,0x2020,0x2020,0x2020,0x2020,0x2020,0x2020,
	0x2020,0x2020,0x2020,0x2020,0x2020,0x2020,0x2020,0x2020,

	0x2020,0x2020,0x2020,0x2020,0x2020,0x2020,0x2020,0x2020,
	0x2020,0x2020,0x2020,0x2020,0x2020,0x2020,0x2020,0x2020,
	0x2020,0x2020,0x2020,0x2020,0x2020,0x2020,0x2020,0x2020,
	0x2020,0x2020,0x2020,0x2020,0x2020,0x2020,0x2020,0x2020,
	0x2020,0x2020,0x2020,0x2020,0x2020,0x2020,0x2020,0x2020,
	0x2020,0x2020,0x2020,0x2020,0x2020,0x2020,0x2020,0x2020,
	0x2020,0x2020,0x2020,0x2020,0x2020,0x2020,0x2020,0x2020,
	0x2020,0x2020,0x2020,0x2020,0x2020,0x2020,0x2020,0x2020,

	0x2020,0x2020,0x2020,0x2020,0x2020,0x2020,0x2020,0x2020,
	0x2020,0x2020,0x2020,0x2020,0x2020,0x2020,0x2020,0x2020,
	0x2020,0x2020,0x2020,0x2020,0x2020,0x2020,0x2020,0x2020,
	0x2020,0x2020,0x2020,0x2020,0x2020,0x2020,0x2020,0x2020,
	0x2020,0x2020,0x2020,0x2828,0x2020,0x2020,0x2828,0x2828,
	0x2020,0x2820,0x2828,0x2422,0x2020,0x2820,0x222C,0x2424,
	0x2820,0x2628,0x242E,0x2424,0x2820,0x2E2C,0x2424,0x2424,
	0x2C20,0x2422,0x2424,0x2424,0x2228,0x2424,0x2424,0x2424,

	0x2828,0x2828,0x2021,0x2020,0x2C2C,0x2626,0x2426,0x2424,
	0x2424,0x2424,0x2E24,0x2E2E,0x2424,0x2729,0x2424,0x2E24,
	0x2424,0x2B2B,0x2424,0x2424,0x2424,0x2B24,0x2429,0x2424,
	0x2424,0x2724,0x242B,0x2424,0x2424,0x2E24,0x242E,0x2424,
	0x2020,0x2020,0x2020,0x2D2D,0x2020,0x2020,0x2020,0x2020,
	0x2020,0x2020,0x2020,0x2020,0x2024,0x2020,0x2020,0x2020,
	0x2826,0x2020,0x2020,0x2020,0x222E,0x2020,0x2020,0x2020,
	0x2624,0x2020,0x2020,0x2020,0x2224,0x202A,0x2020,0x2020,

	0x2F2F,0x2B2B,0x2F2F,0x2F2F,0x2D2D,0x2B2F,0x2F2F,0x2020,
	0x2D2D,0x2B2F,0x202F,0x2020,0x2D20,0x2B2F,0x202F,0x2020,
	0x2D20,0x2B2F,0x202F,0x2020,0x2D20,0x2F2F,0x2020,0x2020,
	0x2020,0x2F2F,0x2020,0x2020,0x2020,0x2F2F,0x202D,0x2020,
	0x202D,0x2020,0x2020,0x2020,0x2020,0x2020,0x2020,0x2020,
	0x2020,0x2020,0x2020,0x2020,0x2020,0x2020,0x2020,0x2020,
	0x2020,0x2020,0x2020,0x2020,0x2020,0x2020,0x2020,0x2020,
	0x2020,0x2020,0x2020,0x2020,0x2020,0x2020,0x2020,0x2020,

	0x2020,0x2020,0x2020,0x2020,0x2020,0x2020,0x2020,0x2020,
	0x2020,0x2020,0x2020,0x2020,0x2020,0x2020,0x2020,0x2020,
	0x2020,0x2020,0x2020,0x2020,0x2020,0x2020,0x2020,0x2020,
	0x2020,0x2020,0x2020,0x2020,0x2020,0x2020,0x2020,0x2020,
	0x2020,0x2020,0x2020,0x2020,0x2020,0x2020,0x2020,0x2020,
	0x2020,0x2020,0x2020,0x2020,0x2020,0x2020,0x2020,0x2020,
	0x2020,0x2020,0x2020,0x2020,0x2020,0x2020,0x2020,0x2020,
	0x2020,0x2020,0x2020,0x2020,0x2020,0x2020,0x2020,0x2020,

	0x2020,0x2020,0x2020,0x2020,0x2020,0x2020,0x2020,0x2020,
	0x2020,0x2020,0x2020,0x2020,0x2020,0x2020,0x2020,0x2020,
	0x2020,0x2020,0x2020,0x2020,0x2020,0x2020,0x2020,0x2020,
	0x2020,0x2020,0x2020,0x2020,0x2020,0x2020,0x2020,0x2020,
	0x2020,0x2020,0x2020,0x2020,0x2020,0x2020,0x2020,0x2020,
	0x2020,0x2020,0x2020,0x2020,0x2020,0x2020,0x2020,0x2020,
	0x2020,0x2020,0x2020,0x2020,0x2020,0x2020,0x2020,0x2020,
	0x2020,0x2020,0x2020,0x2020,0x2020,0x2020,0x2020,0x2020,

	0x2020,0x2020,0x2020,0x2020,0x2020,0x2020,0x2020,0x2020,
	0x2020,0x2020,0x2020,0x2020,0x2020,0x2020,0x2020,0x2020,
	0x2020,0x2020,0x2020,0x2020,0x2020,0x2020,0x2020,0x2020,
	0x2020,0x2020,0x2020,0x2020,0x2020,0x2020,0x2020,0x2020,
	0x2020,0x2020,0x2020,0x2020,0x2020,0x2020,0x2020,0x2020,
	0x2020,0x2020,0x2020,0x2020,0x2020,0x2020,0x2020,0x2020,
	0x2020,0x2020,0x2020,0x2020,0x2020,0x2020,0x2020,0x2020,
	0x2020,0x2020,0x2020,0x2020,0x2020,0x2020,0x2020,0x2020,

	0x2020,0x2020,0x2020,0x2020,0x2020,0x2020,0x2020,0x2020,
	0x2020,0x2020,0x2020,0x2020,0x2020,0x2020,0x2020,0x2020,
	0x2020,0x2020,0x2020,0x2020,0x2020,0x2020,0x2020,0x2020,
	0x2020,0x2020,0x2020,0x2020,0x2020,0x2020,0x2020,0x2020,
	0x2020,0x2020,0x2020,0x2020,0x2020,0x2020,0x2020,0x2020,
	0x2020,0x2020,0x2020,0x2020,0x2020,0x2020,0x2020,0x2020,
	0x2020,0x2020,0x2020,0x2020,0x2020,0x2020,0x2020,0x2020,
	0x2020,0x2020,0x2020,0x2020,0x2020,0x2020,0x2020,0x2020,

	0x2020,0x2020,0x2020,0x2020,0x2020,0x2020,0x2020,0x2020,
	0x2020,0x2020,0x2020,0x2020,0x2020,0x2020,0x2020,0x2020,
	0x2020,0x2020,0x2020,0x2020,0x2020,0x2020,0x2020,0x2020,
	0x2020,0x2020,0x2020,0x2020,0x2020,0x2020,0x2020,0x2020,
	0x2020,0x2020,0x2020,0x2020,0x2020,0x2020,0x2020,0x2020,
	0x2020,0x2020,0x2020,0x2020,0x2020,0x2020,0x2020,0x2020,
	0x2020,0x2020,0x2020,0x2020,0x2020,0x2020,0x2020,0x2020,
	0x2020,0x2020,0x2020,0x2020,0x2020,0x2020,0x2020,0x2020,

	0x2020,0x2020,0x2020,0x2020,0x2020,0x2020,0x2020,0x2020,
	0x2020,0x2020,0x2020,0x2020,0x2020,0x2020,0x2020,0x2020,
	0x2020,0x2020,0x2020,0x2020,0x2020,0x2020,0x2020,0x2020,
	0x2020,0x2020,0x2020,0x2020,0x2020,0x2020,0x2020,0x2020,
	0x2020,0x2020,0x2020,0x2020,0x2020,0x2020,0x2020,0x2020,
	0x2020,0x2020,0x2020,0x2020,0x2020,0x2020,0x2020,0x2020,
	0x2020,0x2020,0x2020,0x2020,0x2020,0x2020,0x2020,0x2020,
	0x2020,0x2020,0x2020,0x2020,0x2020,0x2020,0x2020,0x2020,

	0x2020,0x2020,0x2020,0x2020,0x2020,0x2020,0x2020,0x2020,
	0x2020,0x2020,0x2020,0x2020,0x2020,0x2020,0x2020,0x2020,
	0x2020,0x2020,0x2020,0x2020,0x2020,0x2020,0x2020,0x2020,
	0x2020,0x2020,0x2020,0x2020,0x2020,0x2020,0x2020,0x2020,
	0x2020,0x2020,0x2020,0x2020,0x2020,0x2020,0x2020,0x2020,
	0x2020,0x2020,0x2020,0x2020,0x2020,0x2020,0x2020,0x2020,
	0x2020,0x2020,0x2020,0x2020,0x2020,0x2020,0x2020,0x2020,
	0x2020,0x2020,0x2020,0x2020,0x2020,0x2020,0x2020,0x2020,

	0x2020,0x2020,0x2020,0x2020,0x2020,0x2020,0x2020,0x2020,
	0x2020,0x2020,0x2020,0x2020,0x2020,0x2020,0x2020,0x2020,
	0x2020,0x2020,0x2020,0x2020,0x2020,0x2020,0x2020,0x2020,
	0x2020,0x2020,0x2020,0x2020,0x2020,0x2020,0x2020,0x2020,
	0x2020,0x2020,0x2020,0x2020,0x2020,0x2020,0x2020,0x2020,
	0x2020,0x2020,0x2020,0x2020,0x2020,0x2020,0x2020,0x2020,
	0x2020,0x2020,0x2020,0x2020,0x2020,0x2020,0x2020,0x2020,
	0x2020,0x2020,0x2020,0x2020,0x2020,0x2020,0x2020,0x2020,

	0x2020,0x2020,0x2020,0x2020,0x2020,0x2020,0x2020,0x2020,
	0x2020,0x2020,0x2020,0x2020,0x2020,0x2020,0x2020,0x2020,
	0x2020,0x2020,0x2020,0x2020,0x2020,0x2020,0x2020,0x2020,
	0x2020,0x2020,0x2020,0x2020,0x2020,0x2020,0x2020,0x2020,
	0x2020,0x2020,0x2020,0x2020,0x2020,0x2020,0x2020,0x2020,
	0x2020,0x2020,0x2020,0x2020,0x2020,0x2020,0x2020,0x2020,
	0x2020,0x2020,0x2020,0x2020,0x2020,0x2020,0x2020,0x2020,
	0x2020,0x2020,0x2020,0x2020,0x2020,0x2020,0x2020,0x2020,

	0x2020,0x2020,0x2020,0x2020,0x2020,0x2020,0x2020,0x2020,
	0x2020,0x2020,0x2020,0x2020,0x2020,0x2020,0x2020,0x2020,
	0x2020,0x2020,0x2020,0x2020,0x2020,0x2020,0x2020,0x2020,
	0x2020,0x2020,0x2020,0x2020,0x2020,0x2020,0x2020,0x2020,
	0x2020,0x2020,0x2020,0x2020,0x2020,0x2020,0x2020,0x2020,
	0x2020,0x2020,0x2020,0x2020,0x2020,0x2020,0x2020,0x2020,
	0x2020,0x2020,0x2020,0x2020,0x2020,0x2020,0x2020,0x2020,
	0x2020,0x2020,0x2020,0x2020,0x2020,0x2020,0x2020,0x2020,

	0x2020,0x2020,0x2020,0x2020,0x2020,0x2020,0x2020,0x2020,
	0x2020,0x2020,0x2020,0x2020,0x2020,0x2020,0x2020,0x2020,
	0x2020,0x2020,0x2020,0x2020,0x2020,0x2020,0x2020,0x2020,
	0x2020,0x2020,0x2020,0x2020,0x2020,0x2020,0x2020,0x2020,
	0x2020,0x2020,0x2020,0x2020,0x2020,0x2020,0x2020,0x2020,
	0x2020,0x2020,0x2020,0x2020,0x2020,0x2020,0x2020,0x2020,
	0x2020,0x2020,0x2020,0x2020,0x2020,0x2020,0x2020,0x2020,
	0x2020,0x2020,0x2020,0x2020,0x2020,0x2020,0x2020,0x2020,

	0x2020,0x2020,0x2020,0x2020,0x2020,0x2020,0x2020,0x2020,
	0x2020,0x2020,0x2020,0x2020,0x2020,0x2020,0x2020,0x2020,
	0x2020,0x2020,0x2020,0x2020,0x2020,0x2020,0x2020,0x2020,
	0x2020,0x2020,0x2020,0x2020,0x2020,0x2020,0x2020,0x2020,
	0x2020,0x2020,0x2020,0x2020,0x2020,0x2020,0x2020,0x2020,
	0x2020,0x2020,0x2020,0x2020,0x2020,0x2020,0x2020,0x2020,
	0x2020,0x2020,0x2020,0x2020,0x2020,0x2020,0x2020,0x2020,
	0x2020,0x2020,0x2020,0x2020,0x2020,0x2020,0x2020,0x2020,

	0x2020,0x2020,0x2020,0x2020,0x2020,0x2020,0x2020,0x2020,
	0x2020,0x2020,0x2020,0x2020,0x2020,0x2020,0x2020,0x2020,
	0x2020,0x2020,0x2020,0x2020,0x2020,0x2020,0x2020,0x2020,
	0x2020,0x2020,0x2020,0x2020,0x2020,0x2020,0x2020,0x2020,
	0x2020,0x2020,0x2020,0x2020,0x2020,0x2020,0x2020,0x2020,
	0x2020,0x2020,0x2020,0x2020,0x2020,0x2020,0x2020,0x2020,
	0x2020,0x2020,0x2020,0x2020,0x2020,0x2020,0x2020,0x2020,
	0x2020,0x2020,0x2020,0x2020,0x2020,0x2020,0x2020,0x2020,

	0x2020,0x2020,0x2020,0x2020,0x2020,0x2020,0x2020,0x2020,
	0x2020,0x2020,0x2020,0x2020,0x2020,0x2020,0x2020,0x2020,
	0x2020,0x2020,0x2020,0x2020,0x2020,0x2020,0x2020,0x2020,
	0x2020,0x2020,0x2020,0x2020,0x2020,0x2020,0x2020,0x2020,
	0x2020,0x2020,0x2020,0x2020,0x2020,0x2020,0x2020,0x2020,
	0x2020,0x2020,0x2020,0x2020,0x2020,0x2020,0x2020,0x2020,
	0x2020,0x2020,0x2020,0x2020,0x2020,0x2020,0x2020,0x2020,
	0x2020,0x2020,0x2020,0x2020,0x2020,0x2020,0x2020,0x2020,

	0x2020,0x2020,0x2020,0x2020,0x2020,0x2020,0x2020,0x2020,
	0x2020,0x2020,0x2020,0x2020,0x2020,0x2020,0x2020,0x2020,
	0x2020,0x2020,0x2020,0x2020,0x2020,0x2020,0x2020,0x2020,
	0x2020,0x2020,0x2020,0x2020,0x2020,0x2020,0x2020,0x2020,
	0x2020,0x2020,0x2020,0x2020,0x2020,0x2020,0x2020,0x2020,
	0x2020,0x2020,0x2020,0x2020,0x2020,0x2020,0x2020,0x2020,
	0x2020,0x2020,0x2020,0x2020,0x2020,0x2020,0x2020,0x2020,
	0x2020,0x2020,0x2020,0x2020,0x2020,0x2020,0x2020,0x2020,

	0x2020,0x2020,0x2020,0x2020,0x2020,0x2020,0x2020,0x2020,
	0x2020,0x2020,0x2020,0x2020,0x2020,0x2020,0x2020,0x2020,
	0x2020,0x2020,0x2020,0x2020,0x2020,0x2020,0x2020,0x2020,
	0x2020,0x2020,0x2020,0x2020,0x2020,0x2020,0x2020,0x2020,
	0x2020,0x2020,0x2020,0x2020,0x2020,0x2020,0x2020,0x2020,
	0x2020,0x2020,0x2020,0x2020,0x2020,0x2020,0x2020,0x2020,
	0x2020,0x2020,0x2020,0x2020,0x2020,0x2020,0x2020,0x2020,
	0x2020,0x2020,0x2020,0x2020,0x2020,0x2020,0x2020,0x2020,

	0x2020,0x2020,0x2020,0x2020,0x2020,0x2020,0x2020,0x2020,
	0x2020,0x2020,0x2020,0x2020,0x2020,0x2020,0x2020,0x2020,
	0x2020,0x2020,0x2020,0x2020,0x2020,0x2020,0x2020,0x2020,
	0x2020,0x2020,0x2020,0x2020,0x2020,0x2020,0x2020,0x2020,
	0x2020,0x2020,0x2020,0x2020,0x2020,0x2020,0x2020,0x2020,
	0x2020,0x2020,0x2020,0x2020,0x2020,0x2020,0x2020,0x2020,
	0x2020,0x2020,0x2020,0x2020,0x2020,0x2020,0x2020,0x2020,
	0x2020,0x2020,0x2020,0x2020,0x2020,0x2020,0x2020,0x2020,

	0x2020,0x2020,0x2020,0x2020,0x2020,0x2020,0x2020,0x2020,
	0x2020,0x2020,0x2020,0x2020,0x2020,0x2020,0x2020,0x2020,
	0x2020,0x2020,0x2020,0x2020,0x2020,0x2020,0x2020,0x2020,
	0x2020,0x2020,0x2020,0x2020,0x2020,0x2020,0x2020,0x2020,
	0x2020,0x2020,0x2020,0x2020,0x2020,0x2020,0x2020,0x2020,
	0x2020,0x2020,0x2020,0x2020,0x2020,0x2020,0x2020,0x2020,
	0x2020,0x2020,0x2020,0x2020,0x2020,0x2020,0x2020,0x2020,
	0x2020,0x2020,0x2020,0x2020,0x2020,0x2020,0x2020,0x2020,

	0x2020,0x2020,0x2020,0x2020,0x2020,0x2020,0x2020,0x2020,
	0x2020,0x2020,0x2020,0x2020,0x2020,0x2020,0x2020,0x2020,
	0x2020,0x2020,0x2020,0x2020,0x2020,0x2020,0x2020,0x2020,
	0x2020,0x2020,0x2020,0x2020,0x2020,0x2020,0x2020,0x2020,
	0x2020,0x2020,0x2020,0x2020,0x2020,0x2020,0x2020,0x2020,
	0x2020,0x2020,0x2020,0x2020,0x2020,0x2020,0x2020,0x2020,
	0x2020,0x2020,0x2020,0x2020,0x2020,0x2020,0x2020,0x2020,
	0x2020,0x2020,0x2020,0x2020,0x2020,0x2020,0x2020,0x2020,

	0x2020,0x2020,0x2020,0x2020,0x2020,0x2020,0x2020,0x2020,
	0x2020,0x2020,0x2020,0x2020,0x2020,0x2020,0x2020,0x2020,
	0x2020,0x2020,0x2020,0x2020,0x2020,0x2020,0x2020,0x2020,
	0x2020,0x2020,0x2020,0x2020,0x2020,0x2020,0x2020,0x2020,
	0x2020,0x2020,0x2020,0x2020,0x2020,0x2020,0x2020,0x2020,
	0x2020,0x2020,0x2020,0x2020,0x2020,0x2020,0x2020,0x2020,
	0x2020,0x2020,0x2020,0x2020,0x2020,0x2020,0x2020,0x2020,
	0x2020,0x2020,0x2020,0x2020,0x2020,0x2020,0x2020,0x2020,

	0x2020,0x2020,0x2020,0x2020,0x2020,0x2020,0x2020,0x2020,
	0x2020,0x2020,0x2020,0x2020,0x2020,0x2020,0x2020,0x2020,
	0x2020,0x2020,0x2020,0x2020,0x2020,0x2020,0x2020,0x2020,
	0x2020,0x2020,0x2020,0x2020,0x2020,0x2020,0x2020,0x2020,
	0x2020,0x2020,0x2020,0x2020,0x2020,0x2020,0x2020,0x2020,
	0x2020,0x2020,0x2020,0x2020,0x2020,0x2020,0x2020,0x2020,
	0x2020,0x2020,0x2020,0x2020,0x2020,0x2020,0x2020,0x2020,
	0x2020,0x2020,0x2020,0x2020,0x2020,0x2020,0x2020,0x2020,

	0x2020,0x2020,0x2020,0x2020,0x2020,0x2020,0x2020,0x2020,
	0x2020,0x2020,0x2020,0x2020,0x2020,0x2020,0x2020,0x2020,
	0x2020,0x2020,0x2020,0x2020,0x2020,0x2020,0x2020,0x2020,
	0x2020,0x2020,0x2020,0x2020,0x2020,0x2020,0x2020,0x2020,
	0x2020,0x2020,0x2020,0x2020,0x2020,0x2020,0x2020,0x2020,
	0x2020,0x2020,0x2020,0x2020,0x2020,0x2020,0x2020,0x2020,
	0x2020,0x2020,0x2020,0x2020,0x2020,0x2020,0x2020,0x2020,
	0x2020,0x2020,0x2020,0x2020,0x2020,0x2020,0x2020,0x2020,

	0x2020,0x2020,0x2020,0x2020,0x2020,0x2020,0x2020,0x2020,
	0x2020,0x2020,0x2020,0x2020,0x2020,0x2020,0x2020,0x2020,
	0x2020,0x2020,0x2020,0x2020,0x2020,0x2020,0x2020,0x2020,
	0x2020,0x2020,0x2020,0x2020,0x2020,0x2020,0x2020,0x2020,
	0x2020,0x2020,0x2020,0x2020,0x2020,0x2020,0x2020,0x2020,
	0x2020,0x2020,0x2020,0x2020,0x2020,0x2020,0x2020,0x2020,
	0x2020,0x2020,0x2020,0x2020,0x2020,0x2020,0x2020,0x2020,
	0x2020,0x2020,0x2020,0x2020,0x2020,0x2020,0x2020,0x2020,

	0x2020,0x2020,0x2020,0x2020,0x2020,0x2020,0x2020,0x2020,
	0x2020,0x2020,0x2020,0x2020,0x2020,0x2020,0x2020,0x2020,
	0x2020,0x2020,0x2020,0x2020,0x2020,0x2020,0x2020,0x2020,
	0x2020,0x2020,0x2020,0x2020,0x2020,0x2020,0x2020,0x2020,
	0x2020,0x2020,0x2020,0x2020,0x2020,0x2020,0x2020,0x2020,
	0x2020,0x2020,0x2020,0x2020,0x2020,0x2020,0x2020,0x2020,
	0x2020,0x2020,0x2020,0x2020,0x2020,0x2020,0x2020,0x2020,
	0x2020,0x2020,0x2020,0x2020,0x2020,0x2020,0x2020,0x2020,

	0x2020,0x2020,0x2020,0x2020,0x2020,0x2020,0x2020,0x2020,
	0x2020,0x2020,0x2020,0x2020,0x2020,0x2020,0x2020,0x2020,
	0x2020,0x2020,0x2020,0x2020,0x2020,0x2020,0x2020,0x2020,
	0x2020,0x2020,0x2020,0x2020,0x2020,0x2020,0x2020,0x2020,
	0x2020,0x2020,0x2020,0x2020,0x2020,0x2020,0x2020,0x2020,
	0x2020,0x2020,0x2020,0x2020,0x2020,0x2020,0x2020,0x2020,
	0x2020,0x2020,0x2020,0x2020,0x2020,0x2020,0x2020,0x2020,
	0x2020,0x2020,0x2020,0x2020,0x2020,0x2020,0x2020,0x2020,

	0x2020,0x2020,0x2020,0x2020,0x2020,0x2020,0x2020,0x2020,
	0x2020,0x2020,0x2020,0x2020,0x2020,0x2020,0x2020,0x2020,
	0x2020,0x2020,0x2020,0x2020,0x2020,0x2020,0x2020,0x2020,
	0x2020,0x2020,0x2020,0x2020,0x2020,0x2020,0x2020,0x2020,
	0x2020,0x2020,0x2020,0x2020,0x2020,0x2020,0x2020,0x2020,
	0x2020,0x2020,0x2020,0x2020,0x2020,0x2020,0x2020,0x2020,
	0x2020,0x2020,0x2020,0x2020,0x2020,0x2020,0x2020,0x2020,
	0x2020,0x2020,0x2020,0x2020,0x2020,0x2020,0x2020,0x2020,

	0x2020,0x2020,0x2020,0x2020,0x2020,0x2020,0x2020,0x2D20,
	0x2020,0x2020,0x2020,0x2D20,0x2020,0x2020,0x2020,0x2D20,
	0x2020,0x2020,0x2020,0x2F20,0x2020,0x2D20,0x2D2F,0x2F20,
	0x2020,0x2D20,0x2F2F,0x2F2D,0x2020,0x2020,0x2F2D,0x2F2D,
	0x2020,0x2020,0x2020,0x2020,0x2020,0x2020,0x2020,0x2020,
	0x202D,0x2020,0x2020,0x2020,0x202D,0x2020,0x2020,0x2020,
	0x202F,0x2020,0x2020,0x2020,0x202F,0x2020,0x2020,0x2020,
	0x202F,0x2D2D,0x2020,0x2020,0x2D2B,0x2D2D,0x2020,0x2020,

	0x2020,0x2020,0x2020,0x2020,0x2020,0x2020,0x2020,0x2020,
	0x2020,0x2020,0x2020,0x2020,0x2020,0x2020,0x2020,0x2020,
	0x2020,0x2020,0x2020,0x2020,0x2020,0x2020,0x2020,0x2020,
	0x2020,0x2020,0x2020,0x2020,0x2020,0x2020,0x2020,0x2020,
	0x2020,0x2020,0x2020,0x2020,0x2020,0x2020,0x2020,0x2020,
	0x2020,0x2020,0x2020,0x2020,0x2020,0x2020,0x2020,0x2020,
	0x2020,0x2020,0x2020,0x2020,0x2020,0x2020,0x2020,0x2020,
	0x2020,0x2020,0x2020,0x2020,0x2020,0x2020,0x2020,0x2020,

	0x2020,0x2020,0x2020,0x2020,0x2020,0x2020,0x2020,0x2020,
	0x2020,0x2020,0x2020,0x2020,0x2020,0x2020,0x2020,0x2020,
	0x2020,0x2020,0x2020,0x2020,0x2020,0x2020,0x2020,0x2020,
	0x2020,0x2020,0x2020,0x2020,0x2020,0x2020,0x2020,0x2020,
	0x2020,0x2020,0x2020,0x2020,0x2020,0x2020,0x2020,0x2020,
	0x2020,0x2020,0x2020,0x2020,0x2020,0x2020,0x2020,0x2020,
	0x2020,0x2020,0x2020,0x2020,0x2020,0x2020,0x2020,0x2020,
	0x2020,0x2020,0x2020,0x2020,0x2020,0x2020,0x2020,0x2020,

	0x2020,0x2020,0x2020,0x2020,0x2020,0x2020,0x2020,0x2020,
	0x2020,0x2020,0x2020,0x2020,0x2020,0x2020,0x2020,0x2020,
	0x2020,0x2020,0x2020,0x2020,0x2020,0x2020,0x2020,0x2020,
	0x2020,0x2020,0x2020,0x2020,0x2020,0x2020,0x2020,0x2020,
	0x2228,0x2424,0x2424,0x2424,0x2228,0x2424,0x2424,0x2424,
	0x2228,0x2424,0x2424,0x2424,0x2228,0x2424,0x2424,0x2424,
	0x2C28,0x2429,0x2424,0x2424,0x2B28,0x222B,0x2424,0x2424,
	0x2720,0x272B,0x2424,0x2424,0x2020,0x2B2D,0x2427,0x2424,

	0x2424,0x2424,0x2424,0x2422,0x2424,0x2424,0x2B24,0x242F,
	0x2424,0x2424,0x2924,0x2424,0x2424,0x2424,0x2424,0x2424,
	0x2424,0x2424,0x2424,0x2424,0x2424,0x2424,0x2424,0x2424,
	0x2424,0x2424,0x2424,0x2224,0x2424,0x2424,0x2424,0x222E,
	0x2224,0x2028,0x2020,0x2020,0x2224,0x202C,0x2020,0x2020,
	0x2224,0x202C,0x2020,0x2020,0x2624,0x2020,0x2020,0x2020,
	0x2C2E,0x2020,0x2020,0x2020,0x2822,0x2020,0x2020,0x2020,
	0x2024,0x2020,0x2020,0x2020,0x2020,0x2020,0x2020,0x2020,

	0x2020,0x2F2D,0x2020,0x2020,0x2D20,0x2D2D,0x2020,0x2020,
	0x2020,0x2D20,0x2020,0x2020,0x2020,0x2D20,0x2020,0x2020,
	0x2020,0x2D20,0x2020,0x2020,0x2020,0x2020,0x2020,0x2020,
	0x2020,0x2020,0x2020,0x2020,0x2020,0x2020,0x2020,0x2020,
	0x2020,0x2020,0x2020,0x2020,0x2020,0x2020,0x2020,0x2020,
	0x2020,0x2020,0x2020,0x2020,0x2020,0x2020,0x2020,0x2020,
	0x2020,0x2020,0x2020,0x2020,0x2020,0x2020,0x2020,0x2020,
	0x2020,0x2020,0x2020,0x2020,0x2020,0x2020,0x2020,0x2020,

	0x2020,0x2020,0x2020,0x2020,0x2020,0x2020,0x2020,0x2020,
	0x2020,0x2020,0x2020,0x2020,0x2020,0x2020,0x2020,0x2020,
	0x2020,0x2020,0x2020,0x2020,0x2020,0x2020,0x2020,0x2020,
	0x2020,0x2020,0x2020,0x2020,0x2020,0x2020,0x2020,0x2020,
	0x2020,0x2020,0x2020,0x2020,0x2020,0x2020,0x2020,0x2020,
	0x2020,0x2020,0x2020,0x2020,0x2020,0x2020,0x2020,0x2020,
	0x2020,0x2020,0x2020,0x2020,0x2020,0x2020,0x2020,0x2020,
	0x2020,0x2020,0x2020,0x2020,0x2020,0x2020,0x2020,0x2020,

	0x2020,0x2020,0x2020,0x2020,0x2020,0x2020,0x2020,0x2020,
	0x2020,0x2020,0x2020,0x2020,0x2020,0x2020,0x2020,0x2020,
	0x2020,0x2020,0x2020,0x2020,0x2020,0x2020,0x2020,0x2020,
	0x2020,0x2020,0x2020,0x2020,0x2020,0x2020,0x2020,0x2020,
	0x2020,0x2020,0x2020,0x2020,0x2020,0x2020,0x2020,0x2020,
	0x2020,0x2020,0x2020,0x2020,0x2020,0x2020,0x2020,0x2020,
	0x2020,0x2020,0x2020,0x2020,0x2020,0x2020,0x2020,0x2020,
	0x2020,0x2020,0x2020,0x2020,0x2020,0x2020,0x2020,0x2020,

	0x2020,0x2020,0x2020,0x2020,0x2020,0x2020,0x2020,0x2020,
	0x2020,0x2020,0x2020,0x2020,0x2020,0x2020,0x2020,0x2020,
	0x2020,0x2020,0x2020,0x2020,0x2020,0x2020,0x2020,0x2020,
	0x2020,0x2020,0x2020,0x2020,0x2020,0x2020,0x2020,0x2020,
	0x2020,0x2020,0x2020,0x2020,0x2020,0x2020,0x2020,0x2020,
	0x2020,0x2020,0x2020,0x2020,0x2020,0x2020,0x2020,0x2020,
	0x2020,0x2020,0x2020,0x2020,0x2020,0x2020,0x2020,0x2020,
	0x2020,0x2020,0x2020,0x2020,0x2020,0x2020,0x2020,0x2020,

	0x2020,0x2020,0x2020,0x2020,0x2020,0x2020,0x2020,0x2020,
	0x2020,0x2020,0x2020,0x2020,0x2020,0x2020,0x2020,0x2020,
	0x2020,0x2020,0x2020,0x2020,0x2020,0x2020,0x2020,0x2020,
	0x2020,0x2020,0x2020,0x2020,0x2020,0x2020,0x2020,0x2020,
	0x2020,0x2020,0x2020,0x2020,0x2020,0x2020,0x2020,0x2020,
	0x2020,0x2020,0x2020,0x2020,0x2020,0x2020,0x2020,0x2020,
	0x2020,0x2020,0x2020,0x2020,0x2020,0x2020,0x2020,0x2020,
	0x2020,0x2020,0x2020,0x2020,0x2020,0x2020,0x2020,0x2020,

	0x2020,0x2020,0x2020,0x2020,0x2020,0x2020,0x2020,0x2020,
	0x2020,0x2020,0x2020,0x2020,0x2020,0x2020,0x2020,0x2020,
	0x2020,0x2020,0x2020,0x2020,0x2020,0x2020,0x2020,0x2020,
	0x2020,0x2020,0x2020,0x2020,0x2020,0x2020,0x2020,0x2020,
	0x2020,0x2020,0x2020,0x2020,0x2020,0x2020,0x2020,0x2020,
	0x2020,0x2020,0x2020,0x2020,0x2020,0x2020,0x2020,0x2020,
	0x2020,0x2020,0x2020,0x2020,0x2020,0x2020,0x2020,0x2020,
	0x2020,0x2020,0x2020,0x2020,0x2020,0x2020,0x2020,0x2020,

	0x2020,0x2020,0x2020,0x2020,0x2020,0x2020,0x2020,0x2020,
	0x2020,0x2020,0x2020,0x2020,0x2020,0x2020,0x2020,0x2020,
	0x2020,0x2020,0x2020,0x2020,0x2020,0x2020,0x2020,0x2020,
	0x2020,0x2020,0x2020,0x2020,0x2020,0x2020,0x2020,0x2020,
	0x2020,0x2020,0x2020,0x2020,0x2020,0x2020,0x2020,0x2020,
	0x2020,0x2020,0x2020,0x2020,0x2020,0x2020,0x2020,0x2020,
	0x2020,0x2020,0x2020,0x2020,0x2020,0x2020,0x2020,0x2020,
	0x2020,0x2020,0x2020,0x2020,0x2020,0x2020,0x2020,0x2020,

	0x2020,0x2020,0x2020,0x2020,0x2020,0x2020,0x2020,0x2020,
	0x2020,0x2020,0x2020,0x2020,0x2020,0x2020,0x2020,0x2020,
	0x2020,0x2020,0x2020,0x2020,0x2020,0x2020,0x2020,0x2020,
	0x2020,0x2020,0x2020,0x2020,0x2020,0x2020,0x2020,0x2020,
	0x2020,0x2020,0x2020,0x2020,0x2020,0x2020,0x2020,0x2020,
	0x2020,0x2020,0x2020,0x2020,0x2020,0x2020,0x2020,0x2020,
	0x2020,0x2020,0x2020,0x2020,0x2020,0x2020,0x2020,0x2020,
	0x2020,0x2020,0x2020,0x2020,0x2020,0x2020,0x2020,0x2020,

	0x2020,0x2020,0x2020,0x2020,0x2020,0x2020,0x2020,0x2020,
	0x2020,0x2020,0x2020,0x2020,0x2020,0x2020,0x2020,0x2020,
	0x2020,0x2020,0x2020,0x2020,0x2020,0x2020,0x2020,0x2020,
	0x2020,0x2020,0x2020,0x2020,0x2020,0x2020,0x2020,0x2020,
	0x2020,0x2020,0x2020,0x2020,0x2020,0x2020,0x2020,0x2020,
	0x2020,0x2020,0x2020,0x2020,0x2020,0x2020,0x2020,0x2020,
	0x2020,0x2020,0x2020,0x2020,0x2020,0x2020,0x2020,0x2020,
	0x2020,0x2020,0x2020,0x2020,0x2020,0x2020,0x2020,0x2020,

	0x2020,0x2020,0x2020,0x2020,0x2020,0x2020,0x2020,0x2020,
	0x2020,0x2020,0x2020,0x2020,0x2020,0x2020,0x2020,0x2020,
	0x2020,0x2020,0x2020,0x2020,0x2020,0x2020,0x2020,0x2020,
	0x2020,0x2020,0x2020,0x2020,0x2020,0x2020,0x2020,0x2020,
	0x2020,0x2020,0x2020,0x2020,0x2020,0x2020,0x2020,0x2020,
	0x2020,0x2020,0x2020,0x2020,0x2020,0x2020,0x2020,0x2020,
	0x2020,0x2020,0x2020,0x2020,0x2020,0x2020,0x2020,0x2020,
	0x2020,0x2020,0x2020,0x2020,0x2020,0x2020,0x2020,0x2020,

	0x2020,0x2020,0x2020,0x2020,0x2020,0x2020,0x2020,0x2020,
	0x2020,0x2020,0x2020,0x2020,0x2020,0x2020,0x2020,0x2020,
	0x2020,0x2020,0x2020,0x2020,0x2020,0x2020,0x2020,0x2020,
	0x2020,0x2020,0x2020,0x2020,0x2020,0x2020,0x2020,0x2020,
	0x2020,0x2020,0x2020,0x2020,0x2020,0x2020,0x2020,0x2020,
	0x2020,0x2020,0x2020,0x2020,0x2020,0x2020,0x2020,0x2020,
	0x2020,0x2020,0x2020,0x2020,0x2020,0x2020,0x2020,0x2020,
	0x2020,0x2020,0x2020,0x2020,0x2020,0x2020,0x2020,0x2020,

	0x2020,0x2020,0x2020,0x2020,0x2020,0x2020,0x2020,0x2020,
	0x2020,0x2020,0x2020,0x2020,0x2020,0x2020,0x2020,0x2020,
	0x2020,0x2020,0x2020,0x2020,0x2020,0x2020,0x2020,0x2020,
	0x2020,0x2020,0x2020,0x2020,0x2020,0x2020,0x2020,0x2020,
	0x2020,0x2020,0x2020,0x2020,0x2020,0x2020,0x2020,0x2020,
	0x2020,0x2020,0x2020,0x2020,0x2020,0x2020,0x2020,0x2020,
	0x2020,0x2020,0x2020,0x2020,0x2020,0x2020,0x2020,0x2020,
	0x2020,0x2020,0x2020,0x2020,0x2020,0x2020,0x2020,0x2020,

	0x2020,0x2020,0x2020,0x2020,0x2020,0x2020,0x2020,0x2020,
	0x2020,0x2020,0x2020,0x2020,0x2020,0x2020,0x2020,0x2020,
	0x2020,0x2020,0x2020,0x2020,0x2020,0x2020,0x2020,0x2020,
	0x2020,0x2020,0x2020,0x2020,0x2020,0x2020,0x2020,0x2020,
	0x2020,0x2020,0x2020,0x2020,0x2020,0x2020,0x2020,0x2020,
	0x2020,0x2020,0x2020,0x2020,0x2020,0x2020,0x2020,0x2020,
	0x2020,0x2020,0x2020,0x2020,0x2020,0x2020,0x2020,0x2020,
	0x2020,0x2020,0x2020,0x2020,0x2020,0x2020,0x2020,0x2020,

	0x2020,0x2020,0x2020,0x2020,0x2020,0x2020,0x2020,0x2020,
	0x2020,0x2020,0x2020,0x2020,0x2020,0x2020,0x2020,0x2020,
	0x2020,0x2020,0x2020,0x2020,0x2020,0x2020,0x2020,0x2020,
	0x2020,0x2020,0x2020,0x2020,0x2020,0x2020,0x2020,0x2020,
	0x2020,0x2020,0x2020,0x2020,0x2020,0x2020,0x2020,0x2020,
	0x2020,0x2020,0x2020,0x2020,0x2020,0x2020,0x2020,0x2020,
	0x2020,0x2020,0x2020,0x2020,0x2020,0x2020,0x2020,0x2020,
	0x2020,0x2020,0x2020,0x2020,0x2020,0x2020,0x2020,0x2020,

	0x2020,0x2020,0x2020,0x2020,0x2020,0x2020,0x2020,0x2020,
	0x2020,0x2020,0x2020,0x2020,0x2020,0x2020,0x2020,0x2020,
	0x2020,0x2020,0x2020,0x2020,0x2020,0x2020,0x2020,0x2020,
	0x2020,0x2020,0x2020,0x2020,0x2020,0x2020,0x2020,0x2020,
	0x2020,0x2020,0x2020,0x2020,0x2020,0x2020,0x2020,0x2020,
	0x2020,0x2020,0x2020,0x2020,0x2020,0x2020,0x2020,0x2020,
	0x2020,0x2020,0x2020,0x2020,0x2020,0x2020,0x2020,0x2020,
	0x2020,0x2020,0x2020,0x2020,0x2020,0x2020,0x2020,0x2C20,

	0x2020,0x2020,0x2020,0x2020,0x2020,0x2020,0x2020,0x2020,
	0x2020,0x2020,0x2020,0x2020,0x2020,0x2020,0x2020,0x2020,
	0x2020,0x2020,0x2020,0x2020,0x2020,0x2020,0x2020,0x2020,
	0x2020,0x2020,0x2020,0x2020,0x2020,0x2020,0x2020,0x2020,
	0x2020,0x2020,0x2020,0x2020,0x2020,0x2020,0x2020,0x2020,
	0x2020,0x2020,0x2020,0x2020,0x2020,0x2020,0x2020,0x2020,
	0x2020,0x2020,0x2020,0x2020,0x2020,0x2020,0x2020,0x2020,
	0x2020,0x2020,0x2020,0x2020,0x2020,0x2020,0x2020,0x2020,

	0x2020,0x2020,0x2020,0x2020,0x2020,0x2020,0x2020,0x2020,
	0x2020,0x2020,0x2020,0x2020,0x2020,0x2020,0x2020,0x2020,
	0x2020,0x2020,0x2020,0x2020,0x2020,0x2020,0x2020,0x2020,
	0x2020,0x2020,0x2020,0x2020,0x2020,0x2020,0x2020,0x2020,
	0x2020,0x2020,0x2020,0x2020,0x2020,0x2020,0x2020,0x2020,
	0x2020,0x2020,0x2020,0x2020,0x2020,0x2020,0x2020,0x2020,
	0x2020,0x2020,0x2020,0x2020,0x2020,0x2020,0x2020,0x2020,
	0x2020,0x2020,0x2020,0x2020,0x2020,0x2020,0x2020,0x2020,

	0x2020,0x2020,0x2020,0x2020,0x2020,0x2020,0x2020,0x2020,
	0x2020,0x2020,0x2020,0x2020,0x2020,0x2020,0x2020,0x2020,
	0x2020,0x2020,0x2020,0x2020,0x2020,0x2020,0x2020,0x2020,
	0x2020,0x2020,0x2020,0x2020,0x2020,0x2020,0x2020,0x2020,
	0x2020,0x2020,0x2020,0x2020,0x2020,0x2020,0x2020,0x2020,
	0x2020,0x2020,0x2020,0x2020,0x2020,0x2020,0x2020,0x2020,
	0x2020,0x2020,0x2020,0x2020,0x2020,0x2020,0x2020,0x2020,
	0x2020,0x2020,0x2020,0x2020,0x2020,0x2020,0x2020,0x2020,

	0x2020,0x2020,0x2020,0x2020,0x2020,0x2020,0x2020,0x2020,
	0x2020,0x2020,0x2020,0x2020,0x2020,0x2020,0x2020,0x2020,
	0x2020,0x2020,0x2020,0x2020,0x2020,0x2020,0x2020,0x2020,
	0x2020,0x2020,0x2020,0x2020,0x2020,0x2020,0x2020,0x2020,
	0x2020,0x2020,0x2020,0x2020,0x2020,0x2020,0x2020,0x2020,
	0x2020,0x2020,0x2020,0x2020,0x2020,0x2020,0x2020,0x2020,
	0x2020,0x2020,0x2020,0x2020,0x2020,0x2020,0x2020,0x2020,
	0x2020,0x2020,0x2020,0x2020,0x2020,0x2020,0x2020,0x2020,

	0x2020,0x2020,0x2020,0x2020,0x2020,0x2020,0x2020,0x2020,
	0x2020,0x2020,0x2020,0x2020,0x2020,0x2020,0x2020,0x2020,
	0x2020,0x2020,0x2020,0x2020,0x2020,0x2020,0x2020,0x2020,
	0x2020,0x2020,0x2020,0x2020,0x2020,0x2020,0x2020,0x2020,
	0x2020,0x2020,0x2020,0x2020,0x2020,0x2020,0x2020,0x2020,
	0x2020,0x2020,0x2020,0x2020,0x2020,0x2020,0x2020,0x2020,
	0x2020,0x2020,0x2020,0x2020,0x2020,0x2020,0x2020,0x2020,
	0x2020,0x2020,0x2020,0x2020,0x2020,0x2020,0x2020,0x2020,

	0x2020,0x2020,0x2020,0x2020,0x2020,0x2020,0x2020,0x2020,
	0x2020,0x2020,0x2020,0x2020,0x2020,0x2020,0x2020,0x2020,
	0x2020,0x2020,0x2020,0x2020,0x2020,0x2020,0x2020,0x2020,
	0x2020,0x2020,0x2020,0x2020,0x2020,0x2020,0x2020,0x2020,
	0x2020,0x2020,0x2020,0x2020,0x2020,0x2020,0x2020,0x2020,
	0x2020,0x2020,0x2020,0x2020,0x2020,0x2020,0x2020,0x2020,
	0x2020,0x2020,0x2020,0x2020,0x2020,0x2020,0x2020,0x2020,
	0x2020,0x2020,0x2020,0x2020,0x2020,0x2020,0x2020,0x2020,

	0x2020,0x2020,0x2020,0x2020,0x2020,0x2020,0x2020,0x2020,
	0x2020,0x2020,0x2020,0x2020,0x2020,0x2020,0x2020,0x2020,
	0x2020,0x2020,0x2020,0x2020,0x2020,0x2020,0x2020,0x2020,
	0x2020,0x2020,0x2020,0x2020,0x2020,0x2020,0x2020,0x2020,
	0x2020,0x2020,0x2020,0x2020,0x2020,0x2020,0x2020,0x2020,
	0x2020,0x2020,0x2020,0x2020,0x2020,0x2020,0x2020,0x2020,
	0x2020,0x2020,0x2020,0x2020,0x2020,0x2020,0x2020,0x2020,
	0x2020,0x2020,0x2020,0x2020,0x2020,0x2020,0x2020,0x2020,

	0x2020,0x2020,0x2020,0x2020,0x2020,0x2020,0x2020,0x2020,
	0x2020,0x2020,0x2020,0x2020,0x2020,0x2020,0x2020,0x2020,
	0x2020,0x2020,0x2020,0x2020,0x2020,0x2020,0x2020,0x2020,
	0x2020,0x2020,0x2020,0x2020,0x2020,0x2020,0x2020,0x2020,
	0x2020,0x2020,0x2020,0x2020,0x2020,0x2020,0x2020,0x2020,
	0x2020,0x2020,0x2020,0x2020,0x2020,0x2020,0x2020,0x2020,
	0x2020,0x2020,0x2020,0x2020,0x2020,0x2020,0x2020,0x2020,
	0x2020,0x2020,0x2020,0x2020,0x2020,0x2020,0x2020,0x2020,

	0x2020,0x2020,0x2020,0x2020,0x2020,0x2020,0x2020,0x2020,
	0x2020,0x2020,0x2020,0x2020,0x2020,0x2020,0x2020,0x2020,
	0x2020,0x2020,0x2020,0x2020,0x2020,0x2020,0x2020,0x2020,
	0x2020,0x2020,0x2020,0x2020,0x2020,0x2020,0x2020,0x2020,
	0x2020,0x2020,0x2020,0x2020,0x2020,0x2020,0x2020,0x2020,
	0x2020,0x2020,0x2020,0x2020,0x2020,0x2020,0x2020,0x2020,
	0x2020,0x2020,0x2020,0x2020,0x2020,0x2020,0x2020,0x2020,
	0x2020,0x2020,0x2020,0x2020,0x2020,0x2020,0x2020,0x2020,

	0x2020,0x2020,0x2020,0x2020,0x2020,0x2020,0x2020,0x2020,
	0x2020,0x2020,0x2020,0x2020,0x2020,0x2020,0x2020,0x2020,
	0x2020,0x2020,0x2020,0x2020,0x2020,0x2020,0x2020,0x2020,
	0x2020,0x2020,0x2020,0x2020,0x2020,0x2020,0x2020,0x2020,
	0x2020,0x2020,0x2020,0x2020,0x2020,0x2020,0x2020,0x2020,
	0x2020,0x2020,0x2020,0x2020,0x2020,0x2020,0x2020,0x2020,
	0x2020,0x2020,0x2020,0x2020,0x2020,0x2020,0x2020,0x2020,
	0x2020,0x2020,0x2020,0x2020,0x2020,0x2020,0x2020,0x2020,

	0x2020,0x2020,0x2020,0x2020,0x2020,0x2020,0x2020,0x2020,
	0x2020,0x2020,0x2020,0x2020,0x2020,0x2020,0x2020,0x2020,
	0x2020,0x2020,0x2020,0x2020,0x2020,0x2020,0x2020,0x2020,
	0x2020,0x2020,0x2020,0x2020,0x2020,0x2020,0x2020,0x2020,
	0x2020,0x2020,0x2020,0x2020,0x2020,0x2020,0x2020,0x2020,
	0x2020,0x2020,0x2020,0x2020,0x2020,0x2020,0x2020,0x2020,
	0x2020,0x2020,0x2020,0x2020,0x2020,0x2020,0x2020,0x2020,
	0x2020,0x2020,0x2020,0x2020,0x2020,0x2020,0x2020,0x2020,

	0x2020,0x2020,0x2020,0x2020,0x2020,0x2020,0x2020,0x2020,
	0x2020,0x2020,0x2020,0x2020,0x2020,0x2020,0x2020,0x2020,
	0x2020,0x2020,0x2020,0x2020,0x2020,0x2020,0x2020,0x2020,
	0x2020,0x2020,0x2020,0x2020,0x2020,0x2020,0x2020,0x2020,
	0x2020,0x2020,0x2020,0x2020,0x2020,0x2020,0x2020,0x2020,
	0x2020,0x2020,0x2020,0x2020,0x2020,0x2020,0x2020,0x2020,
	0x2020,0x2020,0x2020,0x2D20,0x2020,0x2020,0x2020,0x2020,
	0x2020,0x2020,0x2020,0x2020,0x2020,0x2020,0x2020,0x2020,

	0x2020,0x2020,0x2D20,0x2F2F,0x2020,0x2020,0x2020,0x2F2F,
	0x2020,0x2F20,0x2B2F,0x2B2B,0x2D2D,0x2F2D,0x2F2F,0x2F2F,
	0x2D2D,0x2D2D,0x2D2D,0x2F2D,0x2020,0x2020,0x2020,0x2F2D,
	0x2020,0x2020,0x2D20,0x2F2D,0x2020,0x2020,0x2D20,0x2F2D,
	0x2D2B,0x202D,0x2020,0x2020,0x2D2B,0x2020,0x2020,0x2020,
	0x2B2B,0x2D2F,0x2D2D,0x2D2D,0x2F2B,0x2F2F,0x2F2F,0x2D2F,
	0x2D2B,0x2020,0x2F20,0x202F,0x2F2B,0x202D,0x2020,0x2020,
	0x2D2B,0x202F,0x2020,0x2020,0x2D2F,0x2F2F,0x2020,0x2020,

	0x2020,0x2020,0x2020,0x2020,0x2020,0x2020,0x2020,0x2020,
	0x2020,0x2020,0x2020,0x2020,0x2020,0x2020,0x2020,0x2020,
	0x2020,0x2020,0x2020,0x2020,0x2020,0x2020,0x2020,0x2020,
	0x2020,0x2020,0x2020,0x2020,0x2020,0x2020,0x2020,0x2020,
	0x2020,0x2020,0x2020,0x2020,0x2020,0x2020,0x2020,0x2020,
	0x2020,0x2020,0x2020,0x2020,0x2020,0x2020,0x2020,0x2020,
	0x2020,0x2020,0x2020,0x2020,0x2020,0x2020,0x2020,0x2020,
	0x2020,0x2020,0x2020,0x2020,0x2020,0x2020,0x2020,0x2020,

	0x2020,0x2020,0x2020,0x2020,0x2020,0x2020,0x2020,0x2020,
	0x2020,0x2020,0x2020,0x2020,0x2020,0x2020,0x2020,0x2020,
	0x2020,0x2020,0x2020,0x2020,0x2020,0x2020,0x2020,0x2020,
	0x2020,0x2020,0x2020,0x2020,0x2020,0x2020,0x2020,0x2020,
	0x2020,0x2020,0x2020,0x2020,0x2020,0x2020,0x2020,0x2020,
	0x2020,0x2020,0x2020,0x2020,0x2020,0x2020,0x2020,0x2020,
	0x2020,0x2020,0x2020,0x2020,0x2020,0x2020,0x2020,0x2020,
	0x2020,0x2020,0x2020,0x2020,0x2020,0x2020,0x2020,0x2020,

	0x2020,0x2020,0x2020,0x2020,0x2020,0x2020,0x2020,0x2020,
	0x2020,0x2020,0x2020,0x2020,0x2020,0x2020,0x2020,0x2020,
	0x2020,0x2020,0x2020,0x2020,0x2020,0x2020,0x2020,0x2020,
	0x2020,0x2020,0x2020,0x2020,0x2020,0x2020,0x2020,0x2020,
	0x2020,0x2728,0x222C,0x2E22,0x2020,0x2828,0x2828,0x2828,
	0x2020,0x2020,0x2020,0x2820,0x2020,0x2020,0x2020,0x2020,
	0x2020,0x2020,0x2020,0x2020,0x2020,0x2020,0x2020,0x2020,
	0x2020,0x2020,0x2020,0x2020,0x2020,0x2020,0x2020,0x2020,

	0x2F27,0x2227,0x2222,0x2222,0x2B27,0x272B,0x2028,0x2020,
	0x2828,0x2828,0x2020,0x2020,0x2020,0x2020,0x2020,0x2020,
	0x2020,0x2020,0x2020,0x2020,0x2020,0x2020,0x2020,0x2020,
	0x2020,0x2020,0x2020,0x2020,0x2020,0x2020,0x2020,0x2020,
	0x2020,0x2020,0x2020,0x2020,0x2020,0x2020,0x2020,0x2020,
	0x2020,0x2020,0x2020,0x2020,0x2020,0x2020,0x2020,0x2020,
	0x2020,0x2020,0x2020,0x2020,0x2020,0x2020,0x2020,0x2020,
	0x2020,0x2020,0x2020,0x2020,0x2020,0x2020,0x2020,0x2020,

	0x2020,0x2020,0x2020,0x2020,0x2020,0x2020,0x2020,0x2020,
	0x2020,0x2020,0x2020,0x2020,0x2020,0x2020,0x2020,0x2020,
	0x2020,0x2020,0x2020,0x2020,0x2020,0x2020,0x2020,0x2020,
	0x2020,0x2020,0x2020,0x2020,0x2020,0x2020,0x2020,0x2020,
	0x2020,0x2020,0x2020,0x2020,0x2020,0x2020,0x2020,0x2020,
	0x2020,0x2020,0x2020,0x2020,0x2020,0x2020,0x2020,0x2020,
	0x2020,0x2020,0x2020,0x2020,0x2020,0x2020,0x2020,0x2020,
	0x2020,0x2020,0x2020,0x2020,0x2020,0x2020,0x2020,0x2020,

	0x2020,0x2020,0x2020,0x2020,0x2020,0x2020,0x2020,0x2020,
	0x2020,0x2020,0x2020,0x2020,0x2020,0x2020,0x2020,0x2020,
	0x2020,0x2020,0x2020,0x2020,0x2020,0x2020,0x2020,0x2020,
	0x2020,0x2020,0x2020,0x2020,0x2020,0x2020,0x2020,0x2020,
	0x2020,0x2020,0x2020,0x2020,0x2020,0x2020,0x2020,0x2020,
	0x2020,0x2020,0x2020,0x2020,0x2020,0x2020,0x2020,0x2020,
	0x2020,0x2020,0x2020,0x2020,0x2020,0x2020,0x2020,0x2020,
	0x2020,0x2020,0x2020,0x2020,0x2020,0x2020,0x2020,0x2020,

	0x2020,0x2020,0x2020,0x2020,0x2020,0x2020,0x2020,0x2020,
	0x2020,0x2020,0x2020,0x2020,0x2020,0x2020,0x2020,0x2020,
	0x2020,0x2020,0x2020,0x2020,0x2020,0x2020,0x2020,0x2020,
	0x2020,0x2020,0x2020,0x2020,0x2020,0x2020,0x2020,0x2020,
	0x2020,0x2020,0x2020,0x2020,0x2020,0x2020,0x2020,0x2020,
	0x2020,0x2020,0x2020,0x2020,0x2020,0x2020,0x2020,0x2020,
	0x2020,0x2020,0x2020,0x2020,0x2020,0x2020,0x2020,0x2020,
	0x2020,0x2020,0x2020,0x2020,0x2020,0x2020,0x2020,0x2020,

	0x2020,0x2020,0x2020,0x2020,0x2020,0x2020,0x2020,0x2020,
	0x2020,0x2020,0x2020,0x2020,0x2020,0x2020,0x2020,0x2020,
	0x2020,0x2020,0x2020,0x2020,0x2020,0x2020,0x2020,0x2020,
	0x2020,0x2020,0x2020,0x2020,0x2020,0x2020,0x2020,0x2020,
	0x2020,0x2020,0x2020,0x2020,0x2020,0x2020,0x2020,0x2020,
	0x2020,0x2020,0x2020,0x2020,0x2020,0x2020,0x2020,0x2020,
	0x2020,0x2020,0x2020,0x2020,0x2020,0x2020,0x2020,0x2020,
	0x2020,0x2020,0x2020,0x2020,0x2020,0x2020,0x2020,0x2020,

	0x2020,0x2020,0x2020,0x2020,0x2020,0x2020,0x2020,0x2020,
	0x2020,0x2020,0x2020,0x2020,0x2020,0x2020,0x2020,0x2020,
	0x2020,0x2020,0x2020,0x2020,0x2020,0x2020,0x2020,0x2020,
	0x2020,0x2020,0x2020,0x2020,0x2020,0x2020,0x2020,0x2020,
	0x2020,0x2020,0x2020,0x2020,0x2020,0x2020,0x2020,0x2020,
	0x2020,0x2020,0x2020,0x2020,0x2020,0x2020,0x2020,0x2020,
	0x2020,0x2020,0x2020,0x2020,0x2020,0x2020,0x2020,0x2020,
	0x2020,0x2020,0x2020,0x2020,0x2020,0x2020,0x2020,0x2020,

	0x2020,0x2020,0x2020,0x2020,0x2020,0x2020,0x2020,0x2020,
	0x2020,0x2020,0x2020,0x2020,0x2020,0x2020,0x2020,0x2020,
	0x2020,0x2020,0x2020,0x2020,0x2020,0x2020,0x2020,0x2020,
	0x2020,0x2020,0x2020,0x2020,0x2020,0x2020,0x2020,0x2020,
	0x2020,0x2020,0x2020,0x2020,0x2020,0x2020,0x2020,0x2020,
	0x2020,0x2020,0x2020,0x2020,0x2020,0x2020,0x2020,0x2020,
	0x2020,0x2020,0x2020,0x2020,0x2020,0x2020,0x2020,0x2020,
	0x2020,0x2020,0x2020,0x2020,0x2020,0x2020,0x2020,0x2020,

	0x2020,0x2020,0x2020,0x2020,0x2020,0x2020,0x2020,0x2020,
	0x2020,0x2020,0x2020,0x2020,0x2020,0x2020,0x2020,0x2020,
	0x2020,0x2020,0x2020,0x2020,0x2020,0x2020,0x2020,0x2020,
	0x2020,0x2020,0x2020,0x2020,0x2020,0x2020,0x2020,0x2020,
	0x2020,0x2020,0x2020,0x2020,0x2020,0x2020,0x2020,0x2020,
	0x2020,0x2020,0x2020,0x2020,0x2020,0x2020,0x2020,0x2020,
	0x2020,0x2020,0x2020,0x2020,0x2020,0x2020,0x2020,0x2020,
	0x2020,0x2020,0x2020,0x2020,0x2020,0x2020,0x2020,0x2020,

	0x2020,0x2020,0x2020,0x2020,0x2020,0x2020,0x2020,0x2020,
	0x2020,0x2020,0x2020,0x2020,0x2020,0x2020,0x2020,0x2020,
	0x2020,0x2020,0x2020,0x2020,0x2020,0x2020,0x2020,0x2020,
	0x2020,0x2020,0x2020,0x2020,0x2020,0x2020,0x2020,0x2020,
	0x2020,0x2020,0x2020,0x2020,0x2020,0x2020,0x2020,0x2020,
	0x2020,0x2020,0x2020,0x2020,0x2020,0x2020,0x2020,0x2020,
	0x2020,0x2020,0x2020,0x2020,0x2020,0x2020,0x2020,0x2020,
	0x2020,0x2020,0x2020,0x2020,0x2020,0x2020,0x2020,0x2020,

	0x2020,0x2020,0x2020,0x2020,0x2020,0x2020,0x2020,0x2020,
	0x2020,0x2020,0x2020,0x2020,0x2020,0x2020,0x2020,0x2020,
	0x2020,0x2020,0x2020,0x2020,0x2020,0x2020,0x2020,0x2020,
	0x2020,0x2020,0x2020,0x2020,0x2020,0x2020,0x2020,0x2020,
	0x2020,0x2020,0x2020,0x2020,0x2020,0x2020,0x2020,0x2020,
	0x2020,0x2020,0x2020,0x2020,0x2020,0x2020,0x2020,0x2020,
	0x2020,0x2020,0x2020,0x2020,0x2020,0x2020,0x2020,0x2020,
	0x2020,0x2020,0x2020,0x2020,0x2020,0x2020,0x2020,0x2020,

	0x2020,0x2020,0x2020,0x2020,0x2020,0x2020,0x2020,0x2020,
	0x2020,0x2020,0x2020,0x2020,0x2020,0x2020,0x2020,0x2020,
	0x2020,0x2020,0x2020,0x2020,0x2020,0x2020,0x2020,0x2020,
	0x2020,0x2020,0x2020,0x2020,0x2020,0x2020,0x2020,0x2020,
	0x2020,0x2020,0x2020,0x2020,0x2020,0x2020,0x2020,0x2020,
	0x2020,0x2020,0x2020,0x2020,0x2020,0x2020,0x2020,0x2020,
	0x2020,0x2020,0x2020,0x2020,0x2020,0x2020,0x2020,0x2020,
	0x2020,0x2020,0x2020,0x2020,0x2020,0x2020,0x2020,0x2020,

	0x2020,0x2020,0x2020,0x2020,0x2020,0x2020,0x2020,0x2020,
	0x2020,0x2020,0x2020,0x2020,0x2020,0x2020,0x2020,0x2020,
	0x2020,0x2020,0x2020,0x2020,0x2020,0x2020,0x2020,0x2020,
	0x2020,0x2020,0x2020,0x2020,0x2020,0x2020,0x2020,0x2020,
	0x2020,0x2020,0x2020,0x2020,0x2020,0x2020,0x2020,0x2020,
	0x2020,0x2020,0x2020,0x2020,0x2020,0x2020,0x2020,0x2020,
	0x2020,0x2020,0x2020,0x2020,0x2020,0x2020,0x2020,0x2020,
	0x2020,0x2020,0x2020,0x2020,0x2020,0x2020,0x2020,0x2020,

	0x2020,0x2020,0x2020,0x2020,0x2020,0x2020,0x2020,0x2020,
	0x2020,0x2020,0x2020,0x2020,0x2020,0x2020,0x2020,0x2020,
	0x2020,0x2020,0x2020,0x2020,0x2020,0x2020,0x2020,0x2020,
	0x2020,0x2020,0x2020,0x2020,0x2020,0x2020,0x2020,0x2020,
	0x2020,0x2020,0x2020,0x2020,0x2020,0x2020,0x2020,0x2020,
	0x2020,0x2020,0x2020,0x2020,0x2020,0x2020,0x2020,0x2020,
	0x2020,0x2020,0x2020,0x2020,0x2020,0x2020,0x2020,0x2020,
	0x2020,0x2020,0x2020,0x2020,0x2020,0x2020,0x2020,0x2020,

	0x2020,0x2020,0x2020,0x2020,0x2020,0x2020,0x2020,0x2020,
	0x2020,0x2020,0x2020,0x2020,0x2020,0x2020,0x2020,0x2020,
	0x2020,0x2020,0x2020,0x2020,0x2020,0x2020,0x2020,0x2020,
	0x2020,0x2020,0x2020,0x2020,0x2020,0x2020,0x2020,0x2020,
	0x2020,0x2020,0x2020,0x2020,0x2020,0x2020,0x2020,0x2020,
	0x2020,0x2020,0x2020,0x2020,0x2020,0x2020,0x2020,0x2020,
	0x2020,0x2020,0x2020,0x2020,0x2020,0x2020,0x2020,0x2020,
	0x2020,0x2020,0x2020,0x2020,0x2020,0x2020,0x2020,0x2020,

	0x2020,0x2020,0x2020,0x2020,0x2020,0x2020,0x2020,0x2020,
	0x2020,0x2020,0x2020,0x2020,0x2020,0x2020,0x2020,0x2020,
	0x2020,0x2020,0x2020,0x2020,0x2020,0x2020,0x2020,0x2020,
	0x2020,0x2020,0x2020,0x2020,0x2020,0x2020,0x2020,0x2020,
	0x2020,0x2020,0x2020,0x2020,0x2020,0x2020,0x2020,0x2020,
	0x2020,0x2020,0x2020,0x2020,0x2020,0x2020,0x2020,0x2020,
	0x2020,0x2020,0x2020,0x2020,0x2020,0x2020,0x2020,0x2C20,
	0x2020,0x2020,0x2020,0x2C20,0x2020,0x2020,0x2020,0x2C20,

	0x2020,0x2020,0x2020,0x2C20,0x2020,0x2020,0x2020,0x2C2C,
	0x2020,0x2C20,0x2C2C,0x2C2C,0x2020,0x2C20,0x2C2C,0x2E22,
	0x2020,0x2C2C,0x2626,0x242E,0x2C2C,0x2222,0x242E,0x2424,
	0x2C2C,0x2422,0x2424,0x2424,0x2C2C,0x2422,0x2424,0x2424,
	0x2C2C,0x2C2C,0x2C2C,0x2C2C,0x2C2C,0x2C2C,0x2C2C,0x2C2C,
	0x2226,0x2222,0x2C2C,0x2626,0x2E2E,0x2424,0x2424,0x2E24,
	0x2424,0x2424,0x2424,0x2424,0x2424,0x2424,0x2424,0x2424,
	0x2424,0x2424,0x2424,0x2424,0x2424,0x2424,0x2424,0x2424,

	0x2C2C,0x202C,0x2020,0x2020,0x2C2C,0x2C2C,0x2C2C,0x202C,
	0x2626,0x2C26,0x2C2C,0x202C,0x2E2E,0x2C22,0x2C2C,0x2C2C,
	0x2424,0x262E,0x292B,0x2C26,0x2424,0x2E24,0x2B2D,0x2C22,
	0x2424,0x2424,0x2D29,0x282B,0x2424,0x2424,0x2224,0x2B23,
	0x2020,0x2020,0x2020,0x2020,0x2020,0x2020,0x2020,0x2020,
	0x2020,0x2020,0x2020,0x2020,0x2C2C,0x2020,0x2020,0x2020,
	0x2C2C,0x202C,0x2020,0x2020,0x2C2C,0x202C,0x2020,0x2020,
	0x2C2C,0x2C2C,0x202C,0x2020,0x2227,0x2C2C,0x202C,0x2020,

	0x2020,0x2020,0x2020,0x2020,0x2020,0x2020,0x2020,0x2020,
	0x2020,0x2020,0x2020,0x2020,0x2020,0x2020,0x2020,0x2020,
	0x2020,0x2020,0x2020,0x2020,0x2020,0x2020,0x2020,0x2020,
	0x2020,0x2020,0x2020,0x2020,0x2020,0x2020,0x2020,0x2020,
	0x2020,0x2020,0x2020,0x2020,0x2020,0x2020,0x2020,0x2020,
	0x2020,0x2020,0x2020,0x2020,0x2D20,0x2020,0x2020,0x2020,
	0x2D20,0x2020,0x2020,0x2020,0x2F20,0x202D,0x2020,0x2020,
	0x2F2F,0x202D,0x2020,0x2020,0x2F2F,0x2B2F,0x2020,0x2020,

	0x2020,0x2020,0x2020,0x2020,0x2020,0x2020,0x2020,0x2020,
	0x2020,0x2020,0x2020,0x2020,0x2020,0x2020,0x2020,0x2020,
	0x2020,0x2020,0x2020,0x2020,0x2020,0x2020,0x2020,0x2020,
	0x2020,0x2020,0x2020,0x2020,0x2020,0x2020,0x2020,0x2020,
	0x2020,0x2020,0x2020,0x2020,0x2020,0x2020,0x2020,0x2020,
	0x2020,0x2020,0x2020,0x2020,0x2020,0x2020,0x2020,0x2020,
	0x2020,0x2020,0x2020,0x2020,0x2020,0x2020,0x2020,0x2020,
	0x2020,0x2020,0x2020,0x2020,0x2020,0x2020,0x2020,0x2020,

	0x2020,0x2020,0x2020,0x2020,0x2020,0x2020,0x2020,0x2020,
	0x2020,0x2020,0x2020,0x2020,0x2020,0x2020,0x2020,0x2020,
	0x2020,0x2020,0x2020,0x2020,0x2020,0x2020,0x2020,0x2020,
	0x2020,0x2020,0x2020,0x2020,0x2020,0x2020,0x2020,0x2020,
	0x2020,0x2020,0x2020,0x2020,0x2020,0x2020,0x2020,0x2020,
	0x2020,0x2020,0x2020,0x2020,0x2020,0x2020,0x2020,0x2020,
	0x2020,0x2020,0x2020,0x2020,0x2020,0x2020,0x2020,0x2020,
	0x2020,0x2020,0x2020,0x2020,0x2020,0x2020,0x2020,0x2020,

	0x2020,0x2020,0x2020,0x2020,0x2020,0x2020,0x2020,0x2020,
	0x2020,0x2020,0x2020,0x2020,0x2020,0x2020,0x2020,0x2020,
	0x2020,0x2020,0x2020,0x2020,0x2020,0x2020,0x2020,0x2020,
	0x2020,0x2020,0x2020,0x2020,0x2020,0x2020,0x2020,0x2020,
	0x2020,0x2020,0x2020,0x2020,0x2020,0x2020,0x2020,0x2020,
	0x2020,0x2020,0x2020,0x2020,0x2020,0x2020,0x2020,0x2020,
	0x2020,0x2020,0x2020,0x2020,0x2020,0x2020,0x2020,0x2020,
	0x2020,0x2020,0x2020,0x2020,0x2020,0x2020,0x2020,0x2020,

	0x2020,0x2020,0x2020,0x2020,0x2020,0x2020,0x2020,0x2020,
	0x2020,0x2020,0x2020,0x2020,0x2020,0x2020,0x2020,0x2020,
	0x2020,0x2020,0x2020,0x2020,0x2020,0x2020,0x2020,0x2020,
	0x2020,0x2020,0x2020,0x2020,0x2020,0x2020,0x2020,0x2020,
	0x2020,0x2020,0x2020,0x2020,0x2020,0x2020,0x2020,0x2020,
	0x2020,0x2020,0x2020,0x2020,0x2020,0x2020,0x2020,0x2020,
	0x2020,0x2020,0x2020,0x2020,0x2020,0x2020,0x2020,0x2020,
	0x2020,0x2020,0x2020,0x2020,0x2020,0x2020,0x2020,0x2020,

	0x2020,0x2020,0x2020,0x2020,0x2020,0x2020,0x2020,0x2020,
	0x2020,0x2020,0x2020,0x2020,0x2020,0x2020,0x2020,0x2020,
	0x2020,0x2020,0x2020,0x2020,0x2020,0x2020,0x2020,0x2020,
	0x2020,0x2020,0x2020,0x2020,0x2020,0x2020,0x2020,0x2020,
	0x2020,0x2020,0x2020,0x2020,0x2020,0x2020,0x2020,0x2020,
	0x2020,0x2020,0x2020,0x2020,0x2020,0x2020,0x2020,0x2020,
	0x2020,0x2020,0x2020,0x2020,0x2020,0x2020,0x2020,0x2020,
	0x2020,0x2020,0x2020,0x2020,0x2020,0x2020,0x2020,0x2020,

	0x2020,0x2020,0x2020,0x2020,0x2020,0x2020,0x2020,0x2020,
	0x2020,0x2020,0x2020,0x2020,0x2020,0x2020,0x2020,0x2020,
	0x2020,0x2020,0x2020,0x2020,0x2020,0x2020,0x2020,0x2020,
	0x2020,0x2020,0x2020,0x2020,0x2020,0x2020,0x2020,0x2020,
	0x2020,0x2020,0x2020,0x2020,0x2020,0x2020,0x2020,0x2020,
	0x2020,0x2020,0x2020,0x2020,0x2020,0x2020,0x2020,0x2020,
	0x2020,0x2020,0x2020,0x2020,0x2020,0x2020,0x2020,0x2020,
	0x2020,0x2020,0x2020,0x2020,0x2020,0x2020,0x2020,0x2020,

	0x2020,0x2020,0x2020,0x2020,0x2020,0x2020,0x2020,0x2020,
	0x2020,0x2020,0x2020,0x2020,0x2020,0x2020,0x2020,0x2020,
	0x2020,0x2020,0x2020,0x2020,0x2020,0x2020,0x2020,0x2020,
	0x2020,0x2020,0x2020,0x2020,0x2020,0x2020,0x2020,0x2020,
	0x2020,0x2020,0x2020,0x2020,0x2020,0x2020,0x2020,0x2020,
	0x2020,0x2020,0x2020,0x2020,0x2020,0x2020,0x2020,0x2020,
	0x2020,0x2020,0x2020,0x2020,0x2020,0x2020,0x2020,0x2020,
	0x2020,0x2020,0x2020,0x2020,0x2020,0x2020,0x2020,0x2020,

	0x2020,0x2020,0x2020,0x2020,0x2020,0x2020,0x2020,0x2020,
	0x2020,0x2020,0x2020,0x2020,0x2020,0x2020,0x2020,0x2020,
	0x2020,0x2020,0x2020,0x2020,0x2020,0x2020,0x2020,0x2020,
	0x2020,0x2020,0x2020,0x2020,0x2020,0x2020,0x2020,0x2020,
	0x2020,0x2020,0x2020,0x2020,0x2020,0x2020,0x2020,0x2020,
	0x2020,0x2020,0x2020,0x2020,0x2020,0x2020,0x2020,0x2020,
	0x2020,0x2020,0x2020,0x2020,0x2020,0x2020,0x2020,0x2020,
	0x2020,0x2020,0x2020,0x2020,0x2020,0x2020,0x2020,0x2020,

	0x2020,0x2020,0x2020,0x2020,0x2020,0x2020,0x2020,0x2020,
	0x2020,0x2020,0x2020,0x2020,0x2020,0x2020,0x2020,0x2020,
	0x2020,0x2020,0x2020,0x2020,0x2020,0x2020,0x2020,0x2020,
	0x2020,0x2020,0x2020,0x2020,0x2020,0x2020,0x2020,0x2020,
	0x2020,0x2020,0x2020,0x2020,0x2020,0x2020,0x2020,0x2020,
	0x2020,0x2020,0x2020,0x2020,0x2020,0x2020,0x2020,0x2020,
	0x2020,0x2020,0x2020,0x2020,0x2020,0x2020,0x2020,0x2020,
	0x2020,0x2020,0x2020,0x2020,0x2020,0x2020,0x2020,0x2020,

	0x2020,0x2020,0x2020,0x2020,0x2020,0x2020,0x2020,0x2020,
	0x2020,0x2020,0x2020,0x2020,0x2020,0x2020,0x2020,0x2020,
	0x2020,0x2020,0x2020,0x2020,0x2020,0x2020,0x2020,0x2020,
	0x2020,0x2020,0x2020,0x2020,0x2020,0x2020,0x2020,0x2020,
	0x2020,0x2020,0x2020,0x2020,0x2020,0x2020,0x2020,0x2020,
	0x2020,0x2020,0x2020,0x2020,0x2020,0x2020,0x2020,0x2020,
	0x2020,0x2020,0x2020,0x2020,0x2020,0x2020,0x2020,0x2020,
	0x2020,0x2020,0x2020,0x2020,0x2020,0x2020,0x2020,0x2020,

	0x2020,0x2020,0x2D20,0x2F20,0x2020,0x2020,0x2020,0x2F20,
	0x2020,0x2020,0x2020,0x2F20,0x2020,0x2020,0x2020,0x2F20,
	0x2020,0x2020,0x2020,0x2F20,0x2020,0x2020,0x2020,0x2520,
	0x2020,0x2020,0x2020,0x2020,0x2020,0x2020,0x2020,0x2020,
	0x2D2F,0x2F2F,0x2020,0x2020,0x2D2F,0x2F20,0x2020,0x2020,
	0x2D2F,0x2020,0x2020,0x2020,0x2D2F,0x2020,0x2020,0x2020,
	0x2D2F,0x2020,0x2020,0x2020,0x2D2F,0x2020,0x2020,0x2020,
	0x2020,0x2020,0x2020,0x2020,0x2020,0x2020,0x2020,0x2020,

	0x2020,0x2020,0x2020,0x2020,0x2020,0x2020,0x2020,0x2020,
	0x2020,0x2020,0x2020,0x2020,0x2020,0x2020,0x2020,0x2020,
	0x2020,0x2020,0x2020,0x2020,0x2020,0x2020,0x2020,0x2020,
	0x2020,0x2020,0x2020,0x2020,0x2020,0x2020,0x2020,0x2020,
	0x2020,0x2020,0x2020,0x2020,0x2020,0x2020,0x2020,0x2020,
	0x2020,0x2020,0x2020,0x2020,0x2020,0x2020,0x2020,0x2020,
	0x2020,0x2020,0x2020,0x2020,0x2020,0x2020,0x2020,0x2020,
	0x2020,0x2020,0x2020,0x2020,0x2020,0x2020,0x2020,0x2020,

	0x2020,0x2020,0x2020,0x2020,0x2020,0x2020,0x2020,0x2020,
	0x2020,0x2020,0x2020,0x2020,0x2020,0x2020,0x2020,0x2020,
	0x2020,0x2020,0x2020,0x2020,0x2020,0x2020,0x2020,0x2020,
	0x2020,0x2020,0x2020,0x2020,0x2020,0x2020,0x2020,0x2020,
	0x2020,0x2020,0x2020,0x2020,0x2020,0x2020,0x2020,0x2020,
	0x2020,0x2020,0x2020,0x2020,0x2020,0x2020,0x2020,0x2020,
	0x2020,0x2020,0x2020,0x2020,0x2020,0x2020,0x2020,0x2020,
	0x2020,0x2020,0x2020,0x2020,0x2020,0x2020,0x2020,0x2020,

	0x2020,0x2020,0x2020,0x2020,0x2020,0x2020,0x2020,0x2020,
	0x2020,0x2020,0x2020,0x2020,0x2020,0x2020,0x2020,0x2020,
	0x2020,0x2020,0x2020,0x2020,0x2020,0x2020,0x2020,0x2020,
	0x2020,0x2020,0x2020,0x2020,0x2020,0x2020,0x2020,0x2020,
	0x2020,0x2020,0x2020,0x2020,0x2020,0x2020,0x2020,0x2020,
	0x2020,0x2020,0x2020,0x2020,0x2020,0x2020,0x2020,0x2020,
	0x2020,0x2020,0x2020,0x2020,0x2020,0x2020,0x2020,0x2020,
	0x2020,0x2020,0x2020,0x2020,0x2020,0x2020,0x2020,0x2020,

	0x2020,0x2020,0x2020,0x2020,0x2020,0x2020,0x2020,0x2020,
	0x2020,0x2020,0x2020,0x2020,0x2020,0x2020,0x2020,0x2020,
	0x2020,0x2020,0x2020,0x2020,0x2020,0x2020,0x2020,0x2020,
	0x2020,0x2020,0x2020,0x2020,0x2020,0x2020,0x2020,0x2020,
	0x2020,0x2020,0x2020,0x2020,0x2020,0x2020,0x2020,0x2020,
	0x2020,0x2020,0x2020,0x2020,0x2020,0x2020,0x2020,0x2020,
	0x2020,0x2020,0x2020,0x2020,0x2020,0x2020,0x2020,0x2020,
	0x2020,0x2020,0x2020,0x2020,0x2020,0x2020,0x2020,0x2020,

	0x2020,0x2020,0x2020,0x2020,0x2020,0x2020,0x2020,0x2020,
	0x2020,0x2020,0x2020,0x2020,0x2020,0x2020,0x2020,0x2020,
	0x2020,0x2020,0x2020,0x2020,0x2020,0x2020,0x2020,0x2020,
	0x2020,0x2020,0x2020,0x2020,0x2020,0x2020,0x2020,0x2020,
	0x2020,0x2020,0x2020,0x2020,0x2020,0x2020,0x2020,0x2020,
	0x2020,0x2020,0x2020,0x2020,0x2020,0x2020,0x2020,0x2020,
	0x2020,0x2020,0x2020,0x2020,0x2020,0x2020,0x2020,0x2020,
	0x2020,0x2020,0x2020,0x2020,0x2020,0x2020,0x2020,0x2020,

	0x2020,0x2020,0x2020,0x2020,0x2020,0x2020,0x2020,0x2020,
	0x2020,0x2020,0x2020,0x2020,0x2020,0x2020,0x2020,0x2020,
	0x2020,0x2020,0x2020,0x2020,0x2020,0x2020,0x2020,0x2020,
	0x2020,0x2020,0x2020,0x2020,0x2020,0x2020,0x2020,0x2020,
	0x2020,0x2020,0x2020,0x2020,0x2020,0x2020,0x2020,0x2020,
	0x2020,0x2020,0x2020,0x2020,0x2020,0x2020,0x2020,0x2020,
	0x2020,0x2020,0x2020,0x2020,0x2020,0x2020,0x2020,0x2020,
	0x2020,0x2020,0x2020,0x2020,0x2020,0x2020,0x2020,0x2020,

	0x2020,0x2020,0x2020,0x2020,0x2020,0x2020,0x2020,0x2020,
	0x2020,0x2020,0x2020,0x2020,0x2020,0x2020,0x2020,0x2020,
	0x2020,0x2020,0x2020,0x2020,0x2020,0x2020,0x2020,0x2020,
	0x2020,0x2020,0x2020,0x2020,0x2020,0x2020,0x2020,0x2020,
	0x2020,0x2020,0x2020,0x2020,0x2020,0x2020,0x2020,0x2020,
	0x2020,0x2020,0x2020,0x2020,0x2020,0x2020,0x2020,0x2020,
	0x2020,0x2020,0x2020,0x2020,0x2020,0x2020,0x2020,0x2020,
	0x2020,0x2020,0x2020,0x2020,0x2020,0x2020,0x2020,0x2020,

	0x2020,0x2020,0x2020,0x2020,0x2020,0x2020,0x2020,0x2020,
	0x2020,0x2020,0x2020,0x2020,0x2020,0x2020,0x2020,0x2020,
	0x2020,0x2020,0x2020,0x2020,0x2020,0x2020,0x2020,0x2020,
	0x2020,0x2020,0x2020,0x2020,0x2020,0x2020,0x2020,0x2020,
	0x2020,0x2020,0x2020,0x2020,0x2020,0x2020,0x2020,0x2020,
	0x2020,0x2020,0x2020,0x2020,0x2020,0x2020,0x2020,0x2020,
	0x2020,0x2020,0x2020,0x2020,0x2020,0x2020,0x2020,0x2020,
	0x2020,0x2020,0x2020,0x2020,0x2020,0x2020,0x2020,0x2020,

	0x2020,0x2020,0x2020,0x2020,0x2020,0x2020,0x2020,0x2020,
	0x2020,0x2020,0x2020,0x2020,0x2020,0x2020,0x2020,0x2020,
	0x2020,0x2020,0x2020,0x2020,0x2020,0x2020,0x2020,0x2020,
	0x2020,0x2020,0x2020,0x2020,0x2020,0x2020,0x2020,0x2020,
	0x2020,0x2020,0x2020,0x2020,0x2020,0x2020,0x2020,0x2020,
	0x2020,0x2020,0x2020,0x2020,0x2020,0x2020,0x2020,0x2020,
	0x2020,0x2020,0x2020,0x2020,0x2020,0x2020,0x2020,0x2020,
	0x2020,0x2020,0x2020,0x2020,0x2020,0x2020,0x2020,0x2020,

	0x2020,0x2020,0x2020,0x2020,0x2020,0x2020,0x2020,0x2020,
	0x2020,0x2020,0x2020,0x2020,0x2020,0x2020,0x2020,0x2020,
	0x2020,0x2020,0x2020,0x2020,0x2020,0x2020,0x2020,0x2020,
	0x2020,0x2020,0x2020,0x2020,0x2020,0x2020,0x2020,0x2020,
	0x2020,0x2020,0x2020,0x2020,0x2020,0x2020,0x2020,0x2020,
	0x2020,0x2020,0x2020,0x2020,0x2020,0x2020,0x2020,0x2020,
	0x2020,0x2020,0x2020,0x2020,0x2020,0x2020,0x2020,0x2020,
	0x2020,0x2020,0x2020,0x2020,0x2020,0x2020,0x2020,0x2020,

	0x2020,0x2020,0x2020,0x2020,0x2020,0x2020,0x2020,0x2020,
	0x2020,0x2020,0x2020,0x2020,0x2020,0x2020,0x2020,0x2020,
	0x2020,0x2020,0x2020,0x2020,0x2020,0x2020,0x2020,0x2020,
	0x2020,0x2020,0x2020,0x2020,0x2020,0x2020,0x2020,0x2020,
	0x2020,0x2020,0x2020,0x2020,0x2020,0x2020,0x2020,0x2020,
	0x2020,0x2020,0x2020,0x2020,0x2020,0x2020,0x2020,0x2020,
	0x2020,0x2020,0x2020,0x2020,0x2020,0x2020,0x2020,0x2020,
	0x2020,0x2020,0x2020,0x2020,0x2020,0x2020,0x2020,0x2020,

	0x2020,0x2020,0x2020,0x2020,0x2020,0x2020,0x2020,0x2020,
	0x2020,0x2020,0x2020,0x2020,0x2020,0x2020,0x2020,0x2020,
	0x2020,0x2020,0x2020,0x2020,0x2020,0x2020,0x2020,0x2020,
	0x2020,0x2020,0x2020,0x2020,0x2020,0x2020,0x2020,0x2020,
	0x2020,0x2020,0x2020,0x2020,0x2020,0x2020,0x2020,0x2020,
	0x2020,0x2020,0x2020,0x2020,0x2020,0x2020,0x2020,0x2020,
	0x2020,0x2020,0x2020,0x2020,0x2020,0x2020,0x2020,0x2020,
	0x2020,0x2020,0x2020,0x2020,0x2020,0x2020,0x2020,0x2020,

	0x2020,0x2020,0x2020,0x2020,0x2020,0x2020,0x2020,0x2020,
	0x2020,0x2020,0x2020,0x2020,0x2020,0x2020,0x2020,0x2020,
	0x2020,0x2020,0x2020,0x2020,0x2020,0x2020,0x2020,0x2020,
	0x2020,0x2020,0x2020,0x2020,0x2020,0x2020,0x2020,0x2020,
	0x2020,0x2020,0x2020,0x2020,0x2020,0x2020,0x2020,0x2020,
	0x2020,0x2020,0x2020,0x2020,0x2020,0x2020,0x2020,0x2020,
	0x2020,0x2020,0x2020,0x2020,0x2020,0x2020,0x2020,0x2020,
	0x2020,0x2020,0x2020,0x2020,0x2020,0x2020,0x2020,0x2020,

	0x2020,0x2020,0x2020,0x2020,0x2020,0x2020,0x2020,0x2020,
	0x2020,0x2020,0x2020,0x2020,0x2020,0x2020,0x2020,0x2020,
	0x2020,0x2020,0x2020,0x2020,0x2020,0x2020,0x2020,0x2020,
	0x2020,0x2020,0x2020,0x2020,0x2020,0x2020,0x2020,0x2020,
	0x2020,0x2020,0x2020,0x2020,0x2020,0x2020,0x2020,0x2020,
	0x2020,0x2020,0x2020,0x2020,0x2020,0x2020,0x2020,0x2020,
	0x2020,0x2020,0x2020,0x2020,0x2020,0x2020,0x2020,0x2020,
	0x2020,0x2020,0x2020,0x2020,0x2020,0x2020,0x2020,0x2020,

	0x2020,0x2020,0x2020,0x2020,0x2020,0x2020,0x2020,0x2020,
	0x2020,0x2020,0x2020,0x2020,0x2020,0x2020,0x2020,0x2020,
	0x2020,0x2020,0x2020,0x2020,0x2020,0x2020,0x2020,0x2020,
	0x2020,0x2020,0x2020,0x2020,0x2020,0x2020,0x2020,0x2020,
	0x2020,0x2020,0x2020,0x2020,0x2020,0x2020,0x2020,0x2020,
	0x2020,0x2020,0x2020,0x2020,0x2020,0x2020,0x2020,0x2020,
	0x2020,0x2020,0x2020,0x2020,0x2020,0x2020,0x2020,0x2020,
	0x2020,0x2020,0x2020,0x2020,0x2020,0x2020,0x2020,0x2020,

	0x2020,0x2020,0x2020,0x2020,0x2020,0x2020,0x2020,0x2020,
	0x2020,0x2020,0x2020,0x2020,0x2020,0x2020,0x2020,0x2020,
	0x2020,0x2020,0x2020,0x2020,0x2020,0x2020,0x2020,0x2020,
	0x2020,0x2020,0x2020,0x2020,0x2020,0x2020,0x2020,0x2020,
	0x2020,0x2020,0x2020,0x2020,0x2020,0x2020,0x2020,0x2020,
	0x2020,0x2020,0x2020,0x2020,0x2020,0x2020,0x2020,0x2020,
	0x2020,0x2020,0x2020,0x2020,0x2020,0x2020,0x2020,0x2020,
	0x2020,0x2020,0x2020,0x2020,0x2020,0x2020,0x2020,0x2020,

	0x2020,0x2020,0x2020,0x2020,0x2020,0x2020,0x2020,0x2020,
	0x2020,0x2020,0x2020,0x2020,0x2020,0x2020,0x2020,0x2020,
	0x2020,0x2020,0x2020,0x2020,0x2020,0x2020,0x2020,0x2020,
	0x2020,0x2020,0x2020,0x2020,0x2020,0x2020,0x2020,0x2020,
	0x2020,0x2020,0x2020,0x2020,0x2020,0x2020,0x2020,0x2020,
	0x2020,0x2020,0x2020,0x2020,0x2020,0x2020,0x2020,0x2020,
	0x2020,0x2020,0x2020,0x2020,0x2020,0x2020,0x2020,0x2020,
	0x2020,0x2020,0x2020,0x2020,0x2020,0x2020,0x2020,0x2020,

	0x2020,0x2020,0x2020,0x2020,0x2020,0x2020,0x2020,0x2020,
	0x2020,0x2020,0x2020,0x2020,0x2020,0x2020,0x2020,0x2020,
	0x2020,0x2020,0x2020,0x2020,0x2020,0x2020,0x2020,0x2020,
	0x2020,0x2020,0x2020,0x2020,0x2020,0x2020,0x2020,0x2020,
	0x2020,0x2020,0x2C2C,0x222C,0x2020,0x2020,0x2C2C,0x222C,
	0x2020,0x2020,0x2C2C,0x222C,0x2020,0x2C20,0x262C,0x2226,
	0x2020,0x2C2C,0x222C,0x242E,0x2020,0x2C2C,0x2E2C,0x2424,
	0x2020,0x2C2C,0x2E2C,0x2424,0x2C20,0x2C2C,0x292D,0x2424,

	0x2E22,0x2424,0x2424,0x2424,0x2424,0x2424,0x2424,0x2424,
	0x242E,0x2424,0x2424,0x2424,0x2424,0x2424,0x2424,0x2424,
	0x2424,0x2424,0x2424,0x2424,0x2424,0x2424,0x2424,0x2424,
	0x2424,0x2424,0x2424,0x2424,0x2424,0x2424,0x2424,0x2424,
	0x2424,0x2424,0x2424,0x2424,0x2424,0x2424,0x2D24,0x242D,
	0x2424,0x2424,0x2F24,0x232B,0x2424,0x2424,0x2424,0x2B2B,
	0x2424,0x2424,0x2424,0x2B24,0x2424,0x2424,0x2424,0x2424,
	0x2424,0x2424,0x2424,0x2424,0x2424,0x2424,0x2424,0x2424,

	0x2424,0x2424,0x2424,0x2924,0x2424,0x2424,0x2424,0x2424,
	0x2424,0x2424,0x2424,0x2424,0x2427,0x2424,0x2424,0x2424,
	0x292B,0x2424,0x2424,0x2424,0x2B2B,0x242D,0x2424,0x2424,
	0x2B29,0x292B,0x2424,0x2424,0x2D24,0x2B2B,0x2424,0x2424,
	0x2D2B,0x2C26,0x202C,0x2020,0x2B29,0x2622,0x2226,0x202C,
	0x2424,0x2E2E,0x222E,0x202C,0x2424,0x2424,0x222E,0x2C2C,
	0x2424,0x2424,0x2224,0x262C,0x2424,0x2424,0x2E24,0x2222,
	0x2424,0x2424,0x2424,0x2E24,0x2424,0x2424,0x2424,0x2E24,

	0x2020,0x2020,0x2020,0x2020,0x2020,0x2020,0x2020,0x2020,
	0x2020,0x2020,0x2020,0x2020,0x2020,0x2020,0x2020,0x2F20,
	0x2020,0x2020,0x2020,0x2F20,0x2022,0x2020,0x2020,0x2F2D,
	0x2022,0x2020,0x2D20,0x2F2F,0x2022,0x2020,0x2020,0x2D20,
	0x2F2F,0x2B2B,0x2020,0x2020,0x2F2F,0x202B,0x2020,0x2020,
	0x2F2F,0x2D2B,0x2020,0x2020,0x2F2F,0x2F2B,0x202D,0x2020,
	0x2F2F,0x2F2B,0x202D,0x2020,0x2B2B,0x2F2B,0x2D2F,0x2020,
	0x2F2F,0x2D2B,0x2D2D,0x2020,0x2F2F,0x2D2B,0x202D,0x2020,

	0x2020,0x2020,0x2020,0x2020,0x2020,0x2020,0x2020,0x2020,
	0x2020,0x2020,0x2020,0x2020,0x2020,0x2020,0x2020,0x2020,
	0x2020,0x2020,0x2020,0x2020,0x2020,0x2020,0x2020,0x2020,
	0x2020,0x2020,0x2020,0x2020,0x2020,0x2020,0x2020,0x2020,
	0x2020,0x2020,0x2020,0x2020,0x2020,0x2020,0x2020,0x2020,
	0x2020,0x2020,0x2020,0x2020,0x2020,0x2020,0x2020,0x2020,
	0x2020,0x2020,0x2020,0x2020,0x2020,0x2020,0x2020,0x2020,
	0x2020,0x2020,0x2020,0x2020,0x2020,0x2020,0x2020,0x2020,

	0x2020,0x2020,0x2020,0x2020,0x2020,0x2020,0x2020,0x2020,
	0x2020,0x2020,0x2020,0x2020,0x2020,0x2020,0x2020,0x2020,
	0x2020,0x2020,0x2020,0x2020,0x2020,0x2020,0x2020,0x2020,
	0x2020,0x2020,0x2020,0x2020,0x2020,0x2020,0x2020,0x2020,
	0x2020,0x2020,0x2020,0x2020,0x2020,0x2020,0x2020,0x2020,
	0x2020,0x2020,0x2020,0x2020,0x2020,0x2020,0x2020,0x2020,
	0x2020,0x2020,0x2020,0x2020,0x2020,0x2020,0x2020,0x2020,
	0x2020,0x2020,0x2020,0x2020,0x2020,0x2020,0x2020,0x2020,

	0x2020,0x2020,0x2020,0x2020,0x2020,0x2020,0x2020,0x2020,
	0x2020,0x2020,0x2020,0x2020,0x2020,0x2020,0x2020,0x2020,
	0x2020,0x2020,0x2020,0x2020,0x2020,0x2020,0x2020,0x2020,
	0x2020,0x2020,0x2020,0x2020,0x2020,0x2020,0x2020,0x2020,
	0x2020,0x2020,0x2020,0x2020,0x2020,0x2020,0x2020,0x2020,
	0x2020,0x2020,0x2020,0x2020,0x2020,0x2020,0x2020,0x2020,
	0x2020,0x2020,0x2020,0x2020,0x2020,0x2020,0x2020,0x2020,
	0x2020,0x2020,0x2020,0x2020,0x2020,0x2020,0x2020,0x2020,

	0x2020,0x2020,0x2020,0x2020,0x2020,0x2020,0x2020,0x2020,
	0x2020,0x2020,0x2020,0x2020,0x2020,0x2020,0x2020,0x2020,
	0x2020,0x2020,0x2020,0x2020,0x2020,0x2020,0x2020,0x2020,
	0x2020,0x2020,0x2020,0x2020,0x2020,0x2020,0x2020,0x2020,
	0x2020,0x2020,0x2020,0x2020,0x2020,0x2020,0x2020,0x2020,
	0x2020,0x2020,0x2020,0x2020,0x2020,0x2020,0x2020,0x2020,
	0x2020,0x2020,0x2020,0x2020,0x2020,0x2020,0x2020,0x2020,
	0x2020,0x2020,0x2020,0x2020,0x2020,0x2020,0x2020,0x2020,

	0x2020,0x2020,0x2020,0x2020,0x2020,0x2020,0x2020,0x2020,
	0x2020,0x2020,0x2020,0x2020,0x2020,0x2020,0x2020,0x2020,
	0x2020,0x2020,0x2020,0x2020,0x2020,0x2020,0x2020,0x2020,
	0x2020,0x2020,0x2020,0x2020,0x2020,0x2020,0x2020,0x2020,
	0x2020,0x2020,0x2020,0x2020,0x2020,0x2020,0x2020,0x2020,
	0x2020,0x2020,0x2020,0x2020,0x2020,0x2020,0x2020,0x2020,
	0x2020,0x2020,0x2020,0x2020,0x2020,0x2020,0x2020,0x2020,
	0x2020,0x2020,0x2020,0x2020,0x2020,0x2020,0x2020,0x2020,

	0x2020,0x2020,0x2020,0x2020,0x2020,0x2020,0x2020,0x2020,
	0x2020,0x2020,0x2020,0x2020,0x2020,0x2020,0x2020,0x2020,
	0x2020,0x2020,0x2020,0x2020,0x2020,0x2020,0x2020,0x2020,
	0x2020,0x2020,0x2020,0x2020,0x2020,0x2020,0x2020,0x2020,
	0x2020,0x2020,0x2020,0x2020,0x2020,0x2020,0x2020,0x2020,
	0x2020,0x2020,0x2020,0x2020,0x2020,0x2020,0x2020,0x2020,
	0x2020,0x2020,0x2020,0x2020,0x2020,0x2020,0x2020,0x2020,
	0x2020,0x2020,0x2020,0x2020,0x2020,0x2020,0x2020,0x2020,

	0x2020,0x2020,0x2020,0x2020,0x2020,0x2020,0x2020,0x2020,
	0x2020,0x2020,0x2020,0x2020,0x2020,0x2020,0x2020,0x2020,
	0x2020,0x2020,0x2020,0x2020,0x2020,0x2020,0x2020,0x2020,
	0x2020,0x2020,0x2020,0x2020,0x2020,0x2020,0x2020,0x2020,
	0x2020,0x2020,0x2020,0x2020,0x2020,0x2020,0x2020,0x2020,
	0x2020,0x2020,0x2020,0x2020,0x2020,0x2020,0x2020,0x2020,
	0x2020,0x2020,0x2020,0x2020,0x2020,0x2020,0x2020,0x2020,
	0x2020,0x2020,0x2020,0x2020,0x2020,0x2020,0x2020,0x2020,

	0x2020,0x2020,0x2020,0x2020,0x2020,0x2020,0x2020,0x2020,
	0x2020,0x2020,0x2020,0x2020,0x2020,0x2020,0x2020,0x2020,
	0x2020,0x2020,0x2020,0x2020,0x2020,0x2020,0x2020,0x2020,
	0x2020,0x2020,0x2020,0x2020,0x2020,0x2020,0x2020,0x2020,
	0x2020,0x2020,0x2020,0x2020,0x2020,0x2020,0x2020,0x2020,
	0x2020,0x2020,0x2020,0x2020,0x2020,0x2020,0x2020,0x2020,
	0x2020,0x2020,0x2020,0x2020,0x2020,0x2020,0x2020,0x2020,
	0x2020,0x2020,0x2020,0x2020,0x2020,0x2020,0x2020,0x2020,

	0x2020,0x2020,0x2020,0x2020,0x2020,0x2020,0x2020,0x2020,
	0x2020,0x2020,0x2020,0x2020,0x2020,0x2020,0x2020,0x2020,
	0x2020,0x2020,0x2020,0x2020,0x2020,0x2020,0x2020,0x2020,
	0x2020,0x2020,0x2020,0x2020,0x2020,0x2020,0x2020,0x2020,
	0x2020,0x2020,0x2020,0x2020,0x2020,0x2020,0x2020,0x2020,
	0x2020,0x2020,0x2020,0x2020,0x2020,0x2020,0x2020,0x2020,
	0x2020,0x2020,0x2020,0x2020,0x2020,0x2020,0x2020,0x2020,
	0x2020,0x2020,0x2020,0x2020,0x2020,0x2020,0x2020,0x2020,

	0x2020,0x2020,0x2020,0x2020,0x2020,0x2020,0x2020,0x2020,
	0x2020,0x2020,0x2020,0x2020,0x2020,0x2020,0x2020,0x2020,
	0x2020,0x2020,0x2020,0x2020,0x2020,0x2020,0x2020,0x2020,
	0x2020,0x2020,0x2020,0x2020,0x2020,0x2020,0x2020,0x2020,
	0x2020,0x2020,0x2020,0x2020,0x2020,0x2020,0x2020,0x2020,
	0x2020,0x2020,0x2020,0x2020,0x2020,0x2020,0x2020,0x2020,
	0x2020,0x2020,0x2020,0x2020,0x2020,0x2020,0x2020,0x2020,
	0x2020,0x2020,0x2020,0x2020,0x2020,0x2020,0x2020,0x2020,

	0x2020,0x2020,0x2020,0x2020,0x2020,0x2020,0x2020,0x2020,
	0x2020,0x2020,0x2020,0x2020,0x2020,0x2020,0x2020,0x2020,
	0x2020,0x2020,0x2020,0x2020,0x2020,0x2020,0x2020,0x2020,
	0x2020,0x2020,0x2020,0x2020,0x2020,0x2020,0x2020,0x2020,
	0x2020,0x2020,0x2020,0x2020,0x2020,0x2020,0x2020,0x2020,
	0x2020,0x2020,0x2020,0x2020,0x2020,0x2020,0x2020,0x2020,
	0x2020,0x2020,0x2020,0x2020,0x2020,0x2020,0x2020,0x2020,
	0x2020,0x2020,0x2020,0x2020,0x2020,0x2020,0x2020,0x2020,

	0x2020,0x2020,0x2020,0x2020,0x2020,0x2020,0x2020,0x2020,
	0x2020,0x2020,0x2020,0x2020,0x2020,0x2020,0x2020,0x2020,
	0x2020,0x2020,0x2020,0x2020,0x2020,0x2020,0x2020,0x2020,
	0x2020,0x2020,0x2020,0x2020,0x2020,0x2020,0x2020,0x2020,
	0x2020,0x2020,0x2020,0x2020,0x2020,0x2020,0x2020,0x2020,
	0x2020,0x2020,0x2020,0x2020,0x2020,0x2020,0x2020,0x2020,
	0x2020,0x2020,0x2020,0x2020,0x2020,0x2020,0x2020,0x2020,
	0x2020,0x2020,0x2020,0x2020,0x2020,0x2020,0x2020,0x2020,

	0x2020,0x2020,0x2020,0x2020,0x2020,0x2020,0x2020,0x2020,
	0x2020,0x2020,0x2020,0x2020,0x2020,0x2020,0x2020,0x2020,
	0x2020,0x2020,0x2020,0x2020,0x2020,0x2020,0x2020,0x2020,
	0x2020,0x2020,0x2020,0x2020,0x2020,0x2020,0x2020,0x2020,
	0x2020,0x2020,0x2020,0x2020,0x2020,0x2020,0x2020,0x2020,
	0x2020,0x2020,0x2020,0x2020,0x2020,0x2020,0x2020,0x2020,
	0x2020,0x2020,0x2020,0x2020,0x2020,0x2020,0x2020,0x2020,
	0x2020,0x2020,0x2020,0x2020,0x2020,0x2020,0x2020,0x2020,

	0x2020,0x2020,0x2020,0x2020,0x2020,0x2020,0x2020,0x2020,
	0x2020,0x2020,0x2020,0x2020,0x2020,0x2020,0x2020,0x2020,
	0x2020,0x2020,0x2020,0x2020,0x2020,0x2020,0x2020,0x2020,
	0x2020,0x2020,0x2020,0x2020,0x2020,0x2020,0x2020,0x2020,
	0x2020,0x2020,0x2020,0x2020,0x2020,0x2020,0x2020,0x2020,
	0x2020,0x2020,0x2020,0x2020,0x2020,0x2020,0x2020,0x2020,
	0x2020,0x2020,0x2020,0x2020,0x2020,0x2020,0x2020,0x2020,
	0x2020,0x2020,0x2020,0x2020,0x2020,0x2020,0x2020,0x2020,

	0x2020,0x2020,0x2020,0x2020,0x2020,0x2020,0x2020,0x2020,
	0x2020,0x2020,0x2020,0x2020,0x2020,0x2020,0x2020,0x2020,
	0x2020,0x2020,0x2020,0x2020,0x2020,0x2020,0x2020,0x2020,
	0x2020,0x2020,0x2020,0x2020,0x2020,0x2020,0x2020,0x2020,
	0x2020,0x2020,0x2020,0x2020,0x2020,0x2020,0x2020,0x2020,
	0x2020,0x2020,0x2020,0x2020,0x2020,0x2020,0x2020,0x2020,
	0x2020,0x2020,0x2020,0x2020,0x2020,0x2020,0x2020,0x2020,
	0x2020,0x2020,0x2020,0x2020,0x2020,0x2020,0x2020,0x2020,

	0x2020,0x2020,0x2020,0x2020,0x2020,0x2020,0x2020,0x2020,
	0x2020,0x2020,0x2020,0x2020,0x2020,0x2020,0x2020,0x2020,
	0x2020,0x2020,0x2020,0x2020,0x2020,0x2020,0x2020,0x2020,
	0x2020,0x2020,0x2020,0x2020,0x2020,0x2020,0x2020,0x2020,
	0x2020,0x2020,0x2020,0x2020,0x2020,0x2020,0x2020,0x2020,
	0x2020,0x2020,0x2020,0x2020,0x2020,0x2020,0x2020,0x2020,
	0x2020,0x2020,0x2020,0x2020,0x2020,0x2020,0x2020,0x2020,
	0x2020,0x2020,0x2020,0x2020,0x2020,0x2020,0x2020,0x2020,

	0x2020,0x2020,0x2020,0x2020,0x2020,0x2020,0x2020,0x2020,
	0x2020,0x2020,0x2020,0x2020,0x2020,0x2020,0x2020,0x2020,
	0x2020,0x2020,0x2020,0x2020,0x2020,0x2020,0x2020,0x2020,
	0x2020,0x2020,0x2020,0x2020,0x2020,0x2020,0x2020,0x2020,
	0x2020,0x2020,0x2020,0x2020,0x2020,0x2020,0x2020,0x2020,
	0x2020,0x2020,0x2020,0x2020,0x2020,0x2020,0x2020,0x2020,
	0x2020,0x2020,0x2020,0x2020,0x2020,0x2020,0x2020,0x2020,
	0x2020,0x2020,0x2020,0x2020,0x2020,0x2020,0x2020,0x2020,

	0x2020,0x2020,0x2020,0x2020,0x2020,0x2020,0x2020,0x2020,
	0x2020,0x2020,0x2020,0x2020,0x2020,0x2020,0x2020,0x2020,
	0x2020,0x2020,0x2020,0x2020,0x2020,0x2020,0x2020,0x2020,
	0x2020,0x2020,0x2020,0x2020,0x2020,0x2020,0x2020,0x2020,
	0x2020,0x2020,0x2020,0x2020,0x2020,0x2020,0x2020,0x2020,
	0x2020,0x2020,0x2020,0x2020,0x2020,0x2020,0x2020,0x2020,
	0x2020,0x2020,0x2020,0x2020,0x2020,0x2020,0x2020,0x2020,
	0x2020,0x2020,0x2020,0x2020,0x2020,0x2020,0x2020,0x2020,

	0x2020,0x2020,0x2020,0x2020,0x2020,0x2020,0x2020,0x2020,
	0x2020,0x2020,0x2020,0x2020,0x2020,0x2020,0x2020,0x2020,
	0x2020,0x2020,0x2020,0x2020,0x2020,0x2020,0x2020,0x2020,
	0x2020,0x2020,0x2020,0x2020,0x2020,0x2020,0x2020,0x2020,
	0x2020,0x2020,0x2020,0x2020,0x2020,0x2020,0x2020,0x2020,
	0x2020,0x2020,0x2020,0x2020,0x2020,0x2020,0x2020,0x2020,
	0x2020,0x2020,0x2020,0x2020,0x2020,0x2020,0x2020,0x2020,
	0x2020,0x2020,0x2020,0x2020,0x2020,0x2020,0x2020,0x2020,

	0x2020,0x2020,0x2020,0x2020,0x2020,0x2020,0x2020,0x2020,
	0x2020,0x2020,0x2020,0x2020,0x2020,0x2020,0x2020,0x2020,
	0x2020,0x2020,0x2020,0x2020,0x2020,0x2020,0x2020,0x2020,
	0x2020,0x2020,0x2020,0x2020,0x2020,0x2020,0x2020,0x2020,
	0x2020,0x2020,0x2020,0x2020,0x2020,0x2020,0x2020,0x2020,
	0x2020,0x2020,0x2020,0x2020,0x2020,0x2020,0x2020,0x2020,
	0x2020,0x2020,0x2020,0x2020,0x2020,0x2020,0x2020,0x2020,
	0x2020,0x2020,0x2020,0x2020,0x2020,0x2020,0x2020,0x2020,

	0x2020,0x2020,0x2020,0x2020,0x2020,0x2020,0x2020,0x2020,
	0x2020,0x2020,0x2020,0x2020,0x2020,0x2020,0x2020,0x2020,
	0x2020,0x2020,0x2020,0x2020,0x2020,0x2020,0x2020,0x2020,
	0x2020,0x2020,0x2020,0x2020,0x2020,0x2020,0x2020,0x2020,
	0x2020,0x2020,0x2020,0x2020,0x2020,0x2020,0x2020,0x2020,
	0x2020,0x2020,0x2020,0x2020,0x2020,0x2020,0x2020,0x2020,
	0x2020,0x2020,0x2020,0x2020,0x2020,0x2020,0x2020,0x2020,
	0x2020,0x2020,0x2020,0x2020,0x2020,0x2020,0x2020,0x2020,

	0x2020,0x2020,0x2020,0x2020,0x2020,0x2020,0x2020,0x2020,
	0x2020,0x2020,0x2020,0x2020,0x2020,0x2020,0x2020,0x2020,
	0x2020,0x2020,0x2020,0x2020,0x2020,0x2020,0x2020,0x2020,
	0x2020,0x2020,0x2020,0x2020,0x2020,0x2020,0x2020,0x2020,
	0x2020,0x2020,0x2020,0x2020,0x2020,0x2020,0x2020,0x2020,
	0x2020,0x2020,0x2020,0x2020,0x2020,0x2020,0x2020,0x2020,
	0x2020,0x2020,0x2020,0x2020,0x2020,0x2020,0x2020,0x2020,
	0x2020,0x2020,0x2020,0x2020,0x2020,0x2020,0x2020,0x2020,

	0x2020,0x2020,0x2020,0x2020,0x2020,0x2020,0x2020,0x2020,
	0x2020,0x2020,0x2020,0x2020,0x2020,0x2020,0x2020,0x2020,
	0x2020,0x2020,0x2020,0x2020,0x2020,0x2020,0x2020,0x2020,
	0x2020,0x2020,0x2020,0x2020,0x2020,0x2020,0x2020,0x2020,
	0x2020,0x2020,0x2020,0x2020,0x2020,0x2020,0x2020,0x2020,
	0x2020,0x2020,0x2020,0x2020,0x2020,0x2020,0x2020,0x2020,
	0x2020,0x2020,0x2020,0x2020,0x2020,0x2020,0x2020,0x2020,
	0x2020,0x2020,0x2020,0x2020,0x2020,0x2020,0x2020,0x2020,

	0x2020,0x2020,0x2020,0x2020,0x2020,0x2020,0x2020,0x2020,
	0x2020,0x2020,0x2020,0x2020,0x2020,0x2020,0x2020,0x2020,
	0x2020,0x2020,0x2020,0x2020,0x2020,0x2020,0x2020,0x2020,
	0x2020,0x2020,0x2020,0x2020,0x2020,0x2020,0x2020,0x2020,
	0x2020,0x2020,0x2020,0x2020,0x2020,0x2020,0x2020,0x2020,
	0x2020,0x2020,0x2020,0x2020,0x2020,0x2020,0x2020,0x2020,
	0x2020,0x2020,0x2020,0x2020,0x2020,0x2020,0x2020,0x2020,
	0x2020,0x2020,0x2020,0x2020,0x2020,0x2020,0x2020,0x2020,

	0x2020,0x2020,0x2020,0x2020,0x2020,0x2020,0x2020,0x2020,
	0x2020,0x2020,0x2020,0x2020,0x2020,0x2020,0x2020,0x2020,
	0x2020,0x2020,0x2020,0x2020,0x2020,0x2020,0x2020,0x2020,
	0x2020,0x2020,0x2020,0x2020,0x2020,0x2020,0x2020,0x2020,
	0x2020,0x2020,0x2020,0x2020,0x2020,0x2020,0x2020,0x2020,
	0x2020,0x2D20,0x202B,0x2020,0x2020,0x2F20,0x202B,0x2020,
	0x2F20,0x2F20,0x2D2B,0x2F2F,0x2F20,0x2F2F,0x2F2B,0x202F,
	0x2020,0x2F2D,0x2F2B,0x2F2F,0x2F2D,0x2F2F,0x2F2B,0x2F2F,

	0x2020,0x2020,0x2020,0x2020,0x2020,0x2020,0x2020,0x2020,
	0x2020,0x2020,0x2020,0x2020,0x2020,0x2020,0x2020,0x2020,
	0x2020,0x2020,0x2020,0x2020,0x2020,0x2020,0x2020,0x2020,
	0x2020,0x2020,0x2020,0x2020,0x202D,0x2020,0x2020,0x2020,
	0x2020,0x2020,0x2020,0x2020,0x2020,0x2020,0x2020,0x2020,
	0x2020,0x2020,0x2020,0x2020,0x2020,0x2020,0x2020,0x2020,
	0x2020,0x2020,0x2020,0x2020,0x2020,0x2020,0x2020,0x2020,
	0x2020,0x2020,0x2020,0x2020,0x2020,0x2020,0x2020,0x2020,

	0x2020,0x2020,0x2020,0x2020,0x2020,0x2020,0x2020,0x2020,
	0x2020,0x2020,0x2020,0x2020,0x2020,0x2020,0x2020,0x2020,
	0x2020,0x2020,0x2020,0x2020,0x2020,0x2020,0x2020,0x2020,
	0x2020,0x2020,0x2020,0x2020,0x2020,0x2020,0x2020,0x2020,
	0x2020,0x2020,0x2020,0x2020,0x2020,0x2020,0x2020,0x2020,
	0x2020,0x2020,0x2020,0x2020,0x2020,0x2020,0x2020,0x2020,
	0x2020,0x2020,0x2020,0x2020,0x2020,0x2020,0x2020,0x2020,
	0x2020,0x2020,0x2020,0x2020,0x2020,0x2020,0x2020,0x2020,

	0x2020,0x2020,0x2020,0x2020,0x2020,0x2020,0x2020,0x2020,
	0x2020,0x2020,0x2020,0x2020,0x2020,0x2020,0x2020,0x2020,
	0x2020,0x2020,0x2020,0x2020,0x2020,0x2020,0x2020,0x2020,
	0x2020,0x2020,0x2020,0x2020,0x2020,0x2020,0x2020,0x2020,
	0x2020,0x2020,0x2020,0x2020,0x2020,0x2020,0x2020,0x2020,
	0x2020,0x2020,0x2020,0x2020,0x2020,0x2020,0x2020,0x2020,
	0x2020,0x2020,0x2020,0x2020,0x2020,0x2020,0x2020,0x2020,
	0x2020,0x2020,0x2020,0x2020,0x2020,0x2020,0x2020,0x2020,

	0x2020,0x2020,0x2020,0x2020,0x2020,0x2020,0x2020,0x2020,
	0x2020,0x2020,0x2020,0x2020,0x2020,0x2020,0x2020,0x2020,
	0x2020,0x2020,0x2020,0x2020,0x2020,0x2020,0x2020,0x2020,
	0x2020,0x2020,0x2020,0x2020,0x2020,0x2020,0x2020,0x2020,
	0x2C20,0x282C,0x272B,0x2424,0x2C20,0x2D2C,0x242B,0x2424,
	0x2C20,0x2B2C,0x242D,0x2424,0x2C20,0x2B2C,0x242D,0x2424,
	0x2C20,0x2B2C,0x2423,0x2424,0x2C20,0x2B2C,0x2429,0x2424,
	0x2C20,0x2B2C,0x2422,0x2424,0x2C20,0x2B28,0x2422,0x2424,

	0x2424,0x2424,0x2424,0x2424,0x2424,0x2424,0x2424,0x2424,
	0x2424,0x2424,0x2424,0x2424,0x2424,0x2424,0x2424,0x2424,
	0x2424,0x2424,0x2424,0x2424,0x2424,0x2424,0x2424,0x2424,
	0x2424,0x2424,0x2424,0x2424,0x2424,0x2424,0x2424,0x2424,
	0x2424,0x2424,0x2424,0x2424,0x2424,0x2424,0x2424,0x2424,
	0x2424,0x2424,0x2424,0x2424,0x2424,0x2424,0x2424,0x2424,
	0x2424,0x2424,0x2424,0x2424,0x2424,0x2424,0x2424,0x2424,
	0x2424,0x2424,0x2424,0x2424,0x2424,0x2424,0x2424,0x2424,

	0x2424,0x2B2B,0x2427,0x2424,0x2424,0x2B24,0x242D,0x2424,
	0x2424,0x2D24,0x242B,0x2424,0x2424,0x2424,0x2424,0x2424,
	0x2424,0x2424,0x2424,0x2424,0x2424,0x2424,0x2424,0x2324,
	0x2424,0x2424,0x2424,0x2724,0x2424,0x2424,0x2424,0x2424,
	0x2424,0x2424,0x2424,0x2E24,0x2424,0x2424,0x2424,0x2424,
	0x2424,0x2424,0x2424,0x2424,0x2424,0x2424,0x2424,0x2424,
	0x2424,0x2424,0x2424,0x2424,0x242B,0x2424,0x2424,0x2424,
	0x242D,0x2424,0x2424,0x2424,0x2424,0x2424,0x2424,0x2E24,

	0x2022,0x2020,0x2020,0x2D20,0x242E,0x2020,0x2020,0x2020,
	0x242E,0x2020,0x2020,0x2020,0x242E,0x2020,0x2020,0x2020,
	0x242E,0x2020,0x2020,0x2020,0x242E,0x2020,0x2020,0x2020,
	0x242E,0x2020,0x2020,0x2020,0x2422,0x2020,0x2020,0x2020,
	0x2F2D,0x2D2B,0x2020,0x2020,0x2F2D,0x2D2B,0x2020,0x2020,
	0x2F2D,0x2D2B,0x2020,0x2020,0x2D20,0x2B2B,0x2020,0x2020,
	0x2020,0x2F2F,0x2020,0x2020,0x2020,0x202F,0x2020,0x2020,
	0x2D20,0x202F,0x2020,0x2020,0x2020,0x2020,0x2020,0x2020,

	0x2020,0x2020,0x2020,0x2020,0x2020,0x2020,0x2020,0x2020,
	0x2020,0x2020,0x2020,0x2020,0x2020,0x2020,0x2020,0x2020,
	0x2020,0x2020,0x2020,0x2020,0x2020,0x2020,0x2020,0x2020,
	0x2020,0x2020,0x2020,0x2020,0x2020,0x2020,0x2020,0x2020,
	0x2020,0x2020,0x2020,0x2020,0x2020,0x2020,0x2020,0x2020,
	0x2020,0x2020,0x2020,0x2020,0x2020,0x2020,0x2020,0x2020,
	0x2020,0x2020,0x2020,0x2020,0x2020,0x2020,0x2020,0x2020,
	0x2020,0x2020,0x2020,0x2020,0x2020,0x2020,0x2020,0x2020,

	0x2020,0x2020,0x2020,0x2020,0x2020,0x2020,0x2020,0x2020,
	0x2020,0x2020,0x2020,0x2020,0x2020,0x2020,0x2020,0x2020,
	0x2020,0x2020,0x2020,0x2020,0x2020,0x2020,0x2020,0x2020,
	0x2020,0x2020,0x2020,0x2020,0x2020,0x2020,0x2020,0x2020,
	0x2020,0x2020,0x2020,0x2020,0x2020,0x2020,0x2020,0x2020,
	0x2020,0x2020,0x2020,0x2020,0x2020,0x2020,0x2020,0x2020,
	0x2020,0x2020,0x2020,0x2020,0x2020,0x2020,0x2020,0x2020,
	0x2020,0x2020,0x2020,0x2020,0x2020,0x2020,0x2020,0x2020,

	0x2020,0x2020,0x2020,0x2020,0x2020,0x2020,0x2020,0x2020,
	0x2020,0x2020,0x2020,0x2020,0x2020,0x2020,0x2020,0x2020,
	0x2020,0x2020,0x2020,0x2020,0x2020,0x2020,0x2020,0x2020,
	0x2020,0x2020,0x2020,0x2020,0x2020,0x2020,0x2020,0x2020,
	0x2020,0x2020,0x2020,0x2020,0x2020,0x2020,0x2020,0x2020,
	0x2020,0x2020,0x2020,0x2020,0x2020,0x2020,0x2020,0x2020,
	0x2020,0x2020,0x2020,0x2020,0x2020,0x2020,0x2020,0x2020,
	0x2020,0x2020,0x2020,0x2020,0x2020,0x2020,0x2020,0x2020,

	0x2020,0x2020,0x2020,0x2020,0x2020,0x2020,0x2020,0x2020,
	0x2020,0x2020,0x2020,0x2020,0x2020,0x2020,0x2020,0x2020,
	0x2020,0x2020,0x2020,0x2020,0x2020,0x2020,0x2020,0x2020,
	0x2020,0x2020,0x2020,0x2020,0x2020,0x2020,0x2020,0x2020,
	0x2020,0x2020,0x2020,0x2020,0x2020,0x2020,0x2020,0x2020,
	0x2020,0x2020,0x2020,0x2020,0x2020,0x2020,0x2020,0x2020,
	0x2020,0x2020,0x2020,0x2020,0x2020,0x2020,0x2020,0x2020,
	0x2020,0x2020,0x2020,0x2020,0x2020,0x2020,0x2020,0x2020,

	0x2020,0x2020,0x2020,0x2020,0x2020,0x2020,0x2020,0x2020,
	0x2020,0x2020,0x2020,0x2020,0x2020,0x2020,0x2020,0x2020,
	0x2020,0x2020,0x2020,0x2020,0x2020,0x2020,0x2020,0x2020,
	0x2020,0x2020,0x2020,0x2020,0x2020,0x2020,0x2020,0x2020,
	0x2020,0x2020,0x2020,0x2020,0x2020,0x2020,0x2020,0x2020,
	0x2020,0x2020,0x2020,0x2020,0x2020,0x2020,0x2020,0x2020,
	0x2020,0x2020,0x2020,0x2020,0x2020,0x2020,0x2020,0x2020,
	0x2020,0x2020,0x2020,0x2020,0x2020,0x2020,0x2020,0x2020,

	0x2020,0x2020,0x2020,0x2020,0x2020,0x2020,0x2020,0x2020,
	0x2020,0x2020,0x2020,0x2020,0x2020,0x2020,0x2020,0x2020,
	0x2020,0x2020,0x2020,0x2020,0x2020,0x2020,0x2020,0x2020,
	0x2020,0x2020,0x2020,0x2020,0x2020,0x2020,0x2020,0x2020,
	0x2020,0x2020,0x2020,0x2020,0x2020,0x2020,0x2020,0x2020,
	0x2020,0x2020,0x2020,0x2020,0x2020,0x2020,0x2020,0x2020,
	0x2020,0x2020,0x2020,0x2020,0x2020,0x2020,0x2020,0x2020,
	0x2020,0x2020,0x2020,0x2020,0x2020,0x2020,0x2020,0x2020,

	0x2020,0x2020,0x2020,0x2020,0x2020,0x2020,0x2020,0x2020,
	0x2020,0x2020,0x2020,0x2020,0x2020,0x2020,0x2020,0x2020,
	0x2020,0x2020,0x2020,0x2020,0x2020,0x2020,0x2020,0x2020,
	0x2020,0x2020,0x2020,0x2020,0x2020,0x2020,0x2020,0x2020,
	0x2020,0x2020,0x2020,0x2020,0x2020,0x2020,0x2020,0x2020,
	0x2020,0x2020,0x2020,0x2020,0x2020,0x2020,0x2020,0x2020,
	0x2020,0x2020,0x2020,0x2020,0x2020,0x2020,0x2020,0x2020,
	0x2020,0x2020,0x2020,0x2020,0x2020,0x2020,0x2020,0x2020,

	0x2020,0x2020,0x2020,0x2020,0x2020,0x2020,0x2020,0x2020,
	0x2020,0x2020,0x2020,0x2020,0x2020,0x2020,0x2020,0x2020,
	0x2020,0x2020,0x2020,0x2020,0x2020,0x2020,0x2020,0x2020,
	0x2020,0x2020,0x2020,0x2020,0x2020,0x2020,0x2020,0x2020,
	0x2020,0x2020,0x2020,0x2020,0x2020,0x2020,0x2020,0x2020,
	0x2020,0x2020,0x2020,0x2020,0x2020,0x2020,0x2020,0x2020,
	0x2020,0x2020,0x2020,0x2020,0x2020,0x2020,0x2020,0x2020,
	0x2020,0x2020,0x2020,0x2020,0x2020,0x2020,0x2020,0x2020,

	0x2020,0x2020,0x2020,0x2020,0x2020,0x2020,0x2020,0x2020,
	0x2020,0x2020,0x2020,0x2020,0x2020,0x2020,0x2020,0x2020,
	0x2020,0x2020,0x2020,0x2020,0x2020,0x2020,0x2020,0x2020,
	0x2020,0x2020,0x2020,0x2020,0x2020,0x2020,0x2020,0x2020,
	0x2020,0x2020,0x2020,0x2020,0x2020,0x2020,0x2020,0x2020,
	0x2020,0x2020,0x2020,0x2020,0x2020,0x2020,0x2020,0x2020,
	0x2020,0x2020,0x2020,0x2020,0x2020,0x2020,0x2020,0x2020,
	0x2020,0x2020,0x2020,0x2020,0x2020,0x2020,0x2020,0x2020,

	0x2020,0x2020,0x2020,0x2020,0x2020,0x2020,0x2020,0x2020,
	0x2020,0x2020,0x2020,0x2020,0x2020,0x2020,0x2020,0x2020,
	0x2020,0x2020,0x2020,0x2020,0x2020,0x2020,0x2020,0x2020,
	0x2020,0x2020,0x2020,0x2020,0x2020,0x2020,0x2020,0x2020,
	0x2020,0x2020,0x2020,0x2020,0x2020,0x2020,0x2020,0x2020,
	0x2020,0x2020,0x2020,0x2020,0x2020,0x2020,0x2020,0x2020,
	0x2020,0x2020,0x2020,0x2020,0x2020,0x2020,0x2020,0x2020,
	0x2020,0x2020,0x2020,0x2020,0x2020,0x2020,0x2020,0x2020,

	0x2020,0x2020,0x2020,0x2020,0x2020,0x2020,0x2020,0x2020,
	0x2020,0x2020,0x2020,0x2020,0x2020,0x2020,0x2020,0x2020,
	0x2020,0x2020,0x2020,0x2020,0x2020,0x2020,0x2020,0x2020,
	0x2020,0x2020,0x2020,0x2020,0x2020,0x2020,0x2020,0x2020,
	0x2020,0x2020,0x2020,0x2020,0x2020,0x2020,0x2020,0x2020,
	0x2020,0x2020,0x2020,0x2020,0x2020,0x2020,0x2020,0x2020,
	0x2020,0x2020,0x2020,0x2020,0x2020,0x2020,0x2020,0x2020,
	0x2020,0x2020,0x2020,0x2020,0x2020,0x2020,0x2020,0x2020,

	0x2020,0x2020,0x2020,0x2020,0x2020,0x2020,0x2020,0x2020,
	0x2020,0x2020,0x2020,0x2020,0x2020,0x2020,0x2020,0x2020,
	0x2020,0x2020,0x2020,0x2020,0x2020,0x2020,0x2020,0x2020,
	0x2020,0x2020,0x2020,0x2020,0x2020,0x2020,0x2020,0x2020,
	0x2020,0x2020,0x2020,0x2020,0x2020,0x2020,0x2020,0x2020,
	0x2020,0x2020,0x2020,0x2020,0x2020,0x2020,0x2020,0x2020,
	0x2020,0x2020,0x2020,0x2020,0x2020,0x2020,0x2020,0x2020,
	0x2020,0x2020,0x2020,0x2020,0x2020,0x2020,0x2020,0x2020,

	0x2020,0x2020,0x2020,0x2020,0x2020,0x2020,0x2020,0x2020,
	0x2020,0x2020,0x2020,0x2020,0x2020,0x2020,0x2020,0x2020,
	0x2020,0x2020,0x2020,0x2020,0x2020,0x2020,0x2020,0x2020,
	0x2020,0x2020,0x2020,0x2020,0x2020,0x2020,0x2020,0x2020,
	0x2020,0x2020,0x2020,0x2020,0x2020,0x2020,0x2020,0x2020,
	0x2020,0x2020,0x2020,0x2020,0x2020,0x2020,0x2020,0x2020,
	0x2020,0x2020,0x2020,0x2020,0x2020,0x2020,0x2020,0x2020,
	0x2020,0x2020,0x2020,0x2020,0x2020,0x2020,0x2020,0x2020,

	0x2020,0x2020,0x2020,0x2020,0x2020,0x2020,0x2020,0x2020,
	0x2020,0x2020,0x2020,0x2020,0x2020,0x2020,0x2020,0x2020,
	0x2020,0x2020,0x2020,0x2020,0x2020,0x2020,0x2020,0x2020,
	0x2020,0x2020,0x2020,0x2020,0x2020,0x2020,0x2020,0x2020,
	0x2020,0x2020,0x2020,0x2020,0x2020,0x2020,0x2020,0x2020,
	0x2020,0x2020,0x2020,0x2020,0x2020,0x2020,0x2020,0x2020,
	0x2020,0x2020,0x2020,0x2020,0x2020,0x2020,0x2020,0x2020,
	0x2020,0x2020,0x2020,0x2020,0x2020,0x2020,0x2020,0x2020,

	0x2020,0x2020,0x2020,0x2020,0x2020,0x2020,0x2020,0x2020,
	0x2020,0x2020,0x2020,0x2020,0x2020,0x2020,0x2020,0x2020,
	0x2020,0x2020,0x2020,0x2020,0x2020,0x2020,0x2020,0x2020,
	0x2020,0x2020,0x2020,0x2020,0x2020,0x2020,0x2020,0x2020,
	0x2020,0x2020,0x2020,0x2020,0x2020,0x2020,0x2020,0x2020,
	0x2020,0x2020,0x2020,0x2020,0x2020,0x2020,0x2020,0x2020,
	0x2020,0x2020,0x2020,0x2020,0x2020,0x2020,0x2020,0x2020,
	0x2020,0x2020,0x2020,0x2020,0x2020,0x2020,0x2020,0x2020,

	0x2020,0x2020,0x2020,0x2020,0x2020,0x2020,0x2020,0x2020,
	0x2020,0x2020,0x2020,0x2020,0x2020,0x2020,0x2020,0x2020,
	0x2020,0x2020,0x2020,0x2020,0x2020,0x2020,0x2020,0x2020,
	0x2020,0x2020,0x2020,0x2020,0x2020,0x2020,0x2020,0x2020,
	0x2020,0x2020,0x2020,0x2020,0x2020,0x2020,0x2020,0x2020,
	0x2020,0x2020,0x2020,0x2020,0x2020,0x2020,0x2020,0x2020,
	0x2020,0x2020,0x2020,0x2020,0x2020,0x2020,0x2020,0x2020,
	0x2020,0x2020,0x2020,0x2020,0x2020,0x2020,0x2020,0x2020,

	0x2020,0x2020,0x2020,0x2020,0x2020,0x2020,0x2020,0x2020,
	0x2020,0x2020,0x2020,0x2020,0x2020,0x2020,0x2020,0x2020,
	0x2020,0x2020,0x2020,0x2020,0x2020,0x2020,0x2020,0x2020,
	0x2020,0x2020,0x2020,0x2020,0x2020,0x2020,0x2020,0x2020,
	0x2020,0x2020,0x2020,0x2020,0x2020,0x2020,0x2020,0x2020,
	0x2020,0x2020,0x2020,0x2020,0x2020,0x2020,0x2020,0x2020,
	0x2020,0x2020,0x2020,0x2020,0x2020,0x2020,0x2020,0x2020,
	0x2020,0x2020,0x2020,0x2020,0x2020,0x2020,0x2020,0x2020,

	0x2020,0x2020,0x2020,0x2020,0x2020,0x2020,0x2020,0x2020,
	0x2020,0x2020,0x2020,0x2020,0x2020,0x2020,0x2020,0x2020,
	0x2020,0x2020,0x2020,0x2020,0x2020,0x2020,0x2020,0x2020,
	0x2020,0x2020,0x2020,0x2020,0x2020,0x2020,0x2020,0x2020,
	0x2020,0x2020,0x2020,0x2020,0x2020,0x2020,0x2020,0x2020,
	0x2020,0x2020,0x2020,0x2020,0x2020,0x2020,0x2020,0x2020,
	0x2020,0x2020,0x2020,0x2020,0x2020,0x2020,0x2020,0x2020,
	0x2020,0x2020,0x2020,0x2020,0x2020,0x2020,0x2020,0x2020,

	0x2020,0x2020,0x2020,0x2020,0x2020,0x2020,0x2020,0x2020,
	0x2020,0x2020,0x2020,0x2020,0x2020,0x2020,0x2020,0x2020,
	0x2020,0x2020,0x2020,0x2020,0x2020,0x2020,0x2020,0x2020,
	0x2020,0x2020,0x2020,0x2020,0x2020,0x2020,0x2020,0x2020,
	0x2020,0x2020,0x2020,0x2020,0x2020,0x2020,0x2020,0x2020,
	0x2020,0x2020,0x2020,0x2020,0x2020,0x2020,0x2020,0x2020,
	0x2020,0x2020,0x2020,0x2020,0x2020,0x2020,0x2020,0x2020,
	0x2020,0x2020,0x2020,0x2020,0x2020,0x2020,0x2020,0x2020,

	0x2020,0x2020,0x2020,0x2020,0x2020,0x2020,0x2020,0x2020,
	0x2020,0x2020,0x2020,0x2020,0x2020,0x2020,0x2020,0x2020,
	0x2020,0x2020,0x2020,0x2020,0x2020,0x2020,0x2020,0x2020,
	0x2020,0x2020,0x2020,0x2020,0x2020,0x2020,0x2020,0x2020,
	0x2020,0x2020,0x2020,0x2020,0x2020,0x2020,0x2020,0x2020,
	0x2020,0x2020,0x2020,0x2020,0x2020,0x2020,0x2020,0x2020,
	0x2020,0x2020,0x2020,0x2020,0x2020,0x2020,0x2020,0x2020,
	0x2020,0x2020,0x2020,0x2020,0x2020,0x2020,0x2020,0x2020,

	0x2020,0x2020,0x2020,0x2020,0x2020,0x2020,0x2020,0x2020,
	0x2020,0x2020,0x2020,0x2020,0x2020,0x2020,0x2020,0x2020,
	0x2020,0x2020,0x2020,0x2020,0x2020,0x2020,0x2020,0x2020,
	0x2020,0x2020,0x2020,0x2020,0x2020,0x2020,0x2020,0x2020,
	0x2020,0x2020,0x2020,0x2020,0x2020,0x2020,0x2020,0x2020,
	0x2020,0x2020,0x2020,0x2020,0x2020,0x2020,0x2020,0x2020,
	0x2020,0x2020,0x2020,0x2020,0x2020,0x2020,0x2020,0x2020,
	0x2020,0x2020,0x2020,0x2020,0x2020,0x2020,0x2020,0x2020,

	0x2020,0x2020,0x2020,0x2020,0x2020,0x2020,0x2020,0x2020,
	0x2020,0x2020,0x2020,0x2020,0x2020,0x2020,0x2020,0x2020,
	0x2020,0x2020,0x2020,0x2020,0x2020,0x2020,0x2020,0x2020,
	0x2020,0x2020,0x2020,0x2020,0x2020,0x2020,0x2020,0x2020,
	0x2020,0x2020,0x2020,0x2020,0x2020,0x2020,0x2020,0x2020,
	0x2020,0x2020,0x2020,0x2020,0x2020,0x2020,0x2020,0x2020,
	0x2020,0x2020,0x2020,0x2020,0x2020,0x2020,0x2020,0x2020,
	0x2020,0x2020,0x2020,0x2020,0x2020,0x2020,0x2020,0x2020,

	0x2020,0x2020,0x2020,0x2020,0x2020,0x2020,0x2020,0x2020,
	0x2020,0x2020,0x2020,0x2020,0x2020,0x2020,0x2020,0x2020,
	0x2020,0x2020,0x2020,0x2020,0x2020,0x2020,0x2020,0x2020,
	0x2020,0x2020,0x2020,0x2020,0x2020,0x2020,0x2020,0x2020,
	0x2020,0x2020,0x2020,0x2020,0x2020,0x2020,0x2020,0x2020,
	0x2020,0x2020,0x2020,0x2020,0x2020,0x2020,0x2020,0x2020,
	0x2020,0x2020,0x2020,0x2020,0x2020,0x2020,0x2020,0x2020,
	0x2020,0x2020,0x2020,0x2020,0x2020,0x2020,0x2020,0x2020,

	0x2020,0x2020,0x2020,0x2020,0x2020,0x2020,0x2020,0x2020,
	0x2020,0x2020,0x2020,0x2020,0x2020,0x2020,0x2020,0x2020,
	0x2020,0x2020,0x2020,0x2020,0x2020,0x2020,0x2020,0x2020,
	0x2020,0x2020,0x2020,0x2020,0x2020,0x2020,0x2020,0x2020,
	0x2020,0x2020,0x2020,0x2020,0x2020,0x2020,0x2020,0x2020,
	0x2020,0x2020,0x2020,0x2020,0x2020,0x2020,0x2020,0x2020,
	0x2020,0x2020,0x2020,0x2020,0x2020,0x2020,0x2020,0x2020,
	0x2020,0x2020,0x2020,0x2020,0x2020,0x2020,0x2020,0x2020,

	0x2020,0x2020,0x2020,0x2020,0x2020,0x2020,0x2020,0x2020,
	0x2020,0x2020,0x2020,0x2020,0x2020,0x2020,0x2020,0x2020,
	0x2020,0x2020,0x2020,0x2020,0x2020,0x2020,0x2020,0x2020,
	0x2020,0x2020,0x2020,0x2020,0x2020,0x2020,0x2020,0x2020,
	0x2D2D,0x2F2F,0x2B2F,0x2B20,0x2020,0x2F2F,0x2B2B,0x2B2B,
	0x2B20,0x2B2B,0x2B2F,0x2020,0x2020,0x2F2D,0x2B2F,0x2020,
	0x2020,0x2F20,0x2B2F,0x2020,0x2020,0x2020,0x2B2F,0x2020,
	0x2020,0x2020,0x2B2F,0x2020,0x2020,0x2020,0x2B2F,0x2020,

	0x2020,0x2020,0x2020,0x2020,0x2020,0x2020,0x2020,0x2020,
	0x2020,0x2020,0x2020,0x2020,0x2020,0x2020,0x2020,0x2020,
	0x2020,0x2020,0x2020,0x2020,0x2020,0x2020,0x2020,0x2020,
	0x2020,0x2020,0x2020,0x2020,0x2020,0x2020,0x2020,0x2020,
	0x2020,0x2020,0x2020,0x2020,0x2020,0x2020,0x2020,0x2020,
	0x2020,0x2020,0x2020,0x2020,0x2020,0x2020,0x2020,0x2020,
	0x2020,0x2020,0x2020,0x2020,0x2020,0x2020,0x2020,0x2020,
	0x2020,0x2020,0x2020,0x2020,0x2020,0x2020,0x2020,0x2020,

	0x2020,0x2020,0x2020,0x2020,0x2020,0x2020,0x2020,0x2020,
	0x2020,0x2020,0x2020,0x2020,0x2020,0x2020,0x2020,0x2020,
	0x2020,0x2020,0x2020,0x2020,0x2020,0x2020,0x2020,0x2020,
	0x2020,0x2020,0x2020,0x2020,0x2020,0x2020,0x2020,0x2020,
	0x2020,0x2020,0x2020,0x2020,0x2020,0x2020,0x2020,0x2020,
	0x2020,0x2020,0x2020,0x2020,0x2020,0x2020,0x2020,0x2020,
	0x2020,0x2020,0x2020,0x2020,0x2020,0x2020,0x2020,0x2020,
	0x2020,0x2020,0x2020,0x2020,0x2020,0x2020,0x2020,0x2020,

	0x2020,0x2020,0x2020,0x2020,0x2020,0x2020,0x2020,0x2020,
	0x2020,0x2020,0x2020,0x2020,0x2020,0x2020,0x2020,0x2020,
	0x2020,0x2020,0x2020,0x2020,0x2020,0x2020,0x2020,0x2020,
	0x2020,0x2020,0x2020,0x2020,0x2020,0x2020,0x2020,0x2020,
	0x2020,0x2020,0x2020,0x2020,0x2020,0x2020,0x2020,0x2020,
	0x2020,0x2020,0x2020,0x2020,0x2020,0x2020,0x2020,0x2020,
	0x2020,0x2020,0x2020,0x2020,0x2020,0x2020,0x2020,0x2020,
	0x2020,0x2020,0x2020,0x2020,0x2020,0x2020,0x2020,0x2020,

	0x2020,0x2020,0x2020,0x2020,0x2020,0x2020,0x2020,0x2020,
	0x2020,0x2020,0x2020,0x2020,0x2020,0x2020,0x2020,0x2020,
	0x2020,0x2020,0x2020,0x2020,0x2020,0x2020,0x2020,0x2020,
	0x2020,0x2020,0x2020,0x2020,0x2020,0x2020,0x2020,0x2020,
	0x2C20,0x2B2C,0x2429,0x2424,0x2C20,0x2B2C,0x2429,0x2424,
	0x2C20,0x2B2C,0x2423,0x2424,0x2C20,0x2F2C,0x242B,0x2424,
	0x2820,0x2D2C,0x262B,0x2424,0x2020,0x2C20,0x232B,0x2424,
	0x2020,0x2C20,0x2B2F,0x2422,0x2020,0x2C20,0x2B2C,0x2427,

	0x2424,0x2424,0x2424,0x2424,0x2424,0x2424,0x2424,0x2424,
	0x2424,0x2424,0x2424,0x2424,0x2424,0x2424,0x2424,0x2424,
	0x2424,0x2424,0x2424,0x2424,0x2424,0x2424,0x2424,0x2424,
	0x2424,0x2424,0x2424,0x2424,0x2424,0x2424,0x2424,0x2424,
	0x2424,0x2424,0x2424,0x2424,0x2424,0x2424,0x2424,0x2424,
	0x2424,0x2424,0x2424,0x2424,0x2424,0x2424,0x2424,0x2424,
	0x2424,0x2424,0x2424,0x2424,0x2424,0x2424,0x2424,0x2424,
	0x2424,0x2424,0x2424,0x2424,0x2424,0x2424,0x2424,0x2424,

	0x2424,0x2424,0x2424,0x2424,0x2424,0x2424,0x2424,0x2424,
	0x2424,0x2424,0x2424,0x2424,0x2424,0x2424,0x2424,0x2424,
	0x2424,0x2424,0x2424,0x2424,0x2424,0x2424,0x2424,0x2424,
	0x2424,0x2424,0x2424,0x2424,0x2424,0x2424,0x2424,0x2424,
	0x2424,0x2424,0x2424,0x2E24,0x2424,0x2424,0x2424,0x2E24,
	0x2424,0x2424,0x2424,0x2E24,0x2424,0x2424,0x2E24,0x2222,
	0x2424,0x2424,0x2E24,0x2C2C,0x2424,0x2424,0x232B,0x2C2C,
	0x2424,0x2324,0x272B,0x2C26,0x2424,0x2B2E,0x2C2B,0x202C,

	0x2022,0x2020,0x2020,0x2020,0x2022,0x2020,0x2020,0x2020,
	0x2022,0x2020,0x2020,0x2020,0x202E,0x2020,0x2020,0x2020,
	0x2020,0x2020,0x2020,0x2020,0x2020,0x2020,0x2020,0x2020,
	0x2020,0x2020,0x2020,0x2020,0x2020,0x2020,0x2020,0x2020,
	0x2020,0x2020,0x2020,0x2020,0x2020,0x2020,0x2020,0x2020,
	0x2020,0x2020,0x2020,0x2020,0x2020,0x2020,0x2020,0x2020,
	0x2020,0x2020,0x2020,0x2020,0x2020,0x2020,0x2020,0x2020,
	0x2020,0x2020,0x2020,0x2020,0x2020,0x2020,0x2020,0x2020,

	0x2020,0x2020,0x2020,0x2020,0x2020,0x2020,0x2020,0x2020,
	0x2020,0x2020,0x2020,0x2020,0x2020,0x2020,0x2020,0x2020,
	0x2020,0x2020,0x2020,0x2020,0x2020,0x2020,0x2020,0x2020,
	0x2020,0x2020,0x2020,0x2020,0x2020,0x2020,0x2020,0x2020,
	0x2020,0x2020,0x2020,0x2020,0x2020,0x2020,0x2020,0x2020,
	0x2020,0x2020,0x2020,0x2020,0x2020,0x2020,0x2020,0x2020,
	0x2020,0x2020,0x2020,0x2020,0x2020,0x2020,0x2020,0x2020,
	0x2020,0x2020,0x2020,0x2020,0x2020,0x2020,0x2020,0x2020,

	0x2020,0x2020,0x2020,0x2020,0x2020,0x2020,0x2020,0x2020,
	0x2020,0x2020,0x2020,0x2020,0x2020,0x2020,0x2020,0x2020,
	0x2020,0x2020,0x2020,0x2020,0x2020,0x2020,0x2020,0x2020,
	0x2020,0x2020,0x2020,0x2020,0x2020,0x2020,0x2020,0x2020,
	0x2020,0x2020,0x2020,0x2020,0x2020,0x2020,0x2020,0x2020,
	0x2020,0x2020,0x2020,0x2020,0x2020,0x2020,0x2020,0x2020,
	0x2020,0x2020,0x2020,0x2020,0x2020,0x2020,0x2020,0x2020,
	0x2020,0x2020,0x2020,0x2020,0x2020,0x2020,0x2020,0x2020,

	0x2020,0x2020,0x2020,0x2020,0x2020,0x2020,0x2020,0x2020,
	0x2020,0x2020,0x2020,0x2020,0x2020,0x2020,0x2020,0x2020,
	0x2020,0x2020,0x2020,0x2020,0x2020,0x2020,0x2020,0x2020,
	0x2020,0x2020,0x2020,0x2020,0x2020,0x2020,0x2020,0x2020,
	0x2020,0x2020,0x2020,0x2020,0x2020,0x2020,0x2020,0x2020,
	0x2020,0x2020,0x2020,0x2020,0x2020,0x2020,0x2020,0x2020,
	0x2020,0x2020,0x2020,0x2020,0x2020,0x2020,0x2020,0x2020,
	0x2020,0x2020,0x2020,0x2020,0x2020,0x2020,0x2020,0x2020,

	0x2020,0x2020,0x2020,0x2020,0x2020,0x2020,0x2020,0x2020,
	0x2020,0x2020,0x2020,0x2020,0x2020,0x2020,0x2020,0x2020,
	0x2020,0x2020,0x2020,0x2020,0x2020,0x2020,0x2020,0x2020,
	0x2020,0x2020,0x2020,0x2020,0x2020,0x2020,0x2020,0x2020,
	0x2020,0x2020,0x2020,0x2020,0x2020,0x2020,0x2020,0x2020,
	0x2020,0x2020,0x2020,0x2020,0x2020,0x2020,0x2020,0x2020,
	0x2020,0x2020,0x2020,0x2020,0x2020,0x2020,0x2020,0x2020,
	0x2020,0x2020,0x2020,0x2020,0x2020,0x2020,0x2020,0x2020,

	0x2020,0x2020,0x2020,0x2020,0x2020,0x2020,0x2020,0x2020,
	0x2020,0x2020,0x2020,0x2020,0x2020,0x2020,0x2020,0x2020,
	0x2020,0x2020,0x2020,0x2020,0x2020,0x2020,0x2020,0x2020,
	0x2020,0x2020,0x2020,0x2020,0x2020,0x2020,0x2020,0x2020,
	0x2020,0x2020,0x2020,0x2020,0x2020,0x2020,0x2020,0x2020,
	0x2020,0x2020,0x2020,0x2020,0x2020,0x2020,0x2020,0x2020,
	0x2020,0x2020,0x2020,0x2020,0x2020,0x2020,0x2020,0x2020,
	0x2020,0x2020,0x2020,0x2020,0x2020,0x2020,0x2020,0x2020,

	0x2020,0x2020,0x2020,0x2020,0x2020,0x2020,0x2020,0x2020,
	0x2020,0x2020,0x2020,0x2020,0x2020,0x2020,0x2020,0x2020,
	0x2020,0x2020,0x2020,0x2020,0x2020,0x2020,0x2020,0x2020,
	0x2020,0x2020,0x2020,0x2020,0x2020,0x2020,0x2020,0x2020,
	0x2020,0x2020,0x2020,0x2020,0x2020,0x2020,0x2020,0x2020,
	0x2020,0x2020,0x2020,0x2020,0x2020,0x2020,0x2020,0x2020,
	0x2020,0x2020,0x2020,0x2020,0x2020,0x2020,0x2020,0x2020,
	0x2020,0x2020,0x2020,0x2020,0x2020,0x2020,0x2020,0x2020,

	0x2020,0x2020,0x2020,0x2020,0x2020,0x2020,0x2020,0x2020,
	0x2020,0x2020,0x2020,0x2020,0x2020,0x2020,0x2020,0x2020,
	0x2020,0x2020,0x2020,0x2020,0x2020,0x2020,0x2020,0x2020,
	0x2020,0x2020,0x2020,0x2020,0x2020,0x2020,0x2020,0x2020,
	0x2020,0x2020,0x2020,0x2020,0x2020,0x2020,0x2020,0x2020,
	0x2020,0x2020,0x2020,0x2020,0x2020,0x2020,0x2020,0x2020,
	0x2020,0x2020,0x2020,0x2020,0x2020,0x2020,0x2020,0x2020,
	0x2020,0x2020,0x2020,0x2020,0x2020,0x2020,0x2020,0x2020,

	0x2020,0x2020,0x2020,0x2020,0x2020,0x2020,0x2020,0x2020,
	0x2020,0x2020,0x2020,0x2020,0x2020,0x2020,0x2020,0x2020,
	0x2020,0x2020,0x2020,0x2020,0x2020,0x2020,0x2020,0x2020,
	0x2020,0x2020,0x2020,0x2020,0x2020,0x2020,0x2020,0x2020,
	0x2020,0x2020,0x2020,0x2020,0x2020,0x2020,0x2020,0x2020,
	0x2020,0x2020,0x2020,0x2020,0x2020,0x2020,0x2020,0x2020,
	0x2020,0x2020,0x2020,0x2020,0x2020,0x2020,0x2020,0x2020,
	0x2020,0x2020,0x2020,0x2020,0x2020,0x2020,0x2020,0x2020,

	0x2020,0x2020,0x2020,0x2020,0x2020,0x2020,0x2020,0x2020,
	0x2020,0x2020,0x2020,0x2020,0x2020,0x2020,0x2020,0x2020,
	0x2020,0x2020,0x2020,0x2020,0x2020,0x2020,0x2020,0x2020,
	0x2020,0x2020,0x2020,0x2020,0x2020,0x2020,0x2020,0x2020,
	0x2020,0x2020,0x2020,0x2020,0x2020,0x2020,0x2020,0x2020,
	0x2020,0x2020,0x2020,0x2020,0x2020,0x2020,0x2020,0x2020,
	0x2020,0x2020,0x2020,0x2020,0x2020,0x2020,0x2020,0x2020,
	0x2020,0x2020,0x2020,0x2020,0x2020,0x2020,0x2020,0x2020,

	0x2020,0x2020,0x2020,0x2020,0x2020,0x2020,0x2020,0x2020,
	0x2020,0x2020,0x2020,0x2020,0x2020,0x2020,0x2020,0x2020,
	0x2020,0x2020,0x2020,0x2020,0x2020,0x2020,0x2020,0x2020,
	0x2020,0x2020,0x2020,0x2020,0x2020,0x2020,0x2020,0x2020,
	0x2020,0x2020,0x2020,0x2020,0x2020,0x2020,0x2020,0x2020,
	0x2020,0x2020,0x2020,0x2020,0x2020,0x2020,0x2020,0x2020,
	0x2020,0x2020,0x2020,0x2020,0x2020,0x2020,0x2020,0x2020,
	0x2020,0x2020,0x2020,0x2020,0x2020,0x2020,0x2020,0x2020,

	0x2020,0x2020,0x2020,0x2020,0x2020,0x2020,0x2020,0x2020,
	0x2020,0x2020,0x2020,0x2020,0x2020,0x2020,0x2020,0x2020,
	0x2020,0x2020,0x2020,0x2020,0x2020,0x2020,0x2020,0x2020,
	0x2020,0x2020,0x2020,0x2020,0x2020,0x2020,0x2020,0x2020,
	0x2020,0x2020,0x2020,0x2020,0x2020,0x2020,0x2020,0x2020,
	0x2020,0x2020,0x2020,0x2020,0x2020,0x2020,0x2020,0x2020,
	0x2020,0x2020,0x2020,0x2020,0x2020,0x2020,0x2020,0x2020,
	0x2020,0x2020,0x2020,0x2020,0x2020,0x2020,0x2020,0x2020,

	0x2020,0x2020,0x2020,0x2020,0x2020,0x2020,0x2020,0x2020,
	0x2020,0x2020,0x2020,0x2020,0x2020,0x2020,0x2020,0x2020,
	0x2020,0x2020,0x2020,0x2020,0x2020,0x2020,0x2020,0x2020,
	0x2020,0x2020,0x2020,0x2020,0x2020,0x2020,0x2020,0x2020,
	0x2020,0x2020,0x2020,0x2020,0x2020,0x2020,0x2020,0x2020,
	0x2020,0x2020,0x2020,0x2020,0x2020,0x2020,0x2020,0x2020,
	0x2020,0x2020,0x2020,0x2020,0x2020,0x2020,0x2020,0x2020,
	0x2020,0x2020,0x2020,0x2020,0x2020,0x2020,0x2020,0x2020,

	0x2020,0x2020,0x2020,0x2020,0x2020,0x2020,0x2020,0x2020,
	0x2020,0x2020,0x2020,0x2020,0x2020,0x2020,0x2020,0x2020,
	0x2020,0x2020,0x2020,0x2020,0x2020,0x2020,0x2020,0x2020,
	0x2020,0x2020,0x2020,0x2020,0x2020,0x2020,0x2020,0x2020,
	0x2020,0x2020,0x2020,0x2020,0x2020,0x2020,0x2020,0x2020,
	0x2020,0x2020,0x2020,0x2020,0x2020,0x2020,0x2020,0x2020,
	0x2020,0x2020,0x2020,0x2020,0x2020,0x2020,0x2020,0x2020,
	0x2020,0x2020,0x2020,0x2020,0x2020,0x2020,0x2020,0x2020,

	0x2020,0x2020,0x2020,0x2020,0x2020,0x2020,0x2020,0x2020,
	0x2020,0x2020,0x2020,0x2020,0x2020,0x2020,0x2020,0x2020,
	0x2020,0x2020,0x2020,0x2020,0x2020,0x2020,0x2020,0x2020,
	0x2020,0x2020,0x2020,0x2020,0x2020,0x2020,0x2020,0x2020,
	0x2020,0x2020,0x2020,0x2020,0x2020,0x2020,0x2020,0x2020,
	0x2020,0x2020,0x2020,0x2020,0x2020,0x2020,0x2020,0x2020,
	0x2020,0x2020,0x2020,0x2020,0x2020,0x2020,0x2020,0x2020,
	0x2020,0x2020,0x2020,0x2020,0x2020,0x2020,0x2020,0x2020,

	0x2020,0x2020,0x2020,0x2020,0x2020,0x2020,0x2020,0x2020,
	0x2020,0x2020,0x2020,0x2020,0x2020,0x2020,0x2020,0x2020,
	0x2020,0x2020,0x2020,0x2020,0x2020,0x2020,0x2020,0x2020,
	0x2020,0x2020,0x2020,0x2020,0x2020,0x2020,0x2020,0x2020,
	0x2020,0x2020,0x2020,0x2020,0x2020,0x2020,0x2020,0x2020,
	0x2020,0x2020,0x2020,0x2020,0x2020,0x2020,0x2020,0x2020,
	0x2020,0x2020,0x2020,0x2020,0x2020,0x2020,0x2020,0x2020,
	0x2020,0x2020,0x2020,0x2020,0x2020,0x2020,0x2020,0x2020,

	0x2020,0x2020,0x2020,0x2020,0x2020,0x2020,0x2020,0x2020,
	0x2020,0x2020,0x2020,0x2020,0x2020,0x2020,0x2020,0x2020,
	0x2020,0x2020,0x2020,0x2020,0x2020,0x2020,0x2020,0x2020,
	0x2020,0x2020,0x2020,0x2020,0x2020,0x2020,0x2020,0x2020,
	0x2020,0x2020,0x2020,0x2020,0x2020,0x2020,0x2020,0x2020,
	0x2020,0x2020,0x2020,0x2020,0x2020,0x2020,0x2020,0x2020,
	0x2020,0x2020,0x2020,0x2020,0x2020,0x2020,0x2020,0x2020,
	0x2020,0x2020,0x2020,0x2020,0x2020,0x2020,0x2020,0x2020,

	0x2020,0x2020,0x2020,0x2020,0x2020,0x2020,0x2020,0x2020,
	0x2020,0x2020,0x2020,0x2020,0x2020,0x2020,0x2020,0x2020,
	0x2020,0x2020,0x2020,0x2020,0x2020,0x2020,0x2020,0x2020,
	0x2020,0x2020,0x2020,0x2020,0x2020,0x2020,0x2020,0x2020,
	0x2020,0x2020,0x2020,0x2020,0x2020,0x2020,0x2020,0x2020,
	0x2020,0x2020,0x2020,0x2020,0x2020,0x2020,0x2020,0x2020,
	0x2020,0x2020,0x2020,0x2020,0x2020,0x2020,0x2020,0x2020,
	0x2020,0x2020,0x2020,0x2020,0x2020,0x2020,0x2020,0x2020,

	0x2020,0x2020,0x2020,0x2020,0x2020,0x2020,0x2020,0x2020,
	0x2020,0x2020,0x2020,0x2020,0x2020,0x2020,0x2020,0x2020,
	0x2020,0x2020,0x2020,0x2020,0x2020,0x2020,0x2020,0x2020,
	0x2020,0x2020,0x2020,0x2020,0x2020,0x2020,0x2020,0x2020,
	0x2020,0x2020,0x2020,0x2020,0x2020,0x2020,0x2020,0x2020,
	0x2020,0x2020,0x2020,0x2020,0x2020,0x2020,0x2020,0x2020,
	0x2020,0x2020,0x2020,0x2020,0x2020,0x2020,0x2020,0x2020,
	0x2020,0x2020,0x2020,0x2020,0x2020,0x2020,0x2020,0x2020,

	0x2020,0x2020,0x2020,0x2020,0x2020,0x2020,0x2020,0x2020,
	0x2020,0x2020,0x2020,0x2020,0x2020,0x2020,0x2020,0x2020,
	0x2020,0x2020,0x2020,0x2020,0x2020,0x2020,0x2020,0x2020,
	0x2020,0x2020,0x2020,0x2020,0x2020,0x2020,0x2020,0x2020,
	0x2020,0x2020,0x2020,0x2020,0x2020,0x2020,0x2020,0x2020,
	0x2020,0x2020,0x2020,0x2020,0x2020,0x2020,0x2020,0x2020,
	0x2020,0x2020,0x2020,0x2020,0x2020,0x2020,0x2020,0x2020,
	0x2020,0x2020,0x2020,0x2020,0x2020,0x2020,0x2020,0x2020,

	0x2020,0x2020,0x2020,0x2020,0x2020,0x2020,0x2020,0x2020,
	0x2020,0x2020,0x2020,0x2020,0x2020,0x2020,0x2020,0x2020,
	0x2020,0x2020,0x2020,0x2020,0x2020,0x2020,0x2020,0x2020,
	0x2020,0x2020,0x2020,0x2020,0x2020,0x2020,0x2020,0x2020,
	0x2020,0x2020,0x2020,0x2020,0x2020,0x2020,0x2020,0x2020,
	0x2020,0x2020,0x2020,0x2020,0x2020,0x2020,0x2020,0x2020,
	0x2020,0x2020,0x2020,0x2020,0x2020,0x2020,0x2020,0x2020,
	0x2020,0x2020,0x2020,0x2020,0x2020,0x2020,0x2020,0x2020,

	0x2020,0x2020,0x2020,0x2020,0x2020,0x2020,0x2020,0x2020,
	0x2020,0x2020,0x2020,0x2020,0x2020,0x2020,0x2020,0x2020,
	0x2020,0x2020,0x2020,0x2020,0x2020,0x2020,0x2020,0x2020,
	0x2020,0x2020,0x2020,0x2020,0x2020,0x2020,0x2020,0x2020,
	0x2020,0x2020,0x2020,0x2020,0x2020,0x2020,0x2020,0x2020,
	0x2020,0x2020,0x2020,0x2020,0x2020,0x2020,0x2020,0x2020,
	0x2020,0x2020,0x2020,0x2020,0x2020,0x2020,0x2020,0x2020,
	0x2020,0x2020,0x2020,0x2020,0x2020,0x2020,0x2020,0x2020,

	0x2020,0x2020,0x2020,0x2020,0x2020,0x2020,0x2020,0x2020,
	0x2020,0x2020,0x2020,0x2020,0x2020,0x2020,0x2020,0x2020,
	0x2020,0x2020,0x2020,0x2020,0x2020,0x2020,0x2020,0x2020,
	0x2020,0x2020,0x2020,0x2020,0x2020,0x2020,0x2020,0x2020,
	0x2020,0x2020,0x2020,0x2020,0x2020,0x2020,0x2020,0x2020,
	0x2020,0x2020,0x2020,0x2020,0x2020,0x2020,0x2020,0x2020,
	0x2020,0x2020,0x2020,0x2020,0x2020,0x2020,0x2020,0x2020,
	0x2020,0x2020,0x2020,0x2020,0x2020,0x2020,0x2020,0x2020,

	0x2020,0x2020,0x2020,0x2020,0x2020,0x2020,0x2020,0x2020,
	0x2020,0x2020,0x2020,0x2020,0x2020,0x2020,0x2020,0x2020,
	0x2020,0x2020,0x2020,0x2020,0x2020,0x2020,0x2020,0x2020,
	0x2020,0x2020,0x2020,0x2020,0x2020,0x2020,0x2020,0x2020,
	0x2020,0x2020,0x2020,0x2020,0x2020,0x2020,0x2020,0x2020,
	0x2020,0x2020,0x2020,0x2020,0x2020,0x2020,0x2020,0x2020,
	0x2020,0x2020,0x2020,0x2020,0x2020,0x2020,0x2020,0x2020,
	0x2020,0x2020,0x2020,0x2020,0x2020,0x2020,0x2020,0x2020,

	0x2020,0x2020,0x2020,0x2020,0x2020,0x2020,0x2020,0x2020,
	0x2020,0x2020,0x2020,0x2020,0x2020,0x2020,0x2020,0x2020,
	0x2020,0x2020,0x2020,0x2020,0x2020,0x2020,0x2020,0x2020,
	0x2020,0x2020,0x2020,0x2020,0x2020,0x2020,0x2020,0x2020,
	0x2020,0x2020,0x2020,0x2020,0x2020,0x2020,0x2020,0x2020,
	0x2020,0x2020,0x2020,0x2020,0x2020,0x2020,0x2020,0x2020,
	0x2020,0x2020,0x2020,0x2020,0x2020,0x2020,0x2020,0x2020,
	0x2020,0x2020,0x2020,0x2020,0x2020,0x2020,0x2020,0x2020,

	0x2020,0x2020,0x2020,0x2020,0x2020,0x2020,0x2020,0x2020,
	0x2020,0x2020,0x2020,0x2020,0x2020,0x2020,0x2020,0x2020,
	0x2020,0x2020,0x2020,0x2020,0x2020,0x2020,0x2020,0x2020,
	0x2020,0x2020,0x2020,0x2020,0x2020,0x2020,0x2020,0x2020,
	0x2020,0x2020,0x2B20,0x2020,0x2020,0x2020,0x2B20,0x2020,
	0x2020,0x2020,0x2020,0x2020,0x2020,0x2020,0x2020,0x2020,
	0x2020,0x2020,0x2020,0x2020,0x2020,0x2020,0x2020,0x2020,
	0x2020,0x2020,0x2020,0x2020,0x2020,0x2020,0x2020,0x2020,

	0x2020,0x2020,0x2020,0x2020,0x2020,0x2020,0x2020,0x2020,
	0x2020,0x2020,0x2020,0x2020,0x2020,0x2020,0x2020,0x2020,
	0x2020,0x2020,0x2020,0x2020,0x2020,0x2020,0x2020,0x2020,
	0x2020,0x2020,0x2020,0x2020,0x2020,0x2020,0x2020,0x2020,
	0x2020,0x2020,0x2020,0x2020,0x2020,0x2020,0x2020,0x2020,
	0x2020,0x2020,0x2020,0x2020,0x2020,0x2020,0x2020,0x2020,
	0x2020,0x2020,0x2020,0x2020,0x2020,0x2020,0x2020,0x2020,
	0x2020,0x2020,0x2020,0x2020,0x2020,0x2020,0x2020,0x2020,

	0x2020,0x2020,0x2020,0x2020,0x2020,0x2020,0x2020,0x2020,
	0x2020,0x2020,0x2020,0x2020,0x2020,0x2020,0x2020,0x2020,
	0x2020,0x2020,0x2020,0x2020,0x2020,0x2020,0x2020,0x2020,
	0x2020,0x2020,0x2020,0x2020,0x2020,0x2020,0x2020,0x2020,
	0x2020,0x2020,0x2020,0x2020,0x2020,0x2020,0x2020,0x2020,
	0x2020,0x2020,0x2020,0x2020,0x2020,0x2020,0x2020,0x2020,
	0x2020,0x2020,0x2020,0x2020,0x2020,0x2020,0x2020,0x2020,
	0x2020,0x2020,0x2020,0x2020,0x2020,0x2020,0x2020,0x2020,

	0x2020,0x2020,0x2020,0x2020,0x2020,0x2020,0x2020,0x2020,
	0x2020,0x2020,0x2020,0x2020,0x2020,0x2020,0x2020,0x2020,
	0x2020,0x2020,0x2020,0x2020,0x2020,0x2020,0x2020,0x2020,
	0x2020,0x2020,0x2020,0x2020,0x2020,0x2020,0x2020,0x2020,
	0x2020,0x2020,0x2020,0x2020,0x2020,0x2020,0x2020,0x2020,
	0x2020,0x2020,0x2020,0x2020,0x2020,0x2020,0x2020,0x2020,
	0x2020,0x2020,0x2020,0x2020,0x2020,0x2020,0x2020,0x2020,
	0x2020,0x2020,0x2020,0x2020,0x2020,0x2020,0x2020,0x2020,

	0x2020,0x2020,0x2020,0x2020,0x2020,0x2020,0x2020,0x2020,
	0x2020,0x2020,0x2020,0x2020,0x2020,0x2020,0x2020,0x2020,
	0x2020,0x2020,0x2020,0x2020,0x2020,0x2020,0x2020,0x2020,
	0x2020,0x2020,0x2020,0x2020,0x2020,0x2020,0x2020,0x2020,
	0x2020,0x2020,0x2C20,0x2226,0x2020,0x2020,0x2C20,0x222C,
	0x2020,0x2020,0x2C20,0x262C,0x2020,0x2020,0x2020,0x2420,
	0x2020,0x2020,0x2020,0x2020,0x2020,0x2020,0x2020,0x2020,
	0x2020,0x2020,0x2020,0x2020,0x2020,0x2020,0x2020,0x2020,

	0x2424,0x2424,0x2424,0x2424,0x2424,0x2424,0x2424,0x2424,
	0x2424,0x2424,0x2424,0x2424,0x2E2E,0x242E,0x2424,0x2424,
	0x2C2C,0x2E22,0x2424,0x2424,0x2C2C,0x2E22,0x2424,0x2424,
	0x2020,0x2E24,0x2E2E,0x222E,0x2020,0x2224,0x2C26,0x2C2C,
	0x2424,0x2424,0x2424,0x2424,0x2424,0x2424,0x2424,0x2424,
	0x2424,0x2424,0x2424,0x2424,0x2424,0x2424,0x2424,0x2424,
	0x2424,0x2424,0x2424,0x2424,0x2424,0x2424,0x2424,0x2424,
	0x2E22,0x2424,0x2424,0x2424,0x2E26,0x2E2E,0x2E2E,0x222E,

	0x2424,0x2424,0x2424,0x2424,0x2424,0x2424,0x2424,0x2424,
	0x2424,0x2424,0x2424,0x2424,0x2424,0x2424,0x2424,0x2E24,
	0x2424,0x2424,0x2E24,0x222E,0x2424,0x2424,0x2622,0x2C26,
	0x2424,0x222E,0x2C2C,0x2C2C,0x2626,0x2C2C,0x2C2C,0x2C2C,
	0x2424,0x2B29,0x2C27,0x202C,0x2E24,0x2B2B,0x2C2C,0x202C,
	0x2322,0x2C2B,0x2C2C,0x202C,0x2C2C,0x2C2C,0x2021,0x2020,
	0x2C2C,0x2C2C,0x202C,0x2020,0x2C2C,0x2C2C,0x202C,0x2020,
	0x2C2C,0x2020,0x2020,0x2020,0x2C2C,0x2020,0x2020,0x2020,

	0x2020,0x2020,0x2020,0x2020,0x2020,0x2020,0x2020,0x2020,
	0x2020,0x2020,0x2020,0x2020,0x2020,0x2020,0x2020,0x2020,
	0x2020,0x2020,0x2020,0x2020,0x2020,0x2020,0x2020,0x2020,
	0x2020,0x2020,0x2020,0x2020,0x2020,0x2020,0x2020,0x2020,
	0x2020,0x2020,0x2020,0x2020,0x2020,0x2020,0x2020,0x2020,
	0x2020,0x2020,0x2020,0x2020,0x2020,0x2020,0x2020,0x2020,
	0x2020,0x2020,0x2020,0x2020,0x2020,0x2020,0x2020,0x2020,
	0x2020,0x2020,0x2020,0x2020,0x2020,0x2020,0x2020,0x2020,

	0x2020,0x2020,0x2020,0x2020,0x2020,0x2020,0x2020,0x2020,
	0x2020,0x2020,0x2020,0x2020,0x2020,0x2020,0x2020,0x2020,
	0x2020,0x2020,0x2020,0x2020,0x2020,0x2020,0x2020,0x2020,
	0x2020,0x2020,0x2020,0x2020,0x2020,0x2020,0x2020,0x2020,
	0x2020,0x2020,0x2020,0x2020,0x2020,0x2020,0x2020,0x2020,
	0x2020,0x2020,0x2020,0x2020,0x2020,0x2020,0x2020,0x2020,
	0x2020,0x2020,0x2020,0x2020,0x2020,0x2020,0x2020,0x2020,
	0x2020,0x2020,0x2020,0x2020,0x2020,0x2020,0x2020,0x2020,

	0x2020,0x2020,0x2020,0x2020,0x2020,0x2020,0x2020,0x2020,
	0x2020,0x2020,0x2020,0x2020,0x2020,0x2020,0x2020,0x2020,
	0x2020,0x2020,0x2020,0x2020,0x2020,0x2020,0x2020,0x2020,
	0x2020,0x2020,0x2020,0x2020,0x2020,0x2020,0x2020,0x2020,
	0x2020,0x2020,0x2020,0x2020,0x2020,0x2020,0x2020,0x2020,
	0x2020,0x2020,0x2020,0x2020,0x2020,0x2020,0x2020,0x2020,
	0x2020,0x2020,0x2020,0x2020,0x2020,0x2020,0x2020,0x2020,
	0x2020,0x2020,0x2020,0x2020,0x2020,0x2020,0x2020,0x2020,

	0x2020,0x2020,0x2020,0x2020,0x2020,0x2020,0x2020,0x2020,
	0x2020,0x2020,0x2020,0x2020,0x2020,0x2020,0x2020,0x2020,
	0x2020,0x2020,0x2020,0x2020,0x2020,0x2020,0x2020,0x2020,
	0x2020,0x2020,0x2020,0x2020,0x2020,0x2020,0x2020,0x2020,
	0x2020,0x2020,0x2020,0x2020,0x2020,0x2020,0x2020,0x2020,
	0x2020,0x2020,0x2020,0x2020,0x2020,0x2020,0x2020,0x2020,
	0x2020,0x2020,0x2020,0x2020,0x2020,0x2020,0x2020,0x2020,
	0x2020,0x2020,0x2020,0x2020,0x2020,0x2020,0x2020,0x2020,

	0x2020,0x2020,0x2020,0x2020,0x2020,0x2020,0x2020,0x2020,
	0x2020,0x2020,0x2020,0x2020,0x2020,0x2020,0x2020,0x2020,
	0x2020,0x2020,0x2020,0x2020,0x2020,0x2020,0x2020,0x2020,
	0x2020,0x2020,0x2020,0x2020,0x2020,0x2020,0x2020,0x2020,
	0x2020,0x2020,0x2020,0x2020,0x2020,0x2020,0x2020,0x2020,
	0x2020,0x2020,0x2020,0x2020,0x2020,0x2020,0x2020,0x2020,
	0x2020,0x2020,0x2020,0x2020,0x2020,0x2020,0x2020,0x2020,
	0x2020,0x2020,0x2020,0x2020,0x2020,0x2020,0x2020,0x2020,

	0x2020,0x2020,0x2020,0x2020,0x2020,0x2020,0x2020,0x2020,
	0x2020,0x2020,0x2020,0x2020,0x2020,0x2020,0x2020,0x2020,
	0x2020,0x2020,0x2020,0x2020,0x2020,0x2020,0x2020,0x2020,
	0x2020,0x2020,0x2020,0x2020,0x2020,0x2020,0x2020,0x2020,
	0x2020,0x2020,0x2020,0x2020,0x2020,0x2020,0x2020,0x2020,
	0x2020,0x2020,0x2020,0x2020,0x2020,0x2020,0x2020,0x2020,
	0x2020,0x2020,0x2020,0x2020,0x2020,0x2020,0x2020,0x2020,
	0x2020,0x2020,0x2020,0x2020,0x2020,0x2020,0x2020,0x2020,

	0x2020,0x2020,0x2020,0x2020,0x2020,0x2020,0x2020,0x2020,
	0x2020,0x2020,0x2020,0x2020,0x2020,0x2020,0x2020,0x2020,
	0x2020,0x2020,0x2020,0x2020,0x2020,0x2020,0x2020,0x2020,
	0x2020,0x2020,0x2020,0x2020,0x2020,0x2020,0x2020,0x2020,
	0x2020,0x2020,0x2020,0x2020,0x2020,0x2020,0x2020,0x2020,
	0x2020,0x2020,0x2020,0x2020,0x2020,0x2020,0x2020,0x2020,
	0x2020,0x2020,0x2020,0x2020,0x2020,0x2020,0x2020,0x2020,
	0x2020,0x2020,0x2020,0x2020,0x2020,0x2020,0x2020,0x2020,

	0x2020,0x2020,0x2020,0x2020,0x2020,0x2020,0x2020,0x2020,
	0x2020,0x2020,0x2020,0x2020,0x2020,0x2020,0x2020,0x2020,
	0x2020,0x2020,0x2020,0x2020,0x2020,0x2020,0x2020,0x2020,
	0x2020,0x2020,0x2020,0x2020,0x2020,0x2020,0x2020,0x2020,
	0x2020,0x2020,0x2020,0x2020,0x2020,0x2020,0x2020,0x2020,
	0x2020,0x2020,0x2020,0x2020,0x2020,0x2020,0x2020,0x2020,
	0x2020,0x2020,0x2020,0x2020,0x2020,0x2020,0x2020,0x2020,
	0x2020,0x2020,0x2020,0x2020,0x2020,0x2020,0x2020,0x2020,

	0x2020,0x2020,0x2020,0x2020,0x2020,0x2020,0x2020,0x2020,
	0x2020,0x2020,0x2020,0x2020,0x2020,0x2020,0x2020,0x2020,
	0x2020,0x2020,0x2020,0x2020,0x2020,0x2020,0x2020,0x2020,
	0x2020,0x2020,0x2020,0x2020,0x2020,0x2020,0x2020,0x2020,
	0x2020,0x2020,0x2020,0x2020,0x2020,0x2020,0x2020,0x2020,
	0x2020,0x2020,0x2020,0x2020,0x2020,0x2020,0x2020,0x2020,
	0x2020,0x2020,0x2020,0x2020,0x2020,0x2020,0x2020,0x2020,
	0x2020,0x2020,0x2020,0x2020,0x2020,0x2020,0x2020,0x2020,

	0x2020,0x2020,0x2020,0x2020,0x2020,0x2020,0x2020,0x2020,
	0x2020,0x2020,0x2020,0x2020,0x2020,0x2020,0x2020,0x2020,
	0x2020,0x2020,0x2020,0x2020,0x2020,0x2020,0x2020,0x2020,
	0x2020,0x2020,0x2020,0x2020,0x2020,0x2020,0x2020,0x2020,
	0x2020,0x2020,0x2020,0x2020,0x2020,0x2020,0x2020,0x2020,
	0x2020,0x2020,0x2020,0x2020,0x2020,0x2020,0x2020,0x2020,
	0x2020,0x2020,0x2020,0x2020,0x2020,0x2020,0x2020,0x2020,
	0x2020,0x2020,0x2020,0x2020,0x2020,0x2020,0x2020,0x2020,

	0x2020,0x2020,0x2020,0x2020,0x2020,0x2020,0x2020,0x2020,
	0x2020,0x2020,0x2020,0x2020,0x2020,0x2020,0x2020,0x2020,
	0x2020,0x2020,0x2020,0x2020,0x2020,0x2020,0x2020,0x2020,
	0x2020,0x2020,0x2020,0x2020,0x2020,0x2020,0x2020,0x2020,
	0x2020,0x2020,0x2020,0x2020,0x2020,0x2020,0x2020,0x2020,
	0x2020,0x2020,0x2020,0x2020,0x2020,0x2020,0x2020,0x2020,
	0x2020,0x2020,0x2020,0x2020,0x2020,0x2020,0x2020,0x2020,
	0x2020,0x2020,0x2020,0x2020,0x2020,0x2020,0x2020,0x2020,

	0x2020,0x2020,0x2020,0x2020,0x2020,0x2020,0x2020,0x2020,
	0x2020,0x2020,0x2020,0x2020,0x2020,0x2020,0x2020,0x2020,
	0x2020,0x2020,0x2020,0x2020,0x2020,0x2020,0x2020,0x2020,
	0x2020,0x2020,0x2020,0x2020,0x2020,0x2020,0x2020,0x2020,
	0x2020,0x2020,0x2020,0x2020,0x2020,0x2020,0x2020,0x2020,
	0x2020,0x2020,0x2020,0x2020,0x2020,0x2020,0x2020,0x2020,
	0x2020,0x2020,0x2020,0x2020,0x2020,0x2020,0x2020,0x2020,
	0x2020,0x2020,0x2020,0x2020,0x2020,0x2020,0x2020,0x2020,

	0x2020,0x2020,0x2020,0x2020,0x2020,0x2020,0x2020,0x2020,
	0x2020,0x2020,0x2020,0x2020,0x2020,0x2020,0x2020,0x2020,
	0x2020,0x2020,0x2020,0x2020,0x2020,0x2020,0x2020,0x2020,
	0x2020,0x2020,0x2020,0x2020,0x2020,0x2020,0x2020,0x2020,
	0x2020,0x2020,0x2020,0x2020,0x2020,0x2020,0x2020,0x2020,
	0x2020,0x2020,0x2020,0x2020,0x2020,0x2020,0x2020,0x2020,
	0x2020,0x2020,0x2020,0x2020,0x2020,0x2020,0x2020,0x2020,
	0x2020,0x2020,0x2020,0x2020,0x2020,0x2020,0x2020,0x2020,

	0x2020,0x2020,0x2020,0x2020,0x2020,0x2020,0x2020,0x2020,
	0x2020,0x2020,0x2020,0x2020,0x2020,0x2020,0x2020,0x2020,
	0x2020,0x2020,0x2020,0x2020,0x2020,0x2020,0x2020,0x2020,
	0x2020,0x2020,0x2020,0x2020,0x2020,0x2020,0x2020,0x2020,
	0x2020,0x2020,0x2020,0x2020,0x2020,0x2020,0x2020,0x2020,
	0x2020,0x2020,0x2020,0x2020,0x2020,0x2020,0x2020,0x2020,
	0x2020,0x2020,0x2020,0x2020,0x2020,0x2020,0x2020,0x2020,
	0x2020,0x2020,0x2020,0x2020,0x2020,0x2020,0x2020,0x2020,

	0x2020,0x2020,0x2020,0x2020,0x2020,0x2020,0x2020,0x2020,
	0x2020,0x2020,0x2020,0x2020,0x2020,0x2020,0x2020,0x2020,
	0x2020,0x2020,0x2020,0x2020,0x2020,0x2020,0x2020,0x2020,
	0x2020,0x2020,0x2020,0x2020,0x2020,0x2020,0x2020,0x2020,
	0x2020,0x2020,0x2020,0x2020,0x2020,0x2020,0x2020,0x2020,
	0x2020,0x2020,0x2020,0x2020,0x2020,0x2020,0x2020,0x2020,
	0x2020,0x2020,0x2020,0x2020,0x2020,0x2020,0x2020,0x2020,
	0x2020,0x2020,0x2020,0x2020,0x2020,0x2020,0x2020,0x2020,

	0x2020,0x2020,0x2020,0x2020,0x2020,0x2020,0x2020,0x2020,
	0x2020,0x2020,0x2020,0x2020,0x2020,0x2020,0x2020,0x2020,
	0x2020,0x2020,0x2020,0x2020,0x2020,0x2020,0x2020,0x2020,
	0x2020,0x2020,0x2020,0x2020,0x2020,0x2020,0x2020,0x2020,
	0x2020,0x2020,0x2020,0x2020,0x2020,0x2020,0x2020,0x2020,
	0x2020,0x2020,0x2020,0x2020,0x2020,0x2020,0x2020,0x2020,
	0x2020,0x2020,0x2020,0x2020,0x2020,0x2020,0x2020,0x2020,
	0x2020,0x2020,0x2020,0x2020,0x2020,0x2020,0x2020,0x2020,

	0x2020,0x2020,0x2020,0x2020,0x2020,0x2020,0x2020,0x2020,
	0x2020,0x2020,0x2020,0x2020,0x2020,0x2020,0x2020,0x2020,
	0x2020,0x2020,0x2020,0x2020,0x2020,0x2020,0x2020,0x2020,
	0x2020,0x2020,0x2020,0x2020,0x2020,0x2020,0x2020,0x2020,
	0x2020,0x2020,0x2020,0x2020,0x2020,0x2020,0x2020,0x2020,
	0x2020,0x2020,0x2020,0x2020,0x2020,0x2020,0x2020,0x2020,
	0x2020,0x2020,0x2020,0x2020,0x2020,0x2020,0x2020,0x2020,
	0x2020,0x2020,0x2020,0x2020,0x2020,0x2020,0x2020,0x2020,

	0x2020,0x2020,0x2020,0x2020,0x2020,0x2020,0x2020,0x2020,
	0x2020,0x2020,0x2020,0x2020,0x2020,0x2020,0x2020,0x2020,
	0x2020,0x2020,0x2020,0x2020,0x2020,0x2020,0x2020,0x2020,
	0x2020,0x2020,0x2020,0x2020,0x2020,0x2020,0x2020,0x2020,
	0x2020,0x2020,0x2020,0x2020,0x2020,0x2020,0x2020,0x2020,
	0x2020,0x2020,0x2020,0x2020,0x2020,0x2020,0x2020,0x2020,
	0x2020,0x2020,0x2020,0x2020,0x2020,0x2020,0x2020,0x2020,
	0x2020,0x2020,0x2020,0x2020,0x2020,0x2020,0x2020,0x2020,

	0x2020,0x2020,0x2020,0x2020,0x2020,0x2020,0x2020,0x2020,
	0x2020,0x2020,0x2020,0x2020,0x2020,0x2020,0x2020,0x2020,
	0x2020,0x2020,0x2020,0x2020,0x2020,0x2020,0x2020,0x2020,
	0x2020,0x2020,0x2020,0x2020,0x2020,0x2020,0x2020,0x2020,
	0x2020,0x2020,0x2020,0x2020,0x2020,0x2020,0x2020,0x2020,
	0x2020,0x2020,0x2020,0x2020,0x2020,0x2020,0x2020,0x2020,
	0x2020,0x2020,0x2020,0x2020,0x2020,0x2020,0x2020,0x2020,
	0x2020,0x2020,0x2020,0x2020,0x2020,0x2020,0x2020,0x2020,

	0x2020,0x2020,0x2020,0x2020,0x2020,0x2020,0x2020,0x2020,
	0x2020,0x2020,0x2020,0x2020,0x2020,0x2020,0x2020,0x2020,
	0x2020,0x2020,0x2020,0x2020,0x2020,0x2020,0x2020,0x2020,
	0x2020,0x2020,0x2020,0x2020,0x2020,0x2020,0x2020,0x2020,
	0x2020,0x2020,0x2020,0x2020,0x2020,0x2020,0x2020,0x2020,
	0x2020,0x2020,0x2020,0x2020,0x2020,0x2020,0x2020,0x2020,
	0x2020,0x2020,0x2020,0x2020,0x2020,0x2020,0x2020,0x2020,
	0x2020,0x2020,0x2020,0x2020,0x2020,0x2020,0x2020,0x2020,

	0x2020,0x2020,0x2020,0x2020,0x2020,0x2020,0x2020,0x2020,
	0x2020,0x2020,0x2020,0x2020,0x2020,0x2020,0x2020,0x2020,
	0x2020,0x2020,0x2020,0x2020,0x2020,0x2020,0x2020,0x2020,
	0x2020,0x2020,0x2020,0x2020,0x2020,0x2020,0x2020,0x2020,
	0x2020,0x2020,0x2020,0x2020,0x2020,0x2020,0x2020,0x2020,
	0x2020,0x2020,0x2020,0x2020,0x2020,0x2020,0x2020,0x2020,
	0x2020,0x2020,0x2020,0x2020,0x2020,0x2020,0x2020,0x2020,
	0x2020,0x2020,0x2020,0x2020,0x2020,0x2020,0x2020,0x2020,

	0x2020,0x2020,0x2020,0x2020,0x2020,0x2020,0x2020,0x2020,
	0x2020,0x2020,0x2020,0x2020,0x2020,0x2020,0x2020,0x2020,
	0x2020,0x2020,0x2020,0x2020,0x2020,0x2020,0x2020,0x2020,
	0x2020,0x2020,0x2020,0x2020,0x2020,0x2020,0x2020,0x2020,
	0x2020,0x2020,0x2020,0x2020,0x2020,0x2020,0x2020,0x2020,
	0x2020,0x2020,0x2020,0x2020,0x2020,0x2020,0x2020,0x2020,
	0x2020,0x2020,0x2020,0x2020,0x2020,0x2020,0x2020,0x2020,
	0x2020,0x2020,0x2020,0x2020,0x2020,0x2020,0x2020,0x2020,

	0x2020,0x2020,0x2020,0x2020,0x2020,0x2020,0x2020,0x2020,
	0x2020,0x2020,0x2020,0x2020,0x2020,0x2020,0x2020,0x2020,
	0x2020,0x2020,0x2020,0x2020,0x2020,0x2020,0x2020,0x2020,
	0x2020,0x2020,0x2020,0x2020,0x2020,0x2020,0x2020,0x2020,
	0x2020,0x2020,0x2020,0x2020,0x2020,0x2020,0x2020,0x2020,
	0x2020,0x2020,0x2020,0x2020,0x2020,0x2020,0x2020,0x2020,
	0x2020,0x2020,0x2020,0x2020,0x2020,0x2020,0x2020,0x2020,
	0x2020,0x2020,0x2020,0x2020,0x2020,0x2020,0x2020,0x2020,

	0x2020,0x2020,0x2020,0x2020,0x2020,0x2020,0x2020,0x2020,
	0x2020,0x2020,0x2020,0x2020,0x2020,0x2020,0x2020,0x2020,
	0x2020,0x2020,0x2020,0x2020,0x2020,0x2020,0x2020,0x2020,
	0x2020,0x2020,0x2020,0x2020,0x2020,0x2020,0x2020,0x2020,
	0x2020,0x2020,0x2020,0x2020,0x2020,0x2020,0x2020,0x2020,
	0x2020,0x2020,0x2020,0x2020,0x2020,0x2020,0x2020,0x2020,
	0x2020,0x2020,0x2020,0x2020,0x2020,0x2020,0x2020,0x2020,
	0x2020,0x2020,0x2020,0x2020,0x2020,0x2020,0x2020,0x2020,

	0x2020,0x2020,0x2020,0x2020,0x2020,0x2020,0x2020,0x2020,
	0x2020,0x2020,0x2020,0x2020,0x2020,0x2020,0x2020,0x2020,
	0x2020,0x2020,0x2020,0x2020,0x2020,0x2020,0x2020,0x2020,
	0x2020,0x2020,0x2020,0x2020,0x2020,0x2020,0x2020,0x2020,
	0x2020,0x2020,0x2020,0x2020,0x2020,0x2020,0x2020,0x2020,
	0x2020,0x2020,0x2020,0x2020,0x2020,0x2020,0x2020,0x2020,
	0x2020,0x2020,0x2020,0x2020,0x2020,0x2020,0x2020,0x2020,
	0x2020,0x2020,0x2020,0x2020,0x2020,0x2020,0x2020,0x2020,

	0x2020,0x2020,0x2020,0x2020,0x2020,0x2020,0x2020,0x2020,
	0x2020,0x2020,0x2020,0x2020,0x2020,0x2020,0x2020,0x2020,
	0x2020,0x2020,0x2020,0x2020,0x2020,0x2020,0x2020,0x2020,
	0x2020,0x2020,0x2020,0x2020,0x2020,0x2020,0x2020,0x2020,
	0x2020,0x2020,0x2020,0x2020,0x2020,0x2020,0x2020,0x2020,
	0x2020,0x2020,0x2020,0x2020,0x2020,0x2020,0x2020,0x2020,
	0x2020,0x2020,0x2020,0x2020,0x2020,0x2020,0x2020,0x2020,
	0x2020,0x2020,0x2020,0x2020,0x2020,0x2020,0x2020,0x2020,

	0x2020,0x2020,0x2020,0x2020,0x2020,0x2020,0x2020,0x2020,
	0x2020,0x2020,0x2020,0x2020,0x2020,0x2020,0x2020,0x2020,
	0x2020,0x2020,0x2020,0x2020,0x2020,0x2020,0x2020,0x2020,
	0x2020,0x2020,0x2020,0x2020,0x2020,0x2020,0x2020,0x2020,
	0x2020,0x2020,0x2020,0x2020,0x2020,0x2020,0x2020,0x2020,
	0x2020,0x2020,0x2020,0x2020,0x2020,0x2020,0x2020,0x2020,
	0x2020,0x2020,0x2020,0x2020,0x2020,0x2020,0x2020,0x2020,
	0x2020,0x2020,0x2020,0x2020,0x2020,0x2020,0x2020,0x2020,

	0x2020,0x2020,0x2020,0x2020,0x2020,0x2020,0x2020,0x2020,
	0x2020,0x2020,0x2020,0x2020,0x2020,0x2020,0x2020,0x2020,
	0x2020,0x2020,0x2020,0x2020,0x2020,0x2020,0x2020,0x2020,
	0x2020,0x2020,0x2020,0x2020,0x2020,0x2020,0x2020,0x2020,
	0x2020,0x2020,0x2020,0x2020,0x2020,0x2020,0x2020,0x2020,
	0x2020,0x2020,0x2020,0x2020,0x2020,0x2020,0x2020,0x2020,
	0x2020,0x2020,0x2020,0x2020,0x2020,0x2020,0x2020,0x2020,
	0x2020,0x2020,0x2020,0x2020,0x2020,0x2020,0x2020,0x2020,

	0x2020,0x2020,0x2020,0x2020,0x2020,0x2020,0x2020,0x2020,
	0x2020,0x2020,0x2020,0x2020,0x2020,0x2020,0x2020,0x2020,
	0x2020,0x2020,0x2020,0x2020,0x2020,0x2020,0x2020,0x2020,
	0x2020,0x2020,0x2020,0x2020,0x2020,0x2020,0x2020,0x2020,
	0x2020,0x2020,0x2020,0x2020,0x2020,0x2020,0x2020,0x2020,
	0x2020,0x2020,0x2020,0x2020,0x2020,0x2020,0x2020,0x2020,
	0x2020,0x2020,0x2020,0x2020,0x2020,0x2020,0x2020,0x2020,
	0x2020,0x2020,0x2020,0x2020,0x2020,0x2020,0x2020,0x2020,

	0x2020,0x2020,0x2020,0x2020,0x2020,0x2020,0x2020,0x2020,
	0x2020,0x2020,0x2020,0x2020,0x2020,0x2020,0x2020,0x2020,
	0x2020,0x2020,0x2020,0x2020,0x2020,0x2020,0x2020,0x2020,
	0x2020,0x2020,0x2020,0x2020,0x2020,0x2020,0x2020,0x2020,
	0x2020,0x2020,0x2020,0x2020,0x2020,0x2020,0x2020,0x2020,
	0x2020,0x2020,0x2020,0x2020,0x2020,0x2020,0x2020,0x2020,
	0x2020,0x2020,0x2020,0x2020,0x2020,0x2020,0x2020,0x2020,
	0x2020,0x2020,0x2020,0x2020,0x2020,0x2020,0x2020,0x2020,

	0x2020,0x2020,0x2C20,0x2C2C,0x2020,0x2020,0x2020,0x2C2C,
	0x2020,0x2020,0x2020,0x2020,0x2020,0x2020,0x2020,0x2020,
	0x2020,0x2020,0x2020,0x2020,0x2020,0x2020,0x2020,0x2020,
	0x2020,0x2020,0x2020,0x2020,0x2020,0x2020,0x2020,0x2020,
	0x2226,0x2222,0x2626,0x2C2C,0x2C28,0x2C2C,0x2C2C,0x2C2C,
	0x2C20,0x2C2C,0x2C2C,0x2C2C,0x2020,0x2020,0x2020,0x2020,
	0x2020,0x2020,0x2020,0x2020,0x2020,0x2020,0x2020,0x2020,
	0x2020,0x2020,0x2020,0x2020,0x2020,0x2020,0x2020,0x2020,

	0x2C2C,0x2C2C,0x2C2C,0x2C2C,0x2C2C,0x2C2C,0x2C2C,0x2020,
	0x2C2C,0x2C2C,0x2C2C,0x2020,0x2020,0x2020,0x2020,0x2020,
	0x2020,0x2020,0x2020,0x2020,0x2020,0x2020,0x2020,0x2020,
	0x2020,0x2020,0x2020,0x2020,0x2020,0x2020,0x2020,0x2020,
	0x2C2C,0x2020,0x2020,0x2020,0x2020,0x2020,0x2020,0x2020,
	0x2020,0x2020,0x2020,0x2020,0x2020,0x2020,0x2020,0x2020,
	0x2020,0x2020,0x2020,0x2020,0x2020,0x2020,0x2020,0x2020,
	0x2020,0x2020,0x2020,0x2020,0x2020,0x2020,0x2020,0x2020,

	0x2020,0x2020,0x2020,0x2020,0x2020,0x2020,0x2020,0x2020,
	0x2020,0x2020,0x2020,0x2020,0x2020,0x2020,0x2020,0x2020,
	0x2020,0x2020,0x2020,0x2020,0x2020,0x2020,0x2020,0x2020,
	0x2020,0x2020,0x2020,0x2020,0x2020,0x2020,0x2020,0x2020,
	0x2020,0x2020,0x2020,0x2020,0x2020,0x2020,0x2020,0x2020,
	0x2020,0x2020,0x2020,0x2020,0x2020,0x2020,0x2020,0x2020,
	0x2020,0x2020,0x2020,0x2020,0x2020,0x2020,0x2020,0x2020,
	0x2020,0x2020,0x2020,0x2020,0x2020,0x2020,0x2020,0x2020,

	0x2020,0x2020,0x2020,0x2020,0x2020,0x2020,0x2020,0x2020,
	0x2020,0x2020,0x2020,0x2020,0x2020,0x2020,0x2020,0x2020,
	0x2020,0x2020,0x2020,0x2020,0x2020,0x2020,0x2020,0x2020,
	0x2020,0x2020,0x2020,0x2020,0x2020,0x2020,0x2020,0x2020,
	0x2020,0x2020,0x2020,0x2020,0x2020,0x2020,0x2020,0x2020,
	0x2020,0x2020,0x2020,0x2020,0x2020,0x2020,0x2020,0x2020,
	0x2020,0x2020,0x2020,0x2020,0x2020,0x2020,0x2020,0x2020,
	0x2020,0x2020,0x2020,0x2020,0x2020,0x2020,0x2020,0x2020,

	0x2020,0x2020,0x2020,0x2020,0x2020,0x2020,0x2020,0x2020,
	0x2020,0x2020,0x2020,0x2020,0x2020,0x2020,0x2020,0x2020,
	0x2020,0x2020,0x2020,0x2020,0x2020,0x2020,0x2020,0x2020,
	0x2020,0x2020,0x2020,0x2020,0x2020,0x2020,0x2020,0x2020,
	0x2020,0x2020,0x2020,0x2020,0x2020,0x2020,0x2020,0x2020,
	0x2020,0x2020,0x2020,0x2020,0x2020,0x2020,0x2020,0x2020,
	0x2020,0x2020,0x2020,0x2020,0x2020,0x2020,0x2020,0x2020,
	0x2020,0x2020,0x2020,0x2020,0x2020,0x2020,0x2020,0x2020,

	0x2020,0x2020,0x2020,0x2020,0x2020,0x2020,0x2020,0x2020,
	0x2020,0x2020,0x2020,0x2020,0x2020,0x2020,0x2020,0x2020,
	0x2020,0x2020,0x2020,0x2020,0x2020,0x2020,0x2020,0x2020,
	0x2020,0x2020,0x2020,0x2020,0x2020,0x2020,0x2020,0x2020,
	0x2020,0x2020,0x2020,0x2020,0x2020,0x2020,0x2020,0x2020,
	0x2020,0x2020,0x2020,0x2020,0x2020,0x2020,0x2020,0x2020,
	0x2020,0x2020,0x2020,0x2020,0x2020,0x2020,0x2020,0x2020,
	0x2020,0x2020,0x2020,0x2020,0x2020,0x2020,0x2020,0x2020,

	0x2020,0x2020,0x2020,0x2020,0x2020,0x2020,0x2020,0x2020,
	0x2020,0x2020,0x2020,0x2020,0x2020,0x2020,0x2020,0x2020,
	0x2020,0x2020,0x2020,0x2020,0x2020,0x2020,0x2020,0x2020,
	0x2020,0x2020,0x2020,0x2020,0x2020,0x2020,0x2020,0x2020,
	0x2020,0x2020,0x2020,0x2020,0x2020,0x2020,0x2020,0x2020,
	0x2020,0x2020,0x2020,0x2020,0x2020,0x2020,0x2020,0x2020,
	0x2020,0x2020,0x2020,0x2020,0x2020,0x2020,0x2020,0x2020,
	0x2020,0x2020,0x2020,0x2020,0x2020,0x2020,0x2020,0x2020,

	0x2020,0x2020,0x2020,0x2020,0x2020,0x2020,0x2020,0x2020,
	0x2020,0x2020,0x2020,0x2020,0x2020,0x2020,0x2020,0x2020,
	0x2020,0x2020,0x2020,0x2020,0x2020,0x2020,0x2020,0x2020,
	0x2020,0x2020,0x2020,0x2020,0x2020,0x2020,0x2020,0x2020,
	0x2020,0x2020,0x2020,0x2020,0x2020,0x2020,0x2020,0x2020,
	0x2020,0x2020,0x2020,0x2020,0x2020,0x2020,0x2020,0x2020,
	0x2020,0x2020,0x2020,0x2020,0x2020,0x2020,0x2020,0x2020,
	0x2020,0x2020,0x2020,0x2020,0x2020,0x2020,0x2020,0x2020,

	0x2020,0x2020,0x2020,0x2020,0x2020,0x2020,0x2020,0x2020,
	0x2020,0x2020,0x2020,0x2020,0x2020,0x2020,0x2020,0x2020,
	0x2020,0x2020,0x2020,0x2020,0x2020,0x2020,0x2020,0x2020,
	0x2020,0x2020,0x2020,0x2020,0x2020,0x2020,0x2020,0x2020,
	0x2020,0x2020,0x2020,0x2020,0x2020,0x2020,0x2020,0x2020,
	0x2020,0x2020,0x2020,0x2020,0x2020,0x2020,0x2020,0x2020,
	0x2020,0x2020,0x2020,0x2020,0x2020,0x2020,0x2020,0x2020,
	0x2020,0x2020,0x2020,0x2020,0x2020,0x2020,0x2020,0x2020,

	0x2020,0x2020,0x2020,0x2020,0x2020,0x2020,0x2020,0x2020,
	0x2020,0x2020,0x2020,0x2020,0x2020,0x2020,0x2020,0x2020,
	0x2020,0x2020,0x2020,0x2020,0x2020,0x2020,0x2020,0x2020,
	0x2020,0x2020,0x2020,0x2020,0x2020,0x2020,0x2020,0x2020,
	0x2020,0x2020,0x2020,0x2020,0x2020,0x2020,0x2020,0x2020,
	0x2020,0x2020,0x2020,0x2020,0x2020,0x2020,0x2020,0x2020,
	0x2020,0x2020,0x2020,0x2020,0x2020,0x2020,0x2020,0x2020,
	0x2020,0x2020,0x2020,0x2020,0x2020,0x2020,0x2020,0x2020,

	0x2020,0x2020,0x2020,0x2020,0x2020,0x2020,0x2020,0x2020,
	0x2020,0x2020,0x2020,0x2020,0x2020,0x2020,0x2020,0x2020,
	0x2020,0x2020,0x2020,0x2020,0x2020,0x2020,0x2020,0x2020,
	0x2020,0x2020,0x2020,0x2020,0x2020,0x2020,0x2020,0x2020,
	0x2020,0x2020,0x2020,0x2020,0x2020,0x2020,0x2020,0x2020,
	0x2020,0x2020,0x2020,0x2020,0x2020,0x2020,0x2020,0x2020,
	0x2020,0x2020,0x2020,0x2020,0x2020,0x2020,0x2020,0x2020,
	0x2020,0x2020,0x2020,0x2020,0x2020,0x2020,0x2020,0x2020,

	0x2020,0x2020,0x2020,0x2020,0x2020,0x2020,0x2020,0x2020,
	0x2020,0x2020,0x2020,0x2020,0x2020,0x2020,0x2020,0x2020,
	0x2020,0x2020,0x2020,0x2020,0x2020,0x2020,0x2020,0x2020,
	0x2020,0x2020,0x2020,0x2020,0x2020,0x2020,0x2020,0x2020,
	0x2020,0x2020,0x2020,0x2020,0x2020,0x2020,0x2020,0x2020,
	0x2020,0x2020,0x2020,0x2020,0x2020,0x2020,0x2020,0x2020,
	0x2020,0x2020,0x2020,0x2020,0x2020,0x2020,0x2020,0x2020,
	0x2020,0x2020,0x2020,0x2020,0x2020,0x2020,0x2020,0x2020,

	0x2020,0x2020,0x2020,0x2020,0x2020,0x2020,0x2020,0x2020,
	0x2020,0x2020,0x2020,0x2020,0x2020,0x2020,0x2020,0x2020,
	0x2020,0x2020,0x2020,0x2020,0x2020,0x2020,0x2020,0x2020,
	0x2020,0x2020,0x2020,0x2020,0x2020,0x2020,0x2020,0x2020,
	0x2020,0x2020,0x2020,0x2020,0x2020,0x2020,0x2020,0x2020,
	0x2020,0x2020,0x2020,0x2020,0x2020,0x2020,0x2020,0x2020,
	0x2020,0x2020,0x2020,0x2020,0x2020,0x2020,0x2020,0x2020,
	0x2020,0x2020,0x2020,0x2020,0x2020,0x2020,0x2020,0x2020,

	0x2020,0x2020,0x2020,0x2020,0x2020,0x2020,0x2020,0x2020,
	0x2020,0x2020,0x2020,0x2020,0x2020,0x2020,0x2020,0x2020,
	0x2020,0x2020,0x2020,0x2020,0x2020,0x2020,0x2020,0x2020,
	0x2020,0x2020,0x2020,0x2020,0x2020,0x2020,0x2020,0x2020,
	0x2020,0x2020,0x2020,0x2020,0x2020,0x2020,0x2020,0x2020,
	0x2020,0x2020,0x2020,0x2020,0x2020,0x2020,0x2020,0x2020,
	0x2020,0x2020,0x2020,0x2020,0x2020,0x2020,0x2020,0x2020,
	0x2020,0x2020,0x2020,0x2020,0x2020,0x2020,0x2020,0x2020,

	0x2020,0x2020,0x2020,0x2020,0x2020,0x2020,0x2020,0x2020,
	0x2020,0x2020,0x2020,0x2020,0x2020,0x2020,0x2020,0x2020,
	0x2020,0x2020,0x2020,0x2020,0x2020,0x2020,0x2020,0x2020,
	0x2020,0x2020,0x2020,0x2020,0x2020,0x2020,0x2020,0x2020,
	0x2020,0x2020,0x2020,0x2020,0x2020,0x2020,0x2020,0x2020,
	0x2020,0x2020,0x2020,0x2020,0x2020,0x2020,0x2020,0x2020,
	0x2020,0x2020,0x2020,0x2020,0x2020,0x2020,0x2020,0x2020,
	0x2020,0x2020,0x2020,0x2020,0x2020,0x2020,0x2020,0x2020,

	0x2020,0x2020,0x2020,0x2020,0x2020,0x2020,0x2020,0x2020,
	0x2020,0x2020,0x2020,0x2020,0x2020,0x2020,0x2020,0x2020,
	0x2020,0x2020,0x2020,0x2020,0x2020,0x2020,0x2020,0x2020,
	0x2020,0x2020,0x2020,0x2020,0x2020,0x2020,0x2020,0x2020,
	0x2020,0x2020,0x2020,0x2020,0x2020,0x2020,0x2020,0x2020,
	0x2020,0x2020,0x2020,0x2020,0x2020,0x2020,0x2020,0x2020,
	0x2020,0x2020,0x2020,0x2020,0x2020,0x2020,0x2020,0x2020,
	0x2020,0x2020,0x2020,0x2020,0x2020,0x2020,0x2020,0x2020,

	0x2020,0x2020,0x2020,0x2020,0x2020,0x2020,0x2020,0x2020,
	0x2020,0x2020,0x2020,0x2020,0x2020,0x2020,0x2020,0x2020,
	0x2020,0x2020,0x2020,0x2020,0x2020,0x2020,0x2020,0x2020,
	0x2020,0x2020,0x2020,0x2020,0x2020,0x2020,0x2020,0x2020,
	0x2020,0x2020,0x2020,0x2020,0x2020,0x2020,0x2020,0x2020,
	0x2020,0x2020,0x2020,0x2020,0x2020,0x2020,0x2020,0x2020,
	0x2020,0x2020,0x2020,0x2020,0x2020,0x2020,0x2020,0x2020,
	0x2020,0x2020,0x2020,0x2020,0x2020,0x2020,0x2020,0x2020,

	0x2020,0x2020,0x2020,0x2020,0x2020,0x2020,0x2020,0x2020,
	0x2020,0x2020,0x2020,0x2020,0x2020,0x2020,0x2020,0x2020,
	0x2020,0x2020,0x2020,0x2020,0x2020,0x2020,0x2020,0x2020,
	0x2020,0x2020,0x2020,0x2020,0x2020,0x2020,0x2020,0x2020,
	0x2020,0x2020,0x2020,0x2020,0x2020,0x2020,0x2020,0x2020,
	0x2020,0x2020,0x2020,0x2020,0x2020,0x2020,0x2020,0x2020,
	0x2020,0x2020,0x2020,0x2020,0x2020,0x2020,0x2020,0x2020,
	0x2020,0x2020,0x2020,0x2020,0x2020,0x2020,0x2020,0x2020,

	0x2020,0x2020,0x2020,0x2020,0x2020,0x2020,0x2020,0x2020,
	0x2020,0x2020,0x2020,0x2020,0x2020,0x2020,0x2020,0x2020,
	0x2020,0x2020,0x2020,0x2020,0x2020,0x2020,0x2020,0x2020,
	0x2020,0x2020,0x2020,0x2020,0x2020,0x2020,0x2020,0x2020,
	0x2020,0x2020,0x2020,0x2020,0x2020,0x2020,0x2020,0x2020,
	0x2020,0x2020,0x2020,0x2020,0x2020,0x2020,0x2020,0x2020,
	0x2020,0x2020,0x2020,0x2020,0x2020,0x2020,0x2020,0x2020,
	0x2020,0x2020,0x2020,0x2020,0x2020,0x2020,0x2020,0x2020,

	0x2020,0x2020,0x2020,0x2020,0x2020,0x2020,0x2020,0x2020,
	0x2020,0x2020,0x2020,0x2020,0x2020,0x2020,0x2020,0x2020,
	0x2020,0x2020,0x2020,0x2020,0x2020,0x2020,0x2020,0x2020,
	0x2020,0x2020,0x2020,0x2020,0x2020,0x2020,0x2020,0x2020,
	0x2020,0x2020,0x2020,0x2020,0x2020,0x2020,0x2020,0x2020,
	0x2020,0x2020,0x2020,0x2020,0x2020,0x2020,0x2020,0x2020,
	0x2020,0x2020,0x2020,0x2020,0x2020,0x2020,0x2020,0x2020,
	0x2020,0x2020,0x2020,0x2020,0x2020,0x2020,0x2020,0x2020,

	0x2020,0x2020,0x2020,0x2020,0x2020,0x2020,0x2020,0x2020,
	0x2020,0x2020,0x2020,0x2020,0x2020,0x2020,0x2020,0x2020,
	0x2020,0x2020,0x2020,0x2020,0x2020,0x2020,0x2020,0x2020,
	0x2020,0x2020,0x2020,0x2020,0x2020,0x2020,0x2020,0x2020,
	0x2020,0x2020,0x2020,0x2020,0x2020,0x2020,0x2020,0x2020,
	0x2020,0x2020,0x2020,0x2020,0x2020,0x2020,0x2020,0x2020,
	0x2020,0x2020,0x2020,0x2020,0x2020,0x2020,0x2020,0x2020,
	0x2020,0x2020,0x2020,0x2020,0x2020,0x2020,0x2020,0x2020,

	0x2020,0x2020,0x2020,0x2020,0x2020,0x2020,0x2020,0x2020,
	0x2020,0x2020,0x2020,0x2020,0x2020,0x2020,0x2020,0x2020,
	0x2020,0x2020,0x2020,0x2020,0x2020,0x2020,0x2020,0x2020,
	0x2020,0x2020,0x2020,0x2020,0x2020,0x2020,0x2020,0x2020,
	0x2020,0x2020,0x2020,0x2020,0x2020,0x2020,0x2020,0x2020,
	0x2020,0x2020,0x2020,0x2020,0x2020,0x2020,0x2020,0x2020,
	0x2020,0x2020,0x2020,0x2020,0x2020,0x2020,0x2020,0x2020,
	0x2020,0x2020,0x2020,0x2020,0x2020,0x2020,0x2020,0x2020,

	0x2020,0x2020,0x2020,0x2020,0x2020,0x2020,0x2020,0x2020,
	0x2020,0x2020,0x2020,0x2020,0x2020,0x2020,0x2020,0x2020,
	0x2020,0x2020,0x2020,0x2020,0x2020,0x2020,0x2020,0x2020,
	0x2020,0x2020,0x2020,0x2020,0x2020,0x2020,0x2020,0x2020,
	0x2020,0x2020,0x2020,0x2020,0x2020,0x2020,0x2020,0x2020,
	0x2020,0x2020,0x2020,0x2020,0x2020,0x2020,0x2020,0x2020,
	0x2020,0x2020,0x2020,0x2020,0x2020,0x2020,0x2020,0x2020,
	0x2020,0x2020,0x2020,0x2020,0x2020,0x2020,0x2020,0x2020,

	0x2020,0x2020,0x2020,0x2020,0x2020,0x2020,0x2020,0x2020,
	0x2020,0x2020,0x2020,0x2020,0x2020,0x2020,0x2020,0x2020,
	0x2020,0x2020,0x2020,0x2020,0x2020,0x2020,0x2020,0x2020,
	0x2020,0x2020,0x2020,0x2020,0x2020,0x2020,0x2020,0x2020,
	0x2020,0x2020,0x2020,0x2020,0x2020,0x2020,0x2020,0x2020,
	0x2020,0x2020,0x2020,0x2020,0x2020,0x2020,0x2020,0x2020,
	0x2020,0x2020,0x2020,0x2020,0x2020,0x2020,0x2020,0x2020,
	0x2020,0x2020,0x2020,0x2020,0x2020,0x2020,0x2020,0x2020,

	0x2020,0x2020,0x2020,0x2020,0x2020,0x2020,0x2020,0x2020,
	0x2020,0x2020,0x2020,0x2020,0x2020,0x2020,0x2020,0x2020,
	0x2020,0x2020,0x2020,0x2020,0x2020,0x2020,0x2020,0x2020,
	0x2020,0x2020,0x2020,0x2020,0x2020,0x2020,0x2020,0x2020,
	0x2020,0x2020,0x2020,0x2020,0x2020,0x2020,0x2020,0x2020,
	0x2020,0x2020,0x2020,0x2020,0x2020,0x2020,0x2020,0x2020,
	0x2020,0x2020,0x2020,0x2020,0x2020,0x2020,0x2020,0x2020,
	0x2020,0x2020,0x2020,0x2020,0x2020,0x2020,0x2020,0x2020,

	0x2020,0x2020,0x2020,0x2020,0x2020,0x2020,0x2020,0x2020,
	0x2020,0x2020,0x2020,0x2020,0x2020,0x2020,0x2020,0x2020,
	0x2020,0x2020,0x2020,0x2020,0x2020,0x2020,0x2020,0x2020,
	0x2020,0x2020,0x2020,0x2020,0x2020,0x2020,0x2020,0x2020,
	0x2020,0x2020,0x2020,0x2020,0x2020,0x2020,0x2020,0x2020,
	0x2020,0x2020,0x2020,0x2020,0x2020,0x2020,0x2020,0x2020,
	0x2020,0x2020,0x2020,0x2020,0x2020,0x2020,0x2020,0x2020,
	0x2020,0x2020,0x2020,0x2020,0x2020,0x2020,0x2020,0x2020,

	0x2020,0x2020,0x2020,0x2020,0x2020,0x2020,0x2020,0x2020,
	0x2020,0x2020,0x2020,0x2020,0x2020,0x2020,0x2020,0x2020,
	0x2020,0x2020,0x2020,0x2020,0x2020,0x2020,0x2020,0x2020,
	0x2020,0x2020,0x2020,0x2020,0x2020,0x2020,0x2020,0x2020,
	0x2020,0x2020,0x2020,0x2020,0x2020,0x2020,0x2020,0x2020,
	0x2020,0x2020,0x2020,0x2020,0x2020,0x2020,0x2020,0x2020,
	0x2020,0x2020,0x2020,0x2020,0x2020,0x2020,0x2020,0x2020,
	0x2020,0x2020,0x2020,0x2020,0x2020,0x2020,0x2020,0x2020,

	0x2020,0x2020,0x2020,0x2020,0x2020,0x2020,0x2020,0x2020,
	0x2020,0x2020,0x2020,0x2020,0x2020,0x2020,0x2020,0x2020,
	0x2020,0x2020,0x2020,0x2020,0x2020,0x2020,0x2020,0x2020,
	0x2020,0x2020,0x2020,0x2020,0x2020,0x2020,0x2020,0x2020,
	0x2020,0x2020,0x2020,0x2020,0x2020,0x2020,0x2020,0x2020,
	0x2020,0x2020,0x2020,0x2020,0x2020,0x2020,0x2020,0x2020,
	0x2020,0x2020,0x2020,0x2020,0x2020,0x2020,0x2020,0x2020,
	0x2020,0x2020,0x2020,0x2020,0x2020,0x2020,0x2020,0x2020,

	0x2020,0x2020,0x2020,0x2020,0x2020,0x2020,0x2020,0x2020,
	0x2020,0x2020,0x2020,0x2020,0x2020,0x2020,0x2020,0x2020,
	0x2020,0x2020,0x2020,0x2020,0x2020,0x2020,0x2020,0x2020,
	0x2020,0x2020,0x2020,0x2020,0x2020,0x2020,0x2020,0x2020,
	0x2020,0x2020,0x2020,0x2020,0x2020,0x2020,0x2020,0x2020,
	0x2020,0x2020,0x2020,0x2020,0x2020,0x2020,0x2020,0x2020,
	0x2020,0x2020,0x2020,0x2020,0x2020,0x2020,0x2020,0x2020,
	0x2020,0x2020,0x2020,0x2020,0x2020,0x2020,0x2020,0x2020,

	0x2020,0x2020,0x2020,0x2020,0x2020,0x2020,0x2020,0x2020,
	0x2020,0x2020,0x2020,0x2020,0x2020,0x2020,0x2020,0x2020,
	0x2020,0x2020,0x2020,0x2020,0x2020,0x2020,0x2020,0x2020,
	0x2020,0x2020,0x2020,0x2020,0x2020,0x2020,0x2020,0x2020,
	0x2020,0x2020,0x2020,0x2020,0x2020,0x2020,0x2020,0x2020,
	0x2020,0x2020,0x2020,0x2020,0x2020,0x2020,0x2020,0x2020,
	0x2020,0x2020,0x2020,0x2020,0x2020,0x2020,0x2020,0x2020,
	0x2020,0x2020,0x2020,0x2020,0x2020,0x2020,0x2020,0x2020,

	0x2020,0x2020,0x2020,0x2020,0x2020,0x2020,0x2020,0x2020,
	0x2020,0x2020,0x2020,0x2020,0x2020,0x2020,0x2020,0x2020,
	0x2020,0x2020,0x2020,0x2020,0x2020,0x2020,0x2020,0x2020,
	0x2020,0x2020,0x2020,0x2020,0x2020,0x2020,0x2020,0x2020,
	0x2020,0x2020,0x2020,0x2020,0x2020,0x2020,0x2020,0x2020,
	0x2020,0x2020,0x2020,0x2020,0x2020,0x2020,0x2020,0x2020,
	0x2020,0x2020,0x2020,0x2020,0x2020,0x2020,0x2020,0x2020,
	0x2020,0x2020,0x2020,0x2020,0x2020,0x2020,0x2020,0x2020,

	0x2020,0x2020,0x2020,0x2020,0x2020,0x2020,0x2020,0x2020,
	0x2020,0x2020,0x2020,0x2020,0x2020,0x2020,0x2020,0x2020,
	0x2020,0x2020,0x2020,0x2020,0x2020,0x2020,0x2020,0x2020,
	0x2020,0x2020,0x2020,0x2020,0x2020,0x2020,0x2020,0x2020,
	0x2020,0x2020,0x2020,0x2020,0x2020,0x2020,0x2020,0x2020,
	0x2020,0x2020,0x2020,0x2020,0x2020,0x2020,0x2020,0x2020,
	0x2020,0x2020,0x2020,0x2020,0x2020,0x2020,0x2020,0x2020,
	0x2020,0x2020,0x2020,0x2020,0x2020,0x2020,0x2020,0x2020,

	0x2020,0x2020,0x2020,0x2020,0x2020,0x2020,0x2020,0x2020,
	0x2020,0x2020,0x2020,0x2020,0x2020,0x2020,0x2020,0x2020,
	0x2020,0x2020,0x2020,0x2020,0x2020,0x2020,0x2020,0x2020,
	0x2020,0x2020,0x2020,0x2020,0x2020,0x2020,0x2020,0x2020,
	0x2020,0x2020,0x2020,0x2020,0x2020,0x2020,0x2020,0x2020,
	0x2020,0x2020,0x2020,0x2020,0x2020,0x2020,0x2020,0x2020,
	0x2020,0x2020,0x2020,0x2020,0x2020,0x2020,0x2020,0x2020,
	0x2020,0x2020,0x2020,0x2020,0x2020,0x2020,0x2020,0x2020,

	0x2020,0x2020,0x2020,0x2020,0x2020,0x2020,0x2020,0x2020,
	0x2020,0x2020,0x2020,0x2020,0x2020,0x2020,0x2020,0x2020,
	0x2020,0x2020,0x2020,0x2020,0x2020,0x2020,0x2020,0x2020,
	0x2020,0x2020,0x2020,0x2020,0x2020,0x2020,0x2020,0x2020,
	0x2020,0x2020,0x2020,0x2020,0x2020,0x2020,0x2020,0x2020,
	0x2020,0x2020,0x2020,0x2020,0x2020,0x2020,0x2020,0x2020,
	0x2020,0x2020,0x2020,0x2020,0x2020,0x2020,0x2020,0x2020,
	0x2020,0x2020,0x2020,0x2020,0x2020,0x2020,0x2020,0x2020,

	0x2020,0x2020,0x2020,0x2020,0x2020,0x2020,0x2020,0x2020,
	0x2020,0x2020,0x2020,0x2020,0x2020,0x2020,0x2020,0x2020,
	0x2020,0x2020,0x2020,0x2020,0x2020,0x2020,0x2020,0x2020,
	0x2020,0x2020,0x2020,0x2020,0x2020,0x2020,0x2020,0x2020,
	0x2020,0x2020,0x2020,0x2020,0x2020,0x2020,0x2020,0x2020,
	0x2020,0x2020,0x2020,0x2020,0x2020,0x2020,0x2020,0x2020,
	0x2020,0x2020,0x2020,0x2020,0x2020,0x2020,0x2020,0x2020,
	0x2020,0x2020,0x2020,0x2020,0x2020,0x2020,0x2020,0x2020,

	0x2020,0x2020,0x2020,0x2020,0x2020,0x2020,0x2020,0x2020,
	0x2020,0x2020,0x2020,0x2020,0x2020,0x2020,0x2020,0x2020,
	0x2020,0x2020,0x2020,0x2020,0x2020,0x2020,0x2020,0x2020,
	0x2020,0x2020,0x2020,0x2020,0x2020,0x2020,0x2020,0x2020,
	0x2020,0x2020,0x2020,0x2020,0x2020,0x2020,0x2020,0x2020,
	0x2020,0x2020,0x2020,0x2020,0x2020,0x2020,0x2020,0x2020,
	0x2020,0x2020,0x2020,0x2020,0x2020,0x2020,0x2020,0x2020,
	0x2020,0x2020,0x2020,0x2020,0x2020,0x2020,0x2020,0x2020,

	0x2020,0x2020,0x2020,0x2020,0x2020,0x2020,0x2020,0x2020,
	0x2020,0x2020,0x2020,0x2020,0x2020,0x2020,0x2020,0x2020,
	0x2020,0x2020,0x2020,0x2020,0x2020,0x2020,0x2020,0x2020,
	0x2020,0x2020,0x2020,0x2020,0x2020,0x2020,0x2020,0x2020,
	0x2020,0x2020,0x2020,0x2020,0x2020,0x2020,0x2020,0x2020,
	0x2020,0x2020,0x2020,0x2020,0x2020,0x2020,0x2020,0x2020,
	0x2020,0x2020,0x2020,0x2020,0x2020,0x2020,0x2020,0x2020,
	0x2020,0x2020,0x2020,0x2020,0x2020,0x2020,0x2020,0x2020,

	0x2020,0x2020,0x2020,0x2020,0x2020,0x2020,0x2020,0x2020,
	0x2020,0x2020,0x2020,0x2020,0x2020,0x2020,0x2020,0x2020,
	0x2020,0x2020,0x2020,0x2020,0x2020,0x2020,0x2020,0x2020,
	0x2020,0x2020,0x2020,0x2020,0x2020,0x2020,0x2020,0x2020,
	0x2020,0x2020,0x2020,0x2020,0x2020,0x2020,0x2020,0x2020,
	0x2020,0x2020,0x2020,0x2020,0x2020,0x2020,0x2020,0x2020,
	0x2020,0x2020,0x2020,0x2020,0x2020,0x2020,0x2020,0x2020,
	0x2020,0x2020,0x2020,0x2020,0x2020,0x2020,0x2020,0x2020,

	0x2020,0x2020,0x2020,0x2020,0x2020,0x2020,0x2020,0x2020,
	0x2020,0x2020,0x2020,0x2020,0x2020,0x2020,0x2020,0x2020,
	0x2020,0x2020,0x2020,0x2020,0x2020,0x2020,0x2020,0x2020,
	0x2020,0x2020,0x2020,0x2020,0x2020,0x2020,0x2020,0x2020,
	0x2020,0x2020,0x2020,0x2020,0x2020,0x2020,0x2020,0x2020,
	0x2020,0x2020,0x2020,0x2020,0x2020,0x2020,0x2020,0x2020,
	0x2020,0x2020,0x2020,0x2020,0x2020,0x2020,0x2020,0x2020,
	0x2020,0x2020,0x2020,0x2020,0x2020,0x2020,0x2020,0x2020,

	0x2020,0x2020,0x2020,0x2020,0x2020,0x2020,0x2020,0x2020,
	0x2020,0x2020,0x2020,0x2020,0x2020,0x2020,0x2020,0x2020,
	0x2020,0x2020,0x2020,0x2020,0x2020,0x2020,0x2020,0x2020,
	0x2020,0x2020,0x2020,0x2020,0x2020,0x2020,0x2020,0x2020,
	0x2020,0x2020,0x2020,0x2020,0x2020,0x2020,0x2020,0x2020,
	0x2020,0x2020,0x2020,0x2020,0x2020,0x2020,0x2020,0x2020,
	0x2020,0x2020,0x2020,0x2020,0x2020,0x2020,0x2020,0x2020,
	0x2020,0x2020,0x2020,0x2020,0x2020,0x2020,0x2020,0x2020,

	0x2020,0x2020,0x2020,0x2020,0x2020,0x2020,0x2020,0x2020,
	0x2020,0x2020,0x2020,0x2020,0x2020,0x2020,0x2020,0x2020,
	0x2020,0x2020,0x2020,0x2020,0x2020,0x2020,0x2020,0x2020,
	0x2020,0x2020,0x2020,0x2020,0x2020,0x2020,0x2020,0x2020,
	0x2020,0x2020,0x2020,0x2020,0x2020,0x2020,0x2020,0x2020,
	0x2020,0x2020,0x2020,0x2020,0x2020,0x2020,0x2020,0x2020,
	0x2020,0x2020,0x2020,0x2020,0x2020,0x2020,0x2020,0x2020,
	0x2020,0x2020,0x2020,0x2020,0x2020,0x2020,0x2020,0x2020,

	0x2020,0x2020,0x2020,0x2020,0x2020,0x2020,0x2020,0x2020,
	0x2020,0x2020,0x2020,0x2020,0x2020,0x2020,0x2020,0x2020,
	0x2020,0x2020,0x2020,0x2020,0x2020,0x2020,0x2020,0x2020,
	0x2020,0x2020,0x2020,0x2020,0x2020,0x2020,0x2020,0x2020,
	0x2020,0x2020,0x2020,0x2020,0x2020,0x2020,0x2020,0x2020,
	0x2020,0x2020,0x2020,0x2020,0x2020,0x2020,0x2020,0x2020,
	0x2020,0x2020,0x2020,0x2020,0x2020,0x2020,0x2020,0x2020,
	0x2020,0x2020,0x2020,0x2020,0x2020,0x2020,0x2020,0x2020,

	0x2020,0x2020,0x2020,0x2020,0x2020,0x2020,0x2020,0x2020,
	0x2020,0x2020,0x2020,0x2020,0x2020,0x2020,0x2020,0x2020,
	0x2020,0x2020,0x2020,0x2020,0x2020,0x2020,0x2020,0x2020,
	0x2020,0x2020,0x2020,0x2020,0x2020,0x2020,0x2020,0x2020,
	0x2020,0x2020,0x2020,0x2020,0x2020,0x2020,0x2020,0x2020,
	0x2020,0x2020,0x2020,0x2020,0x2020,0x2020,0x2020,0x2020,
	0x2020,0x2020,0x2020,0x2020,0x2020,0x2020,0x2020,0x2020,
	0x2020,0x2020,0x2020,0x2020,0x2020,0x2020,0x2020,0x2020,

	0x2020,0x2020,0x2020,0x2020,0x2020,0x2020,0x2020,0x2020,
	0x2020,0x2020,0x2020,0x2020,0x2020,0x2020,0x2020,0x2020,
	0x2020,0x2020,0x2020,0x2020,0x2020,0x2020,0x2020,0x2020,
	0x2020,0x2020,0x2020,0x2020,0x2020,0x2020,0x2020,0x2020,
	0x2020,0x2020,0x2020,0x2020,0x2020,0x2020,0x2020,0x2020,
	0x2020,0x2020,0x2020,0x2020,0x2020,0x2020,0x2020,0x2020,
	0x2020,0x2020,0x2020,0x2020,0x2020,0x2020,0x2020,0x2020,
	0x2020,0x2020,0x2020,0x2020,0x2020,0x2020,0x2020,0x2020,

	0x2020,0x2020,0x2020,0x2020,0x2020,0x2020,0x2020,0x2020,
	0x2020,0x2020,0x2020,0x2020,0x2020,0x2020,0x2020,0x2020,
	0x2020,0x2020,0x2020,0x2020,0x2020,0x2020,0x2020,0x2020,
	0x2020,0x2020,0x2020,0x2020,0x2020,0x2020,0x2020,0x2020,
	0x2020,0x2020,0x2020,0x2020,0x2020,0x2020,0x2020,0x2020,
	0x2020,0x2020,0x2020,0x2020,0x2020,0x2020,0x2020,0x2020,
	0x2020,0x2020,0x2020,0x2020,0x2020,0x2020,0x2020,0x2020,
	0x2020,0x2020,0x2020,0x2020,0x2020,0x2020,0x2020,0x2020,

	0x2020,0x2020,0x2020,0x2020,0x2020,0x2020,0x2020,0x2020,
	0x2020,0x2020,0x2020,0x2020,0x2020,0x2020,0x2020,0x2020,
	0x2020,0x2020,0x2020,0x2020,0x2020,0x2020,0x2020,0x2020,
	0x2020,0x2020,0x2020,0x2020,0x2020,0x2020,0x2020,0x2020,
	0x2020,0x2020,0x2020,0x2020,0x2020,0x2020,0x2020,0x2020,
	0x2020,0x2020,0x2020,0x2020,0x2020,0x2020,0x2020,0x2020,
	0x2020,0x2020,0x2020,0x2020,0x2020,0x2020,0x2020,0x2020,
	0x2020,0x2020,0x2020,0x2020,0x2020,0x2020,0x2020,0x2020,

	0x2020,0x2020,0x2020,0x2020,0x2020,0x2020,0x2020,0x2020,
	0x2020,0x2020,0x2020,0x2020,0x2020,0x2020,0x2020,0x2020,
	0x2020,0x2020,0x2020,0x2020,0x2020,0x2020,0x2020,0x2020,
	0x2020,0x2020,0x2020,0x2020,0x2020,0x2020,0x2020,0x2020,
	0x2020,0x2020,0x2020,0x2020,0x2020,0x2020,0x2020,0x2020,
	0x2020,0x2020,0x2020,0x2020,0x2020,0x2020,0x2020,0x2020,
	0x2020,0x2020,0x2020,0x2020,0x2020,0x2020,0x2020,0x2020,
	0x2020,0x2020,0x2020,0x2020,0x2020,0x2020,0x2020,0x2020,

	0x2020,0x2020,0x2020,0x2020,0x2020,0x2020,0x2020,0x2020,
	0x2020,0x2020,0x2020,0x2020,0x2020,0x2020,0x2020,0x2020,
	0x2020,0x2020,0x2020,0x2020,0x2020,0x2020,0x2020,0x2020,
	0x2020,0x2020,0x2020,0x2020,0x2020,0x2020,0x2020,0x2020,
	0x2020,0x2020,0x2020,0x2020,0x2020,0x2020,0x2020,0x2020,
	0x2020,0x2020,0x2020,0x2020,0x2020,0x2020,0x2020,0x2020,
	0x2020,0x2020,0x2020,0x2020,0x2020,0x2020,0x2020,0x2020,
	0x2020,0x2020,0x2020,0x2020,0x2020,0x2020,0x2020,0x2020,

	0x2020,0x2020,0x2020,0x2020,0x2020,0x2020,0x2020,0x2020,
	0x2020,0x2020,0x2020,0x2020,0x2020,0x2020,0x2020,0x2020,
	0x2020,0x2020,0x2020,0x2020,0x2020,0x2020,0x2020,0x2020,
	0x2020,0x2020,0x2020,0x2020,0x2020,0x2020,0x2020,0x2020,
	0x2020,0x2020,0x2020,0x2020,0x2020,0x2020,0x2020,0x2020,
	0x2020,0x2020,0x2020,0x2020,0x2020,0x2020,0x2020,0x2020,
	0x2020,0x2020,0x2020,0x2020,0x2020,0x2020,0x2020,0x2020,
	0x2020,0x2020,0x2020,0x2020,0x2020,0x2020,0x2020,0x2020,

	0x2020,0x2020,0x2020,0x2020,0x2020,0x2020,0x2020,0x2020,
	0x2020,0x2020,0x2020,0x2020,0x2020,0x2020,0x2020,0x2020,
	0x2020,0x2020,0x2020,0x2020,0x2020,0x2020,0x2020,0x2020,
	0x2020,0x2020,0x2020,0x2020,0x2020,0x2020,0x2020,0x2020,
	0x2020,0x2020,0x2020,0x2020,0x2020,0x2020,0x2020,0x2020,
	0x2020,0x2020,0x2020,0x2020,0x2020,0x2020,0x2020,0x2020,
	0x2020,0x2020,0x2020,0x2020,0x2020,0x2020,0x2020,0x2020,
	0x2020,0x2020,0x2020,0x2020,0x2020,0x2020,0x2020,0x2020,

	0x2020,0x2020,0x2020,0x2020,0x2020,0x2020,0x2020,0x2020,
	0x2020,0x2020,0x2020,0x2020,0x2020,0x2020,0x2020,0x2020,
	0x2020,0x2020,0x2020,0x2020,0x2020,0x2020,0x2020,0x2020,
	0x2020,0x2020,0x2020,0x2020,0x2020,0x2020,0x2020,0x2020,
	0x2020,0x2020,0x2020,0x2020,0x2020,0x2020,0x2020,0x2020,
	0x2020,0x2020,0x2020,0x2020,0x2020,0x2020,0x2020,0x2020,
	0x2020,0x2020,0x2020,0x2020,0x2020,0x2020,0x2020,0x2020,
	0x2020,0x2020,0x2020,0x2020,0x2020,0x2020,0x2020,0x2020,

	0x2020,0x2020,0x2020,0x2020,0x2020,0x2020,0x2020,0x2020,
	0x2020,0x2020,0x2020,0x2020,0x2020,0x2020,0x2020,0x2020,
	0x2020,0x2020,0x2020,0x2020,0x2020,0x2020,0x2020,0x2020,
	0x2020,0x2020,0x2020,0x2020,0x2020,0x2020,0x2020,0x2020,
	0x2020,0x2020,0x2020,0x2020,0x2020,0x2020,0x2020,0x2020,
	0x2020,0x2020,0x2020,0x2020,0x2020,0x2020,0x2020,0x2020,
	0x2020,0x2020,0x2020,0x2020,0x2020,0x2020,0x2020,0x2020,
	0x2020,0x2020,0x2020,0x2020,0x2020,0x2020,0x2020,0x2020,

	0x2020,0x2020,0x2020,0x2020,0x2020,0x2020,0x2020,0x2020,
	0x2020,0x2020,0x2020,0x2020,0x2020,0x2020,0x2020,0x2020,
	0x2020,0x2020,0x2020,0x2020,0x2020,0x2020,0x2020,0x2020,
	0x2020,0x2020,0x2020,0x2020,0x2020,0x2020,0x2020,0x2020,
	0x2020,0x2020,0x2020,0x2020,0x2020,0x2020,0x2020,0x2020,
	0x2020,0x2020,0x2020,0x2020,0x2020,0x2020,0x2020,0x2020,
	0x2020,0x2020,0x2020,0x2020,0x2020,0x2020,0x2020,0x2020,
	0x2020,0x2020,0x2020,0x2020,0x2020,0x2020,0x2020,0x2020,

	0x2020,0x2020,0x2020,0x2020,0x2020,0x2020,0x2020,0x2020,
	0x2020,0x2020,0x2020,0x2020,0x2020,0x2020,0x2020,0x2020,
	0x2020,0x2020,0x2020,0x2020,0x2020,0x2020,0x2020,0x2020,
	0x2020,0x2020,0x2020,0x2020,0x2020,0x2020,0x2020,0x2020,
	0x2020,0x2020,0x2020,0x2020,0x2020,0x2020,0x2020,0x2020,
	0x2020,0x2020,0x2020,0x2020,0x2020,0x2020,0x2020,0x2020,
	0x2020,0x2020,0x2020,0x2020,0x2020,0x2020,0x2020,0x2020,
	0x2020,0x2020,0x2020,0x2020,0x2020,0x2020,0x2020,0x2020,

	0x2020,0x2020,0x2020,0x2020,0x2020,0x2020,0x2020,0x2020,
	0x2020,0x2020,0x2020,0x2020,0x2020,0x2020,0x2020,0x2020,
	0x2020,0x2020,0x2020,0x2020,0x2020,0x2020,0x2020,0x2020,
	0x2020,0x2020,0x2020,0x2020,0x2020,0x2020,0x2020,0x2020,
	0x2020,0x2020,0x2020,0x2020,0x2020,0x2020,0x2020,0x2020,
	0x2020,0x2020,0x2020,0x2020,0x2020,0x2020,0x2020,0x2020,
	0x2020,0x2020,0x2020,0x2020,0x2020,0x2020,0x2020,0x2020,
	0x2020,0x2020,0x2020,0x2020,0x2020,0x2020,0x2020,0x2020,

	0x2020,0x2020,0x2020,0x2020,0x2020,0x2020,0x2020,0x2020,
	0x2020,0x2020,0x2020,0x2020,0x2020,0x2020,0x2020,0x2020,
	0x2020,0x2020,0x2020,0x2020,0x2020,0x2020,0x2020,0x2020,
	0x2020,0x2020,0x2020,0x2020,0x2020,0x2020,0x2020,0x2020,
	0x2020,0x2020,0x2020,0x2020,0x2020,0x2020,0x2020,0x2020,
	0x2020,0x2020,0x2020,0x2020,0x2020,0x2020,0x2020,0x2020,
	0x2020,0x2020,0x2020,0x2020,0x2020,0x2020,0x2020,0x2020,
	0x2020,0x2020,0x2020,0x2020,0x2020,0x2020,0x2020,0x2020,

	0x2020,0x2020,0x2020,0x2020,0x2020,0x2020,0x2020,0x2020,
	0x2020,0x2020,0x2020,0x2020,0x2020,0x2020,0x2020,0x2020,
	0x2020,0x2020,0x2020,0x2020,0x2020,0x2020,0x2020,0x2020,
	0x2020,0x2020,0x2020,0x2020,0x2020,0x2020,0x2020,0x2020,
	0x2020,0x2020,0x2020,0x2020,0x2020,0x2020,0x2020,0x2020,
	0x2020,0x2020,0x2020,0x2020,0x2020,0x2020,0x2020,0x2020,
	0x2020,0x2020,0x2020,0x2020,0x2020,0x2020,0x2020,0x2020,
	0x2020,0x2020,0x2020,0x2020,0x2020,0x2020,0x2020,0x2020,

	0x2020,0x2020,0x2020,0x2020,0x2020,0x2020,0x2020,0x2020,
	0x2020,0x2020,0x2020,0x2020,0x2020,0x2020,0x2020,0x2020,
	0x2020,0x2020,0x2020,0x2020,0x2020,0x2020,0x2020,0x2020,
	0x2020,0x2020,0x2020,0x2020,0x2020,0x2020,0x2020,0x2020,
	0x2020,0x2020,0x2020,0x2020,0x2020,0x2020,0x2020,0x2020,
	0x2020,0x2020,0x2020,0x2020,0x2020,0x2020,0x2020,0x2020,
	0x2020,0x2020,0x2020,0x2020,0x2020,0x2020,0x2020,0x2020,
	0x2020,0x2020,0x2020,0x2020,0x2020,0x2020,0x2020,0x2020,

	0x2020,0x2020,0x2020,0x2020,0x2020,0x2020,0x2020,0x2020,
	0x2020,0x2020,0x2020,0x2020,0x2020,0x2020,0x2020,0x2020,
	0x2020,0x2020,0x2020,0x2020,0x2020,0x2020,0x2020,0x2020,
	0x2020,0x2020,0x2020,0x2020,0x2020,0x2020,0x2020,0x2020,
	0x2020,0x2020,0x2020,0x2020,0x2020,0x2020,0x2020,0x2020,
	0x2020,0x2020,0x2020,0x2020,0x2020,0x2020,0x2020,0x2020,
	0x2020,0x2020,0x2020,0x2020,0x2020,0x2020,0x2020,0x2020,
	0x2020,0x2020,0x2020,0x2020,0x2020,0x2020,0x2020,0x2020,

	0x2020,0x2020,0x2020,0x2020,0x2020,0x2020,0x2020,0x2020,
	0x2020,0x2020,0x2020,0x2020,0x2020,0x2020,0x2020,0x2020,
	0x2020,0x2020,0x2020,0x2020,0x2020,0x2020,0x2020,0x2020,
	0x2020,0x2020,0x2020,0x2020,0x2020,0x2020,0x2020,0x2020,
	0x2020,0x2020,0x2020,0x2020,0x2020,0x2020,0x2020,0x2020,
	0x2020,0x2020,0x2020,0x2020,0x2020,0x2020,0x2020,0x2020,
	0x2020,0x2020,0x2020,0x2020,0x2020,0x2020,0x2020,0x2020,
	0x2020,0x2020,0x2020,0x2020,0x2020,0x2020,0x2020,0x2020,

	0x2020,0x2020,0x2020,0x2020,0x2020,0x2020,0x2020,0x2020,
	0x2020,0x2020,0x2020,0x2020,0x2020,0x2020,0x2020,0x2020,
	0x2020,0x2020,0x2020,0x2020,0x2020,0x2020,0x2020,0x2020,
	0x2020,0x2020,0x2020,0x2020,0x2020,0x2020,0x2020,0x2020,
	0x2020,0x2020,0x2020,0x2020,0x2020,0x2020,0x2020,0x2020,
	0x2020,0x2020,0x2020,0x2020,0x2020,0x2020,0x2020,0x2020,
	0x2020,0x2020,0x2020,0x2020,0x2020,0x2020,0x2020,0x2020,
	0x2020,0x2020,0x2020,0x2020,0x2020,0x2020,0x2020,0x2020,

	0x2020,0x2020,0x2020,0x2020,0x2020,0x2020,0x2020,0x2020,
	0x2020,0x2020,0x2020,0x2020,0x2020,0x2020,0x2020,0x2020,
	0x2020,0x2020,0x2020,0x2020,0x2020,0x2020,0x2020,0x2020,
	0x2020,0x2020,0x2020,0x2020,0x2020,0x2020,0x2020,0x2020,
	0x2020,0x2020,0x2020,0x2020,0x2020,0x2020,0x2020,0x2020,
	0x2020,0x2020,0x2020,0x2020,0x2020,0x2020,0x2020,0x2020,
	0x2020,0x2020,0x2020,0x2020,0x2020,0x2020,0x2020,0x2020,
	0x2020,0x2020,0x2020,0x2020,0x2020,0x2020,0x2020,0x2020,

	0x2020,0x2020,0x2020,0x2020,0x2020,0x2020,0x2020,0x2020,
	0x2020,0x2020,0x2020,0x2020,0x2020,0x2020,0x2020,0x2020,
	0x2020,0x2020,0x2020,0x2020,0x2020,0x2020,0x2020,0x2020,
	0x2020,0x2020,0x2020,0x2020,0x2020,0x2020,0x2020,0x2020,
	0x2020,0x2020,0x2020,0x2020,0x2020,0x2020,0x2020,0x2020,
	0x2020,0x2020,0x2020,0x2020,0x2020,0x2020,0x2020,0x2020,
	0x2020,0x2020,0x2020,0x2020,0x2020,0x2020,0x2020,0x2020,
	0x2020,0x2020,0x2020,0x2020,0x2020,0x2020,0x2020,0x2020,

	0x2020,0x2020,0x2020,0x2020,0x2020,0x2020,0x2020,0x2020,
	0x2020,0x2020,0x2020,0x2020,0x2020,0x2020,0x2020,0x2020,
	0x2020,0x2020,0x2020,0x2020,0x2020,0x2020,0x2020,0x2020,
	0x2020,0x2020,0x2020,0x2020,0x2020,0x2020,0x2020,0x2020,
	0x2020,0x2020,0x2020,0x2020,0x2020,0x2020,0x2020,0x2020,
	0x2020,0x2020,0x2020,0x2020,0x2020,0x2020,0x2020,0x2020,
	0x2020,0x2020,0x2020,0x2020,0x2020,0x2020,0x2020,0x2020,
	0x2020,0x2020,0x2020,0x2020,0x2020,0x2020,0x2020,0x2020,

	0x2020,0x2020,0x2020,0x2020,0x2020,0x2020,0x2020,0x2020,
	0x2020,0x2020,0x2020,0x2020,0x2020,0x2020,0x2020,0x2020,
	0x2020,0x2020,0x2020,0x2020,0x2020,0x2020,0x2020,0x2020,
	0x2020,0x2020,0x2020,0x2020,0x2020,0x2020,0x2020,0x2020,
	0x2020,0x2020,0x2020,0x2020,0x2020,0x2020,0x2020,0x2020,
	0x2020,0x2020,0x2020,0x2020,0x2020,0x2020,0x2020,0x2020,
	0x2020,0x2020,0x2020,0x2020,0x2020,0x2020,0x2020,0x2020,
	0x2020,0x2020,0x2020,0x2020,0x2020,0x2020,0x2020,0x2020,

	0x2020,0x2020,0x2020,0x2020,0x2020,0x2020,0x2020,0x2020,
	0x2020,0x2020,0x2020,0x2020,0x2020,0x2020,0x2020,0x2020,
	0x2020,0x2020,0x2020,0x2020,0x2020,0x2020,0x2020,0x2020,
	0x2020,0x2020,0x2020,0x2020,0x2020,0x2020,0x2020,0x2020,
	0x2020,0x2020,0x2020,0x2020,0x2020,0x2020,0x2020,0x2020,
	0x2020,0x2020,0x2020,0x2020,0x2020,0x2020,0x2020,0x2020,
	0x2020,0x2020,0x2020,0x2020,0x2020,0x2020,0x2020,0x2020,
	0x2020,0x2020,0x2020,0x2020,0x2020,0x2020,0x2020,0x2020,

	0x2020,0x2020,0x2020,0x2020,0x2020,0x2020,0x2020,0x2020,
	0x2020,0x2020,0x2020,0x2020,0x2020,0x2020,0x2020,0x2020,
	0x2020,0x2020,0x2020,0x2020,0x2020,0x2020,0x2020,0x2020,
	0x2020,0x2020,0x2020,0x2020,0x2020,0x2020,0x2020,0x2020,
	0x2020,0x2020,0x2020,0x2020,0x2020,0x2020,0x2020,0x2020,
	0x2020,0x2020,0x2020,0x2020,0x2020,0x2020,0x2020,0x2020,
	0x2020,0x2020,0x2020,0x2020,0x2020,0x2020,0x2020,0x2020,
	0x2020,0x2020,0x2020,0x2020,0x2020,0x2020,0x2020,0x2020,

	0x2020,0x2020,0x2020,0x2020,0x2020,0x2020,0x2020,0x2020,
	0x2020,0x2020,0x2020,0x2020,0x2020,0x2020,0x2020,0x2020,
	0x2020,0x2020,0x2020,0x2020,0x2020,0x2020,0x2020,0x2020,
	0x2020,0x2020,0x2020,0x2020,0x2020,0x2020,0x2020,0x2020,
	0x2020,0x2020,0x2020,0x2020,0x2020,0x2020,0x2020,0x2020,
	0x2020,0x2020,0x2020,0x2020,0x2020,0x2020,0x2020,0x2020,
	0x2020,0x2020,0x2020,0x2020,0x2020,0x2020,0x2020,0x2020,
	0x2020,0x2020,0x2020,0x2020,0x2020,0x2020,0x2020,0x2020,

	0x2020,0x2020,0x2020,0x2020,0x2020,0x2020,0x2020,0x2020,
	0x2020,0x2020,0x2020,0x2020,0x2020,0x2020,0x2020,0x2020,
	0x2020,0x2020,0x2020,0x2020,0x2020,0x2020,0x2020,0x2020,
	0x2020,0x2020,0x2020,0x2020,0x2020,0x2020,0x2020,0x2020,
	0x2020,0x2020,0x2020,0x2020,0x2020,0x2020,0x2020,0x2020,
	0x2020,0x2020,0x2020,0x2020,0x2020,0x2020,0x2020,0x2020,
	0x2020,0x2020,0x2020,0x2020,0x2020,0x2020,0x2020,0x2020,
	0x2020,0x2020,0x2020,0x2020,0x2020,0x2020,0x2020,0x2020,

	0x2020,0x2020,0x2020,0x2020,0x2020,0x2020,0x2020,0x2020,
	0x2020,0x2020,0x2020,0x2020,0x2020,0x2020,0x2020,0x2020,
	0x2020,0x2020,0x2020,0x2020,0x2020,0x2020,0x2020,0x2020,
	0x2020,0x2020,0x2020,0x2020,0x2020,0x2020,0x2020,0x2020,
	0x2020,0x2020,0x2020,0x2020,0x2020,0x2020,0x2020,0x2020,
	0x2020,0x2020,0x2020,0x2020,0x2020,0x2020,0x2020,0x2020,
	0x2020,0x2020,0x2020,0x2020,0x2020,0x2020,0x2020,0x2020,
	0x2020,0x2020,0x2020,0x2020,0x2020,0x2020,0x2020,0x2020,

	0x2020,0x2020,0x2020,0x2020,0x2020,0x2020,0x2020,0x2020,
	0x2020,0x2020,0x2020,0x2020,0x2020,0x2020,0x2020,0x2020,
	0x2020,0x2020,0x2020,0x2020,0x2020,0x2020,0x2020,0x2020,
	0x2020,0x2020,0x2020,0x2020,0x2020,0x2020,0x2020,0x2020,
	0x2020,0x2020,0x2020,0x2020,0x2020,0x2020,0x2020,0x2020,
	0x2020,0x2020,0x2020,0x2020,0x2020,0x2020,0x2020,0x2020,
	0x2020,0x2020,0x2020,0x2020,0x2020,0x2020,0x2020,0x2020,
	0x2020,0x2020,0x2020,0x2020,0x2020,0x2020,0x2020,0x2020,

	0x2020,0x2020,0x2020,0x2020,0x2020,0x2020,0x2020,0x2020,
	0x2020,0x2020,0x2020,0x2020,0x2020,0x2020,0x2020,0x2020,
	0x2020,0x2020,0x2020,0x2020,0x2020,0x2020,0x2020,0x2020,
	0x2020,0x2020,0x2020,0x2020,0x2020,0x2020,0x2020,0x2020,
	0x2020,0x2020,0x2020,0x2020,0x2020,0x2020,0x2020,0x2020,
	0x2020,0x2020,0x2020,0x2020,0x2020,0x2020,0x2020,0x2020,
	0x2020,0x2020,0x2020,0x2020,0x2020,0x2020,0x2020,0x2020,
	0x2020,0x2020,0x2020,0x2020,0x2020,0x2020,0x2020,0x2020,

	0x2020,0x2020,0x2020,0x2020,0x2020,0x2020,0x2020,0x2020,
	0x2020,0x2020,0x2020,0x2020,0x2020,0x2020,0x2020,0x2020,
	0x2020,0x2020,0x2020,0x2020,0x2020,0x2020,0x2020,0x2020,
	0x2020,0x2020,0x2020,0x2020,0x2020,0x2020,0x2020,0x2020,
	0x2020,0x2020,0x2020,0x2020,0x2020,0x2020,0x2020,0x2020,
	0x2020,0x2020,0x2020,0x2020,0x2020,0x2020,0x2020,0x2020,
	0x2020,0x2020,0x2020,0x2020,0x2020,0x2020,0x2020,0x2020,
	0x2020,0x2020,0x2020,0x2020,0x2020,0x2020,0x2020,0x2020,

	0x2020,0x2020,0x2020,0x2020,0x2020,0x2020,0x2020,0x2020,
	0x2020,0x2020,0x2020,0x2020,0x2020,0x2020,0x2020,0x2020,
	0x2020,0x2020,0x2020,0x2020,0x2020,0x2020,0x2020,0x2020,
	0x2020,0x2020,0x2020,0x2020,0x2020,0x2020,0x2020,0x2020,
	0x2020,0x2020,0x2020,0x2020,0x2020,0x2020,0x2020,0x2020,
	0x2020,0x2020,0x2020,0x2020,0x2020,0x2020,0x2020,0x2020,
	0x2020,0x2020,0x2020,0x2020,0x2020,0x2020,0x2020,0x2020,
	0x2020,0x2020,0x2020,0x2020,0x2020,0x2020,0x2020,0x2020,

	0x2020,0x2020,0x2020,0x2020,0x2020,0x2020,0x2020,0x2020,
	0x2020,0x2020,0x2020,0x2020,0x2020,0x2020,0x2020,0x2020,
	0x2020,0x2020,0x2020,0x2020,0x2020,0x2020,0x2020,0x2020,
	0x2020,0x2020,0x2020,0x2020,0x2020,0x2020,0x2020,0x2020,
	0x2020,0x2020,0x2020,0x2020,0x2020,0x2020,0x2020,0x2020,
	0x2020,0x2020,0x2020,0x2020,0x2020,0x2020,0x2020,0x2020,
	0x2020,0x2020,0x2020,0x2020,0x2020,0x2020,0x2020,0x2020,
	0x2020,0x2020,0x2020,0x2020,0x2020,0x2020,0x2020,0x2020,

	0x2020,0x2020,0x2020,0x2020,0x2020,0x2020,0x2020,0x2020,
	0x2020,0x2020,0x2020,0x2020,0x2020,0x2020,0x2020,0x2020,
	0x2020,0x2020,0x2020,0x2020,0x2020,0x2020,0x2020,0x2020,
	0x2020,0x2020,0x2020,0x2020,0x2020,0x2020,0x2020,0x2020,
	0x2020,0x2020,0x2020,0x2020,0x2020,0x2020,0x2020,0x2020,
	0x2020,0x2020,0x2020,0x2020,0x2020,0x2020,0x2020,0x2020,
	0x2020,0x2020,0x2020,0x2020,0x2020,0x2020,0x2020,0x2020,
	0x2020,0x2020,0x2020,0x2020,0x2020,0x2020,0x2020,0x2020,

	0x2020,0x2020,0x2020,0x2020,0x2020,0x2020,0x2020,0x2020,
	0x2020,0x2020,0x2020,0x2020,0x2020,0x2020,0x2020,0x2020,
	0x2020,0x2020,0x2020,0x2020,0x2020,0x2020,0x2020,0x2020,
	0x2020,0x2020,0x2020,0x2020,0x2020,0x2020,0x2020,0x2020,
	0x2020,0x2020,0x2020,0x2020,0x2020,0x2020,0x2020,0x2020,
	0x2020,0x2020,0x2020,0x2020,0x2020,0x2020,0x2020,0x2020,
	0x2020,0x2020,0x2020,0x2020,0x2020,0x2020,0x2020,0x2020,
	0x2020,0x2020,0x2020,0x2020,0x2020,0x2020,0x2020,0x2020,

	0x2020,0x2020,0x2020,0x2020,0x2020,0x2020,0x2020,0x2020,
	0x2020,0x2020,0x2020,0x2020,0x2020,0x2020,0x2020,0x2020,
	0x2020,0x2020,0x2020,0x2020,0x2020,0x2020,0x2020,0x2020,
	0x2020,0x2020,0x2020,0x2020,0x2020,0x2020,0x2020,0x2020,
	0x2020,0x2020,0x2020,0x2020,0x2020,0x2020,0x2020,0x2020,
	0x2020,0x2020,0x2020,0x2020,0x2020,0x2020,0x2020,0x2020,
	0x2020,0x2020,0x2020,0x2020,0x2020,0x2020,0x2020,0x2020,
	0x2020,0x2020,0x2020,0x2020,0x2020,0x2020,0x2020,0x2020,

	0x2020,0x2020,0x2020,0x2020,0x2020,0x2020,0x2020,0x2020,
	0x2020,0x2020,0x2020,0x2020,0x2020,0x2020,0x2020,0x2020,
	0x2020,0x2020,0x2020,0x2020,0x2020,0x2020,0x2020,0x2020,
	0x2020,0x2020,0x2020,0x2020,0x2020,0x2020,0x2020,0x2020,
	0x2020,0x2020,0x2020,0x2020,0x2020,0x2020,0x2020,0x2020,
	0x2020,0x2020,0x2020,0x2020,0x2020,0x2020,0x2020,0x2020,
	0x2020,0x2020,0x2020,0x2020,0x2020,0x2020,0x2020,0x2020,
	0x2020,0x2020,0x2020,0x2020,0x2020,0x2020,0x2020,0x2020,

	0x2020,0x2020,0x2020,0x2020,0x2020,0x2020,0x2020,0x2020,
	0x2020,0x2020,0x2020,0x2020,0x2020,0x2020,0x2020,0x2020,
	0x2020,0x2020,0x2020,0x2020,0x2020,0x2020,0x2020,0x2020,
	0x2020,0x2020,0x2020,0x2020,0x2020,0x2020,0x2020,0x2020,
	0x2020,0x2020,0x2020,0x2020,0x2020,0x2020,0x2020,0x2020,
	0x2020,0x2020,0x2020,0x2020,0x2020,0x2020,0x2020,0x2020,
	0x2020,0x2020,0x2020,0x2020,0x2020,0x2020,0x2020,0x2020,
	0x2020,0x2020,0x2020,0x2020,0x2020,0x2020,0x2020,0x2020,

	0x2020,0x2020,0x2020,0x2020,0x2020,0x2020,0x2020,0x2020,
	0x2020,0x2020,0x2020,0x2020,0x2020,0x2020,0x2020,0x2020,
	0x2020,0x2020,0x2020,0x2020,0x2020,0x2020,0x2020,0x2020,
	0x2020,0x2020,0x2020,0x2020,0x2020,0x2020,0x2020,0x2020,
	0x2020,0x2020,0x2020,0x2020,0x2020,0x2020,0x2020,0x2020,
	0x2020,0x2020,0x2020,0x2020,0x2020,0x2020,0x2020,0x2020,
	0x2020,0x2020,0x2020,0x2020,0x2020,0x2020,0x2020,0x2020,
	0x2020,0x2020,0x2020,0x2020,0x2020,0x2020,0x2020,0x2020,

	0x2020,0x2020,0x2020,0x2020,0x2020,0x2020,0x2020,0x2020,
	0x2020,0x2020,0x2020,0x2020,0x2020,0x2020,0x2020,0x2020,
	0x2020,0x2020,0x2020,0x2020,0x2020,0x2020,0x2020,0x2020,
	0x2020,0x2020,0x2020,0x2020,0x2020,0x2020,0x2020,0x2020,
	0x2020,0x2020,0x2020,0x2020,0x2020,0x2020,0x2020,0x2020,
	0x2020,0x2020,0x2020,0x2020,0x2020,0x2020,0x2020,0x2020,
	0x2020,0x2020,0x2020,0x2020,0x2020,0x2020,0x2020,0x2020,
	0x2020,0x2020,0x2020,0x2020,0x2020,0x2020,0x2020,0x2020,

	0x2020,0x2020,0x2020,0x2020,0x2020,0x2020,0x2020,0x2020,
	0x2020,0x2020,0x2020,0x2020,0x2020,0x2020,0x2020,0x2020,
	0x2020,0x2020,0x2020,0x2020,0x2020,0x2020,0x2020,0x2020,
	0x2020,0x2020,0x2020,0x2020,0x2020,0x2020,0x2020,0x2020,
	0x2020,0x2020,0x2020,0x2020,0x2020,0x2020,0x2020,0x2020,
	0x2020,0x2020,0x2020,0x2020,0x2020,0x2020,0x2020,0x2020,
	0x2020,0x2020,0x2020,0x2020,0x2020,0x2020,0x2020,0x2020,
	0x2020,0x2020,0x2020,0x2020,0x2020,0x2020,0x2020,0x2020,

	0x2020,0x2020,0x2020,0x2020,0x2020,0x2020,0x2020,0x2020,
	0x2020,0x2020,0x2020,0x2020,0x2020,0x2020,0x2020,0x2020,
	0x2020,0x2020,0x2020,0x2020,0x2020,0x2020,0x2020,0x2020,
	0x2020,0x2020,0x2020,0x2020,0x2020,0x2020,0x2020,0x2020,
	0x2020,0x2020,0x2020,0x2020,0x2020,0x2020,0x2020,0x2020,
	0x2020,0x2020,0x2020,0x2020,0x2020,0x2020,0x2020,0x2020,
	0x2020,0x2020,0x2020,0x2020,0x2020,0x2020,0x2020,0x2020,
	0x2020,0x2020,0x2020,0x2020,0x2020,0x2020,0x2020,0x2020,

	0x2020,0x2020,0x2020,0x2020,0x2020,0x2020,0x2020,0x2020,
	0x2020,0x2020,0x2020,0x2020,0x2020,0x2020,0x2020,0x2020,
	0x2020,0x2020,0x2020,0x2020,0x2020,0x2020,0x2020,0x2020,
	0x2020,0x2020,0x2020,0x2020,0x2020,0x2020,0x2020,0x2020,
	0x2020,0x2020,0x2020,0x2020,0x2020,0x2020,0x2020,0x2020,
	0x2020,0x2020,0x2020,0x2020,0x2020,0x2020,0x2020,0x2020,
	0x2020,0x2020,0x2020,0x2020,0x2020,0x2020,0x2020,0x2020,
	0x2020,0x2020,0x2020,0x2020,0x2020,0x2020,0x2020,0x2020,

	0x2020,0x2020,0x2020,0x2020,0x2020,0x2020,0x2020,0x2020,
	0x2020,0x2020,0x2020,0x2020,0x2020,0x2020,0x2020,0x2020,
	0x2020,0x2020,0x2020,0x2020,0x2020,0x2020,0x2020,0x2020,
	0x2020,0x2020,0x2020,0x2020,0x2020,0x2020,0x2020,0x2020,
	0x2020,0x2020,0x2020,0x2020,0x2020,0x2020,0x2020,0x2020,
	0x2020,0x2020,0x2020,0x2020,0x2020,0x2020,0x2020,0x2020,
	0x2020,0x2020,0x2020,0x2020,0x2020,0x2020,0x2020,0x2020,
	0x2020,0x2020,0x2020,0x2020,0x2020,0x2020,0x2020,0x2020,

	0x2020,0x2020,0x2020,0x2020,0x2020,0x2020,0x2020,0x2020,
	0x2020,0x2020,0x2020,0x2020,0x2020,0x2020,0x2020,0x2020,
	0x2020,0x2020,0x2020,0x2020,0x2020,0x2020,0x2020,0x2020,
	0x2020,0x2020,0x2020,0x2020,0x2020,0x2020,0x2020,0x2020,
	0x2020,0x2020,0x2020,0x2020,0x2020,0x2020,0x2020,0x2020,
	0x2020,0x2020,0x2020,0x2020,0x2020,0x2020,0x2020,0x2020,
	0x2020,0x2020,0x2020,0x2020,0x2020,0x2020,0x2020,0x2020,
	0x2020,0x2020,0x2020,0x2020,0x2020,0x2020,0x2020,0x2020,

	0x2020,0x2020,0x2020,0x2020,0x2020,0x2020,0x2020,0x2020,
	0x2020,0x2020,0x2020,0x2020,0x2020,0x2020,0x2020,0x2020,
	0x2020,0x2020,0x2020,0x2020,0x2020,0x2020,0x2020,0x2020,
	0x2020,0x2020,0x2020,0x2020,0x2020,0x2020,0x2020,0x2020,
	0x2020,0x2020,0x2020,0x2020,0x2020,0x2020,0x2020,0x2020,
	0x2020,0x2020,0x2020,0x2020,0x2020,0x2020,0x2020,0x2020,
	0x2020,0x2020,0x2020,0x2020,0x2020,0x2020,0x2020,0x2020,
	0x2020,0x2020,0x2020,0x2020,0x2020,0x2020,0x2020,0x2020,

	0x2020,0x2020,0x2020,0x2020,0x2020,0x2020,0x2020,0x2020,
	0x2020,0x2020,0x2020,0x2020,0x2020,0x2020,0x2020,0x2020,
	0x2020,0x2020,0x2020,0x2020,0x2020,0x2020,0x2020,0x2020,
	0x2020,0x2020,0x2020,0x2020,0x2020,0x2020,0x2020,0x2020,
	0x2020,0x2020,0x2020,0x2020,0x2020,0x2020,0x2020,0x2020,
	0x2020,0x2020,0x2020,0x2020,0x2020,0x2020,0x2020,0x2020,
	0x2020,0x2020,0x2020,0x2020,0x2020,0x2020,0x2020,0x2020,
	0x2020,0x2020,0x2020,0x2020,0x2020,0x2020,0x2020,0x2020,

	0x2020,0x2020,0x2020,0x2020,0x2020,0x2020,0x2020,0x2020,
	0x2020,0x2020,0x2020,0x2020,0x2020,0x2020,0x2020,0x2020,
	0x2020,0x2020,0x2020,0x2020,0x2020,0x2020,0x2020,0x2020,
	0x2020,0x2020,0x2020,0x2020,0x2020,0x2020,0x2020,0x2020,
	0x2020,0x2020,0x2020,0x2020,0x2020,0x2020,0x2020,0x2020,
	0x2020,0x2020,0x2020,0x2020,0x2020,0x2020,0x2020,0x2020,
	0x2020,0x2020,0x2020,0x2020,0x2020,0x2020,0x2020,0x2020,
	0x2020,0x2020,0x2020,0x2020,0x2020,0x2020,0x2020,0x2020,

	0x2020,0x2020,0x2020,0x2020,0x2020,0x2020,0x2020,0x2020,
	0x2020,0x2020,0x2020,0x2020,0x2020,0x2020,0x2020,0x2020,
	0x2020,0x2020,0x2020,0x2020,0x2020,0x2020,0x2020,0x2020,
	0x2020,0x2020,0x2020,0x2020,0x2020,0x2020,0x2020,0x2020,
	0x2020,0x2020,0x2020,0x2020,0x2020,0x2020,0x2020,0x2020,
	0x2020,0x2020,0x2020,0x2020,0x2020,0x2020,0x2020,0x2020,
	0x2020,0x2020,0x2020,0x2020,0x2020,0x2020,0x2020,0x2020,
	0x2020,0x2020,0x2020,0x2020,0x2020,0x2020,0x2020,0x2020,

	0x2020,0x2020,0x2020,0x2020,0x2020,0x2020,0x2020,0x2020,
	0x2020,0x2020,0x2020,0x2020,0x2020,0x2020,0x2020,0x2020,
	0x2020,0x2020,0x2020,0x2020,0x2020,0x2020,0x2020,0x2020,
	0x2020,0x2020,0x2020,0x2020,0x2020,0x2020,0x2020,0x2020,
	0x2020,0x2020,0x2020,0x2020,0x2020,0x2020,0x2020,0x2020,
	0x2020,0x2020,0x2020,0x2020,0x2020,0x2020,0x2020,0x2020,
	0x2020,0x2020,0x2020,0x2020,0x2020,0x2020,0x2020,0x2020,
	0x2020,0x2020,0x2020,0x2020,0x2020,0x2020,0x2020,0x2020,

	0x2020,0x2020,0x2020,0x2020,0x2020,0x2020,0x2020,0x2020,
	0x2020,0x2020,0x2020,0x2020,0x2020,0x2020,0x2020,0x2020,
	0x2020,0x2020,0x2020,0x2020,0x2020,0x2020,0x2020,0x2020,
	0x2020,0x2020,0x2020,0x2020,0x2020,0x2020,0x2020,0x2020,
	0x2020,0x2020,0x2020,0x2020,0x2020,0x2020,0x2020,0x2020,
	0x2020,0x2020,0x2020,0x2020,0x2020,0x2020,0x2020,0x2020,
	0x2020,0x2020,0x2020,0x2020,0x2020,0x2020,0x2020,0x2020,
	0x2020,0x2020,0x2020,0x2020,0x2020,0x2020,0x2020,0x2020,

	0x2020,0x2020,0x2020,0x2020,0x2020,0x2020,0x2020,0x2020,
	0x2020,0x2020,0x2020,0x2020,0x2020,0x2020,0x2020,0x2020,
	0x2020,0x2020,0x2020,0x2020,0x2020,0x2020,0x2020,0x2020,
	0x2020,0x2020,0x2020,0x2020,0x2020,0x2020,0x2020,0x2020,
	0x2020,0x2020,0x2020,0x2020,0x2020,0x2020,0x2020,0x2020,
	0x2020,0x2020,0x2020,0x2020,0x2020,0x2020,0x2020,0x2020,
	0x2020,0x2020,0x2020,0x2020,0x2020,0x2020,0x2020,0x2020,
	0x2020,0x2020,0x2020,0x2020,0x2020,0x2020,0x2020,0x2020,

	0x2020,0x2020,0x2020,0x2020,0x2020,0x2020,0x2020,0x2020,
	0x2020,0x2020,0x2020,0x2020,0x2020,0x2020,0x2020,0x2020,
	0x2020,0x2020,0x2020,0x2020,0x2020,0x2020,0x2020,0x2020,
	0x2020,0x2020,0x2020,0x2020,0x2020,0x2020,0x2020,0x2020,
	0x2020,0x2020,0x2020,0x2020,0x2020,0x2020,0x2020,0x2020,
	0x2020,0x2020,0x2020,0x2020,0x2020,0x2020,0x2020,0x2020,
	0x2020,0x2020,0x2020,0x2020,0x2020,0x2020,0x2020,0x2020,
	0x2020,0x2020,0x2020,0x2020,0x2020,0x2020,0x2020,0x2020,

	0x2020,0x2020,0x2020,0x2020,0x2020,0x2020,0x2020,0x2020,
	0x2020,0x2020,0x2020,0x2020,0x2020,0x2020,0x2020,0x2020,
	0x2020,0x2020,0x2020,0x2020,0x2020,0x2020,0x2020,0x2020,
	0x2020,0x2020,0x2020,0x2020,0x2020,0x2020,0x2020,0x2020,
	0x2020,0x2020,0x2020,0x2020,0x2020,0x2020,0x2020,0x2020,
	0x2020,0x2020,0x2020,0x2020,0x2020,0x2020,0x2020,0x2020,
	0x2020,0x2020,0x2020,0x2020,0x2020,0x2020,0x2020,0x2020,
	0x2020,0x2020,0x2020,0x2020,0x2020,0x2020,0x2020,0x2020,

	0x2020,0x2020,0x2020,0x2020,0x2020,0x2020,0x2020,0x2020,
	0x2020,0x2020,0x2020,0x2020,0x2020,0x2020,0x2020,0x2020,
	0x2020,0x2020,0x2020,0x2020,0x2020,0x2020,0x2020,0x2020,
	0x2020,0x2020,0x2020,0x2020,0x2020,0x2020,0x2020,0x2020,
	0x2020,0x2020,0x2020,0x2020,0x2020,0x2020,0x2020,0x2020,
	0x2020,0x2020,0x2020,0x2020,0x2020,0x2020,0x2020,0x2020,
	0x2020,0x2020,0x2020,0x2020,0x2020,0x2020,0x2020,0x2020,
	0x2020,0x2020,0x2020,0x2020,0x2020,0x2020,0x2020,0x2020,

	0x2020,0x2020,0x2020,0x2020,0x2020,0x2020,0x2020,0x2020,
	0x2020,0x2020,0x2020,0x2020,0x2020,0x2020,0x2020,0x2020,
	0x2020,0x2020,0x2020,0x2020,0x2020,0x2020,0x2020,0x2020,
	0x2020,0x2020,0x2020,0x2020,0x2020,0x2020,0x2020,0x2020,
	0x2020,0x2020,0x2020,0x2020,0x2020,0x2020,0x2020,0x2020,
	0x2020,0x2020,0x2020,0x2020,0x2020,0x2020,0x2020,0x2020,
	0x2020,0x2020,0x2020,0x2020,0x2020,0x2020,0x2020,0x2020,
	0x2020,0x2020,0x2020,0x2020,0x2020,0x2020,0x2020,0x2020,

	0x2020,0x2020,0x2020,0x2020,0x2020,0x2020,0x2020,0x2020,
	0x2020,0x2020,0x2020,0x2020,0x2020,0x2020,0x2020,0x2020,
	0x2020,0x2020,0x2020,0x2020,0x2020,0x2020,0x2020,0x2020,
	0x2020,0x2020,0x2020,0x2020,0x2020,0x2020,0x2020,0x2020,
	0x2020,0x2020,0x2020,0x2020,0x2020,0x2020,0x2020,0x2020,
	0x2020,0x2020,0x2020,0x2020,0x2020,0x2020,0x2020,0x2020,
	0x2020,0x2020,0x2020,0x2020,0x2020,0x2020,0x2020,0x2020,
	0x2020,0x2020,0x2020,0x2020,0x2020,0x2020,0x2020,0x2020,

	0x2020,0x2020,0x2020,0x2020,0x2020,0x2020,0x2020,0x2020,
	0x2020,0x2020,0x2020,0x2020,0x2020,0x2020,0x2020,0x2020,
	0x2020,0x2020,0x2020,0x2020,0x2020,0x2020,0x2020,0x2020,
	0x2020,0x2020,0x2020,0x2020,0x2020,0x2020,0x2020,0x2020,
	0x2020,0x2020,0x2020,0x2020,0x2020,0x2020,0x2020,0x2020,
	0x2020,0x2020,0x2020,0x2020,0x2020,0x2020,0x2020,0x2020,
	0x2020,0x2020,0x2020,0x2020,0x2020,0x2020,0x2020,0x2020,
	0x2020,0x2020,0x2020,0x2020,0x2020,0x2020,0x2020,0x2020,

	0x2020,0x2020,0x2020,0x2020,0x2020,0x2020,0x2020,0x2020,
	0x2020,0x2020,0x2020,0x2020,0x2020,0x2020,0x2020,0x2020,
	0x2020,0x2020,0x2020,0x2020,0x2020,0x2020,0x2020,0x2020,
	0x2020,0x2020,0x2020,0x2020,0x2020,0x2020,0x2020,0x2020,
	0x2020,0x2020,0x2020,0x2020,0x2020,0x2020,0x2020,0x2020,
	0x2020,0x2020,0x2020,0x2020,0x2020,0x2020,0x2020,0x2020,
	0x2020,0x2020,0x2020,0x2020,0x2020,0x2020,0x2020,0x2020,
	0x2020,0x2020,0x2020,0x2020,0x2020,0x2020,0x2020,0x2020,

	0x2020,0x2020,0x2020,0x2020,0x2020,0x2020,0x2020,0x2020,
	0x2020,0x2020,0x2020,0x2020,0x2020,0x2020,0x2020,0x2020,
	0x2020,0x2020,0x2020,0x2020,0x2020,0x2020,0x2020,0x2020,
	0x2020,0x2020,0x2020,0x2020,0x2020,0x2020,0x2020,0x2020,
	0x2020,0x2020,0x2020,0x2020,0x2020,0x2020,0x2020,0x2020,
	0x2020,0x2020,0x2020,0x2020,0x2020,0x2020,0x2020,0x2020,
	0x2020,0x2020,0x2020,0x2020,0x2020,0x2020,0x2020,0x2020,
	0x2020,0x2020,0x2020,0x2020,0x2020,0x2020,0x2020,0x2020,

	0x2020,0x2020,0x2020,0x2020,0x2020,0x2020,0x2020,0x2020,
	0x2020,0x2020,0x2020,0x2020,0x2020,0x2020,0x2020,0x2020,
	0x2020,0x2020,0x2020,0x2020,0x2020,0x2020,0x2020,0x2020,
	0x2020,0x2020,0x2020,0x2020,0x2020,0x2020,0x2020,0x2020,
	0x2020,0x2020,0x2020,0x2020,0x2020,0x2020,0x2020,0x2020,
	0x2020,0x2020,0x2020,0x2020,0x2020,0x2020,0x2020,0x2020,
	0x2020,0x2020,0x2020,0x2020,0x2020,0x2020,0x2020,0x2020,
	0x2020,0x2020,0x2020,0x2020,0x2020,0x2020,0x2020,0x2020,
};

const unsigned short _bubblePal[256] __attribute__((aligned(4)))=
{
	0x0C01,0x1401,0x1001,0x1C02,0x1802,0x1402,0x0000,0x0000,
	0x0000,0x0000,0x0000,0x0000,0x0000,0x0000,0x0000,0x0000,
	0x0000,0x2108,0x2008,0x498D,0x3C00,0x394A,0x28A7,0x2486,
	0x416C,0x280A,0x30E8,0x1CA6,0x2886,0x2CC7,0x3509,0x2065,
	0x0000,0x7C00,0x2025,0x5670,0x0C01,0x7FE0,0x2848,0x45AD,
	0x406D,0x3109,0x7C1F,0x7398,0x304A,0x62F2,0x1402,0x7374,
	0x0000,0x0000,0x0000,0x0000,0x0000,0x0000,0x0000,0x0000,
	0x0000,0x0000,0x0000,0x0000,0x0000,0x0000,0x0000,0x0000,

	0x0000,0x0000,0x0000,0x0000,0x0000,0x0000,0x0000,0x0000,
	0x0000,0x0000,0x0000,0x0000,0x0000,0x0000,0x0000,0x0000,
	0x0000,0x0000,0x0000,0x0000,0x0000,0x0000,0x0000,0x0000,
	0x0000,0x0000,0x0000,0x0000,0x0000,0x0000,0x0000,0x0000,
	0x0000,0x0000,0x0000,0x0000,0x0000,0x0000,0x0000,0x0000,
	0x0000,0x0000,0x0000,0x0000,0x0000,0x0000,0x0000,0x0000,
	0x0000,0x0000,0x0000,0x0000,0x0000,0x0000,0x0000,0x0000,
	0x0000,0x0000,0x0000,0x0000,0x0000,0x0000,0x0000,0x0000,

	0x0000,0x0000,0x0000,0x0000,0x0000,0x0000,0x0000,0x0000,
	0x0000,0x0000,0x0000,0x0000,0x0000,0x0000,0x0000,0x0000,
	0x0000,0x0000,0x0000,0x0000,0x0000,0x0000,0x0000,0x0000,
	0x0000,0x0000,0x0000,0x0000,0x0000,0x0000,0x0000,0x0000,
	0x0000,0x0000,0x0000,0x0000,0x0000,0x0000,0x0000,0x0000,
	0x0000,0x0000,0x0000,0x0000,0x0000,0x0000,0x0000,0x0000,
	0x0000,0x0000,0x0000,0x0000,0x0000,0x0000,0x0000,0x0000,
	0x0000,0x0000,0x0000,0x0000,0x0000,0x0000,0x0000,0x0000,

	0x0000,0x0000,0x0000,0x0000,0x0000,0x0000,0x0000,0x0000,
	0x0000,0x0000,0x0000,0x0000,0x0000,0x0000,0x0000,0x0000,
	0x0000,0x0000,0x0000,0x0000,0x0000,0x0000,0x0000,0x0000,
	0x0000,0x0000,0x0000,0x0000,0x0000,0x0000,0x0000,0x0000,
	0x0000,0x0000,0x0000,0x0000,0x0000,0x0000,0x0000,0x0000,
	0x0000,0x0000,0x0000,0x0000,0x0000,0x0000,0x0000,0x0000,
	0x0000,0x0000,0x0000,0x0000,0x0000,0x0000,0x0000,0x0000,
	0x0000,0x0000,0x0000,0x0000,0x0000,0x0000,0x0000,0x0000,
};

//}}BLOCK(_bubble)
