
//{{BLOCK(_cloud)

//======================================================================
//
//	_cloud, 512x160@8, 
//	+ palette 256 entries, not compressed
//	+ 1280 tiles not compressed
//	Total size: 512 + 81920 = 82432
//
//	Time-stamp: 2025-04-19, 21:08:55
//	Exported by Cearn's GBA Image Transmogrifier, v0.8.3
//	( http://www.coranac.com/projects/#grit )
//
//======================================================================

const unsigned short _cloudTiles[40960] __attribute__((aligned(4)))=
{
	0x1010,0x1010,0x1010,0x1010,0x1010,0x1010,0x1010,0x1010,
	0x1010,0x1010,0x1010,0x1010,0x1010,0x1010,0x1010,0x1010,
	0x1010,0x1010,0x1010,0x1010,0x1010,0x1010,0x1010,0x1010,
	0x1010,0x1010,0x1010,0x1010,0x1010,0x1010,0x1010,0x1010,
	0x1010,0x1010,0x1010,0x1010,0x1010,0x1010,0x1010,0x1010,
	0x1010,0x1010,0x1010,0x1010,0x1010,0x1010,0x1010,0x1010,
	0x1010,0x1010,0x1010,0x1010,0x1010,0x1010,0x1010,0x1010,
	0x1010,0x1010,0x1010,0x1010,0x1010,0x1010,0x1010,0x1010,

	0x1010,0x1010,0x1010,0x1010,0x1010,0x1010,0x1010,0x1010,
	0x1010,0x1010,0x1010,0x1010,0x1010,0x1010,0x1010,0x1010,
	0x1010,0x1010,0x1010,0x1010,0x1010,0x1010,0x1010,0x1010,
	0x1010,0x1010,0x1010,0x1010,0x1010,0x1010,0x1010,0x1010,
	0x1010,0x1010,0x1010,0x1010,0x1010,0x1010,0x1010,0x1010,
	0x1010,0x1010,0x1010,0x1010,0x1010,0x1010,0x1010,0x1010,
	0x1010,0x1010,0x1010,0x1010,0x1010,0x1010,0x1010,0x1010,
	0x1010,0x1010,0x1010,0x1010,0x1010,0x1010,0x1010,0x1010,

	0x1010,0x1010,0x1010,0x1010,0x1010,0x1010,0x1010,0x1010,
	0x1010,0x1010,0x1010,0x1010,0x1010,0x1010,0x1010,0x1010,
	0x1010,0x1010,0x1010,0x1010,0x1010,0x1010,0x1010,0x1010,
	0x1010,0x1010,0x1010,0x1010,0x1010,0x1010,0x1010,0x1010,
	0x1010,0x1010,0x1010,0x1010,0x1010,0x1010,0x1010,0x1010,
	0x1010,0x1010,0x1010,0x1010,0x1010,0x1010,0x1010,0x1010,
	0x1010,0x1010,0x1010,0x1010,0x1010,0x1010,0x1010,0x1010,
	0x1010,0x1010,0x1010,0x1010,0x1010,0x1010,0x1010,0x1010,

	0x1010,0x1010,0x1010,0x1010,0x1010,0x1010,0x1010,0x1010,
	0x1010,0x1010,0x1010,0x1010,0x1010,0x1010,0x1010,0x1010,
	0x1010,0x1010,0x1010,0x1010,0x1010,0x1010,0x1010,0x1010,
	0x1010,0x1010,0x1010,0x1010,0x1010,0x1010,0x1010,0x1010,
	0x1010,0x1010,0x1010,0x1010,0x1010,0x1010,0x1010,0x1010,
	0x1010,0x1010,0x1010,0x1010,0x1010,0x1010,0x1010,0x1010,
	0x1010,0x1010,0x1010,0x1010,0x1010,0x1010,0x1010,0x1010,
	0x1010,0x1010,0x1010,0x1010,0x1010,0x1010,0x1010,0x1010,

	0x1010,0x1010,0x1010,0x1010,0x1010,0x1010,0x1010,0x1010,
	0x1010,0x1010,0x1010,0x1010,0x1010,0x1010,0x1010,0x1010,
	0x1010,0x1010,0x1010,0x1010,0x1010,0x1010,0x1010,0x1010,
	0x1010,0x1010,0x1010,0x1010,0x1010,0x1010,0x1010,0x1010,
	0x1010,0x1010,0x1010,0x1010,0x1010,0x1010,0x1010,0x1010,
	0x1010,0x1010,0x1010,0x1010,0x1010,0x1010,0x1010,0x1010,
	0x1010,0x1010,0x1010,0x1010,0x1010,0x1010,0x1010,0x1010,
	0x1010,0x1010,0x1010,0x1010,0x1010,0x1010,0x1010,0x1010,

	0x1010,0x1010,0x1010,0x1010,0x1010,0x1010,0x1010,0x1010,
	0x1010,0x1010,0x1010,0x1010,0x1010,0x1010,0x1010,0x1010,
	0x1010,0x1010,0x1010,0x1010,0x1010,0x1010,0x1010,0x1010,
	0x1010,0x1010,0x1010,0x1010,0x1010,0x1010,0x1010,0x1010,
	0x1010,0x1010,0x1010,0x1610,0x1010,0x1010,0x1010,0x1710,
	0x1010,0x1010,0x1010,0x1C10,0x1010,0x1010,0x1010,0x1C10,
	0x1010,0x1010,0x1010,0x1C10,0x1010,0x1010,0x1010,0x1C10,
	0x1010,0x1010,0x1010,0x1C10,0x1010,0x1010,0x1010,0x1C10,

	0x1717,0x1717,0x1717,0x1717,0x1717,0x1717,0x1717,0x1717,
	0x1717,0x1717,0x1717,0x1C17,0x1717,0x1717,0x1717,0x1C17,
	0x1717,0x1717,0x1717,0x1617,0x1717,0x1717,0x1717,0x1617,
	0x1717,0x1717,0x1717,0x1617,0x1717,0x1717,0x1717,0x1D17,
	0x1717,0x1717,0x1717,0x1717,0x1D16,0x161D,0x1616,0x1616,
	0x151A,0x1E15,0x1E1E,0x1A1E,0x151A,0x1515,0x1515,0x1515,
	0x151E,0x1515,0x1515,0x1515,0x151E,0x1515,0x1515,0x1515,
	0x151E,0x1515,0x1515,0x1515,0x151E,0x1515,0x1515,0x1515,

	0x151A,0x1515,0x1515,0x1515,0x151A,0x1515,0x1515,0x1315,
	0x151E,0x1515,0x1515,0x1315,0x1515,0x1515,0x1515,0x1315,
	0x1515,0x1E15,0x1515,0x1315,0x1515,0x1D1E,0x151D,0x1315,
	0x1515,0x161E,0x151D,0x1315,0x1515,0x1C1A,0x151D,0x1315,
	0x1818,0x1818,0x1818,0x1818,0x1313,0x1313,0x1313,0x1313,
	0x1313,0x1313,0x1313,0x1313,0x1313,0x1313,0x1313,0x1313,
	0x1313,0x1313,0x1313,0x1313,0x1313,0x1313,0x1313,0x1313,
	0x1313,0x1313,0x1313,0x1313,0x1313,0x1313,0x1313,0x1313,

	0x1318,0x1313,0x1313,0x1313,0x1313,0x1313,0x1313,0x1313,
	0x1313,0x1313,0x1313,0x1313,0x1313,0x1313,0x1313,0x1313,
	0x1313,0x1313,0x1313,0x1313,0x1313,0x1313,0x1313,0x1313,
	0x1313,0x1313,0x1313,0x1313,0x1313,0x1313,0x1313,0x1313,
	0x1313,0x1313,0x1313,0x1313,0x1313,0x1313,0x1313,0x1313,
	0x1313,0x1313,0x1313,0x1313,0x1313,0x1313,0x1313,0x1313,
	0x1313,0x1313,0x1313,0x1313,0x1313,0x1313,0x1313,0x1313,
	0x1313,0x1313,0x1313,0x1313,0x1313,0x1313,0x1313,0x1313,

	0x1313,0x1313,0x1313,0x1313,0x1313,0x1313,0x1313,0x1313,
	0x1313,0x1313,0x1313,0x1313,0x1313,0x1313,0x1313,0x1313,
	0x1313,0x1313,0x1313,0x1313,0x1313,0x1313,0x1313,0x1313,
	0x1313,0x1313,0x1313,0x1313,0x1313,0x1313,0x1313,0x1313,
	0x1513,0x1515,0x1515,0x1515,0x1513,0x1515,0x1515,0x1515,
	0x1513,0x1515,0x1515,0x1515,0x1813,0x1818,0x1818,0x1818,
	0x1313,0x1313,0x1313,0x1313,0x1313,0x1313,0x1313,0x1313,
	0x1313,0x1313,0x1313,0x1313,0x1313,0x1313,0x1313,0x1313,

	0x1515,0x1515,0x1818,0x1E18,0x1515,0x1515,0x1515,0x1515,
	0x1515,0x1515,0x1818,0x1518,0x1518,0x1815,0x1313,0x1313,
	0x1313,0x1815,0x1313,0x1313,0x1313,0x1818,0x1313,0x1313,
	0x1313,0x1818,0x1313,0x1313,0x1313,0x1818,0x1313,0x1313,
	0x171C,0x1717,0x1717,0x1717,0x1C16,0x1C1C,0x1C1C,0x1C1C,
	0x1A1E,0x1A1A,0x1A1A,0x1A1A,0x1313,0x1313,0x1313,0x1313,
	0x1313,0x1313,0x1313,0x1313,0x1313,0x1313,0x1313,0x1313,
	0x1313,0x1313,0x1313,0x1313,0x1313,0x1313,0x1313,0x1313,

	0x1717,0x1717,0x1717,0x1717,0x1C1C,0x1717,0x1717,0x1717,
	0x1D1A,0x171C,0x1717,0x1717,0x1513,0x1716,0x1717,0x1717,
	0x1513,0x1716,0x1717,0x1717,0x1513,0x1716,0x1717,0x1717,
	0x1513,0x1716,0x1717,0x1717,0x1513,0x1716,0x1717,0x1717,
	0x1717,0x1717,0x1717,0x1017,0x1717,0x1717,0x1717,0x1017,
	0x1717,0x1717,0x1717,0x1017,0x1717,0x1717,0x1717,0x1717,
	0x1717,0x1717,0x1717,0x1717,0x1717,0x1717,0x1717,0x1717,
	0x1717,0x1717,0x1717,0x1717,0x1717,0x1717,0x1717,0x1717,

	0x1010,0x1010,0x1010,0x1010,0x1010,0x1010,0x1010,0x1010,
	0x1010,0x1010,0x1010,0x1010,0x1717,0x101F,0x1010,0x1010,
	0x1717,0x1017,0x1010,0x1010,0x1717,0x1017,0x1010,0x1010,
	0x1717,0x1017,0x1010,0x1010,0x1717,0x1017,0x1010,0x1010,
	0x1010,0x1010,0x1010,0x1010,0x1010,0x1010,0x1010,0x1010,
	0x1010,0x1010,0x1010,0x1010,0x1010,0x1010,0x1010,0x1010,
	0x1010,0x1010,0x1010,0x1010,0x1010,0x1010,0x1010,0x1010,
	0x1010,0x1010,0x1010,0x1010,0x1010,0x1010,0x1010,0x1010,

	0x1010,0x1010,0x1010,0x1010,0x1010,0x1010,0x1010,0x1010,
	0x1010,0x1010,0x1010,0x1010,0x1010,0x1010,0x1010,0x1010,
	0x1010,0x1010,0x1010,0x1010,0x1010,0x1010,0x1010,0x1010,
	0x1010,0x1010,0x1010,0x1010,0x1010,0x1010,0x1010,0x1010,
	0x1010,0x1010,0x1010,0x1010,0x1010,0x1010,0x1010,0x1010,
	0x1010,0x1010,0x1010,0x1010,0x1010,0x1010,0x1010,0x1010,
	0x1010,0x1010,0x1010,0x1010,0x1010,0x1010,0x1010,0x1010,
	0x1010,0x1010,0x1010,0x1010,0x1010,0x1010,0x1010,0x1010,

	0x1010,0x1010,0x1010,0x1010,0x1010,0x1010,0x1010,0x1010,
	0x1010,0x1010,0x1010,0x1010,0x1010,0x1010,0x1010,0x1010,
	0x1010,0x1010,0x1010,0x1010,0x1010,0x1010,0x1010,0x1010,
	0x1010,0x1010,0x1010,0x1010,0x1010,0x1010,0x1010,0x1010,
	0x1010,0x1010,0x1010,0x1010,0x1010,0x1010,0x1010,0x1010,
	0x1010,0x1010,0x1010,0x1010,0x1010,0x1010,0x1010,0x1010,
	0x1010,0x1010,0x1010,0x1010,0x1010,0x1010,0x1010,0x1010,
	0x1010,0x1010,0x1010,0x1010,0x1010,0x1010,0x1010,0x1010,

	0x1010,0x1010,0x1010,0x1010,0x1010,0x1010,0x1010,0x1010,
	0x1010,0x1010,0x1010,0x1010,0x1010,0x1010,0x1010,0x1010,
	0x1010,0x1010,0x1010,0x1010,0x1010,0x1010,0x1010,0x1010,
	0x1010,0x1010,0x1010,0x1010,0x1010,0x1010,0x1010,0x1010,
	0x1010,0x1010,0x1010,0x1010,0x1010,0x1010,0x1010,0x1010,
	0x1010,0x1010,0x1010,0x1010,0x1010,0x1010,0x1010,0x1010,
	0x1010,0x1010,0x1010,0x1010,0x1010,0x1010,0x1010,0x1010,
	0x1010,0x1010,0x1010,0x1010,0x1010,0x1010,0x1010,0x1010,

	0x1010,0x1010,0x1010,0x1010,0x1010,0x1010,0x1010,0x1010,
	0x1010,0x1010,0x1010,0x1010,0x1010,0x1010,0x1010,0x1010,
	0x1010,0x1010,0x1010,0x1010,0x1010,0x1010,0x1010,0x1010,
	0x1010,0x1010,0x1010,0x1010,0x1010,0x1010,0x1010,0x1010,
	0x1010,0x1010,0x1010,0x1010,0x1010,0x1010,0x1010,0x1010,
	0x1010,0x1010,0x1010,0x1010,0x1010,0x1010,0x1010,0x1010,
	0x1010,0x1010,0x1010,0x1010,0x1010,0x1010,0x1010,0x1010,
	0x1010,0x1010,0x1010,0x1010,0x1010,0x1010,0x1010,0x1010,

	0x1010,0x1010,0x1010,0x1010,0x1010,0x1010,0x1010,0x1010,
	0x1010,0x1010,0x1010,0x1010,0x1010,0x1010,0x1010,0x1010,
	0x1010,0x1010,0x1010,0x1010,0x1010,0x1010,0x1010,0x1010,
	0x1010,0x1010,0x1010,0x1010,0x1010,0x1010,0x1010,0x1010,
	0x1010,0x1010,0x1010,0x1010,0x1010,0x1010,0x1010,0x1010,
	0x1010,0x1010,0x1010,0x1010,0x1010,0x1010,0x1010,0x1010,
	0x1010,0x1010,0x1010,0x1010,0x1010,0x1010,0x1010,0x1010,
	0x1010,0x1010,0x1010,0x1010,0x1010,0x1010,0x1010,0x1010,

	0x1010,0x1010,0x1010,0x1010,0x1010,0x1010,0x1010,0x1010,
	0x1010,0x1010,0x1010,0x1010,0x1010,0x1010,0x1010,0x1010,
	0x1010,0x1010,0x1010,0x1010,0x1010,0x1010,0x1010,0x1010,
	0x1010,0x1010,0x1010,0x1010,0x1010,0x1010,0x1010,0x1010,
	0x1010,0x1010,0x1010,0x1010,0x1010,0x1010,0x1010,0x1010,
	0x1010,0x1010,0x1010,0x1010,0x1010,0x1010,0x1010,0x1010,
	0x1010,0x1010,0x1010,0x1010,0x1010,0x1010,0x1010,0x1010,
	0x1010,0x1010,0x1010,0x1010,0x1010,0x1010,0x1010,0x1010,

	0x1010,0x1010,0x1010,0x1010,0x1010,0x1010,0x1010,0x1010,
	0x1010,0x1010,0x1010,0x1010,0x1010,0x1010,0x1010,0x1010,
	0x1010,0x1010,0x1010,0x1010,0x1010,0x1010,0x1010,0x1010,
	0x1010,0x1010,0x1010,0x1010,0x1010,0x1010,0x1010,0x1010,
	0x1010,0x1010,0x1010,0x1010,0x1010,0x1010,0x1010,0x1010,
	0x1010,0x1010,0x1010,0x1010,0x1010,0x1010,0x1010,0x1010,
	0x1010,0x1010,0x1010,0x1010,0x1010,0x1010,0x1010,0x1010,
	0x1010,0x1010,0x1010,0x1010,0x1010,0x1010,0x1010,0x1010,

	0x1010,0x1010,0x1010,0x1010,0x1010,0x1010,0x1010,0x1010,
	0x1010,0x1010,0x1010,0x1010,0x1010,0x1010,0x1010,0x1010,
	0x1010,0x1010,0x1010,0x1010,0x1010,0x1010,0x1010,0x1010,
	0x1010,0x1010,0x1010,0x1010,0x1010,0x1010,0x1010,0x1010,
	0x1010,0x1010,0x1010,0x1010,0x1010,0x1010,0x1010,0x1010,
	0x1010,0x1010,0x1010,0x1010,0x1010,0x1010,0x1010,0x1010,
	0x1010,0x1010,0x1010,0x1010,0x1010,0x1010,0x1010,0x1010,
	0x1010,0x1010,0x1010,0x1010,0x1010,0x1010,0x1010,0x1010,

	0x1010,0x1010,0x1010,0x1010,0x1010,0x1010,0x1010,0x1010,
	0x1010,0x1010,0x1010,0x1010,0x1010,0x1010,0x1010,0x1010,
	0x1010,0x1010,0x1010,0x1010,0x1010,0x1010,0x1010,0x1010,
	0x1010,0x1010,0x1010,0x1010,0x1010,0x1010,0x1010,0x1010,
	0x1010,0x1010,0x1010,0x1010,0x1010,0x1010,0x1010,0x1010,
	0x1010,0x1010,0x1010,0x1010,0x1010,0x1010,0x1010,0x1010,
	0x1010,0x1010,0x1010,0x1010,0x1010,0x1010,0x1010,0x1010,
	0x1010,0x1010,0x1010,0x1010,0x1010,0x1B19,0x1717,0x1717,

	0x1010,0x1010,0x1010,0x1010,0x1010,0x1010,0x1010,0x1010,
	0x1010,0x1010,0x1010,0x1010,0x1010,0x1010,0x1716,0x1717,
	0x1010,0x1010,0x1717,0x1717,0x1010,0x1010,0x1717,0x1717,
	0x1010,0x1010,0x1717,0x1717,0x1717,0x1717,0x1717,0x1717,
	0x1010,0x1010,0x1010,0x1010,0x1010,0x1010,0x1010,0x1010,
	0x1010,0x1010,0x1010,0x1910,0x1717,0x1717,0x1717,0x1717,
	0x1717,0x1717,0x1717,0x1717,0x1717,0x1717,0x1717,0x1717,
	0x1717,0x1717,0x1717,0x1717,0x1717,0x1717,0x1717,0x1717,

	0x1010,0x1010,0x1010,0x1010,0x1010,0x1010,0x1010,0x1010,
	0x1C1C,0x1C1C,0x1C1C,0x1C1C,0x1717,0x1717,0x1C17,0x1717,
	0x1717,0x1717,0x1717,0x1717,0x1717,0x1717,0x1717,0x1717,
	0x1717,0x1717,0x1717,0x1717,0x1717,0x1717,0x1717,0x1717,
	0x1010,0x1010,0x1010,0x1010,0x1010,0x1010,0x1010,0x1010,
	0x1C1C,0x1C1C,0x191C,0x1010,0x1717,0x1717,0x1C17,0x101C,
	0x1717,0x1717,0x1717,0x101C,0x1717,0x1717,0x1717,0x1717,
	0x1717,0x1717,0x1717,0x1717,0x1717,0x1717,0x1717,0x1717,

	0x1010,0x1010,0x1010,0x1010,0x1010,0x1010,0x1010,0x1010,
	0x1010,0x1010,0x1010,0x1010,0x1010,0x1010,0x1010,0x1010,
	0x1010,0x1010,0x1010,0x1010,0x1717,0x1717,0x1616,0x1C1C,
	0x1717,0x1717,0x1717,0x1717,0x1717,0x1717,0x1717,0x1717,
	0x1010,0x1010,0x1010,0x1010,0x1010,0x1010,0x1010,0x1010,
	0x1010,0x1010,0x1010,0x1010,0x1010,0x1010,0x1010,0x1010,
	0x1010,0x1010,0x1010,0x1010,0x1111,0x1111,0x1014,0x1010,
	0x1717,0x1717,0x1717,0x1C17,0x1717,0x1717,0x1717,0x1717,

	0x1010,0x1010,0x1010,0x1010,0x1010,0x1010,0x1010,0x1010,
	0x1010,0x1010,0x1010,0x1010,0x1010,0x1010,0x1010,0x1010,
	0x1010,0x1010,0x1010,0x1010,0x1010,0x1010,0x1010,0x1010,
	0x1010,0x1010,0x1010,0x1010,0x1C17,0x1C1C,0x1C1C,0x1B17,
	0x1010,0x1010,0x1010,0x1010,0x1010,0x1010,0x1010,0x1010,
	0x1010,0x1010,0x1010,0x1010,0x1010,0x1010,0x1010,0x1010,
	0x1010,0x1010,0x1010,0x1010,0x1010,0x1010,0x1010,0x1010,
	0x1010,0x1010,0x1010,0x1010,0x1010,0x1010,0x1010,0x1010,

	0x1010,0x1010,0x1010,0x1010,0x1010,0x1010,0x1010,0x1010,
	0x1010,0x1010,0x1010,0x1010,0x1B11,0x1717,0x1717,0x1717,
	0x1716,0x1717,0x1717,0x1717,0x1717,0x1717,0x1717,0x1717,
	0x1717,0x1717,0x1717,0x1717,0x1717,0x1717,0x1717,0x1717,
	0x1010,0x1010,0x1010,0x1010,0x1010,0x1C19,0x171C,0x1C1C,
	0x1010,0x1717,0x1717,0x1717,0x1717,0x1717,0x1717,0x1717,
	0x1717,0x1717,0x1717,0x1717,0x1717,0x1717,0x1717,0x1717,
	0x1717,0x1717,0x1717,0x1717,0x1717,0x1717,0x1717,0x1717,

	0x1010,0x1010,0x1410,0x171C,0x171C,0x1717,0x171C,0x1717,
	0x1717,0x1717,0x1717,0x1717,0x1717,0x1717,0x1717,0x1717,
	0x1717,0x1717,0x1717,0x1717,0x1717,0x1717,0x1717,0x1717,
	0x1717,0x1717,0x1717,0x1717,0x1717,0x1717,0x1717,0x1717,
	0x1717,0x1717,0x1717,0x1C17,0x1717,0x1717,0x1717,0x1717,
	0x1717,0x1717,0x1717,0x1717,0x1717,0x1717,0x1717,0x1717,
	0x1717,0x1717,0x1717,0x1717,0x1717,0x1717,0x1717,0x1717,
	0x1717,0x1717,0x1717,0x1717,0x1717,0x1717,0x1717,0x1717,

	0x1C1C,0x111C,0x1014,0x1010,0x1717,0x1717,0x1C1C,0x1C1C,
	0x1717,0x1717,0x1717,0x1717,0x1717,0x1717,0x1717,0x1717,
	0x1717,0x1717,0x1717,0x1717,0x1717,0x1717,0x1717,0x1717,
	0x1717,0x1717,0x1717,0x1717,0x1717,0x1717,0x1717,0x1717,
	0x1010,0x1010,0x1010,0x1010,0x1C1C,0x1C1C,0x1C1C,0x101F,
	0x1717,0x1717,0x1717,0x1B17,0x1717,0x1717,0x1717,0x1B17,
	0x1717,0x1717,0x1717,0x161C,0x1717,0x1717,0x1717,0x161C,
	0x1717,0x1717,0x1717,0x1717,0x1717,0x1717,0x1717,0x1717,

	0x1010,0x1010,0x1010,0x1010,0x1010,0x1010,0x1010,0x1010,
	0x1010,0x1010,0x1010,0x1010,0x1010,0x1010,0x1010,0x1010,
	0x1616,0x1C16,0x1717,0x1C17,0x1616,0x171C,0x1717,0x1717,
	0x1717,0x1717,0x1717,0x1717,0x1717,0x1717,0x1717,0x1717,
	0x1010,0x1010,0x171B,0x1C1C,0x1010,0x1110,0x1717,0x1717,
	0x1010,0x1B10,0x1717,0x1717,0x1010,0x1610,0x1717,0x1717,
	0x1117,0x1610,0x1717,0x1717,0x1A1C,0x1E15,0x171C,0x1717,
	0x151D,0x1515,0x1C1D,0x1717,0x151A,0x1515,0x1C1A,0x1717,

	0x1C1C,0x1C1C,0x1C1C,0x1C1C,0x1717,0x1717,0x1717,0x1717,
	0x1717,0x1717,0x1717,0x1717,0x1717,0x1717,0x1717,0x1717,
	0x1717,0x1717,0x1717,0x1717,0x1717,0x1717,0x1717,0x1717,
	0x1717,0x1717,0x1717,0x1717,0x1717,0x1717,0x1717,0x1717,
	0x1C1C,0x1417,0x1010,0x1010,0x1717,0x1C17,0x1010,0x1010,
	0x1717,0x1717,0x1010,0x1010,0x1717,0x1717,0x1010,0x1010,
	0x1717,0x1717,0x1010,0x1010,0x1717,0x1717,0x1010,0x1010,
	0x1717,0x1717,0x1010,0x1010,0x1717,0x1717,0x1414,0x1414,

	0x1010,0x1010,0x1010,0x1010,0x1010,0x1010,0x1010,0x1010,
	0x1010,0x1010,0x1010,0x1010,0x1010,0x1010,0x1010,0x1010,
	0x1010,0x1010,0x1010,0x1010,0x1010,0x1010,0x1010,0x1010,
	0x1010,0x1010,0x1010,0x1010,0x1414,0x1010,0x1010,0x1010,
	0x1010,0x1010,0x1010,0x1010,0x1010,0x1010,0x1010,0x1010,
	0x1010,0x1010,0x1010,0x1010,0x1010,0x1010,0x1010,0x1010,
	0x1010,0x1010,0x1010,0x1010,0x1010,0x1010,0x1010,0x1010,
	0x1010,0x1010,0x1010,0x1010,0x1010,0x1010,0x1010,0x1010,

	0x1010,0x1010,0x1010,0x1010,0x1010,0x1010,0x1010,0x1010,
	0x1010,0x1010,0x1010,0x1010,0x1010,0x1010,0x1010,0x1010,
	0x1010,0x1010,0x1010,0x1010,0x1010,0x1010,0x1010,0x1010,
	0x1010,0x1010,0x1010,0x1010,0x1010,0x1010,0x1010,0x1010,
	0x1010,0x1010,0x1010,0x1010,0x1010,0x1010,0x1010,0x1010,
	0x1010,0x1010,0x1010,0x1010,0x1010,0x1010,0x1010,0x1010,
	0x1010,0x1010,0x1010,0x1010,0x1010,0x1010,0x1010,0x1010,
	0x1010,0x1010,0x1010,0x1010,0x1010,0x1010,0x1010,0x1010,

	0x1010,0x1010,0x1010,0x1010,0x1010,0x1010,0x1010,0x1010,
	0x1010,0x1010,0x1010,0x1010,0x1010,0x1010,0x1010,0x1010,
	0x1010,0x1010,0x1010,0x1010,0x1010,0x1010,0x1010,0x1010,
	0x1010,0x1010,0x1010,0x1010,0x1010,0x1010,0x1010,0x1010,
	0x1010,0x1010,0x1010,0x1010,0x1010,0x1010,0x1010,0x1010,
	0x1010,0x1010,0x1010,0x1010,0x1010,0x1010,0x1010,0x1010,
	0x1010,0x1010,0x1010,0x1010,0x1010,0x1010,0x1010,0x1010,
	0x1010,0x1010,0x1010,0x1010,0x1010,0x1010,0x1010,0x1010,

	0x1010,0x1010,0x1010,0x1010,0x1010,0x1010,0x1010,0x1010,
	0x1010,0x1010,0x1010,0x1010,0x1010,0x1010,0x1010,0x1010,
	0x1010,0x1010,0x1010,0x1010,0x1010,0x1010,0x1010,0x1010,
	0x1010,0x1010,0x1010,0x1010,0x1010,0x1010,0x1010,0x1010,
	0x1010,0x1010,0x1010,0x1010,0x1010,0x1010,0x1010,0x1010,
	0x1010,0x1010,0x1010,0x1010,0x1010,0x1010,0x1010,0x1010,
	0x1010,0x1010,0x1010,0x1010,0x1010,0x1010,0x1010,0x1010,
	0x1010,0x1010,0x1010,0x1010,0x1010,0x1010,0x1010,0x1010,

	0x1010,0x1010,0x1010,0x1010,0x1010,0x1010,0x1010,0x1010,
	0x1010,0x1010,0x1010,0x1010,0x1010,0x1010,0x1010,0x1010,
	0x1010,0x1010,0x1010,0x1010,0x1010,0x1010,0x1010,0x1010,
	0x1010,0x1010,0x1010,0x1010,0x1010,0x1010,0x1010,0x1010,
	0x1010,0x1010,0x1010,0x1010,0x1010,0x1010,0x1010,0x1010,
	0x1010,0x1010,0x1010,0x1010,0x1010,0x1010,0x1010,0x1010,
	0x1010,0x1010,0x1010,0x1010,0x1010,0x1010,0x1010,0x1010,
	0x1010,0x1010,0x1010,0x1010,0x1010,0x1010,0x1010,0x1010,

	0x1010,0x1010,0x1010,0x1010,0x1010,0x1010,0x1010,0x1010,
	0x1010,0x1010,0x1010,0x1010,0x1010,0x1010,0x1010,0x1010,
	0x1010,0x1010,0x1010,0x1010,0x1010,0x1010,0x1010,0x1010,
	0x1010,0x1010,0x1010,0x1010,0x1010,0x1010,0x1010,0x1010,
	0x1010,0x1010,0x1010,0x1010,0x1010,0x1010,0x1010,0x1010,
	0x1010,0x1010,0x1010,0x1010,0x1010,0x1010,0x1010,0x1010,
	0x1010,0x1010,0x1010,0x1010,0x1010,0x1010,0x1010,0x1010,
	0x1010,0x1010,0x1010,0x1010,0x1010,0x1010,0x1010,0x1010,

	0x1010,0x1010,0x1010,0x1010,0x1010,0x1010,0x1010,0x1010,
	0x1010,0x1010,0x1010,0x1010,0x1010,0x1010,0x1010,0x1010,
	0x1010,0x1010,0x1010,0x1010,0x1010,0x1010,0x1010,0x1010,
	0x1010,0x1010,0x1010,0x1010,0x1010,0x1010,0x1010,0x1010,
	0x1010,0x1010,0x1010,0x1C10,0x1010,0x1010,0x1010,0x1710,
	0x1010,0x1010,0x1010,0x1710,0x1010,0x1010,0x1010,0x1710,
	0x1010,0x1010,0x1010,0x1710,0x1010,0x1010,0x1010,0x1710,
	0x1010,0x1010,0x1010,0x1B10,0x1010,0x1010,0x1010,0x1C10,

	0x1717,0x1717,0x1717,0x1D17,0x1717,0x1717,0x1717,0x1D17,
	0x1717,0x1717,0x1717,0x1D17,0x1717,0x1717,0x1717,0x1D17,
	0x1717,0x1717,0x1717,0x1617,0x1717,0x1717,0x1717,0x1717,
	0x1717,0x1717,0x1717,0x1717,0x171C,0x1717,0x1717,0x1717,
	0x1515,0x1515,0x1515,0x1515,0x1515,0x1515,0x1515,0x1515,
	0x1515,0x1515,0x1515,0x1515,0x1515,0x1515,0x1515,0x1515,
	0x1E1A,0x1515,0x1515,0x1515,0x1D17,0x1515,0x1515,0x1515,
	0x1A17,0x1515,0x1515,0x1515,0x1A17,0x1515,0x1515,0x1515,

	0x1515,0x161A,0x151D,0x1315,0x1515,0x1515,0x1515,0x1318,
	0x1515,0x1515,0x1515,0x1313,0x1515,0x1515,0x1515,0x1313,
	0x1515,0x1515,0x1515,0x1313,0x1515,0x1515,0x1515,0x1313,
	0x1515,0x1515,0x1515,0x1313,0x1515,0x1515,0x1515,0x1313,
	0x1313,0x1313,0x1313,0x1313,0x1313,0x1313,0x1313,0x1313,
	0x1313,0x1313,0x1313,0x1313,0x1313,0x1313,0x1313,0x1313,
	0x1313,0x1313,0x1313,0x1313,0x1313,0x1313,0x1313,0x1313,
	0x1313,0x1313,0x1313,0x1313,0x1313,0x1313,0x1313,0x1313,

	0x1313,0x1313,0x1313,0x1313,0x1313,0x1313,0x1313,0x1313,
	0x1313,0x1313,0x1313,0x1313,0x1313,0x1313,0x1313,0x1313,
	0x1313,0x1313,0x1313,0x1313,0x1313,0x1313,0x1313,0x1313,
	0x1313,0x1313,0x1313,0x1313,0x1313,0x1313,0x1313,0x1313,
	0x1313,0x1313,0x1313,0x1313,0x1313,0x1313,0x1313,0x1313,
	0x1313,0x1313,0x1313,0x1313,0x1313,0x1313,0x1313,0x1313,
	0x1313,0x1313,0x1313,0x1313,0x1313,0x1313,0x1313,0x1313,
	0x1313,0x1313,0x1313,0x1313,0x1313,0x1313,0x1313,0x1313,

	0x1313,0x1313,0x1313,0x1313,0x1313,0x1313,0x1313,0x1313,
	0x1313,0x1313,0x1313,0x1313,0x1313,0x1313,0x1313,0x1313,
	0x1313,0x1313,0x1313,0x1313,0x1313,0x1313,0x1313,0x1313,
	0x1313,0x1313,0x1313,0x1313,0x1313,0x1313,0x1313,0x1313,
	0x1313,0x1313,0x1313,0x1313,0x1313,0x1313,0x1313,0x1313,
	0x1313,0x1313,0x1313,0x1313,0x1313,0x1313,0x1313,0x1313,
	0x1313,0x1313,0x1313,0x1313,0x1313,0x1313,0x1313,0x1313,
	0x1313,0x1313,0x1313,0x1313,0x1313,0x1313,0x1313,0x1313,

	0x1313,0x1318,0x1313,0x1313,0x1313,0x1313,0x1313,0x1313,
	0x1313,0x1313,0x1313,0x1313,0x1313,0x1313,0x1313,0x1313,
	0x1313,0x1313,0x1313,0x1313,0x1313,0x1313,0x1313,0x1313,
	0x1313,0x1313,0x1313,0x1313,0x1313,0x1313,0x1313,0x1313,
	0x1313,0x1313,0x1313,0x1313,0x1313,0x1313,0x1313,0x1313,
	0x1313,0x1313,0x1313,0x1313,0x1313,0x1313,0x1313,0x1313,
	0x1313,0x1313,0x1313,0x1313,0x1313,0x1313,0x1313,0x1313,
	0x1313,0x1313,0x1313,0x1313,0x1313,0x1313,0x1313,0x1313,

	0x1513,0x1716,0x1717,0x1717,0x1513,0x1716,0x1717,0x1717,
	0x1513,0x1716,0x1717,0x1717,0x1513,0x1716,0x1717,0x1717,
	0x1513,0x1716,0x1717,0x1717,0x1513,0x1716,0x1717,0x1717,
	0x1513,0x1C16,0x1C1C,0x1C1C,0x1813,0x1A1E,0x1A1A,0x1A1A,
	0x1717,0x1717,0x1717,0x1717,0x1717,0x1717,0x1717,0x1717,
	0x1717,0x1717,0x1717,0x1717,0x1717,0x1717,0x1717,0x1717,
	0x1717,0x1717,0x1717,0x1717,0x1717,0x1717,0x1717,0x1717,
	0x1C1C,0x171C,0x1717,0x1717,0x1A1A,0x1C1D,0x1717,0x1717,

	0x1717,0x1017,0x1010,0x1010,0x1717,0x1017,0x1010,0x1010,
	0x1717,0x1017,0x1010,0x1010,0x1717,0x1017,0x1010,0x1910,
	0x1717,0x1017,0x1010,0x1C10,0x1717,0x1717,0x111B,0x1710,
	0x1717,0x1717,0x1617,0x1710,0x1717,0x1717,0x1717,0x1710,
	0x1010,0x1010,0x1010,0x1010,0x1010,0x1010,0x1010,0x1010,
	0x1010,0x1010,0x1010,0x1010,0x1617,0x1C1C,0x1C1C,0x1C1C,
	0x1717,0x1717,0x1717,0x1717,0x1717,0x1717,0x1717,0x1717,
	0x1717,0x1717,0x1717,0x1717,0x1717,0x1717,0x1717,0x1717,

	0x1010,0x1010,0x1010,0x1010,0x1910,0x171B,0x1717,0x1717,
	0x1610,0x1717,0x1717,0x1717,0x171C,0x1717,0x1717,0x1717,
	0x1717,0x1717,0x1717,0x1717,0x1717,0x1717,0x1717,0x1717,
	0x1717,0x1717,0x1717,0x1717,0x1717,0x1717,0x1717,0x1717,
	0x1010,0x1010,0x1010,0x1010,0x1717,0x1717,0x1717,0x1C17,
	0x1717,0x1717,0x1717,0x1717,0x1717,0x1717,0x1717,0x1717,
	0x1717,0x1717,0x1717,0x1717,0x1717,0x1717,0x1717,0x1717,
	0x1717,0x1717,0x1717,0x1717,0x1717,0x1717,0x1717,0x1717,

	0x1010,0x1010,0x1010,0x1010,0x111C,0x1010,0x1010,0x1010,
	0x1617,0x1010,0x1010,0x1010,0x1717,0x1010,0x1010,0x1010,
	0x1717,0x1717,0x1717,0x1717,0x1717,0x1717,0x1717,0x1717,
	0x1717,0x1717,0x1717,0x1717,0x1717,0x1717,0x1717,0x1717,
	0x1010,0x1010,0x1010,0x1010,0x1010,0x1010,0x1010,0x1010,
	0x1010,0x1010,0x1010,0x1010,0x1010,0x1010,0x1010,0x1010,
	0x1717,0x1F17,0x1010,0x1010,0x1717,0x1717,0x1010,0x1010,
	0x1717,0x1717,0x1717,0x141B,0x1717,0x1717,0x1717,0x1617,

	0x1010,0x1010,0x1010,0x1010,0x1010,0x1010,0x1010,0x1010,
	0x1010,0x1010,0x1010,0x1010,0x1010,0x1010,0x1010,0x1010,
	0x1010,0x1010,0x1010,0x1010,0x1010,0x1010,0x1010,0x1010,
	0x1010,0x1010,0x1010,0x1010,0x1010,0x1010,0x1010,0x1010,
	0x1010,0x1010,0x1010,0x1010,0x1010,0x1010,0x1010,0x1010,
	0x1010,0x1010,0x1010,0x1010,0x1010,0x1010,0x1010,0x1010,
	0x1010,0x1010,0x1010,0x1010,0x1010,0x1010,0x1010,0x1010,
	0x1010,0x1010,0x1010,0x1010,0x1010,0x1010,0x1010,0x1010,

	0x1010,0x1010,0x1010,0x1010,0x1010,0x1010,0x1010,0x1010,
	0x1010,0x1010,0x1010,0x1010,0x1010,0x1010,0x1010,0x1010,
	0x1010,0x1010,0x1010,0x1010,0x1010,0x1010,0x1010,0x1010,
	0x1010,0x1010,0x1010,0x1010,0x1010,0x1010,0x1010,0x1010,
	0x1010,0x1010,0x1010,0x1010,0x1010,0x1010,0x1010,0x1010,
	0x1010,0x1010,0x1010,0x1010,0x1010,0x1010,0x1010,0x1010,
	0x1010,0x1010,0x1010,0x1010,0x1010,0x1010,0x1010,0x1010,
	0x1010,0x1010,0x1010,0x1010,0x1010,0x1010,0x1010,0x1010,

	0x1010,0x1010,0x1010,0x1010,0x1010,0x1010,0x1010,0x1010,
	0x1010,0x1010,0x1010,0x1010,0x1010,0x1010,0x1010,0x1010,
	0x1010,0x1010,0x1010,0x1010,0x1010,0x1010,0x1010,0x1010,
	0x1010,0x1010,0x1010,0x1010,0x1010,0x1010,0x1010,0x1010,
	0x1010,0x1010,0x1010,0x1010,0x1010,0x1010,0x1010,0x1010,
	0x1010,0x1010,0x1010,0x1010,0x1010,0x1010,0x1010,0x1010,
	0x1010,0x1010,0x1010,0x1010,0x1010,0x1010,0x1010,0x1010,
	0x1010,0x1010,0x1010,0x1010,0x1010,0x1010,0x1010,0x1010,

	0x1010,0x1010,0x1010,0x1010,0x1010,0x1010,0x1010,0x1010,
	0x1010,0x1010,0x1010,0x1010,0x1010,0x1010,0x1010,0x1010,
	0x1010,0x1010,0x1010,0x1010,0x1010,0x1010,0x1010,0x1010,
	0x1010,0x1010,0x1010,0x1010,0x1010,0x1010,0x1010,0x1010,
	0x1010,0x1010,0x1010,0x1010,0x1010,0x1010,0x1010,0x1010,
	0x1010,0x1010,0x1010,0x1010,0x1010,0x1010,0x1010,0x1010,
	0x1010,0x1010,0x1010,0x1010,0x1010,0x1010,0x1010,0x1010,
	0x1010,0x1010,0x1010,0x1010,0x1010,0x1010,0x1010,0x1010,

	0x1010,0x1010,0x1010,0x1010,0x1010,0x1010,0x1010,0x1010,
	0x1010,0x1010,0x1010,0x1010,0x1010,0x1010,0x1010,0x1010,
	0x1010,0x1010,0x1010,0x1010,0x1010,0x1010,0x1010,0x1010,
	0x1010,0x1010,0x1010,0x1010,0x1010,0x1010,0x1010,0x1010,
	0x1010,0x1010,0x1010,0x1010,0x1010,0x1010,0x1010,0x1010,
	0x1010,0x1010,0x1010,0x1010,0x1010,0x1010,0x1010,0x1010,
	0x1010,0x1010,0x1010,0x1010,0x1010,0x1010,0x1010,0x1010,
	0x1010,0x1010,0x1010,0x1010,0x1010,0x1010,0x1010,0x1010,

	0x1010,0x1010,0x1010,0x1010,0x1010,0x1010,0x1010,0x1010,
	0x1010,0x1010,0x1010,0x1010,0x1010,0x1010,0x1010,0x1010,
	0x1010,0x1010,0x1010,0x1010,0x1010,0x1010,0x1010,0x1010,
	0x1010,0x1010,0x1010,0x1010,0x1010,0x1010,0x1010,0x1010,
	0x1010,0x1010,0x1010,0x1010,0x1010,0x1010,0x1010,0x1010,
	0x1010,0x1010,0x1010,0x1010,0x1010,0x1010,0x1010,0x1010,
	0x1010,0x1010,0x1010,0x1010,0x1010,0x1010,0x1010,0x1010,
	0x1010,0x1010,0x1010,0x1010,0x1010,0x1010,0x1010,0x1010,

	0x1010,0x1010,0x1010,0x1010,0x1010,0x1010,0x1010,0x1010,
	0x1010,0x1010,0x1010,0x1010,0x1010,0x1010,0x1010,0x1010,
	0x1010,0x1010,0x1010,0x1010,0x1010,0x1C17,0x1717,0x1717,
	0x1010,0x171C,0x1717,0x1717,0x1010,0x1717,0x1717,0x1717,
	0x1010,0x1717,0x1717,0x1717,0x1010,0x171C,0x1717,0x1717,
	0x1010,0x171C,0x1717,0x1717,0x1010,0x171C,0x1717,0x1717,
	0x1010,0x1717,0x1717,0x1717,0x1717,0x1717,0x1717,0x1717,
	0x1717,0x1717,0x1717,0x1717,0x1717,0x1717,0x1717,0x1717,

	0x1717,0x1717,0x1717,0x1717,0x1717,0x1717,0x1717,0x1717,
	0x1717,0x1717,0x1717,0x1717,0x1717,0x1717,0x1717,0x1717,
	0x1717,0x1717,0x1717,0x1717,0x1717,0x1717,0x1717,0x1717,
	0x1717,0x1717,0x1717,0x1717,0x1717,0x1717,0x1717,0x1717,
	0x1717,0x1717,0x1717,0x1717,0x1717,0x1717,0x1717,0x1717,
	0x1717,0x1717,0x1717,0x1717,0x1717,0x1717,0x1717,0x1717,
	0x1717,0x1717,0x1717,0x1717,0x1717,0x1717,0x1717,0x1717,
	0x1717,0x1717,0x1717,0x1717,0x1717,0x1717,0x1717,0x1717,

	0x1717,0x1717,0x1717,0x1717,0x1717,0x1717,0x1717,0x1717,
	0x1717,0x1717,0x1717,0x1717,0x1717,0x1717,0x1717,0x1717,
	0x1717,0x1717,0x1717,0x1717,0x1717,0x1717,0x1717,0x1717,
	0x1717,0x1717,0x1717,0x1717,0x1717,0x1717,0x1717,0x1717,
	0x1717,0x1717,0x1717,0x1717,0x1717,0x1717,0x1717,0x1717,
	0x1717,0x1717,0x1717,0x1717,0x1717,0x1717,0x1717,0x1717,
	0x1717,0x1717,0x1717,0x1717,0x1717,0x1717,0x1717,0x1717,
	0x1717,0x1717,0x1717,0x1717,0x1717,0x1717,0x1717,0x1717,

	0x1717,0x1717,0x1717,0x1717,0x1717,0x1717,0x1717,0x1717,
	0x1717,0x1717,0x1717,0x1717,0x1717,0x1717,0x1717,0x1717,
	0x1717,0x1717,0x1717,0x1717,0x1717,0x1717,0x1717,0x1717,
	0x1717,0x1717,0x1717,0x1717,0x1717,0x1717,0x1717,0x1717,
	0x1717,0x1717,0x1717,0x1717,0x1717,0x1717,0x1717,0x1717,
	0x1717,0x1717,0x1717,0x1717,0x1717,0x1717,0x1717,0x1717,
	0x1717,0x1717,0x1717,0x1717,0x1717,0x1717,0x1717,0x1717,
	0x1717,0x1717,0x1717,0x1717,0x1717,0x1717,0x1717,0x1717,

	0x1717,0x1717,0x1717,0x1617,0x1717,0x1717,0x1717,0x1717,
	0x1717,0x1717,0x1717,0x1717,0x1717,0x1717,0x1717,0x1717,
	0x1717,0x1717,0x1717,0x1717,0x1717,0x1717,0x1717,0x1717,
	0x1717,0x1717,0x1717,0x1717,0x1717,0x1717,0x1717,0x1717,
	0x1010,0x1010,0x1010,0x1010,0x1717,0x1717,0x1717,0x1717,
	0x1C1C,0x1C1C,0x1C1C,0x1C1C,0x171C,0x1717,0x1717,0x1717,
	0x1C1C,0x1717,0x1717,0x1717,0x1C1C,0x1717,0x1717,0x1717,
	0x1C16,0x1717,0x1717,0x1717,0x171C,0x1717,0x1717,0x1717,

	0x171C,0x1717,0x1717,0x1717,0x1717,0x1717,0x1717,0x1717,
	0x171C,0x1717,0x1717,0x1717,0x1717,0x1717,0x1717,0x1717,
	0x1717,0x1717,0x1717,0x1717,0x1717,0x1717,0x1717,0x1717,
	0x1717,0x1717,0x1717,0x1717,0x1717,0x1717,0x1717,0x1717,
	0x1717,0x1717,0x1717,0x1717,0x1717,0x1717,0x1717,0x1717,
	0x1717,0x1717,0x1717,0x1717,0x1717,0x1717,0x1717,0x1717,
	0x1717,0x1717,0x1717,0x1717,0x1717,0x1717,0x1717,0x1717,
	0x1717,0x1717,0x1717,0x1717,0x1717,0x1717,0x1717,0x1717,

	0x1717,0x1717,0x1717,0x1717,0x1717,0x1717,0x1717,0x1717,
	0x1717,0x1717,0x1717,0x1717,0x1717,0x1717,0x1717,0x1717,
	0x1717,0x1717,0x1717,0x1717,0x1717,0x1717,0x1717,0x1717,
	0x1717,0x1717,0x1717,0x1717,0x1C1C,0x1C1C,0x1C1C,0x1717,
	0x1717,0x1717,0x1717,0x1717,0x1717,0x1717,0x1717,0x1717,
	0x1717,0x1717,0x1717,0x1717,0x1717,0x1717,0x1717,0x1717,
	0x1717,0x1717,0x1717,0x1717,0x1717,0x1717,0x1717,0x1717,
	0x1717,0x1717,0x1717,0x1717,0x1C17,0x1616,0x1616,0x1616,

	0x1717,0x1717,0x1717,0x1717,0x1717,0x1717,0x1717,0x1717,
	0x1717,0x1717,0x1717,0x1717,0x1717,0x1717,0x1717,0x1717,
	0x1717,0x1717,0x1717,0x1717,0x1717,0x1717,0x1717,0x1717,
	0x1717,0x1717,0x1717,0x1717,0x171C,0x1717,0x1C17,0x1C1C,
	0x1717,0x1717,0x1717,0x1717,0x1717,0x1717,0x1717,0x1717,
	0x1717,0x1717,0x1717,0x1717,0x1717,0x1717,0x1717,0x1717,
	0x1717,0x1717,0x1717,0x1717,0x1717,0x1717,0x1717,0x1717,
	0x1717,0x1717,0x1717,0x1717,0x1C1C,0x1717,0x1717,0x1717,

	0x1717,0x1717,0x1717,0x1C17,0x1717,0x1717,0x1717,0x1717,
	0x1717,0x1717,0x1717,0x1717,0x1717,0x1717,0x1717,0x1717,
	0x1717,0x1717,0x1717,0x1717,0x1717,0x1717,0x1717,0x1717,
	0x1717,0x1717,0x1717,0x1717,0x1717,0x1717,0x1717,0x1717,
	0x1A1D,0x1A1E,0x1C1D,0x1717,0x1C17,0x1C1C,0x171C,0x1717,
	0x1717,0x1717,0x1717,0x1717,0x1717,0x1717,0x1717,0x1717,
	0x1717,0x1717,0x1717,0x1717,0x1717,0x1717,0x1717,0x1717,
	0x1717,0x1717,0x1717,0x1717,0x1717,0x1717,0x1717,0x1717,

	0x1717,0x1717,0x1717,0x1717,0x1717,0x1717,0x1717,0x1717,
	0x1717,0x1717,0x1717,0x1717,0x1717,0x1717,0x1717,0x1717,
	0x1717,0x1717,0x1717,0x1717,0x1717,0x1717,0x1717,0x1717,
	0x1717,0x1717,0x1717,0x1717,0x1717,0x1717,0x1717,0x1717,
	0x1717,0x1C17,0x1717,0x1717,0x1717,0x1717,0x1717,0x1717,
	0x1717,0x1717,0x1717,0x1717,0x1717,0x1717,0x1717,0x1717,
	0x1717,0x1717,0x1717,0x1717,0x1717,0x1717,0x1717,0x1717,
	0x1717,0x1717,0x1717,0x1717,0x1717,0x1717,0x1717,0x1717,

	0x1717,0x1416,0x1010,0x1010,0x1717,0x1117,0x1010,0x1010,
	0x1717,0x1C17,0x1010,0x1010,0x1717,0x1C17,0x1010,0x1010,
	0x1717,0x1C17,0x1010,0x1010,0x1717,0x1C17,0x1010,0x1010,
	0x1717,0x1C17,0x1010,0x1010,0x1717,0x151C,0x1E18,0x1010,
	0x1010,0x1010,0x1010,0x1010,0x1010,0x1010,0x1010,0x1010,
	0x1010,0x1010,0x1010,0x1010,0x1010,0x1010,0x1010,0x1010,
	0x1010,0x1010,0x1010,0x1010,0x1010,0x1010,0x1010,0x1010,
	0x1010,0x1010,0x1010,0x1010,0x1010,0x1010,0x1010,0x1010,

	0x1010,0x1010,0x1010,0x1010,0x1010,0x1010,0x1010,0x1010,
	0x1010,0x1010,0x1010,0x1010,0x1010,0x1010,0x1010,0x1010,
	0x1010,0x1010,0x1010,0x1010,0x1010,0x1010,0x1010,0x1010,
	0x1010,0x1010,0x1010,0x1010,0x1010,0x1010,0x1010,0x1010,
	0x1010,0x1010,0x1010,0x1010,0x1010,0x1010,0x1010,0x1010,
	0x1010,0x1010,0x1010,0x1010,0x1010,0x1010,0x1010,0x1010,
	0x1010,0x1010,0x1010,0x1010,0x1010,0x1010,0x1010,0x1010,
	0x1010,0x1010,0x1010,0x1010,0x1010,0x1010,0x1010,0x1010,

	0x1010,0x1010,0x1010,0x1010,0x1010,0x1010,0x1010,0x1010,
	0x1010,0x1010,0x1010,0x1010,0x1010,0x1010,0x1010,0x1010,
	0x1010,0x1010,0x1010,0x1010,0x1010,0x1010,0x1010,0x1010,
	0x1010,0x1010,0x1010,0x1010,0x1010,0x1010,0x1010,0x1010,
	0x1010,0x1010,0x1010,0x1010,0x1010,0x1010,0x1010,0x1010,
	0x1010,0x1010,0x1010,0x1010,0x1010,0x1010,0x1010,0x1010,
	0x1010,0x1010,0x1010,0x1010,0x1010,0x1010,0x1010,0x1010,
	0x1010,0x1010,0x1010,0x1010,0x1010,0x1010,0x1010,0x1010,

	0x1010,0x1010,0x1010,0x1010,0x1010,0x1010,0x1010,0x1010,
	0x1010,0x1010,0x1010,0x1010,0x1010,0x1010,0x1010,0x1010,
	0x1010,0x1010,0x1010,0x1010,0x1010,0x1010,0x1010,0x1010,
	0x1010,0x1010,0x1010,0x1010,0x1010,0x1010,0x1010,0x1010,
	0x1010,0x1010,0x1010,0x1010,0x1010,0x1010,0x1010,0x1010,
	0x1010,0x1010,0x1010,0x1010,0x1010,0x1010,0x1010,0x1010,
	0x1010,0x1010,0x1010,0x1010,0x1010,0x1010,0x1010,0x1010,
	0x1010,0x1010,0x1010,0x1010,0x1010,0x1010,0x1010,0x1010,

	0x1010,0x1010,0x1010,0x1010,0x1010,0x1010,0x1010,0x1010,
	0x1010,0x1010,0x1010,0x1010,0x1010,0x1010,0x1010,0x1010,
	0x1010,0x1010,0x1010,0x1010,0x1010,0x1010,0x1010,0x1010,
	0x1010,0x1010,0x1010,0x1010,0x1010,0x1010,0x1010,0x1010,
	0x1010,0x1010,0x1010,0x1010,0x1010,0x1010,0x1010,0x1010,
	0x1010,0x1010,0x1010,0x1010,0x1010,0x1010,0x1010,0x1010,
	0x1010,0x1010,0x1010,0x1010,0x1010,0x1010,0x1010,0x1010,
	0x1010,0x1010,0x1010,0x1010,0x1010,0x1010,0x1010,0x1010,

	0x1010,0x1010,0x1010,0x1010,0x1010,0x1010,0x1010,0x1010,
	0x1010,0x1010,0x1010,0x1010,0x1010,0x1010,0x1010,0x1010,
	0x1010,0x1010,0x1010,0x1010,0x1010,0x1010,0x1010,0x1010,
	0x1010,0x1010,0x1010,0x1010,0x1010,0x1010,0x1010,0x1010,
	0x1010,0x1010,0x1010,0x1010,0x1010,0x1010,0x1010,0x1010,
	0x1010,0x1010,0x1010,0x1010,0x1010,0x1010,0x1010,0x1010,
	0x1010,0x1010,0x1010,0x1010,0x1010,0x1010,0x1010,0x1010,
	0x1010,0x1010,0x1010,0x1010,0x1010,0x1010,0x1010,0x1010,

	0x1010,0x1010,0x1010,0x1010,0x1010,0x1010,0x1010,0x1010,
	0x1010,0x1010,0x1010,0x1010,0x1010,0x1010,0x1010,0x1010,
	0x1010,0x1010,0x1010,0x1010,0x1010,0x1010,0x1010,0x1010,
	0x1010,0x1010,0x1010,0x1010,0x1010,0x1010,0x1010,0x1010,
	0x1010,0x1010,0x1010,0x1010,0x1010,0x1010,0x1010,0x1010,
	0x1010,0x1010,0x1010,0x1010,0x1010,0x1010,0x1010,0x1010,
	0x1010,0x1010,0x1010,0x1010,0x1010,0x1010,0x1010,0x1010,
	0x1010,0x1010,0x1010,0x1010,0x1010,0x1010,0x1010,0x1010,

	0x1B10,0x1717,0x1717,0x1717,0x1B10,0x1717,0x1717,0x1717,
	0x1B10,0x1717,0x1717,0x1717,0x1F10,0x1717,0x1717,0x1717,
	0x1F10,0x1717,0x1717,0x1717,0x1F10,0x1717,0x1717,0x1717,
	0x1F10,0x1717,0x1717,0x1717,0x1710,0x1717,0x1717,0x1717,
	0x1A17,0x1515,0x1515,0x1515,0x1A17,0x1515,0x1515,0x1515,
	0x1E17,0x1515,0x1515,0x1515,0x1A1C,0x1515,0x1515,0x1515,
	0x1D17,0x151E,0x1515,0x1515,0x1717,0x1516,0x1515,0x1515,
	0x1717,0x151D,0x1515,0x1515,0x1717,0x151D,0x1515,0x1515,

	0x1515,0x1515,0x1815,0x1313,0x1515,0x1515,0x1515,0x1313,
	0x1515,0x1515,0x1515,0x1318,0x1515,0x1515,0x1515,0x1318,
	0x1515,0x1515,0x1515,0x1318,0x1515,0x1515,0x1515,0x1318,
	0x1515,0x1515,0x1515,0x1318,0x1515,0x1515,0x1515,0x1313,
	0x1313,0x1313,0x1313,0x1313,0x1313,0x1313,0x1313,0x1313,
	0x1313,0x1313,0x1313,0x1313,0x1313,0x1313,0x1313,0x1313,
	0x1313,0x1313,0x1313,0x1313,0x1313,0x1313,0x1313,0x1313,
	0x1313,0x1313,0x1313,0x1313,0x1313,0x1313,0x1313,0x1313,

	0x1313,0x1313,0x1313,0x1313,0x1313,0x1313,0x1313,0x1313,
	0x1313,0x1313,0x1313,0x1313,0x1313,0x1313,0x1313,0x1313,
	0x1313,0x1313,0x1313,0x1313,0x1313,0x1313,0x1313,0x1313,
	0x1313,0x1313,0x1313,0x1313,0x1313,0x1313,0x1313,0x1313,
	0x1313,0x1313,0x1313,0x1313,0x1313,0x1313,0x1313,0x1313,
	0x1313,0x1313,0x1313,0x1313,0x1313,0x1313,0x1313,0x1313,
	0x1313,0x1313,0x1313,0x1313,0x1313,0x1313,0x1313,0x1313,
	0x1313,0x1313,0x1313,0x1313,0x1313,0x1313,0x1313,0x1313,

	0x1313,0x1313,0x1313,0x1313,0x1313,0x1313,0x1313,0x1313,
	0x1313,0x1313,0x1313,0x1313,0x1313,0x1313,0x1313,0x1313,
	0x1313,0x1313,0x1313,0x1313,0x1313,0x1313,0x1313,0x1313,
	0x1313,0x1313,0x1313,0x1313,0x1313,0x1313,0x1313,0x1313,
	0x1313,0x1313,0x1313,0x1313,0x1313,0x1313,0x1313,0x1313,
	0x1313,0x1313,0x1313,0x1313,0x1313,0x1313,0x1313,0x1313,
	0x1313,0x1313,0x1313,0x1313,0x1313,0x1313,0x1313,0x1313,
	0x1313,0x1313,0x1313,0x1313,0x1313,0x1313,0x1313,0x1313,

	0x1313,0x1313,0x1313,0x1313,0x1313,0x1313,0x1313,0x1313,
	0x1313,0x1313,0x1313,0x1313,0x1313,0x1313,0x1313,0x1313,
	0x1313,0x1313,0x1313,0x1313,0x1313,0x1313,0x1313,0x1313,
	0x1313,0x1313,0x1313,0x1313,0x1313,0x1313,0x1313,0x1313,
	0x1313,0x1313,0x1313,0x1313,0x1313,0x1313,0x1313,0x1313,
	0x1313,0x1313,0x1313,0x1313,0x1313,0x1313,0x1313,0x1313,
	0x1313,0x1313,0x1313,0x1313,0x1313,0x1313,0x1313,0x1313,
	0x1313,0x1313,0x1313,0x1313,0x1313,0x1313,0x1313,0x1313,

	0x1313,0x1313,0x1313,0x1313,0x1313,0x1313,0x1313,0x1313,
	0x1313,0x1313,0x1313,0x1313,0x1313,0x1313,0x1313,0x1313,
	0x1313,0x1313,0x1313,0x1313,0x1313,0x1313,0x1313,0x1313,
	0x1313,0x1313,0x1313,0x1313,0x1313,0x1313,0x1313,0x1313,
	0x1313,0x1615,0x1717,0x1717,0x1313,0x1D18,0x1717,0x1717,
	0x1313,0x1D18,0x1616,0x1616,0x1313,0x1513,0x1515,0x1515,
	0x1313,0x1313,0x1313,0x1313,0x1313,0x1313,0x1313,0x1313,
	0x1313,0x1313,0x1313,0x1313,0x1313,0x1313,0x1313,0x1313,

	0x1717,0x1717,0x1717,0x1710,0x1717,0x1717,0x1717,0x1717,
	0x1616,0x1616,0x1C16,0x1717,0x1515,0x1515,0x1C1E,0x1717,
	0x1313,0x1313,0x1615,0x1717,0x1313,0x1313,0x1615,0x1717,
	0x1313,0x1313,0x1D18,0x1616,0x1313,0x1313,0x1513,0x1515,
	0x1717,0x1717,0x1717,0x1717,0x1717,0x1717,0x1717,0x1717,
	0x1717,0x1717,0x1717,0x1717,0x1717,0x1717,0x1717,0x1717,
	0x1717,0x1717,0x1717,0x1717,0x1717,0x1717,0x1717,0x1717,
	0x1616,0x1616,0x1616,0x171C,0x1515,0x1515,0x1515,0x1C1D,

	0x1717,0x1717,0x1717,0x1717,0x1717,0x1717,0x1717,0x1717,
	0x1717,0x1717,0x1717,0x1717,0x1717,0x1717,0x1717,0x1717,
	0x1717,0x1717,0x1717,0x1717,0x1717,0x1717,0x1717,0x1717,
	0x1717,0x1717,0x1717,0x1717,0x1717,0x1717,0x1717,0x1717,
	0x1717,0x1717,0x1717,0x1717,0x1717,0x1717,0x1717,0x1717,
	0x1717,0x1717,0x1717,0x1717,0x1717,0x1717,0x1717,0x1717,
	0x1717,0x1717,0x1717,0x1717,0x1717,0x1717,0x1717,0x1717,
	0x1717,0x1717,0x1717,0x1717,0x1717,0x1717,0x1717,0x1717,

	0x1717,0x1717,0x1717,0x1717,0x1717,0x1717,0x1717,0x1717,
	0x1717,0x1717,0x1717,0x1717,0x1717,0x1717,0x1717,0x1717,
	0x1717,0x1717,0x1717,0x1717,0x1717,0x1717,0x1717,0x1717,
	0x1717,0x1717,0x1717,0x1717,0x1717,0x1717,0x1717,0x1717,
	0x1717,0x1717,0x1717,0x1C17,0x1717,0x1717,0x1717,0x1717,
	0x1717,0x1717,0x1717,0x1717,0x1717,0x1717,0x1717,0x1717,
	0x1717,0x1717,0x1717,0x1717,0x1717,0x1717,0x1717,0x1717,
	0x1717,0x1717,0x1717,0x1717,0x1717,0x1717,0x1717,0x1717,

	0x1010,0x1010,0x1010,0x1010,0x1010,0x1010,0x1010,0x1010,
	0x1C1C,0x1C17,0x1C1C,0x1B1C,0x1717,0x1717,0x1717,0x1717,
	0x1717,0x1717,0x1717,0x1717,0x1717,0x1717,0x1717,0x1717,
	0x1717,0x1717,0x1717,0x1717,0x1717,0x1717,0x1717,0x1717,
	0x1010,0x1010,0x1010,0x1010,0x1010,0x1010,0x1010,0x1010,
	0x101C,0x1010,0x1010,0x1010,0x1717,0x1010,0x1010,0x1010,
	0x1717,0x1010,0x1010,0x1010,0x1717,0x1010,0x1010,0x1010,
	0x1717,0x1010,0x1010,0x1010,0x1717,0x1010,0x1010,0x1010,

	0x1010,0x1010,0x1010,0x1010,0x1010,0x1010,0x1010,0x1010,
	0x1010,0x1010,0x1010,0x1010,0x1010,0x1010,0x1010,0x1010,
	0x1010,0x1010,0x1010,0x1010,0x1010,0x1010,0x1010,0x1719,
	0x1010,0x1010,0x1010,0x1717,0x1010,0x1010,0x1010,0x1717,
	0x1010,0x1010,0x1010,0x1010,0x1010,0x1010,0x1010,0x1010,
	0x1010,0x1010,0x1010,0x1010,0x1010,0x1010,0x1010,0x1010,
	0x1010,0x1010,0x1010,0x1010,0x1C17,0x1C1C,0x1C1C,0x1C1C,
	0x1717,0x1717,0x1717,0x1717,0x1717,0x1717,0x1717,0x1717,

	0x1010,0x1010,0x1010,0x1010,0x1010,0x1010,0x1010,0x1010,
	0x1010,0x1010,0x1010,0x1010,0x1010,0x171C,0x1717,0x1717,
	0x1110,0x1717,0x1717,0x1717,0x171C,0x1717,0x1717,0x1717,
	0x1717,0x1717,0x1717,0x1717,0x1717,0x1717,0x1717,0x1717,
	0x1010,0x1010,0x1010,0x1010,0x1010,0x1010,0x1711,0x1F17,
	0x1010,0x1010,0x1717,0x1717,0x1717,0x1717,0x1717,0x1717,
	0x1717,0x1717,0x1717,0x1717,0x1717,0x1717,0x1717,0x1717,
	0x1717,0x1717,0x1717,0x1717,0x1717,0x1717,0x1717,0x1717,

	0x1010,0x1010,0x1010,0x1010,0x1F1F,0x1717,0x1717,0x1717,
	0x1717,0x1717,0x1717,0x1717,0x1717,0x1717,0x1717,0x1717,
	0x1717,0x1717,0x1717,0x1717,0x1717,0x1717,0x1717,0x1717,
	0x1717,0x1717,0x1717,0x1717,0x1717,0x1717,0x1717,0x1717,
	0x1010,0x1010,0x1010,0x1010,0x1717,0x1B1F,0x1010,0x1010,
	0x1717,0x1717,0x1717,0x1717,0x1717,0x1717,0x1717,0x1717,
	0x1717,0x1717,0x1717,0x1717,0x1717,0x1717,0x1717,0x1717,
	0x1717,0x1717,0x1717,0x1717,0x1717,0x1717,0x1717,0x1717,

	0x1010,0x1010,0x1010,0x1010,0x1010,0x1010,0x1010,0x1010,
	0x1717,0x1717,0x1C17,0x1011,0x1717,0x1717,0x1717,0x101C,
	0x1717,0x1717,0x1717,0x1017,0x1717,0x1717,0x1717,0x1717,
	0x1717,0x1717,0x1717,0x1717,0x1717,0x1717,0x1717,0x1717,
	0x1010,0x1010,0x1010,0x1010,0x1010,0x1010,0x1010,0x1010,
	0x1010,0x1010,0x1010,0x1010,0x1010,0x1010,0x1010,0x1010,
	0x1010,0x1010,0x1010,0x1010,0x1C1C,0x171C,0x1717,0x1717,
	0x1717,0x1717,0x1717,0x1717,0x1717,0x1717,0x1717,0x1717,

	0x1010,0x1010,0x1010,0x1010,0x1010,0x1010,0x1010,0x1010,
	0x1010,0x1010,0x1010,0x1010,0x1010,0x1010,0x1010,0x1010,
	0x1010,0x1010,0x1010,0x1010,0x101C,0x1010,0x1010,0x1010,
	0x1017,0x1010,0x1010,0x1010,0x1017,0x1010,0x1010,0x1010,
	0x1010,0x1010,0x1010,0x1010,0x1010,0x1010,0x1010,0x1010,
	0x1010,0x1010,0x1010,0x1010,0x1010,0x1010,0x1010,0x1010,
	0x1010,0x171F,0x1C1C,0x1C1C,0x1010,0x171C,0x1717,0x1717,
	0x1010,0x1717,0x1717,0x1717,0x1010,0x1717,0x1717,0x1717,

	0x1010,0x1717,0x1717,0x1717,0x1010,0x1717,0x1717,0x1717,
	0x1010,0x1717,0x1717,0x1717,0x1010,0x1717,0x1717,0x1717,
	0x1C1C,0x1717,0x1717,0x1717,0x1717,0x1717,0x1717,0x1717,
	0x1717,0x1717,0x1717,0x1717,0x1717,0x1717,0x1717,0x1717,
	0x1717,0x1717,0x1717,0x1717,0x1717,0x1717,0x1717,0x1717,
	0x1717,0x1717,0x1717,0x1717,0x1717,0x1717,0x1717,0x1717,
	0x1717,0x1717,0x1717,0x1717,0x1717,0x1717,0x1717,0x1717,
	0x1717,0x1717,0x1717,0x1717,0x1717,0x1717,0x1717,0x1717,

	0x1717,0x1717,0x1717,0x1717,0x1717,0x1717,0x1717,0x1717,
	0x1717,0x1717,0x1717,0x1717,0x1717,0x1717,0x1717,0x1717,
	0x1717,0x1717,0x1717,0x1717,0x1717,0x1717,0x1717,0x1717,
	0x1717,0x1717,0x1717,0x1717,0x1717,0x1717,0x1717,0x1717,
	0x1717,0x1717,0x1717,0x1717,0x1717,0x1717,0x1717,0x1717,
	0x1717,0x1717,0x1717,0x1717,0x1717,0x1717,0x1717,0x1717,
	0x1717,0x1717,0x1717,0x1717,0x1717,0x1717,0x1717,0x1717,
	0x1717,0x1717,0x1717,0x1717,0x1717,0x1717,0x1717,0x1717,

	0x1717,0x1717,0x1717,0x1717,0x1717,0x1717,0x1717,0x1717,
	0x1717,0x1717,0x1717,0x1717,0x1717,0x1717,0x1717,0x1717,
	0x1717,0x1717,0x1717,0x1717,0x1717,0x1717,0x1717,0x1717,
	0x1717,0x1717,0x1717,0x1717,0x1717,0x1717,0x1717,0x1717,
	0x1717,0x1717,0x1717,0x1717,0x1717,0x1717,0x1717,0x1717,
	0x1717,0x1717,0x1717,0x1717,0x1717,0x1717,0x1717,0x1717,
	0x1717,0x1717,0x1717,0x1717,0x1717,0x1C17,0x1C1C,0x1C1C,
	0x1C1C,0x1E1D,0x1E1E,0x1E1E,0x1E1D,0x1515,0x1515,0x1515,

	0x1717,0x1717,0x1717,0x1717,0x1717,0x1717,0x1717,0x1717,
	0x1717,0x1C1C,0x1C1C,0x1C1C,0x1C17,0x1A1D,0x1A1A,0x1A1A,
	0x1617,0x1315,0x1313,0x1313,0x1617,0x1315,0x1313,0x1313,
	0x161D,0x1315,0x1313,0x1313,0x161E,0x1315,0x1313,0x1313,
	0x1717,0x1717,0x1717,0x1717,0x1717,0x1717,0x1717,0x1717,
	0x1C1C,0x1C1C,0x1C1C,0x1C1C,0x1A1A,0x1A1A,0x1A1A,0x1A1A,
	0x1313,0x1313,0x1313,0x1313,0x1313,0x1313,0x1313,0x1313,
	0x1313,0x1313,0x1313,0x1313,0x1313,0x1313,0x1313,0x1313,

	0x1717,0x1717,0x1717,0x1717,0x1717,0x1717,0x1717,0x1717,
	0x171C,0x1717,0x1717,0x1717,0x1C16,0x1717,0x1717,0x1717,
	0x1C1E,0x1717,0x1717,0x1717,0x1615,0x1717,0x1717,0x1717,
	0x1615,0x1717,0x1717,0x1717,0x1615,0x1717,0x1717,0x1717,
	0x1717,0x1717,0x1717,0x1717,0x1717,0x1717,0x1717,0x1717,
	0x1717,0x1717,0x1717,0x1717,0x1717,0x1717,0x1717,0x1717,
	0x1717,0x1717,0x1717,0x1717,0x1717,0x1717,0x1717,0x1717,
	0x1717,0x1717,0x1717,0x1717,0x1717,0x1717,0x1717,0x161C,

	0x1717,0x1717,0x1717,0x1717,0x1717,0x1717,0x1717,0x1C17,
	0x1717,0x1717,0x1717,0x1D16,0x1717,0x1717,0x1717,0x151D,
	0x1717,0x1717,0x1717,0x151D,0x1717,0x1717,0x1717,0x151D,
	0x1717,0x1717,0x1717,0x151D,0x1616,0x1616,0x1616,0x151A,
	0x1717,0x1717,0x1717,0x1D1C,0x1C1C,0x1C1C,0x1C1C,0x1A1C,
	0x1D1D,0x1D1D,0x1D1D,0x1E1A,0x1515,0x1515,0x1515,0x1515,
	0x1515,0x1515,0x1515,0x1515,0x1515,0x1515,0x1515,0x1515,
	0x1515,0x1515,0x1515,0x1515,0x1515,0x1515,0x1515,0x1515,

	0x1A1A,0x1A1A,0x1A1A,0x1D1D,0x1515,0x1515,0x1515,0x1515,
	0x1515,0x1515,0x1515,0x1515,0x1515,0x1515,0x1515,0x1515,
	0x1515,0x1515,0x1515,0x1515,0x1515,0x1515,0x1515,0x1515,
	0x1515,0x1515,0x1515,0x1515,0x1515,0x1515,0x1515,0x1515,
	0x1A1D,0x151E,0x1515,0x1E15,0x1515,0x1515,0x1515,0x1515,
	0x1515,0x1515,0x1515,0x1515,0x1515,0x1515,0x1515,0x1515,
	0x1515,0x1515,0x1515,0x1515,0x1515,0x1515,0x1515,0x1515,
	0x1515,0x1515,0x1515,0x1515,0x1515,0x1515,0x1515,0x1515,

	0x1D1A,0x1D1D,0x1D1D,0x1D1D,0x1515,0x1515,0x1515,0x1515,
	0x1515,0x1515,0x1515,0x1515,0x1515,0x1515,0x1515,0x1515,
	0x1515,0x1515,0x1515,0x1515,0x1515,0x1515,0x1515,0x1515,
	0x1515,0x1515,0x1515,0x1515,0x1515,0x1515,0x1515,0x1515,
	0x1D1D,0x1716,0x1717,0x1717,0x1515,0x171D,0x1717,0x1717,
	0x1515,0x161A,0x1616,0x1616,0x1515,0x1E15,0x1E1E,0x1E1E,
	0x1515,0x1515,0x1515,0x1515,0x1515,0x1515,0x1515,0x1515,
	0x1515,0x1515,0x1515,0x1515,0x1515,0x1515,0x1515,0x1515,

	0x1717,0x1717,0x1717,0x1717,0x1717,0x1717,0x1717,0x1717,
	0x1616,0x1616,0x171C,0x1717,0x1E1E,0x1E1E,0x1716,0x1717,
	0x1515,0x1515,0x171D,0x1717,0x1515,0x1515,0x1C1D,0x1C1C,
	0x1515,0x1515,0x1E1E,0x1E1E,0x1515,0x1318,0x1313,0x1313,
	0x1717,0x1717,0x1717,0x1717,0x1717,0x1717,0x1717,0x1717,
	0x1717,0x1717,0x1717,0x1717,0x1717,0x1717,0x1717,0x1717,
	0x1717,0x1717,0x1717,0x1717,0x1C1C,0x1C1C,0x171C,0x1717,
	0x1E1E,0x1E1E,0x1D1A,0x1D1D,0x1313,0x1313,0x1313,0x1818,

	0x1717,0x1717,0x1717,0x1717,0x1717,0x1717,0x1717,0x1717,
	0x1717,0x1717,0x1717,0x1717,0x1717,0x1717,0x1717,0x1717,
	0x1717,0x1717,0x1717,0x1717,0x1717,0x1717,0x1717,0x1717,
	0x1C16,0x1717,0x1717,0x1717,0x1615,0x1717,0x1717,0x1717,
	0x1717,0x1717,0x1717,0x1717,0x1717,0x1717,0x1717,0x1717,
	0x1717,0x1717,0x1717,0x1717,0x1717,0x1717,0x1717,0x1717,
	0x1717,0x1717,0x1717,0x1717,0x1717,0x1717,0x1717,0x1717,
	0x1717,0x1717,0x1717,0x1717,0x1717,0x1717,0x1717,0x1717,

	0x1C17,0x1E1D,0x161E,0x1C17,0x1717,0x1616,0x1C16,0x1717,
	0x1717,0x1717,0x1717,0x1717,0x1717,0x1717,0x1717,0x1717,
	0x1717,0x1717,0x1717,0x1717,0x1717,0x1717,0x1717,0x1717,
	0x1717,0x1717,0x1717,0x1717,0x1717,0x1717,0x1717,0x1717,
	0x1F1C,0x1010,0x1010,0x1010,0x1717,0x1010,0x1010,0x1010,
	0x1717,0x1010,0x1010,0x1010,0x1717,0x1010,0x1010,0x1010,
	0x1717,0x1010,0x1010,0x1010,0x1717,0x1010,0x1010,0x1010,
	0x1717,0x1010,0x1010,0x1010,0x1717,0x1010,0x1010,0x1010,

	0x1010,0x1010,0x1010,0x1010,0x1010,0x1010,0x1010,0x1010,
	0x1010,0x1010,0x1010,0x1010,0x1010,0x1010,0x1010,0x1010,
	0x1010,0x1010,0x1010,0x1010,0x1010,0x1010,0x1010,0x1010,
	0x1010,0x1010,0x1010,0x1010,0x1010,0x1010,0x1010,0x1010,
	0x1010,0x1010,0x1010,0x1010,0x1010,0x1010,0x1010,0x1010,
	0x1010,0x1010,0x1010,0x1010,0x1010,0x1010,0x1010,0x1010,
	0x1010,0x1010,0x1010,0x1010,0x1010,0x1010,0x1010,0x1010,
	0x1010,0x1010,0x1010,0x1010,0x1010,0x1010,0x1010,0x1010,

	0x1010,0x1010,0x1010,0x1010,0x1010,0x1010,0x1010,0x1010,
	0x1010,0x1010,0x1010,0x1010,0x1010,0x1010,0x1010,0x1010,
	0x1010,0x1010,0x1010,0x1010,0x1010,0x1010,0x1010,0x1010,
	0x1010,0x1010,0x1010,0x1010,0x1010,0x1010,0x1010,0x1010,
	0x1010,0x1010,0x1010,0x1010,0x1010,0x1010,0x1010,0x1010,
	0x1010,0x1010,0x1010,0x1010,0x1010,0x1010,0x1010,0x1010,
	0x1010,0x1010,0x1010,0x1010,0x1010,0x1010,0x1010,0x1010,
	0x1010,0x1010,0x1010,0x1010,0x1010,0x1010,0x1010,0x1010,

	0x1010,0x1010,0x1010,0x1010,0x1010,0x1010,0x1010,0x1010,
	0x1010,0x1010,0x1010,0x1010,0x1010,0x1010,0x1010,0x1010,
	0x1010,0x1010,0x1010,0x1010,0x1010,0x1010,0x1010,0x1010,
	0x1010,0x1010,0x1010,0x1010,0x1010,0x1010,0x1010,0x1010,
	0x1010,0x1010,0x1010,0x1010,0x1010,0x1010,0x1010,0x1010,
	0x1010,0x1010,0x1010,0x1010,0x1010,0x1010,0x1010,0x1010,
	0x1010,0x1010,0x1010,0x1010,0x1010,0x1010,0x1010,0x1010,
	0x1010,0x1010,0x1010,0x1010,0x1010,0x1010,0x1010,0x1010,

	0x1010,0x1010,0x1010,0x1010,0x1010,0x1010,0x1010,0x1010,
	0x1010,0x1010,0x1010,0x1010,0x1010,0x1010,0x1010,0x1010,
	0x1010,0x1010,0x1010,0x1010,0x1010,0x1010,0x1010,0x1010,
	0x1010,0x1010,0x1010,0x1010,0x1010,0x1010,0x1010,0x1010,
	0x1010,0x1010,0x1010,0x1010,0x1010,0x1010,0x1010,0x1010,
	0x1010,0x1010,0x1010,0x1010,0x1010,0x1010,0x1010,0x1010,
	0x1010,0x1010,0x1010,0x1010,0x1010,0x1010,0x1010,0x1010,
	0x1010,0x1010,0x1010,0x1010,0x1010,0x1010,0x1010,0x1010,

	0x1010,0x1010,0x1010,0x1010,0x1010,0x1010,0x1010,0x1010,
	0x1010,0x1010,0x1010,0x1010,0x1010,0x1010,0x1010,0x1010,
	0x1010,0x1010,0x1010,0x1010,0x1010,0x1010,0x1010,0x1010,
	0x1010,0x1010,0x1010,0x1010,0x1010,0x1010,0x1010,0x1010,
	0x1010,0x1010,0x1010,0x1010,0x1010,0x1010,0x1010,0x1010,
	0x1010,0x1010,0x1010,0x1010,0x1010,0x1010,0x1010,0x1010,
	0x1010,0x1010,0x1010,0x1010,0x1010,0x1010,0x1010,0x1010,
	0x1010,0x1010,0x1010,0x1010,0x1010,0x1010,0x1010,0x1010,

	0x1010,0x1010,0x1010,0x1010,0x1010,0x1010,0x1010,0x1010,
	0x1010,0x1010,0x1010,0x1010,0x1010,0x1010,0x1010,0x1010,
	0x1010,0x1010,0x1010,0x1010,0x1010,0x1010,0x1010,0x1010,
	0x1010,0x1010,0x1010,0x1010,0x1010,0x1010,0x1010,0x1010,
	0x1010,0x1010,0x1010,0x1010,0x1010,0x1010,0x1010,0x1010,
	0x1010,0x1010,0x1010,0x1010,0x1010,0x1010,0x1010,0x1010,
	0x1010,0x1010,0x1010,0x1010,0x1010,0x1010,0x1010,0x1010,
	0x1010,0x1010,0x1010,0x1010,0x1010,0x1010,0x1010,0x1010,

	0x1B10,0x1717,0x1717,0x1717,0x1110,0x1C1B,0x171C,0x1717,
	0x1010,0x1010,0x1710,0x1717,0x1010,0x1010,0x1710,0x1717,
	0x1010,0x1010,0x1C10,0x1717,0x1010,0x1010,0x1C10,0x1717,
	0x1010,0x1010,0x1C10,0x1717,0x1010,0x1010,0x1C10,0x1717,
	0x1717,0x151D,0x1515,0x1515,0x1717,0x151A,0x1515,0x1515,
	0x1717,0x151A,0x1515,0x1515,0x1717,0x151D,0x1515,0x1515,
	0x1717,0x1D16,0x151A,0x1515,0x1717,0x1717,0x151D,0x1515,
	0x1717,0x1717,0x151D,0x1515,0x1717,0x1717,0x151D,0x1515,

	0x1515,0x1515,0x1515,0x1313,0x1515,0x1515,0x1515,0x1815,
	0x1515,0x1515,0x1515,0x1515,0x1515,0x1515,0x1515,0x1515,
	0x1515,0x1515,0x1515,0x1515,0x1515,0x1515,0x1515,0x1515,
	0x1515,0x1515,0x1515,0x1515,0x1515,0x1515,0x1515,0x1515,
	0x1313,0x1313,0x1313,0x1313,0x1318,0x1313,0x1313,0x1313,
	0x1315,0x1313,0x1313,0x1313,0x1315,0x1313,0x1313,0x1313,
	0x1315,0x1313,0x1313,0x1313,0x1318,0x1313,0x1313,0x1313,
	0x1318,0x1313,0x1313,0x1313,0x1815,0x1818,0x1318,0x1313,

	0x1313,0x1313,0x1313,0x1313,0x1313,0x1313,0x1313,0x1313,
	0x1313,0x1313,0x1313,0x1313,0x1313,0x1313,0x1313,0x1313,
	0x1313,0x1313,0x1313,0x1313,0x1313,0x1313,0x1313,0x1313,
	0x1313,0x1313,0x1313,0x1313,0x1313,0x1313,0x1313,0x1313,
	0x1313,0x1313,0x1313,0x1313,0x1313,0x1313,0x1313,0x1313,
	0x1313,0x1313,0x1313,0x1313,0x1313,0x1313,0x1313,0x1313,
	0x1313,0x1313,0x1313,0x1313,0x1313,0x1313,0x1313,0x1313,
	0x1313,0x1313,0x1313,0x1313,0x1313,0x1313,0x1313,0x1313,

	0x1313,0x1313,0x1313,0x1313,0x1313,0x1313,0x1313,0x1313,
	0x1313,0x1313,0x1313,0x1313,0x1313,0x1313,0x1313,0x1313,
	0x1313,0x1313,0x1313,0x1313,0x1313,0x1313,0x1313,0x1313,
	0x1313,0x1313,0x1313,0x1313,0x1313,0x1313,0x1313,0x1313,
	0x1313,0x1313,0x1313,0x1313,0x1313,0x1313,0x1313,0x1313,
	0x1313,0x1313,0x1313,0x1313,0x1313,0x1313,0x1313,0x1313,
	0x1313,0x1313,0x1313,0x1313,0x1313,0x1313,0x1313,0x1313,
	0x1313,0x1313,0x1313,0x1313,0x1313,0x1313,0x1313,0x1313,

	0x1313,0x1313,0x1313,0x1313,0x1313,0x1313,0x1313,0x1313,
	0x1313,0x1313,0x1313,0x1313,0x1313,0x1313,0x1313,0x1313,
	0x1313,0x1313,0x1313,0x1313,0x1313,0x1313,0x1313,0x1313,
	0x1313,0x1313,0x1313,0x1313,0x1313,0x1313,0x1313,0x1313,
	0x1313,0x1313,0x1313,0x1313,0x1313,0x1313,0x1313,0x1313,
	0x1313,0x1313,0x1313,0x1313,0x1313,0x1313,0x1313,0x1313,
	0x1313,0x1313,0x1313,0x1313,0x1313,0x1313,0x1313,0x1313,
	0x1313,0x1313,0x1313,0x1313,0x1313,0x1313,0x1313,0x1313,

	0x1313,0x1313,0x1313,0x1313,0x1313,0x1313,0x1313,0x1313,
	0x1313,0x1313,0x1313,0x1313,0x1313,0x1313,0x1313,0x1313,
	0x1313,0x1313,0x1313,0x1313,0x1313,0x1313,0x1313,0x1313,
	0x1313,0x1313,0x1313,0x1313,0x1313,0x1313,0x1313,0x1313,
	0x1313,0x1313,0x1313,0x1313,0x1313,0x1313,0x1313,0x1313,
	0x1313,0x1313,0x1313,0x1313,0x1313,0x1313,0x1313,0x1313,
	0x1313,0x1313,0x1313,0x1313,0x1313,0x1313,0x1313,0x1313,
	0x1313,0x1313,0x1313,0x1313,0x1313,0x1313,0x1313,0x1313,

	0x1313,0x1313,0x1313,0x1313,0x1313,0x1313,0x1313,0x1313,
	0x1313,0x1313,0x1313,0x1313,0x1313,0x1313,0x1313,0x1313,
	0x1313,0x1313,0x1313,0x1313,0x1313,0x1313,0x1313,0x1313,
	0x1313,0x1313,0x1313,0x1313,0x1313,0x1313,0x1313,0x1313,
	0x1313,0x1313,0x1313,0x1C1A,0x1313,0x1313,0x1313,0x1C1A,
	0x1313,0x1313,0x1313,0x1C1A,0x1313,0x1313,0x1313,0x1C1A,
	0x1313,0x1313,0x1313,0x1C1A,0x1313,0x1313,0x1313,0x1C1A,
	0x1313,0x1313,0x1313,0x1D1E,0x1313,0x1313,0x1313,0x1518,

	0x1717,0x1717,0x1717,0x1717,0x1717,0x1717,0x1717,0x1717,
	0x1717,0x1717,0x1717,0x1717,0x1717,0x1717,0x1717,0x1717,
	0x1717,0x1717,0x1717,0x1717,0x1617,0x1616,0x1616,0x1616,
	0x1E1D,0x1515,0x1515,0x1515,0x1315,0x1313,0x1513,0x1515,
	0x1717,0x1717,0x1717,0x1717,0x1717,0x1717,0x1717,0x1717,
	0x1717,0x1717,0x1717,0x1717,0x1717,0x1717,0x1717,0x1717,
	0x1717,0x161C,0x1616,0x1616,0x1D16,0x1E1E,0x1E1E,0x1E1E,
	0x1515,0x1515,0x1515,0x1515,0x1515,0x1515,0x1515,0x1515,

	0x1717,0x1717,0x1717,0x1717,0x1717,0x1717,0x1717,0x1717,
	0x1717,0x1717,0x1717,0x1717,0x1717,0x1717,0x1717,0x1717,
	0x171C,0x1717,0x1717,0x1717,0x161A,0x1616,0x1716,0x1717,
	0x1515,0x1515,0x161E,0x1717,0x1515,0x1515,0x161E,0x1717,
	0x1717,0x1717,0x1717,0x1717,0x1717,0x1717,0x1717,0x1717,
	0x1717,0x1717,0x1717,0x1717,0x1717,0x1717,0x1717,0x1717,
	0x1717,0x1717,0x1717,0x1717,0x1717,0x1717,0x1717,0x1717,
	0x1717,0x1717,0x1717,0x1717,0x1717,0x1717,0x1717,0x1717,

	0x1717,0x1717,0x1717,0x1717,0x1717,0x1717,0x1717,0x1717,
	0x1717,0x1717,0x1717,0x1717,0x1717,0x1717,0x1717,0x1717,
	0x1717,0x1717,0x1717,0x1717,0x1717,0x1717,0x1717,0x1717,
	0x1717,0x1717,0x1717,0x1717,0x1717,0x1717,0x1717,0x1717,
	0x1717,0x1010,0x1010,0x1010,0x1717,0x1010,0x1710,0x171B,
	0x1717,0x171C,0x1717,0x1717,0x1717,0x1717,0x1717,0x1717,
	0x1717,0x1717,0x1717,0x1717,0x1717,0x1717,0x1717,0x1717,
	0x1717,0x1717,0x1717,0x1717,0x1717,0x1717,0x1717,0x1717,

	0x1010,0x1010,0x1010,0x1717,0x1717,0x1717,0x1717,0x1717,
	0x1717,0x1717,0x1717,0x1717,0x1717,0x1717,0x1717,0x1717,
	0x1717,0x1717,0x1717,0x1717,0x1717,0x1717,0x1717,0x1717,
	0x1717,0x1717,0x1717,0x1717,0x1717,0x1717,0x1717,0x1717,
	0x1717,0x1717,0x1717,0x1717,0x1717,0x1717,0x1717,0x1717,
	0x1717,0x1717,0x1717,0x1717,0x1717,0x1717,0x1717,0x1717,
	0x1717,0x1717,0x1717,0x1717,0x1717,0x1717,0x1717,0x1717,
	0x1717,0x1717,0x1717,0x1717,0x1C17,0x1C1C,0x1C1C,0x1C1C,

	0x1717,0x1717,0x1717,0x1717,0x1717,0x1717,0x1717,0x1717,
	0x1717,0x1717,0x1717,0x1717,0x1717,0x1717,0x1717,0x1717,
	0x1717,0x1717,0x1717,0x1717,0x1717,0x1C1C,0x1616,0x1616,
	0x1717,0x1E1C,0x1515,0x1515,0x1C1C,0x1516,0x1313,0x1313,
	0x1717,0x1717,0x1717,0x1717,0x1717,0x1717,0x1717,0x1717,
	0x1717,0x1717,0x1717,0x1717,0x1717,0x1717,0x1717,0x1717,
	0x1717,0x1717,0x1717,0x1717,0x1616,0x1616,0x1616,0x1616,
	0x1515,0x1515,0x1515,0x1515,0x1313,0x1313,0x1313,0x1313,

	0x1717,0x1717,0x1717,0x1717,0x1717,0x1717,0x1717,0x1717,
	0x1717,0x1717,0x1717,0x1717,0x1717,0x1717,0x1717,0x1717,
	0x1717,0x1717,0x1717,0x1717,0x1C16,0x1717,0x1717,0x1717,
	0x1A15,0x1C16,0x1C1C,0x1C1C,0x1513,0x1A1A,0x1A1A,0x1A1A,
	0x1717,0x1717,0x1717,0x1717,0x1717,0x1717,0x1717,0x1717,
	0x1717,0x1717,0x1717,0x1717,0x1717,0x1717,0x1717,0x1717,
	0x1717,0x1717,0x1717,0x1717,0x1717,0x1717,0x1717,0x1717,
	0x1C1C,0x1C1C,0x1717,0x1717,0x1A1A,0x1D1A,0x171C,0x1717,

	0x1717,0x1717,0x1717,0x1717,0x1717,0x1717,0x1717,0x1717,
	0x1717,0x1717,0x1717,0x1717,0x1717,0x1717,0x1717,0x1717,
	0x1717,0x1717,0x1717,0x1717,0x1717,0x1717,0x1717,0x1717,
	0x1717,0x1717,0x1717,0x1717,0x1717,0x1717,0x1717,0x1717,
	0x1717,0x1717,0x1717,0x1717,0x1717,0x1717,0x1717,0x1717,
	0x1717,0x1717,0x1717,0x1717,0x1717,0x1717,0x1717,0x1717,
	0x1717,0x1717,0x1717,0x1717,0x1717,0x1717,0x1717,0x1717,
	0x1717,0x1717,0x1717,0x1717,0x1717,0x1717,0x1717,0x1717,

	0x1017,0x1010,0x1010,0x1010,0x1017,0x1010,0x1010,0x1010,
	0x1017,0x1010,0x1010,0x1010,0x1717,0x1717,0x1C1C,0x1717,
	0x1717,0x1717,0x1717,0x1717,0x1717,0x1717,0x1717,0x1717,
	0x1717,0x1717,0x1717,0x1717,0x1717,0x1717,0x1717,0x1717,
	0x1010,0x1717,0x1717,0x1717,0x1010,0x1717,0x1717,0x1717,
	0x1010,0x1717,0x1717,0x1717,0x101C,0x1717,0x1717,0x1717,
	0x1C17,0x1717,0x1717,0x1717,0x1717,0x1717,0x1717,0x1717,
	0x1717,0x1717,0x1717,0x1717,0x1717,0x1717,0x1717,0x1717,

	0x1717,0x1717,0x1717,0x1717,0x1717,0x1717,0x1717,0x1717,
	0x1717,0x1717,0x1717,0x1717,0x1717,0x1717,0x1717,0x1717,
	0x1717,0x1717,0x1717,0x1717,0x1717,0x1717,0x1717,0x1717,
	0x1717,0x1717,0x1717,0x1717,0x1717,0x1717,0x1717,0x1717,
	0x1717,0x1717,0x1717,0x1717,0x1717,0x1717,0x1717,0x1717,
	0x1717,0x1717,0x1717,0x1717,0x1717,0x1717,0x1717,0x1717,
	0x1717,0x1717,0x1717,0x1717,0x1717,0x1717,0x1717,0x1717,
	0x1717,0x1717,0x1717,0x1717,0x1717,0x1717,0x1717,0x1717,

	0x1717,0x1717,0x1717,0x1717,0x1717,0x1717,0x1717,0x1717,
	0x1717,0x1717,0x1717,0x1717,0x1717,0x1717,0x1717,0x1717,
	0x1717,0x1717,0x1717,0x1717,0x1717,0x1717,0x1717,0x1717,
	0x1717,0x1717,0x1717,0x1717,0x1717,0x1717,0x1717,0x1C17,
	0x1717,0x1717,0x1717,0x1717,0x1717,0x1717,0x1717,0x1717,
	0x1717,0x1C17,0x1C1C,0x1C1C,0x1C17,0x1A16,0x1A1A,0x1E1A,
	0x1C17,0x131E,0x1313,0x1313,0x1C17,0x1315,0x1313,0x1313,
	0x1D1C,0x1315,0x1313,0x1313,0x151D,0x1318,0x1313,0x1313,

	0x1C17,0x1C1C,0x1C1C,0x1C1C,0x1A1C,0x1A1A,0x1A1A,0x1A1A,
	0x151D,0x1515,0x1515,0x1515,0x1815,0x1818,0x1818,0x1818,
	0x1313,0x1313,0x1313,0x1313,0x1313,0x1313,0x1313,0x1313,
	0x1313,0x1313,0x1313,0x1313,0x1313,0x1313,0x1313,0x1313,
	0x151A,0x1515,0x1515,0x1515,0x151E,0x1318,0x1313,0x1313,
	0x1815,0x1313,0x1313,0x1313,0x1318,0x1313,0x1313,0x1313,
	0x1313,0x1313,0x1313,0x1313,0x1313,0x1313,0x1313,0x1313,
	0x1313,0x1313,0x1313,0x1313,0x1313,0x1313,0x1313,0x1313,

	0x1D1E,0x1315,0x1313,0x1313,0x1518,0x1313,0x1313,0x1313,
	0x1313,0x1313,0x1313,0x1313,0x1313,0x1313,0x1313,0x1313,
	0x1313,0x1313,0x1313,0x1313,0x1313,0x1313,0x1313,0x1313,
	0x1313,0x1313,0x1313,0x1313,0x1313,0x1313,0x1313,0x1313,
	0x1313,0x1313,0x1313,0x1313,0x1313,0x1313,0x1313,0x1313,
	0x1313,0x1313,0x1313,0x1313,0x1313,0x1313,0x1313,0x1313,
	0x1313,0x1313,0x1313,0x1313,0x1313,0x1313,0x1313,0x1313,
	0x1313,0x1313,0x1313,0x1313,0x1313,0x1313,0x1313,0x1313,

	0x1615,0x1717,0x1717,0x1717,0x1615,0x1717,0x1717,0x1717,
	0x1615,0x1717,0x1717,0x1717,0x1615,0x1616,0x1C16,0x171C,
	0x1518,0x1515,0x1E15,0x1716,0x1313,0x1313,0x1813,0x171D,
	0x1313,0x1313,0x1313,0x171D,0x1313,0x1313,0x1313,0x171D,
	0x1717,0x1717,0x1717,0x1E16,0x1717,0x1717,0x1717,0x1516,
	0x1717,0x1717,0x1717,0x1A1C,0x1717,0x1717,0x1717,0x1D17,
	0x1717,0x1717,0x1717,0x1D17,0x1717,0x1717,0x1717,0x1A1C,
	0x1717,0x1C17,0x1C1C,0x1E16,0x1717,0x1D16,0x1D1A,0x151A,

	0x1E1E,0x1E1E,0x1E1E,0x1815,0x1318,0x1313,0x1313,0x1313,
	0x1313,0x1313,0x1313,0x1313,0x1313,0x1313,0x1313,0x1313,
	0x1313,0x1313,0x1313,0x1313,0x1318,0x1313,0x1313,0x1313,
	0x1815,0x1318,0x1313,0x1313,0x1515,0x1515,0x1515,0x1515,
	0x1313,0x1313,0x1313,0x1818,0x1313,0x1313,0x1313,0x1313,
	0x1313,0x1313,0x1313,0x1313,0x1313,0x1313,0x1313,0x1313,
	0x1313,0x1313,0x1313,0x1313,0x1313,0x1313,0x1313,0x1313,
	0x1313,0x1313,0x1313,0x1313,0x1815,0x1818,0x1318,0x1313,

	0x1318,0x1313,0x1313,0x1313,0x1313,0x1313,0x1313,0x1313,
	0x1313,0x1313,0x1313,0x1313,0x1313,0x1313,0x1313,0x1313,
	0x1313,0x1313,0x1313,0x1313,0x1313,0x1313,0x1313,0x1313,
	0x1313,0x1313,0x1313,0x1313,0x1313,0x1313,0x1313,0x1313,
	0x1515,0x1515,0x1515,0x1515,0x1818,0x1818,0x1818,0x1818,
	0x1313,0x1313,0x1313,0x1313,0x1313,0x1313,0x1313,0x1313,
	0x1313,0x1313,0x1313,0x1313,0x1313,0x1313,0x1313,0x1313,
	0x1313,0x1313,0x1313,0x1313,0x1313,0x1313,0x1313,0x1313,

	0x1515,0x1515,0x1515,0x1515,0x1818,0x1515,0x1515,0x1515,
	0x1313,0x1515,0x1515,0x1515,0x1313,0x1515,0x1515,0x1515,
	0x1313,0x1813,0x1818,0x1818,0x1313,0x1313,0x1313,0x1313,
	0x1313,0x1313,0x1313,0x1313,0x1313,0x1313,0x1313,0x1313,
	0x1515,0x1515,0x1515,0x1515,0x1515,0x1515,0x1515,0x1515,
	0x1515,0x1515,0x1515,0x1515,0x1515,0x1515,0x1515,0x1515,
	0x1818,0x1518,0x1515,0x1515,0x1313,0x1513,0x1515,0x1515,
	0x1313,0x1513,0x1515,0x1515,0x1313,0x1513,0x1515,0x1515,

	0x1515,0x1318,0x1313,0x1313,0x1515,0x1318,0x1313,0x1313,
	0x1515,0x1318,0x1313,0x1313,0x1515,0x1318,0x1313,0x1313,
	0x1515,0x1318,0x1313,0x1313,0x1515,0x1318,0x1313,0x1313,
	0x1515,0x1318,0x1313,0x1313,0x1515,0x1318,0x1313,0x1313,
	0x1313,0x1313,0x1313,0x1313,0x1313,0x1313,0x1313,0x1313,
	0x1313,0x1313,0x1313,0x1313,0x1313,0x1313,0x1313,0x1313,
	0x1313,0x1313,0x1313,0x1313,0x1313,0x1313,0x1313,0x1313,
	0x1313,0x1313,0x1313,0x1313,0x1313,0x1313,0x1313,0x1313,

	0x1615,0x1717,0x1717,0x1717,0x1615,0x1717,0x1717,0x1717,
	0x1615,0x1C1C,0x1717,0x1717,0x1A18,0x1A1A,0x1D1A,0x1C16,
	0x1813,0x1818,0x1518,0x1E1E,0x1313,0x1313,0x1313,0x1313,
	0x1313,0x1313,0x1313,0x1313,0x1313,0x1313,0x1313,0x1313,
	0x1717,0x1717,0x1717,0x1717,0x1717,0x1717,0x1717,0x1717,
	0x1717,0x1717,0x1717,0x1717,0x1C1C,0x1717,0x1717,0x1717,
	0x1D1A,0x171C,0x1717,0x1717,0x1E13,0x171C,0x1717,0x1717,
	0x1E13,0x171C,0x1717,0x1717,0x1E13,0x171C,0x1717,0x1717,

	0x1717,0x1717,0x1717,0x1717,0x1717,0x1717,0x1717,0x1717,
	0x1717,0x1717,0x1717,0x1717,0x1717,0x1717,0x1717,0x1717,
	0x1717,0x1717,0x1717,0x1717,0x1717,0x1717,0x1717,0x1717,
	0x1717,0x1717,0x1717,0x1717,0x1717,0x1717,0x1717,0x1717,
	0x1717,0x1010,0x1010,0x1010,0x1C17,0x1717,0x1F17,0x1010,
	0x1717,0x1717,0x1717,0x1010,0x1717,0x1717,0x1717,0x1014,
	0x1717,0x1717,0x1C17,0x1014,0x1717,0x1717,0x1C17,0x1014,
	0x1717,0x1717,0x1C17,0x1014,0x1717,0x1717,0x1C17,0x1014,

	0x1010,0x1010,0x1010,0x1010,0x1010,0x1010,0x1010,0x1010,
	0x1010,0x1010,0x1010,0x1010,0x1010,0x1010,0x1010,0x1010,
	0x1010,0x1010,0x1010,0x1010,0x1010,0x1010,0x1010,0x1010,
	0x1010,0x1010,0x1010,0x1010,0x1010,0x1010,0x1010,0x1010,
	0x1010,0x1010,0x1010,0x1010,0x1010,0x1010,0x1010,0x1010,
	0x1010,0x1010,0x1010,0x1010,0x1010,0x1010,0x1010,0x1010,
	0x1010,0x1010,0x1010,0x1010,0x1010,0x1010,0x1010,0x1010,
	0x1010,0x1010,0x1010,0x1010,0x1010,0x1010,0x1010,0x1010,

	0x1010,0x1010,0x1010,0x1010,0x1010,0x1010,0x1010,0x1010,
	0x1010,0x1010,0x1010,0x1010,0x1010,0x1010,0x1010,0x1010,
	0x1010,0x1010,0x1010,0x1010,0x1010,0x1010,0x1010,0x1010,
	0x1010,0x1010,0x1010,0x1010,0x1010,0x1010,0x1010,0x1010,
	0x1010,0x1010,0x1010,0x1010,0x1010,0x1010,0x1010,0x1010,
	0x1010,0x1010,0x1010,0x1010,0x1010,0x1010,0x1010,0x1010,
	0x1010,0x1010,0x1010,0x1010,0x1010,0x1010,0x1010,0x1010,
	0x1010,0x1010,0x1010,0x1010,0x1010,0x1010,0x1010,0x1010,

	0x1010,0x1010,0x1010,0x1010,0x1010,0x1010,0x1010,0x1010,
	0x1010,0x1010,0x1010,0x1010,0x1010,0x1010,0x1010,0x1010,
	0x1010,0x1010,0x1010,0x1010,0x1010,0x1010,0x1010,0x1010,
	0x1010,0x1010,0x1010,0x1010,0x1010,0x1010,0x1010,0x1010,
	0x1010,0x1010,0x1010,0x1010,0x1010,0x1010,0x1010,0x1010,
	0x1010,0x1010,0x1010,0x1010,0x1010,0x1010,0x1010,0x1010,
	0x1010,0x1010,0x1010,0x1010,0x1010,0x1010,0x1010,0x1010,
	0x1010,0x1010,0x1010,0x1010,0x1010,0x1010,0x1010,0x1010,

	0x1010,0x1010,0x1010,0x1010,0x1010,0x1010,0x1010,0x1010,
	0x1010,0x1010,0x1010,0x1010,0x1010,0x1010,0x1010,0x1010,
	0x1010,0x1010,0x1010,0x1010,0x1010,0x1010,0x1010,0x1010,
	0x1010,0x1010,0x1010,0x1010,0x1010,0x1010,0x1010,0x1010,
	0x1010,0x1010,0x1010,0x1010,0x1010,0x1010,0x1010,0x1010,
	0x1010,0x1010,0x1010,0x1010,0x1010,0x1010,0x1010,0x1010,
	0x1010,0x1010,0x1010,0x1010,0x1010,0x1010,0x1010,0x1010,
	0x1010,0x1010,0x1010,0x1010,0x1010,0x1010,0x1010,0x1010,

	0x1010,0x1010,0x1010,0x1010,0x1010,0x1010,0x1010,0x1010,
	0x1010,0x1010,0x1010,0x1010,0x1010,0x1010,0x1010,0x1010,
	0x1010,0x1010,0x1010,0x1010,0x1010,0x1010,0x1010,0x1010,
	0x1010,0x1010,0x1010,0x1010,0x1010,0x1010,0x1010,0x1010,
	0x1010,0x1010,0x1010,0x1010,0x1010,0x1010,0x1010,0x1010,
	0x1010,0x1010,0x1010,0x1010,0x1010,0x1010,0x1010,0x1010,
	0x1010,0x1010,0x1010,0x1010,0x1010,0x1010,0x1010,0x1010,
	0x1010,0x1010,0x1010,0x1010,0x1010,0x1010,0x1010,0x1010,

	0x1010,0x1010,0x1010,0x1010,0x1010,0x1010,0x1010,0x1010,
	0x1010,0x1010,0x1010,0x1010,0x1010,0x1010,0x1010,0x1010,
	0x1010,0x1010,0x1010,0x1010,0x1010,0x1010,0x1010,0x1010,
	0x1010,0x1010,0x1010,0x1010,0x1010,0x1010,0x1010,0x1010,
	0x1010,0x1010,0x1010,0x1010,0x1010,0x1010,0x1010,0x1010,
	0x1010,0x1010,0x1010,0x1010,0x1010,0x1010,0x1010,0x1010,
	0x1010,0x1010,0x1010,0x1010,0x1010,0x1010,0x1010,0x1010,
	0x1010,0x1010,0x1010,0x1010,0x1010,0x1010,0x1010,0x1010,

	0x1010,0x1010,0x1C10,0x1717,0x1010,0x1010,0x1710,0x1717,
	0x1010,0x1010,0x1710,0x1717,0x1010,0x1010,0x1710,0x1717,
	0x1010,0x1010,0x1010,0x1010,0x1010,0x1010,0x1010,0x1010,
	0x1010,0x1010,0x1010,0x1010,0x1010,0x1010,0x1010,0x1010,
	0x1717,0x1717,0x151D,0x1515,0x1717,0x1717,0x151D,0x1515,
	0x1717,0x1717,0x151A,0x1515,0x1717,0x1C17,0x1E1D,0x1515,
	0x1C10,0x1717,0x1C17,0x1D16,0x1C10,0x1717,0x1717,0x1D17,
	0x1C10,0x1717,0x1717,0x1D17,0x1C10,0x1717,0x1717,0x1D17,

	0x1515,0x1515,0x1515,0x1515,0x1515,0x1515,0x1515,0x1515,
	0x1515,0x1515,0x1515,0x1515,0x1515,0x1515,0x1515,0x1515,
	0x1515,0x1515,0x1515,0x1515,0x1515,0x1515,0x1515,0x1515,
	0x1515,0x1515,0x1515,0x1515,0x1515,0x1515,0x1515,0x1515,
	0x1515,0x1515,0x1515,0x1313,0x1515,0x1515,0x1515,0x1313,
	0x1515,0x1515,0x1815,0x1313,0x1515,0x1515,0x1515,0x1318,
	0x1515,0x1515,0x1515,0x1515,0x1515,0x1515,0x1515,0x1515,
	0x1515,0x1515,0x1515,0x1515,0x1515,0x1515,0x1515,0x1515,

	0x1313,0x1313,0x1313,0x1313,0x1313,0x1313,0x1313,0x1313,
	0x1313,0x1313,0x1313,0x1313,0x1313,0x1313,0x1313,0x1313,
	0x1515,0x1815,0x1313,0x1313,0x1515,0x1515,0x1318,0x1313,
	0x1515,0x1515,0x1318,0x1313,0x1515,0x1515,0x1815,0x1318,
	0x1313,0x1313,0x1313,0x1313,0x1313,0x1313,0x1313,0x1313,
	0x1313,0x1313,0x1313,0x1313,0x1313,0x1313,0x1313,0x1313,
	0x1313,0x1313,0x1313,0x1313,0x1313,0x1313,0x1313,0x1313,
	0x1313,0x1313,0x1313,0x1313,0x1313,0x1313,0x1313,0x1313,

	0x1313,0x1313,0x1313,0x1313,0x1313,0x1313,0x1313,0x1313,
	0x1313,0x1313,0x1313,0x1313,0x1313,0x1313,0x1313,0x1313,
	0x1313,0x1313,0x1313,0x1313,0x1313,0x1313,0x1313,0x1313,
	0x1313,0x1313,0x1313,0x1313,0x1313,0x1313,0x1313,0x1313,
	0x1313,0x1313,0x1313,0x1313,0x1313,0x1313,0x1313,0x1313,
	0x1313,0x1313,0x1313,0x1313,0x1313,0x1313,0x1313,0x1313,
	0x1313,0x1313,0x1313,0x1313,0x1313,0x1313,0x1313,0x1313,
	0x1313,0x1313,0x1313,0x1313,0x1313,0x1813,0x1818,0x1818,

	0x1313,0x1313,0x1313,0x1313,0x1313,0x1313,0x1313,0x1313,
	0x1313,0x1313,0x1313,0x1313,0x1313,0x1313,0x1313,0x1313,
	0x1313,0x1313,0x1313,0x1313,0x1313,0x1313,0x1313,0x1313,
	0x1813,0x1313,0x1313,0x1313,0x1818,0x1313,0x1313,0x1313,
	0x1313,0x1313,0x1313,0x1313,0x1313,0x1313,0x1313,0x1313,
	0x1313,0x1313,0x1313,0x1313,0x1313,0x1313,0x1313,0x1313,
	0x1313,0x1313,0x1313,0x1313,0x1313,0x1313,0x1313,0x1313,
	0x1313,0x1313,0x1313,0x1313,0x1313,0x1313,0x1313,0x1313,

	0x1313,0x1313,0x1313,0x1313,0x1313,0x1313,0x1313,0x1313,
	0x1313,0x1313,0x1313,0x1313,0x1313,0x1313,0x1313,0x1313,
	0x1313,0x1313,0x1313,0x1313,0x1313,0x1313,0x1313,0x1313,
	0x1313,0x1313,0x1313,0x1313,0x1313,0x1313,0x1313,0x1313,
	0x1313,0x1313,0x1313,0x1313,0x1313,0x1313,0x1313,0x1313,
	0x1313,0x1313,0x1313,0x1313,0x1313,0x1313,0x1313,0x1313,
	0x1313,0x1313,0x1313,0x1313,0x1313,0x1313,0x1313,0x1313,
	0x1313,0x1313,0x1313,0x1313,0x1313,0x1313,0x1313,0x1313,

	0x1313,0x1313,0x1313,0x1313,0x1313,0x1313,0x1313,0x1313,
	0x1313,0x1313,0x1313,0x1313,0x1313,0x1313,0x1313,0x1313,
	0x1313,0x1313,0x1313,0x1313,0x1313,0x1313,0x1313,0x1313,
	0x1313,0x1313,0x1313,0x1313,0x1313,0x1313,0x1313,0x1313,
	0x1313,0x1313,0x1313,0x1313,0x1313,0x1313,0x1313,0x1313,
	0x1313,0x1313,0x1313,0x1313,0x1313,0x1313,0x1313,0x1313,
	0x1313,0x1313,0x1313,0x1313,0x1313,0x1313,0x1313,0x1313,
	0x1313,0x1313,0x1313,0x1313,0x1313,0x1313,0x1313,0x1313,

	0x1313,0x1313,0x1513,0x1515,0x1313,0x1313,0x1513,0x1515,
	0x1313,0x1313,0x1513,0x1515,0x1313,0x1313,0x1513,0x1515,
	0x1313,0x1313,0x1513,0x1515,0x1313,0x1313,0x1513,0x1515,
	0x1313,0x1313,0x1513,0x1515,0x1313,0x1313,0x1513,0x1515,
	0x1515,0x1515,0x1515,0x1515,0x1515,0x1515,0x1515,0x1515,
	0x1515,0x1515,0x1515,0x1515,0x1515,0x1515,0x1515,0x1515,
	0x1515,0x1515,0x1515,0x1515,0x1515,0x1515,0x1515,0x1515,
	0x1515,0x1515,0x1515,0x1515,0x1515,0x1515,0x1515,0x1515,

	0x1515,0x1515,0x161E,0x1C1C,0x1515,0x1515,0x1E15,0x1A1A,
	0x1515,0x1515,0x1515,0x1515,0x1515,0x1515,0x1515,0x1515,
	0x1515,0x1515,0x1515,0x1515,0x1515,0x1515,0x1515,0x1515,
	0x1515,0x1515,0x1515,0x1515,0x1515,0x1515,0x1515,0x1515,
	0x1C1C,0x1717,0x1717,0x1717,0x1A1A,0x1C1D,0x1717,0x1717,
	0x1515,0x1A15,0x171C,0x1717,0x1515,0x1E15,0x1716,0x1717,
	0x1515,0x1E15,0x1716,0x1717,0x1515,0x1E15,0x1716,0x1717,
	0x1515,0x1E15,0x1716,0x1717,0x1515,0x1E15,0x1716,0x1717,

	0x1717,0x1717,0x1717,0x1717,0x1717,0x1717,0x1717,0x1717,
	0x1717,0x1717,0x1717,0x1717,0x1717,0x1717,0x1717,0x1717,
	0x1717,0x1717,0x1717,0x1717,0x1717,0x1717,0x1717,0x1717,
	0x1717,0x1717,0x1717,0x1717,0x1717,0x1717,0x1717,0x1717,
	0x1717,0x1717,0x1717,0x1717,0x1717,0x1717,0x1717,0x1717,
	0x1717,0x1717,0x1717,0x1717,0x1717,0x1717,0x1717,0x1717,
	0x1717,0x1717,0x1717,0x1717,0x1717,0x1717,0x1717,0x1717,
	0x1717,0x1717,0x1717,0x1717,0x1717,0x1717,0x1717,0x1717,

	0x1717,0x1717,0x1717,0x1717,0x1717,0x1717,0x1717,0x1717,
	0x1717,0x1717,0x1717,0x1717,0x1717,0x1717,0x1717,0x1717,
	0x1717,0x1717,0x1717,0x1717,0x1717,0x1717,0x1717,0x1717,
	0x1717,0x1717,0x1717,0x1717,0x1717,0x1717,0x1717,0x1717,
	0x1D1C,0x1A1A,0x1A1A,0x1A1A,0x1516,0x1313,0x1313,0x1313,
	0x1516,0x1313,0x1313,0x1313,0x1516,0x1313,0x1313,0x1313,
	0x1516,0x1313,0x1313,0x1313,0x1516,0x1313,0x1313,0x1313,
	0x1516,0x1313,0x1313,0x1313,0x1516,0x1313,0x1313,0x1313,

	0x1A1A,0x181E,0x1313,0x1313,0x1313,0x1313,0x1313,0x1313,
	0x1313,0x1313,0x1313,0x1313,0x1313,0x1313,0x1313,0x1313,
	0x1313,0x1313,0x1313,0x1313,0x1313,0x1313,0x1313,0x1313,
	0x1313,0x1313,0x1313,0x1313,0x1313,0x1313,0x1313,0x1313,
	0x1313,0x1313,0x1313,0x1313,0x1313,0x1313,0x1313,0x1313,
	0x1313,0x1313,0x1313,0x1313,0x1313,0x1313,0x1313,0x1313,
	0x1313,0x1313,0x1313,0x1313,0x1313,0x1313,0x1313,0x1313,
	0x1313,0x1313,0x1313,0x1313,0x1313,0x1313,0x1313,0x1313,

	0x1313,0x1313,0x1313,0x1313,0x1313,0x1313,0x1313,0x1313,
	0x1313,0x1313,0x1313,0x1313,0x1313,0x1313,0x1313,0x1313,
	0x1313,0x1313,0x1313,0x1313,0x1313,0x1313,0x1313,0x1313,
	0x1313,0x1313,0x1313,0x1313,0x1313,0x1313,0x1313,0x1313,
	0x1313,0x1513,0x1716,0x1717,0x1313,0x1813,0x1D1A,0x1D1D,
	0x1313,0x1313,0x1813,0x1818,0x1313,0x1313,0x1313,0x1313,
	0x1313,0x1313,0x1313,0x1313,0x1313,0x1313,0x1313,0x1313,
	0x1313,0x1313,0x1313,0x1313,0x1313,0x1313,0x1313,0x1313,

	0x1717,0x1717,0x1717,0x1717,0x1D1D,0x1D1D,0x161D,0x171C,
	0x1818,0x1818,0x1518,0x1716,0x1313,0x1313,0x1813,0x1716,
	0x1313,0x1313,0x1813,0x1716,0x1313,0x1313,0x1813,0x1716,
	0x1313,0x1313,0x1813,0x1716,0x1313,0x1313,0x1813,0x1716,
	0x1717,0x1717,0x1717,0x1717,0x1717,0x1717,0x1717,0x1717,
	0x1717,0x1717,0x1717,0x1717,0x1717,0x1717,0x1717,0x1717,
	0x1717,0x1717,0x1717,0x1717,0x1717,0x1C1C,0x1C1C,0x1C1C,
	0x1617,0x1A1A,0x1A1A,0x1A1A,0x1D17,0x1318,0x1313,0x1313,

	0x1717,0x1717,0x1717,0x1717,0x1717,0x1717,0x1717,0x1717,
	0x1717,0x1717,0x1717,0x1717,0x1717,0x1717,0x1717,0x1717,
	0x1717,0x1717,0x1717,0x1717,0x1C1C,0x1C1C,0x1C1C,0x1C1C,
	0x1A1A,0x1A1A,0x1A1A,0x1D1A,0x1313,0x1313,0x1313,0x1513,
	0x1717,0x1717,0x1717,0x1717,0x1717,0x1717,0x1717,0x1717,
	0x1717,0x1717,0x1717,0x1717,0x1717,0x1717,0x1717,0x1717,
	0x1717,0x1717,0x1717,0x1717,0x1717,0x1717,0x1717,0x1717,
	0x171C,0x1717,0x1717,0x1717,0x1716,0x1717,0x1717,0x1717,

	0x1717,0x1717,0x1717,0x1717,0x1717,0x1717,0x1717,0x1717,
	0x1717,0x1717,0x1717,0x1717,0x1717,0x1717,0x1717,0x1717,
	0x1717,0x1717,0x1717,0x1717,0x1717,0x1717,0x1717,0x1717,
	0x1717,0x1717,0x1717,0x1717,0x1717,0x1717,0x1717,0x1717,
	0x1717,0x1717,0x1717,0x1717,0x1717,0x1717,0x1717,0x1717,
	0x1717,0x1717,0x1717,0x1717,0x1717,0x1717,0x1717,0x1717,
	0x1717,0x1717,0x1717,0x1717,0x1717,0x1717,0x1717,0x1717,
	0x1717,0x1C1C,0x1616,0x1616,0x1717,0x1E16,0x1515,0x1515,

	0x1C17,0x1616,0x1616,0x1D16,0x1617,0x151E,0x1515,0x1515,
	0x1A16,0x1515,0x1515,0x1515,0x151D,0x1515,0x1515,0x1515,
	0x151D,0x1515,0x1515,0x1818,0x151D,0x1515,0x1815,0x1313,
	0x151A,0x1515,0x1315,0x1313,0x1318,0x1313,0x1313,0x1313,
	0x151E,0x1318,0x1313,0x1313,0x1515,0x1318,0x1313,0x1313,
	0x1515,0x1318,0x1313,0x1313,0x1515,0x1318,0x1313,0x1313,
	0x1818,0x1313,0x1313,0x1313,0x1313,0x1313,0x1313,0x1313,
	0x1313,0x1313,0x1313,0x1313,0x1313,0x1313,0x1313,0x1313,

	0x1313,0x1313,0x1313,0x1313,0x1313,0x1313,0x1313,0x1313,
	0x1313,0x1313,0x1313,0x1313,0x1313,0x1313,0x1313,0x1313,
	0x1313,0x1313,0x1313,0x1313,0x1313,0x1313,0x1313,0x1313,
	0x1313,0x1313,0x1313,0x1313,0x1313,0x1313,0x1313,0x1313,
	0x1313,0x1313,0x1313,0x1313,0x1313,0x1313,0x1313,0x1313,
	0x1313,0x1313,0x1313,0x1313,0x1313,0x1313,0x1313,0x1313,
	0x1313,0x1313,0x1313,0x1313,0x1313,0x1313,0x1313,0x1313,
	0x1313,0x1313,0x1313,0x1313,0x1313,0x1313,0x1313,0x1313,

	0x1313,0x1313,0x1313,0x1313,0x1313,0x1313,0x1313,0x1313,
	0x1313,0x1313,0x1313,0x1313,0x1313,0x1313,0x1313,0x1313,
	0x1313,0x1313,0x1313,0x1313,0x1313,0x1313,0x1313,0x1313,
	0x1313,0x1313,0x1313,0x1313,0x1313,0x1313,0x1313,0x1313,
	0x1313,0x1313,0x1313,0x1313,0x1313,0x1313,0x1313,0x1313,
	0x1313,0x1313,0x1313,0x1313,0x1313,0x1313,0x1313,0x1313,
	0x1313,0x1313,0x1313,0x1313,0x1313,0x1313,0x1313,0x1313,
	0x1313,0x1313,0x1313,0x1313,0x1313,0x1313,0x1313,0x1313,

	0x1313,0x1313,0x1313,0x171D,0x1313,0x1313,0x1313,0x171D,
	0x1313,0x1313,0x1313,0x171D,0x1313,0x1313,0x1313,0x171D,
	0x1313,0x1313,0x1313,0x171D,0x1313,0x1313,0x1813,0x161A,
	0x1813,0x1515,0x1515,0x1E15,0x1513,0x1515,0x1515,0x1515,
	0x1C17,0x151A,0x1818,0x1518,0x1617,0x1515,0x1515,0x1515,
	0x1617,0x1515,0x1515,0x1515,0x1617,0x1515,0x1515,0x1515,
	0x1617,0x1515,0x1515,0x1515,0x1D16,0x1515,0x1515,0x1515,
	0x1E1E,0x1515,0x1515,0x1515,0x1515,0x1515,0x1515,0x1515,

	0x1515,0x1515,0x1515,0x1515,0x1515,0x1515,0x1515,0x1515,
	0x1515,0x1515,0x1515,0x1515,0x1515,0x1515,0x1515,0x1515,
	0x1515,0x1515,0x1515,0x1515,0x1515,0x1515,0x1515,0x1515,
	0x1515,0x1515,0x1515,0x1515,0x1515,0x1515,0x1515,0x1515,
	0x1515,0x1515,0x1315,0x1313,0x1515,0x1515,0x1315,0x1313,
	0x1515,0x1515,0x1318,0x1313,0x1515,0x1515,0x1318,0x1313,
	0x1515,0x1515,0x1318,0x1313,0x1515,0x1515,0x1318,0x1313,
	0x1515,0x1515,0x1318,0x1313,0x1515,0x1515,0x1318,0x1313,

	0x1313,0x1313,0x1313,0x1313,0x1313,0x1313,0x1313,0x1313,
	0x1313,0x1313,0x1313,0x1313,0x1313,0x1313,0x1313,0x1313,
	0x1313,0x1313,0x1313,0x1313,0x1313,0x1313,0x1313,0x1313,
	0x1313,0x1313,0x1313,0x1313,0x1313,0x1313,0x1313,0x1313,
	0x1313,0x1313,0x1313,0x1313,0x1313,0x1313,0x1313,0x1313,
	0x1313,0x1313,0x1313,0x1313,0x1313,0x1313,0x1313,0x1313,
	0x1313,0x1313,0x1313,0x1313,0x1313,0x1313,0x1313,0x1313,
	0x1313,0x1313,0x1313,0x1313,0x1313,0x1313,0x1313,0x1313,

	0x1313,0x1313,0x1313,0x1313,0x1313,0x1313,0x1313,0x1313,
	0x1313,0x1313,0x1313,0x1313,0x1313,0x1313,0x1313,0x1313,
	0x1313,0x1313,0x1313,0x1313,0x1313,0x1313,0x1313,0x1313,
	0x1313,0x1313,0x1313,0x1313,0x1313,0x1313,0x1313,0x1313,
	0x1313,0x1513,0x1515,0x1515,0x1313,0x1513,0x1515,0x1515,
	0x1313,0x1313,0x1313,0x1313,0x1313,0x1313,0x1313,0x1313,
	0x1313,0x1313,0x1313,0x1313,0x1313,0x1313,0x1313,0x1513,
	0x1313,0x1313,0x1313,0x1513,0x1313,0x1313,0x1313,0x1513,

	0x1515,0x1318,0x1313,0x1313,0x1515,0x1318,0x1313,0x1313,
	0x1515,0x1318,0x1313,0x1313,0x1518,0x1318,0x1313,0x1313,
	0x1515,0x1318,0x1313,0x1313,0x1515,0x1515,0x1515,0x1515,
	0x1515,0x1515,0x1515,0x1515,0x1515,0x1515,0x1515,0x1515,
	0x1313,0x1313,0x1313,0x1313,0x1313,0x1313,0x1313,0x1313,
	0x1313,0x1313,0x1313,0x1313,0x1313,0x1313,0x1313,0x1313,
	0x1313,0x1313,0x1313,0x1313,0x1815,0x1313,0x1313,0x1313,
	0x1515,0x1313,0x1313,0x1313,0x1815,0x1313,0x1313,0x1313,

	0x1313,0x1313,0x1313,0x1313,0x1313,0x1313,0x1313,0x1313,
	0x1313,0x1313,0x1313,0x1313,0x1313,0x1313,0x1313,0x1313,
	0x1313,0x1313,0x1313,0x1313,0x1313,0x1313,0x1313,0x1313,
	0x1313,0x1313,0x1313,0x1313,0x1313,0x1313,0x1313,0x1313,
	0x1E13,0x1C16,0x1717,0x1717,0x1513,0x1A1A,0x171D,0x1717,
	0x1813,0x1515,0x1C1A,0x1717,0x1813,0x1515,0x1C1A,0x1717,
	0x1813,0x1515,0x161E,0x1717,0x1313,0x1518,0x1A15,0x1716,
	0x1313,0x1313,0x1813,0x1C1A,0x1313,0x1313,0x1313,0x1C1E,

	0x1717,0x1717,0x1717,0x1717,0x1717,0x1717,0x1717,0x1717,
	0x1717,0x1717,0x1717,0x1717,0x1717,0x1717,0x1717,0x1717,
	0x1717,0x1717,0x1717,0x1717,0x1717,0x1717,0x1717,0x1717,
	0x1717,0x1717,0x1717,0x1717,0x1717,0x1717,0x1717,0x1717,
	0x1717,0x1717,0x1C17,0x1014,0x1717,0x1717,0x1C17,0x1014,
	0x1717,0x1717,0x1C17,0x1014,0x1717,0x1717,0x1717,0x111B,
	0x1717,0x1717,0x1717,0x1C17,0x1717,0x1717,0x1717,0x1717,
	0x1717,0x1717,0x1717,0x1717,0x1717,0x1717,0x1717,0x1717,

	0x1010,0x1010,0x1010,0x1010,0x1010,0x1010,0x1010,0x1010,
	0x1010,0x1010,0x1010,0x1010,0x1010,0x1010,0x1010,0x1010,
	0x1010,0x1010,0x1010,0x1010,0x1010,0x1010,0x1010,0x1010,
	0x1010,0x1010,0x1010,0x1010,0x1010,0x1010,0x1010,0x1010,
	0x1010,0x1010,0x1010,0x1010,0x1010,0x1010,0x1010,0x1010,
	0x1010,0x1010,0x1010,0x1010,0x1010,0x1010,0x1010,0x1010,
	0x1010,0x1010,0x1010,0x1010,0x1010,0x1010,0x1010,0x1010,
	0x1010,0x1010,0x1010,0x1010,0x1010,0x1010,0x1010,0x1010,

	0x1010,0x1010,0x1010,0x1010,0x1010,0x1010,0x1010,0x1010,
	0x1010,0x1010,0x1010,0x1010,0x1010,0x1010,0x1010,0x1010,
	0x1010,0x1010,0x1010,0x1010,0x1010,0x1010,0x1010,0x1010,
	0x1010,0x1010,0x1010,0x1010,0x1010,0x1010,0x1010,0x1010,
	0x1010,0x1010,0x1010,0x1010,0x1010,0x1010,0x1010,0x1010,
	0x1010,0x1010,0x1010,0x1010,0x1010,0x1010,0x1010,0x1010,
	0x1010,0x1010,0x1010,0x1010,0x1010,0x1010,0x1010,0x1010,
	0x1010,0x1010,0x1010,0x1010,0x1010,0x1010,0x1010,0x1010,

	0x1010,0x1010,0x1010,0x1010,0x1010,0x1010,0x1010,0x1010,
	0x1010,0x1010,0x1010,0x1010,0x1010,0x1010,0x1010,0x1010,
	0x1010,0x1010,0x1010,0x1010,0x1010,0x1010,0x1010,0x1010,
	0x1010,0x1010,0x1010,0x1010,0x1010,0x1010,0x1010,0x1010,
	0x1010,0x1010,0x1010,0x1010,0x1010,0x1010,0x1010,0x1010,
	0x1010,0x1010,0x1010,0x1010,0x1010,0x1010,0x1010,0x1010,
	0x1010,0x1010,0x1010,0x1010,0x1010,0x1010,0x1010,0x1010,
	0x1010,0x1010,0x1010,0x1010,0x1010,0x1010,0x1010,0x1010,

	0x1010,0x1010,0x1010,0x1010,0x1010,0x1010,0x1010,0x1010,
	0x1010,0x1010,0x1010,0x1010,0x1010,0x1010,0x1010,0x1010,
	0x1010,0x1010,0x1010,0x1010,0x1010,0x1010,0x1010,0x1010,
	0x1010,0x1010,0x1010,0x1010,0x1010,0x1010,0x1010,0x1010,
	0x1010,0x1010,0x1010,0x1010,0x1010,0x1010,0x1010,0x1010,
	0x1010,0x1010,0x1010,0x1010,0x1010,0x1010,0x1010,0x1010,
	0x1010,0x1010,0x1010,0x1010,0x1010,0x1010,0x1010,0x1010,
	0x1010,0x1010,0x1010,0x1010,0x1010,0x1010,0x1010,0x1010,

	0x1010,0x1010,0x1010,0x1010,0x1010,0x1010,0x1010,0x1010,
	0x1010,0x1010,0x1010,0x1010,0x1010,0x1010,0x1010,0x1010,
	0x1010,0x1010,0x1010,0x1010,0x1010,0x1010,0x1010,0x1010,
	0x1010,0x1010,0x1010,0x1010,0x1010,0x1010,0x1010,0x1010,
	0x1010,0x1010,0x1010,0x1010,0x1010,0x1010,0x1010,0x1010,
	0x1010,0x1010,0x1010,0x1010,0x1010,0x1010,0x1010,0x1010,
	0x1010,0x1010,0x1010,0x1010,0x1010,0x1010,0x1010,0x1010,
	0x1010,0x1010,0x1010,0x1010,0x1010,0x1010,0x1010,0x1010,

	0x1010,0x1010,0x1010,0x1010,0x1010,0x1010,0x1010,0x1010,
	0x1010,0x1010,0x1010,0x1010,0x1010,0x1010,0x1010,0x1010,
	0x1010,0x1010,0x1010,0x1010,0x1010,0x1010,0x1010,0x1010,
	0x1010,0x1010,0x1010,0x1010,0x1010,0x1010,0x1010,0x1010,
	0x1010,0x1010,0x1010,0x1010,0x1010,0x1010,0x1010,0x1010,
	0x1010,0x1010,0x1010,0x1010,0x1010,0x1010,0x1010,0x1010,
	0x1010,0x1010,0x1010,0x1010,0x1010,0x1010,0x1010,0x1010,
	0x1010,0x1010,0x1010,0x1010,0x1010,0x1010,0x1010,0x1010,

	0x1010,0x1010,0x1010,0x1010,0x1010,0x1010,0x1010,0x1010,
	0x1010,0x1010,0x1010,0x1010,0x1010,0x1010,0x1010,0x1010,
	0x1010,0x1010,0x1010,0x1010,0x1010,0x1010,0x1010,0x1010,
	0x1010,0x1010,0x1010,0x1010,0x1010,0x1010,0x1010,0x1010,
	0x1C10,0x1717,0x1717,0x1D17,0x1610,0x1717,0x1717,0x1A17,
	0x1610,0x1717,0x1717,0x1D17,0x1610,0x1717,0x1717,0x1C17,
	0x1C10,0x1717,0x1C17,0x1717,0x1010,0x1010,0x1710,0x1717,
	0x1010,0x1010,0x1710,0x1717,0x1010,0x1010,0x1C10,0x1717,

	0x1515,0x1515,0x1515,0x1515,0x1515,0x1515,0x1515,0x1515,
	0x151E,0x1515,0x1515,0x1515,0x1D1D,0x1A1D,0x1515,0x1515,
	0x1717,0x1D17,0x1515,0x1515,0x1717,0x1D17,0x1515,0x1515,
	0x1717,0x1D17,0x1515,0x1515,0x1717,0x1A17,0x1515,0x1515,
	0x1515,0x1515,0x1515,0x1515,0x1515,0x1515,0x1515,0x1515,
	0x1515,0x1515,0x1515,0x1515,0x1515,0x1515,0x1515,0x1515,
	0x1515,0x1515,0x1515,0x1515,0x1515,0x1515,0x1515,0x1515,
	0x1515,0x1515,0x1515,0x1515,0x1515,0x1515,0x1515,0x1515,

	0x1515,0x1515,0x1515,0x1515,0x1515,0x1515,0x1515,0x1515,
	0x1515,0x1515,0x1515,0x1515,0x1515,0x1515,0x1515,0x1515,
	0x1515,0x1515,0x1515,0x1515,0x1515,0x1515,0x1515,0x1515,
	0x1515,0x1515,0x1515,0x1515,0x1515,0x1515,0x1515,0x1515,
	0x1515,0x1315,0x1313,0x1313,0x1515,0x1815,0x1313,0x1313,
	0x1515,0x1815,0x1313,0x1313,0x1515,0x1515,0x1515,0x1815,
	0x1515,0x1515,0x1515,0x1515,0x1515,0x1515,0x1515,0x1515,
	0x1515,0x1515,0x1515,0x1515,0x1515,0x1515,0x1515,0x1515,

	0x1313,0x1313,0x1313,0x1313,0x1313,0x1313,0x1313,0x1313,
	0x1313,0x1313,0x1313,0x1313,0x1818,0x1313,0x1313,0x1313,
	0x1515,0x1318,0x1313,0x1313,0x1515,0x1318,0x1313,0x1313,
	0x1515,0x1318,0x1313,0x1313,0x1515,0x1313,0x1313,0x1313,
	0x1313,0x1818,0x1818,0x1818,0x1313,0x1313,0x1313,0x1313,
	0x1313,0x1313,0x1313,0x1313,0x1313,0x1313,0x1313,0x1313,
	0x1313,0x1313,0x1313,0x1313,0x1313,0x1313,0x1313,0x1313,
	0x1313,0x1313,0x1313,0x1313,0x1313,0x1313,0x1313,0x1313,

	0x1818,0x1313,0x1313,0x1313,0x1313,0x1313,0x1313,0x1313,
	0x1313,0x1313,0x1313,0x1313,0x1313,0x1313,0x1313,0x1313,
	0x1313,0x1313,0x1313,0x1313,0x1313,0x1313,0x1313,0x1313,
	0x1313,0x1313,0x1313,0x1313,0x1313,0x1313,0x1313,0x1313,
	0x1313,0x1313,0x1313,0x1313,0x1313,0x1313,0x1313,0x1313,
	0x1313,0x1313,0x1313,0x1313,0x1313,0x1313,0x1313,0x1313,
	0x1313,0x1313,0x1313,0x1313,0x1313,0x1313,0x1313,0x1313,
	0x1313,0x1313,0x1313,0x1313,0x1313,0x1313,0x1313,0x1313,

	0x1813,0x1313,0x1313,0x1313,0x1818,0x1818,0x1313,0x1313,
	0x1313,0x1313,0x1313,0x1313,0x1313,0x1313,0x1313,0x1313,
	0x1313,0x1313,0x1313,0x1313,0x1313,0x1313,0x1313,0x1313,
	0x1313,0x1313,0x1313,0x1313,0x1313,0x1313,0x1313,0x1313,
	0x1313,0x1313,0x1313,0x1313,0x1313,0x1313,0x1313,0x1313,
	0x1313,0x1313,0x1313,0x1313,0x1313,0x1313,0x1313,0x1313,
	0x1313,0x1313,0x1313,0x1313,0x1313,0x1313,0x1313,0x1313,
	0x1313,0x1313,0x1313,0x1313,0x1313,0x1313,0x1313,0x1313,

	0x1313,0x1313,0x1313,0x1313,0x1313,0x1313,0x1313,0x1313,
	0x1313,0x1313,0x1313,0x1313,0x1313,0x1313,0x1313,0x1313,
	0x1313,0x1313,0x1313,0x1313,0x1313,0x1313,0x1313,0x1313,
	0x1313,0x1313,0x1313,0x1313,0x1313,0x1313,0x1313,0x1313,
	0x1313,0x1313,0x1313,0x1313,0x1313,0x1313,0x1313,0x1313,
	0x1313,0x1313,0x1313,0x1313,0x1313,0x1313,0x1313,0x1313,
	0x1313,0x1313,0x1313,0x1313,0x1313,0x1313,0x1313,0x1313,
	0x1313,0x1313,0x1313,0x1313,0x1313,0x1313,0x1313,0x1313,

	0x1313,0x1313,0x1513,0x1515,0x1313,0x1313,0x1513,0x1515,
	0x1313,0x1313,0x1513,0x1515,0x1313,0x1313,0x1513,0x1515,
	0x1313,0x1313,0x1513,0x1515,0x1313,0x1313,0x1818,0x1515,
	0x1313,0x1313,0x1313,0x1313,0x1313,0x1313,0x1313,0x1313,
	0x1515,0x1515,0x1515,0x1515,0x1515,0x1515,0x1515,0x1515,
	0x1515,0x1515,0x1515,0x1515,0x1515,0x1515,0x1515,0x1515,
	0x1515,0x1515,0x1515,0x1515,0x1515,0x1515,0x1515,0x1515,
	0x1313,0x1313,0x1313,0x1313,0x1313,0x1313,0x1313,0x1313,

	0x1515,0x1515,0x1515,0x1515,0x1515,0x1515,0x1515,0x1515,
	0x1515,0x1515,0x1515,0x1515,0x1815,0x1313,0x1313,0x1518,
	0x1315,0x1313,0x1313,0x1813,0x1318,0x1313,0x1313,0x1313,
	0x1313,0x1313,0x1313,0x1313,0x1313,0x1313,0x1313,0x1313,
	0x1515,0x1E15,0x161D,0x1616,0x1515,0x1515,0x1E15,0x1E1E,
	0x1515,0x1515,0x1515,0x1515,0x1515,0x1515,0x1515,0x1515,
	0x1515,0x1515,0x1515,0x1515,0x1313,0x1313,0x1313,0x1813,
	0x1313,0x1313,0x1313,0x1313,0x1313,0x1313,0x1313,0x1313,

	0x1C16,0x1717,0x1717,0x1717,0x1D1E,0x1717,0x1717,0x1717,
	0x1A15,0x171C,0x1717,0x1717,0x1A15,0x171C,0x1717,0x1717,
	0x1E15,0x1616,0x1616,0x1616,0x1518,0x1515,0x1515,0x1515,
	0x1313,0x1313,0x1313,0x1313,0x1313,0x1313,0x1313,0x1313,
	0x1717,0x1617,0x1D1D,0x1D1D,0x1717,0x1A1C,0x1318,0x1313,
	0x1717,0x151C,0x1313,0x1313,0x1717,0x151C,0x1313,0x1313,
	0x1C16,0x1516,0x1313,0x1313,0x1515,0x151A,0x1313,0x1313,
	0x1313,0x1313,0x1313,0x1313,0x1313,0x1313,0x1313,0x1313,

	0x1D1D,0x1D1D,0x1D1D,0x1D1D,0x1313,0x1313,0x1313,0x1313,
	0x1313,0x1313,0x1313,0x1313,0x1313,0x1313,0x1313,0x1313,
	0x1313,0x1313,0x1313,0x1313,0x1313,0x1313,0x1313,0x1313,
	0x1313,0x1313,0x1313,0x1313,0x1313,0x1313,0x1313,0x1313,
	0x181A,0x1313,0x1313,0x1313,0x1313,0x1313,0x1313,0x1313,
	0x1313,0x1313,0x1313,0x1313,0x1313,0x1313,0x1313,0x1313,
	0x1313,0x1313,0x1313,0x1313,0x1313,0x1313,0x1313,0x1313,
	0x1313,0x1313,0x1313,0x1313,0x1313,0x1313,0x1313,0x1313,

	0x1313,0x1313,0x1313,0x1313,0x1313,0x1313,0x1313,0x1313,
	0x1313,0x1313,0x1313,0x1313,0x1313,0x1313,0x1313,0x1313,
	0x1313,0x1313,0x1313,0x1313,0x1313,0x1313,0x1313,0x1313,
	0x1313,0x1313,0x1313,0x1313,0x1313,0x1313,0x1313,0x1313,
	0x1313,0x1313,0x1313,0x1313,0x1313,0x1313,0x1313,0x1313,
	0x1313,0x1313,0x1313,0x1313,0x1313,0x1313,0x1313,0x1313,
	0x1313,0x1313,0x1313,0x1313,0x1313,0x1313,0x1313,0x1313,
	0x1313,0x1313,0x1313,0x1313,0x1313,0x1313,0x1313,0x1318,

	0x1313,0x1313,0x1313,0x1313,0x1313,0x1313,0x1313,0x1313,
	0x1313,0x1313,0x1313,0x1313,0x1313,0x1313,0x1313,0x1313,
	0x1313,0x1313,0x1313,0x1313,0x1313,0x1313,0x1313,0x1313,
	0x1313,0x1813,0x1515,0x1815,0x1313,0x1813,0x1515,0x1515,
	0x1313,0x1313,0x1313,0x1313,0x1313,0x1313,0x1313,0x1313,
	0x1313,0x1313,0x1313,0x1313,0x1313,0x1313,0x1313,0x1313,
	0x1313,0x1313,0x1313,0x1313,0x1313,0x1313,0x1313,0x1313,
	0x1313,0x1313,0x1313,0x1313,0x1313,0x1313,0x1313,0x1313,

	0x1313,0x1313,0x1813,0x1716,0x1313,0x1313,0x1813,0x1716,
	0x1313,0x1313,0x1813,0x1716,0x1313,0x1313,0x1813,0x1C1D,
	0x1313,0x1313,0x1313,0x1A18,0x1313,0x1313,0x1313,0x1513,
	0x1313,0x1313,0x1313,0x1513,0x1313,0x1313,0x1313,0x1513,
	0x1D17,0x1313,0x1313,0x1313,0x1D17,0x1313,0x1313,0x1313,
	0x1A17,0x1313,0x1313,0x1313,0x1A1C,0x1313,0x1313,0x1313,
	0x1D1C,0x1313,0x1313,0x1313,0x1D16,0x1313,0x1313,0x1313,
	0x1D16,0x1313,0x1313,0x1313,0x1D16,0x1313,0x1313,0x1313,

	0x1313,0x1313,0x1313,0x1813,0x1313,0x1313,0x1313,0x1813,
	0x1313,0x1313,0x1313,0x1313,0x1313,0x1313,0x1313,0x1313,
	0x1313,0x1313,0x1313,0x1313,0x1313,0x1313,0x1313,0x1313,
	0x1313,0x1313,0x1313,0x1313,0x1313,0x1313,0x1313,0x1313,
	0x1716,0x1717,0x1717,0x1717,0x161D,0x1C1C,0x1D16,0x1D1D,
	0x1515,0x1D1E,0x181A,0x1818,0x1313,0x1E13,0x131E,0x1313,
	0x1313,0x1513,0x1315,0x1313,0x1313,0x1313,0x1313,0x1313,
	0x1313,0x1313,0x1313,0x1313,0x1313,0x1313,0x1313,0x1313,

	0x1717,0x1717,0x1717,0x1717,0x1D1D,0x1D1D,0x1D1D,0x1D1D,
	0x1818,0x1818,0x1818,0x1818,0x1313,0x1313,0x1313,0x1313,
	0x1313,0x1313,0x1313,0x1313,0x1313,0x1313,0x1313,0x1313,
	0x1313,0x1313,0x1313,0x1313,0x1313,0x1313,0x1313,0x1313,
	0x1717,0x1816,0x1313,0x1313,0x1D1D,0x181A,0x1313,0x1313,
	0x1818,0x1315,0x1313,0x1313,0x1313,0x1318,0x1313,0x1313,
	0x1313,0x1318,0x1313,0x1313,0x1313,0x1318,0x1313,0x1313,
	0x1313,0x1318,0x1313,0x1313,0x1313,0x1318,0x1313,0x1313,

	0x1313,0x1313,0x1313,0x1313,0x1313,0x1313,0x1313,0x1313,
	0x1313,0x1313,0x1313,0x1313,0x1313,0x1313,0x1313,0x1313,
	0x1313,0x1313,0x1313,0x1313,0x1313,0x1313,0x1313,0x1313,
	0x1313,0x1313,0x1313,0x1313,0x1313,0x1313,0x1313,0x1313,
	0x1313,0x1313,0x1313,0x1313,0x1313,0x1313,0x1313,0x1313,
	0x1313,0x1313,0x1313,0x1313,0x1313,0x1313,0x1313,0x1313,
	0x1313,0x1313,0x1313,0x1313,0x1313,0x1313,0x1313,0x1313,
	0x1313,0x1313,0x1313,0x1313,0x1313,0x1313,0x1313,0x1313,

	0x1313,0x1313,0x1313,0x1313,0x1313,0x1313,0x1313,0x1313,
	0x1313,0x1313,0x1313,0x1313,0x1313,0x1313,0x1313,0x1313,
	0x1313,0x1313,0x1313,0x1313,0x1313,0x1313,0x1313,0x1313,
	0x1313,0x1313,0x1313,0x1313,0x1313,0x1313,0x1313,0x1313,
	0x1313,0x1313,0x1313,0x1313,0x1313,0x1313,0x1313,0x1313,
	0x1313,0x1313,0x1313,0x1313,0x1313,0x1313,0x1313,0x1313,
	0x1313,0x1313,0x1313,0x1313,0x1313,0x1313,0x1313,0x1313,
	0x1313,0x1313,0x1313,0x1313,0x1313,0x1313,0x1313,0x1313,

	0x1313,0x1313,0x1313,0x1313,0x1313,0x1313,0x1313,0x1313,
	0x1313,0x1313,0x1313,0x1313,0x1313,0x1313,0x1313,0x1313,
	0x1313,0x1313,0x1313,0x1313,0x1313,0x1313,0x1313,0x1313,
	0x1313,0x1313,0x1313,0x1313,0x1313,0x1313,0x1313,0x1313,
	0x1313,0x1313,0x1313,0x1313,0x1313,0x1313,0x1313,0x1313,
	0x1313,0x1313,0x1313,0x1313,0x1313,0x1313,0x1313,0x1313,
	0x1313,0x1313,0x1313,0x1313,0x1313,0x1313,0x1313,0x1313,
	0x1313,0x1313,0x1818,0x1818,0x1313,0x1813,0x1515,0x1515,

	0x1513,0x1515,0x1515,0x1515,0x1513,0x1515,0x1515,0x1515,
	0x1518,0x1515,0x1515,0x1515,0x1518,0x1515,0x1515,0x1515,
	0x1518,0x1515,0x1515,0x1515,0x1518,0x1515,0x1515,0x1515,
	0x1515,0x1515,0x1515,0x1515,0x1515,0x1515,0x1515,0x1515,
	0x1515,0x1515,0x1515,0x1515,0x1515,0x1515,0x1515,0x1515,
	0x1515,0x1515,0x1515,0x1515,0x1515,0x1515,0x1515,0x1515,
	0x1515,0x1515,0x1515,0x1515,0x1515,0x1515,0x1515,0x1515,
	0x1515,0x1515,0x1515,0x1515,0x1515,0x1515,0x1515,0x1318,

	0x1515,0x1515,0x1515,0x1515,0x1515,0x1515,0x1515,0x1515,
	0x1515,0x1515,0x1515,0x1515,0x1515,0x1515,0x1515,0x1515,
	0x1515,0x1515,0x1515,0x1515,0x1515,0x1515,0x1515,0x1815,
	0x1515,0x1515,0x1515,0x1315,0x1813,0x1818,0x1518,0x1318,
	0x1515,0x1515,0x1313,0x1313,0x1515,0x1515,0x1313,0x1313,
	0x1515,0x1515,0x1313,0x1313,0x1515,0x1515,0x1313,0x1313,
	0x1515,0x1815,0x1313,0x1313,0x1313,0x1318,0x1313,0x1313,
	0x1313,0x1313,0x1313,0x1313,0x1313,0x1313,0x1313,0x1313,

	0x1313,0x1313,0x1313,0x1313,0x1313,0x1313,0x1313,0x1313,
	0x1313,0x1313,0x1313,0x1313,0x1313,0x1313,0x1313,0x1313,
	0x1313,0x1313,0x1313,0x1313,0x1313,0x1313,0x1313,0x1313,
	0x1313,0x1313,0x1313,0x1313,0x1313,0x1313,0x1313,0x1313,
	0x1313,0x1313,0x1313,0x1313,0x1313,0x1313,0x1313,0x1313,
	0x1313,0x1313,0x1313,0x1313,0x1313,0x1313,0x1313,0x1313,
	0x1313,0x1313,0x1313,0x1313,0x1313,0x1313,0x1313,0x1313,
	0x1313,0x1313,0x1313,0x1313,0x1313,0x1313,0x1313,0x1313,

	0x1313,0x1313,0x1313,0x1313,0x1313,0x1313,0x1313,0x1313,
	0x1313,0x1313,0x1313,0x1813,0x1313,0x1313,0x1313,0x1313,
	0x1313,0x1313,0x1313,0x1313,0x1313,0x1313,0x1313,0x1313,
	0x1313,0x1313,0x1313,0x1313,0x1313,0x1313,0x1313,0x1313,
	0x1313,0x1313,0x1313,0x1513,0x1313,0x1313,0x1313,0x1313,
	0x1818,0x1818,0x1313,0x1313,0x1313,0x1313,0x1313,0x1313,
	0x1313,0x1313,0x1313,0x1313,0x1313,0x1313,0x1313,0x1313,
	0x1313,0x1313,0x1313,0x1313,0x1313,0x1313,0x1313,0x1313,

	0x1818,0x1818,0x1818,0x1818,0x1313,0x1313,0x1313,0x1313,
	0x1313,0x1313,0x1313,0x1313,0x1313,0x1313,0x1313,0x1313,
	0x1313,0x1313,0x1313,0x1313,0x1313,0x1313,0x1313,0x1313,
	0x1313,0x1313,0x1313,0x1313,0x1313,0x1313,0x1313,0x1313,
	0x1318,0x1313,0x1313,0x1313,0x1313,0x1313,0x1313,0x1313,
	0x1313,0x1313,0x1313,0x1313,0x1313,0x1313,0x1313,0x1313,
	0x1313,0x1313,0x1313,0x1313,0x1313,0x1313,0x1313,0x1313,
	0x1313,0x1313,0x1313,0x1313,0x1313,0x1313,0x1313,0x1313,

	0x1313,0x1313,0x1313,0x1313,0x1313,0x1313,0x1313,0x1313,
	0x1313,0x1313,0x1313,0x1313,0x1313,0x1313,0x1313,0x1313,
	0x1313,0x1313,0x1313,0x1313,0x1313,0x1313,0x1313,0x1313,
	0x1313,0x1313,0x1313,0x1313,0x1313,0x1313,0x1313,0x1313,
	0x1313,0x1313,0x1313,0x1C1E,0x1313,0x1313,0x1313,0x1D15,
	0x1313,0x1313,0x1313,0x1813,0x1313,0x1313,0x1313,0x1313,
	0x1313,0x1313,0x1313,0x1313,0x1313,0x1313,0x1313,0x1313,
	0x1313,0x1313,0x1313,0x1313,0x1313,0x1313,0x1313,0x1313,

	0x1717,0x1717,0x1717,0x1717,0x1C1D,0x1717,0x1717,0x1717,
	0x1D15,0x1717,0x1717,0x1717,0x1A13,0x171C,0x1717,0x1717,
	0x1A13,0x171C,0x1717,0x1717,0x1A13,0x171C,0x1717,0x1717,
	0x1A13,0x171C,0x1717,0x1717,0x1A13,0x171C,0x1717,0x1717,
	0x1717,0x1717,0x1717,0x1717,0x1717,0x1717,0x1717,0x1717,
	0x1717,0x1717,0x1717,0x1717,0x1717,0x1717,0x1717,0x1717,
	0x1717,0x1717,0x1717,0x1717,0x1717,0x1717,0x1717,0x1717,
	0x1717,0x1717,0x1717,0x1717,0x1717,0x1717,0x1717,0x1717,

	0x1010,0x1010,0x1010,0x1010,0x1010,0x1010,0x1010,0x1010,
	0x1010,0x1010,0x1010,0x1010,0x1010,0x1010,0x1010,0x1010,
	0x1010,0x1010,0x1010,0x1010,0x1010,0x1010,0x1010,0x1010,
	0x1010,0x1010,0x1010,0x1010,0x1010,0x1010,0x1010,0x1010,
	0x1010,0x1010,0x1010,0x1010,0x1010,0x1010,0x1010,0x1010,
	0x1010,0x1010,0x1010,0x1010,0x1010,0x1010,0x1010,0x1010,
	0x1010,0x1010,0x1010,0x1010,0x1010,0x1010,0x1010,0x1010,
	0x1010,0x1010,0x1010,0x1010,0x1010,0x1010,0x1010,0x1010,

	0x1010,0x1010,0x1010,0x1010,0x1010,0x1010,0x1010,0x1010,
	0x1010,0x1010,0x1010,0x1010,0x1010,0x1010,0x1010,0x1010,
	0x1010,0x1010,0x1010,0x1010,0x1010,0x1010,0x1010,0x1010,
	0x1010,0x1010,0x1010,0x1010,0x1010,0x1010,0x1010,0x1010,
	0x1010,0x1010,0x1010,0x1010,0x1010,0x1010,0x1010,0x1010,
	0x1010,0x1010,0x1010,0x1010,0x1010,0x1010,0x1010,0x1010,
	0x1010,0x1010,0x1010,0x1010,0x1010,0x1010,0x1010,0x1010,
	0x1010,0x1010,0x1010,0x1010,0x1010,0x1010,0x1010,0x1010,

	0x1010,0x1010,0x1010,0x1010,0x1010,0x1010,0x1010,0x1010,
	0x1010,0x1010,0x1010,0x1010,0x1010,0x1010,0x1010,0x1010,
	0x1010,0x1010,0x1010,0x1010,0x1010,0x1010,0x1010,0x1010,
	0x1010,0x1010,0x1010,0x1010,0x1010,0x1010,0x1010,0x1010,
	0x1010,0x1010,0x1010,0x1010,0x1010,0x1010,0x1010,0x1010,
	0x1010,0x1010,0x1010,0x1010,0x1010,0x1010,0x1010,0x1010,
	0x1010,0x1010,0x1010,0x1010,0x1010,0x1010,0x1010,0x1010,
	0x1010,0x1010,0x1010,0x1010,0x1010,0x1010,0x1010,0x1010,

	0x1010,0x1010,0x1010,0x1010,0x1010,0x1010,0x1010,0x1010,
	0x1010,0x1010,0x1010,0x1010,0x1010,0x1010,0x1010,0x1010,
	0x1010,0x1010,0x1010,0x1010,0x1010,0x1010,0x1010,0x1010,
	0x1010,0x1010,0x1010,0x1010,0x1010,0x1010,0x1010,0x1010,
	0x1010,0x1010,0x1010,0x1010,0x1010,0x1010,0x1010,0x1010,
	0x1010,0x1010,0x1010,0x1010,0x1010,0x1010,0x1010,0x1010,
	0x1010,0x1010,0x1010,0x1010,0x1010,0x1010,0x1010,0x1010,
	0x1010,0x1010,0x1010,0x1010,0x1010,0x1010,0x1010,0x1010,

	0x1010,0x1010,0x1010,0x1010,0x1010,0x1010,0x1010,0x1010,
	0x1010,0x1010,0x1010,0x1010,0x1010,0x1010,0x1010,0x1010,
	0x1010,0x1010,0x1010,0x1010,0x1010,0x1010,0x1010,0x1010,
	0x1010,0x1010,0x1010,0x1010,0x1010,0x1010,0x1010,0x1010,
	0x1010,0x1010,0x1010,0x1010,0x1010,0x1010,0x1010,0x1010,
	0x1010,0x1010,0x1010,0x1010,0x1010,0x1010,0x1010,0x1010,
	0x1010,0x1010,0x1010,0x1010,0x1010,0x1010,0x1010,0x1010,
	0x1010,0x1010,0x1010,0x1010,0x1010,0x1010,0x1010,0x1010,

	0x1010,0x1010,0x1010,0x1010,0x1010,0x1010,0x1010,0x1010,
	0x1010,0x1010,0x1010,0x1010,0x1010,0x1010,0x1010,0x1010,
	0x1010,0x1010,0x1010,0x1010,0x1010,0x1010,0x1010,0x1010,
	0x1010,0x1010,0x1010,0x1010,0x1010,0x1010,0x1010,0x1010,
	0x1010,0x1010,0x1010,0x1010,0x1010,0x1010,0x1010,0x1010,
	0x1010,0x1010,0x1010,0x1010,0x1010,0x1010,0x1010,0x1010,
	0x1010,0x1010,0x1010,0x1010,0x1010,0x1010,0x1010,0x1010,
	0x1010,0x1010,0x1010,0x1010,0x1010,0x1010,0x1010,0x1010,

	0x1010,0x1010,0x1010,0x1010,0x1010,0x1010,0x1010,0x1010,
	0x1010,0x1010,0x1010,0x1010,0x1010,0x1010,0x1010,0x1010,
	0x1010,0x1010,0x1010,0x1010,0x1010,0x1010,0x1010,0x1010,
	0x1010,0x1010,0x1010,0x1010,0x1010,0x1010,0x1010,0x1010,
	0x1010,0x1010,0x1C10,0x1717,0x1010,0x1010,0x1710,0x1717,
	0x1010,0x1010,0x1710,0x1717,0x1010,0x1010,0x1710,0x1717,
	0x1010,0x1010,0x1710,0x1717,0x1010,0x1010,0x1710,0x1717,
	0x1010,0x1010,0x1C10,0x1717,0x1010,0x1010,0x1C10,0x171C,

	0x1717,0x1A1C,0x1515,0x1515,0x1717,0x1D1C,0x1E1E,0x151E,
	0x1717,0x1C17,0x1616,0x1D1D,0x1717,0x1717,0x1717,0x1617,
	0x1717,0x1717,0x1717,0x1617,0x1717,0x1717,0x1717,0x1617,
	0x1717,0x1717,0x1717,0x1617,0x1717,0x1717,0x1717,0x1617,
	0x1515,0x1515,0x1515,0x1515,0x1515,0x1515,0x1515,0x1515,
	0x151E,0x1515,0x1515,0x1515,0x151A,0x1515,0x1515,0x1515,
	0x151E,0x1515,0x1515,0x1515,0x151E,0x1515,0x1515,0x1515,
	0x151E,0x1515,0x1515,0x1515,0x151E,0x1515,0x1515,0x1515,

	0x1515,0x1515,0x1515,0x1515,0x1515,0x1515,0x1515,0x1515,
	0x1515,0x1515,0x1515,0x1515,0x1515,0x1515,0x1515,0x1515,
	0x1515,0x1515,0x1515,0x1515,0x1515,0x1515,0x1515,0x1515,
	0x1515,0x1515,0x1515,0x1515,0x1515,0x1515,0x1515,0x1515,
	0x1515,0x1515,0x1515,0x1515,0x1515,0x1515,0x1515,0x1515,
	0x1515,0x1515,0x1515,0x1515,0x1515,0x1515,0x1515,0x1515,
	0x1515,0x1515,0x1515,0x1515,0x1515,0x1818,0x1818,0x1818,
	0x1515,0x1313,0x1313,0x1313,0x1515,0x1313,0x1313,0x1313,

	0x1515,0x1313,0x1313,0x1313,0x1515,0x1313,0x1313,0x1313,
	0x1515,0x1313,0x1313,0x1313,0x1515,0x1313,0x1313,0x1313,
	0x1815,0x1313,0x1313,0x1313,0x1818,0x1313,0x1313,0x1313,
	0x1313,0x1313,0x1313,0x1313,0x1313,0x1313,0x1313,0x1313,
	0x1313,0x1313,0x1313,0x1313,0x1313,0x1313,0x1313,0x1313,
	0x1313,0x1313,0x1313,0x1313,0x1313,0x1313,0x1313,0x1313,
	0x1313,0x1313,0x1313,0x1313,0x1313,0x1313,0x1313,0x1313,
	0x1313,0x1313,0x1313,0x1313,0x1313,0x1313,0x1513,0x1515,

	0x1313,0x1313,0x1313,0x1313,0x1313,0x1313,0x1313,0x1313,
	0x1313,0x1313,0x1313,0x1313,0x1313,0x1313,0x1313,0x1313,
	0x1313,0x1313,0x1313,0x1313,0x1313,0x1313,0x1313,0x1313,
	0x1313,0x1313,0x1313,0x1313,0x1318,0x1313,0x1313,0x1813,
	0x1313,0x1313,0x1313,0x1313,0x1313,0x1313,0x1313,0x1313,
	0x1313,0x1313,0x1313,0x1313,0x1313,0x1313,0x1313,0x1313,
	0x1313,0x1313,0x1313,0x1313,0x1313,0x1313,0x1313,0x1313,
	0x1313,0x1313,0x1313,0x1313,0x1818,0x1313,0x1813,0x1A15,

	0x1313,0x1313,0x1313,0x1313,0x1313,0x1313,0x1313,0x1313,
	0x1313,0x1313,0x1313,0x1313,0x1313,0x1313,0x1313,0x1313,
	0x1313,0x1313,0x1313,0x1313,0x1313,0x1313,0x1313,0x1313,
	0x1313,0x1313,0x1313,0x1313,0x1D1D,0x1D1D,0x1D1D,0x1D1D,
	0x1313,0x1313,0x1313,0x1313,0x1313,0x1313,0x1313,0x1313,
	0x1313,0x1313,0x1313,0x1313,0x1313,0x1818,0x1313,0x1313,
	0x1A18,0x1D1D,0x181A,0x1815,0x1615,0x1717,0x151D,0x1515,
	0x1615,0x1C17,0x151A,0x1515,0x1C16,0x1D1C,0x1515,0x1515,

	0x1313,0x1313,0x1313,0x1313,0x1313,0x1313,0x1313,0x1313,
	0x1313,0x1313,0x1313,0x1313,0x1313,0x1313,0x1313,0x1313,
	0x1313,0x1313,0x1313,0x1313,0x1815,0x1313,0x1313,0x1815,
	0x1515,0x1318,0x1513,0x1515,0x1515,0x1515,0x1515,0x1515,
	0x1313,0x1313,0x1313,0x1313,0x1313,0x1313,0x1313,0x1313,
	0x1313,0x1313,0x1313,0x1313,0x1313,0x1313,0x1313,0x1313,
	0x1313,0x1313,0x1313,0x1313,0x1313,0x1313,0x1313,0x1313,
	0x1815,0x1313,0x1313,0x1313,0x1515,0x1318,0x1313,0x1313,

	0x1313,0x1313,0x1313,0x1313,0x1313,0x1313,0x1313,0x1313,
	0x1313,0x1313,0x1313,0x1313,0x1313,0x1313,0x1313,0x1313,
	0x1313,0x1313,0x1313,0x1313,0x1313,0x1313,0x1313,0x1313,
	0x1313,0x1313,0x1313,0x1313,0x1313,0x1313,0x1313,0x1313,
	0x1313,0x1313,0x1313,0x1313,0x1313,0x1313,0x1313,0x1313,
	0x1313,0x1313,0x1313,0x1313,0x1313,0x1313,0x1313,0x1313,
	0x1313,0x1313,0x1313,0x1313,0x1313,0x1313,0x1313,0x1313,
	0x1313,0x1313,0x1313,0x1313,0x1313,0x1313,0x1313,0x1313,

	0x1313,0x1313,0x1313,0x1313,0x1313,0x1313,0x1313,0x1313,
	0x1313,0x1313,0x1313,0x1313,0x1313,0x1313,0x1313,0x1313,
	0x1313,0x1313,0x1313,0x1313,0x1313,0x1313,0x1313,0x1313,
	0x1313,0x1313,0x1313,0x1313,0x1313,0x1313,0x1313,0x1313,
	0x1313,0x1313,0x1313,0x1313,0x1313,0x1313,0x1313,0x1313,
	0x1313,0x1313,0x1313,0x1313,0x1313,0x1313,0x1313,0x1313,
	0x1313,0x1313,0x1313,0x1313,0x1313,0x1313,0x1313,0x1313,
	0x1313,0x1313,0x1313,0x1313,0x1313,0x1313,0x1313,0x1313,

	0x1313,0x1313,0x1313,0x1313,0x1313,0x1313,0x1313,0x1313,
	0x1313,0x1313,0x1313,0x1313,0x1313,0x1313,0x1313,0x1313,
	0x1313,0x1313,0x1313,0x1313,0x1313,0x1313,0x1313,0x1313,
	0x1313,0x1313,0x1313,0x1313,0x1313,0x1313,0x1313,0x1313,
	0x1313,0x1313,0x1313,0x1313,0x1313,0x1313,0x1313,0x1313,
	0x1313,0x1313,0x1313,0x1313,0x1313,0x1313,0x1313,0x1313,
	0x1313,0x1313,0x1313,0x1313,0x1313,0x1313,0x1313,0x1313,
	0x1313,0x1313,0x1313,0x1313,0x1313,0x1313,0x1313,0x1313,

	0x1313,0x1313,0x1313,0x1313,0x1313,0x1313,0x1313,0x1313,
	0x1313,0x1313,0x1313,0x1313,0x1313,0x1313,0x1313,0x1313,
	0x1313,0x1313,0x1313,0x1313,0x1313,0x1313,0x1313,0x1313,
	0x1313,0x1313,0x1313,0x1313,0x1313,0x1313,0x1313,0x1313,
	0x1313,0x1313,0x1313,0x1313,0x1313,0x1313,0x1313,0x1313,
	0x1313,0x1313,0x1313,0x1313,0x1313,0x1313,0x1313,0x1313,
	0x1313,0x1313,0x1313,0x1313,0x1313,0x1313,0x1313,0x1313,
	0x1313,0x1313,0x1313,0x1313,0x1313,0x1313,0x1313,0x1313,

	0x1313,0x1313,0x1313,0x1313,0x1313,0x1313,0x1313,0x1313,
	0x1313,0x1313,0x1313,0x1313,0x1313,0x1313,0x1313,0x1313,
	0x1313,0x1313,0x1313,0x1313,0x1313,0x1313,0x1313,0x1313,
	0x1313,0x1313,0x1313,0x1313,0x1313,0x1313,0x1313,0x1313,
	0x1313,0x1313,0x1313,0x1318,0x1313,0x1313,0x1313,0x1318,
	0x1313,0x1313,0x1313,0x1313,0x1313,0x1313,0x1313,0x1313,
	0x1313,0x1313,0x1313,0x1313,0x1313,0x1313,0x1313,0x1313,
	0x1313,0x1313,0x1313,0x1313,0x1313,0x1313,0x1313,0x1313,

	0x1313,0x1813,0x1515,0x1815,0x1313,0x1313,0x1313,0x1313,
	0x1313,0x1313,0x1313,0x1313,0x1313,0x1313,0x1313,0x1313,
	0x1313,0x1313,0x1313,0x1313,0x1313,0x1313,0x1313,0x1313,
	0x1313,0x1313,0x1313,0x1313,0x1313,0x1313,0x1313,0x1313,
	0x1318,0x1313,0x1313,0x1313,0x1313,0x1313,0x1313,0x1313,
	0x1313,0x1313,0x1313,0x1313,0x1313,0x1313,0x1313,0x1313,
	0x1313,0x1313,0x1313,0x1313,0x1313,0x1313,0x1313,0x1313,
	0x1313,0x1313,0x1313,0x1313,0x1313,0x1313,0x1313,0x1313,

	0x1313,0x1313,0x1313,0x1513,0x1313,0x1313,0x1313,0x1813,
	0x1313,0x1313,0x1313,0x1313,0x1313,0x1313,0x1313,0x1313,
	0x1313,0x1313,0x1313,0x1313,0x1313,0x1313,0x1313,0x1313,
	0x1313,0x1313,0x1313,0x1313,0x1313,0x1313,0x1313,0x1313,
	0x1E1D,0x1313,0x1313,0x1313,0x1315,0x1313,0x1313,0x1313,
	0x1313,0x1313,0x1313,0x1313,0x1313,0x1313,0x1313,0x1313,
	0x1313,0x1313,0x1313,0x1313,0x1313,0x1313,0x1313,0x1313,
	0x1313,0x1313,0x1313,0x1313,0x1313,0x1313,0x1313,0x1313,

	0x1313,0x1313,0x1313,0x1313,0x1313,0x1313,0x1313,0x1313,
	0x1313,0x1313,0x1313,0x1313,0x1313,0x1313,0x1313,0x1313,
	0x1313,0x1313,0x1313,0x1313,0x1313,0x1313,0x1313,0x1313,
	0x1313,0x1313,0x1313,0x1313,0x1313,0x1313,0x1313,0x1313,
	0x1313,0x1313,0x1313,0x1313,0x1313,0x1313,0x1313,0x1313,
	0x1313,0x1313,0x1313,0x1313,0x1313,0x1313,0x1313,0x1313,
	0x1313,0x1313,0x1313,0x1313,0x1313,0x1313,0x1313,0x1313,
	0x1313,0x1313,0x1313,0x1313,0x1313,0x1313,0x1313,0x1313,

	0x1313,0x1313,0x1313,0x1313,0x1313,0x1313,0x1313,0x1313,
	0x1313,0x1313,0x1313,0x1313,0x1313,0x1313,0x1313,0x1313,
	0x1313,0x1313,0x1313,0x1313,0x1313,0x1313,0x1313,0x1313,
	0x1313,0x1313,0x1313,0x1313,0x1313,0x1313,0x1313,0x1313,
	0x1313,0x1313,0x1313,0x1313,0x1313,0x1313,0x1313,0x1313,
	0x1313,0x1313,0x1313,0x1313,0x1313,0x1313,0x1313,0x1313,
	0x1313,0x1313,0x1313,0x1313,0x1313,0x1313,0x1313,0x1313,
	0x1313,0x1313,0x1313,0x1313,0x1313,0x1313,0x1313,0x1313,

	0x1313,0x1313,0x1313,0x1313,0x1313,0x1313,0x1313,0x1313,
	0x1313,0x1313,0x1313,0x1313,0x1313,0x1313,0x1313,0x1313,
	0x1313,0x1313,0x1313,0x1313,0x1313,0x1313,0x1313,0x1313,
	0x1313,0x1313,0x1313,0x1313,0x1313,0x1313,0x1313,0x1313,
	0x1313,0x1313,0x1313,0x1313,0x1313,0x1313,0x1313,0x1313,
	0x1313,0x1313,0x1313,0x1313,0x1313,0x1313,0x1313,0x1313,
	0x1313,0x1313,0x1313,0x1313,0x1313,0x1313,0x1313,0x1313,
	0x1313,0x1313,0x1313,0x1313,0x1313,0x1313,0x1313,0x1313,

	0x1313,0x1313,0x1313,0x1313,0x1313,0x1313,0x1313,0x1313,
	0x1313,0x1313,0x1313,0x1313,0x1313,0x1313,0x1313,0x1313,
	0x1313,0x1313,0x1313,0x1313,0x1313,0x1313,0x1313,0x1313,
	0x1313,0x1313,0x1313,0x1313,0x1313,0x1313,0x1313,0x1313,
	0x1313,0x1313,0x1313,0x1313,0x1313,0x1313,0x1313,0x1313,
	0x1313,0x1313,0x1313,0x1313,0x1313,0x1313,0x1313,0x1313,
	0x1313,0x1313,0x1313,0x1313,0x1313,0x1313,0x1313,0x1313,
	0x1313,0x1313,0x1313,0x1313,0x1313,0x1313,0x1313,0x1313,

	0x1313,0x1313,0x1313,0x1313,0x1313,0x1313,0x1313,0x1313,
	0x1313,0x1313,0x1313,0x1313,0x1313,0x1313,0x1313,0x1313,
	0x1313,0x1313,0x1313,0x1313,0x1313,0x1313,0x1313,0x1313,
	0x1313,0x1313,0x1313,0x1313,0x1313,0x1313,0x1313,0x1313,
	0x1313,0x1813,0x1515,0x1515,0x1313,0x1513,0x1515,0x1515,
	0x1313,0x1513,0x1515,0x1515,0x1313,0x1513,0x1515,0x1515,
	0x1313,0x1513,0x1515,0x1515,0x1313,0x1513,0x1515,0x1515,
	0x1313,0x1513,0x1515,0x1515,0x1313,0x1518,0x1515,0x1515,

	0x1515,0x1515,0x1515,0x1515,0x1515,0x1515,0x1515,0x1515,
	0x1515,0x1515,0x1515,0x1515,0x1515,0x1515,0x1515,0x1515,
	0x1515,0x1515,0x1515,0x1515,0x1515,0x1515,0x1515,0x1515,
	0x1515,0x1515,0x1515,0x1515,0x1515,0x1515,0x1515,0x1515,
	0x1515,0x1515,0x1515,0x1313,0x1515,0x1515,0x1515,0x1313,
	0x1515,0x1515,0x1515,0x1313,0x1515,0x1515,0x1515,0x1313,
	0x1815,0x1818,0x1818,0x1313,0x1315,0x1313,0x1313,0x1313,
	0x1315,0x1313,0x1313,0x1313,0x1815,0x1818,0x1313,0x1313,

	0x1313,0x1313,0x1313,0x1313,0x1313,0x1313,0x1313,0x1313,
	0x1313,0x1313,0x1313,0x1313,0x1313,0x1313,0x1313,0x1313,
	0x1313,0x1313,0x1313,0x1313,0x1313,0x1313,0x1313,0x1313,
	0x1313,0x1313,0x1313,0x1313,0x1313,0x1313,0x1313,0x1313,
	0x1313,0x1313,0x1313,0x1313,0x1313,0x1313,0x1313,0x1313,
	0x1313,0x1313,0x1313,0x1313,0x1313,0x1313,0x1313,0x1313,
	0x1313,0x1313,0x1313,0x1313,0x1313,0x1313,0x1313,0x1313,
	0x1313,0x1313,0x1313,0x1313,0x1313,0x1313,0x1313,0x1313,

	0x1313,0x1313,0x1313,0x1313,0x1313,0x1313,0x1313,0x1313,
	0x1313,0x1313,0x1313,0x1313,0x1313,0x1313,0x1313,0x1313,
	0x1313,0x1313,0x1313,0x1313,0x1313,0x1313,0x1313,0x1313,
	0x1313,0x1313,0x1313,0x1313,0x1313,0x1313,0x1313,0x1313,
	0x1313,0x1313,0x1313,0x1313,0x1313,0x1313,0x1313,0x1313,
	0x1313,0x1313,0x1313,0x1313,0x1313,0x1313,0x1313,0x1313,
	0x1313,0x1313,0x1313,0x1313,0x1313,0x1313,0x1313,0x1313,
	0x1313,0x1313,0x1313,0x1313,0x1313,0x1313,0x1313,0x1313,

	0x1313,0x1313,0x1313,0x1313,0x1313,0x1313,0x1313,0x1313,
	0x1313,0x1313,0x1313,0x1313,0x1313,0x1313,0x1313,0x1313,
	0x1313,0x1313,0x1313,0x1313,0x1313,0x1313,0x1313,0x1313,
	0x1313,0x1313,0x1313,0x1313,0x1313,0x1313,0x1313,0x1313,
	0x1313,0x1313,0x1313,0x1313,0x1313,0x1313,0x1313,0x1313,
	0x1313,0x1313,0x1313,0x1313,0x1313,0x1313,0x1313,0x1313,
	0x1313,0x1313,0x1313,0x1313,0x1313,0x1313,0x1313,0x1313,
	0x1313,0x1313,0x1313,0x1313,0x1313,0x1313,0x1313,0x1313,

	0x1313,0x1313,0x1313,0x1313,0x1313,0x1313,0x1313,0x1313,
	0x1313,0x1313,0x1313,0x1313,0x1313,0x1313,0x1313,0x1313,
	0x1313,0x1313,0x1313,0x1313,0x1313,0x1313,0x1313,0x1313,
	0x1313,0x1313,0x1313,0x1313,0x1313,0x1313,0x1313,0x1313,
	0x1313,0x1313,0x1313,0x1313,0x1313,0x1313,0x1313,0x1313,
	0x1313,0x1313,0x1313,0x1313,0x1313,0x1313,0x1313,0x1313,
	0x1313,0x1313,0x1313,0x1313,0x1313,0x1313,0x1313,0x1313,
	0x1313,0x1313,0x1313,0x1313,0x1313,0x1313,0x1313,0x1313,

	0x1313,0x1313,0x1313,0x1313,0x1313,0x1313,0x1313,0x1313,
	0x1313,0x1313,0x1313,0x1313,0x1313,0x1313,0x1313,0x1313,
	0x1313,0x1313,0x1313,0x1313,0x1313,0x1313,0x1313,0x1313,
	0x1313,0x1313,0x1313,0x1313,0x1313,0x1313,0x1313,0x1313,
	0x1313,0x1313,0x1313,0x1313,0x1313,0x1313,0x1313,0x1313,
	0x1313,0x1313,0x1313,0x1313,0x1313,0x1313,0x1313,0x1313,
	0x1313,0x1313,0x1313,0x1313,0x1313,0x1313,0x1313,0x1313,
	0x1313,0x1313,0x1313,0x1313,0x1313,0x1313,0x1313,0x1313,

	0x1A13,0x171C,0x1717,0x1717,0x1A13,0x171C,0x1717,0x1717,
	0x1A13,0x171C,0x1717,0x1717,0x1A13,0x1616,0x171C,0x1717,
	0x1813,0x1E18,0x171C,0x1717,0x1313,0x1513,0x1716,0x1717,
	0x1313,0x1513,0x1716,0x1717,0x1313,0x1513,0x1716,0x1717,
	0x1717,0x1717,0x1717,0x1717,0x1717,0x1717,0x1717,0x1717,
	0x1717,0x1717,0x1717,0x1717,0x1717,0x1717,0x1717,0x1B17,
	0x1717,0x1717,0x1717,0x1017,0x1717,0x1717,0x1717,0x1017,
	0x1717,0x1717,0x1717,0x1017,0x1717,0x1717,0x1717,0x1017,

	0x1010,0x1010,0x1010,0x1010,0x1010,0x1010,0x1010,0x1010,
	0x1010,0x1010,0x1010,0x1010,0x1010,0x1010,0x1010,0x1010,
	0x1010,0x1010,0x1010,0x1010,0x1010,0x1010,0x1010,0x1010,
	0x1010,0x1010,0x1010,0x1010,0x1010,0x1010,0x1010,0x1010,
	0x1010,0x1010,0x1010,0x1010,0x1010,0x1010,0x1010,0x1010,
	0x1010,0x1010,0x1010,0x1010,0x1010,0x1010,0x1010,0x1010,
	0x1010,0x1010,0x1010,0x1010,0x1010,0x1010,0x1010,0x1010,
	0x1010,0x1010,0x1010,0x1010,0x1010,0x1010,0x1010,0x1010,

	0x1010,0x1010,0x1010,0x1010,0x1010,0x1010,0x1010,0x1010,
	0x1010,0x1010,0x1010,0x1010,0x1010,0x1010,0x1010,0x1010,
	0x1010,0x1010,0x1010,0x1010,0x1010,0x1010,0x1010,0x1010,
	0x1010,0x1010,0x1010,0x1010,0x1010,0x1010,0x1010,0x1010,
	0x1010,0x1010,0x1010,0x1010,0x1010,0x1010,0x1010,0x1010,
	0x1010,0x1010,0x1010,0x1010,0x1010,0x1010,0x1010,0x1010,
	0x1010,0x1010,0x1010,0x1010,0x1010,0x1010,0x1010,0x1010,
	0x1010,0x1010,0x1010,0x1010,0x1010,0x1010,0x1010,0x1010,

	0x1010,0x1010,0x1010,0x1010,0x1010,0x1010,0x1010,0x1010,
	0x1010,0x1010,0x1010,0x1010,0x1010,0x1010,0x1010,0x1010,
	0x1010,0x1010,0x1010,0x1010,0x1010,0x1010,0x1010,0x1010,
	0x1010,0x1010,0x1010,0x1010,0x1010,0x1010,0x1010,0x1010,
	0x1010,0x1010,0x1010,0x1010,0x1010,0x1010,0x1010,0x1010,
	0x1010,0x1010,0x1010,0x1010,0x1010,0x1010,0x1010,0x1010,
	0x1010,0x1010,0x1010,0x1010,0x1010,0x1010,0x1010,0x1010,
	0x1010,0x1010,0x1010,0x1010,0x1010,0x1010,0x1010,0x1010,

	0x1010,0x1010,0x1010,0x1010,0x1010,0x1010,0x1010,0x1010,
	0x1010,0x1010,0x1010,0x1010,0x1010,0x1010,0x1010,0x1010,
	0x1010,0x1010,0x1010,0x1010,0x1010,0x1010,0x1010,0x1010,
	0x1010,0x1010,0x1010,0x1010,0x1010,0x1010,0x1010,0x1010,
	0x1010,0x1010,0x1010,0x1010,0x1010,0x1010,0x1010,0x1010,
	0x1010,0x1010,0x1010,0x1010,0x1010,0x1010,0x1010,0x1010,
	0x1010,0x1010,0x1010,0x1010,0x1010,0x1010,0x1010,0x1010,
	0x1010,0x1010,0x1010,0x1010,0x1010,0x1010,0x1010,0x1010,

	0x1010,0x1010,0x1010,0x1010,0x1010,0x1010,0x1010,0x1010,
	0x1010,0x1010,0x1010,0x1010,0x1010,0x1010,0x1010,0x1010,
	0x1010,0x1010,0x1010,0x1010,0x1010,0x1010,0x1010,0x1010,
	0x1010,0x1010,0x1010,0x1010,0x1010,0x1010,0x1010,0x1010,
	0x1010,0x1010,0x1010,0x1010,0x1010,0x1010,0x1010,0x1010,
	0x1010,0x1010,0x1010,0x1010,0x1010,0x1010,0x1010,0x1010,
	0x1010,0x1010,0x1010,0x1010,0x1010,0x1010,0x1010,0x1010,
	0x1010,0x1010,0x1010,0x1010,0x1010,0x1010,0x1010,0x1010,

	0x1010,0x1010,0x1010,0x1010,0x1010,0x1010,0x1010,0x1010,
	0x1010,0x1010,0x1010,0x1010,0x1010,0x1010,0x1010,0x1010,
	0x1010,0x1010,0x1010,0x1010,0x1010,0x1010,0x1010,0x1010,
	0x1010,0x1010,0x1010,0x1010,0x1010,0x1010,0x1010,0x1010,
	0x1010,0x1010,0x1010,0x1010,0x1010,0x1010,0x1010,0x1010,
	0x1010,0x1010,0x1010,0x1010,0x1010,0x1010,0x1010,0x1010,
	0x1010,0x1010,0x1010,0x1010,0x1010,0x1010,0x1010,0x1010,
	0x1010,0x1010,0x1010,0x1010,0x1010,0x1010,0x1010,0x1010,

	0x1010,0x1010,0x1010,0x1010,0x1010,0x1010,0x1010,0x1010,
	0x1010,0x1010,0x1010,0x1010,0x1010,0x1010,0x1010,0x1010,
	0x1010,0x1010,0x1010,0x1010,0x1010,0x1010,0x1010,0x1010,
	0x1010,0x1010,0x1010,0x1010,0x1010,0x1010,0x1010,0x1010,
	0x1010,0x1010,0x1010,0x1010,0x1010,0x1010,0x1010,0x1010,
	0x1010,0x1010,0x1010,0x1010,0x1010,0x1010,0x1010,0x1010,
	0x1010,0x1010,0x1010,0x1010,0x1010,0x1010,0x1010,0x1010,
	0x1010,0x1010,0x1010,0x1010,0x1010,0x1010,0x1010,0x1010,

	0x1010,0x1010,0x1710,0x1617,0x1010,0x1010,0x1710,0x1717,
	0x1010,0x1010,0x1710,0x1717,0x1010,0x1010,0x1710,0x1717,
	0x1010,0x1010,0x1710,0x1717,0x1010,0x1010,0x1710,0x1717,
	0x1010,0x1010,0x1010,0x1C11,0x1010,0x1010,0x1010,0x1010,
	0x1A1D,0x1A1A,0x1E1E,0x151E,0x1717,0x1C17,0x161C,0x1E1D,
	0x1717,0x1717,0x1717,0x1E16,0x1717,0x1717,0x1717,0x1A16,
	0x1717,0x1717,0x1717,0x161C,0x1717,0x1717,0x1717,0x1717,
	0x1C1C,0x1C1C,0x1C1C,0x171C,0x1010,0x1010,0x1010,0x1710,

	0x1515,0x1515,0x1515,0x1515,0x1515,0x1515,0x1515,0x1515,
	0x1515,0x1515,0x1515,0x1515,0x1E1E,0x1515,0x1515,0x1515,
	0x1D16,0x1D1D,0x1A1D,0x1A1A,0x1717,0x1717,0x1717,0x1717,
	0x1717,0x1717,0x1717,0x1717,0x1717,0x1717,0x1717,0x1717,
	0x1515,0x1515,0x1515,0x1318,0x1E15,0x161D,0x1616,0x181A,
	0x1E15,0x1716,0x1717,0x1D16,0x1A15,0x1716,0x1717,0x1717,
	0x1D1A,0x171C,0x1717,0x1717,0x1C1C,0x1717,0x1717,0x1717,
	0x1717,0x1717,0x1717,0x1717,0x1717,0x1717,0x1717,0x1717,

	0x1313,0x1313,0x1313,0x1313,0x1818,0x1818,0x1818,0x1818,
	0x1D1D,0x1D1D,0x1D1D,0x1D1D,0x1717,0x1717,0x1717,0x1717,
	0x1717,0x1717,0x1717,0x1717,0x1717,0x1717,0x1717,0x1717,
	0x1717,0x1717,0x1717,0x1717,0x1717,0x1717,0x1717,0x1717,
	0x1313,0x1313,0x1618,0x1C1C,0x1818,0x1818,0x1615,0x1717,
	0x1D1D,0x1D1D,0x1C16,0x1717,0x1717,0x1717,0x1717,0x1717,
	0x1717,0x1717,0x1717,0x1717,0x1717,0x1717,0x1717,0x1717,
	0x1717,0x1717,0x1717,0x1717,0x1717,0x1717,0x1717,0x1717,

	0x1D16,0x1D1D,0x1D1D,0x1D1D,0x1717,0x1717,0x1717,0x1717,
	0x1717,0x1717,0x1717,0x1717,0x1717,0x1717,0x1717,0x1717,
	0x1717,0x1717,0x1717,0x1717,0x1717,0x1717,0x1717,0x1717,
	0x1717,0x1717,0x1717,0x1717,0x1717,0x1C17,0x171C,0x1B17,
	0x1D1D,0x1D1D,0x1D1D,0x1C16,0x1717,0x1717,0x1717,0x1717,
	0x1717,0x1717,0x1717,0x1717,0x1717,0x1717,0x1717,0x1717,
	0x1717,0x1717,0x1F17,0x1010,0x1010,0x1010,0x1010,0x1010,
	0x1010,0x1010,0x1010,0x1010,0x1010,0x1010,0x1010,0x1010,

	0x1717,0x1717,0x1717,0x1717,0x1717,0x1717,0x1717,0x1717,
	0x1717,0x1717,0x1717,0x1717,0x1717,0x1C17,0x1717,0x1717,
	0x1010,0x1710,0x1717,0x1C17,0x1010,0x1710,0x1717,0x1D1C,
	0x1010,0x1610,0x1717,0x1E1C,0x1010,0x1610,0x1717,0x1E16,
	0x1717,0x1E16,0x1515,0x1515,0x1C17,0x151A,0x1515,0x1515,
	0x1D1C,0x151E,0x1515,0x1515,0x1E16,0x1515,0x1515,0x1515,
	0x151A,0x1515,0x1515,0x1515,0x151E,0x1515,0x1515,0x1515,
	0x1515,0x1515,0x1515,0x1515,0x1515,0x1515,0x1515,0x1515,

	0x1515,0x1515,0x1515,0x1515,0x1515,0x1515,0x1515,0x1515,
	0x1515,0x1515,0x1515,0x1515,0x1515,0x1515,0x1515,0x1515,
	0x1515,0x1515,0x1515,0x1515,0x1515,0x1515,0x1515,0x1515,
	0x1515,0x1515,0x1515,0x1515,0x1515,0x1515,0x1515,0x1515,
	0x1515,0x1515,0x1318,0x1313,0x1515,0x1515,0x1815,0x1313,
	0x1515,0x1515,0x1515,0x1815,0x1515,0x1515,0x1515,0x1515,
	0x1515,0x1515,0x1515,0x1515,0x1515,0x1515,0x1515,0x1515,
	0x1515,0x1515,0x1515,0x1515,0x1515,0x1515,0x1515,0x1515,

	0x1313,0x1313,0x1313,0x1313,0x1313,0x1313,0x1313,0x1313,
	0x1313,0x1313,0x1313,0x1313,0x1318,0x1313,0x1313,0x1313,
	0x1815,0x1313,0x1313,0x1313,0x1815,0x1313,0x1313,0x1313,
	0x1318,0x1313,0x1313,0x1313,0x1313,0x1313,0x1313,0x1313,
	0x1313,0x1313,0x1313,0x1313,0x1313,0x1313,0x1313,0x1313,
	0x1313,0x1313,0x1313,0x1313,0x1313,0x1313,0x1313,0x1313,
	0x1313,0x1313,0x1313,0x1313,0x1313,0x1313,0x1313,0x1313,
	0x1313,0x1313,0x1313,0x1313,0x1313,0x1313,0x1313,0x1313,

	0x1313,0x1313,0x1313,0x1313,0x1313,0x1313,0x1313,0x1313,
	0x1313,0x1313,0x1313,0x1313,0x1313,0x1313,0x1313,0x1313,
	0x1313,0x1313,0x1313,0x1313,0x1313,0x1313,0x1818,0x1313,
	0x1313,0x1513,0x1515,0x1318,0x1313,0x1518,0x1515,0x1515,
	0x1313,0x1313,0x1313,0x1313,0x1313,0x1313,0x1813,0x1318,
	0x1313,0x1313,0x1518,0x1515,0x1313,0x1313,0x1515,0x1515,
	0x1313,0x1513,0x1515,0x1515,0x1313,0x1518,0x1515,0x1515,
	0x1313,0x1515,0x1515,0x1515,0x1518,0x1515,0x1515,0x1515,

	0x1313,0x1313,0x1313,0x1313,0x1313,0x1313,0x1313,0x1313,
	0x1318,0x1313,0x1313,0x1313,0x1515,0x1818,0x1318,0x1313,
	0x1515,0x1515,0x1515,0x1318,0x1515,0x1515,0x1515,0x1815,
	0x1515,0x1515,0x1515,0x1515,0x1515,0x1515,0x1515,0x1515,
	0x1313,0x1313,0x1313,0x1313,0x1313,0x1313,0x1813,0x1318,
	0x1313,0x1313,0x1513,0x1515,0x1313,0x1313,0x1515,0x1515,
	0x1313,0x1813,0x1515,0x1515,0x1313,0x1513,0x1515,0x1515,
	0x1815,0x1515,0x1515,0x1515,0x1515,0x1515,0x1515,0x1515,

	0x1313,0x1313,0x1313,0x1313,0x1313,0x1313,0x1313,0x1313,
	0x1318,0x1313,0x1313,0x1313,0x1815,0x1313,0x1313,0x1313,
	0x1515,0x1815,0x1313,0x1813,0x1515,0x1515,0x1318,0x1518,
	0x1515,0x1515,0x1515,0x1515,0x1515,0x1515,0x1515,0x1515,
	0x1313,0x1313,0x1313,0x1313,0x1313,0x1313,0x1313,0x1313,
	0x1313,0x1313,0x1313,0x1313,0x1313,0x1313,0x1313,0x1313,
	0x1318,0x1313,0x1313,0x1313,0x1515,0x1318,0x1313,0x1313,
	0x1515,0x1815,0x1313,0x1313,0x1515,0x1515,0x1815,0x1313,

	0x1313,0x1313,0x1313,0x1313,0x1313,0x1313,0x1313,0x1313,
	0x1313,0x1313,0x1313,0x1313,0x1313,0x1313,0x1313,0x1313,
	0x1313,0x1313,0x1313,0x1313,0x1313,0x1313,0x1313,0x1313,
	0x1313,0x1313,0x1313,0x1313,0x1313,0x1313,0x1313,0x1313,
	0x1313,0x1313,0x1313,0x1313,0x1313,0x1313,0x1313,0x1313,
	0x1313,0x1313,0x1313,0x1313,0x1313,0x1313,0x1313,0x1313,
	0x1313,0x1313,0x1313,0x1313,0x1313,0x1313,0x1313,0x1313,
	0x1313,0x1313,0x1313,0x1313,0x1313,0x1313,0x1313,0x1313,

	0x1313,0x1313,0x1313,0x1313,0x1313,0x1313,0x1313,0x1313,
	0x1313,0x1313,0x1313,0x1313,0x1313,0x1313,0x1313,0x1313,
	0x1313,0x1313,0x1313,0x1313,0x1313,0x1313,0x1313,0x1313,
	0x1313,0x1313,0x1313,0x1313,0x1313,0x1313,0x1313,0x1313,
	0x1313,0x1313,0x1313,0x1313,0x1313,0x1313,0x1313,0x1313,
	0x1313,0x1313,0x1313,0x1313,0x1313,0x1313,0x1313,0x1313,
	0x1313,0x1313,0x1313,0x1313,0x1313,0x1313,0x1313,0x1313,
	0x1313,0x1313,0x1313,0x1313,0x1313,0x1313,0x1313,0x1313,

	0x1313,0x1313,0x1313,0x1313,0x1313,0x1313,0x1313,0x1313,
	0x1313,0x1313,0x1313,0x1313,0x1313,0x1313,0x1313,0x1313,
	0x1313,0x1313,0x1313,0x1313,0x1313,0x1313,0x1313,0x1313,
	0x1313,0x1313,0x1313,0x1313,0x1313,0x1313,0x1313,0x1313,
	0x1313,0x1313,0x1313,0x1313,0x1313,0x1313,0x1313,0x1313,
	0x1313,0x1313,0x1313,0x1313,0x1313,0x1313,0x1313,0x1313,
	0x1313,0x1313,0x1313,0x1313,0x1313,0x1313,0x1313,0x1313,
	0x1313,0x1313,0x1313,0x1313,0x1313,0x1313,0x1313,0x1313,

	0x1313,0x1313,0x1313,0x1313,0x1313,0x1313,0x1313,0x1313,
	0x1313,0x1313,0x1313,0x1313,0x1313,0x1313,0x1313,0x1313,
	0x1313,0x1313,0x1313,0x1313,0x1313,0x1313,0x1313,0x1313,
	0x1313,0x1313,0x1313,0x1815,0x1313,0x1313,0x1513,0x1515,
	0x1313,0x1313,0x1313,0x1313,0x1313,0x1313,0x1313,0x1313,
	0x1313,0x1313,0x1313,0x1313,0x1313,0x1313,0x1313,0x1313,
	0x1313,0x1313,0x1313,0x1313,0x1313,0x1313,0x1313,0x1313,
	0x1313,0x1313,0x1313,0x1313,0x1815,0x1313,0x1313,0x1313,

	0x1313,0x1313,0x1318,0x1313,0x1313,0x1313,0x1313,0x1313,
	0x1313,0x1313,0x1313,0x1313,0x1313,0x1313,0x1313,0x1313,
	0x1313,0x1313,0x1313,0x1313,0x1313,0x1313,0x1313,0x1313,
	0x1313,0x1313,0x1313,0x1313,0x1313,0x1313,0x1313,0x1313,
	0x1313,0x1313,0x1313,0x1313,0x1313,0x1313,0x1313,0x1313,
	0x1313,0x1313,0x1313,0x1313,0x1313,0x1313,0x1313,0x1313,
	0x1313,0x1313,0x1313,0x1313,0x1313,0x1313,0x1313,0x1313,
	0x1313,0x1313,0x1313,0x1313,0x1313,0x1313,0x1313,0x1313,

	0x1313,0x1313,0x1313,0x1313,0x1313,0x1313,0x1313,0x1313,
	0x1313,0x1313,0x1313,0x1313,0x1313,0x1313,0x1313,0x1313,
	0x1313,0x1313,0x1313,0x1313,0x1313,0x1313,0x1313,0x1313,
	0x1313,0x1313,0x1313,0x1313,0x1313,0x1313,0x1313,0x1313,
	0x1313,0x1313,0x1313,0x1313,0x1313,0x1313,0x1313,0x1313,
	0x1313,0x1313,0x1313,0x1313,0x1313,0x1313,0x1313,0x1313,
	0x1313,0x1313,0x1313,0x1313,0x1313,0x1313,0x1313,0x1313,
	0x1313,0x1313,0x1313,0x1313,0x1313,0x1313,0x1313,0x1313,

	0x1313,0x1313,0x1313,0x1313,0x1313,0x1313,0x1313,0x1313,
	0x1313,0x1313,0x1313,0x1313,0x1313,0x1313,0x1313,0x1313,
	0x1313,0x1313,0x1313,0x1313,0x1313,0x1313,0x1313,0x1313,
	0x1313,0x1313,0x1313,0x1313,0x1313,0x1313,0x1313,0x1313,
	0x1313,0x1313,0x1313,0x1313,0x1313,0x1313,0x1313,0x1313,
	0x1313,0x1313,0x1313,0x1313,0x1313,0x1313,0x1313,0x1313,
	0x1313,0x1313,0x1313,0x1313,0x1313,0x1313,0x1313,0x1313,
	0x1313,0x1313,0x1313,0x1313,0x1313,0x1313,0x1313,0x1313,

	0x1313,0x1313,0x1313,0x1313,0x1313,0x1313,0x1313,0x1313,
	0x1313,0x1313,0x1313,0x1313,0x1313,0x1313,0x1313,0x1313,
	0x1313,0x1313,0x1313,0x1515,0x1313,0x1313,0x1813,0x161D,
	0x1313,0x1313,0x1813,0x1716,0x1313,0x1313,0x1813,0x1716,
	0x1313,0x1518,0x1515,0x1515,0x1313,0x1518,0x1515,0x1515,
	0x1313,0x1518,0x1515,0x1515,0x1313,0x1518,0x1515,0x1515,
	0x1515,0x1515,0x1E1A,0x1515,0x1616,0x1616,0x161C,0x151E,
	0x1717,0x1717,0x1617,0x151E,0x1717,0x1717,0x1617,0x151E,

	0x1515,0x1515,0x1515,0x1515,0x1515,0x1515,0x1515,0x1515,
	0x1515,0x1515,0x1515,0x1515,0x1515,0x1515,0x1515,0x1515,
	0x1515,0x1515,0x1515,0x1515,0x1515,0x1515,0x1515,0x1515,
	0x1515,0x1515,0x1515,0x1515,0x1515,0x1515,0x1515,0x1515,
	0x1515,0x1515,0x1318,0x1313,0x1515,0x1515,0x1318,0x1313,
	0x1515,0x1515,0x1318,0x1313,0x1515,0x1515,0x1318,0x1313,
	0x1515,0x1515,0x1318,0x1313,0x1515,0x1515,0x1318,0x1313,
	0x1515,0x1515,0x1313,0x1313,0x1515,0x1515,0x1313,0x1313,

	0x1313,0x1313,0x1313,0x1313,0x1313,0x1313,0x1313,0x1313,
	0x1313,0x1313,0x1313,0x1313,0x1313,0x1313,0x1313,0x1313,
	0x1313,0x1313,0x1313,0x1313,0x1313,0x1313,0x1313,0x1313,
	0x1313,0x1313,0x1313,0x1313,0x1313,0x1313,0x1313,0x1313,
	0x1313,0x1313,0x1313,0x1313,0x1313,0x1313,0x1313,0x1313,
	0x1313,0x1313,0x1313,0x1313,0x1313,0x1313,0x1313,0x1313,
	0x1313,0x1313,0x1313,0x1313,0x1313,0x1313,0x1313,0x1313,
	0x1313,0x1313,0x1313,0x1313,0x1313,0x1313,0x1313,0x1313,

	0x1313,0x1313,0x1313,0x1313,0x1313,0x1313,0x1313,0x1313,
	0x1313,0x1313,0x1313,0x1313,0x1313,0x1313,0x1313,0x1313,
	0x1313,0x1313,0x1313,0x1313,0x1313,0x1313,0x1313,0x1313,
	0x1313,0x1313,0x1313,0x1313,0x1313,0x1313,0x1313,0x1313,
	0x1313,0x1313,0x1313,0x1313,0x1313,0x1313,0x1313,0x1313,
	0x1313,0x1313,0x1313,0x1313,0x1313,0x1313,0x1313,0x1313,
	0x1313,0x1313,0x1313,0x1313,0x1313,0x1313,0x1313,0x1313,
	0x1313,0x1313,0x1313,0x1313,0x1313,0x1313,0x1313,0x1313,

	0x1313,0x1313,0x1313,0x1313,0x1313,0x1313,0x1313,0x1313,
	0x1313,0x1313,0x1313,0x1313,0x1313,0x1313,0x1313,0x1313,
	0x1313,0x1313,0x1313,0x1313,0x1313,0x1313,0x1313,0x1313,
	0x1313,0x1313,0x1313,0x1313,0x1313,0x1313,0x1313,0x1313,
	0x1313,0x1313,0x1313,0x1313,0x1313,0x1313,0x1313,0x1313,
	0x1313,0x1313,0x1313,0x1313,0x1313,0x1313,0x1313,0x1313,
	0x1313,0x1313,0x1313,0x1313,0x1313,0x1313,0x1313,0x1313,
	0x1313,0x1313,0x1313,0x1313,0x1313,0x1313,0x1313,0x1313,

	0x1313,0x1313,0x1313,0x1313,0x1313,0x1313,0x1313,0x1313,
	0x1313,0x1313,0x1313,0x1313,0x1313,0x1313,0x1313,0x1313,
	0x1313,0x1313,0x1313,0x1313,0x1313,0x1313,0x1313,0x1313,
	0x1313,0x1313,0x1313,0x1313,0x1313,0x1313,0x1313,0x1313,
	0x1313,0x1313,0x1313,0x1313,0x1313,0x1313,0x1313,0x1313,
	0x1313,0x1313,0x1313,0x1313,0x1313,0x1313,0x1313,0x1313,
	0x1313,0x1313,0x1313,0x1313,0x1313,0x1313,0x1313,0x1313,
	0x1313,0x1313,0x1313,0x1313,0x1313,0x1313,0x1313,0x1313,

	0x1313,0x1313,0x1313,0x1313,0x1313,0x1313,0x1313,0x1313,
	0x1313,0x1313,0x1313,0x1313,0x1313,0x1313,0x1313,0x1313,
	0x1313,0x1313,0x1313,0x1313,0x1313,0x1313,0x1313,0x1313,
	0x1313,0x1313,0x1313,0x1313,0x1313,0x1313,0x1313,0x1313,
	0x1313,0x1313,0x1313,0x1313,0x1313,0x1313,0x1313,0x1313,
	0x1313,0x1313,0x1313,0x1313,0x1313,0x1313,0x1313,0x1313,
	0x1313,0x1313,0x1313,0x1313,0x1313,0x1313,0x1313,0x1313,
	0x1313,0x1313,0x1313,0x1313,0x1313,0x1313,0x1313,0x1313,

	0x1313,0x1513,0x1716,0x1717,0x1313,0x1513,0x1716,0x1717,
	0x1313,0x1513,0x1716,0x1717,0x1313,0x1513,0x1716,0x1717,
	0x1313,0x1513,0x1716,0x1717,0x1313,0x1513,0x1716,0x1717,
	0x1313,0x1513,0x1716,0x1717,0x1313,0x1513,0x1716,0x1717,
	0x1717,0x1717,0x1717,0x1017,0x1717,0x1717,0x1717,0x1017,
	0x1717,0x1717,0x1717,0x1017,0x1717,0x1717,0x1717,0x1017,
	0x1717,0x1717,0x1717,0x1017,0x1717,0x1717,0x1717,0x1017,
	0x1717,0x101C,0x1010,0x1010,0x1717,0x101C,0x1010,0x1010,

	0x1010,0x1010,0x1010,0x1010,0x1010,0x1010,0x1010,0x1010,
	0x1010,0x1010,0x1010,0x1010,0x1010,0x1010,0x1010,0x1010,
	0x1010,0x1010,0x1010,0x1010,0x1010,0x1010,0x1010,0x1010,
	0x1010,0x1010,0x1010,0x1010,0x1410,0x1414,0x1414,0x1414,
	0x1010,0x1010,0x1010,0x1010,0x1010,0x1010,0x1010,0x1010,
	0x1010,0x1010,0x1010,0x1010,0x1010,0x1010,0x1010,0x1010,
	0x1010,0x1010,0x1010,0x1010,0x1010,0x1010,0x1010,0x1010,
	0x1210,0x1F1F,0x1F1F,0x1F1F,0x1F14,0x1F1F,0x1F1F,0x1F1F,

	0x1010,0x1010,0x1010,0x1010,0x1010,0x1010,0x1010,0x1010,
	0x1010,0x1010,0x1010,0x1010,0x1010,0x1010,0x1010,0x1010,
	0x1010,0x1010,0x1010,0x1010,0x1010,0x1010,0x1010,0x1010,
	0x1F1F,0x1F1F,0x1F1F,0x1F1F,0x1F1F,0x1F1F,0x1F1F,0x1F1F,
	0x1010,0x1010,0x1010,0x1010,0x1010,0x1010,0x1010,0x1010,
	0x1010,0x1010,0x1010,0x1010,0x1010,0x1010,0x1010,0x1010,
	0x1010,0x1010,0x1010,0x1010,0x1010,0x1010,0x1010,0x1010,
	0x1011,0x1010,0x1010,0x1010,0x101F,0x1010,0x1010,0x1010,

	0x1010,0x1010,0x1010,0x1010,0x1010,0x1010,0x1010,0x1010,
	0x1010,0x1010,0x1010,0x1010,0x1010,0x1010,0x1010,0x1010,
	0x1010,0x1010,0x1010,0x1010,0x1010,0x1010,0x1010,0x1010,
	0x1010,0x1010,0x1010,0x1010,0x1010,0x1010,0x1010,0x1010,
	0x1010,0x1010,0x1010,0x1010,0x1010,0x1010,0x1010,0x1010,
	0x1010,0x1010,0x1010,0x1010,0x1010,0x1010,0x1010,0x1010,
	0x1010,0x1010,0x1010,0x1010,0x1010,0x1010,0x1010,0x1010,
	0x1010,0x1010,0x1010,0x1010,0x1010,0x1010,0x1010,0x1010,

	0x1010,0x1010,0x1010,0x1010,0x1010,0x1010,0x1010,0x1010,
	0x1010,0x1010,0x1010,0x1010,0x1010,0x1010,0x1010,0x1010,
	0x1010,0x1010,0x1010,0x1010,0x1010,0x1010,0x1010,0x1010,
	0x1010,0x1010,0x1010,0x1010,0x1010,0x1010,0x1010,0x1010,
	0x1010,0x1010,0x1010,0x1010,0x1010,0x1010,0x1010,0x1010,
	0x1010,0x1010,0x1010,0x1010,0x1010,0x1010,0x1010,0x1010,
	0x1010,0x1010,0x1010,0x1010,0x1010,0x1010,0x1010,0x1010,
	0x1010,0x1010,0x1010,0x1010,0x1010,0x1010,0x1010,0x1010,

	0x1010,0x1010,0x1010,0x1010,0x1010,0x1010,0x1010,0x1010,
	0x1010,0x1010,0x1010,0x1010,0x1010,0x1010,0x1010,0x1010,
	0x1010,0x1010,0x1010,0x1010,0x1010,0x1010,0x1010,0x1010,
	0x1010,0x1010,0x1010,0x1010,0x1010,0x1010,0x1010,0x1010,
	0x1010,0x1010,0x1010,0x1010,0x1010,0x1010,0x1010,0x1010,
	0x1010,0x1010,0x1010,0x1010,0x1010,0x1010,0x1010,0x1010,
	0x1010,0x1010,0x1010,0x1010,0x1010,0x1010,0x1010,0x1010,
	0x1010,0x1010,0x1010,0x1010,0x1010,0x1010,0x1010,0x1010,

	0x1010,0x1010,0x1010,0x1010,0x1010,0x1010,0x1010,0x1010,
	0x1010,0x1010,0x1010,0x1010,0x1010,0x1010,0x1010,0x1010,
	0x1010,0x1010,0x1010,0x1010,0x1010,0x1010,0x1010,0x1010,
	0x1010,0x1010,0x1010,0x1010,0x1010,0x1010,0x1010,0x1010,
	0x1010,0x1010,0x1010,0x1010,0x1010,0x1010,0x1010,0x1010,
	0x1010,0x1010,0x1010,0x1010,0x1010,0x1010,0x1010,0x1010,
	0x1010,0x1010,0x1010,0x1010,0x1010,0x1010,0x1010,0x1010,
	0x1010,0x1010,0x1010,0x1010,0x1010,0x1010,0x1010,0x1010,

	0x1010,0x1010,0x1010,0x1010,0x1010,0x1010,0x1010,0x1010,
	0x1010,0x1010,0x1010,0x1010,0x1010,0x1010,0x1010,0x1010,
	0x1010,0x1010,0x1010,0x1010,0x1010,0x1010,0x1010,0x1010,
	0x1010,0x1010,0x1010,0x1010,0x1010,0x1010,0x1010,0x1010,
	0x1010,0x1010,0x1010,0x1010,0x1010,0x1010,0x1010,0x1010,
	0x1010,0x1010,0x1010,0x1010,0x1010,0x1010,0x1010,0x1010,
	0x1010,0x1010,0x1010,0x1010,0x1010,0x1010,0x1010,0x1010,
	0x1010,0x1010,0x1010,0x1010,0x1010,0x1010,0x1010,0x1010,

	0x1010,0x1010,0x1010,0x1010,0x1010,0x1010,0x1010,0x1010,
	0x1010,0x1010,0x1010,0x1010,0x1010,0x1010,0x1010,0x1010,
	0x1010,0x1010,0x1010,0x1010,0x1010,0x1010,0x1010,0x1010,
	0x1010,0x1010,0x1010,0x1010,0x1010,0x1010,0x1010,0x1010,
	0x1010,0x1010,0x1010,0x1C10,0x1010,0x1010,0x1010,0x1610,
	0x1010,0x1010,0x1010,0x1010,0x1010,0x1010,0x1010,0x1010,
	0x1010,0x1010,0x1010,0x1010,0x1010,0x1010,0x1010,0x1010,
	0x1010,0x1010,0x1010,0x1010,0x1010,0x1010,0x1010,0x1010,

	0x1717,0x1717,0x1717,0x1717,0x1C1C,0x1C1C,0x1C1C,0x1C1C,
	0x1010,0x1010,0x1010,0x1010,0x1010,0x1010,0x1010,0x1010,
	0x1010,0x1010,0x1010,0x1010,0x1010,0x1010,0x1010,0x1010,
	0x1010,0x1010,0x1010,0x1010,0x1010,0x1010,0x1010,0x1010,
	0x1717,0x1717,0x1717,0x1717,0x171C,0x1717,0x1717,0x1717,
	0x1010,0x1010,0x1010,0x1010,0x1010,0x1010,0x1010,0x1010,
	0x1010,0x1010,0x1010,0x1010,0x1010,0x1010,0x1010,0x1010,
	0x1010,0x1010,0x1010,0x1010,0x1010,0x1010,0x1010,0x1010,

	0x1717,0x1717,0x1717,0x1717,0x1717,0x1717,0x1717,0x1717,
	0x1010,0x1010,0x1010,0x1010,0x1010,0x1010,0x1010,0x1010,
	0x1010,0x1010,0x1010,0x1010,0x1010,0x1010,0x1010,0x1010,
	0x1010,0x1010,0x1010,0x1010,0x1010,0x1010,0x1010,0x1010,
	0x1717,0x171C,0x1117,0x1010,0x1B17,0x1010,0x1010,0x1010,
	0x1010,0x1010,0x1010,0x1010,0x1010,0x1010,0x1010,0x1010,
	0x1010,0x1010,0x1010,0x1010,0x1010,0x1010,0x1010,0x1010,
	0x1010,0x1010,0x1010,0x1010,0x1010,0x1010,0x1010,0x1010,

	0x1010,0x1010,0x1010,0x1010,0x1010,0x1010,0x1010,0x1010,
	0x1010,0x1010,0x1010,0x1010,0x1010,0x1010,0x1010,0x1010,
	0x1010,0x1010,0x1010,0x1010,0x1010,0x1010,0x1010,0x1010,
	0x1010,0x1010,0x1010,0x1010,0x1010,0x1010,0x1010,0x1010,
	0x1010,0x1010,0x1010,0x1010,0x1010,0x1010,0x1010,0x1010,
	0x1010,0x1010,0x1010,0x1010,0x1010,0x1010,0x1010,0x1010,
	0x1010,0x1010,0x1010,0x1010,0x1010,0x1010,0x1010,0x1010,
	0x1010,0x1010,0x1010,0x1010,0x1010,0x1010,0x1010,0x1010,

	0x1010,0x1610,0x1717,0x1617,0x1010,0x1610,0x1717,0x1717,
	0x1010,0x1610,0x1717,0x1717,0x1010,0x1610,0x1717,0x1717,
	0x1010,0x1F10,0x1717,0x1717,0x1010,0x1710,0x1717,0x1717,
	0x1010,0x1110,0x1717,0x1717,0x1010,0x1010,0x1C1C,0x1717,
	0x151A,0x1515,0x1515,0x1515,0x1D1C,0x151E,0x1515,0x1515,
	0x1C17,0x1A16,0x1515,0x1515,0x1717,0x1C17,0x1E1D,0x1515,
	0x1717,0x1717,0x161C,0x151A,0x1717,0x1717,0x1C17,0x151A,
	0x1717,0x1717,0x161C,0x1515,0x1717,0x1717,0x1D1C,0x1515,

	0x1515,0x1515,0x1515,0x1515,0x1515,0x1515,0x1515,0x1515,
	0x1515,0x1515,0x1515,0x1515,0x1515,0x1515,0x1515,0x1515,
	0x1515,0x1515,0x1515,0x1515,0x1515,0x1515,0x1515,0x1515,
	0x1515,0x1515,0x1515,0x1515,0x1515,0x1515,0x1515,0x1515,
	0x1515,0x1515,0x1515,0x1815,0x1515,0x1515,0x1515,0x1315,
	0x1515,0x1515,0x1515,0x1815,0x1515,0x1515,0x1515,0x1515,
	0x1515,0x1515,0x1515,0x1515,0x1515,0x1515,0x1515,0x1515,
	0x1515,0x1515,0x1515,0x1515,0x1515,0x1515,0x1515,0x1515,

	0x1313,0x1313,0x1313,0x1313,0x1313,0x1313,0x1313,0x1313,
	0x1313,0x1313,0x1313,0x1313,0x1318,0x1313,0x1313,0x1313,
	0x1815,0x1313,0x1313,0x1813,0x1515,0x1815,0x1313,0x1518,
	0x1515,0x1515,0x1818,0x1515,0x1515,0x1515,0x1515,0x1515,
	0x1313,0x1313,0x1313,0x1313,0x1313,0x1313,0x1313,0x1313,
	0x1313,0x1515,0x1318,0x1313,0x1813,0x1515,0x1515,0x1318,
	0x1518,0x1515,0x1515,0x1515,0x1515,0x1515,0x1515,0x1515,
	0x1515,0x1515,0x1515,0x1515,0x1515,0x1515,0x1515,0x1515,

	0x1313,0x1515,0x1515,0x1515,0x1513,0x1515,0x1515,0x1515,
	0x1518,0x1515,0x1515,0x1515,0x1515,0x1515,0x1515,0x1515,
	0x1515,0x1515,0x1515,0x1515,0x1515,0x1515,0x1515,0x1515,
	0x1515,0x1515,0x1515,0x1515,0x1515,0x1515,0x1515,0x1515,
	0x1515,0x1515,0x1515,0x1515,0x1515,0x1515,0x1515,0x1515,
	0x1515,0x1515,0x1515,0x1515,0x1515,0x1515,0x1515,0x1515,
	0x1515,0x1515,0x1515,0x1515,0x1515,0x1515,0x1515,0x1515,
	0x1515,0x1515,0x1515,0x1515,0x1515,0x1515,0x1515,0x1515,

	0x1515,0x1515,0x1515,0x1515,0x1515,0x1515,0x1515,0x1515,
	0x1515,0x1515,0x1515,0x1515,0x1515,0x1515,0x1515,0x1515,
	0x1515,0x1515,0x1515,0x1515,0x1515,0x1515,0x1515,0x1515,
	0x1515,0x1515,0x1515,0x1515,0x1515,0x1515,0x1515,0x1515,
	0x1515,0x1515,0x1515,0x1515,0x1515,0x1515,0x1515,0x1515,
	0x1515,0x1515,0x1515,0x1515,0x1515,0x1515,0x1515,0x1515,
	0x1515,0x1515,0x1515,0x1515,0x1515,0x1515,0x1515,0x1515,
	0x1515,0x1515,0x1515,0x1515,0x1515,0x1515,0x1515,0x1515,

	0x1515,0x1515,0x1515,0x1515,0x1515,0x1515,0x1515,0x1515,
	0x1515,0x1515,0x1515,0x1515,0x1515,0x1515,0x1515,0x1515,
	0x1515,0x1515,0x1515,0x1515,0x1515,0x1515,0x1515,0x1515,
	0x1515,0x1515,0x1515,0x1515,0x1515,0x1515,0x1515,0x1515,
	0x1515,0x1515,0x1515,0x1318,0x1515,0x1515,0x1515,0x1515,
	0x1515,0x1515,0x1515,0x1515,0x1515,0x1515,0x1515,0x1515,
	0x1515,0x1515,0x1515,0x1515,0x1515,0x1515,0x1515,0x1515,
	0x1515,0x1515,0x1515,0x1515,0x1515,0x1515,0x1515,0x1515,

	0x1313,0x1313,0x1313,0x1313,0x1318,0x1313,0x1313,0x1313,
	0x1815,0x1313,0x1313,0x1313,0x1515,0x1318,0x1313,0x1313,
	0x1515,0x1315,0x1313,0x1313,0x1515,0x1318,0x1313,0x1313,
	0x1815,0x1313,0x1313,0x1313,0x1315,0x1313,0x1513,0x1815,
	0x1313,0x1313,0x1313,0x1313,0x1313,0x1313,0x1313,0x1313,
	0x1313,0x1313,0x1313,0x1813,0x1313,0x1313,0x1813,0x1818,
	0x1313,0x1313,0x1313,0x1313,0x1313,0x1313,0x1313,0x1313,
	0x1313,0x1313,0x1313,0x1313,0x1313,0x1313,0x1313,0x1313,

	0x1313,0x1313,0x1313,0x1313,0x1313,0x1313,0x1313,0x1313,
	0x1818,0x1818,0x1818,0x1313,0x1515,0x1515,0x1515,0x1318,
	0x1313,0x1818,0x1818,0x1313,0x1313,0x1313,0x1313,0x1313,
	0x1313,0x1313,0x1313,0x1313,0x1313,0x1313,0x1313,0x1313,
	0x1313,0x1313,0x1313,0x1313,0x1313,0x1313,0x1313,0x1313,
	0x1313,0x1313,0x1313,0x1313,0x1313,0x1313,0x1313,0x1313,
	0x1313,0x1313,0x1313,0x1313,0x1313,0x1313,0x1313,0x1313,
	0x1313,0x1313,0x1313,0x1313,0x1313,0x1313,0x1313,0x1313,

	0x1313,0x1313,0x1313,0x1313,0x1313,0x1313,0x1313,0x1313,
	0x1313,0x1313,0x1313,0x1318,0x1313,0x1313,0x1313,0x1318,
	0x1313,0x1313,0x1313,0x1313,0x1313,0x1313,0x1313,0x1313,
	0x1313,0x1313,0x1313,0x1313,0x1313,0x1313,0x1313,0x1313,
	0x1313,0x1313,0x1313,0x1313,0x1313,0x1313,0x1313,0x1313,
	0x1313,0x1313,0x1313,0x1313,0x1313,0x1313,0x1313,0x1313,
	0x1313,0x1313,0x1313,0x1313,0x1313,0x1313,0x1313,0x1313,
	0x1313,0x1313,0x1313,0x1313,0x1318,0x1313,0x1313,0x1813,

	0x1313,0x1313,0x1518,0x1515,0x1313,0x1313,0x1515,0x1515,
	0x1313,0x1513,0x1515,0x1515,0x1313,0x1518,0x1515,0x1515,
	0x1813,0x1515,0x1515,0x1515,0x1513,0x1515,0x1515,0x1515,
	0x1515,0x1515,0x1515,0x1515,0x1515,0x1515,0x1515,0x1515,
	0x1515,0x1318,0x1313,0x1313,0x1515,0x1515,0x1318,0x1313,
	0x1515,0x1515,0x1815,0x1313,0x1515,0x1515,0x1515,0x1815,
	0x1515,0x1515,0x1515,0x1515,0x1515,0x1515,0x1515,0x1515,
	0x1515,0x1515,0x1515,0x1515,0x1515,0x1515,0x1515,0x1515,

	0x1313,0x1313,0x1313,0x1313,0x1313,0x1313,0x1313,0x1313,
	0x1313,0x1313,0x1313,0x1313,0x1313,0x1313,0x1313,0x1313,
	0x1318,0x1313,0x1313,0x1313,0x1815,0x1313,0x1313,0x1313,
	0x1515,0x1818,0x1318,0x1313,0x1D1E,0x1D1D,0x151D,0x1313,
	0x1313,0x1313,0x1313,0x1313,0x1313,0x1313,0x1313,0x1313,
	0x1313,0x1313,0x1313,0x1313,0x1313,0x1313,0x1313,0x1313,
	0x1313,0x1313,0x1313,0x1313,0x1313,0x1313,0x1313,0x1313,
	0x1313,0x1313,0x1313,0x1313,0x1313,0x1313,0x1313,0x1313,

	0x1313,0x1313,0x1313,0x1313,0x1313,0x1313,0x1313,0x1313,
	0x1313,0x1313,0x1313,0x1313,0x1313,0x1313,0x1313,0x1313,
	0x1313,0x1313,0x1313,0x1313,0x1313,0x1313,0x1313,0x1313,
	0x1313,0x1313,0x1313,0x1313,0x1313,0x1313,0x1313,0x1313,
	0x1313,0x1313,0x1313,0x1313,0x1313,0x1313,0x1313,0x1313,
	0x1313,0x1313,0x1313,0x1313,0x1313,0x1313,0x1313,0x1313,
	0x1313,0x1313,0x1313,0x1313,0x1313,0x1313,0x1313,0x1313,
	0x1313,0x1313,0x1313,0x1313,0x1313,0x1313,0x1313,0x1313,

	0x1313,0x1313,0x1313,0x1313,0x1313,0x1313,0x1313,0x1313,
	0x1313,0x1313,0x1313,0x1313,0x1313,0x1313,0x1313,0x1313,
	0x1313,0x1313,0x1313,0x1313,0x1313,0x1313,0x1313,0x1313,
	0x1313,0x1313,0x1313,0x1313,0x1313,0x1313,0x1313,0x1313,
	0x1313,0x1313,0x1313,0x1313,0x1313,0x1313,0x1313,0x1313,
	0x1313,0x1313,0x1313,0x1313,0x1313,0x1313,0x1313,0x1313,
	0x1313,0x1313,0x1313,0x1A1E,0x1313,0x1313,0x1813,0x171D,
	0x1313,0x1313,0x1813,0x171D,0x1313,0x1313,0x1813,0x171D,

	0x1313,0x1313,0x1813,0x161D,0x1313,0x1313,0x1513,0x1E1E,
	0x1313,0x1313,0x1513,0x1515,0x1313,0x1313,0x1E18,0x1515,
	0x1A1A,0x1A1A,0x1E1D,0x1515,0x1717,0x1717,0x1E16,0x1515,
	0x1717,0x1717,0x1E16,0x1515,0x1717,0x1717,0x1516,0x1515,
	0x1616,0x1C1C,0x161C,0x151E,0x1E1E,0x1A1A,0x1A1A,0x1515,
	0x1515,0x1515,0x1515,0x1515,0x1515,0x1515,0x1515,0x1515,
	0x1515,0x1515,0x1515,0x1515,0x1515,0x1515,0x1515,0x1515,
	0x1515,0x1515,0x1515,0x1515,0x1515,0x1515,0x1515,0x1515,

	0x1515,0x1515,0x1515,0x1515,0x1515,0x1515,0x1515,0x1515,
	0x1515,0x1515,0x1515,0x1515,0x1515,0x1515,0x1515,0x1515,
	0x1515,0x1515,0x1515,0x1515,0x1515,0x1515,0x1515,0x1515,
	0x1515,0x1515,0x1515,0x1515,0x1515,0x1515,0x1515,0x1515,
	0x1515,0x1515,0x1313,0x1313,0x1515,0x1515,0x1815,0x1318,
	0x1515,0x1515,0x1515,0x1815,0x1515,0x1515,0x1515,0x1815,
	0x1515,0x1515,0x1515,0x1515,0x1515,0x1515,0x1515,0x1515,
	0x1515,0x1515,0x1515,0x1515,0x1515,0x1515,0x1515,0x1515,

	0x1313,0x1313,0x1313,0x1313,0x1313,0x1313,0x1313,0x1313,
	0x1313,0x1313,0x1313,0x1313,0x1313,0x1313,0x1313,0x1313,
	0x1313,0x1313,0x1313,0x1313,0x1515,0x1515,0x1818,0x1515,
	0x1515,0x1515,0x1515,0x1515,0x1515,0x1515,0x1515,0x1515,
	0x1313,0x1313,0x1313,0x1313,0x1313,0x1313,0x1313,0x1313,
	0x1313,0x1313,0x1313,0x1313,0x1313,0x1313,0x1313,0x1313,
	0x1313,0x1313,0x1313,0x1313,0x1815,0x1313,0x1313,0x1313,
	0x1515,0x1515,0x1515,0x1515,0x1515,0x1515,0x1515,0x1515,

	0x1313,0x1313,0x1313,0x1313,0x1313,0x1313,0x1313,0x1313,
	0x1313,0x1313,0x1313,0x1313,0x1313,0x1313,0x1313,0x1313,
	0x1313,0x1313,0x1313,0x1313,0x1518,0x1815,0x1818,0x1818,
	0x1515,0x1515,0x1515,0x1515,0x1515,0x1515,0x1515,0x1515,
	0x1313,0x1313,0x1313,0x1313,0x1313,0x1313,0x1313,0x1313,
	0x1313,0x1313,0x1313,0x1313,0x1313,0x1313,0x1313,0x1313,
	0x1313,0x1813,0x1818,0x1318,0x1818,0x1515,0x1515,0x1515,
	0x1515,0x1515,0x1515,0x1515,0x1515,0x1515,0x1515,0x1515,

	0x1313,0x1313,0x1313,0x1313,0x1313,0x1313,0x1313,0x1313,
	0x1313,0x1313,0x1313,0x1313,0x1313,0x1313,0x1313,0x1313,
	0x1313,0x1313,0x1513,0x1515,0x1515,0x1515,0x1515,0x1515,
	0x1515,0x1515,0x1515,0x1515,0x1515,0x1515,0x1515,0x1515,
	0x1313,0x1313,0x1313,0x1313,0x1313,0x1313,0x1313,0x1313,
	0x1313,0x1313,0x1313,0x1313,0x1313,0x1313,0x1313,0x1313,
	0x1515,0x1815,0x1818,0x1818,0x1515,0x1515,0x1515,0x1515,
	0x1515,0x1515,0x1515,0x1515,0x1515,0x1515,0x1515,0x1515,

	0x1313,0x1313,0x1313,0x1313,0x1313,0x1313,0x1313,0x1313,
	0x1313,0x1313,0x1313,0x1313,0x1313,0x1313,0x1313,0x1313,
	0x1313,0x1313,0x1313,0x1313,0x1515,0x1318,0x1313,0x1313,
	0x1515,0x1318,0x1313,0x1313,0x1515,0x1318,0x1313,0x1313,
	0x1313,0x1313,0x1313,0x1313,0x1313,0x1313,0x1313,0x1313,
	0x1313,0x1313,0x1313,0x1313,0x1313,0x1313,0x1313,0x1313,
	0x1313,0x1313,0x1313,0x1313,0x1313,0x1313,0x1313,0x1313,
	0x1313,0x1313,0x1313,0x1313,0x1313,0x1313,0x1313,0x1313,

	0x1313,0x1313,0x1313,0x1313,0x1313,0x1313,0x1313,0x1313,
	0x1313,0x1313,0x1313,0x1313,0x1313,0x1313,0x1313,0x1313,
	0x1313,0x1313,0x1313,0x1313,0x1313,0x1313,0x1313,0x1313,
	0x1813,0x1818,0x1818,0x1818,0x1D1E,0x1D1D,0x1D1D,0x1D1D,
	0x1313,0x1313,0x1313,0x1313,0x1313,0x1313,0x1313,0x1313,
	0x1313,0x1A15,0x1D1D,0x1D1D,0x1313,0x1C1E,0x1717,0x1717,
	0x1313,0x1C1E,0x1717,0x1717,0x1313,0x1C1E,0x1717,0x1717,
	0x1818,0x1C1A,0x1717,0x1717,0x1D1D,0x1716,0x1717,0x1717,

	0x1313,0x1513,0x1716,0x1717,0x1313,0x1518,0x1716,0x1717,
	0x1D1D,0x161D,0x171C,0x1717,0x1717,0x1717,0x1717,0x1717,
	0x1717,0x1717,0x1717,0x1717,0x1717,0x1717,0x1717,0x1717,
	0x1717,0x1717,0x1717,0x1717,0x1717,0x1717,0x1717,0x1717,
	0x1717,0x101C,0x1010,0x1010,0x1717,0x101C,0x1010,0x1010,
	0x1717,0x101C,0x1010,0x1010,0x1717,0x101C,0x1010,0x1010,
	0x1717,0x101C,0x1010,0x1010,0x1717,0x101C,0x1010,0x1010,
	0x1717,0x101C,0x1010,0x1010,0x1617,0x101C,0x1010,0x1010,

	0x1F1F,0x1F1F,0x1F1F,0x1F1F,0x1F1F,0x1F1F,0x1F1F,0x1F1F,
	0x1F1F,0x1F1F,0x1F1F,0x1F1F,0x1F1F,0x1F1F,0x1F1F,0x1F1F,
	0x1F1F,0x1F1F,0x1F1F,0x1F1F,0x1F1F,0x1F1F,0x1F1F,0x1F1F,
	0x1F1F,0x1F1F,0x1F1F,0x1F1F,0x1F1F,0x1F1F,0x1F1F,0x1F1F,
	0x1F1F,0x1F1F,0x1F1F,0x1F1F,0x1F1F,0x1F1F,0x1F1F,0x1F1F,
	0x1F1F,0x1F1F,0x1F1F,0x1F1F,0x1F1F,0x1F1F,0x1F1F,0x1F1F,
	0x1F1F,0x1F1F,0x1F1F,0x1F1F,0x1F1F,0x1F1F,0x1F1F,0x1F1F,
	0x1F1F,0x1F1F,0x1F1F,0x1F1F,0x1F1F,0x1F1F,0x1F1F,0x1F1F,

	0x1F1F,0x1F1F,0x1F1F,0x1F1F,0x1F1F,0x1F1F,0x1F1F,0x1F1F,
	0x1F1F,0x1F1F,0x1F1F,0x1F1F,0x1F1F,0x1F1F,0x1F1F,0x1F1F,
	0x1F1F,0x1F1F,0x1F1F,0x1F1F,0x1F1F,0x1F1F,0x1F1F,0x1F1F,
	0x1F1F,0x1F1F,0x1F1F,0x1F1F,0x1F1F,0x1F1F,0x1F1F,0x1F1F,
	0x101F,0x1010,0x1010,0x1010,0x101F,0x1010,0x1010,0x1010,
	0x1F1F,0x1F1F,0x1F1F,0x1F1F,0x1F1F,0x1F1F,0x1F1F,0x1F1F,
	0x1F1F,0x1F1F,0x1F1F,0x1F1F,0x1F1F,0x1F1F,0x1F1F,0x1F1F,
	0x1F1F,0x1F1F,0x1F1F,0x1F1F,0x1F1F,0x1F1F,0x1F1F,0x1F1F,

	0x1010,0x1010,0x1010,0x1010,0x1010,0x1010,0x1010,0x1010,
	0x1F1F,0x101B,0x1010,0x1010,0x1F1F,0x1017,0x1010,0x1010,
	0x1F1F,0x101F,0x1010,0x1010,0x1F1F,0x101F,0x1010,0x1010,
	0x1F1F,0x101F,0x1010,0x1010,0x1F1F,0x101F,0x1010,0x1010,
	0x1010,0x1010,0x1010,0x1010,0x1010,0x1010,0x1010,0x1010,
	0x1010,0x1010,0x1010,0x1010,0x1010,0x1010,0x1010,0x1010,
	0x1010,0x1010,0x1010,0x1010,0x1010,0x1010,0x1010,0x1010,
	0x1010,0x1010,0x1010,0x1010,0x1010,0x1010,0x1010,0x1010,

	0x1010,0x1010,0x1010,0x1010,0x1010,0x1010,0x1010,0x1010,
	0x1010,0x1010,0x1010,0x1010,0x1010,0x1010,0x1010,0x1010,
	0x1010,0x1010,0x1010,0x1010,0x1010,0x1010,0x1010,0x1010,
	0x1010,0x1010,0x1010,0x1010,0x1010,0x1010,0x1010,0x1010,
	0x1010,0x1010,0x1010,0x1010,0x1010,0x1010,0x1010,0x1010,
	0x1010,0x1010,0x1010,0x1010,0x1010,0x1010,0x1010,0x1010,
	0x1010,0x1010,0x1010,0x1010,0x1010,0x1010,0x1010,0x1010,
	0x1010,0x1010,0x1010,0x1010,0x1010,0x1010,0x1010,0x1010,

	0x1010,0x1010,0x1010,0x1010,0x1010,0x1010,0x1010,0x1010,
	0x1010,0x1010,0x1010,0x1010,0x1010,0x1010,0x1010,0x1010,
	0x1010,0x1010,0x1010,0x1010,0x1010,0x1010,0x1010,0x1010,
	0x1010,0x1010,0x1010,0x1010,0x1010,0x1010,0x1010,0x1010,
	0x1010,0x1010,0x1010,0x1010,0x1010,0x1010,0x1010,0x1010,
	0x1010,0x1010,0x1010,0x1010,0x1010,0x1010,0x1010,0x1010,
	0x1010,0x1010,0x1010,0x1010,0x1010,0x1010,0x1010,0x1010,
	0x1010,0x1010,0x1010,0x1010,0x1010,0x1010,0x1010,0x1010,

	0x1010,0x1010,0x1010,0x1010,0x1010,0x1010,0x1010,0x1010,
	0x1010,0x1010,0x1010,0x1010,0x1010,0x1010,0x1010,0x1010,
	0x1010,0x1010,0x1010,0x1010,0x1010,0x1010,0x1010,0x1010,
	0x1010,0x1010,0x1010,0x1010,0x1010,0x1010,0x1010,0x1010,
	0x1010,0x1010,0x1010,0x1010,0x1010,0x1010,0x1010,0x1010,
	0x1010,0x1010,0x1010,0x1010,0x1010,0x1010,0x1010,0x1010,
	0x1010,0x1010,0x1010,0x1010,0x1010,0x1010,0x1010,0x1010,
	0x1010,0x1010,0x1010,0x1010,0x1010,0x1010,0x1010,0x1010,

	0x1010,0x1010,0x1010,0x1010,0x1010,0x1010,0x1010,0x1010,
	0x1010,0x1010,0x1010,0x1010,0x1010,0x1010,0x1010,0x1010,
	0x1010,0x1010,0x1010,0x1010,0x1010,0x1010,0x1010,0x1010,
	0x1010,0x1010,0x1010,0x1010,0x1010,0x1010,0x1010,0x1010,
	0x1010,0x1010,0x1010,0x1010,0x1010,0x1010,0x1010,0x1010,
	0x1010,0x1010,0x1010,0x1010,0x1010,0x1010,0x1010,0x1010,
	0x1010,0x1010,0x1010,0x1010,0x1010,0x1010,0x1010,0x1010,
	0x1010,0x1010,0x1010,0x1010,0x1010,0x1010,0x1010,0x1010,

	0x1010,0x1010,0x1010,0x1010,0x1010,0x1010,0x1010,0x1010,
	0x1010,0x1010,0x1010,0x1010,0x1010,0x1010,0x1010,0x1010,
	0x1010,0x1010,0x1010,0x1010,0x1010,0x1010,0x1010,0x1010,
	0x1010,0x1010,0x1010,0x1010,0x1010,0x1010,0x1010,0x1010,
	0x1010,0x1010,0x1010,0x1010,0x1010,0x1010,0x1010,0x1010,
	0x1010,0x1010,0x1010,0x1010,0x1010,0x1010,0x1010,0x1010,
	0x1010,0x1010,0x1010,0x1010,0x1010,0x1010,0x1010,0x1010,
	0x1010,0x1010,0x1010,0x1010,0x1010,0x1010,0x1010,0x1010,

	0x1010,0x1010,0x1010,0x1010,0x1010,0x1010,0x1010,0x1010,
	0x1010,0x1010,0x1010,0x1010,0x1010,0x1010,0x1010,0x1010,
	0x1010,0x1010,0x1010,0x1010,0x1010,0x1010,0x1010,0x1010,
	0x1010,0x1010,0x1010,0x1010,0x1010,0x1010,0x1010,0x1010,
	0x1010,0x1010,0x1010,0x1010,0x1010,0x1010,0x1010,0x1010,
	0x1010,0x1010,0x1010,0x1010,0x1010,0x1010,0x1010,0x1010,
	0x1010,0x1010,0x1010,0x1010,0x1010,0x1010,0x1010,0x1010,
	0x1010,0x1010,0x1010,0x1010,0x1010,0x1010,0x1010,0x1010,

	0x1010,0x1010,0x1010,0x1010,0x1010,0x1010,0x1010,0x1010,
	0x1010,0x1010,0x1010,0x1010,0x1010,0x1010,0x1010,0x1010,
	0x1010,0x1010,0x1010,0x1010,0x1010,0x1010,0x1010,0x1010,
	0x1010,0x1010,0x1010,0x1010,0x1010,0x1010,0x1010,0x1010,
	0x1010,0x1010,0x1010,0x1010,0x1010,0x1010,0x1010,0x1010,
	0x1010,0x1010,0x1010,0x1010,0x1010,0x1010,0x1010,0x1010,
	0x1010,0x1010,0x1010,0x1010,0x1010,0x1010,0x1010,0x1010,
	0x1010,0x1010,0x1010,0x1010,0x1010,0x1010,0x1010,0x1010,

	0x1010,0x1010,0x1010,0x1010,0x1010,0x1010,0x1010,0x1010,
	0x1010,0x1010,0x1010,0x1010,0x1010,0x1010,0x1010,0x1010,
	0x1010,0x1010,0x1010,0x1010,0x1010,0x1010,0x1010,0x1010,
	0x1010,0x1010,0x1010,0x1010,0x1010,0x1010,0x1010,0x1010,
	0x1010,0x1010,0x1010,0x1010,0x1010,0x1010,0x1010,0x1010,
	0x1010,0x1010,0x1010,0x1010,0x1010,0x1010,0x1010,0x1010,
	0x1010,0x1010,0x1010,0x1010,0x1010,0x1010,0x1010,0x1010,
	0x1010,0x1010,0x1010,0x1010,0x1010,0x1010,0x1010,0x1010,

	0x1010,0x1010,0x1010,0x1710,0x1010,0x1010,0x1010,0x1710,
	0x1010,0x1010,0x1010,0x1710,0x1010,0x1010,0x1010,0x1710,
	0x1010,0x1010,0x1010,0x1710,0x1010,0x1010,0x1010,0x1710,
	0x1010,0x1010,0x1010,0x1C10,0x1010,0x1010,0x1010,0x1710,
	0x1717,0x1717,0x1C17,0x1E1D,0x1717,0x1717,0x1717,0x1617,
	0x1717,0x1717,0x1717,0x1717,0x1717,0x1717,0x1717,0x1717,
	0x1717,0x1717,0x1717,0x1717,0x1717,0x1717,0x1717,0x1717,
	0x1717,0x1717,0x1717,0x1717,0x1717,0x1717,0x1717,0x1717,

	0x1515,0x1515,0x1515,0x1515,0x151A,0x1515,0x1515,0x1515,
	0x1E1D,0x1515,0x1515,0x1515,0x1D1C,0x151E,0x1515,0x1515,
	0x1717,0x1A16,0x1515,0x1515,0x1717,0x1C17,0x151D,0x1515,
	0x1717,0x1717,0x1D1C,0x1515,0x1717,0x1717,0x1717,0x1A16,
	0x1515,0x1515,0x1515,0x1515,0x1515,0x1515,0x1515,0x1515,
	0x1515,0x1515,0x1515,0x1515,0x1515,0x1515,0x1515,0x1515,
	0x1515,0x1515,0x1515,0x1515,0x1515,0x1515,0x1515,0x1515,
	0x1515,0x1515,0x1515,0x1515,0x1515,0x1515,0x1515,0x1515,

	0x1515,0x1515,0x1515,0x1515,0x1515,0x1515,0x1515,0x1515,
	0x1515,0x1515,0x1515,0x1515,0x1515,0x1515,0x1515,0x1515,
	0x1515,0x1515,0x1515,0x1515,0x1515,0x1515,0x1515,0x1515,
	0x1515,0x1515,0x1515,0x1515,0x1515,0x1515,0x1515,0x1515,
	0x1515,0x1515,0x1515,0x1515,0x1515,0x1515,0x1515,0x1515,
	0x1515,0x1515,0x1515,0x1515,0x1515,0x1515,0x1515,0x1515,
	0x1515,0x1515,0x1515,0x1515,0x1515,0x1515,0x1515,0x1515,
	0x1515,0x1515,0x1515,0x1515,0x1515,0x1515,0x1515,0x1515,

	0x1515,0x1515,0x1515,0x1515,0x1515,0x1515,0x1515,0x1515,
	0x1515,0x1515,0x1515,0x1515,0x1515,0x1515,0x1515,0x1515,
	0x1515,0x1515,0x1515,0x1515,0x1515,0x1515,0x1515,0x1515,
	0x1515,0x1515,0x1515,0x1515,0x1515,0x1515,0x1515,0x1515,
	0x1515,0x1515,0x1515,0x1515,0x1515,0x1515,0x1515,0x1515,
	0x1515,0x1515,0x1515,0x1515,0x1515,0x1515,0x1515,0x1515,
	0x1515,0x1515,0x1515,0x1515,0x1515,0x1515,0x1515,0x1515,
	0x1515,0x1515,0x1515,0x1515,0x1515,0x1515,0x1515,0x1515,

	0x1515,0x1515,0x1515,0x1515,0x1515,0x1515,0x1515,0x1515,
	0x1515,0x1515,0x1515,0x1515,0x1515,0x1515,0x1515,0x1515,
	0x1515,0x1515,0x1515,0x1515,0x1515,0x1515,0x1515,0x1E1E,
	0x1515,0x1515,0x1515,0x1D1D,0x1515,0x1515,0x1515,0x111E,
	0x1515,0x1A15,0x151E,0x1515,0x1515,0x161E,0x1A16,0x1515,
	0x1E15,0x1716,0x1617,0x1E1D,0x1D15,0x171C,0x1717,0x161C,
	0x161E,0x1717,0x1717,0x1717,0x1C16,0x1717,0x1717,0x1717,
	0x1616,0x1616,0x1717,0x1717,0x1111,0x1611,0x1717,0x1717,

	0x1515,0x1515,0x1515,0x1515,0x1515,0x1515,0x1515,0x1515,
	0x1515,0x1D1E,0x151A,0x1515,0x1E1A,0x1C1D,0x1D16,0x151E,
	0x161C,0x171C,0x1617,0x151A,0x1717,0x1717,0x1617,0x151E,
	0x1717,0x1717,0x1E16,0x1515,0x1717,0x1C17,0x151D,0x1515,
	0x1515,0x1515,0x1515,0x1515,0x1515,0x1515,0x1515,0x1515,
	0x1515,0x1515,0x1515,0x1515,0x1515,0x1515,0x1515,0x1515,
	0x1515,0x1515,0x1515,0x1515,0x1515,0x1515,0x1515,0x1515,
	0x1515,0x1515,0x1515,0x1515,0x1515,0x1515,0x1515,0x1515,

	0x1818,0x1313,0x1515,0x1515,0x1E15,0x1815,0x1515,0x1515,
	0x1515,0x1515,0x1515,0x1515,0x1515,0x1515,0x1515,0x1515,
	0x1515,0x1515,0x1515,0x1515,0x1515,0x1515,0x1515,0x1515,
	0x1515,0x1515,0x1515,0x1515,0x1515,0x1515,0x1515,0x1515,
	0x1815,0x1313,0x1313,0x1313,0x1515,0x1318,0x1313,0x1313,
	0x1515,0x1515,0x1318,0x1313,0x1515,0x1515,0x1515,0x1313,
	0x1515,0x1515,0x1515,0x1815,0x1515,0x1515,0x1515,0x1515,
	0x1515,0x1515,0x1515,0x1515,0x1515,0x1515,0x1515,0x1515,

	0x1313,0x1313,0x1313,0x1313,0x1313,0x1313,0x1313,0x1313,
	0x1313,0x1313,0x1313,0x1313,0x1313,0x1313,0x1313,0x1313,
	0x1313,0x1313,0x1313,0x1313,0x1815,0x1815,0x1313,0x1313,
	0x1515,0x1515,0x1815,0x1313,0x1515,0x1515,0x1515,0x1815,
	0x1313,0x1313,0x1313,0x1313,0x1313,0x1313,0x1313,0x1313,
	0x1313,0x1313,0x1313,0x1313,0x1313,0x1313,0x1313,0x1818,
	0x1313,0x1313,0x1313,0x1515,0x1313,0x1313,0x1513,0x1515,
	0x1313,0x1313,0x1518,0x1515,0x1313,0x1313,0x1515,0x1515,

	0x1313,0x1313,0x1313,0x1813,0x1313,0x1313,0x1313,0x1513,
	0x1313,0x1313,0x1313,0x1518,0x1313,0x1313,0x1813,0x1515,
	0x1815,0x1313,0x1513,0x1515,0x1515,0x1318,0x1515,0x1515,
	0x1515,0x1515,0x1515,0x1515,0x1515,0x1515,0x1515,0x1515,
	0x1515,0x1318,0x1313,0x1513,0x1515,0x1515,0x1318,0x1518,
	0x1515,0x1515,0x1515,0x1515,0x1515,0x1515,0x1515,0x1515,
	0x1515,0x1515,0x1515,0x1515,0x1515,0x1515,0x1515,0x1515,
	0x1515,0x1515,0x1515,0x1515,0x1515,0x1515,0x1515,0x1515,

	0x1515,0x1515,0x1515,0x1515,0x1515,0x1515,0x1515,0x1515,
	0x1515,0x1515,0x1515,0x1515,0x1515,0x1515,0x1515,0x1515,
	0x1515,0x1515,0x1515,0x1515,0x1515,0x1515,0x1515,0x1515,
	0x1515,0x1515,0x1515,0x1515,0x1515,0x1515,0x1515,0x1515,
	0x1515,0x1515,0x1515,0x1E15,0x1515,0x1515,0x1515,0x1D15,
	0x1515,0x1515,0x1515,0x161E,0x1515,0x1515,0x1515,0x171D,
	0x1515,0x1515,0x1A15,0x1716,0x1515,0x1515,0x1D15,0x1717,
	0x1515,0x1515,0x1C1D,0x1717,0x1515,0x1A15,0x1716,0x1717,

	0x1716,0x1717,0x1E1C,0x1515,0x171C,0x1717,0x1C1C,0x1616,
	0x1717,0x1717,0x1717,0x1717,0x1717,0x1717,0x1717,0x1717,
	0x1717,0x1717,0x1717,0x1717,0x1717,0x1717,0x1717,0x1717,
	0x1717,0x1717,0x1717,0x1717,0x1717,0x1717,0x1717,0x1717,
	0x1515,0x1515,0x1313,0x1313,0x1616,0x1D16,0x1315,0x1313,
	0x1717,0x1C17,0x181D,0x1313,0x1717,0x1717,0x181D,0x1313,
	0x1717,0x1717,0x181D,0x1313,0x1717,0x1717,0x181D,0x1313,
	0x1717,0x1717,0x181D,0x1313,0x1717,0x1717,0x1816,0x1313,

	0x1313,0x1313,0x1313,0x1313,0x1313,0x1313,0x1313,0x1313,
	0x1313,0x1313,0x1313,0x1313,0x1313,0x1313,0x1313,0x1313,
	0x1313,0x1313,0x1313,0x1313,0x1313,0x1313,0x1313,0x1313,
	0x1313,0x1313,0x1313,0x1313,0x1313,0x1313,0x1313,0x1313,
	0x1313,0x1313,0x1313,0x1313,0x1313,0x1313,0x1313,0x1313,
	0x1313,0x1313,0x1313,0x1313,0x1313,0x1313,0x1313,0x1313,
	0x1313,0x1313,0x1313,0x1313,0x1313,0x1313,0x1313,0x1313,
	0x1313,0x1313,0x1313,0x1313,0x1313,0x1313,0x1313,0x1313,

	0x1313,0x1313,0x1313,0x1313,0x1313,0x1313,0x1313,0x1313,
	0x1313,0x1313,0x1313,0x1A1E,0x1313,0x1313,0x1813,0x171D,
	0x1313,0x1313,0x1813,0x171D,0x1313,0x1313,0x1813,0x171D,
	0x1313,0x1313,0x1813,0x171D,0x1313,0x1313,0x1813,0x171D,
	0x1313,0x1313,0x1813,0x171D,0x1313,0x1313,0x1813,0x171D,
	0x1A1A,0x1A1A,0x1D1A,0x1716,0x1717,0x1717,0x1717,0x1717,
	0x1717,0x1717,0x1717,0x1717,0x1717,0x1717,0x1717,0x1717,
	0x1717,0x1717,0x1717,0x1717,0x1717,0x1717,0x1717,0x1717,

	0x1717,0x1717,0x1516,0x1515,0x1717,0x1717,0x151D,0x1515,
	0x1717,0x1717,0x151D,0x1515,0x1717,0x1717,0x151D,0x1515,
	0x1717,0x1C17,0x151A,0x1515,0x1717,0x1C17,0x151A,0x1515,
	0x1717,0x1C17,0x151A,0x1515,0x1717,0x1717,0x151D,0x1515,
	0x1515,0x1515,0x1515,0x1515,0x1515,0x1515,0x1515,0x1515,
	0x1515,0x1515,0x1515,0x1515,0x1515,0x1515,0x1515,0x1515,
	0x1515,0x1515,0x1515,0x1515,0x1515,0x1515,0x1515,0x1515,
	0x1515,0x1515,0x1515,0x1515,0x1515,0x1515,0x1515,0x1515,

	0x1515,0x1515,0x1515,0x1515,0x1515,0x1515,0x1515,0x1515,
	0x1515,0x1515,0x1515,0x1515,0x1515,0x1515,0x1515,0x1515,
	0x1515,0x1515,0x1515,0x1515,0x1515,0x1515,0x1515,0x1515,
	0x1515,0x1E15,0x1E1E,0x1515,0x1515,0x1D15,0x1616,0x151D,
	0x1515,0x1515,0x1515,0x1515,0x1515,0x1515,0x1515,0x1515,
	0x1515,0x1515,0x1515,0x1515,0x1515,0x1515,0x1515,0x1515,
	0x1515,0x1515,0x1515,0x1515,0x1515,0x1515,0x1515,0x1515,
	0x1515,0x1515,0x1515,0x1515,0x1313,0x1518,0x1515,0x1515,

	0x1515,0x1515,0x1515,0x1515,0x1515,0x1515,0x1515,0x1515,
	0x1515,0x1515,0x1515,0x1515,0x1515,0x1515,0x1515,0x1515,
	0x1515,0x1515,0x1515,0x1515,0x1515,0x1515,0x1515,0x1515,
	0x1515,0x1515,0x1515,0x1515,0x1515,0x1515,0x1515,0x1515,
	0x1515,0x1515,0x1515,0x1515,0x1515,0x1515,0x1515,0x1515,
	0x1515,0x1515,0x1515,0x1515,0x1515,0x1515,0x1515,0x1515,
	0x1515,0x1515,0x1515,0x1515,0x1515,0x1515,0x1515,0x1515,
	0x1515,0x1515,0x1515,0x1515,0x1515,0x1515,0x1515,0x1515,

	0x1515,0x1515,0x1515,0x1515,0x1515,0x1515,0x1515,0x1515,
	0x1515,0x1515,0x1515,0x1515,0x1515,0x1515,0x1515,0x1515,
	0x1515,0x1515,0x1515,0x1515,0x1515,0x1515,0x1515,0x1515,
	0x1515,0x1515,0x1515,0x1515,0x1515,0x1515,0x1515,0x1515,
	0x1515,0x1515,0x1515,0x1515,0x1515,0x1515,0x1515,0x1515,
	0x1515,0x1515,0x1515,0x1515,0x1515,0x1515,0x1515,0x1515,
	0x1515,0x1515,0x1515,0x1515,0x1515,0x1515,0x1515,0x1515,
	0x1515,0x1515,0x1515,0x1515,0x1515,0x1515,0x1515,0x1515,

	0x1515,0x1515,0x1515,0x1515,0x1515,0x1515,0x1515,0x1515,
	0x1515,0x1515,0x1515,0x1515,0x1515,0x1515,0x1515,0x1515,
	0x1515,0x1515,0x1515,0x1515,0x1515,0x1515,0x1515,0x1515,
	0x1515,0x1515,0x1515,0x1515,0x1515,0x1515,0x1515,0x1515,
	0x1515,0x1515,0x1515,0x1515,0x1515,0x1515,0x1515,0x1515,
	0x1515,0x1515,0x1515,0x1515,0x1515,0x1515,0x1515,0x1515,
	0x1515,0x1515,0x1515,0x1515,0x1515,0x1515,0x1515,0x1515,
	0x1515,0x1515,0x1515,0x1515,0x1515,0x1515,0x1515,0x1515,

	0x1515,0x1318,0x1313,0x1313,0x1515,0x1318,0x1313,0x1D15,
	0x1515,0x1318,0x1313,0x1C1A,0x1515,0x1313,0x1313,0x1C1A,
	0x1515,0x1318,0x1813,0x1C1D,0x1515,0x1A1E,0x1A1A,0x1716,
	0x1515,0x1C16,0x1C1C,0x1717,0x1E15,0x1716,0x1717,0x1717,
	0x1313,0x1313,0x1313,0x1813,0x1D1D,0x1D1D,0x1D1D,0x1D1D,
	0x1717,0x1717,0x1717,0x1717,0x1717,0x1717,0x1717,0x1717,
	0x1717,0x1717,0x1717,0x1717,0x1717,0x1717,0x1717,0x1717,
	0x1717,0x1717,0x1717,0x1717,0x1717,0x1717,0x1717,0x1717,

	0x1C1D,0x1717,0x1717,0x1717,0x1716,0x1717,0x1717,0x1717,
	0x1717,0x1717,0x1717,0x1717,0x1717,0x1717,0x1717,0x1717,
	0x1717,0x1717,0x1717,0x1717,0x1717,0x1717,0x1717,0x1717,
	0x1717,0x1717,0x1717,0x1717,0x1717,0x1717,0x1717,0x1717,
	0x1717,0x1717,0x1717,0x1717,0x1717,0x1717,0x1717,0x1717,
	0x1717,0x1717,0x1717,0x1717,0x1717,0x1717,0x1717,0x1717,
	0x1717,0x1717,0x1717,0x1717,0x1717,0x1717,0x1717,0x1717,
	0x1C17,0x1C1C,0x1C1C,0x1C1C,0x1717,0x1010,0x1010,0x1010,

	0x1717,0x1017,0x1010,0x1010,0x1717,0x1017,0x1010,0x1010,
	0x1717,0x1017,0x1010,0x1010,0x1717,0x1017,0x1010,0x1010,
	0x1717,0x1017,0x1010,0x1010,0x1717,0x1017,0x1010,0x1010,
	0x171C,0x101C,0x1010,0x1010,0x1010,0x1010,0x1010,0x1010,
	0x1010,0x1010,0x1010,0x1010,0x1010,0x1010,0x1010,0x1010,
	0x1010,0x1010,0x1010,0x1010,0x1010,0x1010,0x1010,0x1010,
	0x1010,0x1010,0x1010,0x1010,0x1010,0x1010,0x1010,0x1010,
	0x1010,0x1010,0x1010,0x1010,0x1010,0x1010,0x1010,0x1010,

	0x1F1F,0x1F1F,0x1F1F,0x1F1F,0x1F1F,0x1F1F,0x1F1F,0x1F1F,
	0x1F1F,0x1F1F,0x1F1F,0x1F1F,0x1F1F,0x1F1F,0x1F1F,0x1F1F,
	0x1F1F,0x1F1F,0x1F1F,0x1F1F,0x1F1F,0x1F1F,0x1F1F,0x1F1F,
	0x1F1F,0x1F1F,0x1F1F,0x1F1F,0x1717,0x1717,0x1717,0x1F17,
	0x1F1F,0x1F1F,0x1F1F,0x1F1F,0x1F1F,0x1F1F,0x1F1F,0x1F1F,
	0x1F1F,0x1F1F,0x1F1F,0x1F1F,0x1F1F,0x1F1F,0x1F1F,0x1F1F,
	0x1F1F,0x1F1F,0x1F1F,0x1F1F,0x1F1F,0x1F1F,0x1F1F,0x1F1F,
	0x1F1F,0x1F1F,0x1F1F,0x1F1F,0x1F1F,0x1F1F,0x1F1F,0x1F1F,

	0x1F1F,0x1F1F,0x1F1F,0x1F1F,0x1F1F,0x1F1F,0x1F1F,0x1F1F,
	0x1F1F,0x1F1F,0x1F1F,0x1F1F,0x1F1F,0x1F1F,0x1F1F,0x1F1F,
	0x1F1F,0x1F1F,0x1F1F,0x1F1F,0x1F1F,0x1F1F,0x1F1F,0x1F1F,
	0x1F1F,0x1F1F,0x1F1F,0x1F1F,0x1F1F,0x1F1F,0x1F1F,0x1F1F,
	0x1F1F,0x1F1F,0x1F1F,0x1F1F,0x1F1F,0x1F1F,0x1F1F,0x1F1F,
	0x1F1F,0x1F1F,0x1F1F,0x1F1F,0x1F1F,0x1F1F,0x1F1F,0x1F1F,
	0x1F1F,0x1F1F,0x1F1F,0x1F1F,0x1F1F,0x1F1F,0x1F1F,0x1F1F,
	0x1F1F,0x1F1F,0x1F1F,0x1F1F,0x1F1F,0x1F1F,0x1F1F,0x1F1F,

	0x1F1F,0x1F1F,0x1F1F,0x1F1F,0x1F1F,0x1F1F,0x1F1F,0x1F1F,
	0x1F1F,0x1F1F,0x1F1F,0x1F1F,0x1F1F,0x1F1F,0x1F1F,0x1F1F,
	0x1F1F,0x1F1F,0x1F1F,0x1F1F,0x1F1F,0x1F1F,0x1F1F,0x1F1F,
	0x1F1F,0x1F1F,0x1F1F,0x1F1F,0x1F1F,0x1F1F,0x1F1F,0x1F1F,
	0x1F1F,0x101C,0x1010,0x1010,0x1F1F,0x101F,0x1010,0x1010,
	0x1F1F,0x101F,0x1010,0x1010,0x1F1F,0x101F,0x1010,0x1010,
	0x1F1F,0x101F,0x1010,0x1010,0x1F1F,0x101F,0x1010,0x1010,
	0x1F1F,0x101F,0x1010,0x1010,0x1F1F,0x101F,0x1010,0x1010,

	0x1010,0x1010,0x1010,0x1010,0x1010,0x1010,0x1010,0x1010,
	0x1010,0x1010,0x1010,0x1010,0x1010,0x1010,0x1010,0x1010,
	0x1010,0x1010,0x1010,0x1010,0x1010,0x1010,0x1010,0x1010,
	0x1010,0x1010,0x1010,0x1010,0x1010,0x1010,0x1010,0x1010,
	0x1010,0x1010,0x1010,0x1010,0x1010,0x1010,0x1010,0x1010,
	0x1010,0x1010,0x1010,0x1010,0x1010,0x1010,0x1010,0x1010,
	0x1010,0x1010,0x1010,0x1010,0x1010,0x1010,0x1010,0x1010,
	0x1010,0x1010,0x1010,0x1010,0x1010,0x1010,0x1010,0x1010,

	0x1010,0x1010,0x1010,0x1010,0x1010,0x1010,0x1010,0x1010,
	0x1010,0x1010,0x1010,0x1010,0x1010,0x1010,0x1010,0x1010,
	0x1010,0x1010,0x1010,0x1010,0x1010,0x1010,0x1010,0x1010,
	0x1010,0x1010,0x1010,0x1010,0x1010,0x1010,0x1010,0x1010,
	0x1010,0x1010,0x1010,0x1010,0x1010,0x1010,0x1010,0x1010,
	0x1010,0x1010,0x1010,0x1010,0x1010,0x1010,0x1010,0x1010,
	0x1010,0x1010,0x1010,0x1010,0x1010,0x1010,0x1010,0x1010,
	0x1010,0x1010,0x1010,0x1010,0x1010,0x1010,0x1010,0x1010,

	0x1010,0x1010,0x1010,0x1010,0x1010,0x1010,0x1010,0x1010,
	0x1010,0x1010,0x1010,0x1010,0x1010,0x1010,0x1010,0x1010,
	0x1010,0x1010,0x1010,0x1010,0x1010,0x1010,0x1010,0x1010,
	0x1010,0x1010,0x1010,0x1010,0x1010,0x1010,0x1010,0x1010,
	0x1010,0x1010,0x1010,0x1010,0x1010,0x1010,0x1010,0x1010,
	0x1010,0x1010,0x1010,0x1010,0x1010,0x1010,0x1010,0x1010,
	0x1010,0x1010,0x1010,0x1010,0x1010,0x1010,0x1010,0x1010,
	0x1010,0x1010,0x1010,0x1010,0x1010,0x1010,0x1010,0x1010,

	0x1010,0x1010,0x1010,0x1010,0x1010,0x1010,0x1010,0x1010,
	0x1010,0x1010,0x1010,0x1010,0x1010,0x1010,0x1010,0x1010,
	0x1010,0x1010,0x1010,0x1010,0x1010,0x1010,0x1010,0x1010,
	0x1010,0x1010,0x1010,0x1010,0x1010,0x1010,0x1010,0x1010,
	0x1010,0x1010,0x1010,0x1010,0x1010,0x1010,0x1010,0x1010,
	0x1010,0x1010,0x1010,0x1010,0x1010,0x1010,0x1010,0x1010,
	0x1010,0x1010,0x1010,0x1010,0x1010,0x1010,0x1010,0x1010,
	0x1010,0x1010,0x1010,0x1010,0x1010,0x1010,0x1010,0x1010,

	0x1010,0x1010,0x1010,0x1010,0x1010,0x1010,0x1010,0x1010,
	0x1010,0x1010,0x1010,0x1010,0x1010,0x1010,0x1010,0x1010,
	0x1010,0x1010,0x1010,0x1010,0x1010,0x1010,0x1010,0x1010,
	0x1010,0x1010,0x1010,0x1010,0x1010,0x1010,0x1010,0x1010,
	0x1010,0x1010,0x1010,0x1010,0x1010,0x1010,0x1010,0x1010,
	0x1010,0x1010,0x1010,0x1010,0x1010,0x1010,0x1010,0x1010,
	0x1010,0x1010,0x1010,0x1010,0x1010,0x1010,0x1010,0x1010,
	0x1010,0x1010,0x1010,0x1010,0x1010,0x1010,0x1010,0x1010,

	0x1010,0x1010,0x1010,0x1010,0x1010,0x1010,0x1010,0x1010,
	0x1010,0x1010,0x1010,0x1010,0x1010,0x1010,0x1010,0x1010,
	0x1010,0x1010,0x1010,0x1010,0x1010,0x1010,0x1010,0x1010,
	0x1010,0x1010,0x1010,0x1010,0x1010,0x1010,0x1010,0x1010,
	0x1010,0x1010,0x1010,0x1010,0x1010,0x1010,0x1010,0x1010,
	0x1010,0x1010,0x1010,0x1010,0x1010,0x1010,0x1010,0x1010,
	0x1010,0x1010,0x1010,0x1010,0x1010,0x1010,0x1010,0x1010,
	0x1010,0x1010,0x1010,0x1010,0x1010,0x1010,0x1010,0x1010,

	0x1010,0x1010,0x1010,0x1010,0x1010,0x1010,0x1010,0x1010,
	0x1010,0x1010,0x1010,0x1010,0x1010,0x1010,0x1010,0x1010,
	0x1010,0x1010,0x1010,0x1010,0x1010,0x1010,0x1010,0x1010,
	0x1010,0x1010,0x1010,0x1010,0x1010,0x1010,0x1010,0x1010,
	0x1010,0x1010,0x1010,0x1010,0x1010,0x1010,0x1010,0x1010,
	0x1010,0x1010,0x1010,0x1010,0x1010,0x1010,0x1010,0x1010,
	0x1010,0x1010,0x1010,0x1010,0x1010,0x1010,0x1010,0x1010,
	0x1010,0x1010,0x1010,0x1010,0x1010,0x1010,0x1010,0x1010,

	0x1010,0x1010,0x1010,0x1010,0x1010,0x1010,0x1010,0x1010,
	0x1010,0x1010,0x1010,0x1010,0x1010,0x1010,0x1010,0x1010,
	0x1010,0x1010,0x1010,0x1010,0x1010,0x1010,0x1010,0x1010,
	0x1010,0x1010,0x1010,0x1010,0x1010,0x1010,0x1010,0x1010,
	0x1010,0x1010,0x1010,0x1010,0x1010,0x1010,0x1010,0x1010,
	0x1010,0x1010,0x1010,0x1010,0x1010,0x1010,0x1010,0x1010,
	0x1010,0x1010,0x1010,0x1010,0x1010,0x1010,0x1010,0x1010,
	0x1010,0x1010,0x1010,0x1010,0x1010,0x1010,0x1010,0x1010,

	0x1010,0x1010,0x1010,0x1910,0x1010,0x1010,0x1010,0x1010,
	0x1010,0x1010,0x1010,0x1010,0x1010,0x1010,0x1010,0x1010,
	0x1010,0x1010,0x1010,0x1010,0x1010,0x1010,0x1010,0x1010,
	0x1010,0x1010,0x1010,0x1010,0x1010,0x1010,0x1010,0x1010,
	0x1717,0x1717,0x1717,0x171C,0x1C1C,0x171C,0x1617,0x171D,
	0x1010,0x1010,0x1510,0x171D,0x1010,0x1010,0x1A10,0x1716,
	0x1010,0x1010,0x1E10,0x171C,0x1010,0x1010,0x1110,0x1717,
	0x1010,0x1010,0x1910,0x1717,0x1010,0x1010,0x1410,0x1717,

	0x1717,0x1717,0x1717,0x1C17,0x1717,0x1717,0x1717,0x1717,
	0x1717,0x1717,0x1717,0x1717,0x1717,0x1717,0x1717,0x1717,
	0x1717,0x1717,0x1717,0x1717,0x1717,0x1717,0x1717,0x1717,
	0x1717,0x1717,0x1717,0x1717,0x1717,0x1717,0x1717,0x1717,
	0x151D,0x1515,0x1515,0x1515,0x1617,0x151E,0x1515,0x1515,
	0x1717,0x1D1C,0x151E,0x1515,0x1717,0x1717,0x1A16,0x1515,
	0x1717,0x1717,0x1C17,0x1E1D,0x1717,0x1717,0x1717,0x1617,
	0x1717,0x1717,0x1717,0x1717,0x1717,0x1717,0x1717,0x1717,

	0x1515,0x1515,0x1515,0x1515,0x1515,0x1515,0x1515,0x1515,
	0x1515,0x1515,0x1515,0x1515,0x1515,0x1515,0x1515,0x1515,
	0x1515,0x1515,0x1515,0x1515,0x1E1A,0x1515,0x1515,0x1D1E,
	0x161C,0x1E1D,0x1E15,0x1C16,0x1717,0x161C,0x1D1A,0x171C,
	0x1515,0x1515,0x1515,0x1515,0x1515,0x1515,0x1515,0x1515,
	0x1515,0x1515,0x1515,0x1515,0x1515,0x1515,0x1515,0x1515,
	0x1515,0x1515,0x1515,0x1515,0x151E,0x1515,0x1D1E,0x1D1D,
	0x1A16,0x1E15,0x1C16,0x1C1C,0x1C17,0x1D16,0x171C,0x1717,

	0x1515,0x1515,0x1515,0x1515,0x1515,0x1515,0x1515,0x1515,
	0x1515,0x1515,0x1515,0x1515,0x1515,0x1515,0x1515,0x1515,
	0x1E1A,0x1515,0x1515,0x1E15,0x1616,0x151A,0x1515,0x161E,
	0x1717,0x1D1C,0x1E1E,0x1C1D,0x1717,0x1717,0x1D16,0x171C,
	0x1515,0x1515,0x1515,0x1515,0x1515,0x1515,0x1515,0x1515,
	0x1E15,0x1515,0x1515,0x1515,0x1D1A,0x151A,0x1515,0x1515,
	0x1716,0x1D16,0x151E,0x1515,0x1717,0x1C17,0x151E,0x1515,
	0x1717,0x171C,0x1510,0x1515,0x1717,0x1717,0x1010,0x1518,

	0x1515,0x1515,0x151E,0x1010,0x1515,0x1E15,0x101A,0x1010,
	0x1515,0x1D1E,0x101D,0x1010,0x1515,0x161A,0x1016,0x1010,
	0x1E15,0x161D,0x1016,0x1010,0x1E15,0x171D,0x101F,0x1010,
	0x1515,0x1010,0x1010,0x1010,0x1015,0x1010,0x1010,0x1010,
	0x1010,0x1710,0x1717,0x1717,0x1010,0x1710,0x1717,0x1717,
	0x1010,0x1710,0x1717,0x1717,0x1010,0x1710,0x1717,0x1717,
	0x1010,0x1710,0x1717,0x1717,0x1010,0x1710,0x1717,0x1717,
	0x1010,0x1C10,0x1717,0x1717,0x1010,0x1010,0x1711,0x1717,

	0x1717,0x1617,0x151E,0x1515,0x1717,0x1D1C,0x151E,0x1515,
	0x1717,0x1C17,0x1E16,0x1515,0x1717,0x1717,0x1617,0x151A,
	0x1717,0x1717,0x1717,0x161C,0x1717,0x1717,0x1717,0x1717,
	0x1717,0x1717,0x1717,0x1717,0x1717,0x1717,0x1716,0x1717,
	0x1515,0x1515,0x1515,0x1515,0x1515,0x1515,0x1515,0x1515,
	0x1515,0x1515,0x1515,0x1515,0x1515,0x1515,0x1515,0x1515,
	0x151E,0x1515,0x1515,0x1515,0x1D16,0x1515,0x1515,0x1515,
	0x1C17,0x1E16,0x1515,0x1515,0x1717,0x1617,0x151D,0x1515,

	0x1515,0x1515,0x1515,0x1515,0x1515,0x1515,0x1515,0x1515,
	0x1515,0x1515,0x1515,0x1515,0x1515,0x1515,0x1515,0x1515,
	0x1515,0x1515,0x1515,0x1515,0x1E15,0x151A,0x1515,0x1515,
	0x161E,0x1D1C,0x151E,0x1515,0x1C1D,0x1717,0x1A16,0x1515,
	0x1515,0x1515,0x1515,0x1515,0x1515,0x1515,0x1515,0x1515,
	0x1515,0x1515,0x1515,0x1515,0x1515,0x1515,0x1515,0x1515,
	0x1515,0x1515,0x1515,0x1515,0x1515,0x1515,0x1515,0x1515,
	0x1515,0x1515,0x1515,0x1515,0x1515,0x1515,0x1515,0x1515,

	0x1515,0x1515,0x1515,0x1515,0x1515,0x1515,0x1515,0x1515,
	0x1515,0x1515,0x1515,0x1515,0x1515,0x1515,0x1515,0x1515,
	0x1515,0x1515,0x1515,0x1515,0x1515,0x1515,0x1515,0x1515,
	0x1515,0x1515,0x1515,0x1515,0x1515,0x1515,0x1515,0x1515,
	0x1318,0x1513,0x1515,0x1515,0x1515,0x1515,0x1515,0x1515,
	0x1515,0x1515,0x1515,0x1515,0x1515,0x1515,0x1515,0x1515,
	0x1515,0x1515,0x1515,0x1515,0x1515,0x1515,0x1515,0x1515,
	0x1515,0x1515,0x1515,0x1515,0x1515,0x1515,0x1515,0x1515,

	0x1515,0x1515,0x1515,0x1515,0x1515,0x1515,0x1515,0x1515,
	0x1515,0x1515,0x1515,0x1515,0x1515,0x1515,0x1515,0x1515,
	0x1515,0x1515,0x1515,0x1515,0x1515,0x1515,0x1515,0x1515,
	0x1515,0x1515,0x1515,0x1515,0x1515,0x1515,0x1515,0x1E15,
	0x1515,0x1515,0x1515,0x1515,0x1515,0x1515,0x1515,0x1515,
	0x1515,0x1515,0x1515,0x1515,0x1515,0x1515,0x1515,0x1515,
	0x1515,0x1515,0x1515,0x1515,0x1515,0x1515,0x1515,0x1E15,
	0x1515,0x1515,0x1515,0x1D15,0x151E,0x1515,0x1515,0x1C1A,

	0x1515,0x1515,0x1515,0x1515,0x1515,0x1515,0x1515,0x1515,
	0x1515,0x1515,0x1515,0x1515,0x1515,0x1515,0x1515,0x1515,
	0x1D1A,0x151A,0x1515,0x1E15,0x1716,0x1D1C,0x151E,0x1D15,
	0x171C,0x1C17,0x1A16,0x1C1A,0x1717,0x1717,0x1C17,0x171C,
	0x1515,0x161E,0x1717,0x1717,0x1E15,0x1C16,0x1717,0x1717,
	0x1D15,0x171C,0x1717,0x1717,0x161A,0x1717,0x1717,0x1717,
	0x1716,0x1717,0x1717,0x1717,0x171C,0x1717,0x1717,0x1717,
	0x1717,0x1717,0x1717,0x1717,0x1717,0x1717,0x1717,0x1717,

	0x1717,0x1717,0x1717,0x1717,0x1717,0x1717,0x1717,0x1717,
	0x1717,0x1717,0x1717,0x1717,0x1717,0x1717,0x1717,0x1717,
	0x1717,0x1717,0x1717,0x1717,0x1717,0x1717,0x1717,0x1717,
	0x1717,0x1717,0x1717,0x1717,0x1717,0x1717,0x1717,0x1717,
	0x1717,0x1717,0x1A16,0x1515,0x1717,0x1717,0x1C1C,0x1C1C,
	0x1717,0x1717,0x1717,0x1717,0x1717,0x1717,0x1717,0x1717,
	0x1717,0x1717,0x1717,0x1717,0x1717,0x1717,0x1717,0x1717,
	0x1717,0x1717,0x1717,0x1717,0x1717,0x1717,0x1717,0x1717,

	0x1515,0x1515,0x1515,0x1515,0x1C1C,0x1C1C,0x1C1C,0x161C,
	0x1717,0x1717,0x1717,0x1717,0x1717,0x1717,0x1717,0x1717,
	0x1717,0x1717,0x1717,0x1717,0x1717,0x1717,0x1717,0x1717,
	0x1717,0x1717,0x1717,0x1717,0x1717,0x1717,0x1717,0x1717,
	0x1318,0x1813,0x1515,0x1515,0x1D1D,0x161D,0x1616,0x1616,
	0x1717,0x1717,0x1717,0x1717,0x1717,0x1717,0x1717,0x1717,
	0x1717,0x1717,0x1717,0x1717,0x1717,0x1717,0x1717,0x1717,
	0x1717,0x1717,0x1717,0x1717,0x1717,0x1717,0x1717,0x1717,

	0x1515,0x1515,0x1515,0x1716,0x1616,0x1616,0x1616,0x171C,
	0x1717,0x1717,0x1717,0x1717,0x1717,0x1717,0x1717,0x1717,
	0x1717,0x1717,0x1717,0x1717,0x1717,0x1717,0x1717,0x1717,
	0x1717,0x1717,0x1717,0x1717,0x1717,0x1717,0x1717,0x1717,
	0x1717,0x1717,0x1717,0x1717,0x1717,0x1717,0x1717,0x1717,
	0x1717,0x1717,0x1717,0x1717,0x1717,0x1717,0x1717,0x1717,
	0x1717,0x1717,0x1717,0x1717,0x1717,0x1717,0x1717,0x1717,
	0x1717,0x1717,0x1717,0x1717,0x1717,0x1717,0x1717,0x1717,

	0x1717,0x1717,0x1516,0x1515,0x1717,0x1717,0x151D,0x1515,
	0x1717,0x1C17,0x151D,0x1515,0x1717,0x1C17,0x151A,0x1515,
	0x1717,0x1C17,0x151D,0x1515,0x1717,0x1C17,0x1D16,0x1D1D,
	0x1717,0x1717,0x1717,0x1C17,0x1717,0x1717,0x1717,0x1717,
	0x1515,0x1515,0x1515,0x1515,0x1515,0x1515,0x1515,0x1515,
	0x1515,0x1515,0x1515,0x1515,0x1515,0x1515,0x1515,0x1515,
	0x1515,0x1515,0x1515,0x1515,0x1A1A,0x1E1E,0x1E1E,0x1515,
	0x1C1C,0x161C,0x1616,0x1616,0x1717,0x1717,0x1717,0x1717,

	0x1515,0x1615,0x1717,0x1516,0x1515,0x161E,0x1717,0x1516,
	0x1515,0x161E,0x1717,0x1D1C,0x1515,0x161E,0x1717,0x1717,
	0x1515,0x1C1E,0x1717,0x1717,0x1515,0x1C1A,0x1717,0x1717,
	0x1D1D,0x1C16,0x1717,0x1717,0x1717,0x1717,0x1717,0x1717,
	0x1313,0x1518,0x1515,0x1515,0x1313,0x1515,0x1515,0x1515,
	0x1A1A,0x1E1E,0x151E,0x1515,0x1717,0x1C1C,0x161C,0x1616,
	0x1717,0x1717,0x1717,0x1717,0x1717,0x1717,0x1717,0x1717,
	0x1717,0x1717,0x1717,0x1717,0x1717,0x1717,0x1717,0x1717,

	0x1515,0x1515,0x1515,0x1515,0x1515,0x1515,0x1515,0x1515,
	0x1515,0x1515,0x1515,0x1515,0x1616,0x1D1D,0x1E1A,0x1E1E,
	0x1717,0x1717,0x1C17,0x1616,0x1717,0x1717,0x1717,0x1717,
	0x1717,0x1717,0x1717,0x1717,0x1717,0x1717,0x1717,0x1717,
	0x1515,0x1515,0x1515,0x1515,0x1515,0x1515,0x1515,0x1515,
	0x1515,0x1515,0x1515,0x1515,0x1E1E,0x151E,0x1515,0x1515,
	0x1616,0x1616,0x1616,0x1D1D,0x1717,0x1717,0x1717,0x1717,
	0x1717,0x1717,0x1717,0x1717,0x1717,0x1717,0x1717,0x1717,

	0x1515,0x1515,0x1515,0x1515,0x1515,0x1515,0x1515,0x1515,
	0x1515,0x1515,0x1515,0x1515,0x1515,0x1A1E,0x1E1E,0x1E1E,
	0x1A1D,0x1C1D,0x1C1C,0x1C1C,0x1C17,0x171C,0x1717,0x1717,
	0x1717,0x1717,0x1717,0x1717,0x1717,0x1717,0x1717,0x1717,
	0x1515,0x1515,0x1515,0x1515,0x1515,0x1515,0x1515,0x1515,
	0x1515,0x1515,0x1515,0x1515,0x151E,0x1515,0x1D1E,0x1D1D,
	0x1616,0x1616,0x1C16,0x1717,0x1717,0x1717,0x1717,0x1717,
	0x1717,0x1717,0x1717,0x1717,0x1717,0x1717,0x1717,0x1717,

	0x1515,0x1515,0x1515,0x1515,0x1515,0x1515,0x1515,0x1515,
	0x1515,0x1515,0x1515,0x1A15,0x1D1D,0x1D1D,0x1D1D,0x161D,
	0x1717,0x1717,0x1717,0x171C,0x1717,0x1717,0x1717,0x1717,
	0x1717,0x1717,0x1717,0x1717,0x1717,0x1717,0x1717,0x1717,
	0x1515,0x1515,0x1515,0x1515,0x1515,0x1515,0x1515,0x1515,
	0x1D1D,0x1D1D,0x1A1A,0x1E1A,0x1717,0x1717,0x1C1C,0x161C,
	0x1717,0x1717,0x1717,0x1717,0x1717,0x1717,0x1717,0x1717,
	0x1717,0x1717,0x1717,0x1717,0x1717,0x1717,0x1717,0x1717,

	0x1E15,0x1716,0x1717,0x1717,0x1E15,0x1716,0x1717,0x1717,
	0x1A1E,0x171C,0x1717,0x1717,0x1C16,0x1717,0x1717,0x1717,
	0x1717,0x1717,0x1717,0x1717,0x1717,0x1717,0x1717,0x1717,
	0x1717,0x1717,0x1717,0x1C1C,0x1717,0x1717,0x1717,0x1010,
	0x1717,0x1717,0x1717,0x1717,0x1717,0x1717,0x1717,0x1717,
	0x1717,0x1717,0x1717,0x1717,0x1717,0x1717,0x1717,0x1717,
	0x1717,0x1717,0x1717,0x1717,0x1717,0x1717,0x1717,0x1717,
	0x1C1C,0x1C1C,0x1C1C,0x1117,0x1010,0x1010,0x1010,0x1010,

	0x1717,0x1717,0x1717,0x1717,0x1717,0x1717,0x1717,0x1717,
	0x1717,0x1717,0x1717,0x1717,0x1010,0x1010,0x1010,0x1010,
	0x1010,0x1010,0x1010,0x1010,0x1010,0x1010,0x1010,0x1010,
	0x1010,0x1010,0x1010,0x1010,0x1010,0x1010,0x1010,0x1010,
	0x1717,0x1010,0x1010,0x1010,0x1C17,0x1010,0x1010,0x1010,
	0x1717,0x1010,0x1010,0x1010,0x1010,0x1010,0x1010,0x1010,
	0x1010,0x1010,0x1010,0x1010,0x1010,0x1010,0x1010,0x1010,
	0x1010,0x1010,0x1010,0x1010,0x1010,0x1010,0x1010,0x1010,

	0x1010,0x1010,0x1010,0x1010,0x1010,0x1010,0x1010,0x1010,
	0x1010,0x1010,0x1010,0x1010,0x1010,0x1010,0x1010,0x1010,
	0x1010,0x1010,0x1010,0x1010,0x1010,0x1010,0x1010,0x1010,
	0x1010,0x1010,0x1010,0x1010,0x1010,0x1010,0x1F1B,0x1F1F,
	0x1010,0x1010,0x1010,0x1010,0x1010,0x1010,0x1010,0x1010,
	0x1010,0x1010,0x1010,0x1010,0x1010,0x1010,0x1010,0x1010,
	0x1010,0x1010,0x1010,0x1010,0x1010,0x1010,0x1010,0x1010,
	0x1010,0x1010,0x1010,0x1010,0x1F1F,0x1F1F,0x1F1F,0x1F1F,

	0x1717,0x1717,0x1717,0x1717,0x1717,0x1717,0x1717,0x1717,
	0x1717,0x1717,0x1717,0x1717,0x1717,0x1717,0x1717,0x1717,
	0x1717,0x1717,0x1717,0x1717,0x1717,0x1717,0x1717,0x1717,
	0x1717,0x1717,0x1717,0x1717,0x1717,0x1717,0x1717,0x1717,
	0x1F1F,0x1F1F,0x1F1F,0x1F1F,0x1F1F,0x1F1F,0x1F1F,0x1F1F,
	0x1F1F,0x1F1F,0x1F1F,0x1F1F,0x1F1F,0x1F1F,0x1F1F,0x1F1F,
	0x1F1F,0x1F1F,0x1F1F,0x1F1F,0x1F1F,0x1F1F,0x1F1F,0x1F1F,
	0x1717,0x1717,0x1717,0x1717,0x1717,0x1717,0x1717,0x1717,

	0x1F1F,0x1F1F,0x1F1F,0x1F1F,0x1F1F,0x1F1F,0x1F1F,0x1F1F,
	0x1F1F,0x1F1F,0x1F1F,0x1F1F,0x1F1F,0x1F1F,0x1F1F,0x1F1F,
	0x1F1F,0x1F1F,0x1F1F,0x1F1F,0x1F1F,0x1F1F,0x1F1F,0x1F1F,
	0x1F17,0x1F1F,0x1F1F,0x1F1F,0x1F17,0x1F1F,0x1F1F,0x1F1F,
	0x1F1F,0x1F1F,0x1F1F,0x1F1F,0x1F1F,0x1F1F,0x1F1F,0x1F1F,
	0x1F1F,0x1F1F,0x1F1F,0x1F1F,0x1F1F,0x1F1F,0x1F1F,0x1F1F,
	0x1F1F,0x1F1F,0x1F1F,0x1F1F,0x1F1F,0x1F1F,0x1F1F,0x1F1F,
	0x1F1F,0x1F1F,0x1F1F,0x1F1F,0x1F1F,0x1F1F,0x1F1F,0x1F1F,

	0x1F1F,0x1F1F,0x1F1F,0x1F1F,0x1F1F,0x1F1F,0x1F1F,0x1F1F,
	0x1F1F,0x1F1F,0x1F1F,0x1F1F,0x1F1F,0x1F1F,0x1F1F,0x1F1F,
	0x1F1F,0x1F1F,0x1F1F,0x1F1F,0x1F1F,0x1F1F,0x1F1F,0x1F1F,
	0x1F1F,0x1F1F,0x1F1F,0x1F1F,0x1F1F,0x1F1F,0x1F1F,0x1F1F,
	0x1F1F,0x1F1F,0x1F1F,0x1F1F,0x1F1F,0x1F1F,0x1F1F,0x1F1F,
	0x1F1F,0x1F1F,0x1F1F,0x1F1F,0x1F1F,0x1F1F,0x1F1F,0x1F1F,
	0x1F1F,0x1F1F,0x1F1F,0x1F1F,0x1F1F,0x1F1F,0x1F1F,0x1F1F,
	0x1F1F,0x1F1F,0x1F1F,0x1F1F,0x1F1F,0x1F1F,0x1F1F,0x1F1F,

	0x1F1F,0x1010,0x1010,0x1010,0x1F1F,0x1012,0x1010,0x1010,
	0x1F1F,0x101B,0x1010,0x1010,0x1F1F,0x101B,0x1010,0x1010,
	0x1F1F,0x1017,0x1010,0x1010,0x1F1F,0x101F,0x1010,0x1010,
	0x1F1F,0x101F,0x1010,0x1010,0x1F1F,0x1F1F,0x1717,0x1F1F,
	0x1010,0x1010,0x1010,0x1010,0x1010,0x1010,0x1010,0x1010,
	0x1010,0x1010,0x1010,0x1010,0x1010,0x1010,0x1010,0x1010,
	0x1010,0x1010,0x1010,0x1010,0x1010,0x1010,0x1010,0x1010,
	0x1010,0x1010,0x1010,0x1010,0x141F,0x1010,0x1010,0x1010,

	0x1010,0x1010,0x1010,0x1010,0x1010,0x1010,0x1010,0x1010,
	0x1010,0x1010,0x1010,0x1010,0x1010,0x1010,0x1010,0x1010,
	0x1010,0x1010,0x1010,0x1010,0x1010,0x1010,0x1010,0x1010,
	0x1010,0x1010,0x1010,0x1010,0x1010,0x1010,0x1010,0x1010,
	0x1010,0x1010,0x1010,0x1010,0x1010,0x1010,0x1010,0x1010,
	0x1010,0x1010,0x1010,0x1010,0x1010,0x1010,0x1010,0x1010,
	0x1010,0x1010,0x1010,0x1010,0x1010,0x1010,0x1010,0x1010,
	0x1010,0x1010,0x1010,0x1010,0x1010,0x1010,0x1010,0x1010,

	0x1010,0x1010,0x1010,0x1010,0x1010,0x1010,0x1010,0x1010,
	0x1010,0x1010,0x1010,0x1010,0x1010,0x1010,0x1010,0x1010,
	0x1010,0x1010,0x1010,0x1010,0x1010,0x1010,0x1010,0x1010,
	0x1010,0x1010,0x1010,0x1010,0x1010,0x1010,0x1010,0x1010,
	0x1010,0x1010,0x1010,0x1010,0x1010,0x1010,0x1010,0x1010,
	0x1010,0x1010,0x1010,0x1010,0x1010,0x1010,0x1010,0x1010,
	0x1010,0x1010,0x1010,0x1010,0x1010,0x1010,0x1010,0x1010,
	0x1010,0x1010,0x1010,0x1010,0x1010,0x1010,0x1010,0x1010,

	0x1010,0x1010,0x1010,0x1010,0x1010,0x1010,0x1010,0x1010,
	0x1010,0x1010,0x1010,0x1010,0x1010,0x1010,0x1010,0x1010,
	0x1010,0x1010,0x1010,0x1010,0x1010,0x1010,0x1010,0x1010,
	0x1010,0x1010,0x1010,0x1010,0x1010,0x1010,0x1010,0x1010,
	0x1010,0x1010,0x1010,0x1010,0x1010,0x1010,0x1010,0x1010,
	0x1010,0x1010,0x1010,0x1010,0x1010,0x1010,0x1010,0x1010,
	0x1010,0x1010,0x1010,0x1010,0x1010,0x1010,0x1010,0x1010,
	0x1010,0x1010,0x1010,0x1010,0x1010,0x1010,0x1010,0x1010,

	0x1010,0x1010,0x1010,0x1010,0x1010,0x1010,0x1010,0x1010,
	0x1010,0x1010,0x1010,0x1010,0x1010,0x1010,0x1010,0x1010,
	0x1010,0x1010,0x1010,0x1010,0x1010,0x1010,0x1010,0x1010,
	0x1010,0x1010,0x1010,0x1010,0x1010,0x1010,0x1010,0x1010,
	0x1010,0x1010,0x1010,0x1010,0x1010,0x1010,0x1010,0x1010,
	0x1010,0x1010,0x1010,0x1010,0x1010,0x1010,0x1010,0x1010,
	0x1010,0x1010,0x1010,0x1010,0x1010,0x1010,0x1010,0x1010,
	0x1010,0x1010,0x1010,0x1010,0x1010,0x1010,0x1010,0x1010,

	0x1010,0x1010,0x1010,0x1010,0x1010,0x1010,0x1010,0x1010,
	0x1010,0x1010,0x1010,0x1010,0x1010,0x1010,0x1010,0x1010,
	0x1010,0x1010,0x1010,0x1010,0x1010,0x1010,0x1010,0x1010,
	0x1010,0x1010,0x1010,0x1010,0x1010,0x1010,0x1010,0x1010,
	0x1010,0x1010,0x1010,0x1010,0x1010,0x1010,0x1010,0x1010,
	0x1010,0x1010,0x1010,0x1010,0x1010,0x1010,0x1010,0x1010,
	0x1010,0x1010,0x1010,0x1010,0x1010,0x1010,0x1010,0x1010,
	0x1010,0x1010,0x1010,0x1010,0x1010,0x1010,0x1010,0x1010,

	0x1010,0x1010,0x1010,0x1010,0x1010,0x1010,0x1010,0x1010,
	0x1010,0x1010,0x1010,0x1010,0x1010,0x1010,0x1010,0x1010,
	0x1010,0x1010,0x1010,0x1010,0x1010,0x1010,0x1010,0x1010,
	0x1010,0x1010,0x1010,0x1010,0x1010,0x1010,0x1010,0x1010,
	0x1010,0x1010,0x1010,0x1010,0x1010,0x1010,0x1010,0x1010,
	0x1010,0x1010,0x1010,0x1010,0x1010,0x1010,0x1010,0x1010,
	0x1010,0x1010,0x1010,0x1010,0x1010,0x1010,0x1010,0x1010,
	0x1010,0x1010,0x1010,0x1010,0x1010,0x1010,0x1010,0x1010,

	0x1010,0x1010,0x1010,0x1010,0x1010,0x1010,0x1010,0x1010,
	0x1010,0x1010,0x1010,0x1010,0x1010,0x1010,0x1010,0x1010,
	0x1010,0x1010,0x1010,0x1010,0x1010,0x1010,0x1010,0x1010,
	0x1010,0x1010,0x1010,0x1010,0x1010,0x1010,0x1010,0x1010,
	0x1010,0x1010,0x1010,0x1010,0x1010,0x1010,0x1010,0x1010,
	0x1010,0x1010,0x1010,0x1010,0x1010,0x1010,0x1010,0x1010,
	0x1010,0x1010,0x1010,0x1010,0x1010,0x1010,0x1010,0x1010,
	0x1010,0x1010,0x1010,0x1010,0x1010,0x1010,0x1010,0x1010,

	0x1010,0x1010,0x1010,0x1010,0x1010,0x1010,0x1010,0x1010,
	0x1010,0x1010,0x1010,0x1010,0x1010,0x1010,0x1010,0x1010,
	0x1010,0x1010,0x1010,0x1010,0x1010,0x1010,0x1010,0x1010,
	0x1010,0x1010,0x1010,0x1010,0x1010,0x1010,0x1010,0x1010,
	0x1010,0x1010,0x1010,0x1717,0x1010,0x1010,0x1010,0x1716,
	0x1010,0x1010,0x1010,0x1010,0x1010,0x1010,0x1010,0x1010,
	0x1010,0x1010,0x1010,0x1010,0x1010,0x1010,0x1010,0x1010,
	0x1010,0x1010,0x1010,0x1010,0x1010,0x1010,0x1010,0x1010,

	0x1717,0x1717,0x1717,0x1C17,0x1717,0x1C17,0x1C1C,0x1C17,
	0x1010,0x1010,0x1010,0x1C10,0x1010,0x1010,0x1010,0x1710,
	0x1010,0x1010,0x1010,0x1710,0x1010,0x1010,0x1010,0x1710,
	0x1010,0x1010,0x1010,0x1010,0x1010,0x1010,0x1010,0x1010,
	0x1717,0x1717,0x1717,0x1717,0x1717,0x1717,0x1717,0x1717,
	0x1717,0x1717,0x1717,0x1717,0x1717,0x1717,0x1717,0x1717,
	0x1717,0x1717,0x1717,0x1717,0x1717,0x1717,0x1717,0x1717,
	0x1C10,0x1717,0x1717,0x1717,0x1010,0x1010,0x1010,0x1010,

	0x1717,0x1717,0x1C1C,0x1717,0x1717,0x1717,0x1717,0x1717,
	0x1717,0x1717,0x1717,0x1717,0x1717,0x1717,0x1717,0x1717,
	0x1717,0x1717,0x1717,0x1717,0x1717,0x1717,0x1717,0x1717,
	0x1717,0x1717,0x1717,0x1717,0x1010,0x1010,0x1010,0x1010,
	0x1717,0x1C17,0x1717,0x1717,0x1717,0x1717,0x1717,0x1717,
	0x1717,0x1717,0x1717,0x1717,0x1717,0x1717,0x1717,0x1717,
	0x1717,0x1717,0x1717,0x1717,0x1717,0x1717,0x1717,0x1717,
	0x1F17,0x1010,0x1010,0x1010,0x1010,0x1010,0x1010,0x1010,

	0x1717,0x1717,0x1C17,0x1717,0x1717,0x1717,0x1717,0x1717,
	0x1717,0x1717,0x1717,0x1717,0x1717,0x1010,0x1010,0x1010,
	0x1717,0x1010,0x1010,0x1010,0x1717,0x1010,0x1010,0x1010,
	0x1010,0x1010,0x1010,0x1010,0x1010,0x1010,0x1010,0x1010,
	0x1717,0x1717,0x1010,0x1010,0x1717,0x1717,0x1010,0x1010,
	0x1717,0x1717,0x1010,0x1010,0x1010,0x1010,0x1010,0x1010,
	0x1010,0x1010,0x1010,0x1010,0x1010,0x1010,0x1010,0x1010,
	0x1010,0x1010,0x1010,0x1010,0x1010,0x1010,0x1010,0x1410,

	0x1013,0x1010,0x1010,0x1010,0x1010,0x1010,0x1010,0x1010,
	0x1010,0x1010,0x1010,0x1010,0x1010,0x1010,0x1010,0x1010,
	0x1010,0x1010,0x1010,0x1010,0x1010,0x1010,0x1010,0x1010,
	0x1010,0x1010,0x1010,0x1010,0x1212,0x1212,0x1212,0x1212,
	0x1010,0x1010,0x1010,0x1010,0x1010,0x1010,0x1010,0x1010,
	0x1010,0x1010,0x1010,0x1010,0x1010,0x1010,0x1010,0x1010,
	0x1010,0x1010,0x1010,0x1010,0x1010,0x1010,0x1010,0x1010,
	0x1010,0x1010,0x1010,0x1010,0x1212,0x1212,0x1019,0x1010,

	0x1010,0x1010,0x171C,0x1717,0x1010,0x1010,0x171C,0x1717,
	0x1010,0x1010,0x171F,0x1717,0x1010,0x1010,0x1C19,0x1717,
	0x1010,0x1010,0x1010,0x1010,0x1010,0x1010,0x1010,0x1010,
	0x1010,0x1010,0x1010,0x1010,0x1010,0x1010,0x1010,0x1010,
	0x1717,0x1717,0x161C,0x1A1A,0x1717,0x1717,0x1717,0x1C1C,
	0x1717,0x1717,0x1717,0x1717,0x1717,0x1717,0x1717,0x1717,
	0x1110,0x1617,0x1616,0x1716,0x1010,0x1010,0x1010,0x1010,
	0x1010,0x1010,0x1010,0x1010,0x1010,0x1010,0x1010,0x1010,

	0x1716,0x1717,0x1C17,0x1E1D,0x1717,0x1717,0x1717,0x1617,
	0x1717,0x1717,0x1717,0x1717,0x1717,0x1717,0x1717,0x1717,
	0x171C,0x1717,0x1717,0x1717,0x1010,0x1717,0x1717,0x1717,
	0x1010,0x171C,0x1717,0x1717,0x1010,0x1C1C,0x171C,0x1717,
	0x1515,0x1515,0x1515,0x1515,0x151A,0x1515,0x1515,0x1515,
	0x1D1C,0x151A,0x1E15,0x1515,0x1717,0x1D16,0x161A,0x151A,
	0x1717,0x1C17,0x1C1C,0x1D1C,0x1717,0x1717,0x1717,0x1717,
	0x1717,0x1717,0x1717,0x1717,0x1717,0x1717,0x1717,0x171C,

	0x1515,0x1515,0x1515,0x1515,0x1515,0x1515,0x1515,0x1515,
	0x1515,0x1515,0x1515,0x1515,0x1515,0x1515,0x1515,0x1515,
	0x151E,0x1515,0x1515,0x1515,0x1A16,0x1515,0x1515,0x1515,
	0x1617,0x151A,0x1515,0x1515,0x1717,0x151C,0x1515,0x1515,
	0x1515,0x1515,0x1515,0x1515,0x1515,0x1515,0x1515,0x1515,
	0x1515,0x1515,0x1515,0x1515,0x1515,0x1515,0x1515,0x151E,
	0x1515,0x1515,0x1515,0x151E,0x1515,0x1515,0x1515,0x1510,
	0x1515,0x1515,0x1515,0x1010,0x1515,0x1515,0x1015,0x1010,

	0x1515,0x1515,0x1515,0x161E,0x1515,0x1515,0x1515,0x1C1A,
	0x1515,0x1515,0x1515,0x1015,0x1515,0x1515,0x1515,0x1010,
	0x1515,0x1515,0x1515,0x1010,0x1515,0x1515,0x1015,0x1010,
	0x1510,0x1515,0x1010,0x1010,0x1010,0x1E1E,0x1010,0x1010,
	0x1E16,0x1515,0x1E15,0x1716,0x1D1C,0x1E1A,0x1D1E,0x171C,
	0x1410,0x1616,0x1C1D,0x1717,0x1410,0x1717,0x1717,0x1717,
	0x1410,0x1717,0x1717,0x1717,0x1010,0x171C,0x1717,0x1717,
	0x1010,0x171C,0x1717,0x1717,0x1010,0x1010,0x1010,0x1010,

	0x1717,0x1717,0x1717,0x1717,0x1717,0x1717,0x1717,0x1717,
	0x1717,0x1717,0x1717,0x1717,0x1717,0x1717,0x1717,0x1717,
	0x1717,0x1717,0x1717,0x1717,0x1717,0x1717,0x1717,0x1717,
	0x1717,0x171C,0x1717,0x1717,0x1010,0x171C,0x1717,0x1717,
	0x1717,0x1717,0x1717,0x1717,0x1717,0x1717,0x1717,0x1717,
	0x1717,0x1717,0x1717,0x1717,0x1717,0x1717,0x1717,0x1717,
	0x1717,0x1717,0x1717,0x1717,0x1717,0x1717,0x1717,0x1717,
	0x1717,0x1717,0x1717,0x1717,0x1717,0x1717,0x1717,0x1717,

	0x1717,0x1717,0x1717,0x1717,0x1717,0x1717,0x1717,0x1717,
	0x1717,0x1717,0x1717,0x1717,0x1717,0x1717,0x1717,0x1717,
	0x1717,0x1717,0x1717,0x1717,0x1717,0x1717,0x1717,0x1717,
	0x1717,0x1717,0x1717,0x1717,0x1717,0x1717,0x1717,0x1717,
	0x1717,0x1717,0x1717,0x1717,0x1717,0x1717,0x1717,0x1717,
	0x1717,0x1717,0x1717,0x1717,0x1717,0x1717,0x1717,0x1717,
	0x1717,0x1717,0x1717,0x1717,0x1717,0x1717,0x1717,0x1717,
	0x1717,0x1717,0x1717,0x1717,0x1717,0x1717,0x1717,0x1717,

	0x1717,0x1717,0x1717,0x1717,0x1717,0x1717,0x1717,0x1717,
	0x1717,0x1717,0x1717,0x1717,0x1717,0x1717,0x1717,0x1717,
	0x1717,0x1717,0x1717,0x1717,0x1717,0x1717,0x1717,0x1717,
	0x1717,0x1717,0x1717,0x1717,0x1717,0x1717,0x1717,0x1C17,
	0x1717,0x1717,0x1717,0x1717,0x1717,0x1717,0x1717,0x1717,
	0x1717,0x1717,0x1717,0x1717,0x1717,0x1717,0x1717,0x1717,
	0x1717,0x171C,0x1717,0x1717,0x1717,0x1016,0x171B,0x1717,
	0x1717,0x1017,0x171C,0x1717,0x1C17,0x1019,0x1110,0x161F,

	0x1717,0x1717,0x1717,0x1717,0x1717,0x1717,0x1717,0x1717,
	0x1717,0x1717,0x1717,0x1717,0x1717,0x1717,0x1717,0x1717,
	0x1717,0x1717,0x1717,0x1717,0x1717,0x1717,0x1717,0x1717,
	0x1717,0x1717,0x1717,0x1717,0x1616,0x1616,0x1616,0x1616,
	0x1717,0x1717,0x1717,0x1717,0x1717,0x1717,0x1717,0x1717,
	0x1717,0x1717,0x1717,0x1717,0x1717,0x1717,0x1717,0x1717,
	0x1717,0x1717,0x1017,0x1010,0x1717,0x1717,0x101C,0x1010,
	0x1717,0x1717,0x101C,0x1010,0x1616,0x1C16,0x1014,0x1010,

	0x1717,0x1717,0x1717,0x1717,0x1717,0x1717,0x1717,0x1717,
	0x1717,0x1717,0x1717,0x1717,0x1717,0x1717,0x1B17,0x1717,
	0x1010,0x1010,0x1010,0x1010,0x1010,0x1010,0x1010,0x1010,
	0x1010,0x1010,0x1010,0x1010,0x1010,0x1010,0x1010,0x1010,
	0x1717,0x1717,0x1717,0x1717,0x1717,0x1717,0x1717,0x1717,
	0x1717,0x1717,0x1717,0x1717,0x1717,0x1717,0x1717,0x1717,
	0x1010,0x1010,0x1010,0x1010,0x1010,0x1010,0x1010,0x1010,
	0x1010,0x1010,0x1010,0x1010,0x1010,0x1010,0x1010,0x1010,

	0x1717,0x1717,0x1717,0x1717,0x1717,0x1717,0x1717,0x1717,
	0x1717,0x1717,0x191C,0x1010,0x1717,0x1617,0x101C,0x1010,
	0x1010,0x1010,0x1010,0x1010,0x1010,0x1010,0x1010,0x1010,
	0x1010,0x1010,0x1010,0x1010,0x1010,0x1010,0x1010,0x1010,
	0x1717,0x1717,0x1717,0x1717,0x1717,0x1717,0x1717,0x171C,
	0x1010,0x1010,0x1010,0x1010,0x1010,0x1010,0x1010,0x1010,
	0x1010,0x1010,0x1010,0x1010,0x1010,0x1010,0x1010,0x1010,
	0x1010,0x1010,0x1010,0x1010,0x1010,0x1010,0x1010,0x1010,

	0x1717,0x1717,0x1717,0x1717,0x1717,0x1717,0x1717,0x1717,
	0x1010,0x1010,0x1010,0x1010,0x1010,0x1010,0x1010,0x1010,
	0x1010,0x1010,0x1010,0x1010,0x1010,0x1010,0x1010,0x1010,
	0x1010,0x1010,0x1010,0x1010,0x1010,0x1010,0x1010,0x1010,
	0x1717,0x1717,0x1717,0x1717,0x171C,0x1717,0x1C1C,0x1C1C,
	0x1010,0x1010,0x1010,0x1010,0x1010,0x1010,0x1010,0x1010,
	0x1010,0x1010,0x1010,0x1010,0x1010,0x1010,0x1010,0x1010,
	0x1010,0x1010,0x1010,0x1010,0x1010,0x1010,0x1010,0x1010,

	0x1717,0x1717,0x1717,0x1717,0x171C,0x171C,0x1717,0x1717,
	0x1010,0x1010,0x1010,0x1010,0x1010,0x1010,0x1010,0x1010,
	0x1010,0x1010,0x1010,0x1010,0x1010,0x1010,0x1010,0x1010,
	0x1010,0x1010,0x1010,0x1010,0x1010,0x1010,0x1010,0x1010,
	0x1717,0x1717,0x1717,0x1717,0x1717,0x1717,0x1717,0x1717,
	0x1010,0x1010,0x1010,0x1010,0x1010,0x1010,0x1010,0x1010,
	0x1010,0x1010,0x1010,0x1010,0x1010,0x1010,0x1010,0x1010,
	0x1010,0x1010,0x1010,0x1010,0x1010,0x1010,0x1010,0x1010,

	0x1717,0x1717,0x1717,0x1717,0x1C17,0x1C1C,0x1C1C,0x1C1C,
	0x1010,0x1010,0x1010,0x1010,0x1010,0x1010,0x1010,0x1010,
	0x1010,0x1010,0x1010,0x1010,0x1010,0x1010,0x1010,0x1010,
	0x1010,0x1010,0x1010,0x1010,0x1010,0x1010,0x1010,0x1010,
	0x1717,0x1717,0x1717,0x1717,0x171C,0x111C,0x1010,0x1010,
	0x1010,0x1010,0x1010,0x1010,0x1010,0x1010,0x1010,0x1010,
	0x1010,0x1010,0x1010,0x1010,0x1010,0x1010,0x1010,0x1010,
	0x1010,0x1010,0x1010,0x1010,0x1010,0x1010,0x1010,0x1010,

	0x1717,0x1717,0x1C16,0x1010,0x1010,0x1010,0x1010,0x1010,
	0x1010,0x1010,0x1010,0x1010,0x1010,0x1010,0x1010,0x1010,
	0x1010,0x1010,0x1010,0x1010,0x1010,0x1010,0x1010,0x1F1F,
	0x1010,0x1010,0x1010,0x1F1F,0x1010,0x1010,0x1010,0x1F1F,
	0x1010,0x1010,0x1010,0x1010,0x1010,0x1010,0x1010,0x1010,
	0x1010,0x1010,0x1010,0x1010,0x1010,0x1010,0x1010,0x1010,
	0x1010,0x1010,0x1010,0x1010,0x1F1F,0x1F1F,0x1F1F,0x1F1F,
	0x1F1F,0x1F1F,0x1F1F,0x1F1F,0x1F1F,0x1F1F,0x1F1F,0x1F1F,

	0x1010,0x1010,0x1010,0x1010,0x1010,0x1010,0x1010,0x1010,
	0x1F17,0x1F1F,0x1F1F,0x1F1F,0x1F1F,0x1F1F,0x1F1F,0x1F1F,
	0x1F1F,0x1F1F,0x1F1F,0x1F1F,0x1F1F,0x1F1F,0x1F1F,0x1F1F,
	0x1F1F,0x1F1F,0x1F1F,0x1F1F,0x1F1F,0x1F1F,0x1F1F,0x1F1F,
	0x1010,0x1F1B,0x1F1F,0x1F1F,0x1010,0x1F1F,0x1F1F,0x1F1F,
	0x1F1F,0x1F1F,0x1F1F,0x1F1F,0x1F1F,0x1F1F,0x1F1F,0x1F1F,
	0x1F1F,0x1F1F,0x1F1F,0x1F1F,0x1F1F,0x1F1F,0x1F1F,0x1F1F,
	0x1F1F,0x1F1F,0x1F1F,0x1F1F,0x1F1F,0x1F1F,0x1F1F,0x1F1F,

	0x1F1F,0x1F1F,0x1F1F,0x1F1F,0x1F1F,0x1F1F,0x1F1F,0x1F1F,
	0x1F1F,0x1F1F,0x1F1F,0x1F1F,0x1F1F,0x1F1F,0x1F1F,0x1F1F,
	0x1F1F,0x1F1F,0x1F1F,0x1F1F,0x1F1F,0x1F1F,0x1F1F,0x1F1F,
	0x1F1F,0x1F1F,0x1F1F,0x1F1F,0x1F1F,0x1F1F,0x1F1F,0x1F1F,
	0x1F1F,0x1F1F,0x1F1F,0x1F1F,0x1F1F,0x1F1F,0x1F1F,0x1F1F,
	0x1F1F,0x1F1F,0x1F1F,0x1F1F,0x1F1F,0x1F1F,0x1F1F,0x1F1F,
	0x1F1F,0x1F1F,0x1F1F,0x1F1F,0x1F1F,0x1F1F,0x1F1F,0x1F1F,
	0x1F1F,0x1F1F,0x1F1F,0x1F1F,0x1F1F,0x1F1F,0x1F1F,0x1F1F,

	0x1717,0x1717,0x1717,0x1717,0x1717,0x1717,0x1717,0x1717,
	0x1717,0x1717,0x1717,0x1717,0x1617,0x1D1D,0x1D1D,0x1616,
	0x1D17,0x1515,0x1515,0x1E15,0x1D17,0x1515,0x1515,0x1515,
	0x1A17,0x1515,0x1515,0x1515,0x1A16,0x1515,0x1515,0x1515,
	0x1717,0x1717,0x1717,0x1717,0x1717,0x1717,0x1717,0x1717,
	0x1717,0x1717,0x1717,0x1717,0x1616,0x1C16,0x1717,0x1717,
	0x1E1E,0x1A1A,0x1716,0x1717,0x1515,0x1515,0x171D,0x1717,
	0x1515,0x1515,0x161A,0x1C1C,0x1515,0x1515,0x1A1E,0x1A1A,

	0x1F17,0x1F1F,0x1F1F,0x1F1F,0x1F17,0x1F1F,0x1F1F,0x1F1F,
	0x1717,0x1717,0x1717,0x1717,0x1717,0x1717,0x1717,0x1717,
	0x1717,0x1717,0x1717,0x1717,0x1717,0x1717,0x1717,0x1717,
	0x171C,0x1717,0x1717,0x1717,0x1D1D,0x161D,0x1717,0x1717,
	0x1F1F,0x1F1F,0x1F1F,0x1F1F,0x1F1F,0x1F1F,0x1F1F,0x1F1F,
	0x1F17,0x1F1F,0x1F1F,0x1F1F,0x1717,0x1F1F,0x1F1F,0x1F1F,
	0x1717,0x1F17,0x1F1F,0x1F1F,0x1717,0x1F17,0x1F1F,0x1F1F,
	0x1717,0x1717,0x1717,0x1717,0x1717,0x1717,0x1717,0x1717,

	0x1F1F,0x1F1F,0x1F1F,0x1F1F,0x1F1F,0x1F1F,0x1F1F,0x1F1F,
	0x1F1F,0x1F1F,0x1F1F,0x1F1F,0x1F1F,0x1F1F,0x1F1F,0x1F1F,
	0x1F1F,0x1F1F,0x1F1F,0x1F1F,0x1F1F,0x1F1F,0x1F1F,0x1F1F,
	0x1F17,0x1F1F,0x1F1F,0x1F1F,0x1717,0x1F1F,0x1F1F,0x1F1F,
	0x1F1F,0x1F1F,0x1F1F,0x1F1F,0x1F1F,0x1F1F,0x1F1F,0x1F1F,
	0x1F1F,0x1F1F,0x1F1F,0x1F1F,0x1F1F,0x1F1F,0x1F1F,0x1F1F,
	0x1F1F,0x1F1F,0x1F1F,0x1F1F,0x1F1F,0x1F1F,0x1F1F,0x1F1F,
	0x1F1F,0x1F1F,0x1F1F,0x1F1F,0x1F1F,0x1F1F,0x1F1F,0x1F1F,

	0x1F1F,0x1F1F,0x1F1F,0x1F1F,0x1F1F,0x1F1F,0x1F1F,0x1F1F,
	0x1F1F,0x1F1F,0x1F1F,0x1F1F,0x1F1F,0x1F1F,0x1F1F,0x1F1F,
	0x1F1F,0x1F1F,0x1F1F,0x1F1F,0x1F1F,0x1F1F,0x1F1F,0x1F1F,
	0x1F1F,0x1F1F,0x1F1F,0x1F1F,0x1F1F,0x1F1F,0x1F1F,0x1F1F,
	0x1F1F,0x1010,0x1010,0x1010,0x1F1F,0x1010,0x1010,0x1010,
	0x1F1F,0x101F,0x1010,0x1010,0x1F1F,0x121F,0x1010,0x1010,
	0x1F1F,0x171F,0x1010,0x1010,0x1F1F,0x171F,0x1010,0x1010,
	0x1F1F,0x171F,0x1010,0x1010,0x1F1F,0x1F1F,0x1F1F,0x1F1F,

	0x1010,0x1010,0x1010,0x1010,0x1010,0x1010,0x1010,0x1010,
	0x1010,0x1010,0x1010,0x1010,0x1010,0x1010,0x1010,0x1010,
	0x1010,0x1010,0x1010,0x1010,0x1010,0x1010,0x1010,0x1010,
	0x1010,0x1010,0x1010,0x1010,0x1010,0x1010,0x1010,0x1010,
	0x1010,0x1010,0x1010,0x1010,0x1010,0x1010,0x1010,0x1010,
	0x1010,0x1010,0x1010,0x1010,0x1010,0x1010,0x1010,0x1010,
	0x1010,0x1010,0x1010,0x1010,0x1010,0x1010,0x1010,0x1010,
	0x1010,0x1010,0x1010,0x1010,0x1010,0x1010,0x1010,0x1010,

	0x1010,0x1010,0x1010,0x1010,0x1010,0x1010,0x1010,0x1010,
	0x1010,0x1010,0x1010,0x1010,0x1010,0x1010,0x1010,0x1010,
	0x1010,0x1010,0x1010,0x1010,0x1010,0x1010,0x1010,0x1010,
	0x1010,0x1010,0x1010,0x1010,0x1010,0x1010,0x1010,0x1010,
	0x1010,0x1010,0x1010,0x1010,0x1010,0x1010,0x1010,0x1010,
	0x1010,0x1010,0x1010,0x1010,0x1010,0x1010,0x1010,0x1010,
	0x1010,0x1010,0x1010,0x1010,0x1010,0x1010,0x1010,0x1010,
	0x1010,0x1010,0x1010,0x1010,0x1010,0x1010,0x1010,0x1010,

	0x1010,0x1010,0x1010,0x1010,0x1010,0x1010,0x1010,0x1010,
	0x1010,0x1010,0x1010,0x1010,0x1010,0x1010,0x1010,0x1010,
	0x1010,0x1010,0x1010,0x1010,0x1010,0x1010,0x1010,0x1010,
	0x1010,0x1010,0x1010,0x1010,0x1010,0x1010,0x1010,0x1010,
	0x1010,0x1010,0x1010,0x1010,0x1010,0x1010,0x1010,0x1010,
	0x1010,0x1010,0x1010,0x1010,0x1010,0x1010,0x1010,0x1010,
	0x1010,0x1010,0x1010,0x1010,0x1010,0x1010,0x1010,0x1010,
	0x1010,0x1010,0x1010,0x1010,0x1010,0x1010,0x1010,0x1010,

	0x1010,0x1010,0x1010,0x1010,0x1010,0x1010,0x1010,0x1010,
	0x1010,0x1010,0x1010,0x1010,0x1010,0x1010,0x1010,0x1010,
	0x1010,0x1010,0x1010,0x1010,0x1010,0x1010,0x1010,0x1010,
	0x1010,0x1010,0x1010,0x1010,0x1010,0x1010,0x1010,0x1010,
	0x1010,0x1010,0x1010,0x1010,0x1010,0x1010,0x1010,0x1010,
	0x1010,0x1010,0x1010,0x1010,0x1010,0x1010,0x1010,0x1010,
	0x1010,0x1010,0x1010,0x1010,0x1010,0x1010,0x1010,0x1010,
	0x1010,0x1010,0x1010,0x1010,0x1010,0x1010,0x1010,0x1010,

	0x1010,0x1010,0x1010,0x1010,0x1010,0x1010,0x1010,0x1010,
	0x1010,0x1010,0x1010,0x1010,0x1010,0x1010,0x1010,0x1010,
	0x1010,0x1010,0x1010,0x1010,0x1010,0x1010,0x1010,0x1010,
	0x1010,0x1010,0x1010,0x1010,0x1010,0x1010,0x1010,0x1010,
	0x1010,0x1010,0x1010,0x1010,0x1010,0x1010,0x1010,0x1010,
	0x1010,0x1010,0x1010,0x1010,0x1010,0x1010,0x1010,0x1010,
	0x1010,0x1010,0x1010,0x1010,0x1010,0x1010,0x1010,0x1010,
	0x1010,0x1010,0x1010,0x1010,0x1010,0x1010,0x1010,0x1010,

	0x1010,0x1010,0x1010,0x1010,0x1010,0x1010,0x1010,0x1010,
	0x1010,0x1010,0x1010,0x1010,0x1010,0x1010,0x1010,0x1010,
	0x1010,0x1010,0x1010,0x1010,0x1010,0x1010,0x1010,0x1010,
	0x1010,0x1010,0x1010,0x1010,0x1010,0x1010,0x1010,0x1010,
	0x1010,0x1010,0x1010,0x1010,0x1010,0x1010,0x1010,0x1010,
	0x1010,0x1010,0x1010,0x1010,0x1010,0x1010,0x1010,0x1010,
	0x1010,0x1010,0x1010,0x1010,0x1010,0x1010,0x1010,0x1010,
	0x1010,0x1010,0x1010,0x1010,0x1010,0x1010,0x1010,0x1010,

	0x1010,0x1010,0x1010,0x1010,0x1010,0x1010,0x1010,0x1010,
	0x1010,0x1010,0x1010,0x1010,0x1010,0x1010,0x1010,0x1010,
	0x1010,0x1010,0x1010,0x1010,0x1010,0x1010,0x1010,0x1010,
	0x1010,0x1010,0x1010,0x1010,0x1010,0x1010,0x1010,0x1010,
	0x1010,0x1010,0x1010,0x1010,0x1010,0x1010,0x1010,0x1010,
	0x1010,0x1010,0x1010,0x1010,0x1010,0x1010,0x1010,0x1010,
	0x1010,0x1010,0x1010,0x1010,0x1010,0x1010,0x1010,0x1010,
	0x1010,0x1010,0x1010,0x1010,0x1010,0x1010,0x1010,0x1010,

	0x1010,0x1010,0x1010,0x1010,0x1010,0x1010,0x1010,0x1010,
	0x1010,0x1010,0x1010,0x1010,0x1010,0x1010,0x1010,0x1010,
	0x1010,0x1010,0x1010,0x1010,0x1010,0x1010,0x1010,0x1010,
	0x1010,0x1010,0x1010,0x1010,0x1010,0x1010,0x1010,0x1010,
	0x1010,0x1010,0x1010,0x1010,0x1010,0x1010,0x1010,0x1010,
	0x1010,0x1010,0x1010,0x1010,0x1010,0x1010,0x1010,0x1010,
	0x1010,0x1010,0x1010,0x1010,0x1010,0x1010,0x1010,0x1010,
	0x1010,0x1010,0x1010,0x1010,0x1010,0x1010,0x1010,0x1010,

	0x1010,0x1010,0x1010,0x1010,0x1010,0x1010,0x1010,0x1010,
	0x1010,0x1010,0x1010,0x1010,0x1010,0x1010,0x1010,0x1010,
	0x1010,0x1010,0x1010,0x1010,0x1010,0x1010,0x1010,0x1010,
	0x1010,0x1010,0x1010,0x1010,0x1010,0x1010,0x1010,0x1010,
	0x1010,0x1010,0x1010,0x1010,0x1010,0x1010,0x1010,0x1010,
	0x1010,0x1010,0x1010,0x1010,0x1010,0x1010,0x1010,0x1010,
	0x1010,0x1010,0x1010,0x1010,0x1010,0x1010,0x1010,0x1010,
	0x1010,0x1010,0x1010,0x1010,0x1010,0x1010,0x1010,0x1010,

	0x1010,0x1010,0x1010,0x1010,0x1010,0x1010,0x1010,0x1010,
	0x1010,0x1010,0x1010,0x1010,0x1010,0x1010,0x1010,0x1010,
	0x1010,0x1010,0x1010,0x1010,0x1010,0x1010,0x1010,0x1010,
	0x1010,0x1010,0x1010,0x1010,0x1010,0x1010,0x1010,0x1010,
	0x1010,0x1010,0x1010,0x1010,0x1010,0x1010,0x1010,0x1010,
	0x1010,0x1010,0x1010,0x1010,0x1010,0x1010,0x1010,0x1010,
	0x1010,0x1010,0x1010,0x1010,0x1010,0x1010,0x1010,0x1010,
	0x1010,0x1010,0x1010,0x1410,0x1010,0x1010,0x1010,0x1F10,

	0x1010,0x1010,0x1010,0x1010,0x1010,0x1010,0x1010,0x1010,
	0x1010,0x1010,0x1010,0x1010,0x1010,0x1010,0x1010,0x1010,
	0x1010,0x1010,0x1010,0x1010,0x1010,0x1010,0x1010,0x1010,
	0x1F1F,0x171F,0x1717,0x1F1F,0x1F1F,0x1F1F,0x1F1F,0x1F1F,
	0x1010,0x1010,0x1010,0x1F17,0x1010,0x1010,0x1010,0x1F1F,
	0x1010,0x1010,0x1010,0x1F1F,0x1010,0x1010,0x1010,0x1F1F,
	0x1410,0x1F1F,0x1F1F,0x1F1F,0x1C10,0x1F1F,0x1F1F,0x1F1F,
	0x1F1F,0x1F1F,0x1F1F,0x1F1F,0x1F1F,0x1F1F,0x1F1F,0x1F1F,

	0x1F1F,0x1F1F,0x1F1F,0x1F1F,0x1F1F,0x1F1F,0x1F1F,0x1F1F,
	0x1F1F,0x1F1F,0x1F1F,0x1F1F,0x1F1F,0x1F1F,0x1F1F,0x1F1F,
	0x1F1F,0x1F1F,0x1F1F,0x1F1F,0x1F1F,0x1F1F,0x1F1F,0x1F1F,
	0x1F1F,0x1F1F,0x1F1F,0x1F1F,0x1F1F,0x1F1F,0x1F1F,0x1F1F,
	0x1F1F,0x1F1F,0x1F1F,0x1012,0x1F1F,0x1F1F,0x1F1F,0x1017,
	0x1F1F,0x1F1F,0x1F1F,0x101F,0x1F1F,0x1F1F,0x1F1F,0x101F,
	0x1F1F,0x1F1F,0x1F1F,0x101F,0x1F1F,0x1F1F,0x1F1F,0x101F,
	0x1F1F,0x1F1F,0x1F1F,0x1F1F,0x1F1F,0x1F1F,0x1F1F,0x1F1F,

	0x1010,0x1010,0x1010,0x1010,0x1010,0x1010,0x1010,0x1010,
	0x1010,0x1010,0x1010,0x1010,0x1010,0x1010,0x1010,0x1010,
	0x1010,0x1010,0x1010,0x1010,0x1010,0x1010,0x1010,0x1010,
	0x1F1F,0x1F1F,0x1F1F,0x1017,0x1F1F,0x1F1F,0x1F1F,0x101F,
	0x1010,0x1010,0x1010,0x1010,0x1010,0x1010,0x1010,0x1010,
	0x1010,0x1010,0x1010,0x1010,0x1010,0x1010,0x1010,0x1010,
	0x1010,0x1010,0x1010,0x1010,0x1010,0x1010,0x1010,0x1010,
	0x1010,0x1010,0x1010,0x1010,0x1010,0x1010,0x1010,0x1010,

	0x1010,0x1010,0x1010,0x1010,0x1010,0x1010,0x1010,0x1010,
	0x1010,0x1010,0x1010,0x1010,0x1010,0x1010,0x1010,0x1010,
	0x1010,0x1010,0x1010,0x1010,0x1010,0x1010,0x1010,0x1010,
	0x1010,0x1010,0x1010,0x1010,0x1010,0x1010,0x1010,0x1010,
	0x1010,0x1010,0x1010,0x1010,0x1010,0x1010,0x1010,0x1010,
	0x1010,0x1010,0x1010,0x1010,0x1010,0x1010,0x1010,0x1010,
	0x1010,0x1010,0x1010,0x1010,0x1010,0x1010,0x1010,0x1010,
	0x1010,0x1010,0x1010,0x1010,0x1010,0x1010,0x1010,0x1010,

	0x1010,0x1010,0x1515,0x1515,0x1010,0x1010,0x1810,0x1515,
	0x1010,0x1010,0x1010,0x1510,0x1010,0x1010,0x1010,0x1010,
	0x1010,0x1010,0x1010,0x1010,0x1010,0x1010,0x1010,0x1010,
	0x1010,0x1010,0x1010,0x1010,0x1010,0x1010,0x1010,0x1010,
	0x1515,0x1515,0x1010,0x1010,0x1515,0x1515,0x1010,0x1010,
	0x1515,0x1015,0x1010,0x1010,0x1813,0x1010,0x1010,0x1010,
	0x1010,0x1010,0x1010,0x1010,0x1010,0x1010,0x1010,0x1010,
	0x1010,0x1010,0x1010,0x1010,0x1010,0x1010,0x1010,0x1010,

	0x1010,0x1010,0x1010,0x1010,0x1010,0x1010,0x1010,0x1010,
	0x1010,0x1010,0x1010,0x1010,0x1010,0x1010,0x1010,0x1010,
	0x1010,0x1010,0x1010,0x1010,0x1010,0x1010,0x1010,0x1010,
	0x1010,0x1010,0x1010,0x1010,0x1010,0x1010,0x1010,0x1010,
	0x1010,0x1010,0x1010,0x1010,0x1010,0x1010,0x1010,0x1010,
	0x1010,0x1010,0x1010,0x1010,0x1010,0x1010,0x1010,0x1010,
	0x1010,0x1010,0x1010,0x1010,0x1010,0x1010,0x1010,0x1010,
	0x1010,0x1010,0x1010,0x1010,0x1010,0x1010,0x1010,0x1010,

	0x1010,0x1717,0x1717,0x1717,0x1010,0x171B,0x1717,0x1717,
	0x1010,0x1010,0x1010,0x171F,0x1010,0x1010,0x1010,0x1010,
	0x1010,0x1010,0x1010,0x1010,0x1010,0x1010,0x1010,0x1010,
	0x1010,0x1010,0x1010,0x1010,0x1010,0x1010,0x1010,0x1010,
	0x1717,0x1717,0x1717,0x1717,0x1717,0x1717,0x1717,0x1717,
	0x1717,0x1717,0x1C17,0x1717,0x1010,0x1010,0x1010,0x1010,
	0x1010,0x1010,0x1010,0x1010,0x1010,0x1010,0x1010,0x1010,
	0x1010,0x1010,0x1010,0x1010,0x1010,0x1010,0x1010,0x1010,

	0x1717,0x1717,0x1717,0x1717,0x1717,0x1717,0x1717,0x1717,
	0x1717,0x1717,0x1717,0x1717,0x1619,0x1717,0x1717,0x1717,
	0x1010,0x1010,0x1010,0x1010,0x1010,0x1010,0x1010,0x1010,
	0x1010,0x1010,0x1010,0x1010,0x1010,0x1010,0x1010,0x1010,
	0x1717,0x1717,0x1717,0x1717,0x1717,0x1717,0x1717,0x1717,
	0x1717,0x1717,0x1717,0x1717,0x1717,0x1617,0x1616,0x1C1B,
	0x1010,0x1010,0x1010,0x1010,0x1010,0x1010,0x1010,0x1010,
	0x1010,0x1010,0x1010,0x1010,0x1010,0x1010,0x1010,0x1010,

	0x1717,0x1717,0x1717,0x101F,0x101C,0x1010,0x1010,0x1010,
	0x1016,0x1010,0x1010,0x1010,0x1010,0x1010,0x1010,0x1010,
	0x1010,0x1010,0x1010,0x1010,0x1010,0x1010,0x1010,0x1010,
	0x1010,0x1010,0x1010,0x1010,0x1010,0x1010,0x1010,0x1010,
	0x1010,0x1010,0x1010,0x1010,0x1010,0x1010,0x1010,0x1010,
	0x1010,0x1010,0x1010,0x1010,0x1010,0x1010,0x1010,0x1010,
	0x1010,0x1010,0x1010,0x1010,0x1010,0x1010,0x1010,0x1010,
	0x1010,0x1010,0x1010,0x1010,0x1010,0x1010,0x1010,0x1010,

	0x1010,0x1010,0x1010,0x1010,0x1010,0x1010,0x1010,0x1010,
	0x1010,0x1010,0x1010,0x1010,0x1010,0x1010,0x1010,0x1010,
	0x1010,0x1010,0x1010,0x1010,0x1010,0x1010,0x1010,0x1010,
	0x1010,0x1010,0x1010,0x1010,0x1010,0x1010,0x1010,0x1010,
	0x1010,0x1010,0x1010,0x1010,0x1010,0x1010,0x1010,0x1010,
	0x1010,0x1010,0x1010,0x1010,0x1010,0x1010,0x1010,0x1010,
	0x1010,0x1010,0x1010,0x1010,0x1010,0x1010,0x1010,0x1010,
	0x1010,0x1010,0x1010,0x1010,0x1010,0x1010,0x1010,0x1010,

	0x1010,0x1010,0x1010,0x1010,0x1010,0x1010,0x1010,0x1010,
	0x1010,0x1010,0x1010,0x1010,0x1010,0x1010,0x1010,0x1010,
	0x1010,0x1010,0x1010,0x1010,0x1010,0x1010,0x1010,0x1010,
	0x1010,0x1010,0x1010,0x1010,0x1010,0x1010,0x1010,0x1010,
	0x1010,0x1010,0x1010,0x1010,0x1010,0x1010,0x1010,0x1010,
	0x1010,0x1010,0x1010,0x1010,0x1010,0x1010,0x1010,0x1010,
	0x1010,0x1010,0x1010,0x1010,0x1010,0x1010,0x1010,0x1010,
	0x1010,0x1010,0x1010,0x1010,0x1010,0x1010,0x1010,0x1010,

	0x1010,0x1010,0x1010,0x1010,0x1010,0x1010,0x1010,0x1010,
	0x1010,0x1010,0x1010,0x1010,0x1010,0x1010,0x1010,0x1010,
	0x1010,0x1010,0x1010,0x1010,0x1010,0x1010,0x1010,0x1010,
	0x1010,0x1010,0x1010,0x1010,0x1010,0x1010,0x1010,0x1010,
	0x1010,0x1010,0x1010,0x1010,0x1010,0x1010,0x1010,0x1010,
	0x1010,0x1010,0x1010,0x1010,0x1010,0x1010,0x1010,0x1010,
	0x1010,0x1010,0x1010,0x1010,0x1010,0x1010,0x1010,0x1010,
	0x1010,0x1010,0x1010,0x1010,0x1010,0x1010,0x1010,0x1010,

	0x1010,0x1010,0x1010,0x1010,0x1010,0x1010,0x1010,0x1010,
	0x1010,0x1010,0x1010,0x1010,0x1010,0x1010,0x1010,0x1010,
	0x1010,0x1010,0x1010,0x1010,0x1010,0x1010,0x1010,0x1010,
	0x1010,0x1010,0x1010,0x1010,0x1010,0x1010,0x1010,0x1010,
	0x1010,0x1010,0x1010,0x1010,0x1010,0x1010,0x1010,0x1010,
	0x1010,0x1010,0x1010,0x1010,0x1010,0x1010,0x1010,0x1010,
	0x1010,0x1010,0x1010,0x1010,0x1010,0x1010,0x1010,0x1010,
	0x1010,0x1010,0x1010,0x1010,0x1010,0x1010,0x1010,0x1010,

	0x1010,0x1010,0x1010,0x1010,0x1010,0x1010,0x1010,0x1010,
	0x1010,0x1010,0x1010,0x1010,0x1010,0x1010,0x1010,0x1010,
	0x1010,0x1010,0x1010,0x1010,0x1010,0x1010,0x1010,0x1010,
	0x1010,0x1010,0x1010,0x1010,0x1010,0x1010,0x1010,0x1010,
	0x1010,0x1010,0x1010,0x1010,0x1010,0x1010,0x1010,0x1010,
	0x1010,0x1010,0x1010,0x1010,0x1010,0x1010,0x1010,0x1010,
	0x1010,0x1010,0x1010,0x1010,0x1010,0x1010,0x1010,0x1010,
	0x1010,0x1010,0x1010,0x1010,0x1010,0x1010,0x1010,0x1010,

	0x1010,0x1010,0x1010,0x1010,0x1010,0x1010,0x1010,0x1010,
	0x1010,0x1010,0x1010,0x1010,0x1010,0x1010,0x1010,0x1010,
	0x1010,0x1010,0x1010,0x1010,0x1010,0x1010,0x1010,0x1010,
	0x1010,0x1010,0x1114,0x1B1B,0x1010,0x1010,0x1F1F,0x1F1F,
	0x1010,0x1010,0x1010,0x1010,0x1010,0x1010,0x1719,0x1F1F,
	0x1010,0x1010,0x1F17,0x1F1F,0x1010,0x1010,0x1F17,0x1F1F,
	0x1010,0x1410,0x1F1F,0x1F1F,0x1010,0x1F1F,0x1F1F,0x1F1F,
	0x1B1B,0x1F1F,0x1F1F,0x1F1F,0x1F1F,0x1F1F,0x1F1F,0x1F1F,

	0x1010,0x1010,0x1F1F,0x1F1F,0x1F1F,0x1F1F,0x1F1F,0x1F1F,
	0x1F1F,0x1F1F,0x1F1F,0x1F1F,0x1F1F,0x1F1F,0x1F1F,0x1F1F,
	0x1F1F,0x1F1F,0x1F1F,0x1F1F,0x1F1F,0x1F1F,0x1F1F,0x1F1F,
	0x1F1F,0x1F1F,0x1F1F,0x1F1F,0x1F1F,0x1F1F,0x1F1F,0x1F1F,
	0x1F1F,0x1F1F,0x1F1F,0x1F1F,0x1F1F,0x1F1F,0x1F1F,0x1F1F,
	0x1F1F,0x1F1F,0x1F1F,0x1F1F,0x1F1F,0x1F1F,0x1F1F,0x1F1F,
	0x1F1F,0x1F1F,0x1F1F,0x1F1F,0x1F1F,0x1F1F,0x1F1F,0x1F1F,
	0x1F1F,0x1F1F,0x1F1F,0x1F1F,0x1F1F,0x1F1F,0x1F1F,0x1F1F,

	0x1F1F,0x1F1F,0x1F1F,0x1F1F,0x1F1F,0x1F1F,0x1F1F,0x1F1F,
	0x1F1F,0x1F1F,0x1F1F,0x1F1F,0x1F1F,0x1F1F,0x1F1F,0x1F1F,
	0x1F1F,0x1F1F,0x1F1F,0x1F1F,0x1F1F,0x1F1F,0x1F1F,0x1F1F,
	0x1F1F,0x1F1F,0x1F1F,0x1F1F,0x1F1F,0x1F1F,0x1F1F,0x1F1F,
	0x1F1F,0x1F1F,0x1F1F,0x1F1F,0x1F1F,0x1F1F,0x1F1F,0x1F1F,
	0x1F1F,0x1F1F,0x1F1F,0x1F1F,0x1F1F,0x1F1F,0x1F1F,0x1F1F,
	0x1F1F,0x1F1F,0x1F1F,0x1F1F,0x1F1F,0x1F1F,0x1F1F,0x1F1F,
	0x1F1F,0x1F1F,0x1F1F,0x1F1F,0x1F1F,0x1F1F,0x1F1F,0x1F1F,

	0x1F1F,0x1F1F,0x1F1F,0x1F1F,0x1F1F,0x1F1F,0x1F1F,0x1F1F,
	0x1F1F,0x1F1F,0x1F1F,0x1F1F,0x1F1F,0x1F1F,0x1F1F,0x1F1F,
	0x1F1F,0x1F1F,0x1F1F,0x1F1F,0x1F1F,0x1F1F,0x1F1F,0x1F1F,
	0x1F1F,0x1F1F,0x1F1F,0x1F1F,0x1717,0x1717,0x1717,0x1717,
	0x1F1F,0x1F1F,0x1F1F,0x1F1F,0x1F1F,0x1F1F,0x1F1F,0x1F1F,
	0x1F1F,0x1F1F,0x1F1F,0x1F1F,0x1F1F,0x1F1F,0x1F1F,0x1F1F,
	0x1F1F,0x1F1F,0x1F1F,0x1F1F,0x1F1F,0x1F1F,0x1F1F,0x1F1F,
	0x171F,0x1717,0x1717,0x1717,0x1717,0x1717,0x1717,0x1717,

	0x1515,0x1515,0x1515,0x1515,0x1813,0x1515,0x1515,0x1515,
	0x1813,0x1515,0x1515,0x1515,0x1813,0x1515,0x1515,0x1515,
	0x1513,0x1515,0x1515,0x1515,0x1813,0x1515,0x1515,0x1515,
	0x1313,0x1818,0x1818,0x1818,0x1313,0x1313,0x1313,0x1313,
	0x1515,0x1515,0x1515,0x1515,0x1515,0x1515,0x1515,0x1515,
	0x1515,0x1515,0x1515,0x1515,0x1515,0x1515,0x1515,0x1515,
	0x1515,0x1515,0x1515,0x1515,0x1515,0x1515,0x1515,0x1515,
	0x1515,0x1515,0x1515,0x1515,0x1518,0x1515,0x1515,0x1515,

	0x1515,0x1A15,0x171C,0x1717,0x1515,0x1A15,0x1717,0x1717,
	0x1515,0x1A15,0x1717,0x1717,0x1515,0x1A15,0x1D1D,0x1616,
	0x1515,0x1515,0x1515,0x1E1E,0x1515,0x1515,0x1515,0x1515,
	0x1515,0x1515,0x1515,0x1515,0x1515,0x1515,0x1515,0x1515,
	0x1717,0x1717,0x1717,0x1717,0x1717,0x1717,0x1717,0x1717,
	0x1717,0x1717,0x1717,0x1717,0x1C16,0x1717,0x1717,0x1717,
	0x1A1E,0x1716,0x1717,0x1717,0x1E15,0x171D,0x1717,0x1717,
	0x1E15,0x1716,0x1717,0x1717,0x1E15,0x1716,0x1717,0x1717,

	0x1717,0x1F1F,0x1F1F,0x1F1F,0x1717,0x1F17,0x1F1F,0x1F1F,
	0x1717,0x1717,0x1F1F,0x1F1F,0x1717,0x1717,0x1F1F,0x1F1F,
	0x1717,0x1717,0x1717,0x1717,0x1717,0x1717,0x1717,0x1717,
	0x1717,0x1717,0x1717,0x1717,0x1717,0x1717,0x1717,0x1717,
	0x1F1F,0x1F1F,0x1F1F,0x1F1F,0x1F1F,0x1F1F,0x1F1F,0x1F1F,
	0x1F1F,0x1F1F,0x1F1F,0x1F1F,0x1F1F,0x1F1F,0x1F1F,0x1F1F,
	0x1717,0x1F1F,0x1F1F,0x1F1F,0x1717,0x1F1F,0x1F1F,0x1F1F,
	0x1717,0x1F1F,0x1F1F,0x1F1F,0x1717,0x1717,0x1F1F,0x1F1F,

	0x1F1F,0x1F1F,0x1F1F,0x1F1F,0x1F1F,0x1F1F,0x1F1F,0x1F1F,
	0x1F1F,0x1F1F,0x1F1F,0x1F1F,0x1F1F,0x1F1F,0x1F1F,0x1F1F,
	0x1F1F,0x1F1F,0x1F1F,0x1F1F,0x1F1F,0x1F1F,0x1F1F,0x1F1F,
	0x1F1F,0x1F1F,0x1F1F,0x1F1F,0x1F1F,0x1F1F,0x1F1F,0x1F1F,
	0x1F1F,0x1F1F,0x1F1F,0x1F1F,0x1F1F,0x1F1F,0x1F1F,0x1F1F,
	0x1F1F,0x1F1F,0x1F1F,0x1F1F,0x1F1F,0x1F1F,0x1F1F,0x1F1F,
	0x1F1F,0x1F1F,0x1F1F,0x1F1F,0x1F1F,0x1F1F,0x1F1F,0x1F1F,
	0x1F1F,0x1F1F,0x1F1F,0x1F1F,0x1F1F,0x1F1F,0x1F1F,0x1F1F,

	0x171F,0x1019,0x1010,0x1010,0x1F1F,0x121F,0x1010,0x1010,
	0x1F1F,0x171F,0x1010,0x1010,0x1F1F,0x1F1F,0x1010,0x1010,
	0x1F1F,0x1F1F,0x1010,0x1010,0x1F1F,0x1F1F,0x1010,0x1010,
	0x1F1F,0x1F1F,0x1F1F,0x1F1F,0x1F1F,0x1F1F,0x1F1F,0x1F1F,
	0x1010,0x1010,0x1010,0x1010,0x1010,0x1010,0x1010,0x1010,
	0x1010,0x1010,0x1010,0x1010,0x1010,0x1010,0x1010,0x1010,
	0x1010,0x1010,0x1010,0x1010,0x1010,0x1010,0x1010,0x1010,
	0x1F1F,0x101C,0x1010,0x1010,0x1F1F,0x101F,0x1010,0x1010,

	0x1010,0x1010,0x1010,0x1010,0x1010,0x1010,0x1010,0x1010,
	0x1010,0x1010,0x1010,0x1010,0x1010,0x1010,0x1010,0x1010,
	0x1010,0x1010,0x1010,0x1010,0x1010,0x1010,0x1010,0x1010,
	0x1010,0x1010,0x1010,0x1010,0x1010,0x1010,0x1010,0x1010,
	0x1010,0x1010,0x1010,0x1010,0x1010,0x1010,0x1010,0x1010,
	0x1010,0x1010,0x1010,0x1010,0x1010,0x1010,0x1010,0x1010,
	0x1010,0x1010,0x1010,0x1010,0x1010,0x1010,0x1010,0x1010,
	0x1010,0x1010,0x1010,0x1010,0x1010,0x1010,0x1010,0x1010,

	0x1010,0x1010,0x1010,0x1010,0x1010,0x1010,0x1010,0x1010,
	0x1010,0x1010,0x1010,0x1010,0x1010,0x1010,0x1010,0x1010,
	0x1010,0x1010,0x1010,0x1010,0x1010,0x1010,0x1010,0x1010,
	0x1010,0x1010,0x1010,0x1010,0x1010,0x1010,0x1010,0x1010,
	0x1010,0x1010,0x1010,0x1010,0x1010,0x1010,0x1010,0x1010,
	0x1010,0x1010,0x1010,0x1010,0x1010,0x1010,0x1010,0x1010,
	0x1010,0x1010,0x1010,0x1010,0x1010,0x1010,0x1010,0x1010,
	0x1010,0x1010,0x1010,0x1010,0x1010,0x1010,0x1010,0x1010,

	0x1010,0x1010,0x1010,0x1010,0x1010,0x1010,0x1010,0x1010,
	0x1010,0x1010,0x1010,0x1010,0x1010,0x1010,0x1010,0x1714,
	0x1010,0x1010,0x1010,0x1F1F,0x1010,0x1010,0x1010,0x1F1F,
	0x1010,0x1010,0x1010,0x1F1F,0x1010,0x1010,0x1010,0x1F1F,
	0x1010,0x1010,0x1010,0x1010,0x1010,0x1010,0x1010,0x1010,
	0x1010,0x1010,0x1010,0x1010,0x1F1F,0x1F1F,0x1F1F,0x1F1F,
	0x1F1F,0x1F1F,0x1F1F,0x1F1F,0x1F1F,0x1F1F,0x1F1F,0x1F1F,
	0x1F1F,0x1F1F,0x1F1F,0x1F1F,0x1F1F,0x1F1F,0x1F1F,0x1F1F,

	0x1010,0x1010,0x1010,0x1010,0x1010,0x1010,0x1010,0x1010,
	0x1010,0x1010,0x1010,0x1010,0x1F1F,0x1F1F,0x1F17,0x1019,
	0x1F1F,0x1F1F,0x1F1F,0x1F1F,0x1F1F,0x1F1F,0x1F1F,0x1F1F,
	0x1F1F,0x1F1F,0x1F1F,0x1F1F,0x1F1F,0x1F1F,0x1F1F,0x1F1F,
	0x1010,0x1010,0x1010,0x1010,0x1010,0x1010,0x1010,0x1010,
	0x1010,0x1010,0x1010,0x1010,0x1010,0x1010,0x1010,0x1010,
	0x1F1F,0x1F1F,0x1F1F,0x1F1F,0x1F1F,0x1F1F,0x1F1F,0x1F1F,
	0x1F1F,0x1F1F,0x1F1F,0x1F1F,0x1F1F,0x1F1F,0x1F1F,0x1F1F,

	0x1010,0x1010,0x1010,0x1010,0x1010,0x1010,0x1010,0x1010,
	0x1010,0x1010,0x1010,0x1010,0x1010,0x1010,0x1010,0x1010,
	0x101B,0x1010,0x1010,0x1010,0x1F1F,0x1F1F,0x1F1F,0x1F1F,
	0x1F1F,0x1F1F,0x1F1F,0x1F1F,0x1F1F,0x1F1F,0x1F1F,0x1F1F,
	0x1010,0x1010,0x1010,0x1010,0x1010,0x1010,0x1010,0x1010,
	0x1010,0x1010,0x1010,0x1010,0x1010,0x1010,0x1010,0x1010,
	0x1010,0x1010,0x1010,0x1010,0x1F1F,0x1417,0x1010,0x1010,
	0x1F1F,0x1F1F,0x1F1F,0x1F1F,0x1F1F,0x1F1F,0x1F1F,0x1F1F,

	0x1010,0x1010,0x1010,0x1010,0x1010,0x1010,0x1010,0x1010,
	0x1010,0x1010,0x1010,0x1010,0x1010,0x1010,0x1010,0x1010,
	0x1010,0x1010,0x1010,0x1010,0x1010,0x1010,0x1010,0x1010,
	0x1F1F,0x1F1F,0x1F1F,0x1F1F,0x1F1F,0x1F1F,0x1F1F,0x1F1F,
	0x1010,0x1010,0x1010,0x1010,0x1010,0x1010,0x1010,0x1010,
	0x1010,0x1010,0x1010,0x1010,0x1010,0x1010,0x1010,0x1010,
	0x1010,0x1010,0x1010,0x1010,0x1010,0x1714,0x1F1F,0x1F1F,
	0x1F1F,0x1F1F,0x1F1F,0x1F1F,0x1F1F,0x1F1F,0x1F1F,0x1F1F,

	0x1010,0x1010,0x1010,0x1010,0x1010,0x1010,0x1010,0x1010,
	0x1010,0x1010,0x1010,0x1010,0x1010,0x1010,0x1010,0x1010,
	0x1010,0x1010,0x1010,0x1010,0x1F1F,0x1F1F,0x1F1F,0x1F1F,
	0x1F1F,0x1F1F,0x1F1F,0x1F1F,0x1F1F,0x1F1F,0x1F1F,0x1F1F,
	0x1010,0x1010,0x1010,0x1010,0x1010,0x1010,0x1010,0x1010,
	0x1010,0x1010,0x1010,0x1010,0x1010,0x1010,0x1010,0x1010,
	0x1010,0x1010,0x1010,0x1010,0x1C1F,0x1010,0x1010,0x1010,
	0x1F1F,0x1F1F,0x1F1F,0x1F1F,0x1F1F,0x1F1F,0x1F1F,0x1F1F,

	0x1010,0x1010,0x1010,0x1010,0x1010,0x1010,0x1010,0x1010,
	0x1010,0x1010,0x1010,0x1010,0x1010,0x1010,0x1010,0x1010,
	0x1010,0x1010,0x1010,0x1010,0x1010,0x1010,0x1010,0x1010,
	0x1F1F,0x1F1F,0x1F1F,0x1F1F,0x1F1F,0x1F1F,0x1F1F,0x1F1F,
	0x1010,0x1010,0x1010,0x1010,0x1010,0x1010,0x1010,0x1010,
	0x1010,0x1010,0x1010,0x1010,0x1010,0x1010,0x1010,0x1010,
	0x1010,0x1010,0x1010,0x1010,0x1010,0x1010,0x1010,0x1010,
	0x1019,0x1010,0x1010,0x1010,0x101F,0x1010,0x1010,0x1010,

	0x1010,0x1010,0x1010,0x1010,0x1010,0x1010,0x1010,0x1010,
	0x1010,0x1010,0x1010,0x1712,0x1010,0x1010,0x1010,0x1F1F,
	0x1010,0x1010,0x1010,0x1F1F,0x1010,0x1010,0x1010,0x1F1F,
	0x1010,0x1010,0x1010,0x1F1F,0x1010,0x1010,0x1010,0x1F1F,
	0x1010,0x1010,0x1010,0x1F10,0x1010,0x1010,0x1010,0x1F10,
	0x1F17,0x1F17,0x1F1F,0x1F1F,0x1F1F,0x1F1F,0x1F1F,0x1F1F,
	0x1F1F,0x1F1F,0x1F1F,0x1F1F,0x1F1F,0x1F1F,0x1F1F,0x1F1F,
	0x1F1F,0x1F1F,0x1F1F,0x1F1F,0x1F1F,0x1F1F,0x1F1F,0x1F1F,

	0x1F1F,0x1F1F,0x1F1F,0x1F1F,0x1F1F,0x1F1F,0x1F1F,0x1F1F,
	0x1F1F,0x1F1F,0x1F1F,0x1F1F,0x1F1F,0x1F1F,0x1F1F,0x1F1F,
	0x1F1F,0x1F1F,0x1F1F,0x1F1F,0x1F1F,0x1F1F,0x1F1F,0x1F1F,
	0x1F1F,0x1F1F,0x1F1F,0x1F1F,0x1F1F,0x1F1F,0x1F1F,0x1F1F,
	0x1F1F,0x1F1F,0x1F1F,0x1F1F,0x1F1F,0x1F1F,0x1F1F,0x1F1F,
	0x1F1F,0x1F1F,0x1F1F,0x1F1F,0x1F1F,0x1F1F,0x1F1F,0x1F1F,
	0x1F1F,0x1F1F,0x1F1F,0x1F1F,0x1F1F,0x1F1F,0x1F1F,0x1F1F,
	0x1F1F,0x1F1F,0x1F1F,0x1F1F,0x1F1F,0x1F1F,0x1F1F,0x1F1F,

	0x1F1F,0x1F1F,0x1F1F,0x1F1F,0x1F1F,0x1F1F,0x1F1F,0x1F1F,
	0x1F1F,0x1F1F,0x1F1F,0x1F1F,0x1F1F,0x1F1F,0x1F1F,0x1F1F,
	0x1F1F,0x1F1F,0x1F1F,0x1F1F,0x1F1F,0x1F1F,0x1F1F,0x1F1F,
	0x1F1F,0x1F1F,0x1F1F,0x1F1F,0x1F1F,0x1F1F,0x1F1F,0x1F1F,
	0x1F1F,0x1F1F,0x1F1F,0x1F1F,0x1F1F,0x1F1F,0x1F1F,0x1F1F,
	0x1F1F,0x1F1F,0x1F1F,0x1F1F,0x1F1F,0x1F1F,0x1F1F,0x1F1F,
	0x1F1F,0x1F1F,0x1F1F,0x1F1F,0x1F1F,0x1F1F,0x1F1F,0x1F1F,
	0x1F1F,0x1F1F,0x1F1F,0x1F1F,0x1F1F,0x1F1F,0x1F1F,0x1F1F,

	0x1F1F,0x1F1F,0x1F1F,0x101F,0x1F1F,0x1F1F,0x1F1F,0x1F1F,
	0x1F1F,0x1F1F,0x1F1F,0x1F1F,0x1F1F,0x1F1F,0x1F1F,0x1F1F,
	0x1F1F,0x1F1F,0x1F1F,0x1F1F,0x1F1F,0x1F1F,0x1F1F,0x1F1F,
	0x1F1F,0x1F1F,0x1F1F,0x1F1F,0x1F1F,0x1F1F,0x1F1F,0x1F1F,
	0x1010,0x1010,0x1010,0x1010,0x1F1F,0x1F1F,0x1F1F,0x1F17,
	0x1F1F,0x1F1F,0x1F1F,0x1F1F,0x1F1F,0x1F1F,0x1F1F,0x1F1F,
	0x1F1F,0x1F1F,0x1F1F,0x1F1F,0x1F1F,0x1F1F,0x1F1F,0x1F1F,
	0x1F1F,0x1F1F,0x1F1F,0x1F1F,0x1F1F,0x1F1F,0x1F1F,0x1F1F,

	0x1010,0x1010,0x1010,0x1010,0x101C,0x1010,0x1010,0x1010,
	0x101F,0x1010,0x1010,0x1010,0x101F,0x1010,0x1010,0x1010,
	0x1F1F,0x1F1F,0x1F1F,0x1F1F,0x1F1F,0x1F1F,0x1F1F,0x1F1F,
	0x1F1F,0x1F1F,0x1F1F,0x1F1F,0x1F1F,0x1F1F,0x1F1F,0x1F1F,
	0x1010,0x1010,0x1010,0x1010,0x1010,0x1010,0x1010,0x1010,
	0x1010,0x1010,0x1010,0x1010,0x1010,0x1010,0x1010,0x1010,
	0x171F,0x1014,0x1010,0x1010,0x1F1F,0x101F,0x1010,0x1010,
	0x1F1F,0x101F,0x1010,0x1010,0x1F1F,0x1F1F,0x1717,0x1717,

	0x1010,0x1010,0x1010,0x1010,0x1010,0x1010,0x1010,0x1010,
	0x1010,0x1010,0x1010,0x1010,0x1010,0x1010,0x1010,0x1010,
	0x1010,0x1010,0x1010,0x1010,0x1010,0x1010,0x1010,0x1010,
	0x1010,0x1010,0x1010,0x1010,0x1717,0x1717,0x1010,0x1010,
	0x1010,0x1010,0x1010,0x1010,0x1010,0x1010,0x1010,0x1010,
	0x1010,0x1010,0x1010,0x1010,0x1010,0x1010,0x1010,0x1010,
	0x1010,0x1010,0x1010,0x1010,0x1010,0x1010,0x1010,0x1010,
	0x1010,0x1010,0x1010,0x1010,0x1010,0x1010,0x1010,0x1010,

	0x1010,0x1010,0x1010,0x1010,0x1010,0x1010,0x1010,0x1010,
	0x1010,0x1010,0x1010,0x1010,0x1010,0x1010,0x1010,0x1010,
	0x1010,0x1010,0x1010,0x1010,0x1010,0x1010,0x1010,0x1010,
	0x1010,0x1010,0x1010,0x1010,0x1010,0x1010,0x1010,0x1010,
	0x1010,0x1010,0x1010,0x1010,0x1010,0x1010,0x1010,0x1010,
	0x1010,0x1010,0x1010,0x1010,0x1010,0x1010,0x1010,0x1010,
	0x1010,0x1010,0x1010,0x1010,0x1010,0x1010,0x1010,0x1010,
	0x1010,0x1010,0x1010,0x1010,0x1010,0x1010,0x1010,0x1010,

	0x1010,0x1010,0x1010,0x1010,0x1010,0x1010,0x1010,0x1010,
	0x1010,0x1010,0x1010,0x1010,0x1010,0x1010,0x1010,0x1010,
	0x1010,0x1010,0x1010,0x1010,0x1010,0x1010,0x1010,0x1010,
	0x1010,0x1010,0x1010,0x1B14,0x1010,0x1010,0x1910,0x1F1F,
	0x1010,0x1010,0x1010,0x1010,0x1010,0x1010,0x1010,0x1010,
	0x1010,0x1010,0x1010,0x1010,0x1010,0x1010,0x1010,0x1010,
	0x1010,0x1010,0x1010,0x1010,0x1010,0x1010,0x1010,0x1010,
	0x1B1B,0x1B1B,0x1B1B,0x1B1B,0x1F1F,0x1F1F,0x1F1F,0x1F1F,

	0x1010,0x1010,0x1010,0x1010,0x1010,0x1010,0x1010,0x1010,
	0x1010,0x1010,0x1010,0x1010,0x1010,0x1010,0x1010,0x1010,
	0x1010,0x1010,0x1010,0x1010,0x1010,0x1010,0x1010,0x1010,
	0x1B1B,0x1B1B,0x1019,0x1010,0x1F1F,0x1F1F,0x1F1F,0x1010,
	0x1010,0x1010,0x1010,0x1010,0x1010,0x1010,0x1010,0x1010,
	0x1010,0x1010,0x1010,0x1010,0x1010,0x1010,0x1010,0x1010,
	0x1010,0x1010,0x1010,0x1010,0x1010,0x1010,0x1010,0x1010,
	0x1010,0x1010,0x1010,0x1010,0x1010,0x1010,0x1010,0x1010,

	0x1010,0x1010,0x1010,0x1010,0x1010,0x1010,0x1010,0x1010,
	0x1010,0x1010,0x1010,0x1010,0x1010,0x1010,0x1010,0x1010,
	0x1010,0x1010,0x1010,0x1010,0x1010,0x1010,0x1010,0x1010,
	0x1010,0x1010,0x1010,0x1010,0x1010,0x1010,0x1010,0x1010,
	0x1010,0x1010,0x1010,0x1010,0x1010,0x1010,0x1010,0x1010,
	0x1010,0x1010,0x1010,0x1010,0x1010,0x1010,0x1010,0x1010,
	0x1010,0x1010,0x1010,0x1010,0x1010,0x1010,0x1010,0x1010,
	0x1010,0x1010,0x1010,0x1010,0x1010,0x1010,0x1010,0x1010,

	0x1010,0x1010,0x1010,0x1010,0x1010,0x1010,0x1010,0x1010,
	0x1010,0x1010,0x1010,0x1010,0x1010,0x1010,0x1010,0x1010,
	0x1010,0x1010,0x1010,0x1010,0x1010,0x1010,0x1010,0x1010,
	0x1010,0x1010,0x1010,0x1010,0x1010,0x1010,0x1010,0x1010,
	0x1010,0x1010,0x1010,0x1010,0x1010,0x1010,0x1010,0x1010,
	0x1010,0x1010,0x1010,0x1010,0x1010,0x1010,0x1010,0x1010,
	0x1010,0x1010,0x1010,0x1010,0x1010,0x1010,0x1010,0x1010,
	0x1010,0x1010,0x1010,0x1010,0x1010,0x1010,0x1010,0x1010,

	0x1010,0x1010,0x1010,0x1010,0x1010,0x1010,0x1010,0x1010,
	0x1010,0x1010,0x1010,0x1010,0x1010,0x1010,0x1010,0x1010,
	0x1010,0x1010,0x1010,0x1010,0x1010,0x1010,0x1010,0x1010,
	0x1010,0x1010,0x1010,0x1010,0x1010,0x1010,0x1010,0x1010,
	0x1010,0x1010,0x1010,0x1010,0x1010,0x1010,0x1010,0x1010,
	0x1010,0x1010,0x1010,0x1010,0x1010,0x1010,0x1010,0x1010,
	0x1010,0x1010,0x1010,0x1010,0x1010,0x1010,0x1010,0x1010,
	0x1010,0x1010,0x1010,0x1010,0x1010,0x1010,0x1010,0x1010,

	0x1010,0x1010,0x1010,0x1010,0x1010,0x1010,0x1010,0x1010,
	0x1010,0x1010,0x1010,0x1010,0x1010,0x1010,0x1010,0x1010,
	0x1010,0x1010,0x1010,0x1010,0x1010,0x1010,0x1010,0x1010,
	0x1010,0x1010,0x1010,0x1010,0x1010,0x1010,0x1010,0x1010,
	0x1010,0x1010,0x1010,0x1010,0x1010,0x1010,0x1010,0x1010,
	0x1010,0x1010,0x1010,0x1010,0x1010,0x1010,0x1010,0x1010,
	0x1010,0x1010,0x1010,0x1010,0x1010,0x1010,0x1010,0x1010,
	0x1010,0x1010,0x1010,0x1010,0x1010,0x1010,0x1010,0x1010,

	0x1010,0x1010,0x1010,0x1010,0x1010,0x1010,0x1010,0x1010,
	0x1010,0x1010,0x1010,0x1010,0x1010,0x1010,0x1010,0x1010,
	0x1010,0x1010,0x1010,0x1010,0x1010,0x1010,0x1010,0x1010,
	0x1010,0x1010,0x1010,0x1010,0x1010,0x1010,0x1010,0x1010,
	0x1010,0x1010,0x1010,0x1010,0x1010,0x1010,0x1010,0x1010,
	0x1010,0x1010,0x1010,0x1010,0x1010,0x1010,0x1010,0x1010,
	0x1010,0x1010,0x1010,0x1010,0x1010,0x1010,0x1010,0x1010,
	0x1010,0x1010,0x1010,0x1010,0x1010,0x1010,0x1010,0x1010,

	0x1010,0x1010,0x1010,0x1010,0x1010,0x1010,0x1010,0x1010,
	0x1010,0x1010,0x1010,0x1010,0x1010,0x1010,0x1010,0x1010,
	0x1010,0x1010,0x1010,0x1010,0x1010,0x1010,0x1010,0x1010,
	0x1010,0x1010,0x1010,0x1010,0x1010,0x1010,0x1010,0x1010,
	0x1010,0x1010,0x1010,0x1010,0x1010,0x1010,0x1010,0x1010,
	0x1010,0x1010,0x1010,0x1010,0x1010,0x1010,0x1010,0x1010,
	0x1010,0x1010,0x1010,0x1010,0x1010,0x1010,0x1010,0x1010,
	0x1010,0x1010,0x1010,0x1010,0x1010,0x1010,0x1410,0x1F1F,

	0x1010,0x1910,0x1F1F,0x1F1F,0x1010,0x1110,0x1F1F,0x1F1F,
	0x1C10,0x1F1F,0x1F1F,0x1F1F,0x1710,0x1F1F,0x1F1F,0x1F1F,
	0x1F10,0x1F1F,0x1F1F,0x1F1F,0x1F10,0x1F1F,0x1F1F,0x1F1F,
	0x1F10,0x1F1F,0x1F1F,0x1F1F,0x1F1F,0x1F1F,0x1F1F,0x1F1F,
	0x1F1F,0x1F1F,0x1F1F,0x1F1F,0x1F1F,0x1F1F,0x1F1F,0x1F1F,
	0x1F1F,0x1F1F,0x1F1F,0x1F1F,0x1F1F,0x1F1F,0x1F1F,0x1F1F,
	0x1F1F,0x1F1F,0x1F1F,0x1F1F,0x1F1F,0x1F1F,0x1F1F,0x1F1F,
	0x1F1F,0x1F1F,0x1F1F,0x1F1F,0x1F1F,0x1F1F,0x1F1F,0x1F1F,

	0x1F1F,0x1F1F,0x1F1F,0x1F1F,0x1F1F,0x1F1F,0x1F1F,0x1F1F,
	0x1F1F,0x1F1F,0x1F1F,0x1F1F,0x1F1F,0x1F1F,0x1F1F,0x1F1F,
	0x1F1F,0x1F1F,0x1F1F,0x1F1F,0x1F1F,0x1F1F,0x1F1F,0x1F1F,
	0x1F1F,0x1F1F,0x1F1F,0x1F1F,0x1F1F,0x1F1F,0x1F1F,0x1F1F,
	0x1F1F,0x1F1F,0x1F1F,0x1F1F,0x1F1F,0x1F1F,0x1F1F,0x1F1F,
	0x1F1F,0x1F1F,0x1F1F,0x1F1F,0x1F1F,0x1F1F,0x1F1F,0x1F1F,
	0x1F1F,0x1F1F,0x1F1F,0x1F1F,0x1F1F,0x1F1F,0x1F1F,0x1F1F,
	0x1F1F,0x1F1F,0x1F1F,0x1F1F,0x1F1F,0x1F1F,0x1717,0x1717,

	0x1F1F,0x1F1F,0x1F1F,0x1F1F,0x1F1F,0x1F1F,0x1F1F,0x1717,
	0x1F1F,0x1F1F,0x171F,0x1717,0x1F1F,0x1F1F,0x171F,0x1717,
	0x1F1F,0x171F,0x1717,0x1717,0x1F1F,0x171F,0x1717,0x1717,
	0x1F1F,0x171F,0x1C17,0x171C,0x1717,0x1717,0x1D1C,0x1D1A,
	0x1F1F,0x1F1F,0x1F1F,0x171F,0x1717,0x1717,0x1717,0x1717,
	0x1717,0x1717,0x1717,0x1717,0x1717,0x1717,0x1717,0x1717,
	0x1717,0x1717,0x1717,0x1717,0x1717,0x1717,0x1C17,0x1616,
	0x1717,0x1717,0x1D17,0x1E1A,0x1D1D,0x1D1D,0x1A16,0x1515,

	0x1717,0x1717,0x1717,0x1717,0x1717,0x1717,0x1717,0x1717,
	0x1717,0x1717,0x161C,0x1616,0x1717,0x1717,0x1A16,0x1E1E,
	0x1717,0x1717,0x151D,0x1515,0x1C16,0x171C,0x151A,0x1515,
	0x1A1A,0x1D1A,0x151E,0x1515,0x1515,0x1515,0x1515,0x1515,
	0x161C,0x1616,0x1616,0x1C1C,0x1E16,0x1E1E,0x1E1E,0x1A1A,
	0x151D,0x1515,0x1515,0x1515,0x151E,0x1515,0x1515,0x1515,
	0x1515,0x1515,0x1515,0x1515,0x1515,0x1515,0x1515,0x1515,
	0x1515,0x1515,0x1515,0x1515,0x1515,0x1515,0x1515,0x1515,

	0x1313,0x1313,0x1313,0x1313,0x1313,0x1313,0x1313,0x1313,
	0x1313,0x1313,0x1313,0x1313,0x1313,0x1313,0x1313,0x1313,
	0x1313,0x1313,0x1313,0x1313,0x1313,0x1313,0x1313,0x1313,
	0x1313,0x1313,0x1313,0x1313,0x1313,0x1313,0x1313,0x1313,
	0x1518,0x1515,0x1515,0x1515,0x1813,0x1818,0x1515,0x1515,
	0x1313,0x1313,0x1513,0x1515,0x1313,0x1313,0x1313,0x1518,
	0x1313,0x1313,0x1313,0x1513,0x1313,0x1313,0x1313,0x1513,
	0x1313,0x1313,0x1313,0x1313,0x1313,0x1313,0x1313,0x1313,

	0x1515,0x1515,0x1515,0x1515,0x1515,0x1515,0x1515,0x1515,
	0x1515,0x1515,0x1515,0x1515,0x1515,0x1515,0x1515,0x1515,
	0x1515,0x1515,0x1515,0x1515,0x1515,0x1515,0x1515,0x1515,
	0x1813,0x1818,0x1515,0x1515,0x1313,0x1313,0x1E1A,0x1515,
	0x1E15,0x1D1A,0x1D1D,0x1616,0x1515,0x1515,0x1515,0x1E1E,
	0x1515,0x1515,0x1515,0x1515,0x1515,0x1515,0x1515,0x1515,
	0x1515,0x1515,0x1515,0x1515,0x1515,0x1515,0x1515,0x1E15,
	0x1515,0x1515,0x1515,0x1E15,0x1515,0x1515,0x1515,0x1515,

	0x171C,0x1717,0x1717,0x1717,0x171D,0x1717,0x1717,0x1717,
	0x171D,0x1717,0x1717,0x1717,0x171D,0x1717,0x1717,0x1717,
	0x171D,0x1717,0x1717,0x1717,0x1716,0x1717,0x1717,0x1717,
	0x161D,0x1C1C,0x1717,0x1717,0x1A1E,0x1A1A,0x1C1D,0x1717,
	0x1717,0x1717,0x1F1F,0x1F1F,0x1717,0x1717,0x1717,0x171F,
	0x1717,0x1717,0x1717,0x1717,0x1717,0x1717,0x1717,0x1717,
	0x1717,0x1717,0x1717,0x1717,0x1717,0x1717,0x1717,0x1717,
	0x1717,0x1717,0x1717,0x1717,0x1717,0x1717,0x1717,0x1717,

	0x1F1F,0x1F1F,0x1F1F,0x1F1F,0x1F1F,0x1F1F,0x1F1F,0x1F1F,
	0x1F17,0x1F1F,0x1F1F,0x1F1F,0x1F17,0x1F1F,0x1F1F,0x1F1F,
	0x1F17,0x1F1F,0x1F1F,0x1F1F,0x1F17,0x1F1F,0x1F1F,0x1F1F,
	0x1F17,0x1F1F,0x1F1F,0x1F1F,0x1717,0x1F1F,0x1F1F,0x1F1F,
	0x1F1F,0x1F1F,0x1F1F,0x1F1F,0x1F1F,0x1F1F,0x1F1F,0x1F1F,
	0x1F1F,0x1F1F,0x1F1F,0x1F1F,0x1F1F,0x1F1F,0x1F1F,0x1F1F,
	0x1F1F,0x1F1F,0x1F1F,0x1F1F,0x1F1F,0x1F1F,0x1F1F,0x1F1F,
	0x1F1F,0x1F1F,0x1F1F,0x1F1F,0x1F1F,0x1F1F,0x1F1F,0x1F1F,

	0x1F1F,0x1F1F,0x1F1F,0x1F1F,0x1F1F,0x1F1F,0x1F1F,0x1F1F,
	0x1F1F,0x1F1F,0x1F1F,0x1F1F,0x1F1F,0x1F1F,0x1F1F,0x1F1F,
	0x1F1F,0x1F1F,0x1F1F,0x1F1F,0x1F1F,0x1F1F,0x1F1F,0x1F1F,
	0x1F1F,0x1F1F,0x1F1F,0x1F1F,0x1F1F,0x1F1F,0x1F1F,0x1F1F,
	0x1F1F,0x191F,0x1010,0x1010,0x1F1F,0x111F,0x1010,0x1010,
	0x1F1F,0x1B1F,0x1010,0x1010,0x1F1F,0x1B1F,0x1010,0x1010,
	0x1F1F,0x1B1F,0x1010,0x1010,0x1F1F,0x1B1F,0x1010,0x1010,
	0x1F1F,0x1B1F,0x1010,0x1010,0x1F1F,0x1F1F,0x1F1F,0x1F1F,

	0x1010,0x1010,0x1010,0x1010,0x1010,0x1010,0x1010,0x1010,
	0x1010,0x1010,0x1010,0x1010,0x1010,0x1010,0x1010,0x1010,
	0x1010,0x1010,0x1010,0x1010,0x1010,0x1010,0x1010,0x1010,
	0x1010,0x1010,0x1010,0x1010,0x1017,0x1010,0x1010,0x1010,
	0x1010,0x1010,0x1010,0x1010,0x1010,0x1010,0x1010,0x1010,
	0x1010,0x1010,0x1010,0x1010,0x1010,0x1010,0x1010,0x1010,
	0x1010,0x1010,0x1010,0x1010,0x1010,0x1010,0x1010,0x1010,
	0x1010,0x1010,0x1010,0x1010,0x1010,0x1010,0x1010,0x1010,

	0x1010,0x1010,0x1010,0x1010,0x1010,0x1010,0x1010,0x1010,
	0x1010,0x1010,0x1010,0x1010,0x1010,0x1010,0x1010,0x1010,
	0x1010,0x1010,0x1010,0x1010,0x1010,0x1010,0x1010,0x1010,
	0x1010,0x1010,0x1010,0x1010,0x1010,0x1010,0x1010,0x1010,
	0x1010,0x1010,0x1010,0x1010,0x1010,0x1010,0x1010,0x1010,
	0x1010,0x1010,0x1010,0x1010,0x1010,0x1010,0x1010,0x1010,
	0x1010,0x1010,0x1010,0x1010,0x1010,0x1010,0x1010,0x1010,
	0x1010,0x1010,0x1010,0x1010,0x1010,0x1010,0x1010,0x1010,

	0x1010,0x1010,0x1010,0x1F1F,0x1010,0x1010,0x1010,0x1F1F,
	0x1010,0x1010,0x1010,0x1F1F,0x1010,0x1010,0x1010,0x1F1F,
	0x1010,0x1010,0x1010,0x1F1F,0x1010,0x1010,0x1010,0x1F1F,
	0x1010,0x1010,0x1010,0x1F1F,0x1010,0x1010,0x1010,0x1F1F,
	0x1F1F,0x1F1F,0x1F1F,0x1F1F,0x1F1F,0x1F1F,0x1F1F,0x1F1F,
	0x1F1F,0x1F1F,0x1F1F,0x1F1F,0x1F1F,0x1F1F,0x1F1F,0x1F1F,
	0x1F1F,0x1F1F,0x1F1F,0x1F1F,0x1F1F,0x1F1F,0x1F1F,0x1F1F,
	0x1F1F,0x1F1F,0x1F1F,0x1F1F,0x1F1F,0x1F1F,0x1F1F,0x1F1F,

	0x1F1F,0x1F1F,0x1F1F,0x1F1F,0x1F1F,0x1F1F,0x1F1F,0x1F1F,
	0x1F1F,0x1F1F,0x1F1F,0x1F1F,0x1F1F,0x1F1F,0x1F1F,0x1F1F,
	0x1F1F,0x1F1F,0x1F1F,0x1F1F,0x1F1F,0x1F1F,0x1F1F,0x1F1F,
	0x1F1F,0x1F1F,0x1F1F,0x1F1F,0x1F1F,0x1F1F,0x1F1F,0x1F1F,
	0x1F1F,0x1F1F,0x1F1F,0x1F1F,0x1F1F,0x1F1F,0x1F1F,0x1F1F,
	0x1F1F,0x1F1F,0x1F1F,0x1F1F,0x1F1F,0x1F1F,0x1F1F,0x1F1F,
	0x1F1F,0x1F1F,0x1F1F,0x1F1F,0x1F1F,0x1F1F,0x1F1F,0x1F1F,
	0x1F1F,0x1F1F,0x1F1F,0x1F1F,0x1F1F,0x1F1F,0x1F1F,0x1F1F,

	0x1F1F,0x1F1F,0x1F1F,0x1F1F,0x1F1F,0x1F1F,0x1F1F,0x1F1F,
	0x1F1F,0x1F1F,0x1F1F,0x1F1F,0x1F1F,0x1F1F,0x1F1F,0x1F1F,
	0x1F1F,0x1F1F,0x1F1F,0x1F1F,0x1F1F,0x1F1F,0x1F1F,0x1F1F,
	0x1F1F,0x1F1F,0x1F1F,0x1F1F,0x1F1F,0x1F1F,0x1F1F,0x1F1F,
	0x1F1F,0x1F1F,0x1F1F,0x1F1F,0x1F1F,0x1F1F,0x1F1F,0x1F1F,
	0x1F1F,0x1F1F,0x1F1F,0x1F1F,0x1F1F,0x1F1F,0x1F1F,0x1F1F,
	0x1F1F,0x1F1F,0x1F1F,0x1F1F,0x1F1F,0x1F1F,0x1F1F,0x1F1F,
	0x1F1F,0x1F1F,0x1F1F,0x1F1F,0x1F1F,0x1F1F,0x1F1F,0x1F1F,

	0x1F1F,0x1F1F,0x1F1F,0x1F1F,0x1F1F,0x1F1F,0x1F1F,0x1F1F,
	0x1F1F,0x1F1F,0x1F1F,0x1F1F,0x1F1F,0x1F1F,0x1F1F,0x1F1F,
	0x1F1F,0x1F1F,0x1F1F,0x1F1F,0x1F1F,0x1F1F,0x1F1F,0x1F1F,
	0x1F1F,0x1F1F,0x1F1F,0x1F1F,0x1F1F,0x1F1F,0x1F1F,0x1F1F,
	0x1F1F,0x1F1F,0x1F1F,0x1F1F,0x1F1F,0x1F1F,0x1F1F,0x1F1F,
	0x1F1F,0x1F1F,0x1F1F,0x1F1F,0x1F1F,0x1F1F,0x1F1F,0x1F1F,
	0x1F1F,0x1F1F,0x1F1F,0x1F1F,0x1F1F,0x1F1F,0x1F1F,0x1F1F,
	0x1F1F,0x1F1F,0x1F1F,0x1F1F,0x1F1F,0x1F1F,0x1F1F,0x1F1F,

	0x1F1F,0x1F1F,0x1F1F,0x1F1F,0x1F1F,0x1F1F,0x1F1F,0x1F1F,
	0x1F1F,0x1F1F,0x1F1F,0x1F1F,0x1F1F,0x1F1F,0x1F1F,0x1F1F,
	0x1F1F,0x1F1F,0x1F1F,0x1F1F,0x1F1F,0x1F1F,0x1F1F,0x1F1F,
	0x1F1F,0x1F1F,0x1F1F,0x1F1F,0x1F1F,0x1F1F,0x1F1F,0x1F1F,
	0x1F1F,0x1F1F,0x1F1F,0x1F1F,0x1F1F,0x1F1F,0x1F1F,0x1F1F,
	0x1F1F,0x1F1F,0x1F1F,0x1F1F,0x1F1F,0x1F1F,0x1F1F,0x1F1F,
	0x1F1F,0x1F1F,0x1F1F,0x1F1F,0x1F1F,0x1F1F,0x1F1F,0x1F1F,
	0x1F1F,0x1F1F,0x1F1F,0x1F1F,0x1F1F,0x1F1F,0x1F1F,0x1F1F,

	0x1F1F,0x1F1F,0x1F1F,0x1F1F,0x1F1F,0x1F1F,0x1F1F,0x1F1F,
	0x1F1F,0x1F1F,0x1F1F,0x1F1F,0x1F1F,0x1F1F,0x1F1F,0x1F1F,
	0x1F1F,0x1F1F,0x1F1F,0x1F1F,0x1F1F,0x1F1F,0x1F1F,0x1F1F,
	0x1F1F,0x1F1F,0x1F1F,0x1F1F,0x1F1F,0x1F1F,0x1F1F,0x1F1F,
	0x101F,0x1010,0x1010,0x1010,0x101F,0x1010,0x1010,0x1010,
	0x101F,0x1010,0x1010,0x1010,0x1C1F,0x1C1C,0x1C1C,0x1C1C,
	0x1F1F,0x1F1F,0x1F1F,0x1F1F,0x1F1F,0x1F1F,0x1F1F,0x1F1F,
	0x1F1F,0x1F1F,0x1F1F,0x1F1F,0x1F1F,0x1F1F,0x1F1F,0x1F1F,

	0x1010,0x1010,0x1010,0x1F1F,0x1010,0x1010,0x1010,0x1F1F,
	0x1010,0x1410,0x1F17,0x1F1F,0x1411,0x1C10,0x1F1F,0x1F1F,
	0x1F1F,0x1F1F,0x1F1F,0x1F1F,0x1F1F,0x1F1F,0x1F1F,0x1F1F,
	0x1F1F,0x1F1F,0x1F1F,0x1F1F,0x1F1F,0x1F1F,0x1F1F,0x1F1F,
	0x1F1F,0x1F1F,0x1F1F,0x1F1F,0x1F1F,0x1F1F,0x1F1F,0x1F1F,
	0x1F1F,0x1F1F,0x1F1F,0x1F1F,0x1F1F,0x1F1F,0x1F1F,0x1F1F,
	0x1F1F,0x1F1F,0x1F1F,0x1F1F,0x1F1F,0x1F1F,0x1F1F,0x1F1F,
	0x1F1F,0x1F1F,0x1F1F,0x1F1F,0x1F1F,0x1F1F,0x1F1F,0x1F1F,

	0x1F1F,0x1F1F,0x1F1F,0x1F1F,0x1F1F,0x1F1F,0x1F1F,0x1F1F,
	0x1F1F,0x1F1F,0x1F1F,0x1F1F,0x1F1F,0x1F1F,0x1F1F,0x1F1F,
	0x1F1F,0x1F1F,0x1F1F,0x1F1F,0x1F1F,0x1F1F,0x1F1F,0x1F1F,
	0x1F1F,0x1F1F,0x1F1F,0x1F1F,0x1F1F,0x1F1F,0x1F1F,0x1F1F,
	0x1F1F,0x1F1F,0x1F1F,0x1F1F,0x1F1F,0x1F1F,0x1F1F,0x1F1F,
	0x1F1F,0x1F1F,0x1F1F,0x1F1F,0x1F1F,0x1F1F,0x1F1F,0x171F,
	0x1F1F,0x1F1F,0x1F1F,0x171F,0x1F1F,0x1717,0x1717,0x1717,
	0x171F,0x1717,0x1717,0x1717,0x171F,0x1717,0x1C17,0x1C16,

	0x1F1F,0x1F1F,0x1F1F,0x1F1F,0x1F1F,0x1F1F,0x1F1F,0x1F1F,
	0x1F1F,0x1F1F,0x1F1F,0x1F1F,0x1717,0x1717,0x1717,0x1F17,
	0x1717,0x1717,0x1717,0x1717,0x1717,0x1717,0x1717,0x1717,
	0x1717,0x1717,0x1717,0x1717,0x1C1C,0x1717,0x1717,0x1717,
	0x1F1F,0x1F1F,0x1F1F,0x1F1F,0x1F1F,0x1F1F,0x1F1F,0x1F1F,
	0x1F1F,0x1F1F,0x1F1F,0x1F1F,0x1F1F,0x1F1F,0x1F1F,0x1F1F,
	0x1F1F,0x1F1F,0x1F1F,0x1F1F,0x1717,0x1717,0x1717,0x1717,
	0x1717,0x1717,0x1717,0x1717,0x1717,0x1717,0x1717,0x1717,

	0x1F1F,0x1F1F,0x1F1F,0x1F1F,0x1F1F,0x1F1F,0x1F1F,0x1F1F,
	0x1F1F,0x1F1F,0x1F1F,0x1F1F,0x1F1F,0x1F1F,0x1F1F,0x1F1F,
	0x1F1F,0x1F1F,0x1F1F,0x1F1F,0x1F17,0x1F1F,0x1F1F,0x1F1F,
	0x1717,0x1F1F,0x1F1F,0x1F1F,0x1717,0x1F1F,0x1F1F,0x1F1F,
	0x1F1F,0x1F1F,0x1F1F,0x1F1F,0x1F1F,0x1F1F,0x1F1F,0x1F1F,
	0x1F1F,0x1F1F,0x1F1F,0x1F1F,0x1F1F,0x1F1F,0x1F1F,0x1F1F,
	0x1F1F,0x1F1F,0x1F1F,0x1F1F,0x1F1F,0x1F1F,0x1F1F,0x1F1F,
	0x1F1F,0x1F1F,0x1F1F,0x1F1F,0x1F1F,0x1F1F,0x1F1F,0x1F1F,

	0x1F1F,0x1F1F,0x1F1F,0x1F1F,0x1F1F,0x1F1F,0x1F1F,0x1F1F,
	0x1F1F,0x1F1F,0x1F1F,0x1F1F,0x1F1F,0x1F1F,0x1F1F,0x1F1F,
	0x1F1F,0x1F1F,0x1F1F,0x1F1F,0x1F1F,0x1F1F,0x1F1F,0x1F1F,
	0x1F1F,0x1F1F,0x1F1F,0x1F1F,0x1F1F,0x1F1F,0x1F1F,0x1F1F,
	0x1F1F,0x1F1F,0x1F1F,0x1F1F,0x1F1F,0x1F1F,0x1F1F,0x1F1F,
	0x1F1F,0x1F1F,0x1F1F,0x1F1F,0x1F1F,0x1F1F,0x1F1F,0x1F1F,
	0x1F1F,0x1F1F,0x1F1F,0x1F1F,0x1F1F,0x1F1F,0x1F1F,0x1F1F,
	0x1F1F,0x1F1F,0x1F1F,0x1F1F,0x1F1F,0x1F1F,0x1F1F,0x1F1F,

	0x1F1F,0x1F1F,0x101B,0x1010,0x1F1F,0x1F1F,0x101F,0x1010,
	0x1F1F,0x1F1F,0x101F,0x1010,0x1F1F,0x1F1F,0x101F,0x1010,
	0x1F1F,0x1F1F,0x1F1F,0x1F1F,0x1F1F,0x1F1F,0x1F1F,0x1F1F,
	0x1F1F,0x1F1F,0x1F1F,0x1F1F,0x1F1F,0x1F1F,0x1F1F,0x1F1F,
	0x1010,0x1010,0x1010,0x1010,0x1010,0x1010,0x1010,0x1010,
	0x1010,0x1010,0x1010,0x1010,0x1010,0x1010,0x1010,0x1010,
	0x1F1F,0x171F,0x101B,0x1010,0x1F1F,0x1F1F,0x1B1F,0x1010,
	0x1F1F,0x1F1F,0x1F1F,0x1F1F,0x1F1F,0x1F1F,0x1F1F,0x1F1F,

	0x1010,0x1010,0x1010,0x1010,0x1010,0x1010,0x1010,0x1010,
	0x1010,0x1C19,0x1C1C,0x1C1C,0x1F10,0x1F1F,0x1F1F,0x1F1F,
	0x1F10,0x1F1F,0x1F1F,0x1F1F,0x1F10,0x1F1F,0x1F1F,0x1F1F,
	0x1F1F,0x1F1F,0x1F1F,0x1F1F,0x1F1F,0x1F1F,0x1F1F,0x1F1F,
	0x1010,0x1410,0x1F17,0x1F1F,0x1010,0x1710,0x1F1F,0x1F1F,
	0x1C1C,0x1F1C,0x1F1F,0x1F1F,0x1F1F,0x1F1F,0x1F1F,0x1F1F,
	0x1F1F,0x1F1F,0x1F1F,0x1F1F,0x1F1F,0x1F1F,0x1F1F,0x1F1F,
	0x1F1F,0x1F1F,0x1F1F,0x1F1F,0x1F1F,0x1F1F,0x1F1F,0x1F1F,

	0x1F1F,0x1F1F,0x1F1F,0x1F1F,0x1F1F,0x1F1F,0x1F1F,0x1F1F,
	0x1F1F,0x1F1F,0x1F1F,0x1F1F,0x1F1F,0x1F1F,0x1F1F,0x1F1F,
	0x1F1F,0x1F1F,0x1F1F,0x1F1F,0x1F1F,0x1F1F,0x1F1F,0x1F1F,
	0x1F1F,0x1F1F,0x1F1F,0x1F1F,0x1F1F,0x1F1F,0x1F1F,0x1F1F,
	0x1F1F,0x1F1F,0x1F1F,0x1F1F,0x1F1F,0x1F1F,0x1F1F,0x1F1F,
	0x1F1F,0x1F1F,0x1F1F,0x1F1F,0x1F1F,0x1F1F,0x1F1F,0x1F1F,
	0x1F1F,0x1F1F,0x1F1F,0x1F1F,0x1F1F,0x1F1F,0x1F1F,0x1F1F,
	0x1F1F,0x1F1F,0x1F1F,0x1F1F,0x1F1F,0x1F1F,0x1F1F,0x1F1F,

	0x1F1F,0x1F1F,0x1F1F,0x1010,0x1F1F,0x1F1F,0x1F1F,0x1010,
	0x1F1F,0x1F1F,0x1F1F,0x1F1F,0x1F1F,0x1F1F,0x1F1F,0x1F1F,
	0x1F1F,0x1F1F,0x1F1F,0x1F1F,0x1F1F,0x1F1F,0x1F1F,0x1F1F,
	0x1F1F,0x1F1F,0x1F1F,0x1F1F,0x1F1F,0x1F1F,0x1F1F,0x1F1F,
	0x1010,0x1010,0x1010,0x1010,0x1010,0x1711,0x1F1B,0x1F1F,
	0x1F1F,0x1F1F,0x1F1F,0x1F1F,0x1F1F,0x1F1F,0x1F1F,0x1F1F,
	0x1F1F,0x1F1F,0x1F1F,0x1F1F,0x1F1F,0x1F1F,0x1F1F,0x1F1F,
	0x1F1F,0x1F1F,0x1F1F,0x1F1F,0x1F1F,0x1F1F,0x1F1F,0x1F1F,

	0x1010,0x1010,0x1711,0x1F1F,0x1B1B,0x1B1B,0x1F1F,0x1F1F,
	0x1F1F,0x1F1F,0x1F1F,0x1F1F,0x1F1F,0x1F1F,0x1F1F,0x1F1F,
	0x1F1F,0x1F1F,0x1F1F,0x1F1F,0x1F1F,0x1F1F,0x1F1F,0x1F1F,
	0x1F1F,0x1F1F,0x1F1F,0x1F1F,0x1F1F,0x1F1F,0x1F1F,0x1F1F,
	0x1F1F,0x1F1F,0x1F1F,0x1F17,0x1F1F,0x1F1F,0x1F1F,0x1F1F,
	0x1F1F,0x1F1F,0x1F1F,0x1F1F,0x1F1F,0x1F1F,0x1F1F,0x1F1F,
	0x1F1F,0x1F1F,0x1F1F,0x1F1F,0x1F1F,0x1F1F,0x1F1F,0x1F1F,
	0x1F1F,0x1F1F,0x1F1F,0x1F1F,0x1F1F,0x1F1F,0x1F1F,0x1F1F,

	0x1F1F,0x1F1F,0x1B1B,0x1B1B,0x1F1F,0x1F1F,0x1F1F,0x1F1F,
	0x1F1F,0x1F1F,0x1F1F,0x1F1F,0x1F1F,0x1F1F,0x1F1F,0x1F1F,
	0x1F1F,0x1F1F,0x1F1F,0x1F1F,0x1F1F,0x1F1F,0x1F1F,0x1F1F,
	0x1F1F,0x1F1F,0x1F1F,0x1F1F,0x1F1F,0x1F1F,0x1F1F,0x1F1F,
	0x1B1B,0x1B1B,0x1411,0x1010,0x1F1F,0x1F1F,0x1F1F,0x101F,
	0x1F1F,0x1F1F,0x1F1F,0x101F,0x1F1F,0x1F1F,0x1F1F,0x1F1F,
	0x1F1F,0x1F1F,0x1F1F,0x1F1F,0x1F1F,0x1F1F,0x1F1F,0x1F1F,
	0x1F1F,0x1F1F,0x1F1F,0x1F1F,0x1F1F,0x1F1F,0x1F1F,0x1F1F,

	0x1010,0x1010,0x1010,0x1010,0x1010,0x1010,0x1010,0x1F1F,
	0x1010,0x1010,0x1010,0x1F1F,0x1F1F,0x1F1F,0x1F1F,0x1F1F,
	0x1F1F,0x1F1F,0x1F1F,0x1F1F,0x1F1F,0x1F1F,0x1F1F,0x1F1F,
	0x1F1F,0x1F1F,0x1F1F,0x1F1F,0x1F1F,0x1F1F,0x1F1F,0x1F1F,
	0x1010,0x1010,0x1010,0x1010,0x1F1F,0x1F1F,0x1F1F,0x1F1F,
	0x1F1F,0x1F1F,0x1F1F,0x1F1F,0x1F1F,0x1F1F,0x1F1F,0x1F1F,
	0x1F1F,0x1F1F,0x1F1F,0x1F1F,0x1F1F,0x1F1F,0x1F1F,0x1F1F,
	0x1F1F,0x1F1F,0x1F1F,0x1F1F,0x1F1F,0x1F1F,0x1F1F,0x1F1F,

	0x1010,0x1010,0x1010,0x1010,0x1F1F,0x1F1F,0x1717,0x1010,
	0x1F1F,0x1F1F,0x1F1F,0x1F1F,0x1F1F,0x1F1F,0x1F1F,0x1F1F,
	0x1F1F,0x1F1F,0x1F1F,0x1F1F,0x1F1F,0x1F1F,0x1F1F,0x1F1F,
	0x1F1F,0x1F1F,0x1F1F,0x1F1F,0x1F1F,0x1F1F,0x1F1F,0x1F1F,
	0x1010,0x1010,0x1010,0x1010,0x1010,0x1010,0x1010,0x1010,
	0x1F1F,0x1F1F,0x1F1F,0x1F1F,0x1F1F,0x1F1F,0x1F1F,0x1F1F,
	0x1F1F,0x1F1F,0x1F1F,0x1F1F,0x1F1F,0x1F1F,0x1F1F,0x1F1F,
	0x1F1F,0x1F1F,0x1F1F,0x1F1F,0x1F1F,0x1F1F,0x1F1F,0x1F1F,

	0x1010,0x1010,0x1010,0x1010,0x1010,0x1010,0x1010,0x1010,
	0x1014,0x1010,0x1010,0x1010,0x101F,0x1010,0x1010,0x1010,
	0x101F,0x1010,0x1010,0x1010,0x1017,0x1010,0x1010,0x1010,
	0x1017,0x1010,0x1010,0x1010,0x1F1F,0x1F1F,0x1F1F,0x1F1F,
	0x1010,0x1010,0x1010,0x1010,0x1010,0x1010,0x1010,0x1010,
	0x1010,0x1010,0x1010,0x1010,0x1010,0x1010,0x1010,0x1010,
	0x1010,0x1010,0x1010,0x1010,0x1010,0x1010,0x1010,0x1010,
	0x1010,0x1010,0x1010,0x1010,0x1B1F,0x1010,0x1010,0x1010,

	0x1010,0x1010,0x1010,0x1010,0x1010,0x1010,0x1010,0x1010,
	0x1010,0x1010,0x1010,0x1010,0x1010,0x1010,0x1010,0x1010,
	0x1010,0x1010,0x1010,0x1010,0x1010,0x1010,0x1010,0x1010,
	0x1010,0x1010,0x1010,0x1010,0x1410,0x1F17,0x1F1F,0x1F1F,
	0x1710,0x1F1F,0x1F1F,0x1F1F,0x1F10,0x1F1F,0x1F1F,0x1F1F,
	0x1F10,0x1F1F,0x1F1F,0x1F1F,0x1F10,0x1F1F,0x1F1F,0x1F1F,
	0x1F10,0x1F1F,0x1F1F,0x1F1F,0x1F10,0x1F1F,0x1F1F,0x1F1F,
	0x1F10,0x1F1F,0x1F1F,0x1F1F,0x1F1F,0x1F1F,0x1F1F,0x1F1F,

	0x1F1F,0x1F1F,0x1F1F,0x1F1F,0x1F1F,0x1F1F,0x1F1F,0x1F1F,
	0x1F1F,0x1F1F,0x1F1F,0x1F1F,0x1F1F,0x1F1F,0x1F1F,0x1F1F,
	0x1F1F,0x1F1F,0x1F1F,0x1F1F,0x1F1F,0x1F1F,0x1F1F,0x1F1F,
	0x1F1F,0x1F1F,0x1F1F,0x1F1F,0x1F1F,0x1F1F,0x1F1F,0x1F1F,
	0x1F1F,0x1F1F,0x1F1F,0x1F1F,0x1F1F,0x1F1F,0x1F1F,0x1F1F,
	0x1F1F,0x1F1F,0x1F1F,0x1F1F,0x1F1F,0x1F1F,0x1F1F,0x1F1F,
	0x1F1F,0x1F1F,0x1F1F,0x1F1F,0x1F1F,0x1F1F,0x1F1F,0x1F1F,
	0x1F1F,0x1F1F,0x1F1F,0x1F1F,0x1F1F,0x1F1F,0x1F1F,0x1F1F,

	0x1F1F,0x1F1F,0x1F1F,0x1F1F,0x1F1F,0x1F1F,0x1F1F,0x1F1F,
	0x1F1F,0x1F1F,0x1F1F,0x1F1F,0x1F1F,0x1F1F,0x1F1F,0x1F1F,
	0x1F1F,0x1F1F,0x1F1F,0x171F,0x1F1F,0x1F1F,0x1F1F,0x1E1C,
	0x1F1F,0x1F1F,0x1F1F,0x151D,0x1717,0x1717,0x1717,0x151D,
	0x1F1F,0x171F,0x1717,0x1717,0x1F1F,0x171F,0x1717,0x1717,
	0x1F1F,0x171F,0x1717,0x161C,0x1F1F,0x171F,0x1717,0x1E1D,
	0x171C,0x1C17,0x161C,0x151E,0x1E1E,0x1A1E,0x1A1A,0x1515,
	0x1515,0x1515,0x1515,0x1515,0x1515,0x1515,0x1515,0x1515,

	0x1717,0x1717,0x1A1C,0x1515,0x1717,0x1C1C,0x1E16,0x1515,
	0x1C16,0x171C,0x1E16,0x1515,0x1A1E,0x1A1A,0x151A,0x1515,
	0x1515,0x1515,0x1515,0x1515,0x1515,0x1515,0x1515,0x1515,
	0x1515,0x1515,0x1515,0x1515,0x1515,0x1515,0x1515,0x1515,
	0x1515,0x1515,0x151E,0x1515,0x1515,0x1515,0x1515,0x1515,
	0x1515,0x1515,0x1515,0x1515,0x1515,0x1515,0x1515,0x1515,
	0x1515,0x1515,0x1515,0x1515,0x1515,0x1515,0x1515,0x1515,
	0x1515,0x1515,0x1515,0x1515,0x1515,0x1515,0x1515,0x1515,

	0x1515,0x1515,0x1515,0x1515,0x1515,0x1515,0x1515,0x1515,
	0x1515,0x1515,0x1515,0x1515,0x1515,0x1515,0x1515,0x1515,
	0x1515,0x1515,0x1515,0x1515,0x1515,0x1515,0x1515,0x1515,
	0x1515,0x1515,0x1515,0x1515,0x1515,0x1515,0x1515,0x1515,
	0x1515,0x1515,0x1515,0x1515,0x1515,0x1515,0x1515,0x1515,
	0x1515,0x1515,0x1515,0x1515,0x1515,0x1515,0x1515,0x1515,
	0x1515,0x1515,0x1515,0x1515,0x1515,0x1515,0x1515,0x1515,
	0x1515,0x1515,0x1515,0x1515,0x1515,0x1515,0x1515,0x1515,

	0x1313,0x1313,0x1313,0x1313,0x1313,0x1313,0x1313,0x1313,
	0x1313,0x1313,0x1313,0x1313,0x1313,0x1313,0x1313,0x1313,
	0x1313,0x1313,0x1313,0x1313,0x1313,0x1313,0x1313,0x1313,
	0x1313,0x1313,0x1313,0x1313,0x1313,0x1313,0x1313,0x1313,
	0x1313,0x1313,0x1313,0x1313,0x1313,0x1313,0x1313,0x1313,
	0x1313,0x1313,0x1313,0x1313,0x1313,0x1313,0x1313,0x1313,
	0x1313,0x1313,0x1313,0x1313,0x1313,0x1313,0x1313,0x1313,
	0x1313,0x1313,0x1313,0x1313,0x1313,0x1313,0x1313,0x1313,

	0x1313,0x1313,0x1E1E,0x1515,0x1313,0x1313,0x151E,0x1515,
	0x1313,0x1313,0x1515,0x1515,0x1313,0x1313,0x1313,0x1313,
	0x1313,0x1313,0x1313,0x1313,0x1313,0x1313,0x1313,0x1313,
	0x1313,0x1313,0x1313,0x1313,0x1313,0x1313,0x1313,0x1313,
	0x1515,0x1515,0x1515,0x1515,0x1515,0x1515,0x1515,0x1515,
	0x1515,0x1515,0x1515,0x1515,0x1818,0x1515,0x1515,0x1515,
	0x1313,0x1515,0x1515,0x1515,0x1313,0x1515,0x1515,0x1515,
	0x1313,0x1515,0x1515,0x1515,0x1813,0x1515,0x1515,0x1515,

	0x1515,0x1515,0x161E,0x1717,0x1515,0x1515,0x161E,0x1717,
	0x1515,0x1515,0x161E,0x1717,0x1515,0x1515,0x1C1A,0x1717,
	0x1515,0x1515,0x1C1A,0x1717,0x1515,0x1515,0x161A,0x1C16,
	0x1515,0x1515,0x1E15,0x1A1E,0x1515,0x1515,0x1515,0x1515,
	0x1717,0x1717,0x1717,0x1717,0x1717,0x1717,0x1717,0x1717,
	0x1717,0x1717,0x1717,0x1717,0x1717,0x1717,0x1717,0x1717,
	0x1717,0x1717,0x1717,0x1717,0x171C,0x1717,0x1717,0x1717,
	0x1C1D,0x1717,0x1717,0x1717,0x161E,0x1717,0x1717,0x1717,

	0x1717,0x1F17,0x1F1F,0x1F1F,0x1717,0x1F17,0x1F1F,0x1F1F,
	0x1717,0x1717,0x1F1F,0x1F1F,0x1717,0x1717,0x1F17,0x1F1F,
	0x1717,0x1717,0x1F17,0x1F1F,0x1717,0x1717,0x1F17,0x1F1F,
	0x1717,0x1717,0x1F17,0x1F1F,0x1717,0x1717,0x1F17,0x1F1F,
	0x1F1F,0x1F1F,0x1F1F,0x1F1F,0x1F1F,0x1F1F,0x1F1F,0x1F1F,
	0x1F1F,0x1F1F,0x1F1F,0x1F1F,0x1F1F,0x1F1F,0x1F1F,0x1F1F,
	0x1F1F,0x1F1F,0x1F1F,0x1F1F,0x1F1F,0x1F1F,0x1F1F,0x1F1F,
	0x1F1F,0x1F1F,0x1F1F,0x1F1F,0x1F1F,0x1F1F,0x1F1F,0x1F1F,

	0x1F1F,0x1F1F,0x1F1F,0x1F1F,0x1F1F,0x1F1F,0x1F1F,0x1F1F,
	0x1F1F,0x1F1F,0x1F1F,0x1F1F,0x1F1F,0x1F1F,0x1F1F,0x1F1F,
	0x1F1F,0x1F1F,0x1F1F,0x1F1F,0x1F1F,0x1F1F,0x1F1F,0x1F1F,
	0x1F1F,0x1F1F,0x1F1F,0x1F1F,0x1F1F,0x1F1F,0x1F1F,0x1F1F,
	0x1F1F,0x1F1F,0x1F1F,0x1F1F,0x1F1F,0x1F1F,0x1F1F,0x1F1F,
	0x1F1F,0x1F1F,0x1F1F,0x1F1F,0x1F1F,0x1F1F,0x1F1F,0x1F1F,
	0x1F1F,0x1F1F,0x1F1F,0x1F1F,0x1F1F,0x1F1F,0x1F1F,0x1F1F,
	0x1F1F,0x1F1F,0x1F1F,0x1F1F,0x1F1F,0x1F1F,0x1F1F,0x1F1F,

	0x141F,0x1010,0x1010,0x1010,0x1F1F,0x1F1F,0x1F1F,0x1F1F,
	0x1F1F,0x1F1F,0x1F1F,0x1F1F,0x1F1F,0x1F1F,0x1F1F,0x1F1F,
	0x1F1F,0x1F1F,0x1F1F,0x1F1F,0x1F1F,0x1F1F,0x1F1F,0x1F1F,
	0x1F1F,0x1F1F,0x1F1F,0x1F1F,0x1F1F,0x1F1F,0x1F1F,0x1F1F,
	0x1010,0x1010,0x1010,0x1010,0x1F1F,0x1F1F,0x1F1F,0x1F1F,
	0x1F1F,0x1F1F,0x1F1F,0x1F1F,0x1F1F,0x1F1F,0x1F1F,0x1F1F,
	0x1F1F,0x1F1F,0x1F1F,0x1F1F,0x1F1F,0x1F1F,0x1F1F,0x1F1F,
	0x1F1F,0x1F1F,0x1F1F,0x1F1F,0x1F1F,0x1F1F,0x1F1F,0x1F1F,

	0x1010,0x1010,0x1010,0x1010,0x1F1F,0x1F1F,0x1F1F,0x1F1F,
	0x1F1F,0x1F1F,0x1F1F,0x1F1F,0x1F1F,0x1F1F,0x1F1F,0x1F1F,
	0x1F1F,0x1F1F,0x1F1F,0x1F1F,0x1F1F,0x1F1F,0x1F1F,0x1F1F,
	0x1F1F,0x1F1F,0x1F1F,0x1F1F,0x1F1F,0x1F1F,0x1F1F,0x1F1F,
	0x1010,0x1010,0x1010,0x1010,0x1F1F,0x1F1F,0x1F1F,0x1F1F,
	0x1F1F,0x1F1F,0x1F1F,0x1F1F,0x1F1F,0x1F1F,0x1F1F,0x1F1F,
	0x1F1F,0x1F1F,0x1F1F,0x1F1F,0x1F1F,0x1F1F,0x1F1F,0x1F1F,
	0x1F1F,0x1F1F,0x1F1F,0x1F1F,0x1F1F,0x1F1F,0x1F1F,0x1F1F,

	0x1010,0x1010,0x1F10,0x1F1F,0x1010,0x1010,0x1F10,0x1F1F,
	0x1010,0x1010,0x1F10,0x1F1F,0x171F,0x171F,0x1F17,0x1F1F,
	0x1F1F,0x1F1F,0x1F1F,0x1F1F,0x1F1F,0x1F1F,0x1F1F,0x1F1F,
	0x1F1F,0x1F1F,0x1F1F,0x1F1F,0x1F1F,0x1F1F,0x1F1F,0x1F1F,
	0x1F1F,0x1F1F,0x1F1F,0x1F1F,0x1F1F,0x1F1F,0x1F1F,0x1F1F,
	0x1F1F,0x1F1F,0x1F1F,0x1F1F,0x1F1F,0x1F1F,0x1F1F,0x1F1F,
	0x1F1F,0x1F1F,0x1F1F,0x1F1F,0x1F1F,0x1F1F,0x1F1F,0x1F1F,
	0x1F1F,0x1F1F,0x1F1F,0x1F1F,0x1F1F,0x1F1F,0x1F1F,0x1F1F,

	0x1F1F,0x1F1F,0x1F1F,0x1F1F,0x1F1F,0x1F1F,0x1F1F,0x1F1F,
	0x1F1F,0x1F1F,0x1F1F,0x1F1F,0x1F1F,0x1F1F,0x1F1F,0x1717,
	0x1F1F,0x1F1F,0x1F1F,0x1717,0x1F1F,0x1F1F,0x1F1F,0x1717,
	0x1F1F,0x1F1F,0x1F1F,0x1717,0x1F1F,0x1F1F,0x1F1F,0x1717,
	0x1F1F,0x1F1F,0x1F1F,0x1F1F,0x1F1F,0x1F1F,0x1F1F,0x1F1F,
	0x1F1F,0x1F1F,0x1F1F,0x1F1F,0x1717,0x1717,0x1F1F,0x1F1F,
	0x1717,0x1717,0x1717,0x1717,0x1717,0x1717,0x1717,0x1717,
	0x1717,0x1717,0x1717,0x1717,0x1717,0x1717,0x1717,0x1717,

	0x1F1F,0x1F1F,0x1F1F,0x1F1F,0x1F1F,0x1F1F,0x1F1F,0x1F1F,
	0x1F1F,0x1F1F,0x1F1F,0x1F1F,0x1F1F,0x1F1F,0x1F1F,0x1F1F,
	0x1717,0x1717,0x1717,0x1F1F,0x1717,0x1717,0x1717,0x1717,
	0x1717,0x1717,0x1717,0x1717,0x1717,0x1717,0x1717,0x1717,
	0x1F1F,0x1F1F,0x1F1F,0x1F1F,0x1F1F,0x1F1F,0x1F1F,0x1F1F,
	0x1F1F,0x1F1F,0x1F1F,0x1F1F,0x1F1F,0x1F1F,0x1F1F,0x1F1F,
	0x1F1F,0x1F1F,0x1F1F,0x1F1F,0x1717,0x1717,0x1717,0x1717,
	0x1717,0x1717,0x1717,0x1717,0x1717,0x1717,0x1717,0x1717,

	0x1F1F,0x1F1F,0x1F1F,0x1F1F,0x1F1F,0x1F1F,0x1F1F,0x1F1F,
	0x1F1F,0x1F1F,0x1F1F,0x1F1F,0x1F1F,0x1F1F,0x1F1F,0x1F1F,
	0x1F1F,0x1F1F,0x1F1F,0x1F1F,0x1717,0x1717,0x1717,0x1717,
	0x1717,0x1717,0x1717,0x1717,0x1717,0x1717,0x1717,0x1717,
	0x1F1F,0x1F1F,0x1F1F,0x1F1F,0x1F1F,0x1F1F,0x1F1F,0x1F1F,
	0x1F1F,0x1F1F,0x1F1F,0x1F1F,0x1F1F,0x1F1F,0x1F1F,0x1F1F,
	0x1F1F,0x1F1F,0x1F1F,0x1F1F,0x1717,0x1717,0x1717,0x1717,
	0x1717,0x1717,0x1717,0x1717,0x1717,0x1717,0x1717,0x1717,

	0x1F1F,0x1F1F,0x1F1F,0x1F1F,0x1F1F,0x1F1F,0x1F1F,0x1F1F,
	0x1F1F,0x1F1F,0x1F1F,0x1F1F,0x1F1F,0x1F1F,0x1F1F,0x1F1F,
	0x1F1F,0x1F1F,0x1F1F,0x1F1F,0x1717,0x1717,0x1F17,0x1F1F,
	0x1717,0x1717,0x1F17,0x1F1F,0x1717,0x1717,0x1F17,0x1F1F,
	0x1F1F,0x1F1F,0x1F1F,0x1F1F,0x1F1F,0x1F1F,0x1F1F,0x1F1F,
	0x1F1F,0x1F1F,0x1F1F,0x1F1F,0x1F1F,0x1F1F,0x1F1F,0x1F1F,
	0x1F1F,0x1F1F,0x1F1F,0x1F1F,0x1F1F,0x1F1F,0x1F1F,0x1F1F,
	0x1F1F,0x1F1F,0x1F1F,0x1F1F,0x1F1F,0x1F1F,0x1F1F,0x1F1F,

	0x1F1F,0x1F1F,0x1F1F,0x1F1F,0x1F1F,0x1F1F,0x1F1F,0x1F1F,
	0x1F1F,0x1F1F,0x1F1F,0x1F1F,0x1F1F,0x1F1F,0x1F1F,0x1F1F,
	0x1F1F,0x1F1F,0x1F1F,0x1F1F,0x1F1F,0x1F1F,0x1F1F,0x1F1F,
	0x1F1F,0x1F1F,0x1F1F,0x1F1F,0x1F1F,0x1F1F,0x1F1F,0x1F1F,
	0x1F1F,0x1F1F,0x1F1F,0x1F1F,0x1F1F,0x1F1F,0x1F1F,0x1F1F,
	0x1F1F,0x1F1F,0x1F1F,0x1F1F,0x1F1F,0x1F1F,0x1F1F,0x1F1F,
	0x1F1F,0x1F1F,0x1F1F,0x1F1F,0x1F1F,0x1F1F,0x1F1F,0x1F1F,
	0x1F1F,0x1F1F,0x1F1F,0x1F1F,0x1F1F,0x1F1F,0x1F1F,0x1F1F,

	0x1F1F,0x1F1F,0x1F1F,0x1F1F,0x1F1F,0x1F1F,0x1F1F,0x1F1F,
	0x1F1F,0x1F1F,0x1F1F,0x1F1F,0x1F1F,0x1F1F,0x1F1F,0x1F1F,
	0x1F1F,0x1F1F,0x1F1F,0x1F1F,0x1F1F,0x1F1F,0x1F1F,0x1F1F,
	0x1F1F,0x1F1F,0x1F1F,0x1F1F,0x1F1F,0x1F1F,0x1F1F,0x1F1F,
	0x1F1F,0x1F1F,0x1F1F,0x1F1F,0x1F1F,0x1F1F,0x1F1F,0x1F1F,
	0x1F1F,0x1F1F,0x1F1F,0x1F1F,0x1F1F,0x1F1F,0x1F1F,0x1F1F,
	0x1F1F,0x1F1F,0x1F1F,0x1F1F,0x1F1F,0x1F1F,0x1F1F,0x1F1F,
	0x1F1F,0x1F1F,0x1F1F,0x1F1F,0x1F1F,0x1F1F,0x1F1F,0x171F,

	0x1F1F,0x1F1F,0x1F1F,0x1F1F,0x1F1F,0x1F1F,0x171F,0x1717,
	0x1F1F,0x171F,0x1617,0x1A1A,0x1F1F,0x171F,0x1D17,0x1515,
	0x1F1F,0x171F,0x1D17,0x1515,0x1F1F,0x171F,0x1A17,0x1515,
	0x1F1F,0x171F,0x1A1C,0x1515,0x1D1D,0x1D1D,0x1E1D,0x1515,
	0x171F,0x1717,0x1D17,0x1A1A,0x1717,0x1717,0x1A1C,0x1515,
	0x1D1A,0x1D1D,0x1E1D,0x1515,0x1515,0x1515,0x1515,0x1515,
	0x1515,0x1515,0x1515,0x1515,0x1515,0x1515,0x1515,0x1515,
	0x1515,0x1515,0x1515,0x1515,0x1515,0x1515,0x1515,0x1515,

	0x1D1A,0x1D1D,0x1D1D,0x1616,0x1515,0x1515,0x1515,0x1A1E,
	0x1515,0x1515,0x1515,0x1E15,0x1515,0x1515,0x1515,0x1E15,
	0x1515,0x1515,0x1515,0x1E15,0x1515,0x1515,0x1515,0x1E15,
	0x1515,0x1515,0x1515,0x1E15,0x1515,0x1515,0x1515,0x1515,
	0x171C,0x1717,0x1717,0x1717,0x1716,0x1717,0x1717,0x1717,
	0x171D,0x1717,0x1717,0x1717,0x1716,0x1717,0x171C,0x1717,
	0x1716,0x1617,0x1D1D,0x1D1D,0x1716,0x1D17,0x1515,0x1515,
	0x1D1A,0x1A1D,0x1515,0x1515,0x1515,0x1515,0x1515,0x1515,

	0x1717,0x1717,0x1717,0x1717,0x1717,0x1717,0x1717,0x1717,
	0x1717,0x1717,0x1717,0x1717,0x1717,0x1717,0x1717,0x1717,
	0x161D,0x1616,0x1C16,0x171C,0x1E15,0x1E1E,0x1A1E,0x1C1D,
	0x1515,0x1515,0x1515,0x1D1E,0x1515,0x1515,0x1515,0x1515,
	0x1717,0x1F17,0x1F1F,0x1F1F,0x1717,0x1F17,0x1F1F,0x1F1F,
	0x1717,0x1F17,0x1F1F,0x1F1F,0x1717,0x1717,0x1717,0x1717,
	0x1717,0x1717,0x1717,0x1717,0x1717,0x1717,0x1717,0x1717,
	0x161D,0x1616,0x1C16,0x1717,0x1E15,0x1E1E,0x1A1A,0x1716,

	0x1F1F,0x1F1F,0x1F1F,0x1F1F,0x1F1F,0x1F1F,0x1F1F,0x1F1F,
	0x1F1F,0x1F1F,0x1F1F,0x1F1F,0x1717,0x1717,0x1F1F,0x1F1F,
	0x1717,0x1717,0x1F17,0x1F1F,0x1717,0x1717,0x1F17,0x1F1F,
	0x1717,0x1717,0x1717,0x1F1F,0x1717,0x1717,0x1717,0x1717,
	0x1F1F,0x1F1F,0x1F1F,0x1F1F,0x1F1F,0x1F1F,0x1F1F,0x1F1F,
	0x1F1F,0x1F1F,0x1F1F,0x1F1F,0x1F1F,0x1F1F,0x1F1F,0x1F1F,
	0x1F1F,0x1F1F,0x1F1F,0x1F1F,0x1F1F,0x1F1F,0x1F1F,0x1F1F,
	0x1F1F,0x1F1F,0x1F1F,0x1F1F,0x1717,0x1717,0x1717,0x1F1F,

	0x1F1F,0x1F1F,0x1F1F,0x1F1F,0x1F1F,0x1F1F,0x1F1F,0x1F1F,
	0x1F1F,0x1F1F,0x1F1F,0x1F1F,0x1F1F,0x1F1F,0x1F1F,0x1F1F,
	0x1F1F,0x1F1F,0x1F1F,0x1F1F,0x1F1F,0x1F1F,0x1F1F,0x1F1F,
	0x1F1F,0x1F1F,0x1F1F,0x1F1F,0x1F1F,0x1F1F,0x1F1F,0x1F1F,
	0x1F1F,0x1F1F,0x1F1F,0x1F1F,0x1F1F,0x1F1F,0x1F1F,0x1F1F,
	0x1F1F,0x1F1F,0x1F1F,0x1F1F,0x1F1F,0x1F1F,0x1F1F,0x1F1F,
	0x1F1F,0x1F1F,0x1F1F,0x1F1F,0x1F1F,0x1F1F,0x1F1F,0x1F1F,
	0x1F1F,0x1F1F,0x1F1F,0x1F1F,0x1F1F,0x1F1F,0x1F1F,0x1F1F,

	0x1F1F,0x1F1F,0x1F1F,0x1F1F,0x1F1F,0x1F1F,0x1F1F,0x1F1F,
	0x1F1F,0x1F1F,0x1F1F,0x1F1F,0x1F1F,0x1F1F,0x1F1F,0x1F1F,
	0x1F1F,0x1F1F,0x1F1F,0x1F1F,0x1F1F,0x1F1F,0x1F1F,0x1F1F,
	0x1F1F,0x1F1F,0x1F1F,0x1F1F,0x1F1F,0x1F1F,0x1F1F,0x1F1F,
	0x1F1F,0x1F1F,0x1F1F,0x1F1F,0x1F1F,0x1F1F,0x1F1F,0x1F1F,
	0x1F1F,0x1F1F,0x1F1F,0x1F1F,0x1F1F,0x1F1F,0x1F1F,0x1F1F,
	0x1F1F,0x1F1F,0x1F1F,0x1F1F,0x1F1F,0x1F1F,0x1F1F,0x1F1F,
	0x1F1F,0x1F1F,0x1F1F,0x1F1F,0x1F1F,0x1F1F,0x1F1F,0x1F1F,

	0x1F1F,0x1F1F,0x1F1F,0x1F1F,0x1F1F,0x1F1F,0x1F1F,0x1F1F,
	0x1F1F,0x1F1F,0x1F1F,0x1F1F,0x1F1F,0x1F1F,0x1F1F,0x1F1F,
	0x1F1F,0x1F1F,0x1F1F,0x1F1F,0x1F1F,0x1F1F,0x1F1F,0x1F1F,
	0x1F1F,0x1F1F,0x1F1F,0x1F1F,0x1F1F,0x1F1F,0x1F1F,0x1F1F,
	0x1F1F,0x1F1F,0x1F1F,0x1F1F,0x1F1F,0x1F1F,0x1F1F,0x1F1F,
	0x1F1F,0x1F1F,0x1F1F,0x1F1F,0x1F1F,0x1F1F,0x1F1F,0x1F1F,
	0x1F1F,0x1F1F,0x1F1F,0x1F1F,0x1F1F,0x1F1F,0x1F1F,0x1F1F,
	0x1F1F,0x171F,0x1717,0x1F17,0x1F1F,0x1717,0x1717,0x1717,

	0x1F1F,0x1F1F,0x1F1F,0x1F1F,0x1F1F,0x1F1F,0x1F1F,0x1F1F,
	0x1F1F,0x1F1F,0x1F1F,0x1F1F,0x1F1F,0x1F1F,0x1F1F,0x1F1F,
	0x1F1F,0x1F1F,0x1F1F,0x1F1F,0x1F1F,0x1F1F,0x1F1F,0x1F1F,
	0x1F1F,0x1F1F,0x1F1F,0x1F1F,0x1F1F,0x1F1F,0x1F1F,0x1F1F,
	0x1F1F,0x1F1F,0x1F1F,0x1F1F,0x1F1F,0x1F1F,0x1F1F,0x1F1F,
	0x1F1F,0x1F1F,0x1F1F,0x1F1F,0x1F1F,0x1F1F,0x1F1F,0x1F1F,
	0x1F1F,0x1F1F,0x1F1F,0x1F1F,0x1F1F,0x1F1F,0x1F1F,0x1F1F,
	0x1F1F,0x1F1F,0x1F1F,0x1F1F,0x1F1F,0x1F1F,0x1F1F,0x1F1F,

	0x1F1F,0x1F1F,0x1F1F,0x1F1F,0x1F1F,0x1F1F,0x1F1F,0x1F1F,
	0x1F1F,0x1F1F,0x1F1F,0x1F1F,0x1F1F,0x1F1F,0x1F1F,0x1F1F,
	0x1F1F,0x1F1F,0x1F1F,0x1F1F,0x1F1F,0x1F1F,0x1F1F,0x1F1F,
	0x1F1F,0x1F1F,0x1F1F,0x1F1F,0x1F1F,0x1F1F,0x1F1F,0x1F1F,
	0x1F1F,0x1F1F,0x1F1F,0x1F1F,0x1F1F,0x1F1F,0x1F1F,0x1F1F,
	0x1F1F,0x1F1F,0x1F1F,0x1F1F,0x1F1F,0x1F1F,0x1F1F,0x1F1F,
	0x1F1F,0x1F1F,0x1F1F,0x1F1F,0x1F1F,0x1F1F,0x1F1F,0x1F1F,
	0x1F1F,0x1F1F,0x1F1F,0x1F1F,0x1F1F,0x1F1F,0x1F1F,0x1F1F,

	0x1F1F,0x1F1F,0x1F1F,0x1F1F,0x1F1F,0x1F1F,0x1F1F,0x1F1F,
	0x1F1F,0x1F1F,0x1F1F,0x1F1F,0x1F1F,0x1F1F,0x1F1F,0x1F1F,
	0x1F1F,0x1F1F,0x1F1F,0x1F1F,0x1F1F,0x1F1F,0x1F1F,0x1F1F,
	0x1F1F,0x1F1F,0x1F1F,0x1F1F,0x1F1F,0x1F1F,0x1F1F,0x1F1F,
	0x1F1F,0x1F1F,0x1F1F,0x1F1F,0x1F1F,0x1F1F,0x1F1F,0x1F1F,
	0x1F1F,0x1F1F,0x1F1F,0x1F1F,0x1F1F,0x1F1F,0x1F1F,0x1F1F,
	0x1F1F,0x1F1F,0x1F1F,0x1F1F,0x1F1F,0x1F1F,0x1F1F,0x1F1F,
	0x1F1F,0x1F1F,0x1F1F,0x1F1F,0x1F1F,0x1F1F,0x1F1F,0x1F1F,

	0x1F1F,0x1F1F,0x1F1F,0x1F1F,0x1F1F,0x1F1F,0x1F1F,0x1F1F,
	0x1F1F,0x1F1F,0x1F1F,0x1F1F,0x1F1F,0x1F1F,0x1F1F,0x1F1F,
	0x1F1F,0x1F1F,0x1F1F,0x1F1F,0x1F1F,0x1F1F,0x1F1F,0x1F1F,
	0x1F1F,0x1F1F,0x1F1F,0x1F1F,0x1F1F,0x1F1F,0x1F1F,0x1F1F,
	0x1F1F,0x1F1F,0x1F1F,0x1F1F,0x1F1F,0x1F1F,0x1F1F,0x1F1F,
	0x1F1F,0x1F1F,0x1F1F,0x1F1F,0x1F1F,0x1F1F,0x1F1F,0x1F1F,
	0x1F1F,0x1F1F,0x1F1F,0x1F1F,0x1F1F,0x1F1F,0x1F1F,0x1F1F,
	0x1F1F,0x1F1F,0x1F1F,0x1F1F,0x1F1F,0x1F1F,0x1F1F,0x1F1F,

	0x1F1F,0x1F1F,0x1F1F,0x1F1F,0x1F1F,0x1F1F,0x1F1F,0x1F1F,
	0x1F1F,0x1F1F,0x1F1F,0x1F1F,0x1F1F,0x1F1F,0x1F1F,0x1F1F,
	0x1F1F,0x1F1F,0x1F1F,0x1F1F,0x1F1F,0x1F1F,0x1F1F,0x1F1F,
	0x1F1F,0x1F1F,0x1F1F,0x1F1F,0x1F1F,0x1F1F,0x1F1F,0x1F1F,
	0x1F1F,0x1F1F,0x1F1F,0x1F1F,0x1F1F,0x1F1F,0x1F1F,0x1F1F,
	0x1F1F,0x1F1F,0x1F1F,0x1F1F,0x1F1F,0x1F1F,0x1F1F,0x1F1F,
	0x1F1F,0x1F1F,0x1F1F,0x1F1F,0x1F1F,0x1F1F,0x1F1F,0x1F1F,
	0x1F1F,0x1F1F,0x1F1F,0x1F1F,0x1F1F,0x1F1F,0x1F1F,0x1F1F,

	0x1F1F,0x1F1F,0x1F1F,0x1F1F,0x1F1F,0x1F1F,0x1F1F,0x1F1F,
	0x1F1F,0x1F1F,0x1F1F,0x1F1F,0x1F1F,0x1F1F,0x1F1F,0x1F1F,
	0x1F1F,0x1F1F,0x1F1F,0x1F1F,0x1F1F,0x1F1F,0x1F1F,0x1F1F,
	0x1F1F,0x1F1F,0x1F1F,0x1F1F,0x1F1F,0x1F1F,0x1F1F,0x1F1F,
	0x1F1F,0x1F1F,0x1019,0x1010,0x1F1F,0x1F1F,0x101F,0x1010,
	0x1F1F,0x1F1F,0x101B,0x1010,0x1F1F,0x1F1F,0x101B,0x1010,
	0x1F1F,0x1F1F,0x101B,0x1010,0x1F1F,0x1F1F,0x101B,0x1010,
	0x1F1F,0x1F1F,0x121F,0x1412,0x1F1F,0x1F1F,0x1F1F,0x1F1F,

	0x1F10,0x1F1F,0x1F1F,0x1F1F,0x1710,0x1F1F,0x1F1F,0x1F1F,
	0x1F10,0x1F1F,0x1F1F,0x1F1F,0x1F10,0x1F1F,0x1F1F,0x1F1F,
	0x1F10,0x1F1F,0x1F1F,0x1F1F,0x1F10,0x1F1F,0x1F1F,0x1F1F,
	0x1F10,0x1F1F,0x1F1F,0x1F1F,0x1F1F,0x1F1F,0x1F1F,0x1F1F,
	0x1F1F,0x1F1F,0x1F1F,0x1F1F,0x1F1F,0x1F1F,0x1F1F,0x1F1F,
	0x1F1F,0x1F1F,0x1F1F,0x1F1F,0x1F1F,0x1F1F,0x1F1F,0x1F1F,
	0x1F1F,0x1F1F,0x1F1F,0x1F1F,0x1F1F,0x1F1F,0x1F1F,0x1F1F,
	0x1F1F,0x1F1F,0x1F1F,0x1F1F,0x1F1F,0x1F1F,0x1F1F,0x1F1F,

	0x1F1F,0x1F1F,0x1F1F,0x1F1F,0x1F1F,0x1F1F,0x1F1F,0x1F1F,
	0x1F1F,0x1F1F,0x1F1F,0x1F1F,0x1F1F,0x1F1F,0x1F1F,0x1F1F,
	0x1F1F,0x1F1F,0x1F1F,0x1F1F,0x1F1F,0x1F1F,0x1F1F,0x1F1F,
	0x1F1F,0x1F1F,0x1F1F,0x1F1F,0x1F1F,0x1F1F,0x1F1F,0x1F1F,
	0x1F1F,0x1F1F,0x1F1F,0x1C1F,0x1F1F,0x1F1F,0x1F1F,0x1D1F,
	0x1F1F,0x1F1F,0x1F1F,0x1D1F,0x1F1F,0x1F1F,0x1F1F,0x1A1F,
	0x171F,0x1C16,0x1717,0x1A1C,0x1A17,0x1E15,0x1E1E,0x151E,
	0x1E17,0x1515,0x1515,0x1515,0x1E17,0x1515,0x1515,0x1515,

	0x1A1A,0x1A1A,0x1D1D,0x151E,0x1515,0x1515,0x1515,0x1515,
	0x1515,0x1515,0x1515,0x1515,0x1515,0x1515,0x1515,0x1515,
	0x1515,0x1515,0x1515,0x1515,0x1515,0x1515,0x1515,0x1515,
	0x1515,0x1515,0x1515,0x1515,0x1515,0x1515,0x1515,0x1515,
	0x1515,0x1515,0x1515,0x1515,0x1515,0x1515,0x1515,0x1515,
	0x1515,0x1515,0x1515,0x1515,0x1515,0x1515,0x1515,0x1515,
	0x1515,0x1515,0x1515,0x1515,0x1515,0x1515,0x1515,0x1515,
	0x1515,0x1515,0x1515,0x1515,0x1515,0x1515,0x1515,0x1515,

	0x1515,0x1515,0x1515,0x1515,0x1515,0x1515,0x1515,0x1515,
	0x1515,0x1515,0x1515,0x1515,0x1515,0x1515,0x1515,0x1515,
	0x1515,0x1515,0x1515,0x1515,0x1515,0x1515,0x1515,0x1515,
	0x1515,0x1515,0x1515,0x1515,0x1515,0x1515,0x1515,0x1515,
	0x1515,0x1515,0x1515,0x1515,0x1515,0x1515,0x1515,0x1515,
	0x1515,0x1515,0x1515,0x1515,0x1515,0x1515,0x1515,0x1515,
	0x1515,0x1515,0x1515,0x1515,0x1515,0x1515,0x1515,0x1515,
	0x1515,0x1515,0x1515,0x1515,0x1515,0x1515,0x1515,0x1515,

	0x1515,0x1515,0x1515,0x1515,0x1515,0x1515,0x1515,0x1515,
	0x1515,0x1515,0x1515,0x1515,0x1515,0x1515,0x1515,0x1515,
	0x1515,0x1515,0x1515,0x1515,0x1515,0x1515,0x1515,0x1515,
	0x1515,0x1515,0x1818,0x1818,0x1515,0x1815,0x1313,0x1313,
	0x1515,0x1515,0x1515,0x1815,0x1515,0x1515,0x1515,0x1815,
	0x1515,0x1515,0x1515,0x1815,0x1815,0x1313,0x1818,0x1318,
	0x1315,0x1313,0x1313,0x1313,0x1318,0x1313,0x1313,0x1313,
	0x1313,0x1313,0x1313,0x1313,0x1313,0x1313,0x1313,0x1313,

	0x1313,0x1313,0x1313,0x1313,0x1313,0x1313,0x1313,0x1313,
	0x1313,0x1313,0x1313,0x1313,0x1313,0x1313,0x1313,0x1313,
	0x1313,0x1313,0x1313,0x1313,0x1313,0x1313,0x1313,0x1313,
	0x1313,0x1313,0x1313,0x1313,0x1313,0x1313,0x1313,0x1313,
	0x1313,0x1313,0x1313,0x1313,0x1313,0x1313,0x1313,0x1313,
	0x1313,0x1313,0x1313,0x1313,0x1313,0x1313,0x1313,0x1313,
	0x1313,0x1313,0x1313,0x1313,0x1313,0x1313,0x1313,0x1313,
	0x1313,0x1313,0x1313,0x1313,0x1313,0x1313,0x1313,0x1313,

	0x1313,0x1313,0x1313,0x1313,0x1313,0x1313,0x1313,0x1313,
	0x1313,0x1313,0x1313,0x1313,0x1313,0x1313,0x1313,0x1313,
	0x1313,0x1313,0x1313,0x1313,0x1313,0x1313,0x1313,0x1313,
	0x1313,0x1313,0x1313,0x1313,0x1313,0x1313,0x1313,0x1313,
	0x1813,0x1515,0x1515,0x1515,0x1313,0x1518,0x151E,0x1515,
	0x1313,0x1313,0x1518,0x1515,0x1313,0x1313,0x1313,0x1515,
	0x1313,0x1313,0x1313,0x1515,0x1313,0x1313,0x1813,0x1515,
	0x1313,0x1313,0x1813,0x1515,0x1313,0x1313,0x1813,0x1515,

	0x1515,0x1515,0x1515,0x1515,0x1515,0x1515,0x1515,0x1515,
	0x1515,0x1515,0x1515,0x1515,0x1515,0x1515,0x1515,0x1515,
	0x1515,0x1515,0x1515,0x1515,0x1515,0x1515,0x1515,0x1515,
	0x1515,0x1515,0x1515,0x1515,0x1515,0x1515,0x1515,0x1515,
	0x161E,0x1717,0x1717,0x1717,0x1C1A,0x1717,0x1717,0x1717,
	0x1D1E,0x1D1D,0x1616,0x1C16,0x1515,0x1515,0x1E15,0x161E,
	0x1515,0x1515,0x1515,0x1D15,0x1515,0x1515,0x1515,0x1D1E,
	0x1515,0x1515,0x1515,0x161E,0x1515,0x1515,0x1515,0x161E,

	0x1717,0x1717,0x1F17,0x1F1F,0x1717,0x1717,0x1F17,0x1F1F,
	0x1717,0x1717,0x1F17,0x1F1F,0x1717,0x1717,0x1F17,0x1F1F,
	0x1717,0x1717,0x1717,0x1F1F,0x1717,0x1717,0x1717,0x1717,
	0x1717,0x1717,0x1717,0x1717,0x1617,0x1C1C,0x1717,0x1717,
	0x1F1F,0x1F1F,0x1F1F,0x1F1F,0x1F1F,0x1F1F,0x1F1F,0x1F1F,
	0x1F1F,0x1F1F,0x1F1F,0x1F1F,0x1F1F,0x1F1F,0x1F1F,0x1F1F,
	0x1F1F,0x1F1F,0x1F1F,0x1F1F,0x1717,0x1717,0x1717,0x1F17,
	0x1717,0x1717,0x1717,0x1F17,0x1717,0x1717,0x1717,0x1F17,

	0x1F1F,0x1F1F,0x1F1F,0x1F1F,0x1F1F,0x1F1F,0x1F1F,0x1F1F,
	0x1F1F,0x1F1F,0x1F1F,0x1F1F,0x1F1F,0x1F1F,0x1F1F,0x1F1F,
	0x1F1F,0x1F1F,0x1F1F,0x1F1F,0x1F1F,0x1F1F,0x1F1F,0x1F1F,
	0x1F1F,0x1F1F,0x1F1F,0x1F1F,0x1F1F,0x1F1F,0x1F1F,0x1F1F,
	0x1F1F,0x1F1F,0x1F1F,0x1F1F,0x1F1F,0x1F1F,0x1F1F,0x1F1F,
	0x1F1F,0x1F1F,0x1F1F,0x1F1F,0x1F1F,0x1F1F,0x1F1F,0x1F1F,
	0x1F1F,0x1F1F,0x1F1F,0x1F1F,0x1F1F,0x1F1F,0x1F1F,0x1F1F,
	0x1F1F,0x1F1F,0x1F1F,0x1F1F,0x1F1F,0x1F1F,0x1F1F,0x1F1F,

	0x1F1F,0x1F1F,0x1F1F,0x1F1F,0x1F1F,0x1F1F,0x1F1F,0x1F1F,
	0x1F1F,0x1F1F,0x1F1F,0x1F1F,0x1F1F,0x1F1F,0x1F1F,0x1F1F,
	0x1F1F,0x1F1F,0x1F1F,0x1F1F,0x1F1F,0x1F1F,0x1F1F,0x1F1F,
	0x1F1F,0x1F1F,0x1F1F,0x1F1F,0x1F1F,0x1F1F,0x1F1F,0x1F1F,
	0x1F1F,0x1F1F,0x1F1F,0x1F1F,0x1F1F,0x1F1F,0x1F1F,0x1F1F,
	0x1F1F,0x1F1F,0x1F1F,0x1F1F,0x1F1F,0x1F1F,0x1F1F,0x1F1F,
	0x1F1F,0x1F1F,0x1F1F,0x1F1F,0x1F1F,0x1F1F,0x1F1F,0x1F1F,
	0x1F1F,0x1F1F,0x1F1F,0x1F1F,0x1F1F,0x1F1F,0x1F1F,0x1F1F,

	0x1F1F,0x1F1F,0x1F1F,0x1F1F,0x1F1F,0x1F1F,0x1F1F,0x1F1F,
	0x1F1F,0x1F1F,0x1F1F,0x1F1F,0x1F1F,0x1F1F,0x1F1F,0x1F1F,
	0x1F1F,0x1F1F,0x1F1F,0x1F1F,0x1F1F,0x1F1F,0x1F1F,0x1F1F,
	0x1F1F,0x1F1F,0x1F1F,0x1F1F,0x1F1F,0x1F1F,0x1F1F,0x1F1F,
	0x1F1F,0x1F1F,0x1F1F,0x1F1F,0x1F1F,0x1F1F,0x1F1F,0x1F1F,
	0x1F1F,0x1F1F,0x1F1F,0x1F1F,0x1F1F,0x1F1F,0x1F1F,0x1F1F,
	0x1F1F,0x1F1F,0x1F1F,0x1F1F,0x1F1F,0x1F1F,0x1F1F,0x1F1F,
	0x1F1F,0x1F1F,0x1F1F,0x1F1F,0x1F1F,0x1F1F,0x1F1F,0x1F1F,

	0x1F1F,0x1F1F,0x1F1F,0x1F1F,0x1F1F,0x1F1F,0x1F1F,0x1F1F,
	0x1F1F,0x1F1F,0x1F1F,0x1F1F,0x1F1F,0x1F1F,0x1F1F,0x1F1F,
	0x1F1F,0x1F1F,0x1F1F,0x1F1F,0x1F1F,0x1F1F,0x1F1F,0x1F1F,
	0x1F1F,0x1F1F,0x1F1F,0x1F1F,0x1F1F,0x1F1F,0x1F1F,0x1F1F,
	0x1F1F,0x1F1F,0x1F1F,0x1F1F,0x1F1F,0x1F1F,0x1F1F,0x1F1F,
	0x1F1F,0x1F1F,0x1F1F,0x1F1F,0x1F1F,0x1F1F,0x1F1F,0x1F1F,
	0x1F1F,0x1F1F,0x1F1F,0x1F1F,0x1F1F,0x1F1F,0x1F1F,0x1F1F,
	0x1F1F,0x1F1F,0x1F1F,0x1F1F,0x1F1F,0x1F1F,0x1F1F,0x1F1F,

	0x1F1F,0x1F1F,0x1F1F,0x1717,0x1F1F,0x1F1F,0x1F1F,0x1717,
	0x1F1F,0x1F1F,0x1F1F,0x1717,0x1F1F,0x1F1F,0x1F1F,0x1717,
	0x1F1F,0x1F1F,0x1F1F,0x1717,0x1F1F,0x1F1F,0x1717,0x1717,
	0x1F1F,0x1F1F,0x1717,0x1717,0x171F,0x1717,0x1717,0x1717,
	0x1717,0x1717,0x1717,0x1717,0x1717,0x1717,0x1717,0x1717,
	0x1717,0x1717,0x1717,0x1717,0x1717,0x1717,0x1717,0x1717,
	0x1717,0x161C,0x1616,0x1616,0x1717,0x151D,0x1818,0x1818,
	0x1717,0x131A,0x1313,0x1313,0x1717,0x131A,0x1313,0x1813,

	0x1717,0x1717,0x1717,0x1717,0x1717,0x1717,0x1C17,0x1C16,
	0x1717,0x161C,0x1A1D,0x1E1E,0x1717,0x1516,0x1518,0x1515,
	0x1616,0x181D,0x1813,0x1515,0x1818,0x1318,0x1813,0x1515,
	0x1313,0x1313,0x1813,0x1515,0x1818,0x1818,0x1518,0x1515,
	0x1717,0x1717,0x1717,0x1717,0x171C,0x1717,0x161C,0x1D1D,
	0x1A1E,0x1A1A,0x151A,0x1515,0x1515,0x1515,0x1515,0x1515,
	0x1515,0x1515,0x1515,0x1515,0x1515,0x1515,0x1515,0x1515,
	0x1515,0x1515,0x1515,0x1515,0x1515,0x1515,0x1515,0x1515,

	0x1717,0x1717,0x1717,0x1717,0x1D1D,0x161D,0x171C,0x1717,
	0x1515,0x1518,0x1D1A,0x1D1D,0x1515,0x1515,0x1515,0x1515,
	0x1515,0x1515,0x1515,0x1815,0x1515,0x1515,0x1515,0x1815,
	0x1515,0x1515,0x1515,0x1815,0x1515,0x1515,0x1515,0x1515,
	0x1717,0x1717,0x1717,0x1717,0x1717,0x1717,0x1717,0x1717,
	0x1D1D,0x1D1D,0x1616,0x1717,0x1818,0x1818,0x1A15,0x171C,
	0x1313,0x1313,0x1E13,0x171C,0x1313,0x1313,0x1E13,0x171C,
	0x1313,0x1313,0x1513,0x1616,0x1815,0x1818,0x1818,0x1515,

	0x1C17,0x1C1C,0x1F17,0x1F1F,0x1D16,0x1A1A,0x1D1D,0x161D,
	0x1E16,0x1515,0x1515,0x1515,0x1E1D,0x1515,0x1515,0x1515,
	0x151D,0x1515,0x1515,0x1515,0x151D,0x1515,0x1515,0x1515,
	0x151A,0x1515,0x1515,0x1515,0x1515,0x1515,0x1515,0x1515,
	0x1F1F,0x1F1F,0x1F1F,0x1F1F,0x1616,0x1717,0x1F1F,0x1F1F,
	0x1E15,0x1D1E,0x1F17,0x1F1F,0x1515,0x1A15,0x1F17,0x1F1F,
	0x1515,0x1A15,0x1F1F,0x1F1F,0x1515,0x1E15,0x161D,0x171C,
	0x1515,0x1515,0x1515,0x1E15,0x1515,0x1515,0x1515,0x1515,

	0x1F1F,0x1F1F,0x1F1F,0x1F1F,0x1F1F,0x1F1F,0x1F1F,0x1F1F,
	0x1F1F,0x1F1F,0x1F1F,0x1F1F,0x1F1F,0x1F1F,0x1F1F,0x1F1F,
	0x1F1F,0x1F1F,0x1F1F,0x1F1F,0x1F17,0x1F1F,0x1F1F,0x1F1F,
	0x1A1E,0x1F1C,0x1F1F,0x1F1F,0x1515,0x1F1A,0x1F1F,0x1F1F,
	0x1F1F,0x1F1F,0x1F1F,0x1F1F,0x1F1F,0x1F1F,0x1F1F,0x1F1F,
	0x1F1F,0x1F1F,0x1F1F,0x1F1F,0x1F1F,0x1F1F,0x1F1F,0x1F1F,
	0x1F1F,0x1F1F,0x1F1F,0x1F1F,0x1F1F,0x1F1F,0x1F1F,0x1F1F,
	0x1F1F,0x1F1F,0x1F1F,0x1F1F,0x1F1F,0x1F1F,0x1F1F,0x1F1F,

	0x1F1F,0x1F1F,0x1F1F,0x1F1F,0x1F1F,0x1F1F,0x1F1F,0x1F1F,
	0x1F1F,0x1F1F,0x1F1F,0x1F1F,0x1F1F,0x1F1F,0x1F1F,0x1717,
	0x1F1F,0x1F1F,0x171F,0x1717,0x1F1F,0x1F1F,0x171F,0x1717,
	0x1F1F,0x1F1F,0x171F,0x1717,0x1F1F,0x1F1F,0x1F1F,0x1717,
	0x1F1F,0x1F1F,0x1F1F,0x1D1F,0x171F,0x1717,0x1717,0x1D17,
	0x1717,0x1717,0x1717,0x1A17,0x1717,0x1717,0x1717,0x1A1C,
	0x1717,0x1717,0x1717,0x1A1C,0x1717,0x161C,0x161D,0x1E1D,
	0x1717,0x1E16,0x1E15,0x151E,0x1717,0x1E16,0x1515,0x1515,

	0x1515,0x1515,0x1515,0x1515,0x1515,0x1515,0x1515,0x1515,
	0x1515,0x1515,0x1515,0x1515,0x1515,0x1515,0x1515,0x1515,
	0x1515,0x1515,0x1515,0x1515,0x1515,0x1515,0x1515,0x1515,
	0x1515,0x1515,0x1515,0x1515,0x1515,0x1515,0x1515,0x1515,
	0x1515,0x1515,0x1515,0x1515,0x1515,0x1515,0x1515,0x1515,
	0x1515,0x1515,0x1515,0x1515,0x1515,0x1515,0x1515,0x1515,
	0x1515,0x1515,0x1515,0x1515,0x1515,0x1815,0x1515,0x1515,
	0x1515,0x1318,0x1515,0x1515,0x1515,0x1313,0x1515,0x1515,

	0x1515,0x1515,0x1515,0x1515,0x1515,0x1515,0x1515,0x1515,
	0x1515,0x1515,0x1515,0x1515,0x1515,0x1515,0x1515,0x1515,
	0x1515,0x1515,0x1515,0x1515,0x1515,0x1515,0x1515,0x1515,
	0x1515,0x1515,0x1515,0x1515,0x1515,0x1515,0x1515,0x1515,
	0x1515,0x1515,0x1515,0x1515,0x1515,0x1515,0x1515,0x1515,
	0x1515,0x1515,0x1515,0x1515,0x1515,0x1515,0x1515,0x1515,
	0x1515,0x1515,0x1515,0x1515,0x1515,0x1515,0x1515,0x1515,
	0x1515,0x1515,0x1515,0x1515,0x1515,0x1515,0x1515,0x1818,

	0x1515,0x1515,0x1515,0x1515,0x1515,0x1515,0x1515,0x1515,
	0x1515,0x1515,0x1515,0x1515,0x1515,0x1515,0x1515,0x1515,
	0x1515,0x1515,0x1515,0x1515,0x1515,0x1515,0x1515,0x1515,
	0x1515,0x1515,0x1515,0x1515,0x1818,0x1515,0x1515,0x1515,
	0x1515,0x1515,0x1515,0x171D,0x1515,0x1515,0x1515,0x1D1A,
	0x1515,0x1515,0x1515,0x1515,0x1515,0x1515,0x1515,0x1515,
	0x1515,0x1515,0x1515,0x1515,0x1515,0x1515,0x1515,0x1515,
	0x1515,0x1515,0x1515,0x1515,0x1515,0x1515,0x1515,0x1515,

	0x1717,0x1717,0x1717,0x1717,0x1616,0x1616,0x1C16,0x1717,
	0x1E15,0x1E1E,0x1D1A,0x1717,0x1515,0x1515,0x1A15,0x1717,
	0x1515,0x1515,0x1D15,0x1717,0x1515,0x1515,0x1D15,0x1717,
	0x1515,0x1515,0x1A15,0x1616,0x1515,0x1515,0x1515,0x1515,
	0x1717,0x1717,0x1717,0x1F1F,0x1717,0x1717,0x1717,0x1F1F,
	0x1717,0x1717,0x1717,0x1F1F,0x1717,0x1717,0x1717,0x1F17,
	0x1717,0x1717,0x1717,0x1717,0x1717,0x1C17,0x1616,0x1616,
	0x1C1C,0x1E16,0x1515,0x1515,0x1515,0x1315,0x1313,0x1313,

	0x1F1F,0x1F1F,0x1F1F,0x1F1F,0x1F1F,0x1F1F,0x1F1F,0x1F1F,
	0x1F1F,0x1F1F,0x1F1F,0x1F1F,0x1F1F,0x1F1F,0x1F1F,0x1F1F,
	0x1717,0x1717,0x1717,0x1717,0x1C16,0x1717,0x1717,0x1717,
	0x1D15,0x171C,0x1717,0x1717,0x1513,0x161D,0x1616,0x1616,
	0x1F1F,0x1F1F,0x1F1F,0x1F1F,0x1F1F,0x1F1F,0x1F1F,0x1F1F,
	0x1F1F,0x1F1F,0x1F1F,0x1F1F,0x1F1F,0x1F1F,0x1F1F,0x1F1F,
	0x1F17,0x1F1F,0x1F1F,0x1F1F,0x1717,0x1717,0x1717,0x1717,
	0x1717,0x1717,0x1717,0x1717,0x1616,0x1616,0x171C,0x1C17,

	0x1F1F,0x1F1F,0x1F1F,0x1F1F,0x1F1F,0x1F1F,0x1F1F,0x1F1F,
	0x1F1F,0x1F1F,0x1F1F,0x171F,0x1F1F,0x1F1F,0x1F1F,0x171F,
	0x1F1F,0x171F,0x1D1D,0x1D1D,0x1717,0x1D17,0x1515,0x1515,
	0x1717,0x1A17,0x1515,0x1515,0x1616,0x1A16,0x1515,0x1515,
	0x1F1F,0x1F1F,0x1F1F,0x1F1F,0x1F1F,0x1F1F,0x1F1F,0x1F1F,
	0x1717,0x1717,0x1717,0x1717,0x1717,0x1717,0x1717,0x1717,
	0x161D,0x1616,0x1C16,0x1717,0x1E15,0x1E1E,0x1A1A,0x1716,
	0x1515,0x1515,0x1515,0x171D,0x1515,0x1515,0x1515,0x1C1D,

	0x1717,0x1717,0x1717,0x1717,0x1717,0x1717,0x1717,0x1717,
	0x1717,0x1717,0x1717,0x1717,0x1717,0x1717,0x1717,0x1717,
	0x1717,0x1717,0x1717,0x1717,0x1717,0x1717,0x1717,0x1717,
	0x1717,0x1717,0x1717,0x1717,0x171C,0x1717,0x1717,0x1717,
	0x1717,0x1717,0x1717,0x1717,0x1717,0x1717,0x1717,0x1717,
	0x1717,0x1717,0x1717,0x1717,0x1717,0x1717,0x1717,0x1717,
	0x1717,0x1717,0x1717,0x1717,0x1717,0x1717,0x1717,0x1717,
	0x1717,0x1717,0x1717,0x1717,0x1717,0x1717,0x1717,0x1717,

	0x1F1F,0x1F1F,0x1F1F,0x1F1F,0x1717,0x1717,0x1717,0x1717,
	0x1717,0x1717,0x1717,0x1717,0x1717,0x1717,0x1717,0x1717,
	0x1717,0x1717,0x1717,0x1717,0x1717,0x1717,0x1717,0x1717,
	0x1717,0x1717,0x1717,0x1717,0x1717,0x1717,0x1717,0x1717,
	0x1F1F,0x1F1F,0x1F1F,0x1F1F,0x1717,0x1717,0x1717,0x1717,
	0x1717,0x1717,0x1717,0x1717,0x1717,0x1717,0x1717,0x1717,
	0x1717,0x1717,0x1717,0x1717,0x1717,0x1717,0x1717,0x1717,
	0x1717,0x1717,0x1717,0x1717,0x1717,0x1717,0x1717,0x1717,

	0x1F1F,0x1F1F,0x1F1F,0x1F1F,0x1717,0x1717,0x1717,0x1717,
	0x1717,0x1717,0x1717,0x1717,0x1717,0x1717,0x1717,0x1717,
	0x1717,0x1717,0x1717,0x1717,0x1717,0x1717,0x1717,0x1717,
	0x1717,0x1717,0x1717,0x1717,0x1717,0x1717,0x1717,0x1717,
	0x171F,0x1717,0x1717,0x1717,0x1717,0x1717,0x1717,0x1717,
	0x1717,0x1717,0x1717,0x1717,0x1717,0x1717,0x1717,0x1717,
	0x1717,0x1717,0x1717,0x1717,0x1717,0x1717,0x1717,0x1717,
	0x1717,0x1717,0x1717,0x1717,0x1717,0x1717,0x1717,0x1717,

	0x1717,0x1717,0x1717,0x1717,0x1717,0x1717,0x1717,0x1717,
	0x1717,0x1717,0x1717,0x1717,0x1717,0x1717,0x1717,0x1717,
	0x1717,0x1717,0x1717,0x1717,0x1717,0x1717,0x1C17,0x1616,
	0x1717,0x1717,0x1D17,0x1815,0x1717,0x1717,0x1D17,0x1313,
	0x1717,0x1F1F,0x1F1F,0x1F1F,0x1717,0x1F1F,0x1F1F,0x1F1F,
	0x1717,0x1717,0x1717,0x1717,0x1717,0x1717,0x1717,0x1717,
	0x1717,0x1717,0x1717,0x1717,0x1616,0x1616,0x1C16,0x1C1C,
	0x1818,0x1518,0x1515,0x1515,0x1313,0x1313,0x1313,0x1313,

	0x1F1F,0x1F1F,0x1F1F,0x1F1F,0x1F1F,0x1F1F,0x1F1F,0x1F1F,
	0x1717,0x1717,0x1717,0x1717,0x1717,0x1717,0x1717,0x1717,
	0x1717,0x1717,0x1717,0x1717,0x1616,0x1616,0x1616,0x171C,
	0x1815,0x1818,0x1518,0x1C16,0x1313,0x1313,0x1813,0x1D1D,
	0x1717,0x1717,0x1717,0x1717,0x1717,0x1717,0x1717,0x1717,
	0x1717,0x1717,0x1717,0x1717,0x1717,0x1717,0x1717,0x1717,
	0x1717,0x1717,0x1717,0x1717,0x1717,0x1717,0x1717,0x1717,
	0x1616,0x1616,0x1C16,0x1C1C,0x1E1E,0x1E1E,0x1A1A,0x1D1A,

	0x1F17,0x1F1F,0x1F1F,0x1F1F,0x1717,0x1F17,0x1F1F,0x1F1F,
	0x1717,0x1717,0x1F17,0x171F,0x1717,0x1717,0x1717,0x1717,
	0x1717,0x1717,0x1717,0x1717,0x1717,0x1717,0x1717,0x1717,
	0x1717,0x1717,0x1717,0x1717,0x1D1D,0x1716,0x1717,0x1717,
	0x1F1F,0x1F1F,0x1F1F,0x1F1F,0x1F1F,0x1F1F,0x1F1F,0x1F1F,
	0x1717,0x1F1F,0x1F1F,0x1F1F,0x1717,0x1F1F,0x1F1F,0x1F1F,
	0x1717,0x1F1F,0x1F1F,0x1F1F,0x1717,0x1F1F,0x1F1F,0x1F1F,
	0x1717,0x1F1F,0x1F1F,0x1F1F,0x1717,0x1F1F,0x1F1F,0x1F1F,

	0x1F1F,0x1F1F,0x1F1F,0x1F1F,0x1F1F,0x1F1F,0x1F1F,0x1F1F,
	0x1F1F,0x1F1F,0x1F1F,0x1F1F,0x1F1F,0x1F1F,0x1F1F,0x1F1F,
	0x1F1F,0x1F1F,0x1F1F,0x1F1F,0x1F1F,0x1F1F,0x1F1F,0x1F1F,
	0x1F1F,0x1F1F,0x1F1F,0x1F1F,0x1F1F,0x1F1F,0x1F1F,0x1F1F,
	0x1F1F,0x1F1F,0x1F1F,0x1F1F,0x1F1F,0x1F1F,0x1F1F,0x1F1F,
	0x1F1F,0x1F1F,0x1F1F,0x1F1F,0x1F1F,0x1F1F,0x1F1F,0x1F1F,
	0x1F1F,0x1F1F,0x1F1F,0x1F1F,0x1F1F,0x1F1F,0x1F1F,0x1F1F,
	0x1F1F,0x1F1F,0x1F1F,0x1F1F,0x1F1F,0x1F1F,0x1F1F,0x1F1F,

	0x1F1F,0x1F1F,0x1F1F,0x1F1F,0x1F1F,0x1F1F,0x1F1F,0x1F1F,
	0x1F1F,0x1F1F,0x1F1F,0x1F1F,0x1F1F,0x1F1F,0x1F1F,0x1F1F,
	0x1F1F,0x1F1F,0x1F1F,0x1F1F,0x1F1F,0x1F1F,0x1F1F,0x1F1F,
	0x1F1F,0x1F1F,0x1F1F,0x1F1F,0x1F1F,0x1F1F,0x1F1F,0x1F1F,
	0x1F1F,0x1F1F,0x1F1F,0x1F1F,0x1F1F,0x1F1F,0x1F1F,0x1F1F,
	0x1F1F,0x1F1F,0x1F1F,0x1F1F,0x1F1F,0x1F1F,0x1F1F,0x1F1F,
	0x1F1F,0x1F1F,0x1F1F,0x1F1F,0x1F1F,0x1F1F,0x1F1F,0x1F1F,
	0x1F1F,0x1F1F,0x1F1F,0x1F1F,0x1F1F,0x1F1F,0x1F1F,0x1F1F,

	0x1F1F,0x1F1F,0x1F1F,0x1F1F,0x1F1F,0x1F1F,0x1F1F,0x1F1F,
	0x1F1F,0x1F1F,0x1C17,0x171C,0x1F1F,0x1C1F,0x151E,0x1E1E,
	0x1F1F,0x1A1F,0x1515,0x1515,0x1F1F,0x1A1F,0x1515,0x1515,
	0x1F1F,0x1E1F,0x1515,0x1515,0x1F1F,0x1E17,0x1515,0x1515,
	0x1E1C,0x1515,0x1515,0x1515,0x1516,0x1515,0x1515,0x1515,
	0x151D,0x1515,0x1515,0x1515,0x151E,0x1515,0x1515,0x1515,
	0x1515,0x1515,0x1515,0x1515,0x1515,0x1515,0x1515,0x1515,
	0x1515,0x1515,0x1515,0x1515,0x1515,0x1515,0x1515,0x1515,

	0x1515,0x1515,0x1515,0x1515,0x1515,0x1515,0x1515,0x1515,
	0x1515,0x1515,0x1515,0x1515,0x1515,0x1515,0x1515,0x1515,
	0x1515,0x1515,0x1515,0x1515,0x1515,0x1515,0x1515,0x1515,
	0x1515,0x1515,0x1515,0x1515,0x1515,0x1515,0x1515,0x1515,
	0x1515,0x1515,0x1515,0x1515,0x1515,0x1515,0x1515,0x1515,
	0x1515,0x1515,0x1515,0x1515,0x1515,0x1515,0x1515,0x1515,
	0x1515,0x1515,0x1515,0x1515,0x1515,0x1515,0x1515,0x1515,
	0x1515,0x1515,0x1515,0x1515,0x1515,0x1515,0x1515,0x1515,

	0x1515,0x1515,0x1515,0x1515,0x1515,0x1515,0x1515,0x1515,
	0x1515,0x1515,0x1515,0x1515,0x1515,0x1515,0x1515,0x1515,
	0x1515,0x1515,0x1515,0x1515,0x1515,0x1515,0x1515,0x1515,
	0x1515,0x1515,0x1515,0x1515,0x1515,0x1515,0x1515,0x1315,
	0x1515,0x1515,0x1515,0x1515,0x1515,0x1515,0x1515,0x1515,
	0x1515,0x1515,0x1815,0x1313,0x1515,0x1515,0x1815,0x1313,
	0x1515,0x1515,0x1815,0x1313,0x1515,0x1515,0x1815,0x1313,
	0x1818,0x1515,0x1315,0x1313,0x1313,0x1313,0x1313,0x1313,

	0x1515,0x1815,0x1313,0x1313,0x1515,0x1815,0x1313,0x1313,
	0x1813,0x1318,0x1313,0x1313,0x1313,0x1313,0x1313,0x1313,
	0x1313,0x1313,0x1313,0x1313,0x1313,0x1313,0x1313,0x1313,
	0x1313,0x1313,0x1313,0x1313,0x1313,0x1313,0x1313,0x1313,
	0x1313,0x1313,0x1313,0x1313,0x1313,0x1313,0x1313,0x1313,
	0x1313,0x1313,0x1313,0x1313,0x1313,0x1313,0x1313,0x1313,
	0x1313,0x1313,0x1313,0x1313,0x1313,0x1313,0x1313,0x1313,
	0x1313,0x1313,0x1313,0x1313,0x1313,0x1313,0x1313,0x1313,

	0x1313,0x1313,0x1313,0x1313,0x1313,0x1313,0x1313,0x1313,
	0x1313,0x1313,0x1313,0x1313,0x1313,0x1313,0x1313,0x1313,
	0x1313,0x1313,0x1313,0x1313,0x1313,0x1313,0x1313,0x1313,
	0x1313,0x1313,0x1313,0x1313,0x1313,0x1313,0x1313,0x1313,
	0x1313,0x1313,0x1313,0x1313,0x1313,0x1313,0x1313,0x1313,
	0x1313,0x1313,0x1313,0x1313,0x1313,0x1313,0x1313,0x1313,
	0x1313,0x1313,0x1313,0x1313,0x1313,0x1313,0x1313,0x1313,
	0x1313,0x1313,0x1313,0x1313,0x1313,0x1313,0x1313,0x1313,

	0x1313,0x1313,0x1313,0x1313,0x1313,0x1313,0x1313,0x1313,
	0x1313,0x1313,0x1313,0x1313,0x1313,0x1313,0x1313,0x1313,
	0x1313,0x1313,0x1313,0x1313,0x1313,0x1313,0x1313,0x1313,
	0x1313,0x1313,0x1313,0x1313,0x1313,0x1313,0x1313,0x1313,
	0x1313,0x1313,0x1313,0x1813,0x1313,0x1313,0x1313,0x1313,
	0x1313,0x1313,0x1313,0x1313,0x1313,0x1313,0x1313,0x1313,
	0x1313,0x1313,0x1313,0x1313,0x1313,0x1313,0x1313,0x1313,
	0x1313,0x1313,0x1313,0x1313,0x1313,0x1313,0x1313,0x1313,

	0x1818,0x1E15,0x1515,0x1515,0x1313,0x1518,0x1515,0x1515,
	0x1313,0x1313,0x1515,0x1515,0x1313,0x1313,0x1515,0x1515,
	0x1313,0x1313,0x1518,0x1515,0x1313,0x1313,0x1313,0x1313,
	0x1313,0x1313,0x1313,0x1313,0x1313,0x1313,0x1313,0x1313,
	0x1515,0x1515,0x1515,0x161E,0x1515,0x1515,0x1515,0x1515,
	0x1515,0x1515,0x1515,0x1318,0x1515,0x1515,0x1515,0x1318,
	0x1515,0x1515,0x1515,0x1318,0x1818,0x1818,0x1818,0x1313,
	0x1313,0x1313,0x1313,0x1313,0x1313,0x1313,0x1313,0x1313,

	0x1E1D,0x1A1A,0x1D1D,0x1D1D,0x1515,0x1515,0x1515,0x1515,
	0x1513,0x1515,0x1515,0x1515,0x1513,0x1515,0x1515,0x1515,
	0x1513,0x1515,0x1515,0x1515,0x1513,0x1515,0x1515,0x1515,
	0x1513,0x1515,0x1515,0x1515,0x1513,0x1515,0x1515,0x1515,
	0x1616,0x1616,0x171C,0x1717,0x1E15,0x1A1E,0x1716,0x1717,
	0x1515,0x1E15,0x171D,0x1617,0x1515,0x1E15,0x161D,0x1A16,
	0x1515,0x1515,0x1515,0x1515,0x1515,0x1515,0x1313,0x1313,
	0x1515,0x1515,0x1818,0x1318,0x1515,0x1515,0x1515,0x1515,

	0x1717,0x1717,0x1717,0x1717,0x1C1C,0x1C1C,0x1C1C,0x171C,
	0x151E,0x1515,0x1E15,0x1C16,0x1318,0x1313,0x1313,0x1E15,
	0x1313,0x1313,0x1313,0x1313,0x1313,0x1313,0x1313,0x1313,
	0x1313,0x1313,0x1313,0x1313,0x1815,0x1313,0x1313,0x1313,
	0x1717,0x1717,0x1717,0x1717,0x1717,0x1717,0x1717,0x1717,
	0x1C1C,0x1C1C,0x1C1C,0x1C1C,0x1E1E,0x1E1E,0x1E1E,0x1D1E,
	0x1313,0x1313,0x1313,0x1513,0x1313,0x1313,0x1313,0x1513,
	0x1313,0x1313,0x1313,0x1513,0x1313,0x1313,0x1313,0x1813,

	0x1717,0x1717,0x1717,0x1F17,0x1717,0x1717,0x1717,0x1717,
	0x1717,0x1717,0x1717,0x1717,0x171C,0x1717,0x1717,0x1717,
	0x1716,0x1717,0x1717,0x1617,0x1716,0x1717,0x1717,0x1A1C,
	0x1716,0x1717,0x1717,0x1A1C,0x1D1A,0x1D1D,0x1D1D,0x1E1A,
	0x1F1F,0x171F,0x1717,0x1717,0x1717,0x1717,0x1717,0x1717,
	0x1717,0x1717,0x1717,0x1717,0x1717,0x1717,0x1717,0x1717,
	0x1D1D,0x1D1D,0x1616,0x1616,0x1515,0x1515,0x1E1E,0x1E1E,
	0x1515,0x1515,0x1515,0x1515,0x1515,0x1515,0x1515,0x1515,

	0x1F17,0x1F1F,0x1717,0x1717,0x1717,0x1717,0x1717,0x1717,
	0x1717,0x1717,0x1717,0x1717,0x1717,0x1717,0x1717,0x1717,
	0x1C1C,0x1717,0x1717,0x1717,0x1A1E,0x1C1D,0x1C1C,0x1717,
	0x1515,0x1A1E,0x1A1A,0x1D1D,0x1515,0x1515,0x1515,0x1515,
	0x1717,0x1F17,0x1F1F,0x1F1F,0x1717,0x1F17,0x1F1F,0x1F1F,
	0x1717,0x1717,0x1F1F,0x1F1F,0x1717,0x1717,0x1717,0x1717,
	0x1717,0x1717,0x1717,0x1717,0x1717,0x1717,0x1717,0x1717,
	0x161D,0x171C,0x1717,0x1717,0x1A15,0x1716,0x1717,0x1717,

	0x1F1F,0x1F1F,0x1F1F,0x1F1F,0x1F1F,0x1F1F,0x1F1F,0x1F1F,
	0x1F1F,0x1F1F,0x1F1F,0x1F1F,0x1717,0x1F17,0x1F1F,0x1F1F,
	0x1717,0x1F17,0x1F1F,0x1F1F,0x1717,0x1F17,0x1F1F,0x1F1F,
	0x1717,0x1F17,0x1F1F,0x1F1F,0x1717,0x1F17,0x1F1F,0x1F1F,
	0x1F1F,0x1F1F,0x1F1F,0x1F1F,0x1F1F,0x1F1F,0x1F1F,0x1F1F,
	0x1F1F,0x1F1F,0x1F1F,0x1F1F,0x1F1F,0x1F1F,0x1F1F,0x1F1F,
	0x1F1F,0x1F1F,0x1F1F,0x1F1F,0x1F1F,0x1F1F,0x1F1F,0x1F1F,
	0x1F1F,0x1F1F,0x1F1F,0x1F1F,0x1F1F,0x1F1F,0x1F1F,0x1F1F,

	0x171F,0x1717,0x1717,0x1717,0x171F,0x1717,0x1717,0x1717,
	0x171F,0x1717,0x1717,0x1D16,0x171F,0x1717,0x1C17,0x181A,
	0x171F,0x1717,0x1C17,0x131E,0x171F,0x1717,0x1C17,0x131E,
	0x171F,0x1717,0x1C17,0x131E,0x171F,0x1717,0x1C17,0x131E,
	0x1717,0x131A,0x1313,0x1813,0x1717,0x131A,0x1313,0x1513,
	0x1D1D,0x1315,0x1313,0x1513,0x1818,0x1313,0x1313,0x1513,
	0x1313,0x1313,0x1313,0x1513,0x1313,0x1313,0x1313,0x1513,
	0x1313,0x1313,0x1313,0x1518,0x1313,0x1313,0x1313,0x1518,

	0x1515,0x1515,0x1515,0x1515,0x1515,0x1515,0x1515,0x1515,
	0x1515,0x1515,0x1515,0x1515,0x1515,0x1515,0x1515,0x1515,
	0x1515,0x1515,0x1515,0x1515,0x1515,0x1515,0x1515,0x1515,
	0x1515,0x1515,0x1515,0x1515,0x1515,0x1515,0x1515,0x1515,
	0x1515,0x1515,0x1515,0x1515,0x1515,0x1515,0x1515,0x1515,
	0x1515,0x1515,0x1515,0x1515,0x1515,0x1515,0x1515,0x1515,
	0x1515,0x1515,0x1515,0x1515,0x1815,0x1818,0x1818,0x1818,
	0x1315,0x1313,0x1313,0x1313,0x1315,0x1313,0x1313,0x1313,

	0x1515,0x1515,0x1515,0x1515,0x1515,0x1515,0x1515,0x1515,
	0x1515,0x1515,0x1515,0x1515,0x1515,0x1515,0x1515,0x1515,
	0x1515,0x1515,0x1515,0x1515,0x1813,0x1518,0x1515,0x1515,
	0x1313,0x1813,0x1515,0x1515,0x1313,0x1813,0x1515,0x1515,
	0x1515,0x1515,0x1515,0x1318,0x1515,0x1515,0x1515,0x1318,
	0x1515,0x1515,0x1515,0x1313,0x1515,0x1515,0x1515,0x1318,
	0x1515,0x1515,0x1515,0x1815,0x1515,0x1515,0x1515,0x1515,
	0x1515,0x1515,0x1515,0x1515,0x1515,0x1515,0x1515,0x1515,

	0x1518,0x1515,0x1515,0x1515,0x1518,0x1515,0x1515,0x1515,
	0x1518,0x1515,0x1515,0x1515,0x1518,0x1515,0x1515,0x1515,
	0x1818,0x1818,0x1818,0x1518,0x1515,0x1515,0x1318,0x1518,
	0x1515,0x1515,0x1318,0x1518,0x1515,0x1515,0x1318,0x1518,
	0x1515,0x1515,0x1515,0x1515,0x1515,0x1515,0x1515,0x1515,
	0x1515,0x1515,0x1515,0x1515,0x1515,0x1515,0x1515,0x1515,
	0x1515,0x1515,0x1515,0x1515,0x1515,0x1515,0x1515,0x1515,
	0x1515,0x1515,0x1515,0x1515,0x1515,0x1515,0x1515,0x1515,

	0x1515,0x1F1A,0x1F1F,0x1F1F,0x1515,0x1F1A,0x1F1F,0x1F1F,
	0x1515,0x1C1A,0x171C,0x1717,0x1515,0x1515,0x1E1E,0x1A1E,
	0x1515,0x1515,0x1515,0x1515,0x1515,0x1515,0x1515,0x1515,
	0x1515,0x1515,0x1515,0x1515,0x1515,0x1515,0x1515,0x1515,
	0x1F1F,0x1F1F,0x1F1F,0x1F1F,0x1F1F,0x1F1F,0x1F1F,0x1F1F,
	0x1F1F,0x1F1F,0x1F1F,0x1F1F,0x1F16,0x1F1F,0x1F1F,0x1F1F,
	0x1F1A,0x1F1F,0x1F1F,0x1F1F,0x1F1A,0x1F1F,0x1F1F,0x1F1F,
	0x1F1D,0x1F1F,0x1F1F,0x1F1F,0x171A,0x1717,0x1F1F,0x1F1F,

	0x1F1F,0x1F1F,0x1F1F,0x1F1F,0x1F1F,0x1F1F,0x1F1F,0x1F1F,
	0x1F1F,0x1F1F,0x1F1F,0x1F1F,0x1F1F,0x1F1F,0x1F1F,0x1F1F,
	0x1F1F,0x1F1F,0x1F1F,0x1F1F,0x1F1F,0x1F1F,0x1F1F,0x1F1F,
	0x1F1F,0x1F1F,0x1F1F,0x1F1F,0x1F1F,0x1F1F,0x1F1F,0x1F1F,
	0x1F1F,0x151D,0x1515,0x1515,0x1F1F,0x151D,0x1515,0x1515,
	0x1F1F,0x151D,0x1515,0x1515,0x1F1F,0x151D,0x1515,0x1515,
	0x1F1F,0x151D,0x1515,0x1515,0x1F1F,0x151D,0x1515,0x1515,
	0x1F1F,0x151A,0x1515,0x1515,0x171F,0x151A,0x1515,0x1515,

	0x1515,0x1515,0x1515,0x1515,0x1515,0x1515,0x1515,0x1515,
	0x1515,0x1515,0x1515,0x1818,0x1515,0x1515,0x1815,0x1313,
	0x1515,0x1515,0x1315,0x1313,0x1515,0x1515,0x1315,0x1313,
	0x1515,0x1515,0x1815,0x1313,0x1515,0x1515,0x1515,0x1313,
	0x1815,0x1313,0x1515,0x1515,0x1815,0x1313,0x1515,0x1515,
	0x1318,0x1313,0x1818,0x1515,0x1313,0x1313,0x1313,0x1313,
	0x1313,0x1313,0x1313,0x1313,0x1313,0x1313,0x1313,0x1313,
	0x1313,0x1313,0x1313,0x1313,0x1313,0x1313,0x1313,0x1313,

	0x1515,0x1515,0x1515,0x1515,0x1515,0x1515,0x1515,0x1318,
	0x1515,0x1515,0x1515,0x1313,0x1313,0x1818,0x1818,0x1313,
	0x1313,0x1313,0x1313,0x1313,0x1313,0x1313,0x1313,0x1313,
	0x1313,0x1313,0x1313,0x1313,0x1313,0x1313,0x1313,0x1313,
	0x1515,0x1515,0x1515,0x1313,0x1818,0x1818,0x1818,0x1313,
	0x1313,0x1313,0x1313,0x1313,0x1313,0x1313,0x1313,0x1313,
	0x1313,0x1313,0x1313,0x1313,0x1313,0x1313,0x1313,0x1313,
	0x1313,0x1313,0x1313,0x1313,0x1313,0x1313,0x1313,0x1313,

	0x1313,0x1513,0x1515,0x1515,0x1313,0x1313,0x1813,0x1818,
	0x1313,0x1313,0x1313,0x1313,0x1313,0x1313,0x1313,0x1313,
	0x1313,0x1313,0x1313,0x1313,0x1313,0x1313,0x1313,0x1313,
	0x1313,0x1313,0x1313,0x1313,0x1313,0x1313,0x1313,0x1313,
	0x1515,0x1515,0x1515,0x1515,0x1818,0x1515,0x1515,0x1515,
	0x1313,0x1515,0x1515,0x1515,0x1313,0x1518,0x1515,0x1515,
	0x1313,0x1313,0x1818,0x1818,0x1313,0x1313,0x1313,0x1313,
	0x1313,0x1313,0x1313,0x1313,0x1313,0x1313,0x1313,0x1313,

	0x1515,0x1515,0x1315,0x1313,0x1515,0x1515,0x1315,0x1313,
	0x1515,0x1515,0x1318,0x1313,0x1515,0x1515,0x1318,0x1313,
	0x1818,0x1518,0x1318,0x1313,0x1313,0x1313,0x1313,0x1313,
	0x1313,0x1313,0x1313,0x1313,0x1313,0x1313,0x1313,0x1313,
	0x1313,0x1313,0x1313,0x1313,0x1313,0x1313,0x1313,0x1313,
	0x1313,0x1313,0x1313,0x1313,0x1313,0x1313,0x1313,0x1313,
	0x1313,0x1313,0x1313,0x1313,0x1313,0x1313,0x1313,0x1313,
	0x1313,0x1313,0x1313,0x1313,0x1313,0x1313,0x1313,0x1313,

	0x1313,0x1518,0x1515,0x1515,0x1313,0x1313,0x1313,0x1313,
	0x1313,0x1313,0x1313,0x1313,0x1313,0x1313,0x1313,0x1313,
	0x1313,0x1313,0x1313,0x1313,0x1313,0x1313,0x1313,0x1313,
	0x1313,0x1313,0x1313,0x1313,0x1313,0x1313,0x1313,0x1313,
	0x1515,0x1515,0x1E15,0x151E,0x1313,0x1313,0x1313,0x1313,
	0x1313,0x1313,0x1313,0x1313,0x1313,0x1313,0x1313,0x1313,
	0x1313,0x1313,0x1313,0x1313,0x1313,0x1313,0x1313,0x1313,
	0x1313,0x1313,0x1313,0x1313,0x1313,0x1313,0x1313,0x1313,

	0x1515,0x1515,0x1515,0x1515,0x1313,0x1813,0x1515,0x1515,
	0x1313,0x1813,0x1515,0x1515,0x1313,0x1813,0x1515,0x1515,
	0x1313,0x1513,0x1515,0x1515,0x1313,0x1513,0x1515,0x1515,
	0x1313,0x1513,0x1515,0x1515,0x1313,0x1313,0x1813,0x1818,
	0x1515,0x1515,0x1515,0x1515,0x1515,0x1515,0x1515,0x1515,
	0x1515,0x1515,0x1515,0x1515,0x1515,0x1515,0x1515,0x1515,
	0x1515,0x1515,0x1515,0x1515,0x1515,0x1515,0x1515,0x1515,
	0x1515,0x1515,0x1515,0x1515,0x1518,0x1515,0x1515,0x1515,

	0x161A,0x1616,0x171C,0x1717,0x1515,0x1E1E,0x1D1A,0x1616,
	0x1515,0x1515,0x1515,0x1818,0x1515,0x1515,0x1315,0x1313,
	0x1515,0x1515,0x1315,0x1518,0x1515,0x1515,0x1318,0x1518,
	0x1515,0x1515,0x1318,0x1518,0x1515,0x1515,0x1318,0x1518,
	0x1717,0x1717,0x1717,0x1717,0x1C16,0x1717,0x1717,0x1717,
	0x1D18,0x1717,0x1717,0x1717,0x1513,0x1616,0x1C16,0x1C1C,
	0x1515,0x1E1E,0x1A1E,0x1A1A,0x1515,0x1515,0x1515,0x1515,
	0x1515,0x1515,0x1515,0x1515,0x1515,0x1515,0x1515,0x1515,

	0x1717,0x1717,0x1717,0x1717,0x1717,0x1717,0x1717,0x1717,
	0x1717,0x1717,0x1717,0x1717,0x1717,0x1717,0x1717,0x1717,
	0x1C1D,0x1717,0x1717,0x1717,0x1A15,0x161D,0x1616,0x1C16,
	0x1515,0x1515,0x1E1E,0x1A1E,0x1515,0x1515,0x1515,0x1515,
	0x1717,0x1717,0x1717,0x1717,0x1717,0x1717,0x1717,0x1717,
	0x1717,0x1717,0x1717,0x1717,0x1717,0x1717,0x1717,0x1717,
	0x1717,0x1717,0x1717,0x1717,0x171C,0x1717,0x1717,0x1717,
	0x161D,0x1616,0x1616,0x1616,0x1515,0x1515,0x1515,0x1515,

	0x1717,0x1717,0x1717,0x1717,0x1717,0x1717,0x1717,0x1717,
	0x1717,0x1717,0x1717,0x1717,0x1717,0x1717,0x1717,0x1717,
	0x1717,0x1D16,0x1D1D,0x1D16,0x1617,0x181E,0x1818,0x1818,
	0x1D16,0x1315,0x1313,0x1313,0x1515,0x1313,0x1313,0x1313,
	0x1717,0x1717,0x1D16,0x1A1A,0x1717,0x1C17,0x181E,0x1313,
	0x1717,0x1C17,0x1315,0x1313,0x1717,0x1C17,0x1315,0x1313,
	0x1D1D,0x1D1D,0x1315,0x1313,0x1818,0x1818,0x1313,0x1313,
	0x1313,0x1313,0x1313,0x1313,0x1313,0x1313,0x1313,0x1313,

	0x1A1A,0x1A1A,0x1E1A,0x1313,0x1313,0x1313,0x1313,0x1313,
	0x1313,0x1313,0x1313,0x1313,0x1313,0x1513,0x1515,0x1815,
	0x1313,0x1513,0x1515,0x1515,0x1313,0x1513,0x1515,0x1515,
	0x1313,0x1518,0x1515,0x1515,0x1313,0x1518,0x1515,0x1515,
	0x1313,0x1313,0x1313,0x1313,0x1313,0x1313,0x1313,0x1313,
	0x1313,0x1813,0x1818,0x1818,0x1818,0x1518,0x1515,0x1515,
	0x1515,0x1515,0x1515,0x1515,0x1515,0x1515,0x1515,0x1515,
	0x1515,0x1515,0x1515,0x1515,0x1515,0x1515,0x1515,0x1515,

	0x1313,0x1313,0x1813,0x1D1D,0x1313,0x1313,0x1313,0x1A1A,
	0x1313,0x1818,0x1818,0x1518,0x1515,0x1515,0x1515,0x1515,
	0x1515,0x1515,0x1515,0x1515,0x1515,0x1515,0x1515,0x1515,
	0x1515,0x1515,0x1515,0x1515,0x1515,0x1515,0x1515,0x1515,
	0x1515,0x1515,0x1515,0x1515,0x1515,0x1515,0x1515,0x1515,
	0x1515,0x1515,0x1515,0x1515,0x1515,0x1515,0x1515,0x1515,
	0x1515,0x1515,0x1515,0x1515,0x1515,0x1515,0x1515,0x1515,
	0x1515,0x1515,0x1515,0x1515,0x1515,0x1515,0x1515,0x1515,

	0x1515,0x171D,0x1717,0x1717,0x1515,0x171D,0x1717,0x1717,
	0x1515,0x171D,0x1717,0x1717,0x1515,0x171D,0x1717,0x1717,
	0x1515,0x171D,0x1717,0x1717,0x1515,0x1D1A,0x161D,0x1C16,
	0x1515,0x1515,0x1515,0x161A,0x1515,0x1515,0x1515,0x1615,
	0x1717,0x1F1F,0x1F1F,0x1F1F,0x1717,0x1F1F,0x1F1F,0x1F1F,
	0x1717,0x1F1F,0x1F1F,0x1F1F,0x1717,0x1F1F,0x1F1F,0x1F1F,
	0x1717,0x1F1F,0x1F1F,0x1F1F,0x1717,0x1F1F,0x1F1F,0x1F1F,
	0x1717,0x1F1F,0x1F1F,0x1F1F,0x1717,0x1F1F,0x1F1F,0x1F1F,

	0x1F1F,0x1F1F,0x1F1F,0x1F1F,0x1F1F,0x1F1F,0x1F1F,0x1F1F,
	0x1F1F,0x1F1F,0x1F1F,0x1F1F,0x1F1F,0x1F1F,0x1F1F,0x1F1F,
	0x1F1F,0x1F1F,0x1F1F,0x1F1F,0x1F1F,0x1F1F,0x1F1F,0x1F1F,
	0x1F1F,0x1F1F,0x1F1F,0x1F1F,0x1F1F,0x1F1F,0x1F1F,0x1F1F,
	0x1F1F,0x1F1F,0x1F1F,0x1F1F,0x1F1F,0x1F1F,0x1F1F,0x1F1F,
	0x1F1F,0x1F1F,0x1F1F,0x1F1F,0x1F1F,0x1F1F,0x1F1F,0x1F1F,
	0x1F1F,0x1F1F,0x1F1F,0x1F1F,0x1F1F,0x1F1F,0x1F1F,0x1F1F,
	0x1F1F,0x1F1F,0x1F1F,0x1F1F,0x1F1F,0x1F1F,0x1F1F,0x1F1F,

	0x1F1F,0x1F1F,0x1F1F,0x1F1F,0x1F1F,0x1F1F,0x1F1F,0x1F1F,
	0x1F1F,0x1F1F,0x1F1F,0x1F1F,0x1F1F,0x1F1F,0x1F1F,0x1F1F,
	0x1F1F,0x1F1F,0x1F1F,0x1F1F,0x1F1F,0x1F1F,0x1F1F,0x1F1F,
	0x1F1F,0x1F1F,0x1F1F,0x1F1F,0x1F1F,0x1F1F,0x1F1F,0x1F1F,
	0x1F1F,0x1F1F,0x1F1F,0x1F1F,0x1F1F,0x1F1F,0x1F1F,0x171F,
	0x1F1F,0x1F1F,0x1F1F,0x1D1F,0x1F1F,0x1F1F,0x1F1F,0x1A1F,
	0x1F1F,0x1F1F,0x1F1F,0x1A1F,0x1F1F,0x1F1F,0x1F1F,0x1E1F,
	0x1F1F,0x1F1F,0x1F1F,0x1E1F,0x1F1F,0x1F1F,0x1F1F,0x1E17,

	0x1F1F,0x1E17,0x1515,0x1515,0x1D1D,0x151D,0x1515,0x1515,
	0x1515,0x1515,0x1515,0x1515,0x1515,0x1515,0x1515,0x1515,
	0x1515,0x1515,0x1515,0x1515,0x1515,0x1515,0x1515,0x1515,
	0x1515,0x1515,0x1515,0x1515,0x1515,0x1515,0x1515,0x1515,
	0x1515,0x1515,0x1515,0x1515,0x1515,0x1515,0x1515,0x1515,
	0x1515,0x1515,0x1515,0x1515,0x1515,0x1515,0x1515,0x1515,
	0x1515,0x1515,0x1515,0x1515,0x1515,0x1515,0x1515,0x1515,
	0x1515,0x1515,0x1515,0x1515,0x1515,0x1515,0x1515,0x1515,

	0x1515,0x1515,0x1515,0x1515,0x1515,0x1515,0x1515,0x1515,
	0x1515,0x1515,0x1515,0x1515,0x1515,0x1515,0x1515,0x1515,
	0x1515,0x1515,0x1515,0x1515,0x1515,0x1515,0x1515,0x1515,
	0x1515,0x1515,0x1515,0x1515,0x1515,0x1515,0x1515,0x1515,
	0x1515,0x1515,0x1515,0x1515,0x1515,0x1515,0x1515,0x1515,
	0x1515,0x1515,0x1515,0x1515,0x1515,0x1515,0x1515,0x1515,
	0x1515,0x1515,0x1515,0x1515,0x1515,0x1515,0x1515,0x1815,
	0x1515,0x1818,0x1515,0x1815,0x1315,0x1313,0x1313,0x1313,

	0x1515,0x1515,0x1515,0x1315,0x1515,0x1515,0x1515,0x1318,
	0x1515,0x1515,0x1515,0x1318,0x1318,0x1813,0x1818,0x1313,
	0x1313,0x1313,0x1313,0x1313,0x1313,0x1313,0x1313,0x1313,
	0x1313,0x1313,0x1313,0x1313,0x1313,0x1313,0x1313,0x1313,
	0x1313,0x1313,0x1313,0x1313,0x1313,0x1313,0x1313,0x1313,
	0x1313,0x1313,0x1313,0x1313,0x1313,0x1313,0x1313,0x1313,
	0x1313,0x1313,0x1313,0x1313,0x1313,0x1313,0x1313,0x1313,
	0x1313,0x1313,0x1313,0x1313,0x1313,0x1313,0x1313,0x1313,

	0x1313,0x1313,0x1313,0x1313,0x1313,0x1313,0x1313,0x1313,
	0x1313,0x1313,0x1313,0x1313,0x1313,0x1313,0x1313,0x1313,
	0x1313,0x1313,0x1313,0x1313,0x1313,0x1313,0x1313,0x1313,
	0x1313,0x1313,0x1313,0x1313,0x1313,0x1313,0x1313,0x1313,
	0x1313,0x1313,0x1313,0x1313,0x1313,0x1313,0x1313,0x1313,
	0x1313,0x1313,0x1313,0x1313,0x1313,0x1313,0x1313,0x1313,
	0x1313,0x1313,0x1313,0x1313,0x1313,0x1313,0x1313,0x1313,
	0x1313,0x1313,0x1313,0x1313,0x1313,0x1313,0x1313,0x1313,

	0x1313,0x1313,0x1313,0x1313,0x1313,0x1313,0x1313,0x1313,
	0x1313,0x1313,0x1313,0x1313,0x1313,0x1313,0x1313,0x1313,
	0x1313,0x1313,0x1313,0x1313,0x1313,0x1313,0x1313,0x1313,
	0x1313,0x1313,0x1313,0x1313,0x1313,0x1313,0x1313,0x1313,
	0x1313,0x1313,0x1313,0x1313,0x1313,0x1313,0x1313,0x1313,
	0x1313,0x1313,0x1313,0x1313,0x1313,0x1313,0x1313,0x1313,
	0x1313,0x1313,0x1313,0x1313,0x1313,0x1313,0x1313,0x1313,
	0x1313,0x1313,0x1313,0x1313,0x1313,0x1313,0x1313,0x1313,

	0x1313,0x1313,0x1313,0x1313,0x1313,0x1313,0x1313,0x1313,
	0x1313,0x1313,0x1313,0x1313,0x1313,0x1313,0x1313,0x1313,
	0x1313,0x1313,0x1313,0x1313,0x1313,0x1313,0x1313,0x1313,
	0x1313,0x1313,0x1313,0x1313,0x1313,0x1313,0x1313,0x1313,
	0x1313,0x1313,0x1313,0x1313,0x1313,0x1313,0x1313,0x1313,
	0x1313,0x1313,0x1313,0x1313,0x1313,0x1313,0x1313,0x1313,
	0x1313,0x1313,0x1313,0x1313,0x1313,0x1313,0x1313,0x1313,
	0x1313,0x1313,0x1313,0x1313,0x1313,0x1313,0x1313,0x1313,

	0x1313,0x1313,0x1313,0x1313,0x1313,0x1313,0x1313,0x1313,
	0x1313,0x1313,0x1313,0x1313,0x1313,0x1313,0x1313,0x1313,
	0x1313,0x1313,0x1313,0x1313,0x1313,0x1313,0x1313,0x1313,
	0x1313,0x1313,0x1313,0x1313,0x1313,0x1313,0x1313,0x1313,
	0x1313,0x1313,0x1313,0x1313,0x1313,0x1313,0x1313,0x1313,
	0x1313,0x1313,0x1313,0x1313,0x1313,0x1313,0x1313,0x1313,
	0x1313,0x1313,0x1313,0x1313,0x1313,0x1313,0x1313,0x1313,
	0x1313,0x1313,0x1313,0x1313,0x1313,0x1313,0x1313,0x1313,

	0x1513,0x1515,0x1515,0x1515,0x1513,0x1515,0x1515,0x1515,
	0x1513,0x1515,0x1515,0x1515,0x1313,0x1313,0x1818,0x1518,
	0x1313,0x1313,0x1313,0x1518,0x1313,0x1313,0x1313,0x1518,
	0x1313,0x1313,0x1313,0x1518,0x1313,0x1313,0x1313,0x1518,
	0x1515,0x1515,0x1515,0x1515,0x1515,0x1515,0x1515,0x1515,
	0x1515,0x1515,0x1515,0x1515,0x1515,0x1515,0x1515,0x1515,
	0x1515,0x1515,0x1515,0x1515,0x1515,0x1515,0x1515,0x1515,
	0x1515,0x1515,0x1515,0x1515,0x1515,0x1515,0x1515,0x1515,

	0x1815,0x1313,0x1313,0x1313,0x1815,0x1313,0x1313,0x1313,
	0x1815,0x1313,0x1313,0x1313,0x1815,0x1313,0x1313,0x1313,
	0x1315,0x1313,0x1313,0x1313,0x1315,0x1313,0x1313,0x1313,
	0x1315,0x1313,0x1313,0x1313,0x1315,0x1313,0x1313,0x1313,
	0x1313,0x1313,0x1313,0x1313,0x1313,0x1313,0x1313,0x1313,
	0x1313,0x1313,0x1313,0x1313,0x1313,0x1313,0x1313,0x1313,
	0x1313,0x1313,0x1313,0x1313,0x1313,0x1313,0x1313,0x1313,
	0x1313,0x1313,0x1313,0x1313,0x1313,0x1313,0x1313,0x1313,

	0x1313,0x1313,0x1313,0x1518,0x1313,0x1313,0x1313,0x1513,
	0x1313,0x1313,0x1313,0x1513,0x1313,0x1313,0x1313,0x1513,
	0x1313,0x1313,0x1313,0x1513,0x1313,0x1313,0x1313,0x1513,
	0x1313,0x1313,0x1313,0x1513,0x1313,0x1313,0x1313,0x1313,
	0x1515,0x1515,0x1515,0x1515,0x1515,0x1515,0x1515,0x1515,
	0x1515,0x1515,0x1515,0x1515,0x1515,0x1515,0x1515,0x1515,
	0x1515,0x1515,0x1515,0x1515,0x1515,0x1515,0x1515,0x1515,
	0x1515,0x1515,0x1515,0x1515,0x1818,0x1818,0x1818,0x1515,

	0x1515,0x1515,0x1515,0x1515,0x1515,0x1515,0x1515,0x1515,
	0x1515,0x1515,0x1515,0x1515,0x1515,0x1515,0x1515,0x1515,
	0x1515,0x1515,0x1515,0x1515,0x1515,0x1515,0x1515,0x1515,
	0x1515,0x1515,0x1515,0x1515,0x1515,0x1515,0x1515,0x1515,
	0x1E15,0x1716,0x1717,0x1717,0x1A15,0x171C,0x1717,0x1717,
	0x1A15,0x171C,0x1717,0x1717,0x1A15,0x171C,0x1717,0x1717,
	0x1A15,0x1616,0x1616,0x171C,0x1515,0x1818,0x1518,0x1D1A,
	0x1315,0x1313,0x1313,0x1313,0x1315,0x1313,0x1313,0x1313,

	0x1717,0x1F17,0x1F1F,0x1F1F,0x1717,0x1717,0x1717,0x1717,
	0x1717,0x1717,0x1717,0x1717,0x1717,0x1717,0x1717,0x1C17,
	0x1717,0x1C1C,0x1C1C,0x161C,0x1D1D,0x1A1A,0x1A1A,0x1A1A,
	0x1313,0x1313,0x1313,0x1813,0x1313,0x1313,0x1313,0x1313,
	0x1F1F,0x1F1F,0x1F1F,0x1F1F,0x1717,0x1717,0x1717,0x1717,
	0x1D16,0x1D1D,0x1616,0x1616,0x151A,0x1515,0x1E15,0x1E1E,
	0x151A,0x1515,0x1515,0x1515,0x1515,0x1515,0x1515,0x1515,
	0x1515,0x1515,0x1515,0x1515,0x1518,0x1515,0x1515,0x1515,

	0x171F,0x1717,0x1C17,0x131E,0x1717,0x1717,0x1C17,0x131E,
	0x1C1C,0x171C,0x1C17,0x131E,0x1A1E,0x161A,0x1616,0x1315,
	0x1515,0x1515,0x1515,0x1318,0x1515,0x1815,0x1313,0x1313,
	0x1515,0x1815,0x1818,0x1318,0x1515,0x1515,0x1515,0x1515,
	0x1313,0x1313,0x1313,0x1518,0x1313,0x1313,0x1313,0x1813,
	0x1313,0x1313,0x1313,0x1313,0x1313,0x1313,0x1313,0x1313,
	0x1313,0x1313,0x1313,0x1313,0x1313,0x1313,0x1313,0x1313,
	0x1313,0x1313,0x1313,0x1313,0x1515,0x1318,0x1313,0x1313,

	0x1515,0x1515,0x1515,0x1515,0x1518,0x1515,0x1515,0x1515,
	0x1313,0x1313,0x1813,0x1818,0x1313,0x1313,0x1313,0x1313,
	0x1313,0x1313,0x1313,0x1313,0x1313,0x1313,0x1313,0x1313,
	0x1313,0x1313,0x1313,0x1313,0x1313,0x1313,0x1313,0x1313,
	0x1315,0x1313,0x1313,0x1313,0x1315,0x1313,0x1313,0x1313,
	0x1318,0x1313,0x1313,0x1313,0x1313,0x1313,0x1313,0x1313,
	0x1313,0x1313,0x1313,0x1313,0x1313,0x1313,0x1313,0x1313,
	0x1313,0x1313,0x1313,0x1313,0x1313,0x1313,0x1313,0x1313,

	0x1313,0x1813,0x1515,0x1515,0x1313,0x1313,0x1818,0x1818,
	0x1313,0x1313,0x1313,0x1313,0x1313,0x1313,0x1313,0x1313,
	0x1313,0x1313,0x1313,0x1313,0x1313,0x1313,0x1313,0x1313,
	0x1313,0x1313,0x1313,0x1313,0x1313,0x1313,0x1313,0x1313,
	0x1515,0x1515,0x1515,0x1515,0x1518,0x1515,0x1515,0x1515,
	0x1813,0x1515,0x1515,0x1515,0x1813,0x1515,0x1515,0x1515,
	0x1813,0x1515,0x1515,0x1515,0x1813,0x1515,0x1515,0x1515,
	0x1313,0x1818,0x1818,0x1518,0x1313,0x1313,0x1313,0x1813,

	0x1515,0x1515,0x1318,0x1518,0x1515,0x1515,0x1515,0x1515,
	0x1515,0x1515,0x1515,0x1515,0x1515,0x1515,0x1515,0x1515,
	0x1515,0x1515,0x1515,0x1515,0x1515,0x1515,0x1515,0x1515,
	0x1515,0x1515,0x1515,0x1515,0x1515,0x1515,0x1515,0x1515,
	0x1515,0x1515,0x1515,0x1515,0x1515,0x1818,0x1515,0x1515,
	0x1515,0x1815,0x1515,0x1515,0x1515,0x1815,0x1515,0x1515,
	0x1515,0x1815,0x1515,0x1515,0x1515,0x1815,0x1515,0x1515,
	0x1515,0x1515,0x1515,0x1515,0x1515,0x1515,0x1515,0x1515,

	0x1515,0x1515,0x1515,0x1515,0x1515,0x1515,0x1515,0x1515,
	0x1515,0x1515,0x1515,0x1515,0x1515,0x1515,0x1515,0x1515,
	0x1515,0x1515,0x1515,0x1515,0x1515,0x1515,0x1515,0x1515,
	0x1515,0x1515,0x1515,0x1515,0x1515,0x1515,0x1515,0x1515,
	0x1E1E,0x1A1A,0x1D1A,0x1F17,0x1515,0x1515,0x1515,0x1F1A,
	0x1515,0x1515,0x1515,0x1F1D,0x1515,0x1515,0x1515,0x1F1D,
	0x1515,0x1515,0x1515,0x1F1D,0x1515,0x1515,0x1515,0x171D,
	0x1515,0x1515,0x1515,0x1E1E,0x1515,0x1515,0x1515,0x1515,

	0x1F1F,0x1F1F,0x1F1F,0x1F1F,0x1F1F,0x1F1F,0x1F1F,0x1F1F,
	0x1F1F,0x1F1F,0x1F1F,0x1F1F,0x1F1F,0x1F1F,0x1F1F,0x1F1F,
	0x1F1F,0x1F1F,0x1F1F,0x1F1F,0x1717,0x1F1F,0x1F1F,0x1F1F,
	0x1A1A,0x1C1D,0x1F1F,0x1F1F,0x1515,0x1A15,0x1F17,0x1F1F,
	0x1F1F,0x1E1D,0x1515,0x1515,0x1F1F,0x1A17,0x1515,0x1515,
	0x1F1F,0x1A17,0x1515,0x1515,0x1F1F,0x1E17,0x1515,0x1515,
	0x1F1F,0x1E17,0x1515,0x1515,0x1F1F,0x1E1C,0x1515,0x1515,
	0x1F1F,0x1E16,0x1515,0x1515,0x1F1F,0x1E16,0x1515,0x1515,

	0x1515,0x1515,0x1515,0x1313,0x1515,0x1515,0x1515,0x1313,
	0x1515,0x1515,0x1515,0x1313,0x1515,0x1515,0x1815,0x1313,
	0x1515,0x1515,0x1815,0x1313,0x1515,0x1515,0x1815,0x1313,
	0x1515,0x1515,0x1815,0x1313,0x1515,0x1515,0x1815,0x1313,
	0x1313,0x1313,0x1313,0x1313,0x1313,0x1313,0x1313,0x1313,
	0x1313,0x1313,0x1313,0x1313,0x1313,0x1313,0x1313,0x1313,
	0x1313,0x1313,0x1313,0x1313,0x1313,0x1313,0x1313,0x1313,
	0x1313,0x1313,0x1313,0x1313,0x1313,0x1313,0x1313,0x1313,

	0x1313,0x1313,0x1313,0x1313,0x1313,0x1313,0x1313,0x1313,
	0x1313,0x1313,0x1313,0x1313,0x1313,0x1313,0x1313,0x1313,
	0x1313,0x1313,0x1313,0x1313,0x1313,0x1313,0x1313,0x1313,
	0x1313,0x1313,0x1313,0x1313,0x1313,0x1313,0x1313,0x1313,
	0x1313,0x1313,0x1313,0x1313,0x1313,0x1313,0x1313,0x1313,
	0x1313,0x1313,0x1313,0x1313,0x1313,0x1313,0x1313,0x1313,
	0x1313,0x1313,0x1313,0x1313,0x1313,0x1313,0x1313,0x1313,
	0x1313,0x1313,0x1313,0x1313,0x1313,0x1313,0x1313,0x1313,

	0x1313,0x1313,0x1313,0x1313,0x1313,0x1313,0x1313,0x1313,
	0x1313,0x1313,0x1313,0x1313,0x1313,0x1313,0x1313,0x1313,
	0x1313,0x1313,0x1313,0x1313,0x1313,0x1313,0x1313,0x1313,
	0x1313,0x1313,0x1313,0x1313,0x1313,0x1313,0x1313,0x1313,
	0x1313,0x1313,0x1313,0x1313,0x1313,0x1313,0x1313,0x1313,
	0x1313,0x1313,0x1313,0x1313,0x1313,0x1313,0x1313,0x1313,
	0x1313,0x1313,0x1313,0x1313,0x1313,0x1313,0x1313,0x1313,
	0x1313,0x1313,0x1313,0x1313,0x1313,0x1313,0x1313,0x1313,

	0x1313,0x1313,0x1313,0x1313,0x1313,0x1313,0x1313,0x1313,
	0x1313,0x1313,0x1313,0x1313,0x1313,0x1313,0x1313,0x1313,
	0x1313,0x1313,0x1313,0x1313,0x1313,0x1313,0x1313,0x1313,
	0x1313,0x1313,0x1313,0x1313,0x1313,0x1313,0x1313,0x1313,
	0x1313,0x1313,0x1313,0x1313,0x1313,0x1313,0x1313,0x1313,
	0x1313,0x1313,0x1313,0x1313,0x1313,0x1313,0x1313,0x1313,
	0x1313,0x1313,0x1313,0x1313,0x1313,0x1313,0x1313,0x1313,
	0x1313,0x1313,0x1313,0x1313,0x1313,0x1313,0x1313,0x1313,

	0x1313,0x1313,0x1313,0x1313,0x1313,0x1313,0x1313,0x1313,
	0x1313,0x1313,0x1313,0x1313,0x1313,0x1313,0x1313,0x1313,
	0x1313,0x1313,0x1313,0x1313,0x1313,0x1313,0x1313,0x1313,
	0x1313,0x1313,0x1313,0x1313,0x1313,0x1313,0x1313,0x1313,
	0x1313,0x1313,0x1313,0x1313,0x1313,0x1313,0x1313,0x1313,
	0x1313,0x1313,0x1313,0x1313,0x1313,0x1313,0x1313,0x1313,
	0x1313,0x1313,0x1313,0x1313,0x1313,0x1313,0x1313,0x1313,
	0x1313,0x1313,0x1313,0x1313,0x1313,0x1313,0x1313,0x1313,

	0x1313,0x1313,0x1313,0x1313,0x1313,0x1313,0x1313,0x1313,
	0x1313,0x1313,0x1313,0x1313,0x1313,0x1313,0x1313,0x1313,
	0x1313,0x1313,0x1313,0x1313,0x1313,0x1313,0x1313,0x1313,
	0x1313,0x1313,0x1313,0x1313,0x1313,0x1313,0x1313,0x1313,
	0x1313,0x1515,0x1515,0x1515,0x1313,0x1515,0x1515,0x1515,
	0x1313,0x1515,0x1515,0x1515,0x1313,0x1313,0x1818,0x1818,
	0x1313,0x1313,0x1313,0x1313,0x1313,0x1313,0x1313,0x1313,
	0x1313,0x1313,0x1313,0x1313,0x1313,0x1313,0x1313,0x1313,

	0x1515,0x1515,0x1318,0x1515,0x1515,0x1515,0x1318,0x1515,
	0x1515,0x1515,0x1318,0x1515,0x1818,0x1815,0x1313,0x1515,
	0x1313,0x1313,0x1313,0x1515,0x1313,0x1313,0x1313,0x1515,
	0x1313,0x1313,0x1313,0x1818,0x1313,0x1313,0x1313,0x1313,
	0x1515,0x1515,0x1515,0x1515,0x1515,0x1515,0x1515,0x1515,
	0x1515,0x1515,0x1515,0x1515,0x1515,0x1515,0x1515,0x1515,
	0x1515,0x1515,0x1515,0x1515,0x1515,0x1515,0x1515,0x1515,
	0x1818,0x1818,0x1515,0x1515,0x1313,0x1313,0x1813,0x1515,

	0x1515,0x1515,0x1515,0x1515,0x1515,0x1515,0x1515,0x1515,
	0x1515,0x1515,0x1515,0x1515,0x1515,0x1515,0x1515,0x1515,
	0x1515,0x1515,0x1515,0x1515,0x1515,0x1515,0x1515,0x1515,
	0x1515,0x1515,0x1515,0x1515,0x1515,0x1515,0x1515,0x1515,
	0x1318,0x1313,0x1313,0x1313,0x1318,0x1313,0x1313,0x1313,
	0x1318,0x1313,0x1313,0x1313,0x1313,0x1313,0x1313,0x1313,
	0x1313,0x1313,0x1313,0x1313,0x1313,0x1313,0x1313,0x1313,
	0x1313,0x1313,0x1313,0x1313,0x1313,0x1313,0x1313,0x1313,

	0x1313,0x1313,0x1313,0x1313,0x1313,0x1313,0x1313,0x1313,
	0x1313,0x1313,0x1313,0x1313,0x1313,0x1313,0x1313,0x1313,
	0x1313,0x1313,0x1313,0x1313,0x1313,0x1313,0x1313,0x1313,
	0x1313,0x1313,0x1313,0x1313,0x1313,0x1313,0x1313,0x1313,
	0x1313,0x1313,0x1313,0x1313,0x1313,0x1313,0x1313,0x1313,
	0x1313,0x1313,0x1313,0x1313,0x1313,0x1313,0x1313,0x1313,
	0x1313,0x1313,0x1313,0x1313,0x1313,0x1313,0x1313,0x1313,
	0x1313,0x1313,0x1313,0x1313,0x1313,0x1313,0x1313,0x1313,

	0x1313,0x1518,0x1515,0x1515,0x1313,0x1518,0x1515,0x1515,
	0x1313,0x1518,0x1515,0x1515,0x1313,0x1518,0x1515,0x1515,
	0x1313,0x1518,0x1515,0x1515,0x1313,0x1813,0x1818,0x1818,
	0x1313,0x1313,0x1313,0x1313,0x1313,0x1313,0x1313,0x1313,
	0x1515,0x1515,0x1515,0x1515,0x1515,0x1515,0x1515,0x1515,
	0x1515,0x1515,0x1515,0x1515,0x1515,0x1515,0x1515,0x1515,
	0x1515,0x1515,0x1515,0x1515,0x1515,0x1515,0x1318,0x1313,
	0x1313,0x1313,0x1313,0x1313,0x1313,0x1313,0x1313,0x1313,

	0x1515,0x1515,0x1515,0x1515,0x1515,0x1515,0x1515,0x1515,
	0x1515,0x1515,0x1515,0x1515,0x1515,0x1515,0x1515,0x1515,
	0x1515,0x1515,0x1515,0x1515,0x1813,0x1818,0x1818,0x1515,
	0x1313,0x1313,0x1313,0x1518,0x1313,0x1313,0x1313,0x1518,
	0x1515,0x1515,0x1515,0x1515,0x1515,0x1515,0x1515,0x1515,
	0x1515,0x1515,0x1515,0x1515,0x1515,0x1515,0x1515,0x1515,
	0x1515,0x1515,0x1515,0x1515,0x1515,0x1515,0x1515,0x1515,
	0x1515,0x1515,0x1515,0x1515,0x1515,0x1515,0x1515,0x1515,

	0x1515,0x1515,0x1515,0x1615,0x1515,0x1515,0x1515,0x161E,
	0x1515,0x1515,0x1515,0x161E,0x1515,0x1515,0x1515,0x1D1E,
	0x1515,0x1515,0x1515,0x1515,0x1515,0x1515,0x1515,0x1515,
	0x1515,0x1515,0x1515,0x1515,0x1515,0x1515,0x1515,0x1515,
	0x1717,0x1F1F,0x1F1F,0x1F1F,0x1717,0x1F1F,0x1F1F,0x1F1F,
	0x1717,0x1F17,0x1F1F,0x1F1F,0x161D,0x171C,0x1F1F,0x1F1F,
	0x1515,0x1A1E,0x1F17,0x1F1F,0x1515,0x1E15,0x1F17,0x1F1F,
	0x1515,0x1E15,0x1F17,0x1F1F,0x1515,0x1E15,0x1F17,0x1F1F,

	0x1F1F,0x1F1F,0x1F1F,0x1F1F,0x1F1F,0x1F1F,0x1F1F,0x1F1F,
	0x1F1F,0x1F1F,0x1F1F,0x1F1F,0x1F1F,0x1F1F,0x1F1F,0x1F1F,
	0x1F1F,0x1F1F,0x1F1F,0x1F1F,0x1F1F,0x1F1F,0x1F1F,0x1F1F,
	0x1F1F,0x1F1F,0x1F1F,0x1F1F,0x1F1F,0x1F1F,0x1F1F,0x1F1F,
	0x1F1F,0x1F1F,0x1F1F,0x1F1F,0x1F1F,0x1F1F,0x1F1F,0x1F1F,
	0x1F1F,0x1F1F,0x1F1F,0x1F1F,0x1F1F,0x1F1F,0x1F1F,0x1F1F,
	0x1F1F,0x1F1F,0x1F1F,0x1F1F,0x1F1F,0x1F1F,0x1F1F,0x1F1F,
	0x1F1F,0x1F1F,0x1F1F,0x1F1F,0x1F1F,0x1F1F,0x1F1F,0x1F1F,

	0x1F1F,0x1F1F,0x1F1F,0x1F1F,0x1F1F,0x1F1F,0x1F1F,0x1F1F,
	0x1F1F,0x1F1F,0x1F1F,0x1F1F,0x1F1F,0x1F1F,0x1F1F,0x1F1F,
	0x1F1F,0x1F1F,0x1F1F,0x1F1F,0x1F1F,0x1F1F,0x1F1F,0x1F1F,
	0x1F1F,0x1F1F,0x1F1F,0x1F1F,0x1F1F,0x1F1F,0x1F1F,0x1F1F,
	0x1F1F,0x1F1F,0x1F1F,0x151C,0x1F1F,0x1F1F,0x1F1F,0x151D,
	0x1F1F,0x1F1F,0x1F1F,0x151A,0x1F1F,0x1F1F,0x1F1F,0x151A,
	0x1F1F,0x1F1F,0x1717,0x151A,0x1F1F,0x1F1F,0x1717,0x151A,
	0x1F1F,0x1F1F,0x1717,0x151D,0x1F1F,0x1F1F,0x1717,0x151D,

	0x1515,0x1515,0x1515,0x1515,0x1515,0x1515,0x1515,0x1515,
	0x1515,0x1515,0x1515,0x1515,0x1515,0x1515,0x1515,0x1515,
	0x1515,0x1515,0x1515,0x1515,0x1515,0x1515,0x1515,0x1515,
	0x1515,0x1515,0x1515,0x1515,0x1515,0x1515,0x1515,0x1515,
	0x1515,0x1515,0x1515,0x1515,0x1515,0x1515,0x1515,0x1515,
	0x1515,0x1515,0x1515,0x1515,0x1515,0x1515,0x1515,0x1515,
	0x1515,0x1515,0x1515,0x1515,0x1515,0x1515,0x1818,0x1818,
	0x1515,0x1515,0x1313,0x1313,0x1515,0x1515,0x1313,0x1313,

	0x1515,0x1515,0x1515,0x1515,0x1515,0x1515,0x1515,0x1515,
	0x1515,0x1818,0x1818,0x1818,0x1815,0x1313,0x1313,0x1313,
	0x1815,0x1313,0x1313,0x1313,0x1318,0x1313,0x1313,0x1313,
	0x1313,0x1313,0x1313,0x1313,0x1313,0x1313,0x1313,0x1313,
	0x1315,0x1313,0x1313,0x1313,0x1318,0x1313,0x1313,0x1313,
	0x1318,0x1313,0x1313,0x1313,0x1313,0x1313,0x1313,0x1313,
	0x1313,0x1313,0x1313,0x1313,0x1313,0x1313,0x1313,0x1313,
	0x1313,0x1313,0x1313,0x1313,0x1313,0x1313,0x1313,0x1313,

	0x1313,0x1313,0x1313,0x1313,0x1313,0x1313,0x1313,0x1313,
	0x1313,0x1313,0x1313,0x1313,0x1313,0x1313,0x1313,0x1313,
	0x1313,0x1313,0x1313,0x1313,0x1313,0x1313,0x1313,0x1313,
	0x1313,0x1313,0x1313,0x1313,0x1313,0x1313,0x1313,0x1313,
	0x1313,0x1313,0x1313,0x1313,0x1313,0x1313,0x1313,0x1313,
	0x1313,0x1313,0x1313,0x1313,0x1313,0x1313,0x1313,0x1313,
	0x1313,0x1313,0x1313,0x1313,0x1313,0x1313,0x1313,0x1313,
	0x1313,0x1313,0x1313,0x1313,0x1313,0x1313,0x1313,0x1313,

	0x1313,0x1313,0x1313,0x1313,0x1313,0x1313,0x1313,0x1313,
	0x1313,0x1313,0x1313,0x1313,0x1313,0x1313,0x1313,0x1313,
	0x1313,0x1313,0x1313,0x1313,0x1313,0x1313,0x1313,0x1313,
	0x1313,0x1313,0x1313,0x1313,0x1313,0x1313,0x1313,0x1313,
	0x1313,0x1313,0x1313,0x1313,0x1313,0x1313,0x1313,0x1313,
	0x1313,0x1313,0x1313,0x1313,0x1313,0x1313,0x1313,0x1313,
	0x1313,0x1313,0x1313,0x1313,0x1313,0x1313,0x1313,0x1313,
	0x1313,0x1313,0x1313,0x1313,0x1313,0x1313,0x1313,0x1313,

	0x1313,0x1313,0x1313,0x1313,0x1313,0x1313,0x1313,0x1313,
	0x1313,0x1313,0x1313,0x1313,0x1313,0x1313,0x1313,0x1313,
	0x1313,0x1313,0x1313,0x1313,0x1313,0x1313,0x1313,0x1313,
	0x1313,0x1313,0x1313,0x1313,0x1313,0x1313,0x1313,0x1313,
	0x1313,0x1313,0x1313,0x1313,0x1313,0x1313,0x1313,0x1313,
	0x1313,0x1313,0x1313,0x1313,0x1313,0x1313,0x1313,0x1313,
	0x1313,0x1313,0x1313,0x1313,0x1313,0x1313,0x1313,0x1313,
	0x1313,0x1313,0x1313,0x1313,0x1313,0x1313,0x1313,0x1313,

	0x1313,0x1313,0x1313,0x1313,0x1313,0x1313,0x1313,0x1313,
	0x1313,0x1313,0x1313,0x1313,0x1313,0x1313,0x1313,0x1313,
	0x1313,0x1313,0x1313,0x1313,0x1313,0x1313,0x1313,0x1313,
	0x1313,0x1313,0x1313,0x1313,0x1313,0x1313,0x1313,0x1313,
	0x1313,0x1313,0x1313,0x1313,0x1313,0x1313,0x1313,0x1313,
	0x1313,0x1313,0x1313,0x1313,0x1313,0x1313,0x1313,0x1313,
	0x1313,0x1313,0x1313,0x1313,0x1313,0x1313,0x1313,0x1313,
	0x1313,0x1313,0x1313,0x1313,0x1313,0x1313,0x1313,0x1313,

	0x1313,0x1313,0x1313,0x1313,0x1313,0x1313,0x1313,0x1313,
	0x1313,0x1313,0x1313,0x1313,0x1313,0x1313,0x1313,0x1313,
	0x1313,0x1313,0x1313,0x1313,0x1313,0x1313,0x1313,0x1313,
	0x1313,0x1313,0x1313,0x1313,0x1313,0x1313,0x1313,0x1313,
	0x1313,0x1313,0x1313,0x1313,0x1313,0x1313,0x1313,0x1313,
	0x1313,0x1313,0x1313,0x1313,0x1313,0x1313,0x1313,0x1313,
	0x1313,0x1313,0x1313,0x1313,0x1313,0x1313,0x1313,0x1313,
	0x1313,0x1313,0x1313,0x1313,0x1313,0x1313,0x1313,0x1313,

	0x1313,0x1313,0x1313,0x1813,0x1313,0x1313,0x1313,0x1313,
	0x1313,0x1313,0x1313,0x1313,0x1313,0x1313,0x1313,0x1313,
	0x1313,0x1313,0x1313,0x1313,0x1313,0x1313,0x1313,0x1313,
	0x1313,0x1313,0x1313,0x1313,0x1313,0x1313,0x1313,0x1313,
	0x1818,0x1518,0x1515,0x1515,0x1313,0x1313,0x1313,0x1313,
	0x1313,0x1313,0x1313,0x1313,0x1313,0x1313,0x1313,0x1313,
	0x1313,0x1313,0x1313,0x1313,0x1313,0x1313,0x1313,0x1313,
	0x1313,0x1313,0x1313,0x1313,0x1313,0x1313,0x1313,0x1313,

	0x1318,0x1313,0x1313,0x1313,0x1313,0x1313,0x1313,0x1313,
	0x1313,0x1313,0x1313,0x1313,0x1313,0x1313,0x1313,0x1313,
	0x1313,0x1313,0x1313,0x1313,0x1313,0x1313,0x1313,0x1313,
	0x1313,0x1313,0x1313,0x1313,0x1313,0x1313,0x1313,0x1313,
	0x1313,0x1313,0x1313,0x1313,0x1313,0x1313,0x1313,0x1313,
	0x1313,0x1313,0x1313,0x1313,0x1313,0x1313,0x1313,0x1313,
	0x1313,0x1313,0x1313,0x1313,0x1313,0x1313,0x1313,0x1313,
	0x1313,0x1313,0x1313,0x1313,0x1313,0x1313,0x1313,0x1313,

	0x1313,0x1313,0x1313,0x1313,0x1313,0x1313,0x1313,0x1313,
	0x1313,0x1313,0x1313,0x1313,0x1313,0x1313,0x1313,0x1313,
	0x1313,0x1313,0x1313,0x1313,0x1313,0x1313,0x1313,0x1313,
	0x1313,0x1313,0x1313,0x1313,0x1313,0x1313,0x1313,0x1313,
	0x1313,0x1313,0x1313,0x1818,0x1313,0x1313,0x1313,0x1313,
	0x1313,0x1313,0x1313,0x1313,0x1313,0x1313,0x1313,0x1313,
	0x1313,0x1313,0x1313,0x1313,0x1313,0x1313,0x1313,0x1313,
	0x1313,0x1313,0x1313,0x1313,0x1313,0x1313,0x1313,0x1313,

	0x1515,0x1515,0x1515,0x1515,0x1313,0x1313,0x1313,0x1818,
	0x1313,0x1313,0x1313,0x1313,0x1313,0x1313,0x1313,0x1313,
	0x1313,0x1313,0x1313,0x1313,0x1313,0x1313,0x1313,0x1313,
	0x1313,0x1313,0x1313,0x1313,0x1313,0x1313,0x1313,0x1313,
	0x1315,0x1313,0x1313,0x1313,0x1313,0x1313,0x1313,0x1313,
	0x1313,0x1313,0x1313,0x1313,0x1313,0x1313,0x1313,0x1313,
	0x1313,0x1313,0x1313,0x1313,0x1313,0x1313,0x1313,0x1313,
	0x1313,0x1313,0x1313,0x1313,0x1313,0x1313,0x1313,0x1313,

	0x1313,0x1313,0x1313,0x1313,0x1313,0x1313,0x1313,0x1313,
	0x1313,0x1313,0x1313,0x1313,0x1313,0x1313,0x1313,0x1313,
	0x1313,0x1313,0x1313,0x1313,0x1313,0x1313,0x1313,0x1313,
	0x1313,0x1313,0x1313,0x1313,0x1313,0x1313,0x1313,0x1313,
	0x1515,0x1515,0x1515,0x1515,0x1515,0x1515,0x1515,0x1515,
	0x1515,0x1515,0x1515,0x1515,0x1515,0x1515,0x1515,0x1515,
	0x1515,0x1515,0x1515,0x1515,0x1818,0x1818,0x1818,0x1515,
	0x1313,0x1313,0x1313,0x1513,0x1313,0x1313,0x1313,0x1513,

	0x1515,0x1515,0x1515,0x1515,0x1515,0x1515,0x1515,0x1515,
	0x1515,0x1515,0x1515,0x1515,0x1515,0x1515,0x1515,0x1515,
	0x1515,0x1515,0x1515,0x1515,0x1515,0x1515,0x1515,0x1515,
	0x1515,0x1515,0x1515,0x1515,0x1515,0x1515,0x1515,0x1515,
	0x1515,0x1515,0x1815,0x1818,0x1515,0x1515,0x1515,0x1515,
	0x1515,0x1515,0x1515,0x1515,0x1515,0x1515,0x1515,0x1515,
	0x1515,0x1515,0x1515,0x1515,0x1515,0x1515,0x1515,0x1515,
	0x1515,0x1515,0x1515,0x1515,0x1515,0x1515,0x1515,0x1515,

	0x1318,0x1313,0x1313,0x1313,0x1515,0x1313,0x1313,0x1313,
	0x1815,0x1313,0x1313,0x1313,0x1815,0x1313,0x1313,0x1313,
	0x1815,0x1313,0x1313,0x1313,0x1815,0x1313,0x1313,0x1313,
	0x1815,0x1313,0x1313,0x1313,0x1815,0x1313,0x1313,0x1313,
	0x1313,0x1313,0x1313,0x1313,0x1313,0x1313,0x1313,0x1313,
	0x1313,0x1313,0x1313,0x1313,0x1313,0x1313,0x1313,0x1313,
	0x1313,0x1313,0x1313,0x1313,0x1313,0x1313,0x1313,0x1313,
	0x1313,0x1313,0x1313,0x1313,0x1313,0x1313,0x1313,0x1313,

	0x1313,0x1313,0x1313,0x1313,0x1313,0x1313,0x1313,0x1313,
	0x1313,0x1313,0x1313,0x1313,0x1313,0x1313,0x1313,0x1313,
	0x1313,0x1313,0x1313,0x1313,0x1313,0x1313,0x1313,0x1313,
	0x1313,0x1313,0x1313,0x1313,0x1313,0x1313,0x1313,0x1313,
	0x1313,0x1313,0x1313,0x1313,0x1313,0x1313,0x1313,0x1313,
	0x1313,0x1313,0x1313,0x1313,0x1313,0x1313,0x1313,0x1313,
	0x1313,0x1313,0x1313,0x1313,0x1313,0x1313,0x1313,0x1313,
	0x1313,0x1313,0x1313,0x1313,0x1313,0x1313,0x1313,0x1313,

	0x1515,0x1515,0x1515,0x1515,0x1515,0x1515,0x1515,0x1515,
	0x1518,0x1515,0x1515,0x1515,0x1313,0x1313,0x1813,0x1515,
	0x1313,0x1313,0x1313,0x1515,0x1313,0x1313,0x1313,0x1515,
	0x1313,0x1313,0x1313,0x1515,0x1313,0x1313,0x1313,0x1515,
	0x1515,0x1515,0x1515,0x1515,0x1515,0x1515,0x1515,0x1515,
	0x1515,0x1515,0x1515,0x1515,0x1515,0x1515,0x1515,0x1515,
	0x1515,0x1515,0x1515,0x1515,0x1515,0x1515,0x1515,0x1515,
	0x1515,0x1515,0x1515,0x1515,0x1515,0x1515,0x1515,0x1515,

	0x1515,0x1515,0x1515,0x1515,0x1515,0x1515,0x1515,0x1515,
	0x1515,0x1515,0x1515,0x1515,0x1515,0x1515,0x1515,0x1515,
	0x1515,0x1515,0x1515,0x1515,0x1515,0x1515,0x1515,0x1515,
	0x1515,0x1515,0x1515,0x1515,0x1515,0x1515,0x1515,0x1318,
	0x1515,0x1515,0x1515,0x1515,0x1515,0x1515,0x1515,0x1515,
	0x1515,0x1515,0x1515,0x1515,0x1515,0x1515,0x1515,0x1515,
	0x1515,0x1515,0x1515,0x1515,0x1515,0x1515,0x1515,0x1515,
	0x1518,0x1515,0x1515,0x1515,0x1518,0x1515,0x1515,0x1515,

	0x1515,0x1A15,0x1F17,0x1F1F,0x1515,0x1A15,0x1F1F,0x1F1F,
	0x1515,0x1D15,0x1F1F,0x1F1F,0x1515,0x1D15,0x1F1F,0x1F1F,
	0x1515,0x1D15,0x1F1F,0x1F1F,0x1515,0x1D15,0x1F1F,0x1F1F,
	0x1515,0x1D15,0x1717,0x1717,0x1515,0x1515,0x1515,0x1515,
	0x1F1F,0x1D17,0x1A1A,0x1815,0x1F1F,0x1F1F,0x1C1F,0x1315,
	0x1F1F,0x1F1F,0x171F,0x1315,0x1F1F,0x1F1F,0x171F,0x1315,
	0x1F1F,0x1F1F,0x171F,0x1315,0x1F1F,0x1F1F,0x171F,0x1315,
	0x1717,0x1717,0x1D17,0x1315,0x1515,0x1515,0x1815,0x1313,

	0x1518,0x1515,0x1315,0x1313,0x1313,0x1313,0x1313,0x1313,
	0x1313,0x1313,0x1313,0x1313,0x1313,0x1313,0x1313,0x1313,
	0x1313,0x1313,0x1313,0x1313,0x1313,0x1313,0x1313,0x1313,
	0x1313,0x1313,0x1313,0x1313,0x1313,0x1313,0x1313,0x1313,
	0x1313,0x1313,0x1313,0x1313,0x1313,0x1313,0x1313,0x1313,
	0x1313,0x1313,0x1313,0x1313,0x1313,0x1313,0x1313,0x1313,
	0x1313,0x1313,0x1313,0x1313,0x1313,0x1313,0x1313,0x1313,
	0x1313,0x1313,0x1313,0x1313,0x1313,0x1313,0x1313,0x1313,

	0x1313,0x1313,0x1313,0x1313,0x1313,0x1313,0x1313,0x1313,
	0x1313,0x1313,0x1313,0x1313,0x1313,0x1313,0x1313,0x1313,
	0x1313,0x1313,0x1313,0x1313,0x1313,0x1313,0x1313,0x1313,
	0x1313,0x1313,0x1313,0x1313,0x1313,0x1313,0x1313,0x1313,
	0x1313,0x1313,0x1313,0x1313,0x1313,0x1313,0x1313,0x1313,
	0x1313,0x1313,0x1313,0x1313,0x1313,0x1313,0x1313,0x1313,
	0x1313,0x1313,0x1313,0x1313,0x1313,0x1313,0x1313,0x1313,
	0x1313,0x1313,0x1313,0x1313,0x1313,0x1313,0x1313,0x1313,

	0x1313,0x1313,0x1313,0x1313,0x1313,0x1313,0x1313,0x1313,
	0x1313,0x1313,0x1313,0x1313,0x1313,0x1313,0x1313,0x1313,
	0x1313,0x1313,0x1313,0x1313,0x1313,0x1313,0x1313,0x1313,
	0x1313,0x1313,0x1313,0x1313,0x1313,0x1313,0x1313,0x1313,
	0x1313,0x1313,0x1313,0x1313,0x1313,0x1313,0x1313,0x1313,
	0x1313,0x1313,0x1313,0x1313,0x1313,0x1313,0x1313,0x1313,
	0x1313,0x1313,0x1313,0x1313,0x1313,0x1313,0x1313,0x1313,
	0x1313,0x1313,0x1313,0x1313,0x1313,0x1313,0x1313,0x1313,

	0x1313,0x1313,0x1313,0x1313,0x1313,0x1313,0x1313,0x1313,
	0x1313,0x1313,0x1313,0x1313,0x1313,0x1313,0x1313,0x1313,
	0x1313,0x1313,0x1313,0x1313,0x1313,0x1313,0x1313,0x1313,
	0x1313,0x1313,0x1313,0x1313,0x1313,0x1313,0x1313,0x1313,
	0x1313,0x1313,0x1313,0x1313,0x1313,0x1313,0x1313,0x1313,
	0x1313,0x1313,0x1313,0x1313,0x1313,0x1313,0x1313,0x1313,
	0x1313,0x1313,0x1313,0x1313,0x1313,0x1313,0x1313,0x1313,
	0x1313,0x1313,0x1313,0x1313,0x1313,0x1313,0x1313,0x1313,

	0x1313,0x1313,0x1313,0x1313,0x1313,0x1313,0x1313,0x1313,
	0x1313,0x1313,0x1313,0x1313,0x1313,0x1313,0x1313,0x1313,
	0x1313,0x1313,0x1313,0x1313,0x1313,0x1313,0x1313,0x1313,
	0x1313,0x1313,0x1313,0x1313,0x1313,0x1313,0x1313,0x1313,
	0x1313,0x1313,0x1313,0x1313,0x1313,0x1313,0x1313,0x1313,
	0x1313,0x1313,0x1313,0x1313,0x1313,0x1313,0x1313,0x1313,
	0x1313,0x1313,0x1313,0x1313,0x1313,0x1313,0x1313,0x1313,
	0x1313,0x1313,0x1313,0x1313,0x1313,0x1313,0x1313,0x1313,

	0x1313,0x1313,0x1313,0x1313,0x1313,0x1313,0x1313,0x1313,
	0x1313,0x1313,0x1313,0x1313,0x1313,0x1313,0x1313,0x1313,
	0x1313,0x1313,0x1313,0x1313,0x1313,0x1313,0x1313,0x1313,
	0x1313,0x1313,0x1313,0x1313,0x1313,0x1313,0x1313,0x1313,
	0x1313,0x1313,0x1313,0x1313,0x1313,0x1313,0x1313,0x1313,
	0x1313,0x1313,0x1313,0x1313,0x1313,0x1313,0x1313,0x1313,
	0x1313,0x1313,0x1313,0x1313,0x1313,0x1313,0x1313,0x1313,
	0x1313,0x1313,0x1313,0x1313,0x1313,0x1313,0x1313,0x1313,

	0x1313,0x1313,0x1313,0x1313,0x1313,0x1313,0x1313,0x1313,
	0x1313,0x1313,0x1313,0x1313,0x1313,0x1313,0x1313,0x1313,
	0x1313,0x1313,0x1313,0x1313,0x1313,0x1313,0x1313,0x1313,
	0x1313,0x1313,0x1313,0x1313,0x1313,0x1313,0x1313,0x1313,
	0x1313,0x1313,0x1313,0x1813,0x1313,0x1313,0x1313,0x1313,
	0x1313,0x1313,0x1313,0x1313,0x1313,0x1313,0x1313,0x1313,
	0x1313,0x1313,0x1313,0x1313,0x1313,0x1313,0x1313,0x1313,
	0x1313,0x1313,0x1313,0x1313,0x1313,0x1313,0x1313,0x1313,

	0x1818,0x1818,0x1518,0x1815,0x1313,0x1313,0x1313,0x1313,
	0x1313,0x1313,0x1313,0x1313,0x1313,0x1313,0x1313,0x1313,
	0x1313,0x1313,0x1313,0x1313,0x1313,0x1313,0x1313,0x1313,
	0x1313,0x1313,0x1313,0x1313,0x1313,0x1313,0x1313,0x1313,
	0x1313,0x1313,0x1313,0x1313,0x1313,0x1313,0x1313,0x1313,
	0x1313,0x1313,0x1313,0x1313,0x1313,0x1313,0x1313,0x1313,
	0x1313,0x1313,0x1313,0x1313,0x1313,0x1313,0x1313,0x1313,
	0x1313,0x1313,0x1313,0x1313,0x1313,0x1313,0x1313,0x1313,

	0x1313,0x1313,0x1313,0x1313,0x1313,0x1313,0x1313,0x1313,
	0x1313,0x1313,0x1313,0x1313,0x1313,0x1313,0x1313,0x1313,
	0x1313,0x1313,0x1313,0x1313,0x1313,0x1313,0x1313,0x1313,
	0x1313,0x1313,0x1313,0x1313,0x1313,0x1313,0x1313,0x1313,
	0x1313,0x1313,0x1313,0x1313,0x1313,0x1313,0x1313,0x1313,
	0x1313,0x1313,0x1313,0x1313,0x1313,0x1313,0x1313,0x1313,
	0x1313,0x1313,0x1313,0x1313,0x1313,0x1313,0x1313,0x1313,
	0x1313,0x1313,0x1313,0x1313,0x1313,0x1313,0x1313,0x1313,

	0x1313,0x1313,0x1313,0x1313,0x1313,0x1313,0x1313,0x1313,
	0x1313,0x1313,0x1313,0x1313,0x1313,0x1313,0x1313,0x1313,
	0x1313,0x1313,0x1313,0x1313,0x1313,0x1313,0x1313,0x1313,
	0x1313,0x1313,0x1313,0x1313,0x1313,0x1313,0x1313,0x1313,
	0x1313,0x1313,0x1313,0x1313,0x1313,0x1313,0x1313,0x1313,
	0x1313,0x1313,0x1313,0x1313,0x1313,0x1313,0x1313,0x1313,
	0x1313,0x1313,0x1313,0x1313,0x1313,0x1313,0x1313,0x1313,
	0x1313,0x1313,0x1313,0x1313,0x1313,0x1313,0x1313,0x1313,

	0x1313,0x1313,0x1313,0x1518,0x1313,0x1313,0x1313,0x1518,
	0x1313,0x1313,0x1313,0x1518,0x1313,0x1313,0x1313,0x1818,
	0x1313,0x1313,0x1313,0x1313,0x1313,0x1313,0x1313,0x1313,
	0x1313,0x1313,0x1313,0x1313,0x1313,0x1313,0x1313,0x1313,
	0x1515,0x1515,0x1515,0x1515,0x1515,0x1515,0x1515,0x1515,
	0x1515,0x1515,0x1515,0x1515,0x1515,0x1515,0x1515,0x1515,
	0x1313,0x1518,0x1515,0x1515,0x1313,0x1513,0x1515,0x1515,
	0x1313,0x1518,0x1515,0x1515,0x1313,0x1518,0x1515,0x1515,

	0x1515,0x1515,0x1515,0x1515,0x1515,0x1515,0x1515,0x1515,
	0x1515,0x1515,0x1515,0x1515,0x1515,0x1515,0x1515,0x1515,
	0x1515,0x1515,0x1515,0x1515,0x1515,0x1515,0x1515,0x1515,
	0x1515,0x1515,0x1515,0x1515,0x1515,0x1515,0x1515,0x1A15,
	0x1515,0x1E15,0x1F1F,0x1F1F,0x1515,0x1E15,0x1F1F,0x1F1F,
	0x1515,0x1A15,0x1F1F,0x1F1F,0x1515,0x1A15,0x1F1F,0x1F1F,
	0x1515,0x1A15,0x1717,0x1717,0x1515,0x1A15,0x1717,0x1717,
	0x1515,0x1D15,0x1717,0x1717,0x1A1A,0x1C1D,0x1717,0x1717,

	0x1F1F,0x1F1F,0x1F1F,0x1F1F,0x1F1F,0x1F1F,0x1F1F,0x1F1F,
	0x1F1F,0x1F1F,0x1F1F,0x1F1F,0x1F1F,0x1F1F,0x1F1F,0x1F1F,
	0x1717,0x1F1F,0x1F1F,0x1F1F,0x1717,0x1F1F,0x1F1F,0x1F1F,
	0x1717,0x1F1F,0x1F1F,0x1F1F,0x1717,0x1F1F,0x1F1F,0x1F1F,
	0x1F1F,0x1F1F,0x1F1F,0x1F1F,0x1F1F,0x1F1F,0x1F1F,0x1F1F,
	0x1F1F,0x1F1F,0x1F1F,0x1F1F,0x1F1F,0x1F1F,0x1F1F,0x1F1F,
	0x1F1F,0x1F1F,0x1F1F,0x1F1F,0x1F1F,0x1F1F,0x1F1F,0x1F1F,
	0x1F1F,0x1F1F,0x1F1F,0x1F1F,0x1F1F,0x1F1F,0x1F1F,0x1F1F,

	0x1F1F,0x1F1F,0x1F1F,0x171F,0x1F1F,0x1F1F,0x1F1F,0x171F,
	0x1F1F,0x1F1F,0x1F1F,0x171F,0x1F1F,0x1F1F,0x1F1F,0x171F,
	0x1F1F,0x1F1F,0x1F1F,0x1717,0x1F1F,0x1F1F,0x1F1F,0x1717,
	0x1F1F,0x1F1F,0x1F1F,0x1717,0x1F1F,0x1F1F,0x1F1F,0x1717,
	0x1717,0x1717,0x1717,0x151A,0x1717,0x1717,0x1C17,0x151A,
	0x1717,0x1717,0x1C17,0x151A,0x1717,0x1717,0x1C17,0x151A,
	0x1717,0x1717,0x1C17,0x1D16,0x1717,0x1717,0x1717,0x1717,
	0x1717,0x1717,0x1717,0x1717,0x1717,0x1717,0x1717,0x1717,

	0x1515,0x1515,0x1515,0x1515,0x1515,0x1515,0x1515,0x1515,
	0x1515,0x1515,0x1515,0x1515,0x1515,0x1515,0x1515,0x1515,
	0x1D1D,0x1E1A,0x1815,0x1818,0x1717,0x1617,0x1315,0x1313,
	0x1717,0x1617,0x1315,0x1313,0x1717,0x1617,0x1315,0x1313,
	0x1515,0x1515,0x1313,0x1313,0x1515,0x1515,0x1313,0x1313,
	0x1815,0x1318,0x1313,0x1313,0x1315,0x1313,0x1313,0x1313,
	0x1318,0x1313,0x1313,0x1313,0x1313,0x1313,0x1313,0x1313,
	0x1313,0x1313,0x1313,0x1313,0x1313,0x1313,0x1313,0x1313,

	0x1313,0x1313,0x1313,0x1313,0x1313,0x1313,0x1313,0x1313,
	0x1313,0x1313,0x1313,0x1313,0x1313,0x1313,0x1313,0x1313,
	0x1313,0x1313,0x1313,0x1313,0x1313,0x1313,0x1313,0x1313,
	0x1313,0x1313,0x1313,0x1313,0x1313,0x1313,0x1313,0x1313,
	0x1313,0x1313,0x1313,0x1313,0x1313,0x1313,0x1313,0x1313,
	0x1313,0x1313,0x1313,0x1313,0x1313,0x1313,0x1313,0x1313,
	0x1313,0x1313,0x1313,0x1313,0x1313,0x1313,0x1313,0x1313,
	0x1313,0x1313,0x1313,0x1313,0x1313,0x1313,0x1313,0x1313,

	0x1313,0x1313,0x1313,0x1313,0x1313,0x1313,0x1313,0x1313,
	0x1313,0x1313,0x1313,0x1313,0x1313,0x1313,0x1313,0x1313,
	0x1313,0x1313,0x1313,0x1313,0x1313,0x1313,0x1313,0x1313,
	0x1313,0x1313,0x1313,0x1313,0x1313,0x1313,0x1313,0x1313,
	0x1313,0x1313,0x1313,0x1313,0x1313,0x1313,0x1313,0x1313,
	0x1313,0x1313,0x1313,0x1313,0x1313,0x1313,0x1313,0x1313,
	0x1313,0x1313,0x1313,0x1313,0x1313,0x1313,0x1313,0x1313,
	0x1313,0x1313,0x1313,0x1313,0x1313,0x1313,0x1313,0x1313,

	0x1313,0x1313,0x1313,0x1313,0x1313,0x1313,0x1313,0x1313,
	0x1313,0x1313,0x1313,0x1313,0x1313,0x1313,0x1313,0x1313,
	0x1313,0x1313,0x1313,0x1313,0x1313,0x1313,0x1313,0x1313,
	0x1313,0x1313,0x1313,0x1313,0x1313,0x1313,0x1313,0x1313,
	0x1313,0x1313,0x1313,0x1313,0x1313,0x1313,0x1313,0x1313,
	0x1313,0x1313,0x1313,0x1313,0x1313,0x1313,0x1313,0x1313,
	0x1313,0x1313,0x1313,0x1313,0x1313,0x1313,0x1313,0x1313,
	0x1313,0x1313,0x1313,0x1313,0x1313,0x1313,0x1313,0x1313,
};

const unsigned short _cloudPal[256] __attribute__((aligned(4)))=
{
	0x0C01,0x1401,0x1001,0x1C02,0x1802,0x1402,0x0000,0x0000,
	0x0000,0x0000,0x0000,0x0000,0x0000,0x0000,0x0000,0x0000,
	0x0000,0x2108,0x2008,0x498D,0x3C00,0x394A,0x28A7,0x2486,
	0x416C,0x280A,0x30E8,0x1CA6,0x2886,0x2CC7,0x3509,0x2065,
	0x0000,0x7C00,0x2025,0x5670,0x0C01,0x7FE0,0x2848,0x45AD,
	0x406D,0x3109,0x7C1F,0x7398,0x304A,0x62F2,0x1402,0x7374,
	0x0000,0x0000,0x0000,0x0000,0x0000,0x0000,0x0000,0x0000,
	0x0000,0x0000,0x0000,0x0000,0x0000,0x0000,0x0000,0x0000,

	0x0000,0x0000,0x0000,0x0000,0x0000,0x0000,0x0000,0x0000,
	0x0000,0x0000,0x0000,0x0000,0x0000,0x0000,0x0000,0x0000,
	0x0000,0x0000,0x0000,0x0000,0x0000,0x0000,0x0000,0x0000,
	0x0000,0x0000,0x0000,0x0000,0x0000,0x0000,0x0000,0x0000,
	0x0000,0x0000,0x0000,0x0000,0x0000,0x0000,0x0000,0x0000,
	0x0000,0x0000,0x0000,0x0000,0x0000,0x0000,0x0000,0x0000,
	0x0000,0x0000,0x0000,0x0000,0x0000,0x0000,0x0000,0x0000,
	0x0000,0x0000,0x0000,0x0000,0x0000,0x0000,0x0000,0x0000,

	0x0000,0x0000,0x0000,0x0000,0x0000,0x0000,0x0000,0x0000,
	0x0000,0x0000,0x0000,0x0000,0x0000,0x0000,0x0000,0x0000,
	0x0000,0x0000,0x0000,0x0000,0x0000,0x0000,0x0000,0x0000,
	0x0000,0x0000,0x0000,0x0000,0x0000,0x0000,0x0000,0x0000,
	0x0000,0x0000,0x0000,0x0000,0x0000,0x0000,0x0000,0x0000,
	0x0000,0x0000,0x0000,0x0000,0x0000,0x0000,0x0000,0x0000,
	0x0000,0x0000,0x0000,0x0000,0x0000,0x0000,0x0000,0x0000,
	0x0000,0x0000,0x0000,0x0000,0x0000,0x0000,0x0000,0x0000,

	0x0000,0x0000,0x0000,0x0000,0x0000,0x0000,0x0000,0x0000,
	0x0000,0x0000,0x0000,0x0000,0x0000,0x0000,0x0000,0x0000,
	0x0000,0x0000,0x0000,0x0000,0x0000,0x0000,0x0000,0x0000,
	0x0000,0x0000,0x0000,0x0000,0x0000,0x0000,0x0000,0x0000,
	0x0000,0x0000,0x0000,0x0000,0x0000,0x0000,0x0000,0x0000,
	0x0000,0x0000,0x0000,0x0000,0x0000,0x0000,0x0000,0x0000,
	0x0000,0x0000,0x0000,0x0000,0x0000,0x0000,0x0000,0x0000,
	0x0000,0x0000,0x0000,0x0000,0x0000,0x0000,0x0000,0x0000,
};

//}}BLOCK(_cloud)
