
//{{BLOCK(_12)

//======================================================================
//
//	_12, 512x512@8, 
//	+ palette 256 entries, not compressed
//	+ 4096 tiles not compressed
//	Total size: 512 + 262144 = 262656
//
//	Time-stamp: 2025-04-29, 16:49:52
//	Exported by Cearn's GBA Image Transmogrifier, v0.8.3
//	( http://www.coranac.com/projects/#grit )
//
//======================================================================

const unsigned short _12Tiles[131072] __attribute__((aligned(4)))=
{
	0x1A1A,0x1A1A,0x1A1A,0x1A1A,0x1A1A,0x1A1A,0x1A0D,0x1A1A,
	0x1A1A,0x1A1A,0x1A0D,0x1A1A,0x1A1A,0x1A0D,0x1919,0x1A1A,
	0x191A,0x1A0D,0x1A1A,0x1A1A,0x1A1A,0x1A1A,0x0D19,0x1A0D,
	0x1A1A,0x1A1A,0x191A,0x1A1A,0x1A1A,0x1A1A,0x1A1A,0x1A1A,
	0x1A1A,0x1A1A,0x1A1A,0x1A1A,0x1A1A,0x1A1A,0x1A1A,0x1A1A,
	0x1A1A,0x1A1A,0x1A1A,0x1A1A,0x1A1A,0x1A1A,0x1A1A,0x1A1A,
	0x1A1A,0x1A1A,0x1A1A,0x1A1A,0x1A1A,0x1A1A,0x1A1A,0x951A,
	0x1A1A,0x1A1A,0x1A1A,0x9595,0x1A1A,0x1A1A,0x1A1A,0x1A1A,

	0x1A1A,0x1A1A,0x1A1A,0x1A1A,0x1A1A,0x1A1A,0x1A1A,0x1A1A,
	0x1A1A,0x1A1A,0x1A1A,0x1A1A,0x1A1A,0x1A1A,0x1A1A,0x1A1A,
	0x1A1A,0x1A1A,0x1A1A,0x1A1A,0x1A1A,0x1A1A,0x1A1A,0x1A1A,
	0x9595,0x1A1A,0x1A1A,0x1A1A,0x1919,0x1A1A,0x1A1A,0x1A1A,
	0x1A1A,0x1A1A,0x1A1A,0x1A1A,0x1A1A,0x1A1A,0x1A1A,0x1A1A,
	0x1A1A,0x1A1A,0x1A1A,0x1A1A,0x1A1A,0x1A1A,0x1A1A,0x1A1A,
	0x1A1A,0x1A1A,0x1A1A,0x1A1A,0x1A1A,0x1A1A,0x1A1A,0x1A1A,
	0x1A1A,0x1A1A,0x1A1A,0x1A1A,0x1A1A,0x1A1A,0x1A1A,0x1A1A,

	0x1A1A,0x1A1A,0x1A1A,0x1A1A,0x1A1A,0x1A1A,0x1A1A,0x1A1A,
	0x1A1A,0x1A1A,0x1A1A,0x1A1A,0x1A1A,0x1A1A,0x1A1A,0x1A1A,
	0x1A1A,0x1A1A,0x1A1A,0x1A1A,0x1A1A,0x1A1A,0x1A1A,0x1A1A,
	0x1A1A,0x1A1A,0x1A1A,0x1A1A,0x1A1A,0x1A1A,0x1A1A,0x1A1A,
	0x1A1A,0x1A1A,0x1A1A,0x1A1A,0x1A1A,0x1A1A,0x1A1A,0x1A1A,
	0x1A1A,0x1A1A,0x1A1A,0x1A1A,0x1A1A,0x1A1A,0x1A1A,0x1A1A,
	0x1A1A,0x1A1A,0x1A1A,0x1A1A,0x1A1A,0x1A1A,0x1A1A,0x1A1A,
	0x1A1A,0x1A1A,0x1A1A,0x1A1A,0x1A1A,0x1A1A,0x1A1A,0x1A1A,

	0x1A1A,0x1A1A,0x1A1A,0x1A1A,0x1A1A,0x1A1A,0x1A1A,0x1A1A,
	0x1A1A,0x1A1A,0x1A1A,0x1A1A,0x1A1A,0x1A1A,0x1A1A,0x1A1A,
	0x1A1A,0x1A1A,0x1A1A,0x1A1A,0x1A1A,0x1A1A,0x1A1A,0x1A1A,
	0x1A1A,0x1A1A,0x0A1A,0x1A0A,0x1A1A,0x1A1A,0x0A0A,0x0A0A,
	0x1A1A,0x1A1A,0x1A1A,0x1A1A,0x1A1A,0x1A1A,0x1A1A,0x1A1A,
	0x1A1A,0x1A1A,0x1A1A,0x1A1A,0x1A1A,0x1A1A,0x1A1A,0x1A1A,
	0x1A1A,0x1A1A,0x1A1A,0x1A1A,0x1A1A,0x1A1A,0x1A1A,0x1A1A,
	0x1A1A,0x1A1A,0x1A1A,0x1A1A,0x0A1A,0x1A1A,0x1A1A,0x1A1A,

	0x1A1A,0x1A1A,0x1A1A,0x1A1A,0x1A1A,0x1A1A,0x1A1A,0x1A1A,
	0x1A1A,0x1A1A,0x1A1A,0x1A1A,0x1A1A,0x361A,0x3636,0x3636,
	0x1A1A,0x3636,0x3636,0x3636,0x2A1A,0x3636,0x3636,0x3636,
	0x2A1A,0x362A,0x3636,0x3636,0x1A1A,0x2A2A,0x362A,0x3636,
	0x1A1A,0x1A1A,0x1A1A,0x1A1A,0x1A1A,0x1A1A,0x1A1A,0x361A,
	0x1A1A,0x1A1A,0x3636,0x3636,0x3636,0x3636,0x3636,0x3636,
	0x3636,0x3636,0x3636,0x3636,0x3636,0x3636,0x3636,0x3636,
	0x3636,0x2222,0x2222,0x2222,0x3636,0x3636,0x3836,0x3838,

	0x0A0A,0x0A0A,0x0A0A,0x0A0A,0x3636,0x3636,0x3636,0x0A0A,
	0x3636,0x3636,0x3636,0x3636,0x3636,0x3636,0x3636,0x3636,
	0x3636,0x3636,0x3636,0x3636,0x3636,0x3636,0x3636,0x3636,
	0x2222,0x2222,0x3622,0x3636,0x3838,0x3838,0x3838,0x3838,
	0x0A0A,0x1A0A,0x1A1A,0x1A1A,0x0A0A,0x1A0A,0x1A0A,0x0A1A,
	0x3636,0x0A0A,0x0A0A,0x0A0A,0x3636,0x3636,0x3636,0x0A38,
	0x3636,0x3636,0x3836,0x3838,0x3636,0x3838,0x3838,0x3838,
	0x3836,0x3838,0x3838,0x3838,0x2222,0x3622,0x3636,0x3838,

	0x1A1A,0x1A1A,0x1A1A,0x1A1A,0x1A1A,0x1A1A,0x1A1A,0x1A1A,
	0x1A0A,0x1A1A,0x1A1A,0x1A1A,0x1A0A,0x1A1A,0x1A1A,0x1A1A,
	0x1A0A,0x1A1A,0x1A1A,0x1A1A,0x3838,0x3838,0x1A1A,0x1A1A,
	0x3838,0x3838,0x1A38,0x1A1A,0x3838,0x3838,0x3838,0x3838,
	0x1A1A,0x1A1A,0x1A1A,0x1A1A,0x1A1A,0x1A1A,0x1A1A,0x1A1A,
	0x1A1A,0x1A1A,0x1A1A,0x1A1A,0x1A1A,0x1A1A,0x1A1A,0x1A1A,
	0x1A1A,0x1A1A,0x1A1A,0x1A1A,0x1A1A,0x1A1A,0x1A1A,0x1A1A,
	0x1A1A,0x1A1A,0x1A1A,0x1A1A,0x1A1A,0x1A1A,0x1A1A,0x1A1A,

	0x1A1A,0x1A1A,0x1A1A,0x1A1A,0x1A1A,0x1A1A,0x1A1A,0x1A1A,
	0x1A1A,0x1A1A,0x1A1A,0x1A1A,0x1A1A,0x1A1A,0x1A1A,0x1A1A,
	0x1A1A,0x1A1A,0x1A1A,0x1A1A,0x1A1A,0x1A1A,0x1A1A,0x1A0A,
	0x1A1A,0x1A1A,0x1A1A,0x1A0A,0x1A1A,0x1A1A,0x0A1A,0x0A0A,
	0x1A1A,0x1A1A,0x0A0A,0x0A0A,0x1A1A,0x0A0A,0x1A0A,0x0A18,
	0x1A0A,0x0A1A,0x1A0A,0x0A18,0x0A1A,0x0A0A,0x1A1A,0x1A1A,
	0x1A1A,0x0A0A,0x1A1A,0x1A0A,0x0A0A,0x0A1A,0x1A0A,0x1A1A,
	0x0A0A,0x181A,0x0A0A,0x1A1A,0x1818,0x1A1A,0x1A1A,0x1A1A,

	0x0A0A,0x0A0A,0x0A0A,0x1A1A,0x0A0A,0x0A0A,0x0A0A,0x0A1A,
	0x0A0A,0x0A0A,0x0A0A,0x0A1A,0x0A1A,0x0A0A,0x0A0A,0x0A0A,
	0x1A1A,0x1A0A,0x1A0A,0x0A1A,0x1A1A,0x1A1A,0x1A1A,0x1A1A,
	0x1A1A,0x1A1A,0x1A1A,0x1A1A,0x1A1A,0x1A0A,0x1A1A,0x0A1A,
	0x1A1A,0x1A1A,0x1A1A,0x1A1A,0x1A0A,0x1A1A,0x1A1A,0x1A0A,
	0x0A0A,0x0A1A,0x1A1A,0x1A0A,0x1A0A,0x0A1A,0x1A1A,0x1A1A,
	0x1A0A,0x0A1A,0x1A1A,0x1A1A,0x1A1A,0x1A1A,0x1A1A,0x1A1A,
	0x0A1A,0x1A1A,0x1A1A,0x1A1A,0x1A1A,0x1A1A,0x1A1A,0x1A1A,

	0x1A1A,0x1A1A,0x1A1A,0x1A1A,0x1A1A,0x1A1A,0x1A1A,0x1A1A,
	0x1A1A,0x1A1A,0x1A1A,0x1A1A,0x1A1A,0x1A1A,0x1A1A,0x1A1A,
	0x1A1A,0x1A1A,0x1A1A,0x1A1A,0x1A1A,0x1A1A,0x1A1A,0x1A1A,
	0x1A1A,0x1A1A,0x1A1A,0x1A1A,0x1A1A,0x1A1A,0x1A1A,0x1A1A,
	0x1A1A,0x1A1A,0x1A1A,0x1A1A,0x1A1A,0x1A1A,0x1A1A,0x1A1A,
	0x1A1A,0x1A1A,0x1A1A,0x1A1A,0x1A1A,0x1A1A,0x1A1A,0x1A1A,
	0x1A1A,0x1A1A,0x1A1A,0x1A1A,0x1A1A,0x1A1A,0x1A1A,0x1A1A,
	0x1A1A,0x1A1A,0x1A1A,0x1A1A,0x1A1A,0x1A1A,0x1A1A,0x1A1A,

	0x1A1A,0x1A1A,0x1A1A,0x1A1A,0x1A1A,0x1A1A,0x1A1A,0x1A1A,
	0x1A1A,0x1A1A,0x1A1A,0x1A1A,0x1A1A,0x1A1A,0x1A1A,0x1A1A,
	0x1A1A,0x1A1A,0x1A1A,0x1A1A,0x1A1A,0x1A1A,0x1A1A,0x1A1A,
	0x1A1A,0x1A1A,0x1A1A,0x1A1A,0x1A1A,0x1A1A,0x1A1A,0x1A1A,
	0x1A1A,0x1A1A,0x1A1A,0x1A1A,0x1A1A,0x1A1A,0x1A1A,0x1A1A,
	0x1A1A,0x1A1A,0x1A1A,0x1A1A,0x1A1A,0x1A1A,0x1A1A,0x1A1A,
	0x1A1A,0x1A1A,0x1A1A,0x1A1A,0x1A1A,0x1A1A,0x1A1A,0x1A1A,
	0x1A1A,0x1A1A,0x1A1A,0x1A1A,0x1A1A,0x1A1A,0x1A1A,0x1A1A,

	0x1A1A,0x1A1A,0x1A1A,0x1A1A,0x1A1A,0x1A1A,0x1A1A,0x1A1A,
	0x1A1A,0x1A1A,0x1A1A,0x1A1A,0x1A1A,0x1A1A,0x1A1A,0x1A1A,
	0x1A1A,0x1A1A,0x1A1A,0x1A1A,0x1A1A,0x1A1A,0x1A1A,0x1A1A,
	0x1A1A,0x1A1A,0x1A1A,0x1A1A,0x1A1A,0x1A1A,0x1A1A,0x1A1A,
	0x1A1A,0x1A1A,0x1A1A,0x1A1A,0x1A1A,0x1A1A,0x1A1A,0x1A1A,
	0x1A1A,0x1A1A,0x1A1A,0x1A1A,0x1A1A,0x1A1A,0x1A1A,0x1A1A,
	0x1A1A,0x1A1A,0x1A1A,0x1A1A,0x1A1A,0x1A1A,0x1A1A,0x1A1A,
	0x1A1A,0x1A1A,0x1A1A,0x1A1A,0x1A1A,0x1A1A,0x1A1A,0x1A1A,

	0x1A1A,0x1A1A,0x1A1A,0x1A1A,0x1A1A,0x1A1A,0x1A1A,0x1A1A,
	0x1A1A,0x1A1A,0x1A1A,0x1A1A,0x1A1A,0x1A1A,0x1A1A,0x1A1A,
	0x1A1A,0x1A1A,0x1A1A,0x1A1A,0x1A1A,0x1A1A,0x1A1A,0x1A1A,
	0x1A1A,0x1A1A,0x1A1A,0x1A1A,0x1A1A,0x1A1A,0x1A1A,0x1A1A,
	0x1A1A,0x1A1A,0x1A1A,0x1A1A,0x1A1A,0x1A1A,0x1A1A,0x1A1A,
	0x1A1A,0x1A1A,0x1A1A,0x1A1A,0x1A1A,0x1A1A,0x1A1A,0x1A1A,
	0x1A1A,0x1A1A,0x1A1A,0x1A1A,0x1A1A,0x1A1A,0x1A1A,0x1A1A,
	0x1A1A,0x1A1A,0x1A1A,0x1A1A,0x1A1A,0x1A1A,0x1A1A,0x1A1A,

	0x1A1A,0x1A1A,0x1A1A,0x1A1A,0x1A1A,0x1A1A,0x1A1A,0x1A1A,
	0x1A1A,0x1A1A,0x1A1A,0x1A1A,0x1A1A,0x1A1A,0x1A1A,0x1A1A,
	0x1A1A,0x1A1A,0x1A1A,0x1A1A,0x1A1A,0x1A1A,0x1A1A,0x1A1A,
	0x1A1A,0x1A1A,0x1A1A,0x1A1A,0x1A1A,0x1A1A,0x1A1A,0x1A1A,
	0x1A1A,0x1A1A,0x1A1A,0x1A1A,0x1A1A,0x1A1A,0x1A1A,0x1A1A,
	0x1A1A,0x1A1A,0x1A1A,0x1A1A,0x1A1A,0x1A1A,0x1A1A,0x1A1A,
	0x1A1A,0x1A1A,0x1A1A,0x1A1A,0x1A1A,0x1A1A,0x1A1A,0x1A1A,
	0x1A1A,0x1A1A,0x1A1A,0x1A1A,0x1A1A,0x1A1A,0x1A1A,0x1A1A,

	0x1A1A,0x1A1A,0x1A1A,0x1A1A,0x1A1A,0x1A1A,0x1A1A,0x1A1A,
	0x1A1A,0x1A1A,0x1A1A,0x1A1A,0x1A1A,0x1A1A,0x1A1A,0x1A1A,
	0x1A1A,0x1A1A,0x1A1A,0x1A1A,0x1A1A,0x1A1A,0x1A1A,0x1A1A,
	0x1A1A,0x1A1A,0x1A1A,0x1A1A,0x1A1A,0x1A1A,0x1A1A,0x1A1A,
	0x1A1A,0x1A1A,0x1A1A,0x1A1A,0x1A1A,0x1A1A,0x1A1A,0x1A1A,
	0x1A1A,0x1A1A,0x1A1A,0x1A1A,0x1A1A,0x1A1A,0x1A1A,0x1A1A,
	0x1A1A,0x1A1A,0x1A1A,0x1A1A,0x1A1A,0x1A1A,0x1A1A,0x1A1A,
	0x1A1A,0x1A1A,0x1A1A,0x1A1A,0x1A1A,0x1A1A,0x1A1A,0x1A1A,

	0x1A1A,0x1A1A,0x1A1A,0x0A1A,0x1A1A,0x1A1A,0x181A,0x0A0A,
	0x1A1A,0x1A1A,0x1A1A,0x3B0A,0x1A0A,0x0A1A,0x1A1A,0x0A1A,
	0x0A3B,0x3B1A,0x1A0A,0x0A1A,0x1A1A,0x1A1A,0x180A,0x0A0A,
	0x1A1A,0x0A1A,0x1A0A,0x0A0A,0x0A1A,0x3B0A,0x1A1A,0x3B1A,
	0x0A0A,0x0A0A,0x0A0A,0x620A,0x0A0A,0x0A0A,0x0A0A,0x270A,
	0x0A0A,0x0A0A,0x0A0A,0x2727,0x0A0A,0x0A0A,0x270A,0x270A,
	0x0A0A,0x0A0A,0x270A,0x2727,0x0A0A,0x270A,0x2727,0x2727,
	0x0A0A,0x270A,0x2727,0x2727,0x0A0A,0x62BD,0x2762,0x2727,

	0x6262,0x2727,0xBDBD,0x2727,0x27BD,0xBDBD,0x2727,0xBD27,
	0x2727,0xBDBD,0x2727,0x2727,0x2727,0x2727,0x2727,0xBD27,
	0x2727,0x2727,0x2727,0x27BD,0x2727,0x2727,0xBD27,0x2727,
	0x2727,0x2727,0x2727,0x2727,0x2727,0x2727,0x2727,0x2727,
	0x2727,0x2727,0x27BD,0x2727,0xBDBD,0x2727,0x27BD,0x2727,
	0xBDBD,0xBDBD,0x27BD,0x2727,0x2727,0xBDBD,0xBDBD,0xBDBD,
	0x2727,0xBD27,0xBDBD,0x2727,0x2727,0xBDBD,0x27BD,0x2727,
	0x2727,0x2727,0x27BD,0x2727,0x2727,0x2727,0x2727,0x2727,

	0x2727,0xBD27,0x27BD,0x27BD,0x2727,0x2727,0xBD27,0xBDBD,
	0x2727,0x2727,0x2727,0xBDBD,0x2727,0xBD27,0xBD27,0x622E,
	0x2727,0xBDBD,0x62BD,0x2E2E,0x2727,0x2727,0xBD27,0xBDBD,
	0x2727,0x2727,0x2727,0xBDBD,0x2727,0x2727,0x2727,0x2727,
	0xBD27,0x1ABD,0x1A1A,0x1A1A,0x62BD,0x1A62,0x1A1A,0x0A0A,
	0x6262,0x1A62,0x1A1A,0x0A0A,0x62BD,0x1A2E,0x0A0A,0x1A0A,
	0x2E62,0x0A2E,0x1A0A,0x1A0A,0xBDBD,0x0A0A,0x1A1A,0x1A1A,
	0xBDBD,0x0A27,0x1A1A,0x1A1A,0x2727,0x27BD,0x1A1A,0x1A1A,

	0x1A1A,0x1A1A,0x1A1A,0x1A1A,0x1A1A,0x460A,0x1A1A,0x1A1A,
	0x0A0A,0x460A,0x1A1A,0x1A1A,0x0A0A,0x1A1A,0x1A1A,0x1A1A,
	0x1A0A,0x1A0A,0x1A1A,0x1A1A,0x1A1A,0x1A1A,0x1A1A,0x1A1A,
	0x1A1A,0x1A1A,0x1A1A,0x1A1A,0x1A1A,0x1A1A,0x1A1A,0x1A1A,
	0x1A1A,0x1A1A,0x1A1A,0x1A1A,0x1A1A,0x1A1A,0x1A1A,0x1A1A,
	0x1A1A,0x1A1A,0x1A1A,0x1A1A,0x1A1A,0x1A1A,0x1A1A,0x1A1A,
	0x1A1A,0x1A1A,0x1A1A,0x1A1A,0x1A1A,0x1A1A,0x1A1A,0x1A1A,
	0x1A1A,0x1A1A,0x1A1A,0x1A1A,0x1A1A,0x1A1A,0x1A1A,0x1A1A,

	0x1A1A,0x1A1A,0x1A1A,0x1A1A,0x1A1A,0x1A1A,0x1A1A,0x1A1A,
	0x1A1A,0x1A1A,0x1A1A,0x1A1A,0x1A1A,0x1A1A,0x1A1A,0x1A1A,
	0x1A1A,0x1A1A,0x1A1A,0x1A1A,0x1A1A,0x1A1A,0x1A1A,0x1A1A,
	0x1A1A,0x1A1A,0x1A1A,0x1A1A,0x1A1A,0x1A1A,0x1A1A,0x1A1A,
	0x1A1A,0x1A1A,0x1A1A,0x1A1A,0x1A1A,0x1A1A,0x1A1A,0x1A1A,
	0x1A1A,0x1A1A,0x1A1A,0x1A1A,0x1A1A,0x1A1A,0x1A1A,0x1A1A,
	0x1A1A,0x1A1A,0x1A1A,0x1A1A,0x1A1A,0x1A1A,0x1A1A,0x1A1A,
	0x1A1A,0x1A1A,0x1A1A,0x1A1A,0x1A1A,0x1A1A,0x1A1A,0x1A1A,

	0x1A1A,0x1A1A,0x1A1A,0x1A1A,0x1A1A,0x1A1A,0x1A1A,0x1A1A,
	0x1A1A,0x1A1A,0x1A1A,0x1A1A,0x1A1A,0x1A1A,0x1A1A,0x1A1A,
	0x1A1A,0x1A0D,0x1A1A,0x951A,0x0D1A,0x0D19,0x951A,0x951A,
	0x1919,0x1A1A,0x951A,0x1919,0x1A1A,0x1A1A,0x1A1A,0x1A1A,
	0x1A1A,0x1A1A,0x1A1A,0x1A1A,0x1A1A,0x1A1A,0x1A1A,0x1A1A,
	0x1A1A,0x1A1A,0x1A1A,0x1A1A,0x1A1A,0x1A1A,0x1A1A,0x1A1A,
	0x1A1A,0x1A0A,0x1A1A,0x1A1A,0x1A1A,0x1A1A,0x1A0A,0x1A0A,
	0x1A1A,0x1A0A,0x1A0A,0x1A0A,0x9595,0x0A1A,0x1A1A,0x1A0A,

	0x1A1A,0x1A1A,0x1A1A,0x1A1A,0x1A1A,0x1A1A,0x1A1A,0x1A1A,
	0x1A1A,0x1A1A,0x1A1A,0x1A1A,0x1A1A,0x1A1A,0x1A1A,0x1A1A,
	0x1A1A,0x1A1A,0x1A1A,0x1A1A,0x1A1A,0x1A1A,0x1A1A,0x1A1A,
	0x1A1A,0x1A1A,0x1A1A,0x1A1A,0x1A0A,0x1A1A,0x1A1A,0x1A1A,
	0x1A1A,0x1A1A,0x1A1A,0x1A1A,0x1A1A,0x1A1A,0x1A1A,0x1A1A,
	0x1A1A,0x1A1A,0x1A1A,0x1A1A,0x1A1A,0x1A1A,0x1A1A,0x1A1A,
	0x1A1A,0x1A1A,0x1A1A,0x1A1A,0x1A1A,0x1A1A,0x1A1A,0x1A1A,
	0x1A1A,0x1A1A,0x1A1A,0x1A1A,0x1A1A,0x1A1A,0x1A1A,0x1A1A,

	0x1A1A,0x1A1A,0x0A1A,0x0A0A,0x1A1A,0x1A1A,0x1A1A,0x1A0A,
	0x1A1A,0x1A1A,0x1A1A,0x1A1A,0x1A1A,0x1A1A,0x0A1A,0x0A0A,
	0x1A1A,0x1A1A,0x0A0A,0x180A,0x1A1A,0x1A1A,0x1A1A,0x181A,
	0x1A1A,0x1A1A,0x1A1A,0x1A1A,0x1A1A,0x1A1A,0x1A1A,0x1A1A,
	0x0A0A,0x0A0A,0x0A0A,0x0A0A,0x0A1A,0x0A0A,0x0A0A,0x0A0A,
	0x0A0A,0x0A0A,0x0A0A,0x0A0A,0x0A0A,0x0A0A,0x1A0A,0x0A0A,
	0x1A0A,0x0A0A,0x1A0A,0x0A1A,0x1A1A,0x0A0A,0x0A0A,0x1A0A,
	0x1A1A,0x1A0A,0x0A0A,0x1A0A,0x1A1A,0x1A1A,0x0A1A,0x1A1A,

	0x0A0A,0x0A0A,0x0A0A,0x0A0A,0x0A0A,0x0A0A,0x0A0A,0x0A0A,
	0x0A0A,0x0A0A,0x0A0A,0x0A0A,0x0A0A,0x0A0A,0x0A0A,0x0A0A,
	0x0A0A,0x0A0A,0x0A0A,0x0A0A,0x1818,0x0A18,0x0A0A,0x1A1A,
	0x1A1A,0x1A0A,0x0A0A,0x691A,0x1A0A,0x0A1A,0x690A,0x0A0A,
	0x0A0A,0x0A0A,0x0A0A,0x0A0A,0x0A0A,0x0A0A,0x0A0A,0x0A0A,
	0x0A0A,0x0A0A,0x0A0A,0x0A0A,0x0A0A,0x0A0A,0x0A0A,0x0A0A,
	0x0A0A,0x0A0A,0x0A0A,0x0A0A,0x0A0A,0x1A0A,0x1A0A,0x0A1A,
	0x0A0A,0x0A0A,0x1A0A,0x1A1A,0x1A0A,0x0A0A,0x0A0A,0x1A1A,

	0x0A0A,0x0A0A,0x0A0A,0x0A0A,0x0A0A,0x0A0A,0x0A0A,0x0A0A,
	0x0A0A,0x0A0A,0x0A0A,0x0A0A,0x0A0A,0x0A1A,0x0A0A,0x180A,
	0x0A0A,0x0A1A,0x180A,0x180A,0x0A0A,0x0A0A,0x1A1A,0x0A18,
	0x0A1A,0x1A0A,0x0A1A,0x0A1A,0x0A1A,0x1A0A,0x1A1A,0x0A1A,
	0x0A0A,0x0A0A,0x0A0A,0x0A0A,0x0A0A,0x0A0A,0x0A0A,0x0A0A,
	0x0A0A,0x0A0A,0x0A0A,0x0A0A,0x0A0A,0x0A0A,0x0A0A,0x0A0A,
	0x0A0A,0x0A0A,0x0A0A,0x0A0A,0x0A0A,0x1A0A,0x1A1A,0x0A0A,
	0x0A1A,0x0A0A,0x1A0A,0x0A0A,0x0A0A,0x0A0A,0x0A0A,0x0A1A,

	0x0A0A,0x0A0A,0x0A0A,0x0A0A,0x0A0A,0x0A0A,0x0A0A,0x0A0A,
	0x0A0A,0x0A0A,0x0A0A,0x0A0A,0x0A0A,0x0A0A,0x1A0A,0x1A0A,
	0x0A0A,0x0A0A,0x1A0A,0x1A1A,0x0A1A,0x0A1A,0x1A0A,0x1A1A,
	0x0A0A,0x1A1A,0x1A1A,0x1A1A,0x1A0A,0x0A0A,0x1A1A,0x1A1A,
	0x0A0A,0x1A0A,0x1A1A,0x1A1A,0x0A0A,0x1A0A,0x1A0A,0x0A1A,
	0x0A0A,0x0A0A,0x0A0A,0x0A0A,0x0A0A,0x0A0A,0x0A0A,0x0A1A,
	0x1A1A,0x0A1A,0x1A0A,0x1A1A,0x0A1A,0x1A1A,0x1A1A,0x1A1A,
	0x1A1A,0x1A1A,0x1A1A,0x0A1A,0x1A1A,0x1A1A,0x1A1A,0x1A1A,

	0x1A1A,0x1A0A,0x1A1A,0x1A1A,0x1A1A,0x1A1A,0x1A1A,0x1A1A,
	0x1A0A,0x1A1A,0x1A1A,0x1A1A,0x1A0A,0x1A1A,0x1A1A,0x1A1A,
	0x1A0A,0x1A1A,0x1A1A,0x1A1A,0x1A1A,0x1A1A,0x1A1A,0x1A1A,
	0x1A1A,0x1A1A,0x1A1A,0x1A1A,0x1A1A,0x1A1A,0x1A1A,0x1A1A,
	0x1A1A,0x1A1A,0x1A1A,0x1A1A,0x1A1A,0x1A1A,0x1A1A,0x1A1A,
	0x1A1A,0x1A1A,0x1A1A,0x1A1A,0x1A1A,0x1A1A,0x1A1A,0x1A1A,
	0x1A1A,0x1A1A,0x1A1A,0x1A1A,0x1A1A,0x1A1A,0x1A1A,0x1A1A,
	0x1A1A,0x1A1A,0x1A1A,0x1A1A,0x1A1A,0x1A1A,0x1A1A,0x1A1A,

	0x7979,0x7979,0x7979,0x7979,0x4B4B,0x4B4B,0x4B4B,0x4B4B,
	0x4B4B,0x4B4B,0x4B4B,0x4B4B,0x4B4B,0x4B4B,0x4B4B,0x4B4B,
	0x4B4B,0x4B4B,0x4B4B,0x4B4B,0x4B4B,0x4B4B,0x4B4B,0x4B4B,
	0x4B4B,0x4B4B,0x4B4B,0x4B4B,0x4B4B,0x4B4B,0x4B4B,0x4B4B,
	0x3279,0x0A0A,0x0A0A,0x0A0A,0x0A4B,0x1A0A,0x0A0A,0x0A0A,
	0x0A4B,0x0A0A,0x0A0A,0x0A0A,0x0A4B,0x0A0A,0x0A0A,0x0A0A,
	0x0A4B,0x0A0A,0x0A0A,0x0A0A,0x0A4B,0x460A,0x0A0A,0x0A0A,
	0x0A4B,0x4618,0x0A0A,0x0A0A,0x184B,0x1846,0x0A0A,0x0A0A,

	0x0A0A,0x0A0A,0x0A0A,0x0A0A,0x0A0A,0x0A0A,0x0A0A,0x0A0A,
	0x0A0A,0x0A0A,0x0A0A,0x0A0A,0x0A0A,0x0A0A,0x3B3B,0x0A0A,
	0x0A0A,0x0A0A,0x3B0A,0x0A0A,0x0A0A,0x0A0A,0x0A0A,0x3B0A,
	0x0A0A,0x0A0A,0x0A0A,0x0A0A,0x0A0A,0x0A32,0x0A32,0x0A0A,
	0x0A0A,0x0A0A,0x0A0A,0x0A0A,0x0A0A,0x1818,0x3B0A,0x0A0A,
	0x0A0A,0x181A,0x3B3B,0x0A0A,0x0A0A,0x0A0A,0x0A0A,0x0A0A,
	0x0A3B,0x0A0A,0x0A0A,0x0A0A,0x0A1A,0x0A18,0x0A0A,0x0A0A,
	0x0A0A,0x1818,0x0A0A,0x0A0A,0x3B3B,0x181A,0x3B3B,0x0A0A,

	0x0A0A,0x0A0A,0x0A0A,0x0A0A,0x0A0A,0x0A0A,0x0A0A,0x0A0A,
	0x0A0A,0x0A0A,0x0A0A,0x0A0A,0x0A0A,0x0A0A,0x0A0A,0x0A0A,
	0x0A0A,0x0A0A,0x0A0A,0x0A0A,0x0A0A,0x0A0A,0x0A0A,0x0A0A,
	0x0A0A,0x0A0A,0x0A0A,0x0A0A,0x0A0A,0x0A0A,0x0A0A,0x0A0A,
	0x0A0A,0x320A,0x0A0A,0xB20A,0x0A0A,0x0A32,0x3232,0xB2B2,
	0x0A0A,0x320A,0x320A,0x320A,0x0A0A,0x0A0A,0x0A0A,0x0A0A,
	0x0A0A,0x180A,0x0A0A,0x320A,0x180A,0x180A,0xB20A,0xB2B2,
	0x0A0A,0x1A18,0xB20A,0xB2B2,0x0A0A,0x0A0A,0x0A0A,0xB20A,

	0xB2B2,0xB2B2,0xB2B2,0xB2B2,0xB20A,0xB2B2,0xB280,0xB280,
	0xB20A,0xB20A,0x8080,0x8043,0xB2B2,0x0A32,0x800A,0x8080,
	0x320A,0xB20A,0x800A,0x800A,0xB2B2,0xB2B2,0x0AB2,0xB2B2,
	0xB2B2,0xB2B2,0xB2B2,0x0AB2,0xB2B2,0xB2B2,0xB2B2,0xB2B2,
	0xB214,0x1414,0x1414,0x1414,0x8080,0x1414,0x1480,0x1476,
	0x4380,0x2880,0x7680,0x7676,0x8080,0x2880,0x760A,0x1476,
	0x8080,0x280A,0x1414,0x7676,0x0A0A,0x760A,0x1476,0xB2B2,
	0xB2B2,0x760A,0xB2B2,0xB2B2,0x0A14,0x1414,0xB2B2,0xB2B2,

	0x8080,0x340E,0x3434,0x2828,0x8076,0x0A0A,0x280E,0x2828,
	0x8080,0x0A14,0xC40A,0x2828,0xB214,0x1414,0xB2B2,0xB228,
	0xB214,0x1414,0xB2B2,0xB234,0xB2B2,0xB2B2,0xB2B2,0x3434,
	0xB2B2,0xB2B2,0xB2B2,0x2834,0xB2B2,0xB2B2,0xB2B2,0x3434,
	0xB2B2,0xB2B2,0xB2B2,0xB2B2,0x14B2,0xB2B2,0xB2B2,0xB2B2,
	0xB218,0xB2B2,0xB2B2,0xB2B2,0xB2B2,0x80B2,0xB2C4,0x1414,
	0xB2B2,0x8080,0xB214,0x1414,0xB280,0x80B2,0x1480,0x2834,
	0xB280,0x800E,0x8080,0x7676,0x0E0E,0x800E,0x8080,0x28C4,

	0x1A1A,0x1A1A,0x1A1A,0x1A1A,0x1A1A,0x1A1A,0x1A1A,0x1A1A,
	0x1A1A,0x1A1A,0x1A1A,0x1A1A,0x1A1A,0x1A1A,0x1A1A,0x1A1A,
	0x1A1A,0x1A1A,0x1A1A,0x1A1A,0x1A1A,0x1A1A,0x1A1A,0x1A1A,
	0x1A1A,0x1A1A,0x1A1A,0x1A1A,0x1A1A,0x1A1A,0x1A1A,0x1A1A,
	0x1A1A,0x1A1A,0x1A1A,0x1A1A,0x1A1A,0x1A1A,0x1A1A,0x1A1A,
	0x1A1A,0x1A1A,0x1A1A,0x1A1A,0x1A1A,0x1A1A,0x1A1A,0x1A1A,
	0x1A1A,0x1A1A,0x1A1A,0x1A1A,0x1A1A,0x1A1A,0x1A1A,0x1A1A,
	0x1A1A,0x1A1A,0x1A1A,0x1A1A,0x1A1A,0x1A1A,0x1A1A,0x1A1A,

	0x1A1A,0x1A1A,0x1A1A,0x1A1A,0x1A1A,0x1A1A,0x1A1A,0x1A1A,
	0x1A1A,0x1A1A,0x1A1A,0x1A1A,0x1A1A,0x1A1A,0x1A1A,0x1A1A,
	0x1A1A,0x1A1A,0x1A1A,0x1A1A,0x1A1A,0x1A1A,0x1A1A,0x1A1A,
	0x1A1A,0x1A1A,0x1A1A,0x1A1A,0x1A1A,0x1A1A,0x1A1A,0x1A1A,
	0x1A1A,0x1A1A,0x1A1A,0x1A1A,0x1A1A,0x1A1A,0x1A1A,0x1A1A,
	0x1A1A,0x1A1A,0x1A1A,0x1A1A,0x1A1A,0x1A1A,0x1A1A,0x1A1A,
	0x1A1A,0x1A1A,0x1A1A,0x1A1A,0x1A1A,0x1A1A,0x1A1A,0x1A1A,
	0x1A1A,0x1A1A,0x1A1A,0x1A1A,0x1A1A,0x1A1A,0x1A1A,0x1A1A,

	0x1A1A,0x1A1A,0x1A1A,0x1A1A,0x1A1A,0x1A1A,0x1A1A,0x1A1A,
	0x1A1A,0x1A1A,0x1A1A,0x1A1A,0x1A1A,0x1A1A,0x1A1A,0x1A1A,
	0x1A1A,0x1A1A,0x1A1A,0x1A1A,0x1A1A,0x1A1A,0x1A1A,0x1A1A,
	0x1A1A,0x1A1A,0x1A1A,0x1A1A,0x1A1A,0x1A1A,0x1A1A,0x1A1A,
	0x1A1A,0x1A1A,0x1A1A,0x1A1A,0x1A1A,0x1A1A,0x0A32,0x321A,
	0x1A1A,0x1A1A,0x0A32,0x320A,0x1A1A,0x1A1A,0x1A0A,0x3232,
	0x1A1A,0x1A1A,0x320A,0x0A32,0x1A1A,0x1A0A,0x0A0A,0x0A0A,
	0x1A1A,0x1A0A,0x0A1A,0x0A0A,0x1A1A,0x0A0A,0x0A0A,0x0A0A,

	0x1A1A,0x0A1A,0x0A0A,0x0A0A,0x1A1A,0x0A1A,0x1A0A,0x0A1A,
	0x1A0A,0x3232,0x1A32,0x1A1A,0x1A0A,0x1A0A,0x1A0A,0x1A0A,
	0x1A1A,0x0A0A,0x320A,0x0A0A,0x0A0A,0x0A1A,0x0A0A,0x0A1A,
	0x0A0A,0x0A0A,0x0A0A,0x0A0A,0x0A0A,0x0A0A,0x0A0A,0x0A0A,
	0x1818,0x1A1A,0x1A1A,0x1A1A,0x1A0A,0x0A1A,0x1A1A,0x1A1A,
	0x1A0A,0x1A1A,0x1A1A,0x1A0A,0x0A1A,0x1A0A,0x1A1A,0x1A1A,
	0x0A1A,0x1A0A,0x1A0A,0x0A1A,0x0A0A,0x0A0A,0xAEAE,0xAEAE,
	0x0A0A,0xAE0A,0xAEAE,0xAEAE,0x0A0A,0x0A0A,0x9898,0xAEAE,

	0x1A1A,0x2A2A,0x2A2A,0x3636,0x1A1A,0x2A2A,0x2A2A,0x7E7E,
	0x1A1A,0x2A1A,0x2A2A,0x7E7E,0x1A1A,0x1A1A,0x2A2A,0x482A,
	0xAEAE,0x8181,0x2A2A,0x7E2A,0xAEAE,0x8181,0x2A2A,0x2A2A,
	0xAEAE,0x81AE,0x2A2A,0x2A2A,0x8585,0x8585,0x7785,0x2A77,
	0x3636,0x3636,0x3636,0x3636,0x7E7E,0x7E7E,0x7E7E,0x7E7E,
	0x7E7E,0x7E7E,0x7E7E,0x7E7E,0x4848,0x7E7E,0x7E7E,0xB7B7,
	0x7E7E,0x7E7E,0x487E,0xB7B7,0x7E7E,0x7E7E,0xB7B7,0xB7B7,
	0x7E7E,0x487E,0x48B7,0xB7B7,0x7E7E,0xB47E,0xB7B7,0xB7B7,

	0x3636,0x3636,0x3636,0x3838,0x7E7E,0x7E7E,0x7E7E,0x7E7E,
	0x7E7E,0x7E7E,0x7E7E,0x7E7E,0x7E7E,0x7E7E,0x4848,0x4848,
	0x7E48,0x7E7E,0x7E7E,0x7E7E,0xB7B7,0x7E7E,0x7E7E,0x7E7E,
	0xB748,0x7E48,0x7E7E,0x7E7E,0xB7B7,0x7EB4,0x7E7E,0x7E7E,
	0x3838,0x2238,0x2222,0x3636,0x3838,0x3838,0x3838,0x3838,
	0x7E7E,0x387E,0x3838,0x3838,0x7E7E,0x7E7E,0x7E7E,0x387E,
	0x4848,0x4848,0x7E7E,0x7E7E,0x7E7E,0x48B7,0x4848,0x4848,
	0xB77E,0xB77E,0xB748,0xB7B7,0x7E7E,0x7EB7,0x487E,0xB7B7,

	0x3838,0x3838,0x3838,0x3838,0x2222,0x3836,0x3838,0x3838,
	0x3838,0x3622,0x3838,0x3838,0x3838,0x3838,0x2222,0x3838,
	0x387E,0x3838,0x3838,0x3822,0x7E7E,0x7E7E,0x3838,0x3838,
	0x4848,0x7E7E,0x387E,0x3838,0xB7B7,0x48B7,0x7E7E,0x387E,
	0x1A1A,0x1A1A,0x1A1A,0x1A1A,0x3838,0x1A1A,0x1A1A,0x1A1A,
	0x3838,0x1A38,0x1A1A,0x1A1A,0x3838,0x3838,0x1A38,0x1A1A,
	0x3838,0x3838,0x3838,0x1A1A,0x3822,0x3838,0x3838,0x1A38,
	0x2238,0x3838,0x3838,0x3838,0x3838,0x2222,0x3838,0x3838,

	0x1A1A,0x1A1A,0x1A1A,0x1A0A,0x1A1A,0x1A1A,0x1A1A,0x1A1A,
	0x1A1A,0x1A1A,0x1A1A,0x1A1A,0x1A1A,0x1A1A,0x1A1A,0x1A1A,
	0x1A1A,0x1A1A,0x1A1A,0x1A1A,0x1A1A,0x1A1A,0x1A1A,0x1A1A,
	0x0A0A,0x1A1A,0x1A1A,0x1A1A,0x1A38,0x1A1A,0x1A1A,0x1A1A,
	0x180A,0x1A1A,0x0A1A,0x1A1A,0x1A1A,0x1A1A,0x1A1A,0x1A1A,
	0x1A1A,0x1A1A,0x1A1A,0x1A1A,0x1A1A,0x1A1A,0x1A1A,0x1A1A,
	0x1A1A,0x1A1A,0x1A1A,0x1A1A,0x1A1A,0x1A1A,0x1A1A,0x1A1A,
	0x1A1A,0x1A1A,0x1A1A,0x1A1A,0x1A1A,0x1A1A,0x1A1A,0x1A1A,

	0x1A1A,0x1A0A,0x1A1A,0x1A1A,0x1A1A,0x1A1A,0x1A1A,0x1A1A,
	0x1A1A,0x1A1A,0x1A1A,0x1A1A,0x1A1A,0x1A1A,0x1A0A,0x1A1A,
	0x1A1A,0x1A1A,0x1A0A,0x1A1A,0x1A1A,0x1A1A,0x1A1A,0x1A1A,
	0x1A1A,0x1A1A,0x1A1A,0x1A1A,0x1A1A,0x1A1A,0x1A1A,0x1A1A,
	0x1A1A,0x1A1A,0x1A1A,0x1A1A,0x1A1A,0x1A1A,0x1A1A,0x1A1A,
	0x1A1A,0x1A1A,0x1A1A,0x1A1A,0x1A1A,0x1A1A,0x1A1A,0x1A1A,
	0x1A1A,0x1A1A,0x1A1A,0x1A1A,0x1A1A,0x1A1A,0x1A1A,0x1A1A,
	0x1A1A,0x1A1A,0x1A1A,0x1A1A,0x1A1A,0x1A1A,0x1A1A,0x1A1A,

	0x1A1A,0x1A1A,0x1A1A,0x1A1A,0x1A1A,0x1A1A,0x1A1A,0x1A1A,
	0x1A1A,0x1A1A,0x1A1A,0x1A1A,0x1A1A,0x1A1A,0x1A1A,0x0A1A,
	0x1A1A,0x1A1A,0x1A1A,0x0A0A,0x1A0A,0x1A1A,0x0A1A,0x0A1A,
	0x1A0A,0x1A1A,0x0A1A,0x0A0A,0x1A1A,0x1A1A,0x0A0A,0x0A0A,
	0x1A1A,0x1A1A,0x1A3B,0x1A0A,0x1A1A,0x0A1A,0x0A0A,0x0A0A,
	0x1A1A,0x0A1A,0x0A1A,0x1A0A,0x0A1A,0x0A0A,0x0A0A,0x0A0A,
	0x0A0A,0x0A0A,0x0A0A,0x0A0A,0x1A1A,0x0A0A,0x0A0A,0x1818,
	0x1A0A,0x0A0A,0x0A0A,0x181A,0x0A0A,0x0A0A,0x0A0A,0x0A0A,

	0x1A1A,0x1A1A,0x1A1A,0x1A1A,0x1A1A,0x0A1A,0x0A1A,0x1A1A,
	0x1A1A,0x1A1A,0x0A0A,0x1A1A,0x1A1A,0x1A1A,0x0A0A,0x1A0A,
	0x1A1A,0x1A1A,0x0A0A,0x1A0A,0x1A18,0x0A0A,0x1A1A,0x0A0A,
	0x0A0A,0x0A0A,0x1A1A,0x1A0A,0x1A1A,0x0A0A,0x1A0A,0x0A0A,
	0x1A1A,0x1A1A,0x1A1A,0x1A1A,0x1A1A,0x1A1A,0x1A1A,0x1A1A,
	0x1A1A,0x1A1A,0x1A1A,0x1A1A,0x1A1A,0x1A1A,0x1A1A,0x1A1A,
	0x1A1A,0x1A1A,0x1A1A,0x1A1A,0x1A1A,0x0A0A,0x1A1A,0x1A1A,
	0x1A0A,0x0A0A,0x1A1A,0x321A,0x0A0A,0x0A0A,0x0A0A,0x320A,

	0x1A1A,0x1A1A,0x1A1A,0x1A1A,0x1A1A,0x1A1A,0x1A1A,0x1A1A,
	0x1A1A,0x1A1A,0x1A1A,0x1A1A,0x1A1A,0x1A1A,0x1A1A,0x1A1A,
	0x1A1A,0x1A1A,0x1A1A,0x1A1A,0x1A1A,0x1A1A,0x1A1A,0x1A1A,
	0x1A1A,0x1A1A,0x1A1A,0x1A1A,0x1A32,0x1A1A,0x1A1A,0x1A1A,
	0x1A1A,0x1A1A,0x1A1A,0x1A1A,0x1A1A,0x1A1A,0x1A1A,0x1A1A,
	0x1A1A,0x1A1A,0x1A1A,0x1A1A,0x1A1A,0x1A1A,0x1A1A,0x1A1A,
	0x1A1A,0x1A1A,0x1A1A,0x1A1A,0x1A1A,0x1A1A,0x1A1A,0x1A1A,
	0x1A1A,0x1A1A,0x1A1A,0x1A1A,0x1A1A,0x1A1A,0x1A1A,0x1A1A,

	0x1A1A,0x1A1A,0x1A1A,0x1A1A,0x1A1A,0x1A1A,0x1A1A,0x1A1A,
	0x1A1A,0x1A1A,0x1A1A,0x1A1A,0x1A1A,0x1A1A,0x1A1A,0x1A1A,
	0x1A1A,0x1A1A,0x1A1A,0x1A1A,0x1A1A,0x1A1A,0x1A1A,0x1A1A,
	0x1A1A,0x1A1A,0x1A1A,0x1A1A,0x1A1A,0x1A1A,0x1A1A,0x1A1A,
	0x1A1A,0x1A1A,0x1A1A,0x1A1A,0x1A1A,0x1A1A,0x1A1A,0x1A1A,
	0x1A1A,0x1A1A,0x1A1A,0x1A1A,0x1A1A,0x1A1A,0x1A1A,0x1A1A,
	0x1A1A,0x1A1A,0x1A1A,0x1A1A,0x1A1A,0x1A1A,0x1A1A,0x1A1A,
	0x1A1A,0x1A1A,0x1A1A,0x1A1A,0x1A1A,0x1A1A,0x1A1A,0x1A1A,

	0x1A1A,0x1A1A,0x1A1A,0x1A1A,0x1A1A,0x1A1A,0x1A1A,0x1A1A,
	0x1A1A,0x1A1A,0x1A1A,0x1A1A,0x1A1A,0x1A1A,0x1A1A,0x1A1A,
	0x1A1A,0x1A1A,0x1A1A,0x1A1A,0x1A1A,0x1A1A,0x0A1A,0x1A1A,
	0x1A1A,0x1A1A,0x0A1A,0x1A1A,0x1A1A,0x0A1A,0x0A1A,0x0A0A,
	0x1A1A,0x1A1A,0x1A1A,0x1A1A,0x1A1A,0x1A1A,0x1A1A,0x1A1A,
	0x1A1A,0x1A1A,0x1A1A,0x1A1A,0x1A1A,0x1A1A,0x1A1A,0x1A1A,
	0x1A1A,0x1A1A,0x1A1A,0x1A1A,0x1A1A,0x1A18,0x1A1A,0x1A1A,
	0x1A1A,0x0A0A,0x1A1A,0x1A1A,0x1A1A,0x0A18,0x1A1A,0x1A1A,

	0x1A1A,0x1A1A,0x1A1A,0x1A1A,0x1A1A,0x1A1A,0x1A1A,0x1A1A,
	0x1A1A,0x1A1A,0x1A1A,0x1A1A,0x1A1A,0x1A1A,0x1A1A,0x1A1A,
	0x1A1A,0x1A1A,0x1A1A,0x1A1A,0x1A1A,0x1A1A,0x1A1A,0x1A1A,
	0x1A1A,0x1A1A,0x1A1A,0x1A1A,0x1A1A,0x1A1A,0x1A1A,0x1A1A,
	0x1A1A,0x1A1A,0x1A1A,0x1A1A,0x1A1A,0x1A1A,0x1A1A,0x1A1A,
	0x1A1A,0x1A1A,0x1A1A,0x1A1A,0x1A1A,0x1A1A,0x1A1A,0x1A1A,
	0x1A1A,0x1A1A,0x1A1A,0x1A1A,0x1A1A,0x1A1A,0x1A1A,0x1A1A,
	0x1A1A,0x1A1A,0x1A1A,0x1A1A,0x1A1A,0x1A1A,0x1A1A,0x1A1A,

	0x1A1A,0x0A1A,0x1A1A,0x271A,0x1A1A,0x1A1A,0x1A1A,0x2727,
	0x1A1A,0x1A1A,0x1A1A,0x2727,0x1A1A,0x1A1A,0x0A1A,0x2727,
	0x1A1A,0x1A1A,0x0A1A,0x2727,0x1A1A,0x1A1A,0x1A1A,0xBDBD,
	0x1A1A,0x1A1A,0x271A,0x27BD,0x1A1A,0x271A,0x2727,0x2727,
	0x270A,0xBDBD,0xBD62,0x2727,0x2727,0x2727,0x2727,0x27BD,
	0x2727,0x2727,0x2727,0xBD27,0x2727,0x2727,0x2727,0x2727,
	0x2727,0x2727,0x2727,0x2727,0x2727,0x2727,0x2727,0x2727,
	0x2727,0x2727,0x2727,0x2727,0x2727,0x2727,0x2727,0x2727,

	0x2727,0x2727,0x2727,0x2727,0x2727,0x2727,0x2727,0x2727,
	0x2727,0x2727,0x2727,0x2727,0x2727,0x2727,0xBDBD,0xBD27,
	0x2727,0x27BD,0xBD27,0xBDBD,0x27BD,0xBD27,0xBDBD,0x2727,
	0xBD27,0x27BD,0xBDBD,0xBDBD,0x2727,0x2727,0xBDBD,0x2727,
	0x2727,0x2727,0x2727,0x2727,0x2727,0x2727,0x2727,0xBD27,
	0x2727,0x2727,0x2727,0xBD27,0x2727,0xBD27,0x2727,0xBD27,
	0x2727,0xBDBD,0xBDBD,0x27BD,0x27BD,0x2727,0x27BD,0x27BD,
	0x2727,0x2727,0x2727,0xBDBD,0x2727,0x2727,0x2727,0x2727,

	0x2727,0x2727,0xBD27,0x2727,0x2727,0x2727,0x2727,0x2727,
	0x2727,0x2727,0x2727,0x2727,0x27BD,0x2727,0x2727,0x2727,
	0x2727,0x2727,0x2727,0x2727,0xBDBD,0xBD27,0xBD27,0x2727,
	0xBDBD,0xBD27,0xBDBD,0x2727,0xBDBD,0x27BD,0x27BD,0xBD27,
	0x2727,0x2727,0x1A1A,0x1A1A,0x2727,0x2727,0x1A27,0x0A0A,
	0x2727,0x2727,0x0A27,0x0A0A,0xBDBD,0xBDBD,0x0A0A,0x0A0A,
	0xBDBD,0xBD27,0x2727,0x0A1A,0x2727,0x2727,0xBD27,0x1A27,
	0x2727,0x2727,0x2727,0x2727,0x2727,0x2727,0x2727,0x2727,

	0x460A,0x1A1A,0x1A1A,0x1A1A,0x1A0A,0x1A0A,0x1A1A,0x0A1A,
	0x0A0A,0x1A1A,0x1A1A,0x0A0A,0x0A0A,0x1A0A,0x1A1A,0x0A0A,
	0x180A,0x1A1A,0x1A1A,0x0A0A,0x1A27,0x0A0A,0x1A1A,0x0A1A,
	0x0A27,0x0A0A,0x0A1A,0x0A0A,0x2727,0x0A0A,0x0A0A,0x320A,
	0x0A0A,0x1A1A,0x1A1A,0x1A1A,0x0A1A,0x1A1A,0x1A1A,0x1A1A,
	0x0A0A,0x1A1A,0x1A1A,0x1A1A,0x1A1A,0x1A1A,0x1A1A,0x1A1A,
	0x1A1A,0x1A1A,0x1A1A,0x1A1A,0x1A1A,0x0A0A,0x1A1A,0x1A1A,
	0x1A1A,0x0A0A,0x0A1A,0x1A1A,0x0A0A,0x0A0A,0x1A0A,0x1A1A,

	0x1A1A,0x1A1A,0x1A1A,0x1A1A,0x1A1A,0x1A1A,0x1A1A,0x1A1A,
	0x1A1A,0x1A1A,0x1A1A,0x1A1A,0x1A1A,0x1A1A,0x1A1A,0x1A1A,
	0x1A1A,0x1A1A,0x1A1A,0x1A1A,0x1A1A,0x1A1A,0x1A1A,0x1A1A,
	0x0A0A,0x1A1A,0x1A1A,0x1A1A,0x1A0A,0x1A1A,0x1A1A,0x1A1A,
	0x1A1A,0x1A1A,0x1A1A,0x1A1A,0x1A1A,0x1A1A,0x1A1A,0x1A1A,
	0x1A1A,0x1A1A,0x1A1A,0x1A1A,0x1A1A,0x1A1A,0x1A1A,0x1A1A,
	0x1A1A,0x1A1A,0x1A1A,0x1A1A,0x1A1A,0x1A1A,0x1A1A,0x1A1A,
	0x1A1A,0x1A1A,0x1A1A,0x1A1A,0x1A1A,0x1A1A,0x1A1A,0x1A1A,

	0x1A1A,0x1A1A,0x1A1A,0x1A1A,0x1A1A,0x0D1A,0x1A1A,0x1A1A,
	0x1A0D,0x0D0D,0x1A1A,0x1A1A,0x0D19,0x1A1A,0x1A1A,0x1A1A,
	0x1A1A,0x1A1A,0x951A,0x1A1A,0x1A1A,0x1A1A,0x191A,0x1A95,
	0x1A1A,0x1A1A,0x1A1A,0x1A1A,0x1A1A,0x1A1A,0x1A1A,0x1A1A,
	0x9519,0x1A95,0x0A1A,0x0A1A,0x1A1A,0x1A1A,0x1A1A,0x1A1A,
	0x1A0D,0x1A1A,0x1A1A,0x1A1A,0x1A0D,0x1A1A,0x1A1A,0x1A1A,
	0x1919,0x9595,0x1A1A,0x1A1A,0x951A,0x1919,0x1A1A,0x1A1A,
	0x1A1A,0x1A1A,0x1A1A,0x1A1A,0x1A1A,0x1A1A,0x0A1A,0x1A1A,

	0x1A1A,0x1A1A,0x1A1A,0x1A1A,0x0A0A,0x1A1A,0x1A1A,0x1A1A,
	0x1A0A,0x1A1A,0x1A1A,0x1A1A,0x1A1A,0x1A1A,0x1A1A,0x1A1A,
	0x1A1A,0x1A1A,0x1A1A,0x1A1A,0x1A1A,0x1A1A,0x1A1A,0x1A1A,
	0x1A1A,0x1A1A,0x1A1A,0x1A1A,0x1A1A,0x1A1A,0x1A1A,0x1A1A,
	0x1A1A,0x1A1A,0x1A1A,0x1A1A,0x1A1A,0x1A1A,0x1A1A,0x1A1A,
	0x1A1A,0x1A1A,0x1A1A,0x1A1A,0x1A1A,0x1A1A,0x1A1A,0x1A1A,
	0x1A1A,0x1A1A,0x1A1A,0x1A1A,0x1A1A,0x1A1A,0x1A1A,0x1A1A,
	0x1A1A,0x1A1A,0x1A1A,0x1A1A,0x1A1A,0x1A1A,0x1A1A,0x1A1A,

	0x1A1A,0x1A1A,0x1A1A,0x1A1A,0x1A1A,0x1A1A,0x1A1A,0x1A1A,
	0x1A1A,0x1A1A,0x1A1A,0x1A1A,0x1A1A,0x1A1A,0x1A1A,0x1A1A,
	0x1A1A,0x1A1A,0x1A1A,0x1A1A,0x1A1A,0x1A1A,0x1A1A,0x1A1A,
	0x1A1A,0x1A1A,0x1A1A,0x1A1A,0x1A1A,0x1A1A,0x1A1A,0x1A1A,
	0x1A1A,0x1A1A,0x1A1A,0x1A1A,0x0A1A,0x1A1A,0x1A1A,0x1A1A,
	0x1A1A,0x1A1A,0x1A1A,0x1A1A,0x1A1A,0x1A1A,0x1A1A,0x1A1A,
	0x1A1A,0x1A1A,0x1A1A,0x1A1A,0x1A1A,0x1A1A,0x1A1A,0x1A1A,
	0x1A1A,0x1A1A,0x1A1A,0x1A1A,0x1A1A,0x1A1A,0x1A1A,0x1A1A,

	0x0A0A,0x0A0A,0x1A0A,0x0A1A,0x1A1A,0x0A0A,0x1A0A,0x1A1A,
	0x1A1A,0x1A0A,0x0A0A,0x0A1A,0x1A1A,0x1A1A,0x0A1A,0x0A1A,
	0x1A1A,0x1A1A,0x0A0A,0x1A1A,0x1A1A,0x1A1A,0x1A1A,0x1A1A,
	0x1A1A,0x1A1A,0x1A1A,0x1A1A,0x1A1A,0x1A1A,0x1A1A,0x1A1A,
	0x1A0A,0x0A1A,0x0A0A,0x1A1A,0x1A1A,0x0A1A,0x0A0A,0x1A0A,
	0x1A1A,0x0A0A,0x1A0A,0x1A0A,0x1A1A,0x0A1A,0x1A1A,0x1A1A,
	0x1A1A,0x1A1A,0x1A1A,0x1A1A,0x1A1A,0x1A1A,0x1A1A,0x1A1A,
	0x1A1A,0x1A1A,0x1A1A,0x1A1A,0x1A1A,0x1A1A,0x1A1A,0x1A1A,

	0x0A1A,0x1A1A,0x1A1A,0x0A0A,0x1A1A,0x1A1A,0x1A1A,0x1A1A,
	0x1A1A,0x1A1A,0x1A1A,0x1A1A,0x1A1A,0x1A1A,0x1A1A,0x1A1A,
	0x1A1A,0x1A1A,0x1A1A,0x1A1A,0x1A1A,0x1A1A,0x1A1A,0x1A1A,
	0x1A1A,0x1A1A,0x1A1A,0x1A1A,0x1A1A,0x1A1A,0x1A1A,0x1A1A,
	0x0A0A,0x0A69,0x1A0A,0x0A1A,0x0A0A,0x0A1A,0x1A1A,0x1A1A,
	0x0A1A,0x0A0A,0x1A0A,0x1A1A,0x0A1A,0x1A0A,0x1A0A,0x1A1A,
	0x1A1A,0x1A0A,0x1A1A,0x1A1A,0x1A1A,0x1A1A,0x1A1A,0x1A1A,
	0x1A1A,0x1A1A,0x1A1A,0x1A1A,0x1A1A,0x1A1A,0x1A1A,0x1A1A,

	0x0A0A,0x1A0A,0x1A1A,0x1A1A,0x0A0A,0x0A0A,0x1A1A,0x1A1A,
	0x1A0A,0x1A1A,0x1A1A,0x1A1A,0x1A0A,0x1A1A,0x1A1A,0x1A1A,
	0x1A1A,0x1A1A,0x1A1A,0x1A1A,0x1A1A,0x1A1A,0x1A1A,0x1A1A,
	0x1A1A,0x1A1A,0x1A1A,0x1A1A,0x1A1A,0x1A1A,0x1A1A,0x1A1A,
	0x1A1A,0x1A1A,0x1A1A,0x1A1A,0x1A1A,0x1A1A,0x1A1A,0x1A1A,
	0x1A1A,0x1A1A,0x1A1A,0x1A1A,0x1A1A,0x1A1A,0x1A1A,0x1A1A,
	0x1A1A,0x1A1A,0x1A1A,0x1A1A,0x1A1A,0x1A1A,0x1A1A,0x1A1A,
	0x1A1A,0x1A1A,0x1A1A,0x1A1A,0x1A1A,0x1A1A,0x1A1A,0x1A1A,

	0x1A1A,0x1A1A,0x1A1A,0x1A1A,0x1A1A,0x1A1A,0x1A1A,0x1A1A,
	0x1A1A,0x1A1A,0x1A1A,0x1A1A,0x1A1A,0x1A1A,0x1A1A,0x1A1A,
	0x1A1A,0x1A1A,0x1A1A,0x1A1A,0x1A1A,0x1A1A,0x1A1A,0x1A1A,
	0x1A1A,0x1A1A,0x1A1A,0x1A1A,0x1A1A,0x1A1A,0x1A1A,0x1A1A,
	0x1A1A,0x1A1A,0x1A1A,0x1A1A,0x1A1A,0x1A1A,0x1A1A,0x1A1A,
	0x1A1A,0x1A1A,0x1A1A,0x1A1A,0x1A1A,0x1A1A,0x1A1A,0x1A1A,
	0x1A1A,0x1A1A,0x1A1A,0x1A1A,0x1A1A,0x1A1A,0x1A1A,0x1A1A,
	0x1A1A,0x1A1A,0x1A1A,0x1A1A,0x1A1A,0x1A1A,0x1A1A,0x1A1A,

	0x4B4B,0x4B4B,0x4B4B,0x4B4B,0x4B4B,0x4B4B,0x4B4B,0x4B4B,
	0x4B4B,0x4B4B,0x4B4B,0x4B4B,0x4B4B,0x4B4B,0x4B4B,0x4B4B,
	0x4B4B,0x4B4B,0x4B4B,0x4B4B,0x4B4B,0x4B4B,0x4B4B,0x4B4B,
	0x4B4B,0x4B4B,0x4B4B,0x4B4B,0x4B4B,0x4B4B,0x4B4B,0x4B4B,
	0x464B,0x1846,0x0A0A,0x0A0A,0x184B,0x0A18,0x0A0A,0x0A0A,
	0x0A4B,0x0A0A,0x0A0A,0x0A0A,0x0A4B,0x0A0A,0x0A0A,0x0A0A,
	0x0A4B,0x0A0A,0x0A0A,0x0A0A,0x0A4B,0x0A0A,0x0A0A,0x0A0A,
	0x0A4B,0x0A0A,0x3B0A,0x0A0A,0x3B4B,0x0A3B,0x1A3B,0x0A0A,

	0x320A,0x320A,0x0A0A,0x0A0A,0x0A0A,0x0A0A,0x3232,0x0A0A,
	0x0A0A,0x0A0A,0x0A32,0x0A0A,0x0A0A,0x0A0A,0x0A0A,0x0A0A,
	0x0A0A,0x0A0A,0x0A0A,0x0A0A,0x0A0A,0x0A0A,0x0A0A,0x0A0A,
	0x0A0A,0x0A0A,0x0A0A,0x0A0A,0x0A0A,0x0A0A,0x0A0A,0x0A0A,
	0x3B0A,0x0A0A,0x3B3B,0x0A0A,0x0A0A,0x0A0A,0x0A0A,0x0A0A,
	0x0A0A,0x0A0A,0x0A0A,0x0A0A,0x0A0A,0x0A0A,0x0A0A,0x0A0A,
	0x0A0A,0x0A0A,0x0A0A,0x320A,0x0A0A,0x0A0A,0x0A0A,0x0A32,
	0x0A0A,0x0A0A,0x0A0A,0x320A,0x0A0A,0x0A0A,0x0A0A,0x0A0A,

	0x0A0A,0x0A0A,0x0A0A,0x0A0A,0x0A0A,0x0A0A,0x0A0A,0x0A0A,
	0x0A0A,0x0A0A,0x0A0A,0x0A0A,0x0A0A,0x0A0A,0x0A0A,0x0A0A,
	0x0A0A,0x0A0A,0x0A0A,0x0A0A,0x3232,0x3232,0x0A0A,0x0A0A,
	0x320A,0x320A,0x0A0A,0x0A0A,0x0A0A,0x0A0A,0x0A0A,0x0A0A,
	0x0A0A,0x0A0A,0xB2B2,0xB2B2,0x0A0A,0x0A0A,0xB2B2,0xB2B2,
	0x0A0A,0x0A0A,0xB2B2,0xB2B2,0x0A0A,0x0AB2,0xB2B2,0xB2B2,
	0x320A,0xB2B2,0xB2B2,0xB2B2,0x320A,0x0A0A,0xB2B2,0xB2B2,
	0x320A,0xB2B2,0xB2B2,0xB214,0x0A32,0xB2B2,0xB2B2,0xB2B2,

	0xB2B2,0xB2B2,0xB2B2,0xB2B2,0x1414,0xB2B2,0xB2B2,0xB2B2,
	0xB2B2,0xB2B2,0xB2B2,0xB2B2,0xB2B2,0xB2B2,0xB2B2,0xB2B2,
	0xB2B2,0xB2B2,0xB2B2,0xB2B2,0xB2B2,0xB2B2,0xB2B2,0xB2B2,
	0xB2B2,0xB2B2,0xB2B2,0xB2B2,0xB2B2,0xB2B2,0xB2B2,0xB2B2,
	0x14B2,0x1414,0xB2B2,0xB2B2,0xB214,0xB214,0xB2B2,0xB2B2,
	0x1414,0x1414,0xB2B2,0xB2B2,0x14B2,0xB2B2,0xB214,0xB2B2,
	0x14B2,0x1414,0xB2B2,0xB2B2,0x14B2,0x14B2,0x1414,0xB2B2,
	0x14B2,0x14B2,0x1414,0xB2B2,0x1414,0xB2B2,0xB2B2,0xB2B2,

	0xB2B2,0x1414,0xB2B2,0x3434,0xB2B2,0xB2B2,0xB2B2,0x2828,
	0xB2B2,0xB2B2,0x14B2,0xB2B2,0x14B2,0xB2B2,0xB2B2,0xB2B2,
	0xB2B2,0xB2B2,0xB280,0xB2B2,0xB2B2,0x1414,0x8080,0x0A0A,
	0xB2B2,0x80B2,0x8080,0x0A80,0x14B2,0x8080,0x3480,0x0A0A,
	0x8080,0x0E0E,0x800E,0xC480,0x0A0A,0x0A0A,0x0A0E,0x0A80,
	0x0A34,0x0A0A,0x0E0E,0x0A80,0x2828,0x3232,0x3232,0x0E0E,
	0x2828,0x0A32,0x0A32,0x0A32,0x2828,0x2828,0x320A,0x0A0A,
	0x2828,0x2828,0x320E,0x0A0A,0x3434,0x3434,0x340E,0x2828,

	0x1A1A,0x1A1A,0x1A1A,0x1A1A,0x1A1A,0x1A1A,0x1A1A,0x1A1A,
	0x1A1A,0x1A1A,0x1A1A,0x1A1A,0x1A1A,0x1A1A,0x1A1A,0x1A1A,
	0x1A1A,0x1A1A,0x1A1A,0x1A1A,0x1A1A,0x1A1A,0x1A1A,0x1A1A,
	0x1A1A,0x1A1A,0x1A1A,0x1A1A,0x1A1A,0x1A1A,0x1A1A,0x1A1A,
	0x1A1A,0x1A1A,0x1A1A,0x1A1A,0x1A1A,0x1A1A,0x1A1A,0x1A1A,
	0x1A1A,0x1A1A,0x1A1A,0x1A1A,0x1A1A,0x1A1A,0x1A1A,0x1A1A,
	0x1A1A,0x1A1A,0x1A1A,0x1A1A,0x1A1A,0x1A1A,0x1A1A,0x1A1A,
	0x1A1A,0x1A1A,0x1A1A,0x1A1A,0x1A1A,0x1A1A,0x1A1A,0x1A1A,

	0x1A1A,0x1A1A,0x1A1A,0x1A1A,0x1A1A,0x1A1A,0x1A1A,0x1A1A,
	0x1A1A,0x1A1A,0x1A1A,0x1A1A,0x1A1A,0x1A1A,0x1A1A,0x1A1A,
	0x1A1A,0x1A1A,0x1A1A,0x1A1A,0x1A1A,0x1A1A,0x1A1A,0x1A1A,
	0x1A1A,0x1A1A,0x1A1A,0x1A1A,0x1A1A,0x1A1A,0x1A1A,0x1A1A,
	0x1A1A,0x1A1A,0x1A1A,0x1A1A,0x1A1A,0x1A1A,0x1A1A,0x1A1A,
	0x1A1A,0x1A32,0x1A1A,0x1A1A,0x1A1A,0x1A1A,0x1A1A,0x0A1A,
	0x1A1A,0x1A1A,0x1A1A,0x1A1A,0x1A1A,0x1A1A,0x1A1A,0x1A1A,
	0x1A1A,0x1A1A,0x1A1A,0x1A1A,0x1A1A,0x1A1A,0x1A1A,0x1A1A,

	0x1A1A,0x1A0A,0x1A1A,0x1A1A,0x1A0A,0x0A1A,0x1A0A,0x0A1A,
	0x1A0A,0x0A0A,0x1A0A,0x0A1A,0x1A1A,0x1A0A,0x0A0A,0x0A1A,
	0x1A1A,0x1A1A,0x0A1A,0x1A1A,0x1A1A,0x1A1A,0x0A1A,0x0A0A,
	0x1A1A,0x1A1A,0x0A1A,0x0A0A,0x1A1A,0x1A1A,0x1A1A,0x1A1A,
	0x1A0A,0x0A0A,0x0A0A,0x0A0A,0x0A0A,0x0A0A,0x0A0A,0x0A0A,
	0x0A0A,0x0A0A,0x0A0A,0x0A0A,0x0A1A,0x0A0A,0x0A0A,0x0A0A,
	0x0A0A,0x0A0A,0x0A0A,0x0A0A,0x0A0A,0x0A0A,0x0A0A,0x0A0A,
	0x0A1A,0x0A0A,0x0A0A,0x1A0A,0x320A,0x0A0A,0x0A0A,0x1A0A,

	0x0A0A,0x0A0A,0x0A0A,0x0A0A,0x0A0A,0x0A0A,0x0A0A,0x3B3B,
	0x0A0A,0x0A0A,0x0A0A,0x1A1A,0x0A0A,0x0A0A,0x0A0A,0x0A0A,
	0x0A0A,0x0A0A,0x0A0A,0x0A0A,0x1A0A,0x0A0A,0x0A32,0x0A46,
	0x1A0A,0x1A0A,0x0A0A,0x3B0A,0x1A0A,0x0A1A,0x0A0A,0x0A0A,
	0x0A0A,0x1A3B,0x9898,0x8598,0x0A0A,0x1A1A,0x9898,0x9898,
	0x0A0A,0x0A0A,0x980A,0x9898,0x0A0A,0x0A0A,0x0A0A,0x9898,
	0x0A0A,0x0A0A,0x0A0A,0x9898,0x0A0A,0x0A0A,0x0A0A,0x9898,
	0x0A0A,0x0A0A,0x0A0A,0x980A,0x0A0A,0x0A0A,0x0A0A,0x0A0A,

	0x8585,0x8585,0x8585,0x7777,0x8585,0x8585,0x8585,0x7777,
	0x8585,0x8585,0x8585,0x7777,0x8585,0x8585,0x8585,0x8585,
	0x8598,0x8585,0x8585,0x8585,0x9898,0x8585,0x8585,0x8585,
	0x9898,0x8585,0x8585,0x8585,0x9898,0x8585,0x8585,0x8585,
	0x7E7E,0x7E7E,0xB778,0x7878,0x7E77,0x7E7E,0xB47E,0xB7B7,
	0x7E77,0x7E7E,0x7E7E,0x7878,0x7777,0xB4B4,0xB4B4,0xB4B4,
	0x7777,0xB4B4,0xB4B4,0xB4B4,0x8585,0x8585,0x8585,0x8585,
	0x8585,0x8585,0x8585,0x8585,0x8585,0x8585,0x8585,0x8585,

	0x78B7,0x7E7E,0x7E7E,0x7E7E,0x7EB4,0x7E7E,0x7E7E,0x7E7E,
	0x7E7E,0x7E7E,0x7E7E,0x7E7E,0xB4B4,0x7EB4,0x4848,0x7848,
	0x7E7E,0x7E7E,0x7E7E,0x7E7E,0x8585,0x8585,0x7878,0x7878,
	0x8585,0x8585,0x8585,0x8585,0x8585,0x8585,0x8585,0x8585,
	0x7E7E,0x7E7E,0x7E7E,0xB7B7,0x7EB7,0x7E7E,0xB7B7,0xB7B7,
	0x7E7E,0x7E7E,0xB7B7,0xB7B7,0x7E7E,0xB7B7,0x7E7E,0x48B7,
	0x7878,0xB7B7,0x7E7E,0x48B7,0x7E7E,0x7E7E,0x4848,0xB7B7,
	0x7878,0x7E7E,0x7E7E,0xB748,0x8585,0x8585,0x7E78,0x7E7E,

	0xB7B7,0x4848,0x4848,0x7E7E,0x48B7,0xB7B7,0xB748,0x4848,
	0xB748,0x4848,0x48B7,0xB7B7,0x48B7,0xB7B7,0xB748,0xB748,
	0x48B7,0xB7B7,0xB748,0xB748,0xB778,0x7878,0x78B7,0xB7B7,
	0x787E,0xB7B7,0x7E78,0xB7B7,0xB748,0x7878,0xB7B7,0xB7B7,
	0x3838,0x3838,0x3838,0x3838,0x7E7E,0x3838,0x2238,0x3838,
	0x7E7E,0x387E,0x3838,0x3838,0x48B7,0x7E7E,0x3838,0x2238,
	0xB7B7,0x7E48,0x387E,0x3838,0xB7B7,0xB7B7,0x7E7E,0x3838,
	0xB7B7,0xB7B7,0x7E48,0x217E,0xB7B7,0xB7B7,0xB7B7,0x7E7E,

	0x3838,0x1A1A,0x1A1A,0x1A1A,0x3838,0x1A21,0x1A1A,0x1A1A,
	0x2138,0x3821,0x1A1A,0x1A1A,0x2121,0x3838,0x1A21,0x1A1A,
	0x3821,0x2138,0x2121,0x1A1A,0x2221,0x2121,0x2121,0x1A1A,
	0x2121,0x2121,0x2121,0x1A21,0x3821,0xB738,0x2121,0x2121,
	0x1A1A,0x1A1A,0x1A1A,0x1A1A,0x1A1A,0x1A1A,0x1A1A,0x1A1A,
	0x1A1A,0x1A1A,0x1A1A,0x1A1A,0x1A1A,0x1A1A,0x1A1A,0x1A1A,
	0x1A1A,0x1A1A,0x1A1A,0x1A1A,0x1A1A,0x1A1A,0x1A1A,0x1A1A,
	0x1A1A,0x1A1A,0x1A1A,0x1A1A,0x1A1A,0x1A1A,0x1A1A,0x1A1A,

	0x1A1A,0x1A1A,0x1A1A,0x1A1A,0x1A1A,0x1A1A,0x1A1A,0x1A1A,
	0x1A1A,0x1A1A,0x1A1A,0x1A1A,0x1A1A,0x1A1A,0x1A1A,0x1A1A,
	0x1A1A,0x1A1A,0x1A1A,0x1A1A,0x1A1A,0x1A1A,0x1A1A,0x1A1A,
	0x1A1A,0x1A1A,0x1A1A,0x1A1A,0x1A1A,0x1A1A,0x1A1A,0x1A1A,
	0x1A1A,0x1A1A,0x0A1A,0x1A1A,0x1A1A,0x1A1A,0x1A1A,0x3B1A,
	0x1A1A,0x0A1A,0x0A0A,0x0A0A,0x1A1A,0x1A1A,0x0A1A,0x0A0A,
	0x1A1A,0x1A1A,0x1A1A,0x1A0A,0x1A1A,0x1A1A,0x1A1A,0x0A0A,
	0x1A1A,0x1A1A,0x1A0A,0x3B3B,0x1A1A,0x0A1A,0x3B3B,0x1A3B,

	0x1A1A,0x0A1A,0x0A0A,0x0A0A,0x1A1A,0x0A0A,0x0A0A,0x0A0A,
	0x1A0A,0x0A0A,0x0A0A,0x0A0A,0x1A0A,0x1A0A,0x0A0A,0x0A0A,
	0x1A0A,0x0A0A,0x0A0A,0x0A0A,0x0A0A,0x0A0A,0x0A0A,0x0A0A,
	0x0A0A,0x0A0A,0x0A0A,0x0A0A,0x1A0A,0x180A,0x0A0A,0x180A,
	0x0A0A,0x0A0A,0x0A0A,0x0A0A,0x0A0A,0x0A0A,0x0A0A,0x0A0A,
	0x0A0A,0x0A0A,0x0A0A,0x0A0A,0x0A0A,0x0A0A,0x0A0A,0x0A0A,
	0x0A0A,0x0A0A,0x0A0A,0x0A0A,0x0A0A,0x0A0A,0x0A0A,0x0A0A,
	0x0A0A,0x0A0A,0x0A0A,0x0A0A,0x0A0A,0x0A0A,0x0A0A,0x0A0A,

	0x1A1A,0x0A0A,0x1A0A,0x0A0A,0x0A0A,0x0A0A,0x0A0A,0x0A0A,
	0x0A0A,0x0A0A,0x0A0A,0x0A0A,0x0A0A,0x0A0A,0x0A0A,0x0A0A,
	0x0A0A,0x0A0A,0x0A0A,0x0A0A,0x0A0A,0x0A0A,0x0A0A,0x0A0A,
	0x0A0A,0x0A0A,0x0A0A,0x0A0A,0x0A0A,0x0A0A,0x0A0A,0x0A0A,
	0x0A0A,0x0A0A,0x0A0A,0x0A0A,0x0A0A,0x0A0A,0x0A0A,0x0A0A,
	0x0A0A,0x0A0A,0x0A0A,0x0A1A,0x0A0A,0x0A0A,0x1A0A,0x1A1A,
	0x0A0A,0x0A0A,0x0A0A,0x0A1A,0x0A0A,0x0A0A,0x0A0A,0x0A0A,
	0x0A0A,0x0A0A,0x0A0A,0x0A0A,0x0A0A,0x0A0A,0x1818,0x1A0A,

	0x0A32,0x321A,0x1A1A,0x1A1A,0x1A0A,0x1A1A,0x1A1A,0x1A1A,
	0x1A0A,0x1A1A,0x1A1A,0x1A1A,0x1A1A,0x1A1A,0x0A1A,0x1A1A,
	0x1A1A,0x1A1A,0x1A1A,0x1A1A,0x1A1A,0x1A1A,0x1A1A,0x1A1A,
	0x1A1A,0x0A1A,0x0A1A,0x0A1A,0x1A1A,0x1A1A,0x0A0A,0x0A0A,
	0x1A1A,0x1A1A,0x1A1A,0x1A1A,0x1A1A,0x1A1A,0x1A1A,0x1A1A,
	0x1A1A,0x1A1A,0x1A1A,0x1A1A,0x1A1A,0x1A1A,0x1A1A,0x1A1A,
	0x1A1A,0x1A1A,0x1A1A,0x1A1A,0x1A1A,0x1A1A,0x1A1A,0x1A1A,
	0x0A1A,0x1A1A,0x1A1A,0x1A1A,0x1A0A,0x1A1A,0x1A1A,0x1A1A,

	0x1A1A,0x1A1A,0x1A1A,0x1A1A,0x1A1A,0x1A1A,0x1A1A,0x1A1A,
	0x1A1A,0x1A1A,0x1A1A,0x1A1A,0x1A1A,0x1A1A,0x1A1A,0x1A1A,
	0x1A1A,0x1A1A,0x1A1A,0x1A1A,0x1A1A,0x1A1A,0x1A1A,0x1A1A,
	0x1A1A,0x1A1A,0x1A1A,0x1A1A,0x1A1A,0x1A1A,0x1A1A,0x1A1A,
	0x1A1A,0x1A1A,0x1A1A,0x0A1A,0x1A1A,0x1A1A,0x0A0A,0x0A0A,
	0x1A1A,0x1A1A,0x0A1A,0x0A0A,0x0A0A,0x1A1A,0x0A0A,0x0A0A,
	0x0A1A,0x1A1A,0x1A1A,0x1A1A,0x1A1A,0x1A1A,0x1A1A,0x1A1A,
	0x1A1A,0x1A1A,0x1A1A,0x1A1A,0x1A1A,0x1A1A,0x0A1A,0x1A1A,

	0x1A1A,0x1A1A,0x0A0A,0x0A0A,0x1A1A,0x0A0A,0x0A0A,0x1A1A,
	0x0A1A,0x0A0A,0x0A0A,0x1A1A,0x0A0A,0x1A1A,0x0A0A,0x0A0A,
	0x0A0A,0x1A1A,0x0A0A,0x0A0A,0x0A1A,0x0A0A,0x0A0A,0x0A0A,
	0x0A1A,0x0A0A,0x0A0A,0x0A0A,0x180A,0x1A1A,0x0A0A,0x0A0A,
	0x1A1A,0x0A18,0x1A0A,0x1A1A,0x0A0A,0x1A1A,0x1A1A,0x1A1A,
	0x0A0A,0x1A1A,0x1A1A,0x1A1A,0x0A0A,0x1A1A,0x1A1A,0x1A1A,
	0x1A0A,0x1A1A,0x1A1A,0x1A1A,0x0A0A,0x1A0A,0x1A1A,0x1A1A,
	0x0A0A,0x1A0A,0x1A0A,0x1A1A,0x0A0A,0x0A0A,0x0A0A,0x0A0A,

	0x1A1A,0x1A1A,0x1A1A,0x1A1A,0x1A1A,0x1A1A,0x1A1A,0x1A1A,
	0x1A1A,0x1A1A,0x1A1A,0x1A1A,0x1A1A,0x1A1A,0x1A1A,0x1A1A,
	0x1A1A,0x1A1A,0x1A1A,0x1A1A,0x1A1A,0x1A0A,0x1A1A,0x1A1A,
	0x1A1A,0x1A0A,0x1A1A,0x1A1A,0x1A0A,0x1A1A,0x1A1A,0x1A1A,
	0x1A1A,0x1A1A,0x1A1A,0x1A1A,0x1A1A,0x1A1A,0x1A1A,0x1A1A,
	0x1A1A,0x1A1A,0x1A1A,0x1A1A,0x1A1A,0x1A1A,0x1A1A,0x1A1A,
	0x1A1A,0x1A1A,0x1A1A,0x1A1A,0x1A1A,0x1A1A,0x1A1A,0x1A1A,
	0x1A1A,0x1A1A,0x1A1A,0x1A1A,0x1A1A,0x1A1A,0x1A1A,0x1A1A,

	0x1A1A,0x2727,0x2727,0x2727,0x1A1A,0x272E,0x2727,0x2727,
	0x1A1A,0x2727,0x2727,0x2727,0x2E1A,0x622E,0x2727,0xBDBD,
	0x1A1A,0x622E,0x622E,0xBDBD,0x2E2E,0xBD27,0xBD27,0xBDBD,
	0x2E1A,0x2727,0xBD27,0x2727,0x272E,0x2727,0x2727,0xBD27,
	0x2727,0x2727,0xBD27,0x2727,0x2727,0xBD27,0x2727,0x2727,
	0x2727,0x2727,0x2727,0x2727,0xBD27,0x2727,0xBDBD,0x2727,
	0xBDBD,0x2727,0xBDBD,0xBD27,0xBDBD,0xBD27,0x2727,0xBDBD,
	0x27BD,0xBDBD,0xBDBD,0xBDBD,0xBD27,0xBDBD,0xBDBD,0x6262,

	0x2727,0x2727,0xBD27,0x2727,0x2727,0x2727,0x27BD,0x2727,
	0x2727,0x2727,0x2727,0x2727,0xBD27,0x27BD,0x2727,0x2727,
	0x2727,0x27BD,0xBDBD,0x2727,0xBDBD,0xBDBD,0x2727,0x27BD,
	0xBDBD,0xBDBD,0xBD27,0x2727,0x6262,0xBDBD,0x27BD,0x2727,
	0x2727,0x2727,0xBD27,0xBD27,0x2727,0x2727,0x27BD,0xBDBD,
	0x2727,0x2727,0x2727,0xBDBD,0x2727,0x2727,0x2727,0x2727,
	0x2727,0x2727,0x2727,0x2727,0x2727,0x2727,0x27BD,0xBD27,
	0x2727,0x2727,0xBD27,0xBD27,0x27BD,0x2727,0x2727,0xBDBD,

	0xBDBD,0xBDBD,0x27BD,0xBDBD,0x27BD,0xBDBD,0xBDBD,0x2727,
	0xBDBD,0xBD27,0x27BD,0x2727,0xBDBD,0xBDBD,0xBD27,0x2727,
	0xBDBD,0xBDBD,0x2727,0x2727,0xBDBD,0x27BD,0xBDBD,0xBD27,
	0xBDBD,0x27BD,0x2727,0xBDBD,0xBDBD,0xBDBD,0xBDBD,0xBDBD,
	0x2727,0x2727,0x2727,0x2727,0x2727,0x2727,0x2727,0x2727,
	0x2727,0x2727,0x2727,0x2727,0x2727,0x2727,0x2727,0x2727,
	0x27BD,0x2727,0xBD27,0xBD27,0x2727,0x2727,0x2727,0x2727,
	0x2727,0x2727,0x2727,0x6262,0xBDBD,0x2727,0x2727,0x2762,

	0x2727,0x3262,0x0A0A,0x0A0A,0x6227,0x6232,0x1A32,0x0A0A,
	0x2727,0x6262,0x1A62,0x0A1A,0x6227,0x6262,0x0A0A,0x0A0A,
	0x6227,0x2E62,0x2E2E,0x0A0A,0x2E2E,0x2E2E,0x0A2E,0x0A0A,
	0x622E,0x2E2E,0x2E2E,0x320A,0x2E62,0x2E2E,0x0A32,0x3232,
	0x0A0A,0x0A0A,0x0A0A,0x0A1A,0x0A0A,0x0A0A,0x0A1A,0x0A0A,
	0x0A0A,0x1A0A,0x0A1A,0x1A0A,0x0A0A,0x0A0A,0x0A0A,0x0A0A,
	0x0A0A,0x0A0A,0x0A0A,0x1A1A,0x0A0A,0x0A0A,0x0A0A,0x0A0A,
	0x0A0A,0x180A,0x0A0A,0x3B3B,0x0A0A,0x1A1A,0x1A0A,0x1A1A,

	0x0A0A,0x1A1A,0x1A1A,0x1A1A,0x0A1A,0x1A1A,0x1A1A,0x1A1A,
	0x1A1A,0x1A1A,0x1A1A,0x1A1A,0x1A1A,0x1A1A,0x1A1A,0x1A1A,
	0x1A1A,0x1A1A,0x1A1A,0x1A1A,0x1A1A,0x1A1A,0x1A1A,0x1A1A,
	0x1A1A,0x1A1A,0x1A1A,0x1A1A,0x0A0A,0x1A1A,0x1A1A,0x1A1A,
	0x1A1A,0x1A1A,0x1A1A,0x1A1A,0x1A1A,0x1A1A,0x1A1A,0x1A1A,
	0x1A1A,0x1A1A,0x1A1A,0x1A1A,0x1A1A,0x1A1A,0x1A1A,0x1A1A,
	0x1A1A,0x1A1A,0x1A1A,0x1A1A,0x1A1A,0x1A1A,0x1A1A,0x1A1A,
	0x1A1A,0x1A1A,0x1A1A,0x1A1A,0x1A1A,0x1A1A,0x1A1A,0x1A1A,

	0x1A1A,0x1A1A,0x1A1A,0x1A1A,0x1A1A,0x1A1A,0x1A1A,0x1A1A,
	0x1A1A,0x1A1A,0x1A1A,0x1A1A,0x1A1A,0x1A1A,0x1A1A,0x1A1A,
	0x1A1A,0x1A1A,0x1A1A,0x1A1A,0x1A1A,0x1A1A,0x1A1A,0x1A1A,
	0x1A1A,0x1A1A,0x1A1A,0x1A1A,0x1A1A,0x1A1A,0x1A1A,0x1A1A,
	0x1A1A,0x1A1A,0x0A1A,0x1A1A,0x1A1A,0x1A1A,0x0A1A,0x0A1A,
	0x1A1A,0x1A1A,0x1A0A,0x0A1A,0x1A1A,0x1A1A,0x1A0A,0x0A1A,
	0x1A1A,0x1A1A,0x1A1A,0x1A1A,0x1A1A,0x1A1A,0x1A1A,0x1A1A,
	0x1A1A,0x1A1A,0x1A1A,0x1A1A,0x1A1A,0x1A1A,0x1A1A,0x1A1A,

	0x1A1A,0x1A1A,0x1A1A,0x1A1A,0x1A1A,0x1A1A,0x1A1A,0x1A1A,
	0x1A1A,0x1A1A,0x1A1A,0x1A1A,0x1A1A,0x1A1A,0x1A1A,0x1A1A,
	0x1A1A,0x1A1A,0x1A1A,0x1A1A,0x1A1A,0x1A1A,0x1A1A,0x1A1A,
	0x1A1A,0x1A1A,0x1A1A,0x1A1A,0x1A1A,0x1A1A,0x1A1A,0x1A1A,
	0x1A1A,0x1A1A,0x1A1A,0x1A1A,0x1A1A,0x1A1A,0x1A1A,0x1A1A,
	0x1A1A,0x1A1A,0x1A1A,0x1A1A,0x1A1A,0x1A1A,0x1A1A,0x1A1A,
	0x1A1A,0x1A1A,0x1A1A,0x1A1A,0x1A1A,0x1A1A,0x1A1A,0x1A1A,
	0x1A1A,0x1A1A,0x1A1A,0x1A1A,0x1A1A,0x1A1A,0x1A1A,0x1A1A,

	0x1A1A,0x1A1A,0x1A1A,0x1A1A,0x1A1A,0x1A1A,0x1A1A,0x1A1A,
	0x1A1A,0x1A1A,0x1A1A,0x1A1A,0x1A1A,0x1A1A,0x1A1A,0x1A1A,
	0x1A1A,0x1A1A,0x1A1A,0x1A1A,0x1A1A,0x1A1A,0x1A1A,0x1A1A,
	0x1A1A,0x1A1A,0x1A1A,0x1A1A,0x1A1A,0x1A1A,0x1A1A,0x1A1A,
	0x1A1A,0x1A1A,0x1A1A,0x1A1A,0x1A1A,0x1A1A,0x1A1A,0x1A1A,
	0x1A1A,0x1A1A,0x1A1A,0x1A1A,0x1A1A,0x1A1A,0x1A1A,0x1A1A,
	0x1A1A,0x1A1A,0x1A1A,0x1A1A,0x1A1A,0x1A1A,0x1A1A,0x1A1A,
	0x1A1A,0x1A1A,0x1A1A,0x1A1A,0x1A1A,0x1A1A,0x1A1A,0x1A1A,

	0x1A1A,0x1A1A,0x1A1A,0x1A1A,0x1A1A,0x1A1A,0x1A1A,0x1A1A,
	0x1A1A,0x1A1A,0x1A1A,0x1A1A,0x1A1A,0x1A1A,0x1A1A,0x1A1A,
	0x1A1A,0x1A1A,0x1A1A,0x1A1A,0x1A1A,0x1A1A,0x1A1A,0x1A1A,
	0x1A1A,0x1A1A,0x1A1A,0x1A1A,0x1A0A,0x1A0A,0x1A1A,0x0A1A,
	0x1A1A,0x1A1A,0x1A1A,0x1A1A,0x1A1A,0x1A1A,0x1A1A,0x1A1A,
	0x1A1A,0x1A1A,0x1A1A,0x1A1A,0x1A1A,0x1A1A,0x1A1A,0x1A1A,
	0x1A1A,0x1A1A,0x1A1A,0x1A1A,0x1A1A,0x1A1A,0x1A1A,0x1A1A,
	0x1A1A,0x1A1A,0x1A1A,0x1A1A,0x1A18,0x1A1A,0x1A1A,0x1A1A,

	0x1A1A,0x1A1A,0x1A1A,0x1A1A,0x1A1A,0x1A1A,0x1A1A,0x1A1A,
	0x1A1A,0x1A1A,0x1A1A,0x1A1A,0x1A1A,0x1A1A,0x1A1A,0x1A1A,
	0x1A1A,0x1A1A,0x1A1A,0x1A1A,0x1A1A,0x1A1A,0x1A1A,0x1A1A,
	0x1A1A,0x1A1A,0x1A1A,0x1A1A,0x1A1A,0x1A1A,0x1A1A,0x1A1A,
	0x1A1A,0x1A1A,0x1A1A,0x1A1A,0x1A1A,0x1A1A,0x1A1A,0x1A1A,
	0x1A1A,0x1A1A,0x1A1A,0x1A1A,0x1A1A,0x1A1A,0x1A1A,0x1A1A,
	0x1A1A,0x1A1A,0x1A1A,0x1A1A,0x1A1A,0x1A1A,0x1A1A,0x1A1A,
	0x1A1A,0x1A1A,0x1A1A,0x1A1A,0x1A1A,0x1A1A,0x1A1A,0x1A1A,

	0x1A1A,0x1A1A,0x1A1A,0x1A1A,0x1A1A,0x1A1A,0x1A1A,0x1A1A,
	0x1A1A,0x1A1A,0x1A1A,0x1A1A,0x1A1A,0x1A1A,0x1A1A,0x1A1A,
	0x1A1A,0x1A1A,0x1A1A,0x1A1A,0x1A1A,0x1A1A,0x1A1A,0x1A1A,
	0x1A1A,0x1A1A,0x1A1A,0x1A1A,0x1A1A,0x1A1A,0x1A1A,0x1A1A,
	0x1A1A,0x1A1A,0x1A1A,0x1A1A,0x1A1A,0x1A1A,0x1A1A,0x1A1A,
	0x1A1A,0x1A1A,0x1A1A,0x1A1A,0x1A1A,0x1A1A,0x1A1A,0x1A1A,
	0x1A1A,0x1A1A,0x1A1A,0x1A1A,0x1A1A,0x1A1A,0x1A1A,0x1A1A,
	0x1A1A,0x1A1A,0x1A1A,0x1A1A,0x1A1A,0x1A1A,0x1A1A,0x1A1A,

	0x1A1A,0x1A1A,0x1A1A,0x1A1A,0x1A1A,0x1A1A,0x1A1A,0x1A1A,
	0x1A1A,0x1A1A,0x1A1A,0x1A1A,0x1A1A,0x1A1A,0x1A1A,0x1A1A,
	0x1A1A,0x1A1A,0x1A1A,0x1A1A,0x1A1A,0x1A1A,0x1A1A,0x1A1A,
	0x1A1A,0x1A1A,0x1A1A,0x1A1A,0x1A1A,0x1A1A,0x1A1A,0x1A1A,
	0x1A1A,0x1A1A,0x1A1A,0x1A1A,0x1A1A,0x1A1A,0x1A1A,0x1A1A,
	0x1A1A,0x1A1A,0x1A1A,0x1A1A,0x1A1A,0x1A1A,0x1A1A,0x1A1A,
	0x1A1A,0x1A1A,0x1A1A,0x1A1A,0x1A1A,0x1A1A,0x1A1A,0x1A1A,
	0x1A1A,0x1A1A,0x1A1A,0x1A1A,0x1A1A,0x1A1A,0x1A1A,0x1A1A,

	0x4B4B,0x4B4B,0x4B4B,0x4B4B,0x4B4B,0x4B4B,0x4B4B,0x4B4B,
	0x4B4B,0x4B4B,0x4B4B,0x4B4B,0x4B4B,0x4B4B,0x4B4B,0x4B4B,
	0x4B4B,0x4B4B,0x4B4B,0x4B4B,0x7979,0x7979,0x7979,0x7979,
	0x4B4B,0x4B4B,0x4B4B,0x4B4B,0x4B4B,0x4B4B,0x4B4B,0x4B4B,
	0x0A4B,0x3B3B,0x0A0A,0x0A0A,0x0A4B,0x0A0A,0x0A0A,0x0A0A,
	0x0A4B,0x0A0A,0x0A0A,0x0A0A,0x0A4B,0x0A0A,0x0A0A,0x0A0A,
	0x0A4B,0x0A0A,0x0A0A,0x0A0A,0x0A79,0x0A0A,0x0A0A,0x0A0A,
	0x0A4B,0x0A0A,0x0A0A,0x0A0A,0x0A4B,0x0A0A,0x0A0A,0x0A0A,

	0x0A0A,0x0A0A,0x0A18,0x0A0A,0x0A0A,0x0A0A,0x0A18,0x320A,
	0x3B0A,0x0A0A,0x1A1A,0x320A,0x1A0A,0x0A3B,0x0A0A,0x0A0A,
	0x0A0A,0x0A0A,0x0A0A,0x0A0A,0x0A0A,0x0A0A,0x0A0A,0x0A0A,
	0x0A0A,0x0A0A,0x1818,0x0A0A,0x0A0A,0x0A0A,0x1A1A,0x0A0A,
	0x0A32,0x0A0A,0x0A0A,0x0A0A,0x0A32,0x320A,0x0A0A,0x5050,
	0x3232,0x3232,0x5050,0x5050,0x320A,0x503E,0x5050,0x5050,
	0x0A0A,0x5050,0x5050,0x5050,0x4C0A,0x504C,0x5050,0x5050,
	0x4C4C,0x4C4C,0x5050,0x5050,0xB6B6,0xB6B6,0xB6B6,0x50A4,

	0x0A0A,0x0A0A,0x0A0A,0x0A0A,0x5050,0x5050,0x5050,0x5050,
	0x5050,0x5050,0x5050,0x5050,0x5050,0x5050,0x5050,0x5050,
	0x5050,0x5050,0x5050,0x5050,0x5050,0x5050,0x5050,0x5050,
	0x5050,0x5050,0x5050,0x3E3E,0x5050,0x5050,0x3E50,0x503E,
	0x0A32,0xB2B2,0x1414,0xB2B2,0x0A0A,0x0A0A,0xB2B2,0xB2B2,
	0x3E50,0x0A0A,0xB2B2,0xB20A,0x5050,0x3E50,0x3E3E,0x0A0A,
	0x5050,0x3E50,0x3E3E,0xB6B6,0x5050,0x3E3E,0x3E3E,0xB63E,
	0x5050,0x3E3E,0x3E3E,0xA4A4,0x3E3E,0xB63E,0xA4A4,0xA4A4,

	0xB2B2,0xB2B2,0x1414,0x1414,0xB2B2,0xB214,0x1414,0x8080,
	0x80B2,0x1414,0x1414,0x4343,0x0A0A,0x8080,0x8080,0x8080,
	0x800A,0x8080,0xB280,0x8080,0x0AB6,0x800A,0x0A0A,0xB2B2,
	0x0AB6,0x0A0A,0x0A0A,0xB2B2,0xB6B6,0x0A0A,0x0A0A,0xB214,
	0x1414,0xB2B2,0xB2B2,0xB2B2,0x1414,0x1414,0xB214,0xB2B2,
	0x1414,0x1414,0xB2B2,0xB2B2,0xC480,0x2834,0x2828,0x8080,
	0x8080,0x34C4,0x3434,0x8028,0xB2B2,0xB2B2,0x2828,0x28B2,
	0xB2B2,0xB2B2,0x0EB2,0x28B2,0xB2B2,0xB2B2,0xB214,0xB2B2,

	0x14B2,0x3480,0x3434,0xB20A,0xB2B2,0x8028,0xB20A,0x1414,
	0x2828,0x8080,0xB20A,0xB2B2,0x2828,0x8080,0xB2B2,0xB2B2,
	0x0A28,0x0A0A,0xB2B2,0x1414,0x0A28,0x0A0A,0x0A0A,0xB2B2,
	0x28B2,0x0A0A,0x1A14,0xB2B2,0xB2B2,0x1414,0xB2B2,0xB2B2,
	0x340A,0x3434,0x28B2,0x2828,0xB2B2,0xB228,0xB2B2,0x34B2,
	0xB2B2,0xB2B2,0xB2B2,0x28B2,0xB2B2,0xB2B2,0xB2B2,0xB2B2,
	0xB2B2,0xB2B2,0xB2B2,0x1414,0xB2B2,0xB2B2,0x1414,0xB2B2,
	0xB2B2,0xB2B2,0xB2B2,0xB2B2,0xB2B2,0xB2B2,0xB2B2,0xB2B2,

	0x1A1A,0x1A1A,0x1A1A,0x1A1A,0x1A1A,0x1A1A,0x1A1A,0x1A1A,
	0x1A1A,0x1A1A,0x1A1A,0x1A1A,0x1A1A,0x1A1A,0x1A1A,0x1A1A,
	0x1A1A,0x1A1A,0x1A1A,0x1A1A,0x1A1A,0x1A1A,0x1A1A,0x1A1A,
	0x1A1A,0x1A1A,0x1A1A,0x1A1A,0x1A1A,0x1A1A,0x1A1A,0x1A1A,
	0x1A1A,0x1A1A,0x1A1A,0x1A1A,0x1A1A,0x1A1A,0x1A1A,0x1A1A,
	0x1A1A,0x1A1A,0x1A1A,0x1A1A,0x1A1A,0x1A1A,0x1A1A,0x1A1A,
	0x1A1A,0x1A1A,0x1A1A,0x1A1A,0x1A1A,0x1A1A,0x1A1A,0x1A1A,
	0x1A1A,0x1A1A,0x1A1A,0x1A1A,0x1A1A,0x1A1A,0x1A1A,0x1A1A,

	0x1A1A,0x1A1A,0x1A1A,0x1A1A,0x1A1A,0x1A1A,0x1A1A,0x1A1A,
	0x1A1A,0x1A1A,0x1A1A,0x1A1A,0x1A1A,0x1A1A,0x1A1A,0x1A1A,
	0x1A1A,0x1A1A,0x1A1A,0x1A1A,0x1A1A,0x1A1A,0x1A1A,0x1A1A,
	0x1A1A,0x1A1A,0x1A1A,0x1A1A,0x1A1A,0x1A1A,0x1A1A,0x1A1A,
	0x1A1A,0x1A1A,0x1A1A,0x381A,0x1A1A,0x1A1A,0x1A1A,0x3838,
	0x1A1A,0x1A1A,0x1A1A,0x3838,0x1A1A,0x1A1A,0x381A,0x5E5E,
	0x1A1A,0x1A1A,0x3838,0x385E,0x1A1A,0x1A1A,0x3838,0x3822,
	0x1A1A,0x1A1A,0x3838,0x3822,0x1A1A,0x211A,0x3838,0x3838,

	0x1A36,0x1A1A,0x1A1A,0x1A32,0x3636,0x3636,0x0A0A,0x0A0A,
	0x3636,0x3636,0x0A1A,0x0A0A,0x5E5E,0x3636,0x1A36,0x0A1A,
	0x3636,0x365E,0x3636,0x1A1A,0x3636,0x3636,0x3636,0x3636,
	0xB4B4,0x3636,0x3636,0x365E,0x48B4,0x7E7E,0x3636,0x365E,
	0x1A32,0x1A0A,0x0A0A,0x0A0A,0x1A0A,0x1A1A,0x1A1A,0x0A1A,
	0x1A0A,0x1A1A,0x1A1A,0x1A1A,0x1A1A,0x0A1A,0x0A1A,0x0A1A,
	0x1A1A,0x1A1A,0x0A1A,0x1A1A,0x1A36,0x1A1A,0x1A1A,0x1A1A,
	0x3636,0x1A1A,0x0A1A,0x1A1A,0x3636,0x1A36,0x1A1A,0x0A1A,

	0x1A0A,0x0A0A,0x1A0A,0x0A0A,0x0A0A,0x0A1A,0x0A0A,0x0A1A,
	0x1A0A,0x1A1A,0x0A0A,0x0A0A,0x1A1A,0x1A1A,0x1A1A,0x0A1A,
	0x1A1A,0x1A1A,0x1A1A,0x0A1A,0x1A46,0x1A18,0x0A0A,0x1A0A,
	0x1A1A,0x181A,0x1A0A,0x0A0A,0x1A1A,0x461A,0x460A,0x0A1A,
	0x1846,0x0A0A,0x0A0A,0x0A0A,0x4646,0x4646,0x4646,0x0A0A,
	0x4646,0x4646,0x4646,0x0A0A,0x460A,0x0A0A,0x4618,0x0A0A,
	0x0A0A,0x0A0A,0x0A0A,0x0A0A,0x0A0A,0x0A0A,0x0A0A,0x0A0A,
	0x0A0A,0x0A0A,0x0A0A,0x0A0A,0x0A0A,0x0A0A,0x0A0A,0x0A0A,

	0x980A,0x8598,0x8585,0x8585,0x0A0A,0x0A0A,0x0A0A,0x0A0A,
	0x0A0A,0x0A0A,0x0A0A,0x0A0A,0x0A0A,0x0A0A,0x1A1A,0x1A0A,
	0x0A0A,0x0A0A,0x1A1A,0x0A0A,0x0A0A,0x0A0A,0x0A0A,0x1A0A,
	0x0A0A,0x0A0A,0x0A0A,0x0A0A,0x0A0A,0x0A0A,0x0A0A,0x1A0A,
	0x1A85,0x1A1A,0x1A1A,0x1A1A,0x1A1A,0x1A1A,0x1A1A,0x1A1A,
	0x1A1A,0x1A1A,0x1A1A,0x1A1A,0x1A1A,0x1A1A,0x1A1A,0x1A1A,
	0x1A1A,0x1A1A,0x1A0A,0x1A1A,0x1A0A,0x0A0A,0x1A1A,0x1A1A,
	0x1A0A,0x0A1A,0x1A0A,0x1A1A,0x0A0A,0x0A0A,0x0A1A,0x1A1A,

	0x1A1A,0x851A,0x8585,0x8585,0x1A1A,0x1A1A,0x1A1A,0x1A1A,
	0x1A1A,0x1A1A,0x1A1A,0x1A1A,0x1A1A,0x1A1A,0x1A1A,0x1A1A,
	0x1A1A,0x1A1A,0x1A1A,0x1A1A,0x1A1A,0x1A1A,0x1A1A,0x1A1A,
	0x1A1A,0x1A1A,0x1A1A,0x1A1A,0x1A1A,0x1A1A,0x1A1A,0x1A1A,
	0x8585,0x8585,0x7885,0x7E7E,0x8585,0x8585,0x8585,0x8585,
	0x1A1A,0x8585,0x8585,0x8585,0x1A1A,0x1A1A,0x851A,0x8585,
	0x1A1A,0x1A1A,0x1A1A,0x8585,0x1A1A,0x0A0A,0x1A0A,0x3B1A,
	0x1A1A,0x0A1A,0x0A0A,0x3B3B,0x1A1A,0x1A1A,0x1A3B,0x0A1A,

	0x487E,0x7E7E,0xB7B7,0xB7B7,0x7E48,0x487E,0x48B7,0xB77E,
	0x4885,0x7E7E,0xB748,0xB77E,0x8585,0x8585,0x7E7E,0xB7B7,
	0x8585,0x8585,0x7E7E,0xB778,0x8585,0x8585,0x8585,0x7E7E,
	0x1A0A,0x8585,0x8585,0xB4B4,0x181A,0x8518,0x8585,0x8585,
	0xB7B7,0xB7B7,0xB7B7,0x7E48,0xB7B7,0xB7B7,0xB7B7,0xB7B7,
	0xB7B7,0xB7B7,0xB7B7,0xB7B7,0xB7B7,0xB7B7,0xB7B7,0xB7B7,
	0xB7B7,0xB7B7,0xB7B7,0xB7B7,0xB7B7,0xB7B7,0xB7B7,0xB7B7,
	0xB778,0xB7B7,0xB7B7,0x48B7,0xB4B4,0xB7B7,0xB7B7,0xB7B7,

	0x387E,0xB738,0x2121,0x2121,0x7E7E,0x2121,0x21B7,0x2121,
	0x7E48,0x2121,0x21B7,0x2121,0x48B7,0x7E7E,0xB721,0x2121,
	0xB7B7,0x7E7E,0x2121,0x2121,0xB748,0x7E48,0x217E,0x21B7,
	0x48B7,0x48B7,0x7E7E,0x21B7,0xB748,0xB748,0x7E7E,0xB721,
	0x1A1A,0x1A1A,0x1A1A,0x1A1A,0x1A1A,0x1A1A,0x1A1A,0x1A1A,
	0x1A21,0x1A1A,0x1A1A,0x1A1A,0x2121,0x1A1A,0x1A1A,0x1A1A,
	0x2121,0x1A1A,0x1A1A,0x1A1A,0x2121,0x1A1A,0x1A1A,0x1A1A,
	0x2121,0x1A1A,0x1A1A,0x1A1A,0x2121,0x1A21,0x1A1A,0x1A1A,

	0x1A1A,0x1A1A,0x1A0A,0x1A0A,0x1A1A,0x1A1A,0x0A0A,0x0A0A,
	0x1A1A,0x1A1A,0x0A1A,0x0A0A,0x1A1A,0x1A1A,0x0A0A,0x0A0A,
	0x1A1A,0x1A1A,0x0A0A,0x3B0A,0x1A1A,0x0A1A,0x1A1A,0x3B1A,
	0x1A1A,0x1A1A,0x1A1A,0x1A1A,0x1A1A,0x1A1A,0x1A1A,0x1A1A,
	0x1A1A,0x1A1A,0x3B1A,0x0A0A,0x1A0A,0x0A1A,0x0A0A,0x0A0A,
	0x1A1A,0x1A1A,0x0A0A,0x0A0A,0x1A1A,0x1A1A,0x0A0A,0x0A0A,
	0x0A0A,0x0A0A,0x0A0A,0x0A0A,0x0A1A,0x0A0A,0x0A1A,0x181A,
	0x1A0A,0x0A0A,0x0A1A,0x181A,0x0A0A,0x1A1A,0x0A1A,0x0A0A,

	0x1A1A,0x180A,0x0A1A,0x1A1A,0x0A0A,0x0A0A,0x0A0A,0x0A0A,
	0x0A0A,0x0A0A,0x0A0A,0x0A0A,0x1818,0x0A0A,0x0A0A,0x0A0A,
	0x1818,0x0A0A,0x0A0A,0x0A0A,0x0A0A,0x0A0A,0x0A0A,0x0A0A,
	0x0A0A,0x0A0A,0x0A0A,0x0A0A,0x0A0A,0x0A3B,0x0A0A,0x0A0A,
	0x3B0A,0x0A0A,0x0A0A,0x0A0A,0x0A0A,0x0A0A,0x0A0A,0x0A0A,
	0x0A0A,0x0A0A,0x0A0A,0x0A0A,0x0A0A,0x0A0A,0x0A0A,0x0A0A,
	0x0A0A,0x0A0A,0x0A0A,0x0A0A,0x0A0A,0x0A0A,0x0A0A,0x3B3B,
	0x0A0A,0x0A0A,0x0A0A,0x3B3B,0x0A0A,0x0A0A,0x3B3B,0x0A0A,

	0x0A0A,0x0A0A,0x0A0A,0x0A0A,0x0A0A,0x0A0A,0x0A0A,0x320A,
	0x0A0A,0x0A32,0x0A32,0x320A,0x0A0A,0x320A,0x320A,0x0A32,
	0x0A0A,0x320A,0x320A,0x0A32,0x0A0A,0x0A0A,0x0A0A,0x0A0A,
	0x0A0A,0x0A0A,0x0A0A,0x0A0A,0x181A,0x0A18,0x0A0A,0x0A0A,
	0x0A0A,0x0A0A,0x181A,0x1818,0x0A0A,0x0A0A,0x0A0A,0x0A0A,
	0x0A0A,0x0A0A,0x0A0A,0x0A0A,0x0A0A,0x0A0A,0x1A0A,0x0A0A,
	0x0A0A,0x0A0A,0x1A1A,0x0A0A,0x0A0A,0x0A0A,0x0A0A,0x1A1A,
	0x0A0A,0x0A0A,0x1A0A,0x0A0A,0x0A0A,0x0A0A,0x0A0A,0x0A0A,

	0x1A1A,0x1A1A,0x0A0A,0x0A0A,0x0A0A,0x1A1A,0x1A1A,0x1A1A,
	0x0A0A,0x1A1A,0x1A1A,0x1A1A,0x0A0A,0x1A1A,0x1A1A,0x1A1A,
	0x0A0A,0x1A0A,0x1A1A,0x0A1A,0x1A0A,0x1A1A,0x0A1A,0x1A0A,
	0x0A0A,0x1A1A,0x0A1A,0x1A0A,0x180A,0x0A18,0x0A0A,0x1A18,
	0x0A1A,0x1A1A,0x1A1A,0x1A1A,0x1A1A,0x1A1A,0x1A1A,0x1A1A,
	0x1A1A,0x1A1A,0x1A1A,0x1A1A,0x1A1A,0x1A1A,0x1A1A,0x1A1A,
	0x1A1A,0x1A1A,0x1A1A,0x1A1A,0x1A1A,0x1A1A,0x1A1A,0x1A0A,
	0x1A1A,0x1A1A,0x1A1A,0x0A0A,0x1A1A,0x0A1A,0x0A0A,0x0A0A,

	0x1A1A,0x1A1A,0x1A1A,0x1A1A,0x1A1A,0x1A1A,0x1A1A,0x1A1A,
	0x1A1A,0x1A1A,0x1A1A,0x1A1A,0x1A1A,0x1A1A,0x1A1A,0x1A1A,
	0x1A1A,0x1A1A,0x1A1A,0x1A1A,0x1A1A,0x1A1A,0x1A1A,0x1A1A,
	0x1A1A,0x1A1A,0x1A1A,0x1A1A,0x1A1A,0x1A1A,0x1A1A,0x1A1A,
	0x1A1A,0x1A1A,0x0A1A,0x1A1A,0x1A1A,0x1A1A,0x1A1A,0x0A1A,
	0x1A1A,0x1A1A,0x1A0A,0x0A1A,0x1A1A,0x1A1A,0x1A1A,0x1A0A,
	0x1A1A,0x1A1A,0x0A1A,0x0A0A,0x1A1A,0x1A1A,0x1A1A,0x1A0A,
	0x1A1A,0x1A1A,0x1A1A,0x1A1A,0x1A1A,0x1A1A,0x1A1A,0x1A1A,

	0x1A0A,0x1818,0x0A1A,0x0A0A,0x0A0A,0x0A1A,0x1A1A,0x1A1A,
	0x0A0A,0x1A1A,0x1A1A,0x1A1A,0x0A0A,0x1A0A,0x1A1A,0x1A1A,
	0x0A0A,0x1A1A,0x1A1A,0x1A1A,0x1A1A,0x0A0A,0x1A1A,0x1A1A,
	0x1A1A,0x0A0A,0x1A1A,0x1A1A,0x1A1A,0x1A1A,0x1A1A,0x1A1A,
	0x0A0A,0x0A0A,0x0A0A,0x0A0A,0x1A1A,0x0A1A,0x1A0A,0x1A1A,
	0x0A1A,0x0A1A,0x1A1A,0x1A1A,0x1A1A,0x1A1A,0x1A1A,0x0A1A,
	0x1A1A,0x1A1A,0x1A1A,0x0A1A,0x1A1A,0x1A1A,0x1A1A,0x1A1A,
	0x1A1A,0x1A1A,0x1A1A,0x1A1A,0x1A1A,0x1A1A,0x1A1A,0x1A1A,

	0x0A0A,0x1A1A,0x1A1A,0x1A1A,0x1A0A,0x1A1A,0x1A1A,0x1A1A,
	0x1A1A,0x1A1A,0x1A1A,0x1A1A,0x1A1A,0x1A1A,0x1A1A,0x1A1A,
	0x1A1A,0x1A1A,0x1A1A,0x1A1A,0x1A1A,0x1A1A,0x1A1A,0x1A1A,
	0x1A1A,0x1A1A,0x1A1A,0x1A1A,0x1A1A,0x1A1A,0x1A1A,0x1A1A,
	0x1A1A,0x1A1A,0x1A1A,0x2E1A,0x1A1A,0x1A1A,0x1A1A,0x1A1A,
	0x1A1A,0x1A1A,0x1A1A,0x1A1A,0x1A1A,0x1A1A,0x1A1A,0x1A1A,
	0x1A1A,0x1A1A,0x1A1A,0x1A1A,0x1A1A,0x1A1A,0x1A1A,0x2E1A,
	0x1A1A,0x1A1A,0x1A1A,0x2E1A,0x1A1A,0x1A1A,0x1A1A,0x2E1A,

	0x2E2E,0x2727,0x2727,0x2727,0x2727,0xBDBD,0x2727,0x2727,
	0x2727,0x2727,0x2727,0x2727,0x2727,0x2727,0x2727,0x2727,
	0x2727,0x2727,0x2727,0x2727,0x272E,0x2727,0x2727,0x2727,
	0x2727,0x2727,0xBDBD,0x2727,0x2E2E,0xBDBD,0xBD27,0x2727,
	0x2727,0xBDBD,0xBD27,0xBDBD,0x2727,0x2727,0xBDBD,0xBD27,
	0x2727,0x2727,0x2727,0xBDBD,0x2727,0xBDBD,0xBDBD,0x2727,
	0x2727,0xBD27,0xBDBD,0xBD27,0x2727,0xBDBD,0xBD27,0xBDBD,
	0x2727,0x2727,0xBDBD,0xBD62,0xBDBD,0xBD27,0xBD27,0xBD62,

	0x2E2E,0x6262,0xBDBD,0xBD27,0x6262,0x27BD,0xBD27,0x2727,
	0x62BD,0x2727,0x2727,0x2727,0x27BD,0x27BD,0xBDBD,0x2727,
	0x27BD,0x2727,0x27BD,0x2727,0xBDBD,0x2727,0x2727,0x2727,
	0xBDBD,0x2727,0x2727,0x2727,0xBDBD,0xBDBD,0x2727,0x2727,
	0x2727,0x2727,0xBD27,0xBDBD,0xBDBD,0x27BD,0x27BD,0x27BD,
	0xBDBD,0xBDBD,0x27BD,0xBDBD,0x2727,0xBDBD,0xBD62,0xBD62,
	0x2727,0xBDBD,0x6262,0x6262,0x2727,0xBDBD,0xBDBD,0x62BD,
	0x2727,0xBDBD,0xBDBD,0xBD27,0x2727,0x2727,0x2727,0x2727,

	0x6227,0xBDBD,0xBDBD,0xBDBD,0x6262,0x2727,0x2727,0xBD27,
	0x62BD,0xBDBD,0x2727,0x2727,0x2E62,0xBDBD,0x2727,0x2727,
	0x2E2E,0xBD62,0x2727,0x2727,0xBDBD,0xBDBD,0x27BD,0x2727,
	0xBDBD,0xBD62,0x27BD,0x27BD,0x27BD,0xBDBD,0xBD27,0x2727,
	0x2727,0x2727,0x2727,0x2727,0x2727,0x2727,0x2727,0x2727,
	0xBDBD,0x2727,0x2727,0xBD27,0x2727,0x2727,0x2727,0x2727,
	0x2727,0x2727,0x2727,0x2727,0x2727,0x2727,0x2727,0x2727,
	0x2727,0x2727,0x2727,0x2727,0x2727,0x2727,0x2727,0x2727,

	0x2762,0x2E2E,0x320A,0x0A32,0x2727,0x2E2E,0x322E,0x0A0A,
	0x2727,0x2727,0x0A2E,0x180A,0x27BD,0x2727,0x0A0A,0x180A,
	0x2727,0x2727,0x0A0A,0x1A1A,0x2727,0x2727,0x2E18,0x0A0A,
	0x2727,0x2727,0x2E2E,0x0A2E,0xBDBD,0xBDBD,0x2E2E,0x0A0A,
	0x0A0A,0x0A0A,0x1A1A,0x0A0A,0x0A0A,0x0A0A,0x0A0A,0x0A3B,
	0x0A0A,0x0A0A,0x0A0A,0x3B3B,0x0A0A,0x0A0A,0x0A0A,0x1A0A,
	0x0A0A,0x0A0A,0x0A0A,0x1A0A,0x0A0A,0x0A0A,0x0A0A,0x0A0A,
	0x0A0A,0x0A0A,0x0A0A,0x0A0A,0x0A2E,0x0A0A,0x0A0A,0x0A0A,

	0x1A0A,0x1A1A,0x1A1A,0x1A1A,0x0A0A,0x1A0A,0x1A1A,0x1A1A,
	0x0A0A,0x1A0A,0x1A1A,0x1A1A,0x3B3B,0x1A1A,0x1A1A,0x1A1A,
	0x1A3B,0x1A1A,0x1A1A,0x0A1A,0x0A0A,0x1A1A,0x0A1A,0x1A0A,
	0x0A0A,0x0A0A,0x1A1A,0x0A0A,0x0A0A,0x0A1A,0x0A0A,0x1A1A,
	0x1A1A,0x1A1A,0x1A1A,0x1A1A,0x1A1A,0x1A1A,0x1A1A,0x1A1A,
	0x1A1A,0x1A1A,0x1A1A,0x1A1A,0x1A1A,0x1A1A,0x1A1A,0x1A1A,
	0x1A1A,0x1A1A,0x1A1A,0x1A1A,0x1A1A,0x1A1A,0x1A1A,0x1A1A,
	0x1A1A,0x1A1A,0x1A1A,0x1A1A,0x1A1A,0x1A1A,0x1A1A,0x1A1A,

	0x1A1A,0x1A1A,0x1A1A,0x1A1A,0x1A1A,0x1A1A,0x1A1A,0x1A1A,
	0x1A1A,0x1A1A,0x1A1A,0x1A1A,0x1A1A,0x1A1A,0x1A1A,0x1A1A,
	0x1A1A,0x1A1A,0x1A1A,0x1A1A,0x1A1A,0x1A1A,0x1A1A,0x1A1A,
	0x1A1A,0x1A1A,0x1A1A,0x1A1A,0x1A1A,0x1A1A,0x1A1A,0x1A1A,
	0x1A1A,0x1A1A,0x1A1A,0x1A1A,0x1A1A,0x1A1A,0x1A1A,0x1A1A,
	0x1A1A,0x1A1A,0x1A1A,0x1A1A,0x1A1A,0x1A1A,0x1A1A,0x1A1A,
	0x1A1A,0x1A1A,0x1A1A,0x1A1A,0x1A1A,0x1A1A,0x1A1A,0x1A1A,
	0x1A1A,0x1A1A,0x1A1A,0x1A1A,0x1A1A,0x1A1A,0x1A1A,0x1A1A,

	0x1A1A,0x1A1A,0x1A1A,0x1A1A,0x1A1A,0x1A1A,0x1A1A,0x1A1A,
	0x1A1A,0x1A1A,0x1A1A,0x1A1A,0x1A1A,0x1A1A,0x1A1A,0x1A1A,
	0x1A1A,0x1A1A,0x1A1A,0x1A1A,0x1A1A,0x1A1A,0x1A1A,0x1A1A,
	0x1A1A,0x1A1A,0x1A1A,0x1A1A,0x1A1A,0x1A1A,0x1A1A,0x1A1A,
	0x1A1A,0x1A1A,0x1A1A,0x1A1A,0x1A1A,0x1A1A,0x1A1A,0x1A1A,
	0x1A1A,0x1A1A,0x1A1A,0x1A1A,0x1A1A,0x1A1A,0x1A1A,0x1A1A,
	0x1A1A,0x1A1A,0x1A1A,0x1A1A,0x1A1A,0x1A1A,0x1A1A,0x1A1A,
	0x1A0A,0x1A1A,0x1A1A,0x1A1A,0x1A1A,0x1A1A,0x1A1A,0x1A1A,

	0x1A1A,0x1A1A,0x1A1A,0x1A1A,0x1A1A,0x1A1A,0x1A1A,0x1A1A,
	0x1A1A,0x1A1A,0x1A1A,0x1A1A,0x1A1A,0x1A1A,0x1A1A,0x1A1A,
	0x1A1A,0x1A1A,0x1A1A,0x1A1A,0x1A1A,0x1A1A,0x1A1A,0x1A1A,
	0x1A1A,0x1A1A,0x1A1A,0x1A1A,0x1A1A,0x1A1A,0x1A1A,0x1A1A,
	0x1A1A,0x1A1A,0x1A1A,0x0A1A,0x1A1A,0x1A1A,0x1A1A,0x1A1A,
	0x1A1A,0x1A1A,0x1A1A,0x1A1A,0x1A1A,0x1A1A,0x1A1A,0x1A1A,
	0x1A1A,0x1A1A,0x1A1A,0x1A1A,0x1A1A,0x1A1A,0x1A1A,0x1A1A,
	0x1A1A,0x1A1A,0x1A0A,0x1A1A,0x1A1A,0x0A1A,0x1A1A,0x1A1A,

	0x0A0A,0x0A0A,0x1846,0x461A,0x1A0A,0x1A1A,0x1A1A,0x1A1A,
	0x1A1A,0x1A1A,0x1A1A,0x1A1A,0x1A1A,0x1A1A,0x1A1A,0x1A1A,
	0x1A1A,0x1A1A,0x1A1A,0x1A1A,0x1A1A,0x1A1A,0x1A1A,0x1A1A,
	0x1A1A,0x1A1A,0x1A1A,0x1A0A,0x1A1A,0x1A1A,0x0A0A,0x0A0A,
	0x1A1A,0x1A1A,0x1A1A,0x1A1A,0x1A1A,0x1A1A,0x1A1A,0x1A1A,
	0x1A1A,0x1A1A,0x1A1A,0x1A1A,0x1A1A,0x1A1A,0x1A1A,0x1A1A,
	0x1A1A,0x1A1A,0x1A1A,0x1A1A,0x1A1A,0x1A1A,0x1A1A,0x1A1A,
	0x1A0A,0x0A1A,0x0A1A,0x1A1A,0x0A0A,0x0A0A,0x0A0A,0x1A0A,

	0x1A1A,0x1A1A,0x1A1A,0x1A1A,0x1A1A,0x1A1A,0x1A1A,0x1A1A,
	0x1A1A,0x1A1A,0x1A1A,0x1A1A,0x1A1A,0x1A1A,0x1A1A,0x1A1A,
	0x1A1A,0x1A1A,0x1A1A,0x1A1A,0x1A1A,0x1A1A,0x1A1A,0x1A1A,
	0x1A1A,0x1A1A,0x1A1A,0x1A1A,0x1A1A,0x1A1A,0x1A1A,0x1A1A,
	0x1A1A,0x1A1A,0x1A1A,0x1A1A,0x1A1A,0x1A1A,0x1A1A,0x1A1A,
	0x1A1A,0x1A1A,0x1A1A,0x1A1A,0x1A1A,0x1A1A,0x1A1A,0x1A1A,
	0x1A1A,0x1A1A,0x1A1A,0x1A1A,0x1A1A,0x1A1A,0x1A1A,0x9595,
	0x1A1A,0x1A1A,0x1A1A,0x9519,0x1A1A,0x1A1A,0x1A1A,0x1A1A,

	0x1A1A,0x1A1A,0x1A1A,0x1A1A,0x1A1A,0x1A1A,0x1A1A,0x1A1A,
	0x1A1A,0x1A1A,0x1A1A,0x1A1A,0x1A1A,0x1A1A,0x1A1A,0x1A1A,
	0x1A1A,0x281A,0x1A1A,0x1A1A,0x1A1A,0x1A1A,0x1A1A,0x1A1A,
	0x951A,0x1A1A,0x1A28,0x1A1A,0x1995,0x1A1A,0x2828,0x1A1A,
	0x1A1A,0x1A1A,0x1A1A,0x1A1A,0x1A1A,0x1A1A,0x1A1A,0x1A1A,
	0x1A1A,0x1A1A,0x1A1A,0x1A1A,0x1A1A,0x1A1A,0x1A1A,0x1A1A,
	0x1A1A,0x1A1A,0x1A1A,0x1A1A,0x1A1A,0x1A1A,0x1A1A,0x1A1A,
	0x1A1A,0x1A1A,0x1A1A,0x1A1A,0x1A1A,0x1A1A,0x1A1A,0x1A1A,

	0x1A1A,0x1A1A,0x1A1A,0x1A1A,0x1A1A,0x1A1A,0x1A1A,0x1A1A,
	0x1A1A,0x1A1A,0x1A1A,0x1A1A,0x1A1A,0x1A1A,0x1A1A,0x1A1A,
	0x1A1A,0x1A1A,0x1A1A,0x1A1A,0x1A1A,0x1A1A,0x1A95,0x1A1A,
	0x1A1A,0x191A,0x1A95,0x9595,0x1A1A,0x1A1A,0x1A1A,0x1919,
	0x1A1A,0x1A1A,0x1A1A,0x1A1A,0x1A1A,0x1A1A,0x1A1A,0x1A1A,
	0x1A1A,0x1A1A,0x1A1A,0x1A1A,0x1A1A,0x1A1A,0x1A1A,0x1A1A,
	0x1A1A,0x1A1A,0x1A1A,0x1A1A,0x1A1A,0x1A1A,0x1A1A,0x1A1A,
	0x1A1A,0x1A1A,0x1A1A,0x1A1A,0x1A1A,0x1A1A,0x1A1A,0x1A1A,

	0x4B4B,0x4B4B,0x4B4B,0x4B4B,0x4B4B,0x4B4B,0x4B4B,0x4B4B,
	0x4B4B,0x4B4B,0x4B4B,0x4B4B,0x4B4B,0x4B4B,0x4B4B,0x4B4B,
	0x4B4B,0x4B4B,0x4B4B,0x4B4B,0x4B4B,0x4B4B,0x4B4B,0x4B4B,
	0x4B4B,0x4B4B,0x4B4B,0x4B4B,0x4B4B,0x4B4B,0x4B4B,0x4B4B,
	0x0A4B,0x0A0A,0x0A0A,0x0A0A,0x0A4B,0x0A0A,0x0A0A,0x0A0A,
	0x0A4B,0x0A0A,0x0A0A,0x0A0A,0x0A4B,0x0A0A,0x0A0A,0x0A0A,
	0x0A4B,0x0A1A,0x0A0A,0x0A0A,0x0A4B,0x0A0A,0x0A0A,0x0A0A,
	0x0A4B,0x0A0A,0x0A0A,0x0A0A,0x0A4B,0x0A0A,0x0A0A,0x0A0A,

	0x0A0A,0x0A0A,0x0A0A,0x3E0A,0x0A0A,0x0A0A,0x0A0A,0x3E3E,
	0x0A0A,0x0A0A,0x3E0A,0x3EC8,0x0A0A,0x0A0A,0x0A0A,0x3E3E,
	0x0A0A,0x0A0A,0x0A0A,0x3E3E,0x0A0A,0x3E3E,0x3E3E,0xC83E,
	0x0A0A,0x3EC8,0xC83E,0xC8C8,0x320A,0x3E3E,0x3E3E,0xC8C8,
	0xB6B6,0x0AB6,0xB6B6,0xA4A4,0x3E3E,0x0A0A,0xB60A,0xA4A4,
	0x3E3E,0x0A3E,0x0A0A,0x0AA4,0x3E3E,0x0A0A,0x0A0A,0x0A0A,
	0x3E3E,0x3E3E,0x3E3E,0x0A0A,0xC83E,0x3E3E,0xC83E,0x0A0A,
	0xC8C8,0x3E3E,0x3E3E,0x0A0A,0x3E3E,0x3E3E,0x3E3E,0x0A0A,

	0x5050,0x5050,0x3E3E,0x3E3E,0xB6B6,0x3E3E,0xA4A4,0xB6B6,
	0xB6B6,0xA4B6,0xA4A4,0xB6B6,0xB60A,0xA4B6,0xA4A4,0xA4A4,
	0xB60A,0xA4A4,0xA4A4,0xA4A4,0x0A0A,0xA40A,0xA40A,0x0AA4,
	0x0A0A,0x0A0A,0x0A0A,0x0A0A,0x0A0A,0x0A0A,0x0A0A,0x0A0A,
	0xB6A4,0xA4B6,0xA4A4,0xA4A4,0xB6A4,0xA4A4,0xA40A,0x0AA4,
	0xA4A4,0xA4A4,0x0A0A,0x0AA4,0xA4A4,0x0A0A,0x0A0A,0x0A0A,
	0xA40A,0x0A0A,0x0A0A,0x0A0A,0x0A0A,0x0A0A,0x0A0A,0x0A0A,
	0x0A0A,0x0A0A,0x0A0A,0x0A0A,0x0A0A,0x0A0A,0x0A0A,0x0A0A,

	0xB6B6,0x0A0A,0xB20A,0xB214,0x0A0A,0x0A0A,0x140A,0xB2B2,
	0x0A0A,0x0A0A,0x14B2,0xB2B2,0x0A0A,0xB20A,0xB2B2,0xB2B2,
	0x0A0A,0x0A0A,0xB2B2,0xB2B2,0x0A0A,0x0A0A,0xB2B2,0xB2B2,
	0x0A0A,0xB2B2,0xB2B2,0xB2B2,0x0A0A,0xB2B2,0xB2B2,0xB2B2,
	0xB2B2,0xB2B2,0xB214,0xB2B2,0xB2B2,0xB2B2,0x14B2,0xB2B2,
	0xB2B2,0xB2B2,0xB2B2,0xB2B2,0x1414,0xB2B2,0xB2B2,0xB2B2,
	0xB2B2,0xB2B2,0xB2B2,0xB2B2,0xB2B2,0xB2B2,0xB2B2,0xB214,
	0xB2B2,0xB2B2,0xB2B2,0x14B2,0x1414,0x14B2,0xB2B2,0x1414,

	0xB2B2,0x14B2,0xB2B2,0xB2B2,0x14B2,0x1414,0x1414,0x14B2,
	0x14B2,0xB2B2,0x1414,0xB20A,0xB2B2,0x1414,0x1434,0xB20A,
	0x14B2,0x14B2,0x2834,0xB2C4,0xB2B2,0x1414,0x2828,0xC428,
	0xB2B2,0xB214,0x2828,0x3434,0x0A0A,0x0A1A,0x3434,0x3434,
	0xB2B2,0xB2B2,0xB2B2,0xB2B2,0xB2B2,0xB2B2,0xB2B2,0x3434,
	0xB2B2,0xB2B2,0xB2B2,0x2828,0x8080,0xB2B2,0x2828,0x2828,
	0x80B2,0x3480,0x2834,0x2828,0x8046,0x2880,0x3434,0x2828,
	0x0A0A,0x280A,0x2828,0x3434,0x320E,0x2828,0x2828,0x2828,

	0x1A1A,0x1A1A,0x1A1A,0x1A1A,0x1A1A,0x1A1A,0x1A1A,0x1A1A,
	0x1A1A,0x1A1A,0x1A1A,0x1A1A,0x1A0A,0x1A0A,0x0A1A,0x1A0A,
	0x0A0A,0x1A1A,0x0A1A,0x1A1A,0x0A0A,0x1A0A,0x0A0A,0x0A0A,
	0x0A0A,0x0A0A,0x0A0A,0x1A32,0x1A1A,0x0A32,0x1A1A,0x1A1A,
	0x1A1A,0x1A1A,0x1A1A,0x1A1A,0x1A1A,0x1A1A,0x1A1A,0x1A1A,
	0x1A1A,0x1A1A,0x1A1A,0x1A1A,0x1A1A,0x1A1A,0x1A1A,0x1A1A,
	0x1A1A,0x1A1A,0x1A1A,0x1A1A,0x1A1A,0x1A1A,0x1A1A,0x1A1A,
	0x1A1A,0x1A1A,0x1A1A,0x1A1A,0x1A1A,0x1A1A,0x1A1A,0x1A1A,

	0x1A1A,0x1A1A,0x1A1A,0x1A1A,0x1A1A,0x1A1A,0x1A1A,0x1A1A,
	0x1A1A,0x1A1A,0x1A1A,0x1A1A,0x1A1A,0x1A1A,0x1A1A,0x1A1A,
	0x1A1A,0x1A1A,0x1A1A,0x1A1A,0x1A1A,0x1A1A,0x1A1A,0x1A1A,
	0x1A1A,0x1A1A,0x1A1A,0x1A1A,0x1A1A,0x1A1A,0x1A1A,0x1A1A,
	0x1A1A,0x2121,0x2238,0x3838,0x1A1A,0x3838,0x3822,0xB438,
	0x1A1A,0x3838,0x21B7,0xB4B4,0x1A1A,0x2121,0x2121,0x48B4,
	0x211A,0x2121,0x2121,0x48B4,0x2121,0xB721,0xB421,0x7E48,
	0x2121,0xB721,0xB421,0xB748,0x2121,0xB721,0x7E7E,0x7E7E,

	0x48B4,0x7E7E,0x367E,0x367E,0x7E48,0x7E7E,0x7E7E,0x3878,
	0x7E7E,0x7E7E,0x7E7E,0x7E7E,0x7E7E,0x7E7E,0x7E7E,0x7E7E,
	0x7E7E,0x7E7E,0xB77E,0x7E7E,0x7E7E,0x7E7E,0x7E7E,0x7E7E,
	0x7E7E,0x7E7E,0x7E7E,0x7E7E,0xB77E,0x7EB7,0xB77E,0x487E,
	0x3636,0x1A36,0x1A1A,0x0A1A,0x3636,0x1A36,0x1A1A,0x1A1A,
	0x3636,0x1A36,0x1A1A,0x1A1A,0x787E,0x1A48,0x1A1A,0x1A1A,
	0x487E,0x1A48,0x1A1A,0x1A1A,0xB448,0x1A1A,0x1A1A,0x1A1A,
	0xB4B4,0x1A1A,0x1A1A,0x1A1A,0xA2B4,0x8585,0x1A1A,0x1A1A,

	0x1A1A,0x461A,0x1A0A,0x0A1A,0x0A46,0x460A,0x1A1A,0x0A1A,
	0x1A1A,0x0A0A,0x1A0A,0x1A1A,0x1A1A,0x1A0A,0x1A1A,0x181A,
	0x1A1A,0x1A1A,0x1A1A,0x1A1A,0x1A1A,0x461A,0x1A1A,0x1A0A,
	0x1A1A,0x1A1A,0x1A1A,0x1A0A,0x1A1A,0x1A1A,0x1A1A,0x1A1A,
	0x0A0A,0x460A,0x0A0A,0x0A0A,0x1A0A,0x1A1A,0x0A1A,0x0A0A,
	0x181A,0x1A0A,0x0A0A,0x0A0A,0x4618,0x0A0A,0x0A0A,0x0A0A,
	0x461A,0x1A0A,0x1A0A,0x0A0A,0x1A1A,0x1A1A,0x0A0A,0x0A0A,
	0x1A1A,0x0A1A,0x0A1A,0x0A0A,0x1A1A,0x1A1A,0x0A0A,0x0A0A,

	0x0A0A,0x0A0A,0x0A0A,0x1A1A,0x0A0A,0x0A0A,0x0A0A,0x3B0A,
	0x0A0A,0x0A0A,0x0A0A,0x0A0A,0x0A0A,0x0A0A,0x0A0A,0x0A0A,
	0x0A0A,0x0A0A,0x1A0A,0x0A0A,0x0A0A,0x0A0A,0x0A0A,0x0A1A,
	0x0A0A,0x0A0A,0x0A0A,0x0A0A,0x0A0A,0x0A0A,0x0A0A,0x0A0A,
	0x0A0A,0x0A1A,0x1A1A,0x1A1A,0x1A3B,0x1A1A,0x1A1A,0x1A1A,
	0x3B3B,0x1A1A,0x1A1A,0x1A1A,0x1A1A,0x1A1A,0x1A1A,0x1A1A,
	0x0A0A,0x1A1A,0x1A1A,0x1A1A,0x1A1A,0x1A1A,0x1A1A,0x1A1A,
	0x1A1A,0x1A1A,0x1A1A,0x1A1A,0x1A0A,0x1A1A,0x1A1A,0x1A1A,

	0x1A1A,0x1A1A,0x1A1A,0x1A1A,0x1A1A,0x1A1A,0x1A1A,0x1A1A,
	0x1A1A,0x1A1A,0x1A1A,0x1A1A,0x1A1A,0x1A1A,0x1A1A,0x1A1A,
	0x1A1A,0x1A1A,0x1A1A,0x1A1A,0x1A1A,0x1A1A,0x1A1A,0x1A1A,
	0x1A1A,0x1A1A,0x1A1A,0x1A1A,0x1A1A,0x1A1A,0x1A1A,0x1A1A,
	0x1A1A,0x1A1A,0x1A1A,0x1A1A,0x1A1A,0x1A1A,0x1A1A,0x1A1A,
	0x1A1A,0x1A1A,0x1A0A,0x1A1A,0x0A1A,0x1A1A,0x1A0A,0x1A0A,
	0x1A1A,0x1A0A,0x1A1A,0x0A0A,0x1A1A,0x1A1A,0x1A1A,0x0A0A,
	0x1A1A,0x1A1A,0x0A1A,0x0A0A,0x1A1A,0x1A1A,0x0A1A,0x0A0A,

	0x1A0A,0x0A0A,0x8585,0x8585,0x1A1A,0x0A1A,0x857C,0x8585,
	0x1A1A,0x1A1A,0x7C0A,0x8585,0x1A0A,0x0A0A,0x0A0A,0x857C,
	0x0A0A,0x0A0A,0x0A0A,0x857C,0x0A0A,0x0A0A,0x1A0A,0x7C0A,
	0x0A0A,0x0A0A,0x1A0A,0x1A0A,0x0A0A,0x0A0A,0x0A1A,0x0A0A,
	0xB4B4,0xB748,0x48B7,0x48B7,0x8585,0x48B4,0xB748,0xB748,
	0x8585,0xB4B4,0x787E,0x78B7,0x8585,0xB485,0xB748,0xB778,
	0x8585,0xB485,0xB748,0x787E,0x8585,0x8585,0x787E,0xB7B7,
	0x8585,0x8585,0x7E7E,0xB7B7,0x7C7C,0x8585,0x7E85,0xB778,

	0x48B7,0x78B7,0x7E48,0x2121,0xB7B7,0xB7B7,0x48B7,0x217E,
	0x78B7,0x78B7,0x48B7,0x7E7E,0xB7B7,0xB77E,0xB7B7,0x7E7E,
	0x78B7,0xB7B7,0xB7B7,0x7E48,0xB77E,0xB7B7,0xB7B7,0x48B7,
	0xB7B7,0xB7B7,0xB7B7,0x48B7,0xB7B7,0xB7B7,0xB7B7,0xB7B7,
	0x2121,0x1A21,0x1A1A,0x1A1A,0x21B7,0x2121,0x1A1A,0x1A1A,
	0x21B7,0x2121,0x0A1A,0x1A1A,0xB721,0x2121,0x0A0A,0x0A0A,
	0x2121,0x2121,0x0A0A,0x0A0A,0x217E,0x21B7,0x0A21,0x0A0A,
	0x217E,0x21B7,0x0A21,0x0A0A,0x7E7E,0x21B7,0x0AA9,0x0A0A,

	0x1A1A,0x1A1A,0x1A1A,0x0A0A,0x1A1A,0x1A1A,0x1A1A,0x0A0A,
	0x1A1A,0x1A1A,0x1A1A,0x0A1A,0x1A1A,0x1A1A,0x1A1A,0x0A0A,
	0x1A1A,0x1A1A,0x1A1A,0x1A1A,0x1A1A,0x1A1A,0x1A1A,0x0A0A,
	0x1A1A,0x1A1A,0x1A0A,0x0A32,0x0A0A,0x0A32,0x0A32,0x0A32,
	0x0A0A,0x0A1A,0x0A1A,0x0A0A,0x0A0A,0x0A0A,0x0A0A,0x0A3B,
	0x0A32,0x0A0A,0x0A0A,0x0A3B,0x1A1A,0x0A32,0x0A32,0x0A0A,
	0x0A32,0x0A32,0x0A32,0x0A32,0x320A,0x0A0A,0x320A,0x320A,
	0x0A0A,0x0A0A,0x0A0A,0x0A0A,0x0A0A,0x1A1A,0x0A0A,0x0A0A,

	0x1A3B,0x0A3B,0x0A0A,0x0A0A,0x0A1A,0x0A0A,0x0A0A,0x0A46,
	0x0A0A,0x0A0A,0x460A,0x460A,0x320A,0x0A0A,0x0A0A,0x1846,
	0x0A32,0x0A0A,0x0A0A,0x1846,0x320A,0x0A0A,0x0A0A,0x461A,
	0x3232,0x0A0A,0x0A0A,0x0A0A,0x0A0A,0x0A0A,0x0A0A,0x0A0A,
	0x0A0A,0x0A0A,0x3B3B,0x0A0A,0x460A,0x460A,0x0A0A,0x0A0A,
	0x460A,0x4646,0x0A0A,0x0A0A,0x4646,0x1A1A,0x0A0A,0x0A0A,
	0x1846,0x0A0A,0x0A0A,0x0A0A,0x0A0A,0x0A0A,0x0A0A,0x0A0A,
	0x0A0A,0x0A0A,0x0A0A,0x0A0A,0x0A0A,0x0A0A,0x0A0A,0x0A0A,

	0x1A0A,0x0A0A,0x0A0A,0x0A0A,0x0A0A,0x0A0A,0x0A0A,0x0A0A,
	0x0A0A,0x0A0A,0x0A0A,0x0A0A,0x0A0A,0x460A,0x0A0A,0x0A0A,
	0x0A0A,0x0A0A,0x0A0A,0x0A0A,0x0A0A,0x1846,0x4618,0x4618,
	0x0A0A,0x460A,0x4646,0x1846,0x0A0A,0x460A,0x4646,0x1A46,
	0x0A0A,0x0A0A,0x0A0A,0x0A0A,0x0A0A,0x0A0A,0x0A0A,0x0A0A,
	0x0A0A,0x0A0A,0x0A0A,0x0A0A,0x0A0A,0x0A0A,0x0A0A,0x0A0A,
	0x0A0A,0x0A0A,0x3232,0x3232,0x0A0A,0x0A0A,0x0A0A,0x0A0A,
	0x0A0A,0x0A0A,0x0A0A,0x320A,0x0A0A,0x0A0A,0x0A0A,0x0A0A,

	0x0A0A,0x1818,0x0A0A,0x1A1A,0x0A0A,0x1A1A,0x0A0A,0x0A0A,
	0x0A0A,0x1A1A,0x0A0A,0x0A0A,0x0A0A,0x0A0A,0x1A1A,0x0A0A,
	0x0A0A,0x0A0A,0x0A0A,0x0A0A,0x0A0A,0x0A0A,0x0A0A,0x1A1A,
	0x0A0A,0x0A0A,0x0A0A,0x1A1A,0x0A0A,0x0A0A,0x0A0A,0x320A,
	0x1A1A,0x1A1A,0x0A0A,0x1A0A,0x1A1A,0x0A1A,0x1A0A,0x1A1A,
	0x1A1A,0x1A1A,0x0A0A,0x1A1A,0x1A0A,0x0A0A,0x1A0A,0x0A1A,
	0x0A0A,0x0A0A,0x0A0A,0x0A0A,0x0A0A,0x0A0A,0x0A0A,0x0A0A,
	0x0A0A,0x0A0A,0x0A0A,0x0A0A,0x320A,0x1A1A,0x0A0A,0x0A0A,

	0x1A1A,0x1A1A,0x1A1A,0x1A1A,0x1A1A,0x1A1A,0x1A1A,0x1A1A,
	0x1A1A,0x1A1A,0x1A1A,0x1A1A,0x1A0A,0x1A0A,0x0A1A,0x1A0A,
	0x0A0A,0x1A1A,0x0A1A,0x1A1A,0x0A0A,0x1A0A,0x1818,0x0A0A,
	0x0A0A,0x0A0A,0x0A18,0x1A0A,0x1A1A,0x0A18,0x1A1A,0x1A1A,
	0x1A1A,0x1A1A,0x1A1A,0x1A1A,0x1A1A,0x1A1A,0x1A1A,0x1A1A,
	0x1A1A,0x1A1A,0x1A1A,0x1A1A,0x1A1A,0x1A1A,0x1A1A,0x1A1A,
	0x1A1A,0x1A1A,0x1A1A,0x1A1A,0x1A1A,0x1A1A,0x1A1A,0x1A1A,
	0x1A1A,0x1A1A,0x1A1A,0x1A1A,0x1A1A,0x1A1A,0x1A1A,0x1A1A,

	0x1A1A,0x1A1A,0x1A1A,0x1A1A,0x1A1A,0x1A1A,0x1A1A,0x1A1A,
	0x1A1A,0x1A1A,0x1A1A,0x1A1A,0x1A1A,0x1A1A,0x1A1A,0x1A1A,
	0x1A1A,0x1A1A,0x1A1A,0x1A1A,0x1A1A,0x1A1A,0x1A1A,0x1A1A,
	0x1A1A,0x1A1A,0x1A1A,0x1A1A,0x1A1A,0x1A1A,0x1A1A,0x1A1A,
	0x1A1A,0x1A1A,0x1A1A,0x1A1A,0x1A1A,0x1A1A,0x1A1A,0x1A1A,
	0x1A1A,0x1A1A,0x1A1A,0x1A1A,0x1A1A,0x1A1A,0x1A1A,0x1A1A,
	0x1A1A,0x1A1A,0x1A1A,0x1A1A,0x1A1A,0x1A1A,0x1A1A,0x1A1A,
	0x1A1A,0x1A1A,0x1A1A,0x1A1A,0x1A1A,0x1A1A,0x1A1A,0x1A1A,

	0x1A1A,0x1A1A,0x1A1A,0x1A1A,0x1A1A,0x1A1A,0x1A1A,0x1A1A,
	0x1A1A,0x1A1A,0x1A1A,0x1A1A,0x1A1A,0x1A1A,0x1A1A,0x1A1A,
	0x1A1A,0x1A1A,0x1A1A,0x1A1A,0x1A1A,0x1A1A,0x1A1A,0x1A1A,
	0x1A1A,0x1A1A,0x1A1A,0x1A1A,0x1A1A,0x1A1A,0x1A1A,0x1A1A,
	0x1A1A,0x1A1A,0x1A1A,0x2E1A,0x1A1A,0x1A1A,0x1A1A,0x2E2E,
	0x1A1A,0x1A1A,0x1A1A,0x2727,0x1A1A,0x1A1A,0x271A,0x271A,
	0x1A1A,0x1A1A,0x271A,0x2727,0x1A1A,0x1A1A,0x2727,0x2727,
	0x1A1A,0x1A1A,0x2727,0x2727,0x1A1A,0xBD1A,0xBDBD,0xBDBD,

	0x9B9B,0x2727,0xBDBD,0x2727,0x2727,0x6262,0xBD62,0xBDBD,
	0x2727,0x6262,0x6262,0xBDBD,0x2727,0xBDBD,0xBDBD,0x62BD,
	0x2727,0xBDBD,0x2727,0x62BD,0x2727,0x2727,0xBDBD,0xBDBD,
	0x27BD,0x27BD,0xBDBD,0xBDBD,0x2727,0xBD27,0xBD27,0xBDBD,
	0x27BD,0xBDBD,0xBD27,0x6262,0x2727,0x6262,0xBDBD,0xBD62,
	0x6262,0x6262,0x2E62,0xBDBD,0xBDBD,0x6262,0x6262,0x2762,
	0x62BD,0x6262,0xBD62,0xBDBD,0xBD62,0xBD62,0x6262,0x6262,
	0x6262,0xBD62,0x6262,0x6262,0x62BD,0x6262,0xBDBD,0x6262,

	0xBDBD,0x2727,0x2727,0x2727,0xBDBD,0x2727,0x2727,0x2727,
	0xBD27,0x2727,0x2727,0x2727,0x2727,0x27BD,0x2727,0x2727,
	0x27BD,0x27BD,0x2727,0x2727,0xBDBD,0x2727,0x27BD,0x2727,
	0xBD62,0x27BD,0x27BD,0x2727,0xBDBD,0xBDBD,0xBD27,0x2727,
	0x2727,0x2727,0x2727,0x2727,0x2727,0x2727,0x27BD,0x2727,
	0x2727,0x2727,0x2727,0x2727,0x2727,0x2727,0x2727,0x2727,
	0x2727,0x2727,0x2727,0x2727,0x2727,0x2727,0x2727,0xBDBD,
	0x2727,0x2727,0x2727,0xBDBD,0x2727,0x2727,0xBDBD,0xBD27,

	0x2727,0xBDBD,0xBDBD,0x2727,0xBD27,0xBDBD,0x27BD,0xBDBD,
	0x27BD,0xBD27,0xBD62,0xBDBD,0x2727,0x27BD,0xBDBD,0x2727,
	0x2727,0x27BD,0xBDBD,0x2727,0xBDBD,0xBD27,0xBDBD,0xBDBD,
	0xBDBD,0xBDBD,0x27BD,0xBDBD,0xBD27,0x62BD,0xBDBD,0x2727,
	0x2727,0x2727,0x2727,0x2727,0xBDBD,0x2727,0x2727,0xBD27,
	0x2727,0x2727,0x2727,0xBDBD,0xBDBD,0xBDBD,0xBDBD,0x6227,
	0xBDBD,0xBDBD,0xBDBD,0x27BD,0x2727,0x27BD,0x27BD,0x2727,
	0xBDBD,0x2727,0x2727,0x2727,0xBDBD,0x2727,0x2727,0x2727,

	0xBDBD,0x62BD,0x6262,0x2E62,0xBDBD,0x6262,0x62BD,0x2E2E,
	0x6262,0x6262,0xBDBD,0x2E2E,0xBD27,0x6262,0x6262,0x6262,
	0x2727,0x6262,0x6262,0x6262,0x2727,0x2727,0xBDBD,0x6262,
	0x2727,0x2727,0x62BD,0x6262,0x2727,0x2727,0xBD27,0x2E62,
	0x0A2E,0x0A0A,0x0A0A,0x0A0A,0x2E2E,0x0A0A,0x0A0A,0x0A0A,
	0x2E2E,0x0A2E,0x0A0A,0x0A0A,0x2E2E,0x0A0A,0x0A0A,0x0A0A,
	0x2E2E,0x0A2E,0x0A0A,0x0A0A,0x2E2E,0x0A0A,0x0A0A,0x0A0A,
	0x2E2E,0x0A2E,0x0A0A,0x0A0A,0x2E2E,0x0A0A,0x0A0A,0x0A0A,

	0x1A0A,0x0A1A,0x1A1A,0x1A1A,0x0A0A,0x0A0A,0x1A1A,0x1A1A,
	0x0A0A,0x0A0A,0x1A1A,0x1A1A,0x0A0A,0x1A0A,0x1A1A,0x1A1A,
	0x0A1A,0x0A0A,0x1A1A,0x1A1A,0x1A1A,0x1A0A,0x1A1A,0x1A1A,
	0x0A0A,0x1A0A,0x1A1A,0x1A1A,0x0A0A,0x0A0A,0x1A1A,0x1A1A,
	0x1A1A,0x1A1A,0x1A1A,0x1A1A,0x1A1A,0x1A1A,0x1A1A,0x1A1A,
	0x1A1A,0x1A1A,0x1A1A,0x1A1A,0x1A1A,0x1A1A,0x1A1A,0x1A1A,
	0x1A1A,0x1A1A,0x1A1A,0x1A1A,0x1A1A,0x1A1A,0x1A1A,0x1A1A,
	0x1A1A,0x1A1A,0x1A1A,0x1A1A,0x1A1A,0x1A1A,0x1A1A,0x1A1A,

	0x1A1A,0x1A1A,0x1A1A,0x1A1A,0x1A1A,0x1A1A,0x1A1A,0x1A1A,
	0x1A1A,0x1A1A,0x1A1A,0x1A1A,0x1A1A,0x1A1A,0x1A1A,0x1A1A,
	0x1A1A,0x1A1A,0x1A1A,0x1A1A,0x1A1A,0x1A1A,0x1A1A,0x1A1A,
	0x1A1A,0x1A1A,0x1A1A,0x1A1A,0x1A1A,0x1A1A,0x0A1A,0x1A1A,
	0x1A1A,0x1A1A,0x1A1A,0x1A1A,0x1A1A,0x1A1A,0x1A1A,0x1A1A,
	0x1A1A,0x1A1A,0x1A1A,0x1A1A,0x1A1A,0x1A1A,0x1A1A,0x1A1A,
	0x1A1A,0x1A1A,0x1A1A,0x1A1A,0x1A1A,0x1A1A,0x0A1A,0x1A1A,
	0x1A1A,0x1A1A,0x0A1A,0x1A1A,0x1A1A,0x691A,0x0A0A,0x0A0A,

	0x1A1A,0x1A1A,0x1A1A,0x1A1A,0x1A1A,0x1A1A,0x1A1A,0x1A1A,
	0x1A1A,0x1A1A,0x1A0A,0x1A0A,0x1A1A,0x1A1A,0x0A1A,0x1A1A,
	0x1A1A,0x1A1A,0x0A1A,0x1A0A,0x1A1A,0x0A1A,0x0A0A,0x0A0A,
	0x0A1A,0x0A1A,0x0A0A,0x0A0A,0x1A0A,0x0A0A,0x0A0A,0x0A0A,
	0x1A1A,0x1A1A,0x1A1A,0x1A1A,0x1A1A,0x1A1A,0x1A1A,0x1A1A,
	0x1A1A,0x1A1A,0x1A1A,0x1A1A,0x1A1A,0x1A1A,0x1A1A,0x1A1A,
	0x1A1A,0x1A1A,0x1A1A,0x1A1A,0x1A1A,0x0A0A,0x1A0A,0x1A1A,
	0x0A0A,0x0A0A,0x1A1A,0x1A1A,0x1A0A,0x0A1A,0x1A1A,0x1A1A,

	0x1A1A,0x1A1A,0x1A1A,0x1A1A,0x1A1A,0x1A1A,0x1A1A,0x1A1A,
	0x1A1A,0x1A1A,0x1A1A,0x1A1A,0x1A1A,0x1A1A,0x1A1A,0x1A1A,
	0x1A1A,0x1A1A,0x1A1A,0x1A1A,0x1A1A,0x1A1A,0x1A1A,0x1A1A,
	0x1A1A,0x1A1A,0x1A1A,0x1A1A,0x1A1A,0x1A1A,0x1A1A,0x1A1A,
	0x1A1A,0x1A1A,0x1A1A,0x1A1A,0x1A1A,0x1A1A,0x1A1A,0x1A1A,
	0x1A1A,0x1A1A,0x1A1A,0x1A1A,0x1A1A,0x1A1A,0x1A1A,0x1A1A,
	0x1A1A,0x1A1A,0x1A1A,0x1A1A,0x1A1A,0x1A1A,0x1A1A,0x1A1A,
	0x1A1A,0x1A1A,0x1A1A,0x1A1A,0x1A1A,0x1A1A,0x1A1A,0x1A1A,

	0x1A1A,0x1A1A,0x1A1A,0x0A1A,0x1A1A,0x0A0A,0x0A1A,0x1A1A,
	0x1A1A,0x0A1A,0x0A1A,0x1A1A,0x1A1A,0x1A1A,0x1A1A,0x1A1A,
	0x1A1A,0x1A1A,0x1A1A,0x1A1A,0x1A1A,0x1A1A,0x1A1A,0x1A1A,
	0x1A1A,0x1A1A,0x1A1A,0x1A1A,0x1A1A,0x1A1A,0x1A1A,0x1A1A,
	0x0A1A,0x1A0A,0x0A1A,0x1A1A,0x1A1A,0x1A1A,0x1A1A,0x1A1A,
	0x1A1A,0x1A1A,0x1A1A,0x1A1A,0x1A1A,0x1A1A,0x1A1A,0x1A1A,
	0x1A1A,0x1A1A,0x1A1A,0x1A1A,0x1A1A,0x1A1A,0x1A1A,0x1A0A,
	0x1A1A,0x1A1A,0x1A0A,0x1A1A,0x1A1A,0x1A1A,0x1A1A,0x1A1A,

	0x1A1A,0x1A1A,0x1A1A,0x1A1A,0x1A1A,0x1A1A,0x1A1A,0x1A1A,
	0x1A1A,0x1A1A,0x1A1A,0x1A1A,0x1A1A,0x1A1A,0x1A1A,0x0D0D,
	0x1A1A,0x1A1A,0x1A1A,0x0D0D,0x1A1A,0x1A1A,0x1A1A,0x1A1A,
	0x1A1A,0x1A1A,0x1A1A,0x1A1A,0x1A1A,0x1A1A,0x1A1A,0x1A1A,
	0x1A1A,0x1A1A,0x1A1A,0x1A1A,0x1A1A,0x1A1A,0x1A1A,0x1A1A,
	0x0D1A,0x1A1A,0x1A1A,0x1A1A,0x190D,0x1A1A,0x1A1A,0x1A1A,
	0x1A1A,0x1A1A,0x1A1A,0x1A1A,0x1A1A,0x1A1A,0x1A1A,0x1A1A,
	0x1A1A,0x1A1A,0x1A1A,0x1A1A,0x1A1A,0x1A1A,0x2828,0x2828,

	0x1A1A,0x1A1A,0x281A,0x1A1A,0x1A1A,0x1A1A,0x1A1A,0x1A34,
	0x1A1A,0x1A1A,0x1A1A,0x2834,0x1A1A,0x1A1A,0x1A1A,0x1A1A,
	0x1A1A,0x1A1A,0x1A1A,0x1A1A,0x1A1A,0x1A1A,0x1A1A,0x1A0E,
	0x1A1A,0x1A1A,0x1A1A,0x0E1A,0x1A1A,0x1A1A,0x0E0E,0x0E1A,
	0x1A1A,0x1A1A,0x1A1A,0x1A1A,0x1A1A,0x1A1A,0x1A1A,0x1A1A,
	0x1A1A,0x1A1A,0x1A1A,0x1A0D,0x2828,0x1A1A,0x0E0D,0x1919,
	0x2828,0x1A1A,0x0E0D,0x1A1A,0x0E1A,0x1A34,0x1A1A,0x0E0E,
	0x1A1A,0x1A34,0x0E1A,0x1A0E,0x1A1A,0x1A34,0x0E0E,0x1A1A,

	0x1A1A,0x1A1A,0x1A1A,0x1A1A,0x1A1A,0x1A1A,0x1A1A,0x1A1A,
	0x1A1A,0x1A1A,0x1A1A,0x281A,0x1A1A,0x1A1A,0x1A1A,0x1A28,
	0x0E0E,0x1A1A,0x341A,0x1A1A,0x1A1A,0x1A1A,0x3434,0x1A1A,
	0x1A1A,0x1A1A,0x3428,0x1A1A,0x281A,0x2828,0x2828,0x2828,
	0x1A1A,0x1A1A,0x1A1A,0x1A1A,0x1A1A,0x1A1A,0x1A1A,0x1A1A,
	0x1A34,0x1A1A,0x1A1A,0x1A1A,0x1A1A,0x1A1A,0x1A1A,0x1A1A,
	0x1A1A,0x1A1A,0x1A1A,0x281A,0x1A1A,0x1A1A,0x1A1A,0x1A28,
	0x1A1A,0x1A1A,0x1A1A,0x1A28,0x2828,0x1A1A,0x341A,0x1A1A,

	0x4B4B,0x4B4B,0x4B4B,0x4B4B,0x4B4B,0x4B4B,0x4B4B,0x4B4B,
	0x4B4B,0x4B4B,0x4B4B,0x4B4B,0x4B4B,0x4B4B,0x4B4B,0x4B4B,
	0x4B4B,0x4B4B,0x4B4B,0x4B4B,0x4B4B,0x4B4B,0x4B4B,0x4B4B,
	0x4B4B,0x4B4B,0x4B4B,0x4B4B,0x4B4B,0x4B4B,0x4B4B,0x4B4B,
	0x0A4B,0x0A0A,0x0A0A,0x0A0A,0x0A4B,0x0A0A,0x0A0A,0x0A0A,
	0x0A4B,0x0A0A,0x0A0A,0x0A32,0x0A4B,0x0A32,0x0A0A,0x3E32,
	0x0A4B,0x0A32,0x0A32,0x3E0A,0x0A4B,0x320A,0x0A32,0x3E0A,
	0x0A4B,0x320A,0x0A0A,0x3E0A,0x0A4B,0x0A0A,0x0A0A,0x3E0A,

	0x0A0A,0x3E3E,0x3E3E,0xC83E,0x3E3E,0xB1B1,0x3E3E,0x3E3E,
	0x3E3E,0xB13E,0xC83E,0x3E3E,0x3E3E,0xC8C8,0xC8C8,0xC83E,
	0x3E3E,0xC8C8,0xC8C8,0xC83E,0x3E3E,0x3E3E,0x3EC8,0xB1B1,
	0x3E3E,0x3E3E,0x3E3E,0xB1B1,0xC8C8,0x3E3E,0xC83E,0x3E3E,
	0x3E3E,0x3E3E,0x3E3E,0x0A0A,0x3EC8,0xB1C8,0xB1B1,0x0A0A,
	0x3EC8,0xB1C8,0x3E3E,0x0A0A,0xC83E,0x3EC8,0x3E3E,0x323E,
	0xC8C8,0x3E3E,0x3E3E,0x32C8,0x3E3E,0x3E3E,0x3E3E,0x0A3E,
	0x3E3E,0x3E3E,0x3E3E,0x0AC8,0x3EB1,0x3E3E,0xC8C8,0x3E3E,

	0x0A0A,0x0A0A,0x0A0A,0x0A0A,0x0A0A,0x0A0A,0x0A0A,0x0A0A,
	0x0A0A,0x320A,0x0A0A,0x0A0A,0x0A32,0x3232,0x0A0A,0x0A0A,
	0x320A,0x0A32,0x0A0A,0x0A0A,0x320A,0x0A0A,0x0A0A,0x0A0A,
	0x0A0A,0x0A0A,0x0A0A,0x0A0A,0x3E3E,0x0A0A,0x0A0A,0x0A0A,
	0x0A0A,0x0A0A,0x0A0A,0x0A0A,0x0A0A,0x0A0A,0x3B3B,0x0A0A,
	0x0A0A,0x0A0A,0x3B0A,0x0A3B,0x0A0A,0x0A0A,0x0A0A,0x0A0A,
	0x0A0A,0x0A0A,0x0A0A,0x0A0A,0x0A0A,0x0A0A,0x0A0A,0x0A0A,
	0x0A0A,0x0A0A,0x0A0A,0x0A0A,0x500A,0x5050,0x5050,0x5050,

	0x0A0A,0xB2B2,0xB2B2,0xB2B2,0x3B3B,0x0A0A,0xB2B2,0xB2B2,
	0x1A3B,0x0A0A,0xB2B2,0xB2B2,0x0A3B,0xB2B2,0xB2B2,0x1414,
	0x3B3B,0xB2B2,0xB2B2,0xB2B2,0x3B1A,0xB20A,0xB2B2,0x14B2,
	0x0A0A,0xB20A,0xB2B2,0xB2B2,0x0A0A,0xB2B2,0xB2B2,0xB2B2,
	0x1414,0xB214,0xB2B2,0x1414,0x7676,0x7614,0x1476,0x7646,
	0x7614,0x7676,0x7676,0x7676,0xB2B2,0x1414,0x7676,0x1414,
	0xB214,0x1414,0x1414,0xB2B2,0xB2B2,0xB2B2,0x1414,0x1414,
	0x1414,0x14B2,0x1414,0x14B2,0xB2B2,0xB2B2,0x14B2,0xB2B2,

	0x140E,0x0A0A,0x3434,0x3434,0xB2B2,0xB2B2,0xB2B2,0x2828,
	0xB2B2,0xB2B2,0x14B2,0xB2B2,0xB2B2,0xB2B2,0xB214,0x14B2,
	0xB2B2,0x1414,0xB2B2,0x1414,0xB2B2,0x14B2,0xB2B2,0xB2B2,
	0xB2B2,0xB2B2,0xB2B2,0xB2B2,0xB2B2,0xB2B2,0xB2B2,0xB2B2,
	0x0E34,0x2828,0x2828,0x2828,0x3434,0x2828,0x2828,0x2828,
	0x3434,0x2828,0x2828,0x2828,0x3434,0x2828,0x2828,0x3434,
	0x2834,0x2828,0x3434,0x3434,0x2828,0x2828,0x2828,0x2828,
	0x2828,0x2828,0x2828,0x2828,0x340E,0x2828,0x3434,0xB234,

	0x1A1A,0x3232,0x1A1A,0x1A1A,0x0A0A,0x320A,0x1A1A,0x1A1A,
	0x0A0A,0x0A0A,0x1A1A,0x1A1A,0x0A0A,0x0A0A,0x0A0A,0x0A1A,
	0x0A0A,0x0A0A,0x0A0A,0x0A1A,0x0A1A,0x0A0A,0x0A0A,0x0A0A,
	0x0A1A,0x0A0A,0x0A0A,0x0A0A,0x1A1A,0x1A1A,0x1A0A,0x1A1A,
	0x1A1A,0x1A1A,0x1A1A,0x1A1A,0x1A1A,0x1A1A,0x1A1A,0x1A1A,
	0x1A1A,0x1A1A,0x1A1A,0x1A1A,0x1A1A,0x1A1A,0x1A1A,0x1A1A,
	0x1A0A,0x1A1A,0x1A1A,0x1A0A,0x0A0A,0x0A0A,0x1A1A,0x1A1A,
	0x1A0A,0x0A1A,0x1A1A,0x1A1A,0x1A0A,0x1A1A,0x1A1A,0x1A1A,

	0x1A1A,0x1A1A,0x1A1A,0x1A1A,0x1A1A,0x1A1A,0x1A1A,0x1A1A,
	0x1A1A,0x1A1A,0x1A1A,0x211A,0x1A1A,0x1A1A,0x1A1A,0x211A,
	0x1A1A,0x1A1A,0x1A1A,0x211A,0x1A1A,0x1A1A,0x1A1A,0x211A,
	0x1A1A,0x1A1A,0x1A1A,0x211A,0x1A1A,0x1A1A,0x1A1A,0xA91A,
	0x2121,0x21B7,0x7E7E,0x7E7E,0x2121,0x21B7,0x7E7E,0xB7B7,
	0x2121,0x21B7,0x487E,0x7E7E,0x2121,0x2121,0x487E,0x7E7E,
	0x2121,0x7E21,0x487E,0x7E7E,0x2121,0x7E21,0x7E48,0x7E7E,
	0x2121,0x7E21,0x7E48,0x487E,0xB721,0x7E7E,0x7E48,0xB77E,

	0x7E7E,0xB7B7,0x7EB7,0x487E,0x7E7E,0x7E7E,0x7E7E,0x7E48,
	0x7E7E,0xB77E,0xB7B7,0x7E48,0xB7B7,0x7E7E,0x7E7E,0x7E7E,
	0x7EB7,0x7E7E,0x7E7E,0x7E7E,0xB7B7,0x7E7E,0x487E,0xA27E,
	0x7E7E,0x7E48,0x487E,0xA27E,0xB7B7,0xB7B7,0x48B7,0xA27E,
	0xA2B4,0x8585,0x1A1A,0x1A1A,0x85A2,0xAEAE,0xAEAE,0x1AAE,
	0x85A2,0xAEAE,0xAEAE,0xAEAE,0xAE85,0xAEAE,0xAEAE,0x7C33,
	0xAE85,0xAEAE,0xAEAE,0x7C33,0x8585,0xAEA2,0x33AE,0x7C7C,
	0x8585,0xA285,0xAEAE,0x7C7C,0x8585,0x8585,0x7CA2,0x7C7C,

	0x1A1A,0x1A1A,0x1A1A,0x1A1A,0x1A1A,0x1A1A,0x1A1A,0x1A1A,
	0x1A1A,0x1A1A,0x1A1A,0x1A1A,0x1A1A,0x0A0A,0x0A0A,0x1A1A,
	0x1A1A,0x0A0A,0x0A0A,0x1A1A,0x0A1A,0x0A0A,0x0A0A,0x1A0A,
	0x0A1A,0x1A1A,0x0A0A,0x0A0A,0x1A1A,0x1A1A,0x1A1A,0x0A1A,
	0x1A1A,0x1A0A,0x0A0A,0x0A0A,0x0A0A,0x0A0A,0x0A0A,0x0A0A,
	0x0A1A,0x0A0A,0x0A0A,0x0A0A,0x1A1A,0x0A0A,0x0A0A,0x0A0A,
	0x1A1A,0x0A0A,0x0A0A,0x0A0A,0x0A0A,0x0A0A,0x0A0A,0x0A0A,
	0x0A0A,0x0A0A,0x0A0A,0x0A0A,0x0A0A,0x0A0A,0x0A0A,0x0A0A,

	0x0A0A,0x0A0A,0x0A0A,0x1A0A,0x0A0A,0x0A0A,0x1A0A,0x1A1A,
	0x0A0A,0x0A0A,0x1A0A,0x1A1A,0x0A0A,0x0A0A,0x0A0A,0x1A1A,
	0x0A0A,0x0A0A,0x1A1A,0x1A1A,0x0A0A,0x0A0A,0x0A0A,0x0A1A,
	0x0A0A,0x0A0A,0x0A0A,0x0A1A,0x0A0A,0x0A0A,0x0A0A,0x0A0A,
	0x1A0A,0x1A0A,0x1A1A,0x1A1A,0x0A1A,0x1A1A,0x1A1A,0x1A1A,
	0x1A1A,0x1A1A,0x1A1A,0x1A1A,0x1A0A,0x1A0A,0x1A0A,0x1A0A,
	0x0A1A,0x1A0A,0x0A0A,0x1A1A,0x321A,0x0A0A,0x1A0A,0x1A0A,
	0x0A0A,0x0A1A,0x1A32,0x1A1A,0x1A1A,0x1A1A,0x1A1A,0x1A1A,

	0x1A1A,0x1A1A,0x1A1A,0x1A1A,0x1A1A,0x1A1A,0x1A1A,0x1A1A,
	0x1A1A,0x1A1A,0x1A1A,0x1A1A,0x1A1A,0x1A1A,0x1A1A,0x1A1A,
	0x1A1A,0x1A1A,0x1A1A,0x1A1A,0x1A1A,0x1A1A,0x1A1A,0x1A1A,
	0x1A1A,0x1A1A,0x1A1A,0x1A1A,0x1A1A,0x1A1A,0x1A1A,0x1A1A,
	0x1A1A,0x1A1A,0x1A1A,0x0A1A,0x1A1A,0x1A1A,0x1A1A,0x1A1A,
	0x1A1A,0x1A1A,0x1A1A,0x1A1A,0x1A1A,0x1A1A,0x0A1A,0x1A1A,
	0x1A1A,0x1A1A,0x0A1A,0x1A1A,0x1A1A,0x1A1A,0x1A1A,0x1A1A,
	0x1A1A,0x1A1A,0x1A1A,0x1A1A,0x1A1A,0x1A1A,0x1A1A,0x1A1A,

	0x0A1A,0x0A0A,0x0A0A,0x0A0A,0x1A1A,0x1A0A,0x0A0A,0x0A0A,
	0x1A1A,0x1A1A,0x0A0A,0x0A0A,0x1A1A,0x1A1A,0x0A0A,0x0A0A,
	0x1A0A,0x0A1A,0x0A0A,0x0A0A,0x1A1A,0x0A0A,0x1A0A,0x1A0A,
	0x1A1A,0x0A0A,0x0A0A,0x1A1A,0x1A0A,0x0A0A,0x0A0A,0x0A0A,
	0x7C7C,0x8585,0x7E85,0xB748,0x7C7C,0x8585,0x8585,0x487E,
	0x7C0A,0x8585,0x8585,0x7E7E,0x7C0A,0x857C,0x8585,0x7E7E,
	0x7C0A,0x857C,0x8585,0x7E7E,0x7C1A,0x7C7C,0x8585,0x7E85,
	0x0A0A,0x7C7C,0x8585,0x7E85,0x0A0A,0x7C7C,0x8585,0x7E85,

	0xB7B7,0xB7B7,0xB7B7,0xB7B7,0xB7B7,0xB7B7,0xB7B7,0xB7B7,
	0xB7B7,0xB7B7,0xB7B7,0xB7B7,0xB7B7,0xB7B7,0xB7B7,0xB7B7,
	0xB7B7,0xB7B7,0xB7B7,0xB7B7,0xB748,0xB7B7,0xB7B7,0xB7B7,
	0xB748,0xB7B7,0xB7B7,0xB7B7,0x487E,0xB7B7,0x48B7,0xB7B7,
	0x7E7E,0xB7A9,0x0AA9,0x0A0A,0x7E7E,0xB7A9,0x0AA9,0x0A0A,
	0x7E48,0xB7A9,0x0AA9,0x0A0A,0x7E48,0xA9A9,0xA9A9,0x0A0A,
	0x7E48,0xA97E,0xA9A9,0x0A0A,0x78B7,0xA97E,0xA9A9,0x0A0A,
	0x78B7,0xA97E,0xA9A9,0x0A0A,0xB7B7,0x7E7E,0xA9A9,0x0A0A,

	0x0A0A,0x3232,0x0A32,0x0A32,0x0A0A,0x320A,0x0A0A,0x0A0A,
	0x0A0A,0x0A0A,0x0A0A,0x0A0A,0x0A0A,0x0A0A,0x0A0A,0x0A0A,
	0x0A0A,0x0A0A,0x0A0A,0x0A0A,0x0A0A,0x0A0A,0x0A0A,0x0A0A,
	0x0A0A,0x0A0A,0x0A0A,0x0A0A,0x0A0A,0x0A0A,0x0A0A,0x0A0A,
	0x1A1A,0x1A0A,0x0A0A,0x0A0A,0x0A1A,0x0A1A,0x0A0A,0x0A0A,
	0x0A0A,0x0A0A,0x0A0A,0x0A0A,0x0A0A,0x0A0A,0x0A0A,0x0A0A,
	0x0A0A,0x0A0A,0x0A0A,0x0A0A,0x0A0A,0x1A1A,0x0A1A,0x460A,
	0x0A0A,0x1A1A,0x0A1A,0x0A46,0x460A,0x1846,0x1A46,0x1A0A,

	0x0A0A,0x0A0A,0x0A0A,0x0A0A,0x0A0A,0x0A0A,0x0A0A,0x0A0A,
	0x0A0A,0x0A0A,0x0A0A,0x0A0A,0x0A0A,0x0A0A,0x0A0A,0x1818,
	0x0A0A,0x0A0A,0x0A0A,0x180A,0x1A1A,0x1A1A,0x0A0A,0x0A1A,
	0x1A1A,0x1A1A,0x1A0A,0x0A1A,0x1A1A,0x1A1A,0x1A1A,0x1A1A,
	0x0A0A,0x0A0A,0x0A0A,0x0A0A,0x0A0A,0x0A0A,0x0A0A,0x0A0A,
	0x0A0A,0x0A0A,0x0A0A,0x0A0A,0x0A0A,0x0A0A,0x0A1A,0x0A0A,
	0x0A0A,0x1A1A,0x1A1A,0x0A0A,0x180A,0x0A1A,0x0A0A,0x0A0A,
	0x1A0A,0x0A0A,0x0A0A,0x0A0A,0x1A1A,0x0A1A,0x1A0A,0x0A1A,

	0x0A0A,0x180A,0x0A18,0x1A46,0x0A0A,0x0A0A,0x0A0A,0x0A0A,
	0x0A0A,0x0A0A,0x0A0A,0x0A0A,0x0A0A,0x0A0A,0x0A0A,0x0A0A,
	0x0A0A,0x0A0A,0x0A0A,0x0A0A,0x0A0A,0x0A0A,0x0A0A,0x690A,
	0x1A0A,0x0A0A,0x0A0A,0x1A0A,0x0A0A,0x0A0A,0x0A0A,0x0A0A,
	0x0A0A,0x0A0A,0x0A0A,0x0A0A,0x0A0A,0x0A0A,0x0A0A,0x0A0A,
	0x0A0A,0x0A0A,0x0A0A,0x0A0A,0x0A0A,0x0A0A,0x0A0A,0x0A0A,
	0x0A0A,0x0A0A,0x0A0A,0x0A0A,0x0A0A,0x0A0A,0x0A0A,0x0A0A,
	0x0A0A,0x0A0A,0x0A0A,0x0A0A,0x0A0A,0x0A0A,0x0A0A,0x0A0A,

	0x0A0A,0x0A0A,0x0A0A,0x0A0A,0x0A0A,0x0A0A,0x0A0A,0x0A0A,
	0x0A0A,0x0A0A,0x0A0A,0x0A0A,0x0A0A,0x0A0A,0x0A0A,0x0A0A,
	0x0A0A,0x0A0A,0x0A0A,0x0A0A,0x0A0A,0x0A0A,0x0A0A,0x0A1A,
	0x0A0A,0x1A0A,0x3232,0x321A,0x0A0A,0x0A0A,0x0A0A,0x0A0A,
	0x0A0A,0x1A0A,0x0A0A,0x0A0A,0x0A32,0x0A0A,0x0A0A,0x0A0A,
	0x0A32,0x0A0A,0x0A0A,0x0A0A,0x0A0A,0x0A0A,0x0A0A,0x0A0A,
	0x0A0A,0x0A0A,0x0A0A,0x0A0A,0x1A1A,0x0A0A,0x0A0A,0x0A0A,
	0x1A1A,0x0A0A,0x0A0A,0x0A0A,0x0A0A,0x0A1A,0x1A1A,0x0A0A,

	0x1A1A,0x0A18,0x1A1A,0x1A1A,0x0A0A,0x0A0A,0x1A1A,0x1A1A,
	0x0A0A,0x0A0A,0x1A1A,0x1A1A,0x0A0A,0x0A0A,0x0A0A,0x1A1A,
	0x0A0A,0x0A0A,0x0A0A,0x1A1A,0x1A0A,0x0A0A,0x1A1A,0x461A,
	0x1A1A,0x1A0A,0x1A1A,0x461A,0x1A1A,0x1A1A,0x0A1A,0x0A1A,
	0x1A1A,0x1A1A,0x1A1A,0x1A1A,0x1A1A,0x1A1A,0x1A1A,0x1A1A,
	0x1A1A,0x1A1A,0x1A1A,0x1A1A,0x1A1A,0x1A1A,0x1A1A,0x1A1A,
	0x1A1A,0x1A1A,0x1A1A,0x1A1A,0x461A,0x0A0A,0x1A1A,0x1A1A,
	0x461A,0x1A1A,0x1A1A,0x1A1A,0x4618,0x1A18,0x1A1A,0x1A1A,

	0x1A1A,0x1A1A,0x1A1A,0x1A1A,0x1A1A,0x1A1A,0x1A1A,0x1A1A,
	0x1A1A,0x1A1A,0x1A1A,0x1A1A,0x1A1A,0x1A1A,0x1A1A,0x1A1A,
	0x1A1A,0x1A1A,0x1A1A,0x1A1A,0x1A1A,0x1A1A,0x1A1A,0x1A1A,
	0x1A1A,0x1A1A,0x1A1A,0x1A1A,0x1A1A,0x1A1A,0x1A1A,0x1A1A,
	0x1A1A,0x1A1A,0x1A1A,0x1A1A,0x1A1A,0x1A1A,0x1A1A,0x1A1A,
	0x1A1A,0x1A1A,0x1A1A,0x1A1A,0x1A1A,0x1A1A,0x1A1A,0x1A1A,
	0x1A1A,0x1A1A,0x1A1A,0x1A1A,0x1A1A,0x1A1A,0x1A1A,0x1A1A,
	0x1A1A,0x1A1A,0x1A1A,0x1A1A,0x1A1A,0x1A1A,0x1A1A,0x1A1A,

	0x1A1A,0x1A1A,0x1A1A,0x1A1A,0x1A1A,0x1A1A,0x1A1A,0x1A1A,
	0x1A1A,0x1A1A,0x1A1A,0x1A1A,0x1A1A,0x1A1A,0x1A1A,0x1A1A,
	0x1A1A,0x1A1A,0x1A1A,0x1A1A,0x1A1A,0x1A1A,0x1A1A,0x1A1A,
	0x1A1A,0x1A1A,0x1A1A,0x1A1A,0x1A1A,0x1A1A,0x1A1A,0x1A1A,
	0x1A1A,0xBD1A,0xBDBD,0x27BD,0x1A1A,0x1A1A,0xBD62,0xBDBD,
	0x1A1A,0x1A1A,0xBDBD,0xBDBD,0x1A1A,0x1A1A,0x629B,0x6262,
	0x1A1A,0x9B1A,0x9B9B,0x6262,0x1A1A,0x9B9B,0x2E2E,0x9B62,
	0x1A1A,0x2E9B,0x2E2E,0x9B62,0x9B1A,0x9B9B,0x2E2E,0x2E2E,

	0xBDBD,0xBDBD,0xBDBD,0x62BD,0xBDBD,0xBDBD,0xBDBD,0xBDBD,
	0xBDBD,0xBDBD,0xBDBD,0xBDBD,0x6262,0xBDBD,0xBD62,0x6262,
	0x6262,0x6262,0xBD62,0xBDBD,0x6262,0x6262,0x6262,0x6262,
	0x6262,0x6262,0x6262,0xBD62,0x2727,0x2762,0xBD27,0x2727,
	0xBDBD,0x6262,0x6262,0x6262,0x6262,0xBD62,0x6262,0xBD62,
	0x6262,0xBD62,0x2E62,0xBD62,0x62BD,0xBDBD,0x2E2E,0x62BD,
	0xBD62,0x6262,0x2E2E,0x6262,0x6262,0x6262,0x6262,0x6262,
	0x6262,0x6262,0x6262,0x62BD,0xBDBD,0xBDBD,0x6262,0x6262,

	0xBDBD,0xBDBD,0x2727,0x2727,0xBDBD,0xBDBD,0x2727,0x2727,
	0xBDBD,0x2727,0x2727,0x2727,0x2762,0xBD62,0x2727,0x2727,
	0x6262,0xBDBD,0x27BD,0x27BD,0x622E,0x6262,0xBDBD,0x2727,
	0x2E62,0x6262,0xBDBD,0x27BD,0x62BD,0x622E,0x2E62,0x6262,
	0x2727,0x2727,0x2727,0xBDBD,0x2727,0x2727,0x2727,0x2727,
	0x2727,0x2727,0x2727,0x2727,0x2727,0x2727,0xBD27,0xBD27,
	0x2727,0x2727,0x27BD,0xBDBD,0x2727,0x2727,0x6262,0x62BD,
	0x2727,0xBD27,0x6262,0x6262,0x6227,0x6262,0xBD62,0x2E62,

	0xBDBD,0xBDBD,0xBD62,0xBDBD,0xBD27,0xBDBD,0xBDBD,0x27BD,
	0xBDBD,0x62BD,0xBDBD,0x27BD,0x6227,0x6262,0xBDBD,0xBD27,
	0x62BD,0x6262,0xBDBD,0x27BD,0x62BD,0x6262,0xBD62,0xBDBD,
	0x2E2E,0xBD62,0x2727,0xBDBD,0x6262,0x6262,0x27BD,0xBDBD,
	0xBDBD,0x2727,0x2727,0x2727,0x2727,0x27BD,0x2727,0x2727,
	0x2727,0x2727,0x2727,0x2727,0x2727,0x2727,0x2727,0x2727,
	0x2727,0x2727,0x2727,0x2727,0x2727,0x2727,0x2727,0x2727,
	0x2727,0xBDBD,0x2727,0x2727,0xBDBD,0xBD27,0x2727,0x2727,

	0x2727,0x2727,0x2727,0x6262,0x2727,0x2727,0x6227,0x2E62,
	0x2727,0x2727,0x2727,0x2E2E,0x2727,0x2727,0x2E27,0x2E2E,
	0xBD27,0x2727,0x2E2E,0x2E2E,0x27BD,0x2727,0x2E2E,0x9B9B,
	0x6227,0x2727,0x6262,0x9B9B,0x2727,0x6262,0x6262,0x9B9B,
	0x2E2E,0x0A9B,0x0A0A,0x0A0A,0x9B2E,0x2E2E,0x0A0A,0x0A0A,
	0x2E2E,0x9B9B,0x0A0A,0x0A0A,0x9B9B,0x469B,0x0A0A,0x0A0A,
	0x9B2E,0x9B9B,0x0A0A,0x0A0A,0x9B9B,0x9B9B,0x0A46,0x0A46,
	0x9B9B,0x9B9B,0x461A,0x0A46,0x9B9B,0x9B9B,0x1A1A,0x4618,

	0x0A0A,0x0A1A,0x0A1A,0x1A1A,0x1A1A,0x1A1A,0x1A0A,0x1A1A,
	0x1A1A,0x1A1A,0x1A1A,0x1A1A,0x1A1A,0x1A1A,0x1A1A,0x1A1A,
	0x1A1A,0x0A1A,0x1A0A,0x1A1A,0x0A1A,0x1A46,0x1A1A,0x1A0A,
	0x0A46,0x0A46,0x1A0A,0x1A1A,0x1A46,0x0A1A,0x1A1A,0x1A1A,
	0x1A1A,0x1A1A,0x1A1A,0x1A1A,0x1A1A,0x1A1A,0x1A1A,0x1A1A,
	0x1A1A,0x1A1A,0x1A1A,0x1A1A,0x1A1A,0x1A1A,0x1A1A,0x1A1A,
	0x1A1A,0x1A1A,0x1A1A,0x1A1A,0x0A1A,0x1A1A,0x1A1A,0x1A1A,
	0x1A1A,0x1A1A,0x1A1A,0x1A1A,0x1A1A,0x1A1A,0x1A1A,0x1A1A,

	0x1A1A,0x1A1A,0x181A,0x1A1A,0x1A1A,0x1A1A,0x1A1A,0x1A1A,
	0x1A1A,0x1A1A,0x1A1A,0x1A1A,0x1A1A,0x1A1A,0x1A1A,0x1A1A,
	0x1A1A,0x1A1A,0x1A1A,0x1A1A,0x1A1A,0x1A1A,0x1A1A,0x1A1A,
	0x1A1A,0x1A1A,0x1A1A,0x1A1A,0x1A1A,0x1A1A,0x1A1A,0x1A1A,
	0x1A1A,0x1A1A,0x0A1A,0x0A0A,0x1A1A,0x1A1A,0x1A1A,0x1A0A,
	0x1A1A,0x1A1A,0x1A1A,0x1A1A,0x1A1A,0x1A1A,0x1A1A,0x1A1A,
	0x1A1A,0x1A1A,0x1A1A,0x1A1A,0x1A1A,0x1A1A,0x1A1A,0x1A1A,
	0x1A1A,0x1A1A,0x1A1A,0x1A1A,0x1A1A,0x1A1A,0x1A1A,0x1A46,

	0x0A0A,0x1A0A,0x0A0A,0x0A0A,0x1A0A,0x0A0A,0x0A0A,0x0A0A,
	0x0A0A,0x0A0A,0x0A0A,0x0A0A,0x0A1A,0x1A0A,0x0A0A,0x0A0A,
	0x0A1A,0x1A0A,0x0A0A,0x0A0A,0x0A1A,0x0A0A,0x0A1A,0x0A0A,
	0x0A1A,0x0A0A,0x1A1A,0x1A0A,0x0A1A,0x0A1A,0x1A1A,0x1A1A,
	0x1A0A,0x1A1A,0x1A1A,0x1A1A,0x1A0A,0x1A1A,0x1A1A,0x1A1A,
	0x0A0A,0x1A1A,0x1A1A,0x1A1A,0x0A0A,0x1A0A,0x1A0A,0x1A1A,
	0x0A0A,0x1A0A,0x1A0A,0x0A1A,0x0A0A,0x0A0A,0x0A0A,0x0A0A,
	0x0A0A,0x0A3B,0x0A0A,0x0A1A,0x0A1A,0x3B1A,0x1A1A,0x1A1A,

	0x1A1A,0x1A1A,0x1A1A,0x1A1A,0x1A1A,0x1A1A,0x1A1A,0x1A1A,
	0x1A1A,0x1A1A,0x1A1A,0x1A1A,0x1A1A,0x1A0A,0x1A1A,0x1A1A,
	0x1A1A,0x1A1A,0x1A1A,0x1A1A,0x0A0A,0x1A1A,0x1A1A,0x1A1A,
	0x1A0A,0x1A1A,0x1A1A,0x1A1A,0x1A1A,0x1A1A,0x1A1A,0x1A1A,
	0x1A1A,0x1A1A,0x1A1A,0x1A1A,0x1A1A,0x1A1A,0x1A1A,0x1A1A,
	0x1A1A,0x1A1A,0x1A1A,0x1A1A,0x1A1A,0x1A1A,0x1A1A,0x1A1A,
	0x1A1A,0x1A1A,0x1A1A,0x1A1A,0x1A1A,0x1A1A,0x1A1A,0x1A1A,
	0x1A1A,0x1A1A,0x1A1A,0x1A1A,0x1A1A,0x1A1A,0x1A1A,0x1A1A,

	0x1A1A,0x1A1A,0x1A1A,0x1A1A,0x1A1A,0x1A1A,0x1A1A,0x1A1A,
	0x1A1A,0x1A1A,0x1A1A,0x1A1A,0x1A1A,0x1A1A,0x1A1A,0x1A1A,
	0x1A1A,0x1A1A,0x1A1A,0x1A1A,0x1A1A,0x1A1A,0x1A1A,0x1A1A,
	0x1A1A,0x1A1A,0x1A1A,0x1A1A,0x1A1A,0x1A1A,0x1A1A,0x1A1A,
	0x1A1A,0x1A1A,0x1A1A,0x1A1A,0x1A1A,0x1A1A,0x1A1A,0x1A1A,
	0x1A1A,0x1A1A,0x1A1A,0x1A1A,0x1A1A,0x1A1A,0x1A1A,0x1A1A,
	0x1A1A,0x1A1A,0x1A1A,0x1A1A,0x1A1A,0x1A1A,0x1A1A,0x1A1A,
	0x1A1A,0x1A1A,0x1A1A,0x1A1A,0x1A1A,0x1A1A,0x1A1A,0x1A1A,

	0x1A1A,0x1A1A,0x1A1A,0x1A1A,0x1A1A,0x1A1A,0x1A1A,0x1A1A,
	0x1A1A,0x1A1A,0x1A1A,0x1A1A,0x1A1A,0x1A1A,0x0D0D,0x1A1A,
	0x1A1A,0x1A1A,0x0D1A,0x1A1A,0x1A1A,0x1A1A,0x1A1A,0x0D1A,
	0x1A1A,0x1A1A,0x1A1A,0x0D1A,0x1A1A,0x1A1A,0x1A1A,0x1A1A,
	0x1A1A,0x1A1A,0x1A1A,0x281A,0x1A1A,0x1A1A,0x1A1A,0x1A1A,
	0x2828,0x1A34,0x1A1A,0x1A1A,0x1A1A,0x341A,0x1A1A,0x1A1A,
	0x1A1A,0x1A1A,0x2828,0x3428,0x1A1A,0x1A1A,0x1A1A,0x1A1A,
	0x1A19,0x1A1A,0x1A1A,0x1A1A,0x1A1A,0x1A1A,0x1A1A,0x1A1A,

	0x1A1A,0x1A1A,0x1A1A,0x0E0E,0x1A34,0x1A1A,0x1A1A,0x1A1A,
	0x1A34,0x1A1A,0x1A1A,0x1A1A,0x3434,0x1A1A,0x1A1A,0x1A1A,
	0x3434,0x0E34,0x1A1A,0x1A1A,0x1A1A,0x280E,0x2828,0x0E28,
	0x1A0D,0xC40D,0x28C4,0x2828,0x0D0D,0x1A1A,0x1A1A,0xC4C4,
	0x1A1A,0x1A34,0x1A0E,0x1A1A,0x1A0E,0x1A34,0x1A0E,0x2828,
	0x0E0E,0x3434,0x280E,0x2828,0x1A1A,0x3434,0x2834,0xC428,
	0x1A1A,0x3434,0x3434,0x1AC4,0x1A1A,0x3434,0x340E,0x1AC4,
	0xC40E,0x3434,0x3434,0x1AC4,0x2828,0x2828,0x3434,0x1A1A,

	0x2828,0x2828,0x2828,0x2828,0x0E34,0x1A1A,0x1A1A,0x1A1A,
	0x1AC4,0x1A1A,0x1A1A,0x1A1A,0x1A1A,0x1A1A,0x1A1A,0x1A1A,
	0x1A1A,0x1A1A,0x1A1A,0x1A1A,0x1A1A,0x1A1A,0x1A1A,0x1A1A,
	0x1A1A,0x1A1A,0x1A1A,0x1A1A,0x1A1A,0x1A34,0x1A1A,0x1A1A,
	0x2828,0x2828,0x3434,0x1A1A,0x1A1A,0x1A1A,0x1A1A,0x1A1A,
	0x1A1A,0x1A1A,0x1A1A,0x1A1A,0x1A1A,0x1A1A,0x1A1A,0x1A1A,
	0x1A1A,0x1A1A,0x1A1A,0x1A1A,0x1A1A,0x1A1A,0x1A1A,0x0A1A,
	0x1A1A,0x1A1A,0x1A1A,0x0A1A,0x1A1A,0x1A1A,0x1A1A,0x1A1A,

	0x4B4B,0x4B4B,0x4B4B,0x4B4B,0x4B4B,0x4B4B,0x4B4B,0x4B4B,
	0x4B4B,0x4B4B,0x4B4B,0x4B4B,0x4B4B,0x4B4B,0x4B4B,0x4B4B,
	0x4B4B,0x4B4B,0x4B4B,0x4B4B,0x4B4B,0x4B4B,0x4B4B,0x4B4B,
	0x4B4B,0x4B4B,0x4B4B,0x4B4B,0x4B4B,0x4B4B,0x4B4B,0x4B4B,
	0x0A4B,0x0A0A,0x0A0A,0x3E3E,0x0A4B,0x0A0A,0x0A0A,0xB10A,
	0x0A4B,0x0A0A,0x0A0A,0x0A0A,0x3B4B,0x0A0A,0x0A0A,0x3E3E,
	0x3B4B,0x0A0A,0x0A0A,0x3E3E,0x0A4B,0x1A0A,0x3E3E,0x3E3E,
	0x0A4B,0x1A0A,0x3E3E,0x3E3E,0x0A4B,0x0A0A,0x3E3E,0x3E3E,

	0xC8C8,0xC8C8,0xC8B1,0xC8B1,0x3E3E,0x3E3E,0xC8C8,0xB1B1,
	0xC8C8,0x3E3E,0x3E3E,0xB11D,0x3E3E,0xB1B1,0x3EC8,0x1D1D,
	0xC83E,0xB13E,0xC8B1,0x1DB1,0x3E3E,0xC83E,0x3E3E,0x84C8,
	0x3E3E,0x3E3E,0x3E3E,0xB1C8,0x3E3E,0xC8C8,0xC8C8,0xB1C8,
	0xC8B1,0x3E3E,0xB13E,0x3E3E,0xB1B1,0xC8C8,0x3EC8,0x3E3E,
	0x3EB1,0xC8C8,0x3EC8,0x3E3E,0xC8C8,0x1DB1,0xC8C8,0x3E3E,
	0x84B1,0x1DB1,0xC83E,0x3E3E,0x1D1D,0xC8B1,0xC8C8,0xC83E,
	0x1D1D,0xC8C8,0xC8C8,0x3E3E,0xB184,0x3EC8,0x1DB1,0xC83E,

	0x3E3E,0x0A0A,0x0A0A,0x0A0A,0x3E3E,0x0A0A,0x0A0A,0x770A,
	0x3E3E,0x0A0A,0x0A0A,0xA477,0xB13E,0x0A0A,0x0A0A,0xA477,
	0x3E3E,0x0A3E,0x0A0A,0xA40A,0x3EC8,0x0A0A,0x0A0A,0x0A0A,
	0x3EC8,0x0A0A,0x0A0A,0x0A0A,0x0AB1,0x0A0A,0x0A0A,0x0A0A,
	0x5050,0x5050,0x5050,0x5050,0x5050,0x5050,0x5050,0x5050,
	0x5050,0x5050,0x5050,0x5050,0x0606,0x5050,0x5050,0x0650,
	0x0606,0xB6B6,0xB6B6,0x0647,0x0A06,0x0AB6,0x0AB6,0x0647,
	0x0A0A,0x0A0A,0x0A0A,0x060A,0x0A0A,0x0A0A,0x0A0A,0x0A0A,

	0x0AB6,0x0A0A,0xB2B2,0x14B2,0x7750,0x0A0A,0x14B2,0xB2B2,
	0xA4A4,0x0A0A,0x800A,0xB2B2,0x0AA4,0x0A0A,0xB20A,0x80B2,
	0x0A06,0x0A0A,0x800A,0x80B2,0x0A0A,0x0A0A,0x0A0A,0x4380,
	0x0A0A,0x0A0A,0x0A0A,0x4380,0x0A0A,0x3131,0x0A0A,0x800A,
	0xB2B2,0x14B2,0x1414,0xB2B2,0xB2B2,0xB2B2,0x1414,0xB2B2,
	0xB2B2,0x14B2,0x80B2,0x14B2,0xB2B2,0xB2B2,0x1414,0x8080,
	0xB2B2,0xB2B2,0xB2B2,0x4343,0x8080,0x8080,0x800A,0x8043,
	0x8080,0x800A,0x8032,0x8032,0x0A0A,0x0A80,0x8080,0x0A0A,

	0xB2B2,0xB2B2,0xB2B2,0xB2B2,0xB2B2,0xB2B2,0x1414,0x14B2,
	0xB2B2,0x14B2,0xB2B2,0x8014,0xB2B2,0xB2B2,0xB2B2,0xB2B2,
	0xB280,0xB280,0xB2B2,0xB2B2,0x8032,0x8080,0x0AB2,0x8080,
	0x0A80,0x0A80,0x0A32,0x0A80,0x0A0A,0x320A,0x320A,0x320A,
	0x340E,0x3434,0x0E34,0x940E,0x0EB2,0x3428,0xB234,0xB2B2,
	0x8080,0x2828,0xB228,0xB2B2,0x8043,0x2834,0xB228,0x14B2,
	0x8080,0x2828,0xB228,0xB2B2,0x800A,0x340E,0xB234,0xB2B2,
	0x0A0A,0x0E0E,0xB2B2,0xB2B2,0x0E0A,0x340E,0x3434,0xB2C4,

	0x1A1A,0x1A1A,0x1A1A,0x1A1A,0x1A1A,0x1A1A,0x1A1A,0x0A1A,
	0x1A1A,0x1A0A,0x1A1A,0x181A,0x1A1A,0x1A1A,0x1A1A,0x1A1A,
	0x1A1A,0x1A1A,0x1A1A,0x1A1A,0x1A1A,0x1A1A,0x1A1A,0x1A1A,
	0x1A1A,0x1A1A,0x1A0A,0x1A1A,0x1A1A,0x1A1A,0x1A1A,0x1A1A,
	0x1A1A,0x1A1A,0x1A1A,0x1A1A,0x0A1A,0x1A1A,0x1A1A,0x1A1A,
	0x1A1A,0x1A1A,0x1A1A,0x1A1A,0x1A1A,0x1A1A,0x1A1A,0x1A1A,
	0x1A1A,0x1A1A,0x1A1A,0x1A1A,0x1A1A,0x1A1A,0x1A1A,0x1A1A,
	0x1A1A,0x1A1A,0x1A1A,0x1A1A,0x1A1A,0x1A1A,0x1A1A,0x1A1A,

	0x1A1A,0x1A1A,0x1A1A,0xA91A,0x1A1A,0x1A1A,0x1A1A,0xA90A,
	0x1A1A,0x1A1A,0x1A1A,0xA91A,0x1A1A,0x1A1A,0x1A1A,0xA90A,
	0x1A1A,0x1A1A,0x1A1A,0xA90A,0x1A1A,0x1A1A,0x1A1A,0x1A1A,
	0x1A1A,0x1A1A,0x1A1A,0x1A1A,0x1A1A,0x1A1A,0x1A1A,0x1A1A,
	0xB721,0x7E7E,0x487E,0x487E,0xB7A9,0x7E7E,0x7EB7,0xB7B7,
	0xB7A9,0x7E7E,0xB7B7,0xB778,0xB7A9,0x7E7E,0xB7B7,0x7EB7,
	0x48A9,0x7E7E,0xB7B7,0xB7B7,0x48A9,0x7E7E,0x48B7,0xB77E,
	0x48A9,0x7E7E,0xB7B7,0xB77E,0x9292,0x7E7E,0xB7B7,0xB7B7,

	0xB7B7,0xB748,0x7E48,0x857E,0xB7B7,0xB7B7,0x7E48,0x85A2,
	0x7878,0x78B7,0x7E48,0x85A2,0xB7B7,0xB77E,0x7E48,0x85A2,
	0x7878,0xB7B7,0x7E78,0x85A2,0xB7B7,0xB7B7,0x7E78,0x8585,
	0xB7B7,0xB7B7,0x7E48,0x8585,0xB7B7,0xB7B7,0x7E48,0x8585,
	0x8585,0x8585,0x7CA2,0x7C7C,0x8585,0x8585,0x7C85,0x7C7C,
	0x8585,0x8585,0x7CA2,0x7C7C,0x8585,0x8585,0x7C85,0x7C7C,
	0x8585,0x8585,0x7C85,0x7C7C,0x8585,0x8585,0x7C85,0x7C7C,
	0x8585,0x8585,0x7C85,0x7C7C,0x8585,0x8585,0x7C85,0x7C7C,

	0x1A1A,0x1A1A,0x1A1A,0x0A1A,0x1A1A,0x1A1A,0x1A1A,0x1A1A,
	0x1A1A,0x1A1A,0x1A1A,0x1A1A,0x1A1A,0x1A1A,0x1A1A,0x1A1A,
	0x1A1A,0x0A0A,0x0A1A,0x1A1A,0x0A7C,0x0A0A,0x0A0A,0x0A0A,
	0x0A7C,0x1A0A,0x0A0A,0x1A0A,0x0A7C,0x1A1A,0x1A0A,0x0A0A,
	0x0A0A,0x1A1A,0x0A0A,0x0A0A,0x0A0A,0x1A18,0x0A0A,0x0A0A,
	0x0A0A,0x1818,0x0A0A,0x0A0A,0x0A0A,0x0A0A,0x0A0A,0x0A0A,
	0x0A0A,0x0A0A,0x0A0A,0x0A0A,0x0A0A,0x0A0A,0x0A0A,0x0A0A,
	0x0A0A,0x0A0A,0x0A0A,0x0A0A,0x0A0A,0x0A0A,0x0A0A,0x0A0A,

	0x0A0A,0x0A0A,0x0A0A,0x1A0A,0x0A0A,0x1A1A,0x0A18,0x0A0A,
	0x1818,0x1A1A,0x0A1A,0x1A1A,0x1A1A,0x1A1A,0x0A0A,0x0A18,
	0x0A0A,0x1A1A,0x0A0A,0x1A1A,0x0A0A,0x0A0A,0x0A0A,0x0A0A,
	0x0A0A,0x0A0A,0x0A0A,0x0A0A,0x0A0A,0x0A0A,0x0A0A,0x1A0A,
	0x1A1A,0x1A1A,0x1A1A,0x1A1A,0x1A1A,0x1A1A,0x1A0A,0x1A1A,
	0x1A1A,0x1A0A,0x1A0A,0x1A1A,0x1A1A,0x320A,0x1A1A,0x1A1A,
	0x0A1A,0x320A,0x0A0A,0x1A1A,0x0A0A,0x0A32,0x1A1A,0x1A1A,
	0x0A0A,0x0A32,0x320A,0x1A1A,0x1A1A,0x0A0A,0x1A0A,0x1A1A,

	0x1A1A,0x1A1A,0x1A1A,0x1A1A,0x1A1A,0x1A1A,0x1A1A,0x1A1A,
	0x1A1A,0x1A1A,0x1A1A,0x1A1A,0x1A1A,0x1A1A,0x1A0A,0x1A1A,
	0x1A1A,0x1A1A,0x1A0A,0x1A1A,0x0A1A,0x0A0A,0x1A1A,0x1A1A,
	0x0A1A,0x1A1A,0x1A1A,0x1A1A,0x1A1A,0x1A0A,0x1A1A,0x1A1A,
	0x1A1A,0x1A1A,0x1A1A,0x1A0A,0x0A1A,0x0A1A,0x0A1A,0x0A0A,
	0x1A1A,0x0A3B,0x3B1A,0x0A0A,0x1A1A,0x1A1A,0x1A1A,0x1A0A,
	0x1A1A,0x1A1A,0x1A1A,0x1A1A,0x1A1A,0x1A1A,0x1A0A,0x1A0A,
	0x1A1A,0x1A1A,0x0A0A,0x0A0A,0x1A1A,0x1A1A,0x1A0A,0x0A18,

	0x0A0A,0x0A0A,0x0A0A,0x0A0A,0x0A0A,0x0A0A,0x0A1A,0x0A0A,
	0x0A0A,0x0A0A,0x321A,0x321A,0x1A0A,0x1A1A,0x0A0A,0x0A0A,
	0x1A1A,0xB3B3,0xB3B3,0xB3B3,0x1A0A,0xB3BC,0xB3B3,0xB3B3,
	0x0A0A,0xBCBC,0xB3B3,0xB3B3,0x1818,0xBCBC,0x8585,0x8585,
	0x0A0A,0x7C7C,0x8585,0x7E85,0x0A0A,0x7C7C,0x8585,0x8585,
	0x0A0A,0x7C7C,0x8585,0x8585,0x0A0A,0x7C7C,0x8585,0x8585,
	0x0A0A,0x7C7C,0x8585,0x8585,0x7CB3,0x7C7C,0x8585,0x8585,
	0x7CB3,0x7C7C,0x8585,0x8585,0x7C7C,0x7C7C,0x8585,0x8585,

	0x487E,0xB7B7,0xB748,0xB748,0x787E,0x48B7,0x48B7,0xB7B7,
	0x787E,0xB748,0xB748,0xB748,0x787E,0xB7B7,0xB7B7,0x48B7,
	0x787E,0xB778,0xB778,0xB778,0x787E,0x7EB7,0xB7B7,0x78B7,
	0x787E,0xB7B7,0xB778,0x7E78,0x48B4,0xB7B7,0x7EB7,0xB7B7,
	0xB7B7,0x7E7E,0xA9A9,0x0A0A,0xB7B7,0x7E7E,0xA9A9,0x0A0A,
	0xB748,0x7E7E,0xBCA9,0x0A0A,0x48B7,0x7E7E,0xBCBC,0x0A0A,
	0xB778,0x7E7E,0xBCBC,0x0A0A,0xB7B7,0x7E7E,0x0ABC,0x0A0A,
	0xB7B7,0x7E7E,0x0ABC,0x0A0A,0xB7B7,0x7E7E,0x0ABC,0x0A0A,

	0x0A0A,0x0A0A,0x0A0A,0x0A0A,0x1A1A,0x1A1A,0x1818,0x0A0A,
	0x1A1A,0x1A1A,0x181A,0x1818,0x1A0A,0x0A0A,0x0A0A,0x1A1A,
	0x0A0A,0x0A0A,0x0A0A,0x1A1A,0x0A0A,0x0A0A,0x0A0A,0x0A0A,
	0x0A0A,0x0A0A,0x0A0A,0x0A0A,0x0A1A,0x0A1A,0x0A0A,0x0A0A,
	0x460A,0x4618,0x1A46,0x1A1A,0x0A1A,0x1A1A,0x1A1A,0x1A1A,
	0x1A1A,0x1A1A,0x4618,0x1A1A,0x1A1A,0x0A0A,0x1A1A,0x461A,
	0x1A0A,0x0A0A,0x180A,0x461A,0x0A0A,0x0A0A,0x1A1A,0x460A,
	0x0A0A,0x1A0A,0x1A1A,0x0A0A,0x180A,0x180A,0x1A1A,0x1A1A,

	0x1A1A,0x1A1A,0x1A1A,0x1A1A,0x1A1A,0x1A1A,0x1A1A,0x1A0A,
	0x1A1A,0x1A1A,0x1A1A,0x1A0A,0x1A1A,0x0A1A,0x1A1A,0x1A1A,
	0x461A,0x0A1A,0x1A1A,0x1A1A,0x1A46,0x1A1A,0x1A1A,0x1A1A,
	0x1A46,0x1A1A,0x1A1A,0x1A1A,0x1A0A,0x1A1A,0x1A1A,0x1A1A,
	0x1A0A,0x1A1A,0x1A1A,0x0A1A,0x1A1A,0x0A0A,0x0A0A,0x1A1A,
	0x1A1A,0x0A1A,0x0A0A,0x1818,0x1A1A,0x1A1A,0x1A0A,0x181A,
	0x1A1A,0x1A1A,0x1A1A,0x0A1A,0x1A1A,0x1A1A,0x1A1A,0x0A0A,
	0x1A1A,0x0A1A,0x0A0A,0x0A1A,0x1A1A,0x1A1A,0x0A0A,0x0A1A,

	0x0A0A,0x0A0A,0x0A0A,0x0A0A,0x1A1A,0x0A0A,0x0A0A,0x0A0A,
	0x0A0A,0x0A0A,0x0A0A,0x0A0A,0x1818,0x0A0A,0x0A0A,0x0A0A,
	0x181A,0x0A18,0x0A0A,0x0A0A,0x1A0A,0x0A0A,0x0A0A,0x0A0A,
	0x1A1A,0x0A1A,0x0A0A,0x0A0A,0x1A1A,0x0A1A,0x0A0A,0x0A0A,
	0x0A0A,0x0A0A,0x0A0A,0x0A18,0x0A0A,0x0A0A,0x0A0A,0x1818,
	0x0A0A,0x180A,0x0A18,0x181A,0x0A0A,0x1A0A,0x1A1A,0x0A0A,
	0x0A0A,0x0A0A,0x1A1A,0x0A0A,0x0A0A,0x0A0A,0x0A1A,0x0A0A,
	0x0A0A,0x0A0A,0x0A0A,0x1A1A,0x0A0A,0x0A0A,0x0A0A,0x1A0A,

	0x0A0A,0x0A0A,0x0A32,0x0A0A,0x0A0A,0x1A1A,0x1A1A,0x0A0A,
	0x1A0A,0x1A1A,0x1A1A,0x0A1A,0x1818,0x1A1A,0x1A1A,0x0A0A,
	0x1A18,0x1A1A,0x1A1A,0x0A0A,0x1A1A,0x1A1A,0x1A1A,0x0A1A,
	0x1A1A,0x1A1A,0x1A1A,0x0A1A,0x1A1A,0x1A1A,0x1A1A,0x1A1A,
	0x1A1A,0x1A1A,0x1A1A,0x1A0A,0x0A0A,0x1A1A,0x1A1A,0x1A1A,
	0x1A0A,0x1A1A,0x1A1A,0x1A1A,0x0A32,0x1A1A,0x1A1A,0x1A1A,
	0x0A32,0x1A1A,0x1A1A,0x1A1A,0x1A1A,0x1A0A,0x1A1A,0x1A1A,
	0x1A1A,0x1A1A,0x1A1A,0x1A1A,0x1A1A,0x1A1A,0x1A1A,0x1A1A,

	0x1A1A,0x0A1A,0x0A1A,0x0A1A,0x1A1A,0x1A1A,0x1A1A,0x1A1A,
	0x1A1A,0x1A1A,0x1A1A,0x1A1A,0x1A1A,0x1A1A,0x1A1A,0x1A1A,
	0x1A1A,0x1A1A,0x1A1A,0x1A1A,0x1A1A,0x1A1A,0x1A1A,0x1A1A,
	0x1A1A,0x1A1A,0x1A1A,0x1A1A,0x1A1A,0x1A1A,0x1A1A,0x1A1A,
	0x181A,0x1A1A,0x1A1A,0x1A1A,0x1A1A,0x1A1A,0x1A1A,0x1A1A,
	0x1A1A,0x1A1A,0x1A1A,0x1A1A,0x1A1A,0x1A1A,0x1A1A,0x1A1A,
	0x1A1A,0x1A1A,0x1A1A,0x1A1A,0x1A1A,0x1A1A,0x1A1A,0x1A1A,
	0x1A1A,0x1A1A,0x1A1A,0x1A1A,0x1A1A,0x1A1A,0x1A1A,0x1A1A,

	0x1A1A,0x1A1A,0x1A1A,0x1A1A,0x1A1A,0x1A1A,0x1A1A,0x1A1A,
	0x1A1A,0x1A1A,0x1A1A,0x1A1A,0x1A1A,0x1A1A,0x1A1A,0x1A1A,
	0x1A1A,0x1A1A,0x1A1A,0x1A1A,0x1A1A,0x1A1A,0x1A1A,0x1A1A,
	0x1A1A,0x1A1A,0x1A1A,0x1A1A,0x1A1A,0x1A1A,0x1A1A,0x1A0A,
	0x1A1A,0x1A1A,0x1A1A,0x1A1A,0x1A1A,0x1A1A,0x1A1A,0x1A1A,
	0x1A1A,0x1A1A,0x1A1A,0x1A1A,0x1A0A,0x1A1A,0x1A1A,0x1A1A,
	0x1A0A,0x1A1A,0x1A1A,0x1A1A,0x1A1A,0x1A1A,0x1A1A,0x1A1A,
	0x1A1A,0x1A1A,0x1A1A,0x1A1A,0x1A1A,0x1A1A,0x1A1A,0x1A1A,

	0x1A1A,0x1A1A,0x1A1A,0x1A1A,0x1A1A,0x1A1A,0x1A1A,0x1A1A,
	0x1A1A,0x1A1A,0x1A1A,0x1A1A,0x1A1A,0x1A1A,0x1A1A,0x1A1A,
	0x1A1A,0x1A1A,0x1A1A,0x1A1A,0x1A1A,0x1A1A,0x1A1A,0x1A1A,
	0x1A1A,0x1A1A,0x1A1A,0x1A1A,0x1A1A,0x1A1A,0x1A1A,0x1A1A,
	0x9B1A,0x9B9B,0x2E2E,0x6262,0x1A1A,0x9B1A,0x2E2E,0x272E,
	0x1A1A,0x9B1A,0x2E2E,0x2762,0x1A1A,0x9B9B,0x2E2E,0x2762,
	0x1A1A,0x9B9B,0x2E2E,0x2762,0x1A1A,0x1A1A,0x9B9B,0x6262,
	0x1A1A,0x1A1A,0x1A1A,0x2E2E,0x1A1A,0x1A1A,0x1A9B,0x6262,

	0x2727,0x2727,0x27BD,0x2727,0x2727,0xBDBD,0xBD27,0x2727,
	0x2727,0xBDBD,0x2727,0x2727,0x2727,0x2727,0x2727,0xBDBD,
	0x2727,0x27BD,0xBD27,0x27BD,0xBDBD,0xBDBD,0xBDBD,0xBDBD,
	0xBDBD,0xBDBD,0xBDBD,0xBDBD,0x2E2E,0x62BD,0xBDBD,0xBD27,
	0x27BD,0xBDBD,0x6262,0x6262,0xBDBD,0xBDBD,0xBDBD,0xBD62,
	0xBDBD,0xBDBD,0xBDBD,0x62BD,0x27BD,0xBDBD,0xBDBD,0x6262,
	0xBDBD,0xBDBD,0xBDBD,0x6262,0xBDBD,0xBDBD,0xBDBD,0x6262,
	0xBDBD,0xBDBD,0x6262,0x6262,0xBDBD,0xBDBD,0xBDBD,0xBD62,

	0x6262,0x2E2E,0x622E,0x6262,0xBDBD,0x2E62,0xBDBD,0xBDBD,
	0x6262,0x2E62,0xBDBD,0xBD62,0x62BD,0x622E,0xBDBD,0xBDBD,
	0x6262,0x622E,0x62BD,0xBDBD,0xBDBD,0x622E,0xBD62,0xBDBD,
	0xBDBD,0x6262,0xBDBD,0xBDBD,0x6262,0x6262,0x6262,0xBDBD,
	0x62BD,0x62BD,0xBD62,0x2E62,0xBDBD,0xBDBD,0x6262,0x6262,
	0xBDBD,0xBDBD,0x6262,0x62BD,0x2727,0xBDBD,0xBDBD,0xBDBD,
	0xBDBD,0xBDBD,0xBD27,0xBD27,0xBDBD,0x2727,0x2727,0xBDBD,
	0xBDBD,0xBDBD,0x2727,0xBDBD,0xBDBD,0xBDBD,0xBDBD,0xBDBD,

	0x6262,0x6262,0xBDBD,0xBDBD,0x6262,0xBDBD,0xBDBD,0x2727,
	0xBD62,0x6262,0xBDBD,0xBDBD,0x6262,0x6262,0x62BD,0xBDBD,
	0x62BD,0x6262,0x622E,0x62BD,0x6262,0x622E,0x62BD,0xBDBD,
	0x62BD,0x622E,0x62BD,0x62BD,0x6262,0xBD62,0xBDBD,0xBDBD,
	0xBDBD,0x27BD,0x2727,0x2727,0x2727,0x2727,0xBD27,0x2727,
	0xBD27,0x2727,0x27BD,0x27BD,0xBDBD,0x62BD,0x6262,0x6262,
	0xBDBD,0x6262,0x6262,0x6262,0x2E2E,0xBD62,0xBDBD,0xBDBD,
	0x2E2E,0xBD62,0xBDBD,0xBDBD,0xBD62,0x2E62,0x6262,0x62BD,

	0x27BD,0x6262,0x6262,0x6262,0x6227,0x6262,0x6262,0x6262,
	0x6262,0x6262,0xBD62,0x6262,0x6262,0x6262,0xBD62,0xBDBD,
	0x6262,0x6262,0xBDBD,0x6262,0xBDBD,0xBDBD,0xBDBD,0x9B62,
	0xBDBD,0xBDBD,0xBDBD,0x9B62,0xBDBD,0xBDBD,0xBDBD,0xBDBD,
	0x1A9B,0x1A9B,0x1A1A,0x1A46,0x1A62,0x1A1A,0x1A1A,0x1A1A,
	0x9B9B,0x1A1A,0x1A1A,0x1A1A,0x9B62,0x1A1A,0x1A1A,0x1A1A,
	0x9B9B,0x1A1A,0x1A1A,0x1A1A,0x9B9B,0x1A1A,0x1A1A,0x1A1A,
	0x1A1A,0x1A1A,0x1A1A,0x1A1A,0x1A1A,0x1A1A,0x1A1A,0x1A1A,

	0x1A1A,0x1A1A,0x1A1A,0x1A1A,0x1A1A,0x1A1A,0x1A0A,0x1A1A,
	0x1A1A,0x1A1A,0x1A1A,0x1A1A,0x1A1A,0x1A1A,0x1A1A,0x1A1A,
	0x1A1A,0x1A1A,0x1A1A,0x1A1A,0x1A1A,0x1A1A,0x1A1A,0x1A1A,
	0x1A1A,0x1A1A,0x1A1A,0x1A1A,0x1A1A,0x1A1A,0x1A1A,0x1A1A,
	0x1A1A,0x1A1A,0x1A1A,0x1A1A,0x1A1A,0x1A1A,0x1A1A,0x1A1A,
	0x1A1A,0x1A1A,0x1A1A,0x1A1A,0x1A1A,0x1A1A,0x1A1A,0x1A1A,
	0x1A1A,0x1A1A,0x1A1A,0x1A1A,0x1A1A,0x1A1A,0x1A1A,0x1A1A,
	0x1A1A,0x1A1A,0x1A1A,0x1A1A,0x1A1A,0x1A1A,0x1A1A,0x1A1A,

	0x1A1A,0x1A1A,0x1A1A,0x1A1A,0x1A1A,0x1A1A,0x1A1A,0x1A1A,
	0x1A1A,0x1A1A,0x1A1A,0x1A1A,0x1A1A,0x1A1A,0x1A1A,0x1A1A,
	0x1A1A,0x1A1A,0x1A1A,0x1A1A,0x1A1A,0x1A1A,0x1A1A,0x1A1A,
	0x1A1A,0x1A1A,0x1A1A,0x1A1A,0x1A1A,0x1A1A,0x1A1A,0x1A1A,
	0x1A1A,0x1A1A,0x1A1A,0x1A1A,0x1A1A,0x1A1A,0x1A1A,0x1A1A,
	0x1A1A,0x1A1A,0x1A1A,0x1A1A,0x1A1A,0x1A1A,0x1A1A,0x1A1A,
	0x1A1A,0x1A1A,0x1A1A,0x1A1A,0x1A1A,0x1A1A,0x1A1A,0x1A1A,
	0x1A1A,0x1A1A,0x1A1A,0x1A1A,0x1A1A,0x1A1A,0x1A1A,0x1A1A,

	0x1A1A,0x1A1A,0x1A1A,0x1A1A,0x1A1A,0x1A1A,0x1A1A,0x1A1A,
	0x1A1A,0x1A1A,0x1A1A,0x1A1A,0x1A1A,0x1A1A,0x1A1A,0x1A1A,
	0x1A1A,0x1A1A,0x1A1A,0x1A1A,0x1A1A,0x1A1A,0x1A1A,0x1A1A,
	0x1A1A,0x1A1A,0x1A1A,0x1A1A,0x1A1A,0x1A1A,0x1A1A,0x1A1A,
	0x0A1A,0x1A1A,0x1A1A,0x1A1A,0x1A1A,0x1A1A,0x1A1A,0x0A1A,
	0x1A1A,0x1A1A,0x1A1A,0x1A1A,0x1A1A,0x1A1A,0x1A1A,0x1A1A,
	0x1A1A,0x1A1A,0x1A1A,0x1A1A,0x1A1A,0x1A1A,0x1A1A,0x1A1A,
	0x1A1A,0x1A1A,0x1A1A,0x1A1A,0x1A1A,0x1A1A,0x1A1A,0x1A1A,

	0x1A1A,0x1A1A,0x1A1A,0x1A1A,0x1A1A,0x1A1A,0x1A1A,0x1A1A,
	0x1A1A,0x1A1A,0x1A1A,0x1A1A,0x1A1A,0x1A1A,0x1A1A,0x1A1A,
	0x1A1A,0x1A1A,0x1A1A,0x1A1A,0x1A1A,0x1A1A,0x1A1A,0x1A1A,
	0x1A1A,0x1A1A,0x1A1A,0x1A1A,0x1A1A,0x1A1A,0x1A1A,0x1A1A,
	0x1A1A,0x1A1A,0x1A1A,0x1A1A,0x1A1A,0x1A1A,0x1A1A,0x1A1A,
	0x1A1A,0x1A1A,0x1A1A,0x1A1A,0x1A1A,0x1A1A,0x1A1A,0x1A1A,
	0x1A1A,0x1A1A,0x1A1A,0x1A1A,0x1A1A,0x1A1A,0x1A1A,0x1A1A,
	0x1A1A,0x1A1A,0x1A1A,0x1A1A,0x1A1A,0x1A1A,0x1A1A,0x1A1A,

	0x1A1A,0x1A1A,0x1A1A,0x1A1A,0x1A1A,0x1A1A,0x1A1A,0x1A1A,
	0x1A1A,0x1A1A,0x1A1A,0x1A1A,0x0D1A,0x0D1A,0x1A1A,0x1A1A,
	0x1A1A,0x190D,0x1A1A,0x1A1A,0x1A1A,0x1A1A,0x1A1A,0x1A95,
	0x1A1A,0x1A1A,0x1A1A,0x1A1A,0x1A1A,0x1A1A,0x1A1A,0x1A1A,
	0x1A1A,0x1A1A,0x1A1A,0x1A1A,0x1A1A,0x1A1A,0x1A1A,0x1A1A,
	0x1A1A,0x1A1A,0x1A1A,0x1A1A,0x1A95,0x1A1A,0x1A1A,0x1A1A,
	0x1A95,0x1A1A,0x1A1A,0x1A1A,0x1A1A,0x1A1A,0x1A1A,0x1A1A,
	0x951A,0x1A95,0x1A1A,0x1A1A,0x1A1A,0x1A19,0x1A1A,0x1A1A,

	0x1A1A,0x1A1A,0x1A1A,0x1A1A,0x1A1A,0x1A1A,0x1A1A,0x1A1A,
	0x1A1A,0x1A1A,0x1A1A,0x1A1A,0x1A1A,0x1A1A,0x1A1A,0x1A1A,
	0x1A1A,0x1A1A,0x1A1A,0x1A1A,0x1A1A,0x1A1A,0x1A1A,0x281A,
	0x1A1A,0x1A1A,0x1A1A,0x1A1A,0x1A1A,0x1A1A,0x1A1A,0x1A1A,
	0x1A1A,0x1A1A,0x1A1A,0x1A1A,0x281A,0x1A28,0x1A1A,0x1A28,
	0x1A1A,0x1A34,0x1A1A,0x1A1A,0x1A1A,0x1A34,0x1A1A,0x1A1A,
	0x1A1A,0x1A34,0x1A1A,0x1A1A,0x2828,0x2828,0x1A1A,0x1A1A,
	0x1A1A,0x2828,0x2828,0x1A28,0x0D0D,0x0D1A,0x1A19,0x281A,

	0x0D19,0x1A1A,0x1A1A,0x1A1A,0x1A1A,0x1A1A,0x281A,0x1A1A,
	0x1A1A,0x1A1A,0x2828,0x1A1A,0x281A,0x1A1A,0x1A1A,0x1A1A,
	0x1A1A,0x1A1A,0x1A1A,0x1A1A,0x1A1A,0x1A1A,0x2828,0x3428,
	0x1A1A,0x1A1A,0x281A,0x3434,0x1A1A,0x0E1A,0x1A1A,0x1A1A,
	0x2828,0x2828,0x3428,0x1A1A,0x34C4,0x2828,0xC428,0x1A1A,
	0xC41A,0x2828,0xC428,0x1A1A,0x1A1A,0x2828,0x1A34,0x1A1A,
	0x1A1A,0x2828,0x1A34,0x1A1A,0x1A1A,0x2828,0x1A34,0x1A1A,
	0x3434,0x2828,0x1A28,0x1A1A,0x0E0E,0x2828,0x1A28,0x1A1A,

	0x1A1A,0x1A34,0x1A1A,0x1A1A,0x1A1A,0x3434,0x1A1A,0x1A1A,
	0x1A1A,0x3434,0x1A1A,0x1A1A,0x1A1A,0x281A,0x1A1A,0x1A1A,
	0x1A1A,0x1A1A,0x2828,0x1A1A,0x1A1A,0x2828,0x2828,0x3428,
	0x281A,0x2828,0x1A1A,0x1A1A,0x3434,0x1A1A,0x1A1A,0x1A1A,
	0x1A1A,0x1A1A,0x1A1A,0x1A1A,0x281A,0x2828,0x1A28,0x0A0A,
	0x2834,0x1A1A,0x1A1A,0x1A1A,0x1A34,0x1A1A,0x1A1A,0x1A1A,
	0x1A34,0x1A1A,0x1A1A,0x1A1A,0x1A1A,0x1A1A,0x1A1A,0x1A1A,
	0x1A1A,0x1A1A,0x1A1A,0x1A1A,0x1A1A,0x1A1A,0x1A1A,0x1A1A,

	0x4B4B,0x4B4B,0x4B4B,0x4B4B,0x4B4B,0x4B4B,0x4B4B,0x4B4B,
	0x4B4B,0x4B4B,0x4B4B,0x4B4B,0x4B4B,0x4B4B,0x4B4B,0x4B4B,
	0x4B4B,0x4B4B,0x4B4B,0x4B4B,0x4B4B,0x4B4B,0x4B4B,0x4B4B,
	0x4B4B,0x4B4B,0x4B4B,0x4B4B,0x4B4B,0x4B4B,0x4B4B,0x4B4B,
	0x0A4B,0x180A,0x3E3E,0x3E3E,0x0A4B,0x1818,0x0A0A,0xC83E,
	0x0A4B,0x1A18,0x0A0A,0xB1C8,0x1A4B,0x0A0A,0x3E0A,0x3E3E,
	0x0A4B,0x0A0A,0x3E3B,0x3E3E,0x0A4B,0x1A3B,0x3E3B,0x3E3E,
	0x0A4B,0x0A3B,0x3E0A,0x3E3E,0x0A4B,0x0A0A,0x0A0A,0xC83E,

	0x3E3E,0x3E3E,0xC83E,0xB1C8,0x3EC8,0x3EC8,0xB1C8,0xC8B1,
	0xB1C8,0xC8C8,0xB1C8,0xB1B1,0xB1B1,0xB1B1,0xC8C8,0xB184,
	0xB1C8,0xB184,0xB1C8,0xB11D,0xC8C8,0xB1B1,0x1DB1,0xB11D,
	0xC8C8,0xC83E,0xB1B1,0xB11D,0x3E3E,0xC8C8,0xC8B1,0x1DB1,
	0xC884,0xC8C8,0xC81D,0xC8B1,0x0084,0x1DB1,0xB1C8,0x3EB1,
	0x0084,0x1DB1,0xB1C8,0x3EB1,0x84C8,0xB11D,0xC8C8,0xC8C8,
	0x84C8,0x571D,0xC8C8,0x3EC8,0x8484,0x5757,0x5757,0xC8C8,
	0x571D,0x5752,0x5712,0x3E57,0x1D1D,0x5757,0x5712,0x3E3E,

	0x0A0A,0x0A3B,0x0A0A,0x0A0A,0x3EB1,0x0A3B,0x0A0A,0x0A0A,
	0x3E3E,0x3E3E,0x0A0A,0x0A0A,0x3E3E,0xC83E,0x0A0A,0x0A0A,
	0x3E3E,0x3E3E,0x0A0A,0x0A0A,0x3EC8,0xC8B1,0x0A0A,0x0A0A,
	0x3EC8,0x0A3E,0x0A0A,0x0A0A,0x3E3E,0x0AB1,0x0A0A,0x0A0A,
	0x0A0A,0x0A0A,0x0A0A,0x0A0A,0x0A0A,0x0A0A,0x0A0A,0x0A0A,
	0x0A0A,0x0A0A,0x0A0A,0x0A0A,0x0A0A,0x0A0A,0x0A0A,0x0A0A,
	0x0A0A,0x0A0A,0x0A0A,0x0A31,0x0A0A,0x0A0A,0x0A0A,0x3131,
	0x0A0A,0x0A0A,0x310A,0x3131,0x0A0A,0x0A0A,0x040A,0x3131,

	0x0A0A,0x3131,0x3131,0x0A0A,0x3131,0x3131,0x3131,0x1818,
	0x3131,0x3131,0x3104,0x1A18,0x310A,0x3131,0xA531,0x0431,
	0x0431,0x3131,0x0431,0x3131,0x0404,0x0404,0x3104,0x3131,
	0x0431,0x0404,0x0431,0x3131,0x3131,0x3104,0x3131,0x3131,
	0x0A0A,0x0A0A,0x0A0A,0x0A0A,0x0A0A,0x0A0A,0x0A0A,0x180A,
	0x0A0A,0x0A0A,0x0A0A,0x1A1A,0x0A31,0x0A0A,0x0A0A,0x0A0A,
	0x0A31,0x0A0A,0x0A0A,0x0A0A,0x3131,0x0A0A,0x0A0A,0x0A0A,
	0x3131,0x0A0A,0x0A0A,0x0A0A,0x3131,0x0A0A,0x0A0A,0x0A0A,

	0x0A0A,0x0A0A,0x0A0A,0x3232,0x0A0A,0x0A0A,0x0A0A,0x0A0A,
	0x180A,0x0A18,0x0A0A,0x0A0A,0x180A,0x0A1A,0x0A0A,0x0A32,
	0x0A0A,0x0A0A,0x0A0A,0x0A0A,0x0A0A,0x0A0A,0x0A0A,0x0A0A,
	0x0A0A,0x0A0A,0x0A0A,0x0A0A,0x0A0A,0x0A0A,0x0A0A,0x0A18,
	0x0E0A,0x3434,0x3434,0xB2C4,0x0E0A,0x3434,0x3434,0x0AC4,
	0x940A,0x3434,0x0E0E,0x0AC4,0x9432,0x0E0E,0x3434,0x0A0E,
	0x940A,0x9494,0x0E0E,0x0A0E,0x940A,0x0E94,0x3434,0x0A94,
	0x940A,0x340E,0x3434,0x0A0A,0x940A,0x0E0E,0x3434,0x0A0A,

	0x1A1A,0x1A1A,0x1A1A,0x1A1A,0x1A1A,0x1A1A,0x1A1A,0x1A1A,
	0x1A1A,0x1A1A,0x1A1A,0x1A1A,0x1A1A,0x1A1A,0x1A1A,0x1A1A,
	0x1A1A,0x1A1A,0x1A1A,0x1A1A,0x1A1A,0x1A1A,0x1A1A,0x1A1A,
	0x1A1A,0x1A1A,0x1A1A,0x1A1A,0x1A1A,0x1A1A,0x1A1A,0x1A1A,
	0x1A1A,0x1A1A,0x1A1A,0x1A1A,0x1A1A,0x1A1A,0x1A1A,0x1A1A,
	0x1A1A,0x1A1A,0x1A1A,0x1A1A,0x1A1A,0x1A1A,0x0A1A,0x1A1A,
	0x1A1A,0x0A1A,0x1A1A,0x0A1A,0x1A1A,0x1A1A,0x0A1A,0x0A0A,
	0x1A1A,0x1A1A,0x0A1A,0x0A0A,0x1A1A,0x1A1A,0x1A1A,0x1A1A,

	0x1A0A,0x1A1A,0x1A1A,0x0A0A,0x1A1A,0x1A1A,0x0A1A,0x0A0A,
	0x1A1A,0x1A1A,0x0A0A,0x0A0A,0x0A1A,0x0A1A,0x0A0A,0x0A0A,
	0x1A1A,0x0A0A,0x0A0A,0x0A0A,0x0A0A,0x1A0A,0x0A0A,0x0A0A,
	0x1A0A,0x1A0A,0x0A0A,0x0A0A,0x0A0A,0x0A0A,0x0A0A,0x0A0A,
	0x9292,0x7E7E,0xB7B7,0xB7B7,0x9292,0x7E7E,0xB7B7,0xB7B7,
	0x920A,0x7E92,0xB778,0xB7B7,0x920A,0x7E92,0xB748,0xB7B7,
	0x0A0A,0x7E92,0xB748,0xB7B7,0x0A0A,0x7E92,0x487E,0xB7B7,
	0x0A0A,0x9292,0x487E,0xB7B7,0x2121,0x9292,0x487E,0xB7B7,

	0xB7B7,0xB7B7,0x7E48,0x8585,0xB7B7,0xB7B7,0x48B7,0x857E,
	0xB7B7,0xB7B7,0x48B7,0x85B4,0xB7B7,0xB7B7,0x48B7,0x85B4,
	0xB7B7,0xB7B7,0x48B7,0x85B4,0xB7B7,0xB748,0xB7B7,0xB4B4,
	0x48B7,0x48B7,0xB7B7,0xB4B4,0xB7B7,0xB748,0xB748,0xB4B4,
	0x8585,0x8585,0x8585,0x7C7C,0x8585,0x8585,0x8585,0x7C7C,
	0x8585,0x8585,0x8585,0x7C7C,0x8585,0x8585,0x8585,0x7C7C,
	0x8585,0x8585,0x8585,0x7C7C,0x8585,0x8585,0x8585,0x7C85,
	0x8585,0x8585,0x8585,0x7C85,0x8521,0x8585,0x8585,0x8585,

	0x0A7C,0x1A1A,0x1A1A,0x0A0A,0x7C7C,0x3838,0x3838,0x3838,
	0x7C7C,0x3838,0x3838,0x3838,0x7C7C,0x2121,0x2121,0x3838,
	0x7C7C,0x217C,0x2121,0x2121,0x7C7C,0x7C7C,0x2121,0x2121,
	0x7C7C,0x7C7C,0x2121,0x2A2A,0x7C7C,0x7C7C,0x7777,0x7777,
	0x0A0A,0x0A0A,0x0A0A,0x0A0A,0x3838,0x0A38,0x0A0A,0x0A0A,
	0x3838,0x3838,0x0A0A,0x0A0A,0x3838,0x3838,0x1838,0x0A0A,
	0x3821,0x3838,0x1838,0x0A1A,0x2121,0x2A2A,0x2A2A,0x0A18,
	0x2A2A,0x2A2A,0x2A2A,0x1A1A,0x2A2A,0x2A2A,0x2A2A,0x0A0A,

	0x0A0A,0x0A0A,0x0A0A,0x1A0A,0x0A0A,0x0A0A,0x0A0A,0x0A0A,
	0x0A0A,0x0A0A,0x0A0A,0x0A0A,0x0A0A,0x0A0A,0x0A0A,0x3232,
	0x0A0A,0x0A0A,0x320A,0x320A,0x0A0A,0x0A0A,0x0A0A,0x0A32,
	0x0A0A,0x0A0A,0x0A0A,0x0A32,0x0A0A,0x0A0A,0x0A0A,0x0A0A,
	0x0A0A,0x0A1A,0x0A0A,0x1A1A,0x0A0A,0x0A0A,0x0A0A,0x0A0A,
	0x0A0A,0x0A0A,0x0A0A,0x1818,0x3232,0x0A0A,0x0A1A,0x1A0A,
	0x320A,0x0A0A,0x0A0A,0x0A0A,0x0A0A,0x0A0A,0x0A0A,0x0A0A,
	0x0A0A,0x0A0A,0x0A0A,0x0A0A,0x0A0A,0x0A0A,0x0A0A,0x0A0A,

	0x1A1A,0x1A1A,0x1A1A,0x1A1A,0x0A0A,0x0A18,0x1A0A,0x1A1A,
	0x0A0A,0x1A1A,0x1A0A,0x1A1A,0x0A18,0x0A0A,0x0A0A,0x0A1A,
	0x0A1A,0x0A0A,0x0A0A,0x0A0A,0x1A1A,0x0A0A,0x0A0A,0x380A,
	0x0A0A,0x0A0A,0x0A0A,0x3838,0x0A0A,0x0A0A,0x382A,0x3838,
	0x1A0A,0x1A1A,0x1A1A,0x181A,0x1A1A,0x1A1A,0x0A0A,0x0A0A,
	0x1A1A,0x1A1A,0x1A1A,0x0A0A,0x1A32,0x380A,0x3838,0x3838,
	0x0A32,0x3838,0x3838,0x3838,0x3838,0x3838,0x3838,0x3838,
	0x3838,0x3838,0x3838,0xBC38,0x3838,0x3838,0x2121,0xBCBC,

	0x1A18,0xBCBC,0x8585,0x8585,0xBC0A,0x85BC,0x8585,0x8585,
	0xBC0A,0x85BC,0x8585,0x8585,0xBCBC,0x8585,0x8585,0x7C85,
	0xBCBC,0x8585,0x8585,0x7C7C,0xBCBC,0x8585,0x8585,0x7C7C,
	0xBCBC,0x8585,0x8585,0x7C7C,0x85BC,0x8585,0x7C85,0x7C7C,
	0x7C7C,0x7C7C,0x8585,0x8585,0x7C7C,0x7C7C,0x8585,0xB485,
	0x7C7C,0x7C7C,0x8585,0xB485,0x7C7C,0x857C,0x8585,0xB421,
	0x7C7C,0x857C,0x8585,0x7E21,0x7C7C,0x8585,0x8585,0x7E7E,
	0x7C7C,0x8585,0x8585,0x7E7E,0x7C7C,0x8585,0x2185,0x7E7E,

	0x487E,0xB7B7,0xB7B7,0xB7B7,0x48B4,0xB7B7,0xB7B7,0xB7B7,
	0xB748,0xB7B7,0xB7B7,0xB7B7,0xB748,0xB7B7,0xB7B7,0x48B7,
	0xB748,0xB7B7,0xB7B7,0xB7B7,0xB7B7,0xB7B7,0xB7B7,0xB7B7,
	0xB7B7,0xB7B7,0xB7B7,0xB7B7,0xB7B7,0xB7B7,0xB7B7,0xB7B7,
	0xB7B7,0x7E7E,0x0ABC,0x0A0A,0xB7B7,0x7E7E,0x0ABC,0x0A0A,
	0x78B7,0x7E7E,0x0A0A,0x0A0A,0x787E,0xBC7E,0x2121,0x0A0A,
	0x787E,0xBC7E,0x2121,0x2121,0x7E78,0x217E,0x2121,0x2121,
	0x7E78,0x21A4,0x2121,0x2121,0x7E48,0xA448,0x21A4,0x2121,

	0x0A0A,0x0A1A,0x0A0A,0x0A0A,0x0A0A,0x0A0A,0x1A1A,0x1A1A,
	0x0A0A,0x0A0A,0x1A1A,0x1A1A,0x0A0A,0x0A0A,0x1A0A,0x1A1A,
	0x0A0A,0x0A0A,0x1A0A,0x1A1A,0x2121,0x0A0A,0x0A0A,0x0A1A,
	0x2121,0x0A0A,0x0A0A,0x1A0A,0x2121,0x0AAC,0x0A0A,0x1A1A,
	0x180A,0x181A,0x1A1A,0x1A1A,0x0A1A,0x0A0A,0x1A0A,0x1A1A,
	0x0A0A,0x0A0A,0x1A1A,0x1A1A,0x1A1A,0x1A0A,0x1A0A,0x1A1A,
	0x1A1A,0x1A0A,0x1A1A,0x1A1A,0x1A1A,0x1A1A,0x1A1A,0x1A1A,
	0x1A1A,0x1A1A,0x1A1A,0x1A1A,0x1A1A,0x1A1A,0x1A1A,0x1A1A,

	0x1A1A,0x1A1A,0x1A1A,0x1A1A,0x1A1A,0x1A1A,0x1A1A,0x1A1A,
	0x1A1A,0x1A1A,0x1A1A,0x1A1A,0x1A1A,0x1A1A,0x1A1A,0x1A1A,
	0x1A1A,0x1A1A,0x1A1A,0x1A1A,0x1A1A,0x1A1A,0x1A1A,0x1A1A,
	0x1A1A,0x1A1A,0x1A1A,0x1A1A,0x1A1A,0x1A1A,0x1A1A,0x1A1A,
	0x1A1A,0x1A0A,0x0A1A,0x0A1A,0x0A1A,0x0A1A,0x1A1A,0x1A1A,
	0x1A1A,0x1A1A,0x1A1A,0x1A1A,0x1A1A,0x1A1A,0x1A1A,0x1A1A,
	0x1A1A,0x1A1A,0x1A1A,0x1A1A,0x1A1A,0x1A1A,0x1A1A,0x1A1A,
	0x1A1A,0x1A1A,0x1A1A,0x1A1A,0x1A1A,0x1A1A,0x1A1A,0x1A1A,

	0x1A1A,0x0A1A,0x0A0A,0x0A0A,0x1A1A,0x1A1A,0x0A1A,0x0A1A,
	0x1A1A,0x0A0A,0x0A0A,0x0A0A,0x0A1A,0x1A1A,0x0A1A,0x1A0A,
	0x1A1A,0x1A1A,0x0A1A,0x1A0A,0x1A1A,0x1A1A,0x0A1A,0x0A0A,
	0x1A1A,0x1A1A,0x0A1A,0x0A0A,0x1A1A,0x1A1A,0x0A0A,0x0A0A,
	0x0A0A,0x0A0A,0x0A0A,0x1A1A,0x0A0A,0x0A0A,0x0A0A,0x1A1A,
	0x0A0A,0x0A0A,0x1A0A,0x1A1A,0x0A0A,0x0A0A,0x0A0A,0x0A1A,
	0x0A0A,0x0A0A,0x0A0A,0x0A0A,0x0A0A,0x0A0A,0x0A1A,0x0A0A,
	0x0A0A,0x1A0A,0x0A1A,0x0A1A,0x0A0A,0x0A0A,0x0A0A,0x0A0A,

	0x1A1A,0x1A1A,0x1A1A,0x1A1A,0x1A1A,0x1A1A,0x1A1A,0x1A1A,
	0x1A1A,0x1A1A,0x1A1A,0x1A1A,0x321A,0x321A,0x1A1A,0x1A1A,
	0x0A1A,0x0A32,0x0A32,0x1A1A,0x3232,0x0A0A,0x1A0A,0x1A1A,
	0x1A0A,0x0A0A,0x0A1A,0x1A1A,0x1A1A,0x1A1A,0x1A1A,0x1A1A,
	0x1A1A,0x1A1A,0x1A1A,0x1A1A,0x1A1A,0x1A1A,0x1A1A,0x1A1A,
	0x1A1A,0x1A1A,0x1A1A,0x1A1A,0x1A1A,0x1A1A,0x1A1A,0x1A1A,
	0x1A1A,0x1A1A,0x1A1A,0x1A1A,0x1A1A,0x1A1A,0x1A1A,0x1A1A,
	0x1A1A,0x1A1A,0x1A1A,0x1A1A,0x1A1A,0x1A1A,0x1A1A,0x1A1A,

	0x1A1A,0x1A1A,0x1A1A,0x1A1A,0x1A1A,0x1A1A,0x1A1A,0x1A1A,
	0x1A1A,0x1A1A,0x1A1A,0x1A1A,0x1A1A,0x1A1A,0x1A1A,0x1A1A,
	0x1A1A,0x1A1A,0x1A1A,0x1A1A,0x1A1A,0x1A1A,0x1A1A,0x1A1A,
	0x1A1A,0x1A1A,0x1A1A,0x1A1A,0x1A1A,0x1A1A,0x1A1A,0x1A1A,
	0x1A1A,0x1A1A,0x1A1A,0x1A1A,0x1A1A,0x1A1A,0x1A1A,0x1A1A,
	0x1A1A,0x1A1A,0x1A1A,0x1A1A,0x1A1A,0x1A1A,0x321A,0x0A1A,
	0x1A1A,0x1A1A,0x0A0A,0x0A0A,0x1A1A,0x1A1A,0x0A1A,0x0A0A,
	0x0A0A,0x1A1A,0x0A0A,0x0A0A,0x0A1A,0x1A0A,0x1A1A,0x1A1A,

	0x1A1A,0x1A1A,0x0A1A,0x1A1A,0x1A1A,0x1A1A,0x0A1A,0x1A0A,
	0x1A1A,0x0A1A,0x0A1A,0x0A0A,0x1A1A,0x1A1A,0x0A0A,0x0A0A,
	0x1A1A,0x0A0A,0x0A32,0x0A0A,0x0A0A,0x1A0A,0x0A0A,0x0A0A,
	0x0A0A,0x1A1A,0x0A0A,0x0A1A,0x0A0A,0x0A0A,0x0A0A,0x0A0A,
	0x1A1A,0x1A1A,0x1A1A,0x1A1A,0x1A1A,0x0A1A,0x1A1A,0x1A1A,
	0x0A1A,0x0A0A,0x1A0A,0x1A1A,0x0A0A,0x0A0A,0x1A1A,0x1A1A,
	0x0A0A,0x0A1A,0x1A1A,0x1A1A,0x1A0A,0x1A1A,0x1A1A,0x1A1A,
	0x1A0A,0x1A1A,0x1A1A,0x1A1A,0x0A0A,0x1A1A,0x1A1A,0x1A1A,

	0x1A1A,0x1A1A,0x1A1A,0x1A1A,0x1A1A,0x1A1A,0x1A1A,0x1A1A,
	0x1A1A,0x1A1A,0x1A1A,0x1A1A,0x1A1A,0x1A1A,0x1A1A,0x1A1A,
	0x1A1A,0x1A1A,0x1A1A,0x1A1A,0x1A1A,0x1A1A,0x1A1A,0x1A1A,
	0x1A1A,0x1A1A,0x1A1A,0x1A1A,0x1A1A,0x1A1A,0x1A1A,0x1A1A,
	0x1A1A,0x1A1A,0x9B9B,0x6262,0x1A1A,0x9B9B,0x2E2E,0x2E2E,
	0x1A1A,0x9B1A,0x2E9B,0x9B2E,0x1A1A,0x9B1A,0x9B9B,0x2E9B,
	0x1A1A,0x9B1A,0x9B9B,0x2E2E,0x1A1A,0x1A1A,0x1A1A,0x9B9B,
	0x1A1A,0x1A1A,0x1A1A,0x9B9B,0x1A1A,0x1A1A,0x1A1A,0x9B1A,

	0x2E2E,0x62BD,0xBDBD,0xBD27,0x2E2E,0xBD62,0xBDBD,0xBDBD,
	0x6262,0xBDBD,0xBD62,0xBDBD,0x6262,0x6262,0x6262,0x6262,
	0x622E,0x622E,0xBD62,0xBD62,0x2E2E,0x2E2E,0x622E,0x6262,
	0x2E2E,0x2E9B,0x6262,0x2E62,0x9B9B,0x9B9B,0x2E2E,0x2E62,
	0xBDBD,0xBD62,0x6262,0x62BD,0xBDBD,0xBDBD,0x6262,0x6262,
	0xBD62,0xBD62,0xBD62,0x6262,0x62BD,0x6262,0xBDBD,0x622E,
	0x6262,0x62BD,0x6262,0x2E2E,0x6262,0xBDBD,0x6262,0x2E2E,
	0x2E62,0x6262,0x2E62,0x2E2E,0x2E2E,0x6262,0x622E,0x2E84,

	0xBDBD,0x6262,0x6262,0xBDBD,0x6262,0x622E,0xBD62,0xBD62,
	0x622E,0x622E,0x6262,0xBD62,0x2E2E,0x2E2E,0x6262,0xBDBD,
	0x2E2E,0x2E2E,0x6262,0xBDBD,0x2E2E,0x2E9B,0x6262,0x9B2E,
	0x9B2E,0x845C,0x2E2E,0x2E2E,0x2E84,0x2E84,0x2E9B,0x8484,
	0xBDBD,0x62BD,0xBDBD,0x6262,0xBDBD,0xBDBD,0xBDBD,0x6262,
	0x62BD,0xBDBD,0xBDBD,0x6262,0xBD62,0x6262,0x6262,0x6262,
	0xBD2E,0x6262,0x6262,0xBDBD,0x2E2E,0x6262,0x6262,0x6262,
	0x2E2E,0xBD62,0x6262,0xBD62,0x8484,0x2E2E,0x6262,0x6262,

	0x6262,0x6262,0xBDBD,0xBDBD,0xBDBD,0xBDBD,0x6262,0xBDBD,
	0xBDBD,0xBDBD,0xBDBD,0xBDBD,0xBDBD,0xBDBD,0xBDBD,0xBDBD,
	0xBDBD,0xBDBD,0xBDBD,0xBDBD,0xBDBD,0xBDBD,0x27BD,0xBDBD,
	0xBDBD,0xBDBD,0xBDBD,0xBDBD,0xBD62,0xBDBD,0x2727,0xBDBD,
	0xBDBD,0x6262,0x2E2E,0xBD62,0xBD62,0x62BD,0x6262,0xBDBD,
	0xBDBD,0x62BD,0x62BD,0xBDBD,0xBDBD,0xBDBD,0xBDBD,0x6262,
	0xBDBD,0x62BD,0xBDBD,0x6262,0x6262,0xBDBD,0x2E62,0x2E2E,
	0xBDBD,0x6262,0x6262,0x9B62,0xBDBD,0xBDBD,0x622E,0x2E9B,

	0xBDBD,0xBD62,0xBDBD,0xBDBD,0xBDBD,0xBDBD,0xBDBD,0x2E2E,
	0x6262,0xBDBD,0x2EBD,0x2E2E,0x6262,0x9B62,0x9B2E,0x9B9B,
	0x6262,0x2E2E,0x9B9B,0x9B9B,0x9B2E,0x2E2E,0x2E2E,0x9B9B,
	0x2E2E,0x9B9B,0x2E2E,0x9B9B,0x9B9B,0x9B9B,0x9B9B,0x1A9B,
	0x1A1A,0x1A1A,0x1A1A,0x1A1A,0x1A1A,0x1A1A,0x1A1A,0x1A1A,
	0x1A1A,0x1A1A,0x1A1A,0x1A1A,0x1A1A,0x1A1A,0x1A1A,0x1A1A,
	0x1A9B,0x1A1A,0x1A1A,0x1A1A,0x1A1A,0x1A1A,0x1A1A,0x1A1A,
	0x1A9B,0x1A1A,0x1A1A,0x1A1A,0x1A1A,0x1A1A,0x1A1A,0x1A1A,

	0x1A1A,0x1A1A,0x1A1A,0x1A1A,0x1A1A,0x1A1A,0x1A1A,0x1A1A,
	0x1A1A,0x1A1A,0x1A1A,0x1A1A,0x1A1A,0x1A1A,0x1A1A,0x1A1A,
	0x1A1A,0x1A1A,0x1A1A,0x1A1A,0x1A1A,0x1A1A,0x1A1A,0x1A1A,
	0x1A1A,0x1A1A,0x1A1A,0x1A1A,0x1A1A,0x1A1A,0x1A1A,0x1A1A,
	0x1A1A,0x1A1A,0x1A1A,0x1A1A,0x1A1A,0x1A1A,0x1A1A,0x1A1A,
	0x1A1A,0x1A1A,0x1A1A,0x1A1A,0x1A1A,0x1A1A,0x1A1A,0x1A1A,
	0x1A1A,0x1A1A,0x1A1A,0x1A1A,0x1A1A,0x1A1A,0x1A1A,0x1A1A,
	0x1A1A,0x1A1A,0x1A1A,0x1A1A,0x1A1A,0x1A1A,0x1A1A,0x1A1A,

	0x1A1A,0x1A1A,0x1A1A,0x1A1A,0x1A1A,0x1A1A,0x1A1A,0x1A1A,
	0x1A1A,0x1A1A,0x1A1A,0x1A1A,0x1A1A,0x1A1A,0x1A1A,0x1A1A,
	0x1A1A,0x1A1A,0x1A1A,0x1A1A,0x1A1A,0x1A1A,0x1A1A,0x1A1A,
	0x1A1A,0x1A1A,0x1A1A,0x1A1A,0x1A1A,0x1A1A,0x1A1A,0x1A1A,
	0x1A1A,0x1A1A,0x1A1A,0x1A1A,0x1A1A,0x1A1A,0x1A1A,0x1A1A,
	0x1A1A,0x1A1A,0x1A1A,0x1A1A,0x1A1A,0x1A1A,0x1A1A,0x1A1A,
	0x1A1A,0x1A1A,0x1A1A,0x1A1A,0x1A1A,0x1A1A,0x1A1A,0x1A1A,
	0x1A1A,0x1A1A,0x1A1A,0x1A1A,0x1A1A,0x1A1A,0x1A1A,0x1A1A,

	0x1A1A,0x1A1A,0x1A1A,0x1A1A,0x1A1A,0x1A1A,0x1A1A,0x1A1A,
	0x1A1A,0x1A1A,0x1A1A,0x1A1A,0x1A1A,0x1A1A,0x1A1A,0x1A1A,
	0x1A1A,0x1A1A,0x1A1A,0x1A1A,0x1A1A,0x1A1A,0x1A1A,0x1A1A,
	0x1A1A,0x1A1A,0x1A1A,0x1A1A,0x1A1A,0x1A1A,0x1A1A,0x1A1A,
	0x1A1A,0x1A1A,0x1A1A,0x1A1A,0x1A1A,0x1A1A,0x1A1A,0x1A1A,
	0x1A1A,0x1A1A,0x1A1A,0x1A1A,0x1A1A,0x1A1A,0x3E1A,0x3E3E,
	0x1A1A,0x1A1A,0x3E1A,0x3E3E,0x1A1A,0x1A1A,0x3E3E,0x3E3E,
	0x1A1A,0x1A1A,0x3E3E,0x3E3E,0x3E1A,0x3E1A,0x3EC8,0x3E3E,

	0x1A1A,0x1A1A,0x1A1A,0x1A1A,0x1A1A,0x1A1A,0x1A1A,0x1A1A,
	0x1A1A,0x1A1A,0x1A1A,0x1A1A,0x1A3E,0x1A1A,0x1A1A,0x1A1A,
	0x1A3E,0x1A1A,0x1A1A,0x1A1A,0x3E3E,0x1A1A,0x1A1A,0x1A1A,
	0x1AC8,0x1A1A,0x1A1A,0x1A1A,0x3EC8,0x3E3E,0x1A1A,0x1A1A,
	0x1A1A,0x1A1A,0x1A1A,0x1A1A,0x1A1A,0x1A1A,0x1A1A,0x1A1A,
	0x1A1A,0x1A1A,0x1A1A,0x1A1A,0x1A1A,0x1A1A,0x1A1A,0x1A1A,
	0x1A1A,0x1A1A,0x1A1A,0x1A1A,0x1A1A,0x1A1A,0x1A1A,0x1A1A,
	0x1A1A,0x1A1A,0x1A1A,0x1A1A,0x1A1A,0x1A1A,0x1A1A,0x1A1A,

	0x1A1A,0x1A1A,0x1A0D,0x1A1A,0x0D1A,0x0D1A,0x1A19,0x1A1A,
	0x191A,0x1A1A,0x1A1A,0x1A1A,0x1A1A,0x1A1A,0x1A1A,0x9595,
	0x1A1A,0x1A1A,0x1A1A,0x9519,0x1A1A,0x1A1A,0x1A1A,0x1A1A,
	0x1A1A,0x1A1A,0x1A1A,0x1A1A,0x1A1A,0x1A1A,0x1A1A,0x1A1A,
	0x1A1A,0x1A1A,0x1A1A,0x1A1A,0x0D0D,0x1A1A,0x1A1A,0x1A1A,
	0x0D0D,0x1A1A,0x1A1A,0x1A1A,0x1A1A,0x9595,0x1A1A,0x1A1A,
	0x1A1A,0x1919,0x1A1A,0x1A1A,0x1A1A,0x1A1A,0x1A1A,0x1A1A,
	0x1A1A,0x1A1A,0x1A1A,0x1A1A,0x1A1A,0x1A1A,0x1A1A,0x1A1A,

	0x1A1A,0x1A1A,0x1A1A,0x191A,0x1A1A,0x1A1A,0x1A1A,0x1A1A,
	0x1A1A,0x1A1A,0x1A1A,0x1A1A,0x1A1A,0x1A1A,0x1A1A,0x1A1A,
	0x1A1A,0x1A1A,0x1A1A,0x1A1A,0x1A1A,0x1A1A,0x1A1A,0x1A1A,
	0x1A1A,0x1A1A,0x2828,0x2828,0x1A1A,0x1A1A,0x1A1A,0x1A1A,
	0x0D19,0x1A1A,0x1A1A,0x1A1A,0x1A28,0x0D1A,0x1A1A,0x1A1A,
	0x281A,0x0D1A,0x1A1A,0x1A1A,0x1A1A,0x2828,0x1A1A,0x0E0E,
	0x1A1A,0x3434,0x2828,0x3434,0x1A1A,0x341A,0x0E34,0x1A34,
	0x2828,0x3434,0x1A0E,0x1A1A,0x1A1A,0x1A1A,0x1A1A,0x1A28,

	0x1A1A,0x1A1A,0x1A0E,0x1A1A,0x1A34,0x0E0E,0x0E0E,0x0E0E,
	0x2834,0x1A1A,0x1A1A,0x1A1A,0x2828,0x2828,0x2828,0x1A1A,
	0x2828,0x2828,0x2828,0x2828,0x1A1A,0x1A1A,0x1A1A,0x2828,
	0x1A1A,0x1A1A,0x1A1A,0x0E0E,0x1A1A,0x1A1A,0x1A1A,0x341A,
	0x0E1A,0x2828,0x1A28,0x1A1A,0x1A1A,0x28C4,0x2834,0x280E,
	0x0E0E,0xC41A,0x2834,0x0E0E,0x1A1A,0x280E,0x2828,0x1A1A,
	0x1A1A,0x280E,0x3428,0x1A1A,0x1A1A,0x281A,0x2828,0x1A1A,
	0x1A34,0x0E1A,0x2828,0x0E0A,0x1A34,0x0E1A,0x340E,0x0A0E,

	0x3434,0x1A1A,0x1A1A,0x1A0E,0x1A34,0x0E0E,0x0E1A,0x1A1A,
	0x1A1A,0x1A0E,0x0E1A,0x1A1A,0x1A1A,0x1A0A,0x0E0E,0x0A1A,
	0x0E1A,0x0E0E,0x1A0E,0x0A1A,0x1A0E,0x0A0A,0x0A0A,0x3434,
	0x1A1A,0x0A0A,0x0A0A,0x0A34,0x1A1A,0x2828,0x3434,0x2834,
	0x1A1A,0x1A1A,0x1A1A,0x1A1A,0x1A1A,0x1A1A,0x1A28,0x121A,
	0x1A0A,0x2828,0x1A28,0x121A,0x3434,0x1A1A,0x1A0A,0x121A,
	0x0A34,0x0A0A,0x0A0A,0x1234,0x1A1A,0x0A0A,0x340A,0x0A0A,
	0x1A1A,0x0A0A,0x340E,0x0A0A,0x2828,0x2828,0x0A0A,0x0A0A,

	0x4B4B,0x4B4B,0x4B4B,0x4B4B,0x4B4B,0x4B4B,0x4B4B,0x4B4B,
	0x4B4B,0x2828,0x4B4B,0x4B4B,0x2828,0x4B4B,0x4B4B,0x4B4B,
	0x4B4B,0x4B4B,0x4B4B,0x4B4B,0x4B74,0x4B4B,0x4B4B,0x4B12,
	0x7474,0x4B4B,0x4B4B,0x7412,0x7474,0x4B4B,0x4B4B,0x744B,
	0x0A4B,0x0A0A,0x0A0A,0xC83E,0x0A4B,0x0A0A,0x0A0A,0x3E0A,
	0x0A4B,0x0A0A,0x0A0A,0xB10A,0x0A4B,0x0A0A,0x3E0A,0x3E0A,
	0x0A4B,0x0A0A,0x3E0A,0x3EC8,0x0A4B,0x0A0A,0x3E0A,0x3E3E,
	0x0A4B,0x0A0A,0x3E0A,0x3E3E,0x0A4B,0x0A0A,0x3E0A,0x3E3E,

	0x3E3E,0xC8C8,0xB1C8,0xC8C8,0xC8C8,0xC8C8,0x84B1,0x5757,
	0xC8C8,0xC8C8,0xB1B1,0x5752,0xC8B1,0xC8B1,0xC8B1,0x5757,
	0xB1B1,0xB1B1,0xC884,0x5757,0xC83E,0xC8C8,0x5757,0x2525,
	0xC8C8,0xC8C8,0x5757,0x6157,0x3E3E,0x573E,0x5757,0x5261,
	0x1D1D,0x5757,0x5712,0x1257,0x5712,0x5257,0x5212,0x5712,
	0x1257,0x5252,0x5212,0x5712,0x1257,0x5252,0x1212,0x5757,
	0x1257,0x1257,0x5712,0x5757,0x5757,0x1274,0x5752,0x2552,
	0x5257,0x7474,0x5752,0x2552,0x5252,0x5257,0x5274,0x5752,

	0x5757,0x0A3E,0x0A0A,0x0A0A,0x5257,0x0AB1,0x0A0A,0x0A0A,
	0x5757,0x0A0A,0x0A0A,0x0A0A,0x5757,0x0A0A,0x0A0A,0x0A0A,
	0x5757,0x0A0A,0x0A0A,0x0A0A,0x2525,0x0A3E,0x0A0A,0x120A,
	0x5757,0x0A0A,0x0A0A,0x1212,0x5757,0x3E57,0x1212,0x0A0A,
	0x0A0A,0x0A0A,0x040A,0x0431,0x0A0A,0x0A0A,0x3131,0x31A5,
	0x0A0A,0x180A,0x3131,0xA504,0x0A18,0x3131,0x3131,0x3104,
	0x1818,0x0404,0x3131,0x0431,0x0A0A,0x3131,0x3131,0x3131,
	0x0A0A,0x3104,0x3131,0x3131,0x0A0A,0x3131,0x3104,0x3104,

	0x3131,0x3131,0x0431,0x0431,0x0404,0x0431,0x0431,0xA5A5,
	0x0404,0x3131,0x0404,0x3131,0x3104,0xA504,0x0404,0x3131,
	0x0404,0xC5A5,0x0404,0x3131,0x0431,0xC5A5,0x3131,0x3131,
	0x0431,0x2431,0x3131,0x0431,0xA504,0x2404,0x0404,0x3131,
	0x3131,0x0A0A,0x0A0A,0x0A45,0x0431,0x0A45,0x4532,0x45AF,
	0x3131,0x4545,0xAFAF,0x45AF,0x0431,0x4545,0xAF45,0x0A45,
	0x3131,0x4545,0x4545,0x0A45,0x3131,0x4545,0x4545,0x4545,
	0x3131,0x4545,0x4545,0x4545,0xA5A5,0x0431,0x3131,0x4545,

	0x0A32,0x0A0A,0x0A18,0x1A10,0x4532,0x4545,0x4545,0x4545,
	0x45AF,0x4545,0x4545,0x4545,0x4545,0x4545,0x0A45,0x4545,
	0x4545,0x4545,0x0A45,0x4545,0x4545,0x4545,0x4545,0x4545,
	0x4545,0x4545,0x4545,0x4545,0x0A45,0x4545,0x4545,0x4545,
	0x9445,0x940E,0x9494,0x450A,0x3494,0x0E0E,0x0E0E,0x4545,
	0x3494,0x0E34,0x0E0E,0x4545,0x0E94,0x0E0E,0x0E0E,0x4545,
	0x0E94,0x0E0E,0x0E0E,0x4545,0x0E94,0x940E,0x940E,0x4594,
	0x0E0E,0x940E,0x940A,0x4594,0x0A0E,0x940E,0x450A,0x4545,

	0x1A1A,0x1A1A,0x1A1A,0x1A1A,0x1A1A,0x1A1A,0x1A1A,0x1A1A,
	0x1A1A,0x1A1A,0x1A1A,0x1A1A,0x1A1A,0x1A1A,0x1A1A,0x1A1A,
	0x1A1A,0x1A1A,0x1A1A,0x1A1A,0x1A1A,0x1A1A,0x1A1A,0x1A1A,
	0x1A1A,0x1A1A,0x1A1A,0x1A1A,0x1A1A,0x1A1A,0x1A1A,0x1A1A,
	0x1A1A,0x1A1A,0x1A1A,0x1A1A,0x1A1A,0x1A1A,0x1A1A,0x1A1A,
	0x1A1A,0x1A1A,0x0A1A,0x1A1A,0x1A1A,0x1A1A,0x1A1A,0x0A0A,
	0x1A1A,0x1A1A,0x1A1A,0x0A1A,0x1A1A,0x0A1A,0x1A1A,0x1A0A,
	0x1A1A,0x1A1A,0x1A1A,0x1A0A,0x1A1A,0x0A0A,0x0A0A,0x320A,

	0x0A1A,0x0A0A,0x0A0A,0x210A,0x0A0A,0x1A1A,0x0A0A,0x2121,
	0x0A0A,0x1A1A,0x210A,0x2121,0x0A0A,0x0A1A,0x2121,0x2121,
	0x0A0A,0x0A1A,0x21AC,0x2121,0x0A0A,0x1A1A,0xACAC,0x2121,
	0x0A32,0x1A0A,0xACAC,0xA4AC,0x1A1A,0x1A1A,0xAC1A,0xACAC,
	0x2121,0x9221,0x7E7E,0x48B7,0x2121,0x2121,0x7E7E,0xB748,
	0x2121,0x2121,0x7E7E,0x487E,0x2121,0x2121,0x7E21,0xB778,
	0x2121,0x2121,0x7E48,0xB778,0xA4A4,0xA4A4,0x48A4,0x787E,
	0xA4A4,0xA4A4,0x48A4,0x487E,0xA4A4,0xA4A4,0xA4A4,0x7E7E,

	0x48B7,0x48B7,0x48B7,0xB448,0xB748,0xB7B7,0xB7B7,0x48B7,
	0x78B7,0x78B7,0x48B7,0x48B7,0xB778,0xB7B7,0xB77E,0xB7B7,
	0x787E,0x78B7,0xB7B7,0xB7B7,0xB7B7,0xB77E,0xB7B7,0xB7B7,
	0xB7B7,0xB7B7,0xB7B7,0xB7B7,0xB7B7,0xB7B7,0xB7B7,0xB7B7,
	0x8521,0x8585,0x8585,0x8585,0x217E,0x8585,0x8585,0x8585,
	0x217E,0x8585,0x8585,0x8585,0x7E7E,0x8521,0x8585,0x8585,
	0x7E7E,0x8521,0x8585,0x8585,0x7E48,0x2148,0x8585,0x8585,
	0x48B7,0x21B7,0x8521,0x8585,0xB7B7,0xB7B7,0x2121,0x8585,

	0x7C7C,0x7C7C,0x777C,0x7777,0x7C85,0x7C7C,0x7C7C,0x7777,
	0x8585,0x7C7C,0x7C7C,0x7777,0x8585,0x7C7C,0x7C7C,0x7C7C,
	0x8585,0x7C85,0x7C7C,0x7C7C,0x8585,0x8585,0x7C7C,0x7C7C,
	0x8585,0x8585,0x7C85,0x7C7C,0x8585,0x8585,0x8585,0x7C7C,
	0x2A2A,0x2A2A,0x0A2A,0x0A0A,0x7777,0x2A2A,0x2121,0x3838,
	0x7777,0x2121,0x2121,0x3838,0x2121,0x3821,0x3838,0x3838,
	0x3821,0x3838,0x3838,0x3838,0x7C7C,0x3838,0x3838,0x2A2A,
	0x7C7C,0x217C,0x7721,0x212A,0x7C7C,0x7C7C,0x7C7C,0x2121,

	0x0A0A,0x0A0A,0x0A0A,0x0A0A,0x0A38,0x0A0A,0x3838,0x0A38,
	0x3838,0x3838,0x3838,0x3838,0x8C8C,0x3838,0x3838,0x3838,
	0x388C,0x3838,0x3838,0x3838,0x3838,0x3838,0x3838,0x3838,
	0x2121,0x3821,0x3838,0x3838,0x2121,0x2121,0x2121,0x3838,
	0x0A0A,0x0A0A,0x0A0A,0x0A0A,0x0A0A,0x0A0A,0x0A0A,0x0A0A,
	0x0A0A,0x0A0A,0x0A0A,0x0A0A,0x3838,0x0A38,0x0A0A,0x0A0A,
	0x3838,0x3838,0x0A0A,0x0A0A,0x3838,0x3838,0x3838,0x3838,
	0x3838,0x3838,0x3838,0x2A2A,0x3838,0x2121,0x2A2A,0x2A2A,

	0x0A0A,0x0A0A,0x2A2A,0x2121,0x0A0A,0x0A0A,0x2A2A,0x2A2A,
	0x0A0A,0x0A0A,0x2A2A,0x2A2A,0x0A0A,0x0A0A,0x2A2A,0x2A2A,
	0x3838,0x3838,0x7777,0x2A2A,0x3838,0x3838,0x2121,0x7721,
	0x3838,0x3838,0x2121,0x2121,0x3838,0x3838,0x2138,0xBCBC,
	0x3838,0x2138,0x2121,0xBCBC,0x2A2A,0x2121,0xBC21,0xBCBC,
	0x2A2A,0x2121,0xBC21,0xBCBC,0x772A,0x7777,0xBCBC,0x8585,
	0x7777,0xBC77,0xBCBC,0x8585,0xBC77,0xBCBC,0x85BC,0x7C85,
	0xBCBC,0xBCBC,0x8585,0x7C7C,0xBCBC,0x85BC,0x7C7C,0x7C7C,

	0x8585,0x8585,0x7C7C,0x7C7C,0x8585,0x7C85,0x7C7C,0x7C7C,
	0x8585,0x7C85,0x7C7C,0x7C7C,0x8585,0x7C7C,0x7C7C,0x857C,
	0x7C85,0x7C7C,0x7C7C,0x8585,0x7C7C,0x7C7C,0x857C,0x8585,
	0x7C7C,0x7C7C,0x8585,0x8585,0x7C7C,0x857C,0x8585,0x8585,
	0x857C,0x8585,0x2121,0x487E,0x8585,0x8585,0x7E21,0x487E,
	0x8585,0x8585,0x7E21,0xB748,0x8585,0x2185,0x7E7E,0x48B7,
	0x8585,0x2121,0x7E7E,0xB748,0x2185,0x7E21,0x487E,0x787E,
	0x217E,0x7E21,0xB748,0x7EB7,0x217E,0x7E7E,0xB7B7,0xB7B7,

	0xB7B7,0xB7B7,0xB7B7,0xB7B7,0x48B7,0x48B7,0xB7B7,0xB7B7,
	0xB748,0xB7B7,0xB7B7,0xB7B7,0x48B7,0x48B7,0x48B7,0x48B7,
	0xB748,0xB7B7,0xB7B7,0x48B7,0x78B7,0x78B7,0x78B7,0xB478,
	0xB7B7,0xB778,0x7E78,0xB478,0x787E,0x78B7,0xB7B7,0xB4B4,
	0x7E48,0xA448,0xA4A4,0x2121,0xB4B4,0xA4A4,0xA4A4,0xA4A4,
	0xB4B4,0xA4A4,0xA4A4,0xA4A4,0x48B4,0xA4A4,0xA4A4,0xA4A4,
	0x48B4,0xA4A4,0xA4A4,0xA4A4,0xA448,0xA4A4,0xA4A4,0xACA4,
	0xA448,0xA4A4,0xA4A4,0xACA4,0xA4A4,0xA4A4,0xA48A,0xACAC,

	0x2121,0x0AAC,0x0A0A,0x1A0A,0xACAC,0x0A18,0x0A18,0x0A0A,
	0xACAC,0x0A18,0x1A18,0x0A0A,0xACAC,0x0A0A,0x0A0A,0x0A0A,
	0xACAC,0x0A0A,0x0A0A,0x0A0A,0x0AAC,0x0A0A,0x0A0A,0x0A0A,
	0x0AAC,0x0A0A,0x0A0A,0x0A0A,0x0A0A,0x0A0A,0x1A0A,0x0A1A,
	0x1A0A,0x1A1A,0x1A1A,0x1A1A,0x0A0A,0x0A1A,0x1A1A,0x1A1A,
	0x0A0A,0x1A1A,0x1A1A,0x1A1A,0x0A1A,0x0A0A,0x1A1A,0x1A1A,
	0x0A1A,0x0A0A,0x0A1A,0x0A1A,0x0A0A,0x0A0A,0x0A0A,0x0A1A,
	0x0A0A,0x0A0A,0x0A0A,0x1A1A,0x180A,0x1A0A,0x1A0A,0x1A0A,

	0x1A1A,0x1A1A,0x1A1A,0x1A1A,0x1A1A,0x1A1A,0x1A1A,0x1A1A,
	0x1A1A,0x1A1A,0x1A1A,0x1A1A,0x1A1A,0x1A1A,0x1A1A,0x1A1A,
	0x1A1A,0x1A1A,0x1A1A,0x1A1A,0x1A1A,0x1A1A,0x1A1A,0x1A1A,
	0x1A1A,0x1A1A,0x1A1A,0x1A1A,0x1A1A,0x1A1A,0x1A1A,0x1A1A,
	0x1A1A,0x1A1A,0x1A1A,0x1A1A,0x1A1A,0x1A1A,0x1A1A,0x1A1A,
	0x1A1A,0x1A1A,0x1A1A,0x1A1A,0x1A1A,0x1A1A,0x1A1A,0x1A1A,
	0x1A1A,0x1A1A,0x1A1A,0x1A1A,0x1A1A,0x1A1A,0x1A1A,0x1A1A,
	0x1A1A,0x1A1A,0x1A1A,0x1A1A,0x1A1A,0x1A1A,0x1A1A,0x1A1A,

	0x1A1A,0x1A1A,0x0A1A,0x0A0A,0x1A1A,0x1A1A,0x1A1A,0x1A0A,
	0x1A1A,0x1A1A,0x1A1A,0x1A1A,0x1A1A,0x1A1A,0x0A1A,0x0A0A,
	0x1A1A,0x1A1A,0x0A0A,0x0A0A,0x1A1A,0x1A1A,0x1A1A,0x0A1A,
	0x1A1A,0x1A1A,0x1A1A,0x0A1A,0x1A1A,0x1A1A,0x1A1A,0x1A1A,
	0x0A0A,0x0A0A,0x0A0A,0x0A0A,0x0A1A,0x180A,0x3B0A,0x0A3B,
	0x0A0A,0x1A1A,0x3B0A,0x1A1A,0x0A0A,0x1A1A,0x0A1A,0x1A1A,
	0x1A0A,0x1A1A,0x1A1A,0x0A3B,0x1A1A,0x1A1A,0x1A1A,0x1A1A,
	0x1A1A,0x1A1A,0x1A1A,0x1A1A,0x1A1A,0x1A1A,0x1A1A,0x1A1A,

	0x1A1A,0x1A1A,0x1A1A,0x1A1A,0x1A1A,0x1A18,0x1A0A,0x1A1A,
	0x1A0A,0x1818,0x1A0A,0x1A1A,0x0A0A,0x0A0A,0x1A3B,0x1A1A,
	0x0A0A,0x0A0A,0x1A0A,0x1A1A,0x1A1A,0x1A1A,0x1A1A,0x1A1A,
	0x1A1A,0x1A1A,0x1A1A,0x1A1A,0x4B4B,0x4B4B,0x4B4B,0x4B4B,
	0x1A1A,0x1A1A,0x1A1A,0x1A1A,0x1A1A,0x1A1A,0x1A1A,0x1A1A,
	0x1A1A,0x1A1A,0x1A1A,0x1A1A,0x1A1A,0x1A1A,0x1A1A,0x1A1A,
	0x1A1A,0x1A1A,0x1A1A,0x1A1A,0x1A1A,0x1A1A,0x1A1A,0x1A1A,
	0x1A1A,0x1A1A,0x1A1A,0x1A1A,0x4B4B,0x4B4B,0x4B4B,0x794B,

	0x1A1A,0x1A1A,0x1A1A,0x1A1A,0x1A1A,0x1A1A,0x1A1A,0x1A1A,
	0x1A1A,0x1A1A,0x1A1A,0x1A1A,0x1A1A,0x1A1A,0x1A1A,0x1A1A,
	0x1A1A,0x1A1A,0x1A1A,0x1A1A,0x1A1A,0x1A1A,0x1A1A,0x1A1A,
	0x1A1A,0x1A1A,0x1A1A,0x1A1A,0x1A1A,0x1A1A,0x1A1A,0x1A1A,
	0x1A1A,0x1A1A,0x1A1A,0x1A1A,0x1A1A,0x1A1A,0x1A1A,0x1A1A,
	0x1A1A,0x1A1A,0x1A1A,0x1A1A,0x1A1A,0x1A1A,0x1A1A,0x1A1A,
	0x1A1A,0x1A1A,0x1A1A,0x1A1A,0x1A1A,0x1A1A,0x1A1A,0x1A1A,
	0x1A1A,0x1A1A,0x1A1A,0x1A1A,0x1A1A,0x1A1A,0x1A1A,0x1A1A,

	0x0A0A,0x0A0A,0x0A0A,0x0A0A,0x0A1A,0x1A0A,0x0A0A,0x0A0A,
	0x1A1A,0x0A0A,0x0A0A,0x0A0A,0x1A1A,0x1818,0x1A1A,0x1A1A,
	0x0A0A,0x0A1A,0x1A1A,0x1A1A,0x1A1A,0x1A1A,0x1A1A,0x1A1A,
	0x1A1A,0x1A1A,0x1A1A,0x1A1A,0x1A1A,0x1A1A,0x4B1A,0x4B4B,
	0x0A0A,0x1A0A,0x1A1A,0x1A1A,0x0A0A,0x1A0A,0x0A1A,0x0A1A,
	0x0A0A,0x0A0A,0x0A1A,0x0A0A,0x1A0A,0x0A1A,0x0A0A,0x0A0A,
	0x1A1A,0x0A0A,0x0A0A,0x0A0A,0x1A0A,0x1A0A,0x1A1A,0x1A1A,
	0x1A0A,0x1A1A,0x1A1A,0x4C1A,0x4B4B,0x4B4C,0x4B4B,0x4B4B,

	0x1A1A,0x1A1A,0x1A1A,0x1A1A,0x1A1A,0x1A1A,0x1A1A,0x1A1A,
	0x1A1A,0x1A1A,0x1A1A,0x1A1A,0x1A1A,0x1A1A,0x1A1A,0x1A1A,
	0x1A1A,0x1A1A,0x1A1A,0x1A1A,0x4C4C,0x1A1A,0x1A1A,0x1A1A,
	0x4C4C,0x1A1A,0x1A1A,0x1A1A,0x4C4C,0x4C4C,0x5C5C,0x2A2A,
	0x1A1A,0x1A1A,0x1A1A,0x1A1A,0x1A1A,0x0D1A,0x951A,0x1A95,
	0x1A1A,0x1919,0x951A,0x1919,0x1A1A,0x1A1A,0x1A1A,0x1A1A,
	0x1A1A,0x1A1A,0x1A1A,0x1A95,0x1A1A,0x1A1A,0x1A1A,0x9519,
	0x1A1A,0x1A1A,0x1A1A,0x1A1A,0x4B4B,0x4B4B,0x4B4B,0x4B4B,

	0x1A1A,0x9B1A,0x2E2E,0x2E2E,0x1A1A,0x9B9B,0x9B9B,0x2E9B,
	0x1A1A,0x9B0D,0x9B9B,0x9B2E,0x1A1A,0x1A1A,0x9B9B,0x9B9B,
	0x1A1A,0x1A1A,0x9B9B,0x9B9B,0x9595,0x1A1A,0x1A1A,0x1A1A,
	0x9595,0x1A1A,0x1A1A,0x1A1A,0x4B4B,0x4B4B,0x4B4B,0x4B4B,
	0x2E2E,0x2E2E,0x2E2E,0x2E84,0x9B9B,0x9B2E,0x7B84,0x847B,
	0x9B2E,0x5C9B,0x7B84,0x9B7B,0x5C5C,0x5C5C,0x7B84,0x7B7B,
	0x9B9B,0x9B9B,0x9B5C,0x6767,0x9B9B,0x9B9B,0x9B9B,0x6767,
	0x9B9B,0x9B9B,0x1A9B,0xB567,0x4B4B,0x9B9B,0x9B9B,0xB54B,

	0x8484,0x847B,0x9B9B,0x677B,0x5C5C,0x7B9B,0x2E7B,0x6767,
	0x5C5C,0x9B9B,0x6767,0x6767,0x9B9B,0x0A1A,0x679B,0xAEB5,
	0x9B1A,0x9B1A,0x9B9B,0xB5B5,0x0A7B,0x0A0A,0x6751,0xAEB5,
	0x7BB5,0x0A1A,0xB567,0xB5AE,0xB5B5,0x677B,0xAEB5,0xB5B5,
	0x2E84,0x2E84,0x6262,0x6262,0x7B51,0x8484,0x2E2E,0x6262,
	0x677B,0x8484,0x8484,0x6262,0xB57B,0x9B9B,0x7B7B,0x9B2E,
	0xB567,0x9B67,0x7B7B,0x9B9B,0x67B5,0x6767,0x9B9B,0x9B1A,
	0x6767,0x5151,0x9B9B,0x7B1A,0x5167,0x9B9B,0x7B9B,0x677B,

	0xBD62,0xBDBD,0x27BD,0xBDBD,0xBD62,0xBD62,0xBDBD,0xBDBD,
	0x6262,0x6262,0xBDBD,0xBDBD,0x2E62,0x6262,0xBD62,0x2E2E,
	0x2E2E,0x6262,0xBD2E,0x2E2E,0x5C84,0x845C,0x9B9B,0x9B9B,
	0x517B,0x5C84,0x1A9B,0x1A9B,0x6767,0x9B9B,0x9B9B,0x4B4B,
	0xBDBD,0xBDBD,0x622E,0x2E9B,0xBDBD,0xBDBD,0x9B9B,0x9B9B,
	0xBDBD,0xBDBD,0x2E2E,0x9B9B,0xBDBD,0x9B9B,0x9B2E,0x9B1A,
	0x9B2E,0x9B9B,0x9B9B,0x9B1A,0x9B9B,0x1A9B,0x9B9B,0x1A1A,
	0x9B9B,0x3131,0x951A,0x1A95,0x4B4B,0x3131,0x3131,0x4B4B,

	0x9B9B,0x9B9B,0x9B9B,0x9B9B,0x1A9B,0x9B9B,0x1A1A,0x1A9B,
	0x9B9B,0x1A1A,0x1A1A,0x1A1A,0x1A1A,0x1A1A,0x1A1A,0x1A1A,
	0x1A1A,0x1A1A,0x1A1A,0x1A1A,0x1A1A,0x1A1A,0x1A1A,0x951A,
	0x1A1A,0x1A1A,0x1A1A,0x951A,0x4B4B,0x4B4B,0x4B4B,0x4B4B,
	0x1A1A,0x1A1A,0x1A1A,0x1A1A,0x1A1A,0x0D1A,0x951A,0x1A95,
	0x1A1A,0x1919,0x951A,0x1919,0x1A1A,0x1A1A,0x1A1A,0x1A1A,
	0x1A1A,0x1A1A,0x1A1A,0x1A95,0x1A1A,0x1A1A,0x1A1A,0x9519,
	0x1A1A,0x1A1A,0x1A1A,0x1A1A,0x4B4B,0x1A1A,0x1A1A,0x1A1A,

	0x1A1A,0x1A1A,0x1A1A,0x1A1A,0x1A1A,0x1A0D,0x1A1A,0x1A1A,
	0x1A1A,0x0D0D,0x951A,0x1A1A,0x1A1A,0x1A1A,0x1995,0x1A1A,
	0x1A1A,0x1A1A,0x1A1A,0x1A1A,0x9595,0x1A1A,0x1A1A,0x1A1A,
	0x9595,0x1A1A,0x1A1A,0x1A1A,0x4B4B,0x4B4B,0x4B4B,0x4B4B,
	0x1A1A,0x1A1A,0x1A1A,0x1A1A,0x1A1A,0x1A1A,0x1A1A,0x1A1A,
	0x1A1A,0x1A1A,0x1A1A,0x1A1A,0x1A1A,0x1A1A,0x1A1A,0x1A1A,
	0x1A1A,0x1A1A,0x1A3E,0x1A1A,0x1A1A,0x3E1A,0x3E3E,0x1A3E,
	0x1A1A,0x1A1A,0x3E3E,0x1A3E,0x4B4B,0x3E3E,0x3E3E,0x3FC8,

	0x1A1A,0x1A1A,0x1A1A,0x1A1A,0x1A1A,0x1A1A,0x1A1A,0x1A1A,
	0x1A1A,0x1A1A,0x1A1A,0x1A1A,0x1A1A,0x1A1A,0x1A1A,0x1A1A,
	0x1A1A,0x1A1A,0x1A1A,0x1A1A,0x3E1A,0x1A1A,0x1A1A,0x1A1A,
	0x3E3E,0x1A1A,0x1A1A,0x1A1A,0x3EC8,0x3E3E,0x951A,0x951A,
	0x1A1A,0x1A1A,0x1A1A,0x1A1A,0x1A1A,0x1A1A,0x1A95,0x9595,
	0x1A1A,0x1A1A,0x9595,0x1995,0x1A1A,0x1A1A,0x1A1A,0x1A1A,
	0x1A1A,0x1A1A,0x1A1A,0x1A1A,0x1A1A,0x1A1A,0x1A1A,0x1A1A,
	0x1A1A,0x1A1A,0x1A1A,0x1A1A,0x1A1A,0x1A1A,0x1A1A,0x1A0D,

	0x1A1A,0x1A1A,0x1A1A,0x1A1A,0x1A1A,0x1A1A,0x1A1A,0x1A1A,
	0x1A1A,0x0D1A,0x1A1A,0x1A1A,0x1A1A,0x1A1A,0x1A1A,0x1A1A,
	0x1A1A,0x1A1A,0x1A1A,0x3E1A,0x0D1A,0x1A1A,0x1A1A,0xC81A,
	0x0D0D,0x1A1A,0x1A1A,0x3E3E,0x190D,0x1A1A,0x1A1A,0x3EC8,
	0x3E1A,0x3E3E,0x3EC8,0x3E3E,0x3E3E,0x3E3E,0xC8C8,0x3EC8,
	0x3E3E,0x3E3E,0xC83E,0x3EC8,0x3EC8,0x3EC8,0x3E3E,0x3E3E,
	0xB1C8,0x3EC8,0x3E3E,0xC8C8,0x3E3E,0x3EB1,0x3EC8,0x3E3E,
	0xC83E,0xC8C8,0x3E3E,0x3E3E,0x3E3E,0xC8C8,0xC8C8,0x3E1D,

	0x3E3E,0x3E3E,0x1A1A,0x1A1A,0xC8C8,0x3E3E,0x1A3E,0x1A1A,
	0x3EC8,0x3E3E,0x1AC8,0x1A1A,0x3EC8,0xC8C8,0x1A3E,0x1A1A,
	0xC8C8,0xB1B1,0x1AC8,0x1A1A,0xB1C8,0x3E3E,0x3E3E,0x1A1A,
	0xC8C8,0x3E3E,0x3E3E,0x1A1A,0x3EC8,0x3E3E,0x3E3E,0x1A1A,
	0x1A1A,0x1A1A,0x1A1A,0x1A1A,0x1A1A,0x1A1A,0x1A1A,0x1A1A,
	0x1A1A,0x1A1A,0x1A1A,0x1A1A,0x1A1A,0x1A1A,0x1A1A,0x1A1A,
	0x1A1A,0x1A1A,0x1A1A,0x1A1A,0x1A0A,0x1A1A,0x1A1A,0x1A1A,
	0x1A19,0x1A1A,0x1A1A,0x1A1A,0x1A1A,0x1A1A,0x1A1A,0x1A1A,

	0x1A1A,0x1A1A,0x1A1A,0x1A1A,0x1A1A,0x1A1A,0x1A1A,0x1A1A,
	0x1A1A,0x1A1A,0x1A1A,0x1A1A,0x1A1A,0x1A1A,0x1A1A,0x1A1A,
	0x1A1A,0x1A1A,0x1A1A,0x1A1A,0x1A1A,0x1A1A,0x1A1A,0x1A1A,
	0x1A1A,0x1A1A,0x1A1A,0x1A1A,0x4B4B,0x4B4B,0x4B4B,0x4B4B,
	0x1A1A,0x1A1A,0x1A1A,0x1A1A,0x1A1A,0x1A1A,0x1A1A,0x1A1A,
	0x1A1A,0x1A1A,0x1A1A,0x1A1A,0x1A1A,0x1A1A,0x1A1A,0x1A1A,
	0x1A1A,0x1A1A,0x1A1A,0x1A1A,0x1A1A,0x1A1A,0x1A1A,0x1A1A,
	0x1A1A,0x1A1A,0x1A1A,0x1A1A,0x4B4B,0x4B4B,0x4B4B,0x3F5A,

	0x1A1A,0x1A1A,0x1A1A,0x1A1A,0x1A1A,0x1A1A,0x1A1A,0x1A1A,
	0x1A1A,0x1A1A,0x1A1A,0x1A1A,0x1A1A,0x1A1A,0x1A1A,0x1A1A,
	0x1A1A,0x1A57,0x1A1A,0x1A1A,0x571A,0x5757,0x1A57,0x1A1A,
	0x5257,0x5757,0x5757,0x1A1A,0x5757,0x5757,0x1A52,0x4B4B,
	0x1A1A,0x1A1A,0x1A1A,0x281A,0x1A1A,0x1A1A,0x1A1A,0x1A1A,
	0x1A1A,0x1A1A,0x1A1A,0x1A1A,0x1A1A,0x1A1A,0x1A1A,0x281A,
	0x1A28,0x1A1A,0x1A1A,0x2828,0x1A1A,0x3434,0x1A1A,0x1A28,
	0x1A1A,0x281A,0x2828,0x2828,0x4B4B,0x4B4B,0x4B4B,0x4B4B,

	0x1A1A,0x1A1A,0x1A1A,0xC41A,0x1A28,0x2828,0x1A1A,0x1A1A,
	0x2828,0x1A28,0x1A1A,0x1A1A,0x2828,0x1A1A,0x1A1A,0x1A0E,
	0x1A1A,0x1A1A,0x1A1A,0x1A0E,0x1A1A,0x0E0E,0x1A1A,0x1A0E,
	0x1A1A,0x1A1A,0x0E0E,0x1A1A,0x2828,0x5A28,0x4B3F,0x4B0E,
	0x3434,0x341A,0x3434,0x1A0E,0x3434,0xC41A,0x3434,0x3434,
	0x3434,0xC4C4,0x3428,0x2834,0x34C4,0xC434,0x2828,0x2828,
	0x34C4,0x2828,0x2828,0x3428,0xC41A,0x2828,0x0E28,0xC40E,
	0x1A1A,0x2828,0x2828,0x0A0E,0x4B4B,0xC44B,0x3434,0x4B34,

	0x281A,0x2828,0x0E0E,0x0A0A,0x2828,0xC428,0x0A0A,0x0A0A,
	0x3428,0x0AC4,0x0A0A,0x1A1A,0xC434,0x0A0A,0x0A0A,0x0A1A,
	0x0AC4,0x0E0A,0x0A0A,0x0A0A,0x1A1A,0x0E0A,0x0A0A,0x0A0A,
	0x0A1A,0x0E0A,0x0A0A,0x0A0E,0x4B4B,0x0E0E,0x4B4B,0x4B4B,
	0x0A0A,0x0A0A,0x0A0A,0x0A0A,0x0A0A,0x0A0A,0x0A0A,0x0A0A,
	0x0A0A,0x0A0A,0x0A0A,0x0A0A,0x0A0A,0x0A0A,0x0A34,0x3B0A,
	0x0A0A,0x340A,0x0A0A,0x0A0A,0x2828,0x0A28,0x0A0A,0x0A0A,
	0x2828,0x0A0A,0x0A0A,0x0A0A,0x284B,0x4B4B,0x4B4B,0x4B4B,

	0x7479,0x7979,0x7979,0x7479,0x4B4B,0x1212,0x1212,0x744B,
	0x4B4B,0x4B4B,0x1212,0x7412,0x4B4B,0x4B4B,0x4B4B,0x124B,
	0x4B4B,0x4B4B,0x4B4B,0x974B,0x4B12,0x4B4B,0x4B4B,0x4B4B,
	0x4B12,0x4B4B,0x4B4B,0x4B4B,0x1212,0x4B4B,0x4B4B,0x4B4B,
	0x0A79,0x0A0A,0x3E0A,0xC812,0x0A4B,0x0A0A,0x0A0A,0x1212,
	0x0A4B,0x0A0A,0x0A0A,0x1212,0x1212,0x0A0A,0x0A61,0x740A,
	0x1212,0x0A12,0x6161,0x0A0A,0x1274,0x7412,0x0A0A,0x0A0A,
	0x7474,0x1274,0x0A12,0x0A0A,0x614B,0x1212,0x0A12,0x7461,

	0xC83E,0x573E,0x5757,0x5261,0xC8C8,0x5761,0x5757,0x5757,
	0xC8C8,0x6184,0x5757,0x5757,0x8474,0x57C8,0x6161,0x5757,
	0x0074,0x5757,0x5252,0x1261,0x7474,0x1274,0x1212,0x5757,
	0x7474,0x1274,0x5252,0x5757,0x6174,0x5757,0x5757,0x2525,
	0x5252,0x5257,0x5274,0x5757,0x5752,0x2525,0x7474,0x5757,
	0x1257,0x2525,0x1212,0x5757,0x5212,0x5757,0x1297,0x1212,
	0x5225,0x5225,0x1297,0x1212,0x6152,0x2525,0x6161,0x1212,
	0x5757,0x2585,0x7474,0x1274,0x5752,0x7461,0x1212,0x6125,

	0x5757,0x1212,0x1212,0x0A0A,0x1212,0x1212,0x0A0A,0x0A0A,
	0x1212,0x8452,0x0A0A,0x0A0A,0x1212,0x5757,0x1212,0x1212,
	0x2557,0x5757,0x5761,0x0A0A,0x5752,0x5757,0x5757,0x1818,
	0x5752,0x6157,0x5761,0x181A,0x6161,0x5761,0x2557,0x0A0A,
	0x0A0A,0x0431,0x0431,0x0404,0x0A0A,0x120A,0x1212,0x0431,
	0x0A0A,0x1212,0xA531,0x0404,0x3112,0x3131,0x0404,0xA5A5,
	0x1212,0x3112,0x0404,0xA504,0x6131,0x3131,0x3131,0x3131,
	0x3161,0x3131,0x3131,0x3104,0x0431,0x3131,0x3131,0x3131,

	0xA524,0xA5A5,0x04A5,0x0431,0x0431,0x24A5,0x3131,0x0404,
	0x3131,0xC524,0x3131,0x24A5,0x0404,0xC5C5,0xA524,0x31C5,
	0xA5A5,0xC524,0xC5A5,0x3104,0x3131,0x24A5,0x24C5,0x0404,
	0x3104,0x2404,0x24C5,0x3131,0x0404,0xA5A5,0x0404,0x0404,
	0x04A5,0x3131,0x3131,0x4545,0x3131,0x3131,0x3131,0x4545,
	0x0431,0x3131,0x3131,0x4545,0x3104,0x3131,0x3131,0x450A,
	0x3131,0x0404,0x3104,0x450A,0x3104,0x3131,0x3131,0x0A18,
	0xA504,0x0404,0x0AA5,0x1818,0x0404,0xA504,0x0A3B,0x181A,

	0x0A45,0x4545,0x4545,0x4545,0x4545,0x4545,0x4545,0x4545,
	0x4545,0x4545,0x4545,0x4545,0x0A45,0x4545,0x4545,0x4545,
	0x0A0A,0x450A,0x4545,0x4545,0x0A0A,0x8845,0x8845,0x4545,
	0x0A0A,0x8888,0x88C6,0x4588,0x1E0A,0x8888,0x8888,0x8888,
	0x4545,0x940A,0x4545,0x4545,0x4545,0x4545,0x4545,0x4545,
	0x1F1F,0x4545,0x4545,0x4545,0x1E10,0x4545,0x4545,0x4545,
	0x1E45,0x8845,0x4545,0x4545,0xC61E,0x8888,0x1F88,0x1E1F,
	0x8888,0x8888,0x1088,0x1E88,0x8888,0x8888,0x8888,0x8888,

	0x1A1A,0x1A1A,0x1A1A,0x1A1A,0x1A1A,0x1A1A,0x1A1A,0x1A1A,
	0x1A1A,0x1A1A,0x1A1A,0x1A1A,0x1A1A,0x1A1A,0x1A1A,0x1A1A,
	0x1A1A,0x1A1A,0x1A1A,0x1A1A,0x1A0A,0x1A1A,0x0A1A,0x0A1A,
	0x1A0A,0x1A0A,0x0A1A,0x1A0A,0x0A0A,0x1A1A,0x0A1A,0x1A1A,
	0x1A1A,0x1A1A,0x1A1A,0x1A0A,0x1A1A,0x1A1A,0x1A1A,0x1A1A,
	0x1A1A,0x1A1A,0x1A1A,0x1A1A,0x1A1A,0x1A1A,0x1A1A,0x1A1A,
	0x1A1A,0x1A1A,0x1A1A,0x1A1A,0x1A1A,0x1A1A,0x1A1A,0x1A1A,
	0x1A1A,0x1A1A,0x1A1A,0x1A1A,0x1A1A,0x1A1A,0x1A1A,0x1A1A,

	0x1A1A,0x3232,0xAC1A,0xACAC,0x1A1A,0x1A1A,0x2121,0xACAC,
	0x1A1A,0x211A,0x2121,0xAC21,0x211A,0x2121,0x2121,0x2121,
	0x2121,0x2121,0x2121,0xA4A4,0xACAC,0x2121,0xA4A4,0xA4A4,
	0xACAC,0xA4A4,0xA4A4,0xA4A4,0xAC5E,0xA4AC,0xA4A4,0xA48A,
	0xA4A4,0xA4A4,0xA4A4,0x7E48,0x8A8A,0x8A8A,0xA4A4,0x48A4,
	0xA48A,0x5B5B,0xA4A4,0xA4A4,0xA4AC,0xA4A4,0xA4A4,0xA48A,
	0xA4AC,0xA4A4,0xA4A4,0x8A5B,0xACA4,0xA4A4,0xA4A4,0xA4A4,
	0xA4A4,0xA4A4,0xA4A4,0xA4A4,0x6EA4,0x6E6E,0x6E6E,0xA421,

	0xB748,0xB7B7,0xB7B7,0x78B7,0x487E,0xB7B7,0xB7B7,0xB748,
	0x787E,0xB7B7,0x4848,0xB748,0x4878,0x7878,0xB7B7,0x487E,
	0x788A,0x4848,0xB7B7,0x7EB7,0x8A8A,0x4878,0xB7B7,0xB7B7,
	0xA4A4,0x4878,0xB7B7,0xB7B7,0xA4A4,0xA4A4,0xB778,0xB7B7,
	0xB7B7,0xB7B7,0x21B7,0x8521,0xB7B7,0xB7B7,0xB7B7,0x2121,
	0xB778,0xB7B7,0xB7B7,0x2138,0xB7B7,0xB7B7,0xB7B7,0xB7B7,
	0xB7B7,0xB7B7,0xB7B7,0xB7B7,0xB77E,0x48BA,0xB7B7,0xB7B7,
	0xB7B7,0xBAB7,0xB7B7,0xB7B7,0xB7B7,0xB7B7,0x48BA,0xB7B7,

	0x8585,0x8585,0x8585,0x7C85,0x8585,0x8585,0x8585,0x8585,
	0x8521,0x8585,0x8585,0x8585,0x2121,0x8585,0x8585,0x8585,
	0x2138,0x8521,0x8585,0x8585,0xB7B7,0x387E,0x3838,0x3838,
	0xB7B7,0x3838,0x6E6E,0x3838,0xB7B7,0x2A48,0x3838,0x6E6E,
	0x7C7C,0x7C7C,0xB37C,0x21B3,0xB385,0x7C7C,0xB37C,0xB3B3,
	0x8585,0x7C7C,0x7C7C,0xB3B3,0x8585,0x8585,0x7C7C,0x7C7C,
	0x8585,0x8585,0x8585,0xB3B3,0x3838,0x8538,0x8585,0x8585,
	0x3838,0x6E38,0x8585,0x8585,0x6E6E,0x6E6E,0x6E6E,0x8585,

	0x2121,0x2121,0x2121,0x2121,0xB3B3,0x2121,0x2121,0x2121,
	0xB3B3,0x7CB3,0x217C,0x2A2A,0xB3B3,0xB3B3,0xB3B3,0xB3B3,
	0x7C7C,0xB3B3,0xB3B3,0xB37C,0x7C85,0xB3B3,0xB3B3,0x7D7D,
	0x8585,0xB385,0xB3B3,0xB3B3,0x8585,0x8585,0x8585,0x8585,
	0x2121,0x2A2A,0x2A2A,0x2A2A,0x2A2A,0x2A2A,0x2A2A,0x772A,
	0x2A2A,0x2A2A,0x2A2A,0x7777,0xB3B3,0xB3B3,0xB3B3,0xB3B3,
	0xB3B3,0xB3B3,0xB3B3,0xB3B3,0xB3B3,0xB3B3,0xB3B3,0xB3B3,
	0xB3B3,0xB3B3,0xB3B3,0xB3B3,0x8585,0x8585,0x8585,0x8585,

	0x3838,0x3838,0xBC38,0xBCBC,0x7777,0xBCBC,0xBCBC,0x7CBC,
	0xBC77,0xBCBC,0xB3B3,0x7CB3,0xB3B3,0xB3B3,0xB3B3,0xB3B3,
	0xB3B3,0xB3B3,0x7CB3,0xB3B3,0xB3B3,0xB3B3,0xB3B3,0x7CB3,
	0xB3B3,0xB3B3,0x7CB3,0x8585,0x8585,0x8585,0x8585,0x6E85,
	0xBCBC,0x7C7C,0x7C7C,0x7C7C,0x7C7C,0xB37C,0x7CB3,0x7C7C,
	0xB3B3,0xB3B3,0xB3B3,0x7C7C,0xB3B3,0x7CB3,0x857C,0x8585,
	0x7CB3,0x7C7C,0x8585,0x8585,0x8585,0x3885,0x3838,0x3838,
	0x8585,0x3838,0x3838,0x3838,0x6E6E,0x6E6E,0x6E6E,0x3838,

	0x7C7C,0x8585,0x8585,0x2185,0x8585,0x8585,0x8585,0x2121,
	0x8585,0x8585,0x2185,0x3821,0x8585,0x8585,0x2121,0xB7B7,
	0x8585,0x2185,0x3821,0xB7B7,0x3838,0xB738,0xB7B7,0xB7B7,
	0x3838,0x3838,0xB7B7,0xB7B7,0x3838,0x482A,0xB7B7,0xB7B7,
	0x4821,0x487E,0xB7B7,0xB7B7,0xB7B7,0xB778,0xB7B7,0x48B7,
	0xB7B7,0x78B7,0xB7B7,0x4848,0xB7B7,0xB7B7,0x48B7,0xB7B7,
	0xB7B7,0xB7B7,0x48B7,0xB7B7,0xB7B7,0xB7B7,0x78B7,0x48B7,
	0xB7B7,0xB7B7,0x7E78,0xB7B7,0xB7B7,0x48B7,0xB7B7,0xB7B7,

	0x7EB7,0x7E78,0x48B7,0x487E,0xB7B7,0xB7B7,0xB448,0xA448,
	0xB7B7,0xB7B7,0xB4B4,0xA448,0x4848,0x7848,0x7E7E,0xA4A4,
	0xB748,0x7E78,0x487E,0xA4A4,0x7848,0x7E7E,0xA448,0xA4A4,
	0x4878,0x7E7E,0xA4A4,0xA4A4,0xB7B7,0xA48A,0xA4A4,0xA4A4,
	0xA4A4,0xA4A4,0x5B5B,0xACAC,0xA4A4,0xA4A4,0xACA4,0xACAC,
	0xA4A4,0xA4A4,0xACA4,0x2121,0xA4A4,0xA4A4,0xACAC,0x2121,
	0xA4A4,0xA4A4,0xA4AC,0x21A4,0xA4A4,0xACA4,0xA4A4,0xA4A4,
	0xA48A,0xACAC,0xA4A4,0xA4A4,0x8AA4,0xA4AC,0xA4A4,0xA48A,

	0x0A0A,0x0A0A,0x0A0A,0x0A1A,0x0A21,0x0A0A,0x0A0A,0x1818,
	0x2121,0x0A0A,0x0A0A,0x180A,0x2121,0x2121,0x0A0A,0x0A0A,
	0x2121,0x2121,0x0A21,0x0A0A,0xA4A4,0x2121,0x5EAC,0x0A1A,
	0xA4A4,0xACA4,0x5EAC,0x5E5E,0xA4A4,0xACAC,0x5E5E,0x5E5E,
	0x1A1A,0x1A1A,0x1A0A,0x1A1A,0x1A0A,0x1A1A,0x1A1A,0x1A1A,
	0x0A18,0x0A1A,0x1A1A,0x1A1A,0x1A0A,0x1A0A,0x1A1A,0x1A1A,
	0x1A0A,0x1A1A,0x1A1A,0x1A1A,0x0A0A,0x0A0A,0x1A0A,0x1A1A,
	0x0A1A,0x0A0A,0x1A0A,0x1A1A,0x5E5E,0x1A1A,0x1A1A,0x1A1A,

	0x1A1A,0x1A1A,0x1A1A,0x1A1A,0x1A1A,0x1A1A,0x1A1A,0x1A1A,
	0x1A1A,0x1A1A,0x1A1A,0x1A1A,0x1A1A,0x1A1A,0x1A1A,0x1A1A,
	0x1A1A,0x1A1A,0x1A1A,0x1A1A,0x1A1A,0x1A1A,0x1A1A,0x1A1A,
	0x1A1A,0x1A1A,0x1A1A,0x1A1A,0x1A1A,0x1A1A,0x1A1A,0x1A1A,
	0x1A1A,0x1A1A,0x1A1A,0x1A1A,0x1A1A,0x1A1A,0x1A1A,0x1A1A,
	0x1A1A,0x1A1A,0x1A1A,0x1A1A,0x1A1A,0x1A1A,0x1A1A,0x1A1A,
	0x1A1A,0x1A1A,0x1A1A,0x1A1A,0x1A1A,0x1A1A,0x1A1A,0x1A1A,
	0x1A1A,0x1A1A,0x1A1A,0x1A1A,0x1A1A,0x1A1A,0x1A1A,0x1A1A,

	0x1A1A,0x1A1A,0x1A1A,0x1A1A,0x1A1A,0x1A1A,0x1A1A,0x1A1A,
	0x1A1A,0x1A1A,0x1A1A,0x1A1A,0x1A1A,0x1A1A,0x1A1A,0x1A1A,
	0x1A1A,0x1A1A,0x1A1A,0x1A1A,0x1A1A,0x1A1A,0x1A1A,0x1A1A,
	0x1A1A,0x1A1A,0x1A1A,0x1A1A,0x1A1A,0x1A1A,0x1A1A,0x1A1A,
	0x1A1A,0x1A1A,0x1A1A,0x1A1A,0x0A1A,0x1A1A,0x1A1A,0x1A1A,
	0x1A1A,0x1A1A,0x1A1A,0x1A1A,0x1A1A,0x1A1A,0x1A1A,0x1A1A,
	0x1A1A,0x1A1A,0x1A1A,0x1A1A,0x1A1A,0x1A1A,0x1A1A,0x1A1A,
	0x1A1A,0x1A1A,0x1A1A,0x1A1A,0x1A1A,0x1A1A,0x1A1A,0x1A1A,

	0x4B4B,0x4B4B,0x4B4B,0x4B4B,0x4B4B,0x4B4B,0x4B4B,0x4B4B,
	0x4B4B,0x4B4B,0x4B4B,0x4B4B,0x4B4B,0x4B4B,0x4B4B,0x4B4B,
	0x4B4B,0x4B4B,0x4B4B,0x4B4B,0x4B4B,0x4B4B,0x4B4B,0x4B4B,
	0x4B4B,0x4B4B,0x4B4B,0x4B4B,0x4B4B,0x4B4B,0x4B4B,0x4B4B,
	0x4B4B,0x4B4B,0x4B4B,0x794B,0x4B4B,0x4B4B,0x4B4B,0x794B,
	0x4B4B,0x4B4B,0x4B4B,0x794B,0x4B4B,0x4B4B,0x4B4B,0x794B,
	0x4B4B,0x904B,0x4B90,0x794B,0x794B,0x7979,0x7979,0xA079,
	0x794B,0x7979,0x7979,0xA079,0x794B,0x7979,0x7979,0xA079,

	0x1A1A,0x1A1A,0x1A1A,0x1A1A,0x4B4B,0x4B4B,0x4B4B,0x4B4B,
	0x4B4B,0x4B4B,0x4B4B,0x4B4B,0x4B4B,0x4B4B,0x4B4B,0x4B4B,
	0x4B4B,0x4B4B,0x4B4B,0x4B4B,0x5A5A,0x5A5A,0x5A5A,0x7979,
	0x5A5A,0x5A5A,0x7979,0x7979,0x7979,0x7979,0xA079,0xA0A0,
	0x1A1A,0x1A1A,0x1A1A,0x1A1A,0x4B4B,0x4B4B,0x4B4B,0x4B4B,
	0x4B4B,0x4B4B,0x4B4B,0x4B4B,0x4B4B,0x4B4B,0x4B4B,0x4B4B,
	0x4B4B,0x4B4B,0x4B4B,0x4B4B,0x4B4B,0x9999,0x9999,0x4B4B,
	0x7979,0x7979,0x7979,0x7979,0x7979,0x7979,0x7979,0x7979,

	0x1A1A,0x1A1A,0x4B1A,0x4B4B,0x4B4B,0x4B4B,0x4B1A,0x4B4B,
	0x4B4B,0x4B4B,0x4B79,0x4C4B,0x4B4B,0x4B4B,0x4B79,0x5C5C,
	0x4B4B,0x4B4B,0x4B79,0x4C5C,0x7979,0x7979,0x4C4C,0xC04C,
	0x7979,0x7979,0x4C4C,0xC04C,0x4C79,0x4C4C,0x4C4C,0x4CC0,
	0x4B4B,0x4B4C,0x4B4B,0x4B4C,0x4C4B,0x4C4C,0x4CC0,0x4C4C,
	0x4C4B,0x4C4C,0x4CC0,0x4C4C,0x4C4C,0x4C4C,0x4C4C,0x4C4C,
	0x4C4C,0x4C4C,0x4C4C,0x4C4C,0x4C4C,0x4C4C,0xC04C,0x4C4C,
	0x4C4C,0x4C4C,0xC0C0,0x4C4C,0x4C4C,0xC04C,0x4C4C,0x4C4C,

	0x4C4C,0xC04C,0x5C4C,0x5C4C,0x4C4C,0xC04C,0x4C4C,0x4C5C,
	0x4C4C,0xC04C,0x4C4C,0x4C4C,0x4C4C,0x4C4C,0x4C4C,0x4C4C,
	0x4C4C,0x4C4C,0x4C4C,0x4C4C,0x4C4C,0x4C4C,0x4C4C,0x4C4C,
	0x4C4C,0x4C4C,0x4C4C,0x4C4C,0x4CC0,0x4CC0,0x4C4C,0x4C4C,
	0x5C5C,0x4B4B,0x4B4B,0x4B4B,0x5C2A,0x4B4B,0x4B4B,0x4B5C,
	0x5C4C,0x4B4B,0x5C5C,0x4B5C,0x5C5C,0x4C5C,0x4C4C,0x2A5C,
	0x4C5C,0x5C5C,0x4C4C,0x5C5C,0x4CC0,0x4C4C,0xC04C,0x4C4C,
	0xC0C0,0x4C4C,0x4C4C,0x4CC0,0x4C4C,0x4C4C,0x4C4C,0x4C4C,

	0x4B4B,0x4B4B,0x4B4B,0x4B4B,0x4B4B,0x4B4B,0x4B4B,0x4B4B,
	0x4B5C,0x4B4B,0x4B4B,0x4B4B,0x4C2A,0x4B4B,0x4B4B,0x4B4B,
	0x4C4C,0x4B2A,0x9090,0x4B90,0x4C4C,0x4C4C,0x7979,0x7979,
	0x4C4C,0x4C4C,0x7979,0x7979,0x4C4C,0xC0C0,0x7979,0x7979,
	0x4B4B,0x4B9B,0x4B9B,0xB54B,0x4B4B,0x4B4B,0x4B4B,0x794B,
	0x4B4B,0x4B4B,0x4B4B,0x794B,0x4B4B,0x4B4B,0x4B4B,0x794B,
	0x4B4B,0x4B4B,0x4B4B,0x794B,0x7979,0x7979,0x7979,0xA079,
	0x7979,0x7979,0x7979,0xA079,0x7979,0x7979,0x7979,0xA079,

	0xB5AE,0x6767,0xB5B5,0x67B5,0xAEAE,0xB5AE,0xAEB5,0x67B5,
	0xAEAE,0xAEAE,0xB5B5,0x67B5,0x6767,0xAEAE,0xB5B5,0x7BB5,
	0x6767,0xAEAE,0xB5B5,0x7BB5,0x7979,0xAEB5,0xB567,0xAEAE,
	0x7979,0xAE67,0xB567,0xAEAE,0x7979,0xAEB5,0x6767,0xB5B5,
	0x9B51,0x9B9B,0x7B9B,0xB5B5,0x9B9B,0x4B4B,0x7B7B,0x67B5,
	0x4B4B,0x4B4B,0xB57B,0x7BB5,0x517B,0x4B4B,0xB57B,0x4B67,
	0x517B,0x9090,0xAE7B,0x4B67,0xB5B5,0xB5B5,0xAEAE,0x79B5,
	0xB5B5,0xB5B5,0xAEAE,0x79B5,0x67B5,0x7B7B,0xB567,0x7979,

	0x7B67,0x9B9B,0x4B79,0x4B4B,0x4B4B,0x4B4B,0x4B79,0x4B4B,
	0x4B4B,0x4B4B,0x4B79,0x4B4B,0x4B4B,0x4B4B,0x4B79,0x3131,
	0x4B4B,0x4B4B,0x4B79,0x3131,0x7979,0x7979,0x31A0,0x3131,
	0x7979,0x7979,0x04A0,0x3131,0x7979,0x7979,0x0431,0x04A5,
	0x3131,0x3131,0x3131,0x4B4B,0x314B,0x3131,0x0431,0x4B4B,
	0x314B,0x3131,0xA531,0x0431,0x0431,0x3104,0x3104,0x3131,
	0x0404,0x0404,0x3104,0x3131,0x3131,0x0404,0x0431,0x3131,
	0x3131,0x3104,0x3131,0x3131,0x3131,0x0431,0x0431,0xA5A5,

	0x4B4B,0x4B4B,0x4B4B,0x4B4B,0x4B4B,0x4B4B,0x4B4B,0x4B4B,
	0x4B31,0x4B4B,0x4B4B,0x4B4B,0x4B04,0x4B4B,0x4B4B,0x4B4B,
	0x3131,0x4B4B,0x4B4B,0x9090,0x0431,0x7979,0x7979,0x7979,
	0x3131,0x7979,0x7979,0x7979,0x04A5,0x7979,0x7979,0x7979,
	0x4B4B,0x4B4B,0x4B4B,0x4B4B,0x4B4B,0x4B4B,0x4B4B,0x4B4B,
	0x4B4B,0x4B4B,0x4B4B,0x4B4B,0x4B4B,0x4B5A,0x4B4B,0x4B4B,
	0x5A5A,0x5A5A,0x4B4B,0x4B4B,0x5A79,0x5A5A,0x7979,0x7979,
	0x7979,0x7979,0x6879,0x7979,0x7979,0x7979,0x7979,0x7968,

	0x4B4B,0x4B4B,0x4B4B,0x4B4B,0x4B4B,0x4B4B,0x4B4B,0x4B4B,
	0x4B4B,0x4B4B,0x4B4B,0x4B4B,0x4B4B,0x4B4B,0x4B4B,0x4B4B,
	0x4B4B,0x9090,0x9090,0x4B3E,0x7979,0x7979,0x3E79,0x3E3E,
	0x7968,0x7979,0x7979,0x3EB1,0x6868,0x6879,0x7979,0x3E3E,
	0x4B4B,0x3E4B,0xC83E,0xC8C8,0x4B4B,0x3E3E,0x3E3E,0x3EC8,
	0x4B4B,0x3E3E,0x3EC8,0xC8C8,0x4B3E,0x3EB1,0xB1C8,0x3E3E,
	0x3E3E,0xC8B1,0x843E,0x3E3E,0xC83E,0xC83E,0xC8C8,0x1DC8,
	0x3E3E,0xC83E,0xC8C8,0xB184,0x3E3E,0x3E3E,0xB1B1,0x3E3E,

	0x3EC8,0x1A3E,0x951A,0x951A,0x3E3E,0x3E3E,0x4B4B,0x4B4B,
	0x3E3E,0x4B3E,0x4B4B,0x4B4B,0x3EC8,0x3EC8,0x4B4B,0x4B4B,
	0xC8C8,0x3EC8,0x4B4B,0x4B4B,0x3E3E,0xC8B1,0x3E3E,0x7979,
	0xC8C8,0x3E3E,0x3E3E,0x7979,0x3EC8,0xC83E,0x3E3E,0x3E3E,
	0x1A19,0x1A1A,0x1A1A,0x0D0D,0x4B4B,0x4B4B,0x4B4B,0x4B4B,
	0x4B4B,0x4B4B,0x4B4B,0x4B4B,0x4B4B,0x4B4B,0x4B4B,0x4B4B,
	0x4B4B,0x4B4B,0x4B4B,0x4B4B,0x4B4B,0x9999,0x9999,0x4B4B,
	0x7979,0x7979,0x7979,0x7979,0x7979,0x7979,0x7979,0x7979,

	0x1A1A,0x1A1A,0x1A1A,0x3E3E,0x4B4B,0x4B4B,0x4B1A,0x3E3E,
	0x4B4B,0x4B4B,0x4B79,0xC83E,0x4B4B,0x4B4B,0x3E79,0x3EC8,
	0x4B4B,0x4B4B,0x4B79,0x3EB1,0x7979,0x7979,0x3EA0,0x3EC8,
	0x7979,0x7979,0x3EA0,0x3E3E,0x7979,0xA079,0x3E3E,0x3E3E,
	0x3E3E,0xC8C8,0xB1C8,0x3E1D,0x3E3E,0x3E3E,0x3EC8,0xB184,
	0x3E3E,0x3E3E,0x3EC8,0xB1B1,0xC8C8,0xC8C8,0xB1B1,0xB1B1,
	0x3EC8,0xC8C8,0xB11D,0xB1B1,0xB1B1,0x3EC8,0x1D3E,0xC81D,
	0xB1B1,0xC8B1,0x1D3E,0xC81D,0x3EC8,0xB1B1,0xB1B1,0x1D1D,

	0x3E3E,0x3E3E,0x3E3E,0x1A1A,0x3E3E,0xC8C8,0xC83E,0x4B4B,
	0x3E3E,0xC8C8,0x3EB1,0x3E4B,0x3EC8,0xC8C8,0x3EC8,0x3E3E,
	0xC8C8,0xC8C8,0x3E3E,0x3E3E,0xB13E,0xC884,0x3EC8,0x3E3E,
	0xB1B1,0xC8C8,0x3E3E,0x3E3E,0x1D1D,0x3E3E,0x3E3E,0x3EC8,
	0x1A1A,0x4B4B,0x4B4B,0x4B4B,0x4B4B,0x4B4B,0x4B4B,0x4B4B,
	0x4B4B,0x4B4B,0x4B4B,0x4B4B,0x4B3E,0x4B5A,0x4B4B,0x4B4B,
	0x4BC8,0x5A5A,0x4B4B,0x4B4B,0x793E,0x5A5A,0x7979,0x7979,
	0xA079,0x7979,0x7979,0x7979,0x3E3E,0x7979,0x7979,0x7979,

	0x4B4B,0x4B4B,0x4B4B,0x4B4B,0x4B4B,0x4B4B,0x4B4B,0x4B4B,
	0x4B4B,0x4B4B,0x4B4B,0x4B4B,0x4B4B,0x4B4B,0x4B4B,0x4B4B,
	0x4B4B,0x9090,0x9090,0x4B4B,0x7979,0x7979,0x7979,0x7979,
	0x7979,0x7979,0x7979,0x7979,0x7979,0x7979,0x7979,0x791A,
	0x4B4B,0x4B4B,0x4B4B,0x3F4B,0x4B4B,0x4B4B,0x574B,0x5757,
	0x4B4B,0x4B4B,0x524B,0x5757,0x4B4B,0x4B4B,0x5757,0x5757,
	0x4B4B,0x4B4B,0x5752,0x5757,0x7979,0x5779,0x2552,0x5752,
	0x7979,0x5779,0x5757,0x5757,0x1A79,0x5757,0x5257,0x5252,

	0x5757,0x5757,0x5725,0x5752,0x5752,0x5757,0x5757,0x5757,
	0x5252,0x5252,0x5757,0x5757,0x5257,0x5752,0x5752,0x5757,
	0x5757,0x5757,0x5757,0x5757,0x5757,0x5252,0x5252,0x2525,
	0x5752,0x5252,0x5252,0x5725,0x5757,0x5757,0x5252,0x5757,
	0x4B4B,0x4B4B,0x4B4B,0x4B4B,0x4B4B,0x4B4B,0x4B4B,0x4B4B,
	0x4B57,0x4B4B,0x4B4B,0x4B4B,0x4B52,0x4B4B,0x4B4B,0x4B4B,
	0x9057,0x9090,0x4B4B,0x4B4B,0x7952,0x7979,0x7979,0x7979,
	0x7952,0x7979,0x7979,0x7979,0x5757,0x1A79,0x0A79,0x790A,

	0x284B,0x2828,0x4B3F,0x0E0E,0x4B4B,0x28C4,0x0E34,0x3434,
	0x4B4B,0xC44B,0x3434,0x2834,0x4B4B,0x4B4B,0x2828,0x4B28,
	0x4B4B,0x284B,0x2828,0x4B4B,0x7979,0x7979,0x79A0,0x7979,
	0x7979,0x7979,0x79A0,0x7979,0x7979,0x7979,0x79A0,0x7979,
	0x4B4B,0xC44B,0x2834,0x2828,0x3434,0xC4C4,0x3434,0x2834,
	0x3428,0x3434,0x2834,0x2828,0xC44B,0x2828,0x3434,0x2828,
	0x9090,0x28C4,0x3434,0x3434,0x0E0E,0x7979,0x0E79,0x3434,
	0x0E79,0x7979,0xC479,0x3434,0x7979,0x7979,0x7979,0x2828,

	0x0E4B,0x4B4B,0x4B4B,0x4B4B,0x0E28,0x4B4B,0x4B4B,0x284B,
	0x4B28,0x4B4B,0x4B4B,0x2834,0x3434,0x4B4B,0x4B4B,0x0E0E,
	0x3434,0x4B4B,0x34C4,0xC434,0x2828,0x28C4,0x2828,0x79C4,
	0x3434,0x2834,0x2828,0x79C4,0x3434,0x3434,0x0E28,0x7979,
	0x284B,0x4B4B,0x4B4B,0x284B,0x2828,0x2828,0x284B,0x2828,
	0x2828,0x2828,0x2828,0x2828,0x4B4B,0x4B4B,0x4B4B,0x4B4B,
	0x5A5A,0x4B4B,0x4B4B,0x4B4B,0x5A79,0x0E12,0x7979,0x7979,
	0x7979,0x7912,0x7979,0x7979,0x0E79,0x1279,0x7979,0x7979,

	0x1212,0x4B4B,0x4B4B,0x4B4B,0x1212,0x4B4B,0x4B4B,0x4B4B,
	0x1212,0x4B34,0x4B4B,0x4B4B,0x124B,0x4B4B,0x4B74,0x614B,
	0x7490,0x4B4B,0x4B74,0x614B,0x7479,0x7979,0x7974,0x7979,
	0x7479,0x7979,0x7474,0x7979,0x7474,0x7979,0x7479,0x7979,
	0x0A4B,0x1297,0x0A12,0x7474,0x614B,0x1297,0x1212,0x4574,
	0x614B,0x740A,0x1212,0x6145,0x0A61,0x740A,0x1274,0x0A45,
	0x0A90,0x740A,0x1212,0x0A0A,0x6161,0x740A,0x1274,0x6161,
	0x0A79,0x7461,0x7474,0x680A,0x0A79,0x120A,0x7412,0x0A0A,

	0x6197,0x5757,0x5257,0x2557,0x5757,0x7474,0x5757,0x6157,
	0x5757,0x1274,0x5757,0x1261,0x5757,0x7461,0x5712,0x1212,
	0x5757,0x6157,0x1212,0x1274,0x320A,0x5257,0x7412,0x7474,
	0x6161,0x2552,0x7497,0x7474,0x5768,0x5757,0x2525,0x7474,
	0x9797,0x7474,0x1274,0x6161,0x1212,0x7474,0x7474,0x5261,
	0x1212,0x7412,0x6161,0x5252,0x7412,0x2574,0x2512,0x5752,
	0x1212,0x2574,0x5212,0x5252,0x7474,0x5225,0x1212,0x8525,
	0x2574,0x2525,0x1274,0x8525,0x5261,0x615C,0x7474,0x2561,

	0x5257,0x5757,0x5757,0x0A57,0x5252,0x5257,0x5752,0x0A0A,
	0x5252,0x5757,0x5752,0x0A0A,0x8561,0x5257,0x0A25,0x0A61,
	0x5261,0x5225,0x610A,0x0A0A,0x6152,0x1212,0x6161,0x0A0A,
	0x2552,0x6112,0x5761,0x5757,0x5252,0x5274,0x5757,0x5257,
	0x310A,0x3131,0x3131,0x3131,0x1818,0x04A5,0xA5A5,0x0404,
	0x0A18,0xA531,0xA5A5,0xA504,0x3131,0x3131,0x04A5,0x04A5,
	0x310A,0x3131,0xA504,0xC524,0x3131,0x3131,0x3104,0x0404,
	0xA50A,0x3131,0x3131,0xA504,0x310A,0x0404,0x3131,0x0404,

	0x0404,0x0404,0x0404,0xC504,0xA5A5,0xA5A5,0xA503,0x04C5,
	0x0404,0x24A5,0x0424,0xA5C5,0xA5A5,0x04A5,0xC524,0xA5A5,
	0xA5A5,0xA5A5,0xC524,0xA5A5,0xC5A5,0x24A5,0x24C5,0xA524,
	0xA5A5,0x24C5,0x24C5,0xA504,0xA5A5,0xA504,0x04C5,0xA524,
	0x0404,0xA5A5,0x3131,0x0A0A,0xA5A5,0x3131,0x0431,0x0A31,
	0xA5A5,0x31A5,0x3131,0x0A31,0x0404,0x3131,0x3131,0x4E31,
	0xA5A5,0x3104,0x3131,0x8831,0x3104,0x0431,0x3131,0x884E,
	0x3104,0x3131,0x3131,0xC688,0xA531,0x0404,0x3131,0x8888,

	0x1E0A,0x8888,0x8888,0x8888,0x883B,0x8888,0x8888,0x8888,
	0x880A,0x1E88,0x88C6,0x8888,0x8888,0xC688,0xC6C6,0x8888,
	0x8888,0xC688,0x8888,0x8888,0xC688,0x8888,0x8888,0x7B0A,
	0x88C6,0x8888,0x1E88,0x7B0A,0x8888,0x8888,0x0A30,0x3030,
	0x88C6,0x8888,0xC688,0x8888,0x0A88,0x8888,0x8888,0x8888,
	0x0A88,0xC688,0x8888,0x8888,0x1E1E,0x880A,0x887B,0x0A4E,
	0x0A0A,0x0A0A,0x4E7B,0x0A0A,0x0A69,0x7B88,0x8888,0x8888,
	0x0A1A,0xC688,0x8888,0x8888,0x8888,0x1EC6,0x8888,0x8888,

	0x0A0A,0x1A0A,0x0A0A,0x0A0A,0x1A0A,0x0A0A,0x1A0A,0x1A0A,
	0x1A1A,0x0A0A,0x1A1A,0x1A1A,0x0A0A,0x0A0A,0x1A0A,0x1A1A,
	0x0A0A,0x0A0A,0x1A1A,0x1A1A,0x0A0A,0x0A0A,0x0A0A,0x1A1A,
	0x0A0A,0x0A0A,0x0A0A,0x0A1A,0x0A0A,0x0A0A,0x0A0A,0x0A1A,
	0x1A1A,0x1A1A,0x1A1A,0x5E1A,0x1A1A,0x1A1A,0x1A1A,0x5E5E,
	0x1A1A,0x1A1A,0x1A1A,0x5E5E,0x1A1A,0x1A1A,0x1A1A,0x5E5E,
	0x1A1A,0x1A1A,0x1A1A,0x8686,0x1A1A,0x5E5E,0x5E5E,0x865E,
	0x5E1A,0x5E5E,0x5E5E,0x5E5E,0x5E5E,0x5E5E,0x5E5E,0x5E5E,

	0x5E5E,0x8AAC,0xA4A4,0x8A8A,0x5E5E,0xACAC,0x8A8A,0x6E8A,
	0x5E5E,0xACAC,0x8A8A,0x388A,0x5E5E,0x8A5E,0x8A8A,0x3838,
	0x8686,0x8A86,0x8A8A,0x3838,0x8686,0x8A86,0x8A8A,0x2A2A,
	0x8686,0x8A86,0x6E8A,0x6E6E,0x8686,0x7886,0x6E6E,0x6E6E,
	0x6E6E,0x6E6E,0x216E,0x2121,0x386E,0x3838,0x2121,0x2121,
	0x3838,0x3838,0x2121,0x2121,0x3838,0x2A2A,0x2121,0x2121,
	0x3838,0x2A2A,0x2121,0x2121,0x2A2A,0x2A2A,0x2A2A,0x2121,
	0x6E6E,0x386E,0x2A2A,0x2121,0x3838,0x3838,0x2A21,0x5B5B,

	0xA4A4,0xA4A4,0x7878,0x3838,0xA421,0x38A4,0x3838,0x3838,
	0x2121,0x38A4,0x3838,0x2138,0x2121,0x5B2A,0x2121,0x2121,
	0x2121,0x5B2A,0x215B,0x2121,0x2121,0x5B77,0x5B5B,0x2A2A,
	0x5B21,0x5B77,0x5B5B,0x2A2A,0x3838,0x3838,0x3838,0x3838,
	0x4838,0xB7B7,0x7EB7,0xB7B7,0x2138,0xB748,0xB7B7,0x487E,
	0x2121,0x4877,0xB7B7,0x487E,0x2121,0x7777,0x6E5B,0x6E6E,
	0x2121,0x7777,0x6E2A,0x6E6E,0x2A2A,0x2A2A,0x5B5B,0x3838,
	0x2A2A,0x2A2A,0x5B5B,0x2138,0x2A38,0x5B5B,0x2A5B,0x2A5B,

	0xB7B7,0x2A2A,0x2A2A,0x6E38,0x48B7,0x2A2A,0x2A2A,0x2A2A,
	0x4848,0x2A2A,0x2A2A,0x2A2A,0x6E6E,0x4838,0x2A2A,0x2A2A,
	0x386E,0x3838,0x2A2A,0x2A2A,0x3838,0x2121,0x2121,0x2A2A,
	0x2121,0x2121,0x2121,0x2A2A,0x2A2A,0x2121,0x2121,0x2A2A,
	0x6E6E,0x6E6E,0x6E6E,0x8585,0x6E6E,0x6E6E,0x5B5B,0x3821,
	0x2A2A,0x5B2A,0x5B5B,0x3821,0x2A2A,0x5B2A,0x5B5B,0x3821,
	0x2A2A,0x5B2A,0x5B5B,0x2121,0x2A2A,0x5B5B,0x5B5B,0x7EBC,
	0x5B5B,0x5B5B,0x5B5B,0x7E78,0x2A2A,0x5B5B,0x5B5B,0x785B,

	0x8585,0x8585,0x8585,0x8585,0x3838,0x8538,0x8585,0x8585,
	0x3838,0x3838,0x3838,0x3838,0x3838,0x3838,0x3838,0x3838,
	0x3838,0x3838,0x3838,0x3838,0xBCBC,0xBC29,0xBCBC,0xBCBC,
	0x2929,0xBC29,0xBCBC,0xBCBC,0xBCBC,0xBCBC,0xBC29,0xBCBC,
	0x8585,0x8585,0x8585,0x8585,0x8585,0x8585,0x8585,0x8585,
	0x3838,0x3838,0x3838,0x3838,0x3838,0x3838,0x3838,0x3838,
	0x3838,0x3838,0x3838,0x3838,0xBCBC,0xBCBC,0xBCBC,0xBCBC,
	0xBCBC,0xBCBC,0xBCBC,0xBCBC,0xBCBC,0xBCBC,0xBCBC,0xBCBC,

	0x8585,0x8585,0x8585,0x6E85,0x8585,0x3838,0x3838,0x5B21,
	0x3838,0x3838,0x3838,0x5B21,0x3838,0x3838,0x2138,0x5BB7,
	0x3838,0x3838,0x2121,0x5B5B,0xBCBC,0xBCBC,0xBCBC,0x5B5B,
	0xBCBC,0xBCBC,0x78BC,0x5B5B,0xBCBC,0xBCBC,0x78BC,0x5B5B,
	0x6E6E,0x6E6E,0x6E6E,0x6E6E,0x6E5B,0x6E6E,0x2A2A,0x2A2A,
	0x5B5B,0x2A2A,0x2A2A,0x2A2A,0x5B5B,0x2A2A,0x2A2A,0x2A2A,
	0x5B5B,0x2A2A,0x2A2A,0x2A2A,0x5B5B,0x3838,0x3838,0x3838,
	0x3821,0x3838,0x3838,0x2138,0x3838,0x3838,0x3838,0x2121,

	0x2A2A,0x482A,0xB7B7,0xB7B7,0x2A2A,0x2A2A,0xB7B7,0xB7B7,
	0x2A2A,0x2A2A,0xB7B7,0xB7B7,0x2A2A,0x7777,0x4877,0x4848,
	0x2A2A,0x2A2A,0x4877,0x6E48,0x2121,0x2A2A,0x7777,0x21B7,
	0x2121,0x2A21,0x7777,0x21B7,0x2121,0x2121,0xB777,0x5B77,
	0xB7B7,0xBA78,0xB7B7,0xB7B7,0x78B7,0xB7B7,0xB7B7,0x4848,
	0x4848,0x4848,0x4848,0x6E6E,0x6E6E,0x6E6E,0x6E6E,0x6E6E,
	0x6E6E,0x6E6E,0x6E6E,0x6E6E,0x6E21,0x6E6E,0x6E6E,0x3838,
	0x2121,0x6E6E,0x3838,0x3838,0x2121,0x2121,0x3838,0x3838,

	0xB7B7,0xA48A,0xA4A4,0xA4A4,0x4848,0x8A48,0x8A8A,0x8A8A,
	0x6E6E,0x7738,0x8A77,0x8A8A,0x3838,0x2138,0x2121,0xAC77,
	0x3838,0x3838,0x386E,0xAC38,0x3838,0x3838,0x3838,0x2138,
	0x3838,0x3838,0x3838,0x2121,0x3838,0x3838,0x3838,0x2121,
	0x8A8A,0x8AAC,0x8A8A,0xA48A,0xACAC,0x8A8A,0x8A8A,0x8A8A,
	0xACAC,0x8A8A,0x8A8A,0x8A8A,0xACAC,0x3838,0x3838,0x3838,
	0xACAC,0x3838,0x3838,0x2138,0x215B,0x3838,0x3838,0x3838,
	0x215B,0x3838,0x3838,0x3838,0x2121,0x3838,0x3838,0x3838,

	0xA4A4,0xACAC,0x5E5E,0x5E5E,0x8A8A,0x78AC,0x8678,0x8686,
	0xAC8A,0x78AC,0x8678,0x8686,0x3838,0x3838,0x8686,0x5E86,
	0x3838,0x3838,0x8678,0x5E5E,0x3838,0x3838,0x5E38,0x5E5E,
	0x3838,0x3838,0x2A38,0x5E5E,0x3838,0x2138,0x2A2A,0x5E5E,
	0x5E5E,0x1A1A,0x1A1A,0x1A1A,0x8686,0x1A1A,0x1A1A,0x1A1A,
	0x8686,0x1A1A,0x1A1A,0x1A1A,0x5E5E,0x865E,0x1A1A,0x1A1A,
	0x5E5E,0x5E5E,0x1A1A,0x1A1A,0x5E5E,0x5E5E,0x1A5E,0x1A1A,
	0x5E5E,0x5E5E,0x1A5E,0x1A1A,0x5E5E,0x4949,0x1A78,0x1A1A,

	0x1A1A,0x1A1A,0x1A1A,0x1A1A,0x1A1A,0x1A1A,0x1A1A,0x1A1A,
	0x1A1A,0x1A1A,0x1A1A,0x1A1A,0x1A1A,0x1A1A,0x1A1A,0x1A1A,
	0x1A1A,0x1A1A,0x1A1A,0x1A1A,0x1A1A,0x1A1A,0x1A1A,0x1A1A,
	0x1A1A,0x1A1A,0x1A1A,0x1A1A,0x1A1A,0x1A1A,0x1A1A,0x1A1A,
	0x1A1A,0x1A1A,0x1A1A,0x1A1A,0x1A1A,0x1A1A,0x1A1A,0x1A1A,
	0x1A1A,0x1A1A,0x1A1A,0x1A1A,0x1A1A,0x1A1A,0x1A1A,0x1A1A,
	0x1A1A,0x1A1A,0x1A1A,0x1A1A,0x1A1A,0x1A1A,0x1A1A,0x1A1A,
	0x1A1A,0x1A1A,0x1A1A,0x1A1A,0x1A1A,0x1A1A,0x1A1A,0x1A1A,

	0x1A1A,0x1A1A,0x1A1A,0x1A1A,0x1A1A,0x1A1A,0x1A1A,0x1A1A,
	0x1A1A,0x1A1A,0x1A1A,0x1A1A,0x1A1A,0x1A1A,0x1A1A,0x1A1A,
	0x1A1A,0x1A1A,0x1A1A,0x1A1A,0x1A1A,0x1A1A,0x1A1A,0x1A1A,
	0x1A1A,0x1A1A,0x1A1A,0x1A1A,0x1A1A,0x1A1A,0x1A1A,0x1A1A,
	0x1A1A,0x1A1A,0x1A1A,0x1A1A,0x1A1A,0x1A1A,0x1A1A,0x1A1A,
	0x1A1A,0x1A1A,0x1A1A,0x1A1A,0x1A1A,0x1A1A,0x1A1A,0x1A1A,
	0x1A1A,0x1A1A,0x1A1A,0x1A1A,0x1A1A,0x1A1A,0x1A1A,0x791A,
	0x1A1A,0x1A1A,0x1A1A,0x9999,0x1A1A,0x1A1A,0x1A1A,0x4B4B,

	0x4B4B,0x4B4B,0x4B4B,0x4B4B,0x4B4B,0x4B4B,0x4B4B,0x4B4B,
	0x4B4B,0x4B4B,0x4B4B,0x4B4B,0x4B4B,0x4B4B,0x4B4B,0x4B4B,
	0x4B4B,0x4B4B,0x4B4B,0x4B4B,0x7979,0x7979,0x7979,0x7979,
	0x9999,0x9999,0x9999,0x9999,0x4B4B,0x4B4B,0x4B4B,0x4B4B,
	0xA04B,0xA0A0,0xA0A0,0xA0A0,0x724B,0x721A,0x7272,0x721A,
	0x724B,0x721A,0x7272,0x721A,0x1A4B,0x1A1A,0x1A1A,0x1A1A,
	0x1A4B,0x1A1A,0x1A1A,0x1A1A,0x1A1A,0x1A1A,0x1A1A,0x1A1A,
	0x1A99,0x1A1A,0x1A1A,0x1A1A,0x4B4B,0x1A4B,0x1A1A,0x1A1A,

	0xA0A0,0xA0A0,0xA0A0,0xA0A0,0x7272,0x721A,0x7272,0x7272,
	0x721A,0x721A,0x1A72,0x1A72,0x1A1A,0x1A1A,0x1A1A,0x1A1A,
	0x1A1A,0x1A1A,0x1A1A,0x1A1A,0x1A1A,0x1A1A,0x1A1A,0x1A1A,
	0x1A1A,0x1A1A,0x091A,0x1A1A,0x1A1A,0x091A,0x0909,0x0909,
	0xA0A0,0xA0A0,0xA0A0,0xA0A0,0x7272,0x7272,0x7272,0x7272,
	0x721A,0x1A72,0x721A,0x2A1A,0x1A1A,0x1A1A,0x1A1A,0x1A1A,
	0x1A1A,0x1A1A,0x1A1A,0x5C1A,0x1A1A,0x1A09,0x1A09,0x094C,
	0x1A09,0x0909,0x1A09,0x0909,0x0909,0x0909,0x4709,0x0909,

	0x4CA0,0x4C4C,0x4C4C,0xC04C,0x5C2A,0x4C4C,0x4C4C,0x4C4C,
	0x5C5C,0x4C4C,0x4C4C,0x4C4C,0x2A2A,0x4C5C,0x4C4C,0x4C4C,
	0x4C84,0x4C5C,0x4CC0,0x4C4C,0x4CC0,0xC0C0,0xC0C0,0x4C4C,
	0x094C,0x4CC0,0xC0C0,0x4C4C,0x0909,0x0909,0x4C4C,0x4C4C,
	0x4C4C,0x4C4C,0x4C4C,0x4C4C,0x4C4C,0x4C4C,0x4C4C,0x4C4C,
	0x4C4C,0x4C4C,0x4C4C,0x4C4C,0x4C4C,0x4C4C,0x4C4C,0x4C4C,
	0x4C4C,0x4C4C,0x4C4C,0x4C4C,0xC0C0,0xC04C,0x4C4C,0xC04C,
	0xC04C,0xC0C0,0xC04C,0xC04C,0xC0C0,0x4C4C,0xC04C,0x4C4C,

	0xC0C0,0x4CC0,0xC0C0,0x4C4C,0xC0C0,0xC0C0,0xC0C0,0xC0C0,
	0x4C4C,0xC0C0,0xC0C0,0xC0C0,0x4C4C,0x4C4C,0xC0C0,0xC0C0,
	0x4C4C,0xC0C0,0xC0C0,0x4CC0,0xC0C0,0x2AC0,0x2A2A,0x4C4C,
	0xC0C0,0xC0C0,0x2A2A,0xC0C0,0x4CC0,0x2AC0,0xC05C,0x4CC0,
	0x4C4C,0x4C4C,0x4C4C,0x4C4C,0xC04C,0x4C4C,0x4C4C,0x4C4C,
	0xC0C0,0x4C4C,0x4C4C,0x4C4C,0xC0C0,0x4C4C,0xC0C0,0xC0C0,
	0xC0C0,0x4C4C,0xC0C0,0xC04C,0x4C4C,0x4C4C,0x4CC0,0x2AC0,
	0x4C4C,0x4C4C,0xC0C0,0x2A2A,0x0909,0xC0C0,0x2A2A,0xC0C0,

	0x4C4C,0x4C4C,0xA04C,0xA0A0,0x4C4C,0x4C4C,0x4C4C,0x7272,
	0x4C4C,0x4C4C,0x4CC0,0x1A72,0x4C4C,0xC0C0,0x5C4C,0x1A5C,
	0xC04C,0xC0C0,0x844C,0x1A1A,0x2A2A,0xC0C0,0xC02A,0x5C5C,
	0x2A2A,0xC02A,0xC02A,0x00C0,0xC05C,0xC072,0x7272,0x8400,
	0xA0A0,0xA0A0,0xA0A0,0xA0A0,0x7272,0x7272,0x721A,0x7272,
	0x1A72,0x7272,0x721A,0x7272,0x1A1A,0x1A1A,0x1A1A,0x1A1A,
	0x1A1A,0x1A1A,0x1A1A,0x1A1A,0x1A1A,0x1A1A,0x1A10,0x1010,
	0x1A10,0x101A,0x1010,0x1010,0x1010,0x1010,0x1010,0x101A,

	0xA0A0,0xB5B5,0x6767,0x7B67,0x7272,0x6767,0xB567,0x67B5,
	0x721A,0xB5B5,0xB5B5,0x67B5,0x1A1A,0xB5B5,0xB5B5,0x67B5,
	0x1A1A,0xAEAE,0xB5B5,0x1A67,0x1010,0xAEAE,0xB5B5,0x1067,
	0x1010,0xAEAE,0x67B5,0x1067,0xB510,0xB5AE,0xAE67,0x6767,
	0x7B7B,0xA0A0,0xA0A0,0xA0A0,0x727B,0x7272,0x7272,0x7272,
	0x720A,0x0A72,0x720A,0x1A1A,0x1A1A,0x1A1A,0x1A1A,0x1A1A,
	0x101A,0x1010,0x101A,0x1A10,0x1010,0x1010,0x1010,0x1010,
	0x1A10,0x1010,0x1010,0x1010,0x102D,0x1010,0x1A10,0x1010,

	0xA0A0,0xA0A0,0x3131,0x31A5,0x7272,0x3131,0x3131,0x0404,
	0x1A72,0x3131,0x3131,0x3104,0x1A1A,0x3131,0x3131,0x0431,
	0x101A,0x3131,0x3131,0x3131,0x1010,0x3131,0x3104,0x3131,
	0x1010,0x3131,0x3104,0x3104,0x1010,0xA5A5,0x0431,0x0431,
	0x0404,0x0431,0x0431,0xA5A5,0x3104,0x3104,0x0404,0x3131,
	0x3104,0xA504,0x0404,0x3131,0x0431,0xC5A5,0x3131,0x3131,
	0x0431,0xC5A5,0x3131,0x3131,0x0404,0xA531,0x3131,0x0431,
	0xA504,0x2404,0x0404,0x3131,0xC504,0xA5A5,0x04A5,0x0404,

	0x0431,0xA0A0,0xA0A0,0xA0A0,0x3131,0x7219,0x1995,0x1A72,
	0x0431,0x1A1A,0x721A,0x1A1A,0x3131,0x1A1A,0x1A1A,0x1A1A,
	0x3131,0x1A1A,0x1A1A,0x1A1A,0xA504,0x1A31,0x1A31,0x1A1A,
	0xA5A5,0x0431,0x3131,0x1A1A,0x3131,0x3131,0x0431,0x1A1A,
	0xA0A0,0xA0A0,0x1AA0,0x6868,0x7272,0x721A,0x1A72,0x681A,
	0x721A,0x721A,0x1A1A,0x681A,0x1A1A,0x1A1A,0x1A1A,0x1A1A,
	0x1A1A,0x1A1A,0x1A1A,0x1A1A,0x1A1A,0x1A1A,0x681A,0x1A1A,
	0x1A1A,0x1010,0x6868,0x1A1A,0x1A1A,0x1A1A,0x1A1A,0x6868,

	0x68A0,0x681A,0xA0A0,0x3E3E,0x1A1A,0x1A1A,0x6872,0x3E1A,
	0x1A68,0x1A68,0x6868,0xC8C8,0x6868,0x6868,0x6868,0xB1B1,
	0x6868,0x6868,0x683E,0xB13E,0x6868,0x6868,0x3E3E,0x3E3E,
	0x6868,0x6868,0x3E3E,0xC83E,0x1A68,0x6868,0xC8B1,0x5757,
	0xC8C8,0x3E3E,0xC8C8,0x3E3E,0x3E3E,0x3E3E,0x3E3E,0xC8C8,
	0x3E3E,0x3EC8,0xC8C8,0xB1B1,0xC8C8,0xC8C8,0xB1C8,0xB1B1,
	0xB1B1,0xB1B1,0x8484,0x1D1D,0xC8C8,0xC8C8,0xB1B1,0xB11D,
	0xC8C8,0xC83E,0xC8B1,0xB11D,0x3EC8,0xC8C8,0xB1B1,0x3E84,

	0xC8C8,0x3EC8,0x3E3E,0x3E3E,0xC8C8,0x3E3E,0xC83E,0x3E3E,
	0xB1C8,0x3E3E,0x3E3E,0x3E3E,0xC8B1,0xC83E,0x3EB1,0x9E1A,
	0xC8C8,0xC83E,0xB1B1,0x3E3E,0x3E3E,0xB1B1,0x3EC8,0x3E3E,
	0xC8C8,0xC8C8,0x3EC8,0xC8C8,0xC8C8,0x3E3E,0xC8C8,0x3E3E,
	0xA09E,0xA0A0,0xA0A0,0xA0A0,0x9E9E,0x9E72,0x7272,0x9E9E,
	0x9E1A,0x9E72,0x721A,0x1A9E,0x1A1A,0x1A1A,0x9E1A,0x1A1A,
	0x1A9E,0x1A9E,0x9E9E,0x1A1A,0x9E9E,0x9E9E,0x9E9E,0x1A1A,
	0x9E9E,0x9E9E,0x9E9E,0x9E1A,0x9E9E,0x9E9E,0x9E9E,0x9E9E,

	0xA0A0,0x3EA0,0x3EC8,0x3E3E,0x7272,0xB172,0x3E3E,0x3E3E,
	0x1A72,0x3E72,0x3E3E,0x3E3E,0x1A1A,0x1A1A,0x3E3E,0x3E3E,
	0x1A1A,0x1A1A,0x3E3E,0xC8C8,0x1A1A,0x1A1A,0x3E1A,0xB1B1,
	0x1A1A,0x1A1A,0x3E3E,0xB1C8,0x1A9E,0x9E9E,0x3E3E,0x3E3E,
	0x3E3E,0x3EC8,0xC8C8,0x1D84,0xC83E,0xC83E,0xC83E,0x1D84,
	0xC83E,0xC83E,0xC8C8,0x8484,0x3E3E,0xC83E,0xB1C8,0x84C8,
	0xC83E,0xC83E,0xB1B1,0x84C8,0xC8B1,0xB1B1,0xB1C8,0x8484,
	0xB1C8,0xC8C8,0x84C8,0xC8C8,0xB1B1,0x1D1D,0x1DB1,0xB1B1,

	0xB11D,0xC8C8,0x3E3E,0xC8C8,0xC884,0xC83E,0x3EB1,0xB1C8,
	0xC8C8,0xB13E,0x3EC8,0xB1B1,0xC8C8,0x1D1D,0xC8C8,0x1AB1,
	0xB1B1,0xC8C8,0xB1B1,0xB13E,0x1DC8,0xB1B1,0xB1B1,0x3E3E,
	0x1D84,0xC8B1,0xC8B1,0x3E3E,0xB11D,0xB1B1,0xC8B1,0x3E3E,
	0xA03E,0xA0A0,0x1AA0,0xA0A0,0x7272,0x721A,0x1A72,0x9E1A,
	0x721A,0x721A,0x1A1A,0x1A1A,0x1A3E,0x1A1A,0x1A1A,0x1A9E,
	0x1A3E,0x1A1A,0x1A1A,0x1A9E,0x3E3E,0x1A1A,0x1A1A,0x9E9E,
	0x3E3E,0x1A1A,0x1A1A,0x9E1A,0x3E3E,0x1A1A,0x1A1A,0x9E1A,

	0x1AA0,0xA01A,0xA0A0,0x1A1A,0x1A1A,0x1A1A,0x1A72,0x0A1A,
	0x1A1A,0x1A1A,0x9E1A,0x1A1A,0x9E9E,0x0A1A,0x9E9E,0x0A1A,
	0x9E9E,0x1A1A,0x1A9E,0x1A1A,0x9E9E,0x9E1A,0x1A1A,0x1A9E,
	0x9E9E,0x9E9E,0x1A1A,0x9E9E,0x9E9E,0x9E9E,0x9E9E,0x9E9E,
	0x1AA0,0x5757,0x5257,0x5257,0x0A0A,0x5757,0x5757,0x5252,
	0x0A0A,0x5757,0x5757,0x5757,0x0A0A,0x5257,0x5757,0x5757,
	0x570A,0x5257,0x5257,0x2557,0x1A1A,0x5725,0x5752,0x5252,
	0x1A1A,0x5225,0x5752,0x5752,0x571A,0x5757,0x2525,0x5225,

	0x5757,0x5225,0x5752,0x5757,0x2552,0x5785,0x5757,0x5757,
	0x2552,0x5785,0x5757,0x5757,0x5752,0x2525,0x5757,0x5252,
	0x2525,0x255C,0x5752,0x5757,0x2585,0x2525,0x5252,0x5252,
	0x8552,0x255C,0x5257,0x5252,0x8557,0x5285,0x2525,0x5252,
	0x5252,0x1AA0,0x0A0A,0xA00A,0x5757,0x0A0A,0x0A0A,0x0A0A,
	0x5257,0x3232,0x0A0A,0x0A0A,0x5725,0x570A,0x0A0A,0x0A0A,
	0x5725,0x5752,0x0A57,0x0A0A,0x5757,0x5757,0x0A52,0x0A0A,
	0x5757,0x5757,0x0A57,0x0A0A,0x5757,0x5757,0x0A0A,0x0A0A,

	0xA01A,0xA0A0,0xA0A0,0xA0A0,0x0A18,0x1A72,0x720A,0x0A72,
	0x1818,0x0A0A,0x7218,0x0A0A,0x0A0A,0x180A,0x0A1A,0x0A0A,
	0x0A0A,0x0A0A,0x0A0A,0x0A0A,0x0A0A,0x5050,0x5050,0x0A0A,
	0xB60A,0x5050,0x5050,0xB650,0x5077,0x5050,0x5050,0x5050,
	0x0E0E,0x0E0E,0xA0A0,0x2828,0x1A72,0x0A0A,0x0A0A,0x2828,
	0x0A72,0x0A0A,0x0A0E,0x3428,0x0A0A,0x0A0A,0x0E0A,0x280E,
	0x0A0A,0x0A0A,0x1A0A,0x280E,0x0A0A,0x0A0A,0x0A0A,0x0E0A,
	0x0A0A,0x0A0A,0x0A0A,0xC40A,0x0A0A,0x0A0A,0x0A0A,0xC40A,

	0x3434,0x3434,0xA00E,0xA0A0,0x2828,0x0E0E,0x180A,0x0A72,
	0x0E34,0x0E0E,0x720A,0x0A18,0x3434,0xC434,0x0A0A,0x0A0A,
	0x3434,0xC434,0x0A0A,0x0E0A,0x2828,0xC428,0x0E0A,0x0E0E,
	0x3434,0xC434,0x0E0E,0x0A0A,0x3434,0xC428,0x0A0A,0x0A0A,
	0x0EA0,0x12A0,0xA0A0,0xA0A0,0x0E72,0x7272,0x7212,0x7272,
	0x0E0E,0x7272,0x7474,0x7218,0x1A0E,0x0A0A,0x7474,0x120A,
	0x0A0A,0x0E0E,0x7497,0x120A,0x0A0A,0x0A9E,0x7461,0x7474,
	0x0A9E,0x0A9E,0x619E,0x7474,0x9E9E,0x9E9E,0x9E9E,0x7474,

	0x7474,0xA0A0,0x12A0,0xA0A0,0x7274,0x7472,0x0A72,0x0A12,
	0x7274,0x740A,0x0A0A,0x0A12,0x0A97,0x740A,0x0A0A,0x0A12,
	0x0A97,0x0A0A,0x1212,0x1212,0x0A32,0x0A0A,0x0A0A,0x1212,
	0x0A9E,0x0A0A,0x0A9E,0x1212,0x9E97,0x0A9E,0x9E9E,0x1212,
	0x0A0A,0x0A0A,0x7474,0x0A0A,0x0A0A,0x0A0A,0x7474,0x0A12,
	0x0A0A,0x0A0A,0x1212,0x1212,0x0A0A,0x0A0A,0x120A,0x1212,
	0x0A0A,0x0A0A,0x120A,0x1212,0x0A9E,0x7474,0x610A,0x7474,
	0x1274,0x0A74,0x610A,0x7474,0x9E0A,0x450A,0x619E,0x979E,

	0x5768,0x5761,0x2552,0x7474,0x570A,0x6157,0x6161,0x7412,
	0x570A,0x5757,0x5252,0x1212,0x1212,0x5257,0x5757,0x6174,
	0x7412,0x5257,0x5757,0x7474,0x6174,0x1274,0x1212,0x1212,
	0x7474,0x1212,0x1212,0x7412,0x1212,0x1212,0x7474,0x7474,
	0x2561,0x6185,0x7474,0x2585,0x8574,0x6185,0x745C,0x7412,
	0x2574,0x6161,0x1285,0x1212,0x6161,0x8525,0x1212,0x5212,
	0x2561,0x5252,0x1212,0x5C52,0x5C97,0x125C,0x5C5C,0x525C,
	0x2597,0x7484,0x855C,0x5252,0x5297,0x5C25,0x2561,0x615C,

	0x7474,0x5752,0x5757,0x5757,0x2552,0x5252,0x5752,0x5225,
	0x5252,0x5757,0x5752,0x4D57,0x5757,0x5757,0x1257,0x4D25,
	0x5757,0x5257,0x1212,0x4D57,0x5257,0x2525,0x5712,0x4D25,
	0x2557,0x1225,0x2552,0x9E9E,0x2525,0x7474,0x1212,0x9E9E,
	0xA50A,0x3131,0x3131,0x0404,0x4D4D,0x04A5,0x0404,0xA504,
	0x4D4D,0xA50A,0x0404,0x0404,0x3131,0x3131,0xA5A5,0x24A5,
	0x314D,0x3131,0xA5A5,0x24A5,0x3131,0x3131,0x0404,0x3104,
	0xA59E,0x0431,0x0431,0x31A5,0x3131,0x3104,0x0404,0xA531,

	0x24A5,0x2404,0x2424,0xA524,0xA5A5,0x2403,0x24C5,0x3104,
	0xA5A5,0x2403,0x24C5,0x0404,0x0404,0x2424,0xA5A5,0x0404,
	0x0324,0x2424,0x24C5,0x0404,0x0404,0x0424,0x24C5,0x0404,
	0xA504,0x04A5,0x24C5,0x0404,0xA504,0x0404,0xA5C5,0x3030,
	0xA5A5,0x0404,0x3131,0x4E88,0xA5A5,0x04A5,0x0AA5,0x0A0A,
	0x04A5,0x30A5,0x0AA5,0x0A63,0xA5A5,0x3030,0x3030,0x3030,
	0xA5A5,0x3030,0x3030,0x3030,0xA5A5,0x4E30,0x3030,0x3030,
	0x4E63,0x3030,0xC9C9,0x3030,0x3030,0x3030,0x4E30,0x3B63,

	0x1E1E,0x884E,0x3030,0x3030,0x0A0A,0x6363,0x3030,0xC9C9,
	0x0A0A,0x4E4E,0x3030,0x3030,0x0A30,0x3030,0x3030,0x3030,
	0x4E30,0xC9C9,0x3030,0x3030,0x3030,0xC930,0x6363,0x3030,
	0x3030,0x30C9,0xC9C9,0x3030,0x3030,0x3030,0x4E30,0x0A0A,
	0x3030,0x1E88,0x8888,0x8888,0x3030,0x8863,0x8888,0x8888,
	0x3030,0x8863,0x8888,0x1E88,0x3030,0x1E4E,0x884E,0x0A0A,
	0x3030,0x0A30,0x0A0A,0x0A0A,0x3030,0x0A4E,0x7B7B,0x0A0A,
	0x6330,0x0A0A,0x0A7B,0x0A0A,0x7B0A,0x7B7B,0x0A0A,0x0A0A,

	0x0A1A,0x0A0A,0x0A0A,0x0A0A,0x1A1A,0x1A0A,0x1A0A,0x861A,
	0x1A1A,0x1A1A,0x1A0A,0x861A,0x1A1A,0x1A1A,0x1A1A,0x861A,
	0x1A1A,0x1A1A,0x1A1A,0x861A,0x1A1A,0x1A1A,0x1A1A,0x1A1A,
	0x1A1A,0x1A1A,0x1A1A,0x211A,0x1A1A,0x1A1A,0x211A,0x2121,
	0x5E5E,0x5E5E,0x5E5E,0x5E5E,0x8686,0x5E49,0x5E5E,0x5E5E,
	0x8686,0x4986,0x5E5E,0x7878,0x8686,0x7878,0x7878,0x7878,
	0x8686,0x2121,0x2121,0x7878,0x2121,0x2121,0x2121,0x788C,
	0x2121,0x2121,0x8C21,0x782A,0x2121,0x8C21,0x3838,0x3838,

	0x8686,0x2178,0x6E6E,0x386E,0x7878,0x2178,0x3821,0x3838,
	0x7878,0x2121,0x2121,0x3838,0x7878,0x2121,0x2121,0x2121,
	0x7878,0x2121,0x2121,0x2121,0x7878,0x2A2A,0x7777,0x7777,
	0x7878,0x2A2A,0x7777,0x7777,0x3821,0x3838,0x3838,0x3838,
	0x3838,0x3838,0x2A21,0x3838,0x3838,0x2138,0x2A2A,0x3838,
	0x3838,0x2138,0x2A2A,0x385B,0x3838,0x2A2A,0x3838,0x3838,
	0x7721,0x2A2A,0x3838,0x3838,0x7777,0x2177,0x2121,0x386E,
	0x7777,0x2177,0x2121,0x6E21,0x3838,0x2A21,0x2121,0x2121,

	0x3838,0x3838,0x3838,0x3838,0x3838,0x3838,0x3838,0x3838,
	0x3838,0x3838,0x3838,0x3838,0x5B38,0x215B,0x2121,0x2121,
	0x3838,0x5B5B,0x2121,0x2121,0x3838,0x5B5B,0x215B,0x3821,
	0x3838,0x5B5B,0x5B5B,0x3838,0x5B5B,0x2A77,0x2A2A,0x3838,
	0x2A38,0x5B5B,0x5B5B,0x2A2A,0x3838,0x3838,0x5B5B,0x2A2A,
	0x3838,0x2138,0x2A5B,0x2A2A,0x2121,0x3821,0x3838,0x2A2A,
	0x2121,0x3838,0x3838,0x2A38,0x3838,0x3838,0x3838,0x2121,
	0x3838,0x3838,0x3838,0x2121,0x3838,0x3838,0x2121,0x2121,

	0x2A2A,0x2A2A,0x7777,0x2A2A,0x2A2A,0x2A2A,0x7777,0x382A,
	0x2A2A,0x2A2A,0x772A,0x3838,0x2A2A,0x2A2A,0x3821,0x3838,
	0x2A2A,0x212A,0x2121,0x3838,0x212A,0x3838,0x3838,0x2121,
	0x2121,0x2121,0x2121,0x2121,0x2177,0x2121,0x2121,0x2121,
	0x2A2A,0x5B5B,0x5B5B,0x785B,0x3838,0x2A2A,0x5B5B,0x3838,
	0x3838,0x3838,0x2138,0x2121,0x3838,0x6E6E,0x3838,0x3838,
	0x3838,0x6E6E,0x3838,0x3838,0x2121,0x3838,0x3838,0x3838,
	0x3838,0x3838,0x5B38,0x3838,0x2121,0x5B21,0x5B5B,0x3838,

	0x7878,0x7878,0x7878,0x7878,0x3838,0x3838,0x3838,0x3838,
	0x3838,0x3838,0x3838,0x3838,0x3838,0x3838,0x3838,0x3838,
	0x3838,0x3838,0x3838,0x3838,0x3838,0x3838,0x3838,0x3838,
	0x3838,0x3838,0x3838,0x3838,0x3838,0x6E6E,0x6E6E,0x386E,
	0x7878,0x7878,0x7878,0x7878,0x3838,0x3838,0x3838,0x3838,
	0x3838,0x3838,0x3838,0x3838,0x3838,0x3838,0x3838,0x3838,
	0x3838,0x3838,0x3838,0x3838,0x3838,0x3838,0x3838,0x3838,
	0x3838,0x3821,0x3838,0x3838,0x5B38,0x3821,0x6E38,0x386E,

	0x7878,0x7878,0x7878,0x5B5B,0x3838,0x3838,0x3838,0x3838,
	0x3838,0x3838,0x3838,0x3838,0x3838,0x3838,0x3838,0x3838,
	0x3838,0x3838,0x3838,0x3838,0x3838,0x3838,0x3838,0x3838,
	0x3838,0x3838,0x3838,0x3838,0x3838,0x6E38,0x3838,0x386E,
	0x3838,0x3838,0x2138,0x2121,0x3821,0x3838,0x3838,0x2121,
	0x5B5B,0x5B5B,0x2A5B,0x2121,0x5B5B,0x5B5B,0x2A5B,0x212A,
	0x5B5B,0x5B5B,0x2A5B,0x2A2A,0x5B5B,0x385B,0x3838,0x2A2A,
	0x5B21,0x3821,0x2121,0x2121,0x2121,0x3838,0x2138,0x2121,

	0x2121,0x2121,0x2121,0x5B21,0x2121,0x2121,0x2121,0x2121,
	0x2121,0x2121,0x2121,0x3821,0xB721,0x2121,0x3838,0x3838,
	0x2A2A,0x3821,0x3838,0x3838,0x2A2A,0x3838,0x3838,0x2138,
	0x2A2A,0x385B,0x3838,0x3838,0x7721,0x5B5B,0x775B,0x5B77,
	0x215B,0x2121,0x3821,0x3838,0x3838,0x3838,0x2A21,0x7777,
	0x3838,0x3838,0x2121,0x7721,0x3838,0x3838,0x3838,0x2121,
	0x3838,0x3838,0x6E38,0x2121,0x2121,0x2121,0x2121,0x2121,
	0x2121,0x2121,0x2121,0x2121,0x2121,0x2121,0x2121,0x5B21,

	0x3838,0x3838,0x3838,0x2121,0x215B,0x3838,0x3838,0x5B21,
	0x7777,0x2A2A,0x2A2A,0x772A,0x7777,0x2A2A,0x2A2A,0x2A77,
	0x7777,0x2A2A,0x2A2A,0x772A,0x2121,0x2121,0x2121,0x7721,
	0x2121,0x2121,0x2121,0x2121,0x2121,0x2121,0x3838,0x3838,
	0x2121,0x3838,0x3838,0x3838,0x3821,0x3838,0x3838,0x3838,
	0x3821,0x3838,0x2138,0x2121,0x3821,0x3838,0x3838,0x2A2A,
	0x2A2A,0x5B5B,0x5B5B,0x2A2A,0x2A2A,0x5B5B,0x5B5B,0x382A,
	0x2A77,0x5B5B,0x5B5B,0x3838,0x7738,0x3838,0x3838,0x3838,

	0x3838,0x2121,0x2A2A,0x8686,0x2138,0x2A21,0x2A2A,0x8678,
	0x2121,0x2A21,0x2A2A,0x782A,0x2121,0x2A2A,0x2A2A,0x2A2A,
	0x5B5B,0x2A2A,0x3838,0x3838,0x3838,0x3838,0x3838,0x3838,
	0x3838,0x3838,0x3838,0x3838,0x3838,0x3838,0x3838,0x3838,
	0x8686,0x8686,0x1A78,0x1A1A,0x8686,0x8686,0x1A78,0x1A1A,
	0x8686,0x8686,0x1A78,0x1A1A,0x8686,0x8686,0x7878,0x1A1A,
	0x8686,0x8686,0x7878,0x1A1A,0x2138,0x8686,0x7878,0x1A1A,
	0x2138,0x8621,0x7878,0x1A1A,0x2138,0x2A21,0x8C8C,0x2121,

	0x1A1A,0x1A1A,0x1A1A,0x1A1A,0x1A1A,0x1A1A,0x1A1A,0x1A1A,
	0x1A1A,0x1A1A,0x1A1A,0x1A1A,0x1A1A,0x1A1A,0x1A1A,0x1A1A,
	0x1A1A,0x1A1A,0x1A1A,0x1A1A,0x1A1A,0x1A1A,0x1A1A,0x1A1A,
	0x1A1A,0x1A1A,0x1A1A,0x1A1A,0x2121,0x2121,0x1A2A,0x1A1A,
	0x1A1A,0x1A1A,0x1A1A,0x1A1A,0x1A1A,0x1A1A,0x1A1A,0x1A1A,
	0x1A1A,0x1A1A,0x1A1A,0x1A1A,0x1A1A,0x1A1A,0x1A1A,0x1A1A,
	0x1A1A,0x1A1A,0x1A1A,0x1A1A,0x1A1A,0x1A1A,0x1A1A,0x1A1A,
	0x1A1A,0x1A1A,0x1A1A,0x1A1A,0x1A1A,0x1A1A,0x1A1A,0x1A1A,

	0x1A1A,0x1A1A,0x1A1A,0x1A1A,0x1A1A,0x1A1A,0x1A1A,0x1A1A,
	0x1A1A,0x1A1A,0x1A1A,0x1A1A,0x1A1A,0x1A1A,0x1A1A,0x1A1A,
	0x1A1A,0x1A1A,0x1A1A,0x1A1A,0x1A1A,0x1A1A,0x1A1A,0x1A1A,
	0x1A1A,0x1A1A,0x1A1A,0x1A1A,0x1A1A,0x1A1A,0x1A1A,0x1A1A,
	0x1A1A,0x1A1A,0x4B1A,0x4B4B,0x1A1A,0x1A1A,0x4B1A,0x4B4B,
	0x1A1A,0x1A1A,0x4B1A,0x4B4B,0x1A1A,0x1A1A,0x4B1A,0x4B4B,
	0x1A1A,0x1A1A,0x4B1A,0x4B4B,0x1A1A,0x1A1A,0x4B1A,0x4B4B,
	0x1A1A,0x1A1A,0x4B0A,0x4B4B,0x1A1A,0x0A1A,0x4B1A,0x4B4B,

	0x4B4B,0x4B4B,0x4B4B,0x4B4B,0x4B4B,0x4B4B,0x4B4B,0x4B4B,
	0x4B4B,0x4B4B,0x4B4B,0x4B4B,0x4B4B,0x4B4B,0x4B4B,0x4B4B,
	0x4B4B,0x4B4B,0x4B4B,0x4B4B,0x4B4B,0x4B4B,0x4B4B,0x4B4B,
	0x4B4B,0x4B4B,0x4B4B,0x4B4B,0x4B4B,0x4B4B,0x4B4B,0x4B4B,
	0x4B4B,0x4B4B,0x1A1A,0x1A1A,0x4B4B,0x4B4B,0x1A1A,0x1A1A,
	0x4B4B,0x4B4B,0x1A1A,0x1A1A,0x4B4B,0x4B4B,0x1A1A,0x1A1A,
	0x4B4B,0x4B4B,0x1A1A,0x1A1A,0x4B4B,0x4B4B,0x1A1A,0x1A1A,
	0x4B4B,0x4B4B,0x0A1A,0x091A,0x4B4B,0x4B4B,0x0A0A,0x5C09,

	0x1A1A,0x1A1A,0x0909,0x0909,0x1A1A,0x0909,0x0909,0x0909,
	0x091A,0x4747,0x0909,0x0909,0x1A1A,0x0909,0x0909,0x0947,
	0x091A,0x0909,0x0909,0x0909,0x4709,0x0909,0x0909,0x0909,
	0x0909,0x0909,0x4709,0x0909,0x0909,0x4709,0x4747,0x0909,
	0x0909,0x0909,0x4709,0x0909,0x0909,0x0909,0x4747,0x0909,
	0x0909,0x0909,0x0909,0x0909,0x0909,0x0909,0x0909,0x0909,
	0x0909,0x0909,0x0909,0x0909,0x0909,0x0909,0x0909,0x0909,
	0x0909,0x0909,0x0947,0x0909,0x0909,0x0909,0x0909,0x0909,

	0x0909,0x5C09,0x4C4C,0x4C4C,0x0909,0x0909,0x095C,0x094C,
	0x0909,0x0909,0x095C,0x0909,0x0909,0x4747,0x0909,0x0909,
	0x0909,0x0947,0x0909,0x0909,0x4709,0x4764,0x0947,0x0909,
	0x6409,0x0909,0x4709,0x0909,0x4747,0x0909,0x0909,0x0909,
	0x2AC0,0x4C4C,0x4C4C,0xC0C0,0x2A09,0x4C4C,0xC0C0,0x4C4C,
	0xC05C,0x2A2A,0x2AC0,0x4C2A,0x0909,0xC02A,0x2A2A,0xC02A,
	0x5C5C,0x2A2A,0xC0C0,0x092A,0x0909,0x5C5C,0x2AC0,0x5C5C,
	0x0909,0x0909,0x2A1A,0x095C,0x0909,0x0909,0x0909,0x4709,

	0x4C4C,0xC0C0,0xC084,0x09C0,0xC0C0,0x5C09,0x2A84,0x2A2A,
	0xC0C0,0x2A09,0x5C5C,0x2A09,0x092A,0x0909,0x0947,0x0909,
	0x092A,0x0909,0x0947,0x0909,0x0909,0x0909,0x0909,0x0909,
	0x0909,0x0909,0x0909,0x0909,0x0909,0x0909,0x4709,0x0909,
	0x0909,0xC02A,0x2A2A,0x2AC0,0x0909,0x0909,0x5C5C,0x6464,
	0x0909,0x4709,0x5C09,0x5C09,0x0909,0x4709,0x0909,0x095C,
	0x0909,0x4709,0x0909,0x0909,0x0909,0x0909,0x0909,0x0909,
	0x0909,0x0909,0x0909,0x0909,0x0909,0x0909,0x0909,0x0909,

	0x5CC0,0x7272,0x7272,0x8400,0x72C0,0x5C84,0xC072,0x0072,
	0x5C5C,0x5CAC,0xAC2A,0x1010,0x5C64,0x0000,0x1010,0x105C,
	0x5C09,0x1010,0x5C5C,0x105C,0x5C5C,0x095C,0x0909,0x645C,
	0x095C,0x5C5C,0x0909,0x5C5C,0x0947,0x0909,0x4709,0x0909,
	0x1A00,0x1010,0x1A10,0x1010,0x1010,0x1010,0x1010,0x1010,
	0x1010,0x1010,0x1010,0x1010,0x1010,0x1010,0x7171,0xAEAE,
	0x105C,0x1010,0xAE71,0x671A,0x0964,0x1A2D,0x1010,0x1010,
	0x0909,0x1064,0x1010,0x1010,0x0909,0x0909,0x2D2D,0x1010,

	0xB510,0xB5B5,0xAE67,0x6767,0x6710,0x67B5,0xB5B5,0x67AE,
	0xB5AE,0x6767,0xAEB5,0x7BAE,0x67B5,0xB5B5,0xB567,0xAEAE,
	0xAE67,0x1AAE,0xB567,0xAEAE,0xB567,0x1067,0x1A10,0x1AB5,
	0x1010,0x1010,0x1010,0x1A67,0x1010,0x1010,0x1010,0x1010,
	0x1010,0x1010,0x1A10,0x1010,0x1010,0x1010,0x1010,0x101A,
	0x671A,0x1010,0x1010,0x1010,0x1010,0x1010,0x1010,0x1010,
	0x1010,0x1010,0x1010,0x1010,0x1010,0x1010,0x1010,0x1010,
	0x1010,0x1010,0x1010,0x1010,0x1010,0x1010,0x1010,0x1A10,

	0x1010,0xA52D,0x0404,0x0431,0x2D2D,0x3131,0xA531,0xA5A5,
	0x312D,0x3131,0x0404,0xA5A5,0x0431,0x3131,0x3131,0x0404,
	0x3131,0x3131,0x3131,0x5757,0x3131,0x3131,0x3131,0x5757,
	0x0431,0x3131,0x5757,0x5757,0x3110,0x0404,0x5731,0x5757,
	0x0431,0x24A5,0x3131,0x0404,0x3131,0xC5C5,0xA504,0x04C5,
	0x0404,0xC5C5,0xA524,0x31C5,0x0431,0x2424,0xC5C5,0x0404,
	0x3131,0x24A5,0x24C5,0x0404,0x5757,0x24A5,0x04A5,0x3131,
	0x5757,0xA5A5,0x0404,0x0404,0x5257,0x0404,0xA503,0x04C5,

	0x3131,0x3131,0x3131,0x1A1A,0x3104,0x3131,0x1AA5,0x1A1A,
	0x3104,0x3131,0x3131,0x1A1A,0x3104,0x0404,0x3131,0x1A1A,
	0x3104,0x3131,0x3131,0x1A1A,0x04C5,0xA504,0x1A1A,0x1A1A,
	0x0404,0xA504,0x1A1A,0x1A1A,0xA5A5,0x3131,0x3131,0x1A1A,
	0x1A1A,0x1A1A,0x1010,0x1A68,0x1A1A,0x1A1A,0x1A1A,0x1A1A,
	0x1A1A,0x1A1A,0x1A1A,0x1A1A,0x1A1A,0x1A1A,0x1A1A,0x1A1A,
	0x1A1A,0x1A1A,0x1A1A,0x1A1A,0x1A1A,0x1A1A,0x1A1A,0x1A1A,
	0x1A1A,0x1A1A,0x1A1A,0x1A1A,0x1A1A,0x1A1A,0x1A1A,0x1A1A,

	0x1A68,0x1A68,0x3E3E,0x5757,0x1A1A,0x1A1A,0x571A,0x5757,
	0x1A1A,0x1A1A,0x571A,0x5757,0x1A1A,0x1A1A,0x5757,0x5757,
	0x1A1A,0x1A1A,0x5757,0x5757,0x1A1A,0x5757,0x5752,0x5252,
	0x1A1A,0x5757,0x2525,0x5252,0x5757,0x5757,0x5252,0x5757,
	0x5757,0x3EC8,0xB157,0x3E84,0x3E52,0x5757,0x5757,0xB184,
	0x5257,0x523E,0x5757,0xB1B1,0x5752,0x5757,0x5757,0xB157,
	0x5257,0x5757,0x5757,0xB157,0x5257,0x5757,0x5757,0xC81D,
	0x5752,0x5252,0x5252,0xC857,0x5285,0x5725,0x2552,0x1D1D,

	0x3EC8,0x3E3E,0x3EC8,0x3E3E,0xC8C8,0x3E3E,0x3E3E,0x3E3E,
	0x3EC8,0x3E3E,0x3E3E,0x3E3E,0xC8C8,0xC83E,0xC8C8,0x1A3E,
	0xC8C8,0xB1B1,0xB1C8,0x1A1A,0xB1B1,0xB1C8,0xC8C8,0x3E3E,
	0xB184,0xB1B1,0xC8C8,0x3E3E,0xC8C8,0xC8C8,0xC8C8,0x3E3E,
	0x9E9E,0x9E9E,0x9E9E,0x1A9E,0x1A9E,0x9E9E,0x9E9E,0x109E,
	0x1A9E,0x1A9E,0x1A9E,0x109E,0x1A1A,0x1A1A,0x1A1A,0x1A1A,
	0x1A1A,0x1A1A,0x1A1A,0x1A1A,0x1A1A,0x1A1A,0x1A1A,0x1A1A,
	0x1A1A,0x1A1A,0x1A1A,0x1A1A,0x1A1A,0x1A1A,0x1A1A,0x1A1A,

	0x9E9E,0x9E9E,0x3E3E,0xC83E,0x1A1A,0x1A1A,0x3EB1,0x3E3E,
	0x1A1A,0x1A1A,0x3E3E,0x3EC8,0x1A1A,0x1A1A,0xB1B1,0xC83E,
	0x1A1A,0x1A1A,0x1A1A,0xC83E,0x1A1A,0x1A1A,0x1A1A,0xB1B1,
	0x1A1A,0x1A1A,0x1A3E,0xB13E,0x1A1A,0x1A1A,0x3E3E,0x3E3E,
	0xB1B1,0xB1B1,0x1D1D,0x8484,0x3E3E,0xB1B1,0x1DB1,0x1D84,
	0xC8C8,0xB1B1,0xB1C8,0x1D1D,0xC83E,0xC8C8,0xC884,0x8484,
	0xC8C8,0xB1B1,0x8484,0x8484,0xC8C8,0xB1C8,0x00B1,0x1D84,
	0xB1C8,0xB1C8,0xB1C8,0x1D84,0xB1B1,0x8484,0x0000,0x1D84,

	0x841D,0xC8B1,0xC8B1,0xC8C8,0xC884,0xB1B1,0x3E3E,0x3E3E,
	0xC8C8,0x3EB1,0x3EC8,0x3E3E,0x8484,0xB1B1,0xC8B1,0x3EC8,
	0x8484,0x3E3E,0xB1C8,0xC8C8,0xB184,0xC8C8,0xC8C8,0xB184,
	0x84B1,0xB1B1,0xC8C8,0xB184,0xB184,0xC8C8,0xB1B1,0x3EB1,
	0xB13E,0x1A1A,0x1A1A,0x9E1A,0x3E3E,0x1A1A,0x1A1A,0x9E9E,
	0xB13E,0x1A1A,0x1010,0x9E9E,0x3E3E,0x1A1A,0x1A1A,0x1A1A,
	0xB1B1,0x1A1A,0x1A1A,0x1A1A,0x1A1A,0x1A1A,0x1A1A,0x1A1A,
	0x1A1A,0x1A1A,0x1A1A,0x1A1A,0x3E3E,0x1A1A,0x1A1A,0x1A1A,

	0x9E9E,0x9E9E,0x9E9E,0x9E9E,0x9E9E,0x1A9E,0x0A9E,0x571A,
	0x9E9E,0x1A1A,0x0A0A,0x570A,0x1A1A,0x1A1A,0x0A1A,0x570A,
	0x1A1A,0x1A18,0x0A0A,0x570A,0x1A1A,0x1A1A,0x3B0A,0x1A1A,
	0x1A1A,0x0A0A,0x3B0A,0x0A1A,0x1A1A,0x1A3B,0x0A0A,0x0A0A,
	0x5757,0x5757,0x5752,0x2525,0x5752,0x5757,0x5757,0x5752,
	0x5757,0x5757,0x5757,0x5757,0x5757,0x5757,0x5257,0x5257,
	0x5752,0x5757,0x5757,0x5757,0x5757,0x5252,0x5257,0x5257,
	0x521A,0x5252,0x5225,0x5252,0x5757,0x2552,0x2552,0x5252,

	0x2552,0x2585,0x2525,0x5757,0x5252,0x855C,0x2585,0x5252,
	0x5257,0x855C,0x525C,0x5252,0x5252,0x5C5C,0x5252,0x2557,
	0x5252,0x5C25,0x5252,0x8552,0x2525,0x5C52,0x2525,0x5252,
	0x2525,0x5C25,0x2525,0x5252,0x5C52,0x5252,0x855C,0x5225,
	0x5757,0x5757,0x5757,0x0A0A,0x5757,0x5252,0x0A57,0x1A0A,
	0x5757,0x5257,0x1A57,0x1A0A,0x5752,0x2525,0x1A1A,0x1A1A,
	0x2552,0x1A25,0x1A1A,0x1A1A,0x2525,0x2557,0x1A57,0x1A1A,
	0x2525,0x5757,0x5752,0x0A1A,0x5225,0x5757,0x5757,0x0A0A,

	0xA477,0x5050,0x5050,0xA450,0x1A1A,0xB6B6,0xB6B6,0xA4A4,
	0x1A1A,0xB6B6,0xB6B6,0x0AA4,0x1A1A,0x1A1A,0x1A1A,0x1A0A,
	0x1A1A,0x1A1A,0x1A1A,0x1A1A,0x1A1A,0x1A1A,0x1A1A,0x1A1A,
	0x1A1A,0x0A1A,0x1A1A,0x1A0A,0x0A0A,0x1A0A,0x1A1A,0x1A1A,
	0x180A,0x0A0A,0x0A0A,0x0A0A,0x1A1A,0x1A1A,0x0A0A,0x0A0A,
	0x1A1A,0x0A1A,0x0A0A,0x0A0A,0x0A0A,0x0A0A,0x0A0A,0x1A0A,
	0x0A0A,0x0A0A,0x1A0A,0x1A1A,0x0A1A,0x1A1A,0x0A1A,0x0E18,
	0x0A1A,0x1A0A,0x0A0A,0x0E18,0x0A0A,0x0A0A,0x181A,0x0E0E,

	0x3434,0x0E28,0x1A0A,0x0A0A,0x2828,0x0E28,0x1A1A,0x9E0A,
	0x3434,0x9428,0x0A1A,0x9E0A,0x2834,0x9428,0x0A0A,0x9E9E,
	0x3434,0x9434,0x100A,0x1A9E,0x0E34,0x940E,0x0A0A,0x1A0A,
	0x3434,0x9434,0x0A0A,0x0A0A,0x340E,0x9434,0x0A1A,0x1A0A,
	0x9E0A,0x9E9E,0x9E9E,0x1212,0x9E0A,0x9E9E,0x9E9E,0x7497,
	0x9E1A,0x9E9E,0x9E9E,0x971A,0x9E9E,0x9E1A,0x9E9E,0x9E46,
	0x9E9E,0x1A1A,0x9E0A,0x9E0A,0x1A1A,0x1A1A,0x0A1A,0x6161,
	0x1A1A,0x1A1A,0x0A0A,0x610A,0x1A1A,0x1A1A,0x1A1A,0x1A0A,

	0x0A97,0x9E9E,0x9E9E,0x1212,0x1212,0x9E12,0x120A,0x9E12,
	0x7474,0x1274,0x129E,0x9E9E,0x979E,0x1212,0x1212,0x9E9E,
	0x9E9E,0x1261,0x1212,0x1212,0x469E,0x1A0A,0x1261,0x1212,
	0x4618,0x460A,0x971A,0x1212,0x4661,0x4646,0x1A46,0x1297,
	0x9E9E,0x0A18,0x6161,0x9E0A,0x619E,0x9E9E,0x9E1A,0x9E9E,
	0x619E,0x0A9E,0x9E0A,0x9E9E,0x9E9E,0x0A0A,0x9E61,0x9E1A,
	0x9E9E,0x1A9E,0x9E61,0x1A1A,0x0A12,0x9E9E,0x109E,0x611A,
	0x0A12,0x9E9E,0x109E,0x6161,0x1212,0x0A0A,0x6161,0x6161,

	0x1212,0x1212,0x1212,0x1212,0x619E,0x7461,0x1212,0x9774,
	0x619E,0x1274,0x1212,0x6174,0x571A,0x1212,0x7474,0x6174,
	0x571A,0x7412,0x7474,0x5797,0x1A1A,0x1212,0x1212,0x9761,
	0x1A1A,0x1212,0x1212,0x7497,0x121A,0x7474,0x7474,0x7474,
	0x525C,0x5C5C,0x2512,0x615C,0x2525,0x5C84,0x1212,0x6125,
	0x5257,0x1212,0x1212,0x1212,0x6125,0x1212,0x1212,0x5C61,
	0x6197,0x9797,0x855C,0x2561,0x7412,0x5257,0x8484,0x2561,
	0x1212,0x5252,0x8452,0x6161,0x6112,0x5C52,0x845C,0x615C,

	0x7425,0x2574,0x5757,0x9E0A,0x7474,0x6125,0x5225,0x9E57,
	0x7474,0x6152,0x5712,0x9E1A,0x5757,0x5761,0x5752,0x5757,
	0x5252,0x5761,0x575C,0x9E52,0x6161,0x2525,0x2525,0x1212,
	0x5252,0x2525,0x5C12,0x1212,0x5C5C,0x5C5C,0x745C,0x2F74,
	0x249E,0x0404,0x0404,0x0404,0x9E9E,0x0303,0x2404,0xA5A5,
	0x9E9E,0x039E,0x0424,0xA5A5,0x129E,0x249E,0x0303,0x3E03,
	0x9E12,0x9E9E,0x0303,0x0303,0x0A0A,0x0A0A,0x0A9E,0x3E3E,
	0x0A0A,0x3232,0xAF32,0x3E9D,0x0A0A,0x4545,0x1245,0x3E12,

	0x31A5,0x0404,0xA5C5,0x3030,0xA5A5,0x0404,0x0403,0x30A5,
	0x043E,0x04A5,0xA524,0x3004,0x3E3E,0x033E,0x3E03,0x2403,
	0x3E3E,0x033E,0x3E3E,0x0303,0x3E3E,0x03C8,0x3EC8,0x3E3E,
	0xC83E,0xC8C8,0x3EC8,0x033E,0x3E3E,0x3EC8,0x3E3E,0x3E3E,
	0x3030,0x3030,0x4E30,0x304E,0x3030,0x3030,0x3063,0x7B24,
	0x4E63,0x4E30,0x0363,0x7B7B,0x0324,0x0324,0x2424,0x0A0A,
	0x0303,0x0324,0x0A0A,0x0A0A,0x4545,0x0A03,0x6363,0x3030,
	0x3030,0x3045,0x3030,0x3030,0x3063,0x3030,0x3030,0x3030,

	0x3030,0x3030,0x6363,0x0A0A,0x630A,0x304E,0x0A7B,0x0A0A,
	0x0A0A,0x4E0A,0x0A30,0x4E0A,0x0A7B,0x307B,0x3030,0x30C9,
	0x7B7B,0x3063,0x3030,0xC9C9,0x7B30,0x3030,0x3030,0x3030,
	0x7B0A,0x3030,0x3030,0x3030,0x7B30,0x304E,0x3030,0x4E30,
	0x0A0A,0x7B7B,0x0A0A,0x0A0A,0x0A30,0x6363,0x0A0A,0x0A0A,
	0x3030,0x6363,0x0A4E,0x0A0A,0x3030,0x3030,0x3030,0x4545,
	0x3030,0x3030,0x4E30,0x4545,0x3030,0x3030,0x6363,0x450A,
	0x3030,0x30C9,0x6363,0x4545,0xC930,0x3030,0x4530,0x4545,

	0x1A1A,0x1A1A,0x2121,0x8C21,0x1A1A,0x1A1A,0x2121,0x2121,
	0x1A1A,0x1A1A,0x2121,0x2121,0x1A1A,0x1A1A,0x8C8C,0x2121,
	0x1A1A,0x1A1A,0x8C8C,0x2121,0x2121,0x2121,0x8C8C,0x2A8C,
	0x2121,0x2121,0x2A2A,0x2A2A,0x218C,0x7721,0x7777,0x8C8C,
	0x2121,0x8C21,0x3838,0x3838,0x2121,0x8C21,0x3838,0x3838,
	0x2121,0x8C21,0x215B,0x2121,0x8C21,0x8C21,0x5B2A,0x385B,
	0x8C8C,0x8C21,0x5B2A,0x5B5B,0x2A2A,0x772A,0x5B2A,0x5B5B,
	0x2A2A,0x7777,0x2A2A,0x5B5B,0x8C8C,0x7777,0x2121,0x2121,

	0x386E,0x3838,0x3838,0x3838,0x3838,0x3838,0x3838,0x3838,
	0x3838,0x3838,0x3838,0x3838,0x3838,0x3838,0x3838,0x3838,
	0x6E6E,0x3838,0x3838,0x3838,0x5B5B,0x385B,0x3838,0x3838,
	0x5B5B,0x2A5B,0x2A2A,0x2A2A,0x2121,0x2121,0x2A2A,0x2A2A,
	0x3838,0x2138,0x5B5B,0x5B5B,0x3838,0x2121,0x5B2A,0x5B5B,
	0x3838,0x2121,0x5B2A,0x5B5B,0x2138,0x2121,0x2A21,0x5B5B,
	0x2121,0x2121,0x2121,0x5B5B,0x2121,0x2121,0x2121,0x2A2A,
	0x2121,0x2121,0x2121,0x2A2A,0x2A2A,0x2A2A,0x2121,0x7721,

	0x5B5B,0x2A77,0x2A2A,0x5B5B,0x5B5B,0x775B,0x2121,0x5B5B,
	0x5B5B,0x772A,0x2121,0x5B5B,0x5B5B,0x3838,0x3838,0x3838,
	0x5B5B,0x3838,0x3838,0x3838,0x2121,0x3821,0x3838,0x3838,
	0x3821,0x3838,0x3838,0x3838,0x2121,0x3821,0x3838,0x3838,
	0x3838,0x3838,0x2121,0x2A21,0x5B5B,0x5B5B,0x2121,0x2A2A,
	0x5B5B,0x5B5B,0x2A5B,0x2A2A,0x3838,0x5B5B,0x2A5B,0x2A2A,
	0x3838,0x5B38,0x5B5B,0x772A,0x3838,0x3838,0x5B38,0x772A,
	0x3838,0x3838,0x3838,0x772A,0x3838,0x2138,0x2121,0x7721,

	0x7777,0x2121,0x2121,0x2121,0x7777,0x2A2A,0x2A2A,0x2A2A,
	0x7777,0x2A2A,0x2A2A,0x2A2A,0x215B,0x2121,0x3838,0x3838,
	0x2121,0x3838,0x3838,0x3838,0x2121,0x2121,0x3838,0x3838,
	0x2121,0x2121,0x3821,0x3838,0x2177,0x2121,0x2121,0x6E21,
	0x2121,0x5B5B,0x5B5B,0x7777,0x5B5B,0x5B5B,0x5B5B,0x3838,
	0x5B5B,0x5B5B,0x5B5B,0x3838,0x3838,0x3838,0x2138,0x3838,
	0x3838,0x3838,0x2138,0x3838,0x3838,0x3838,0x2138,0x7777,
	0x3838,0x3838,0x2121,0x3838,0x3838,0x3838,0x3838,0x3838,

	0x7777,0x7777,0x7777,0x7777,0x3838,0x3838,0x3838,0x3838,
	0x3838,0x3838,0x3838,0x3838,0x3838,0x3838,0x3838,0x3838,
	0x6E6E,0x6E6E,0x6E6E,0x6E6E,0x7777,0x8B8B,0x8B8B,0x8B8B,
	0x3838,0x3838,0x3838,0x3838,0x3838,0x3838,0x3838,0x3838,
	0x7777,0x8B77,0x778B,0x7777,0x3838,0x3838,0x3838,0x3838,
	0x3838,0x3838,0x3838,0x3838,0x3838,0x3838,0x3838,0x3838,
	0x6E6E,0x3838,0x3838,0x3838,0x8B8B,0x7777,0x7777,0x8B77,
	0x3838,0x3838,0x3838,0x3838,0x3838,0x3838,0x3838,0x3838,

	0x7777,0x7777,0x7777,0x7777,0x3838,0x3838,0x3838,0x3838,
	0x3838,0x3838,0x3838,0x3838,0x3838,0x3838,0x3838,0x3838,
	0x3838,0x6E6E,0x6E6E,0x386E,0x8B8B,0x8B8B,0x7777,0x7777,
	0x3838,0x3838,0x3838,0x3838,0x3838,0x3838,0x3838,0x3838,
	0x7777,0x3838,0x2138,0x2121,0x2121,0x5B5B,0x5B5B,0x2A5B,
	0x2121,0x5B5B,0x5B5B,0x2A5B,0x2121,0x5B5B,0x5B5B,0x2A2A,
	0x2138,0x5B5B,0x3838,0x3838,0x7777,0x3838,0x3838,0x3838,
	0x2138,0x3838,0x3838,0x3838,0x2138,0x3838,0x3838,0x3838,

	0x772A,0x5B5B,0x775B,0x7777,0x772A,0x5B5B,0x775B,0x7777,
	0x772A,0x5B5B,0x3821,0x3838,0x3838,0x3838,0x3821,0x3838,
	0x3838,0x6E38,0x3821,0x3838,0x3838,0x3838,0x3838,0x3838,
	0x3838,0x3838,0x3838,0x3838,0x3838,0x3838,0x3838,0x2121,
	0x5B5B,0x5B5B,0x2121,0x772A,0x7777,0x5B5B,0x5B5B,0x772A,
	0x3838,0x5B5B,0x5B5B,0x772A,0x3838,0x7721,0x5B5B,0x3838,
	0x3838,0x2121,0x7777,0x3838,0x2138,0x2121,0x7721,0x2121,
	0x2121,0x2121,0x5B21,0x2121,0x2121,0x5B5B,0x5B5B,0x2121,

	0x2121,0x3838,0x3838,0x2121,0x2A2A,0x2A2A,0x2A2A,0x2A2A,
	0x3838,0x7777,0x2A2A,0x2A2A,0x3838,0x3838,0x3838,0x3838,
	0x3838,0x3838,0x3838,0x3838,0x386E,0x3821,0x3838,0x2121,
	0x2121,0x5B5B,0x2121,0x2121,0x2121,0x5B5B,0x5B5B,0x2A5B,
	0x2A21,0x3838,0x3838,0x3838,0x2A21,0x5B5B,0x3838,0x2121,
	0x2A2A,0x5B5B,0x5B5B,0x3838,0x3838,0x5B5B,0x5B5B,0x5B5B,
	0x3838,0x5B5B,0x5B5B,0x5B5B,0x2121,0x3821,0x3838,0x3838,
	0x3838,0x3838,0x3838,0x3838,0x5B5B,0x3838,0x3838,0x3821,

	0x3838,0x3838,0x6E6E,0x3838,0x2121,0x2121,0x2121,0x5B5B,
	0x2121,0x2121,0x2121,0x215B,0x2A2A,0x2A2A,0x2A2A,0x212A,
	0x2A2A,0x2A2A,0x2A2A,0x212A,0x3838,0x3838,0x2A21,0x212A,
	0x3838,0x3838,0x2121,0x212A,0x3838,0x2138,0x2138,0x7777,
	0x2121,0x2A21,0x8C8C,0x2121,0x215B,0x2A21,0x218C,0x2121,
	0x2121,0x3838,0x218C,0x2121,0x2121,0x3838,0x5B38,0x5B5B,
	0x3838,0x3838,0x3838,0x8C8C,0x2121,0x3838,0x3838,0x8C8C,
	0x2121,0x3838,0x3838,0x8C8C,0x5B77,0x5B5B,0x2A2A,0x8C8C,

	0x2121,0x8C21,0x2A8C,0x1A1A,0x2121,0x2121,0x2A8C,0x8C8C,
	0x2121,0x8C21,0x2A8C,0x8C8C,0x2A2A,0x2A2A,0x778C,0x8C8C,
	0x5B8C,0x2A2A,0x772A,0x2A77,0x8C8C,0x2A5B,0x8C8C,0x8C8C,
	0x8C8C,0x2A5B,0x8C8C,0x8C8C,0x8C8C,0x5B5B,0x218C,0x2121,
	0x1A1A,0x1A1A,0x1A1A,0x1A1A,0x8C8C,0x1A1A,0x1A1A,0x1A1A,
	0x8C8C,0x1A8C,0x1A1A,0x1A1A,0x2A8C,0x2A2A,0x1A1A,0x1A1A,
	0x2A2A,0x2A2A,0x1A1A,0x1A1A,0x2A77,0x2A2A,0x2A2A,0x1A1A,
	0x2121,0x2A2A,0x2A2A,0x1A1A,0x2121,0x7721,0x1A1A,0x1A1A,

	0x1A1A,0x1A1A,0x1A1A,0x1A1A,0x1A1A,0x1A1A,0x1A1A,0x1A1A,
	0x1A1A,0x1A1A,0x1A1A,0x1A1A,0x1A1A,0x1A1A,0x1A1A,0x1A1A,
	0x1A1A,0x1A1A,0x1A1A,0x1A1A,0x1A1A,0x1A1A,0x1A1A,0x1A1A,
	0x1A1A,0x1A1A,0x1A1A,0x1A1A,0x1A1A,0x1A1A,0x1A1A,0x1A1A,
	0x1A1A,0x1A1A,0x3F1A,0x4B4B,0x1A1A,0x1A1A,0x3F1A,0x5A3F,
	0x1A1A,0x1A1A,0x3F1A,0x5A3F,0x1A1A,0x1A1A,0x3F5A,0x5A3F,
	0x1A1A,0x1A1A,0x3F5A,0x5A3F,0x1A1A,0x1A1A,0x3FA8,0x5A3F,
	0x1A1A,0x1A1A,0x3FA8,0x5A3F,0x1A1A,0x1A1A,0x3FA8,0x5A3F,

	0x4B4B,0x4B4B,0x4B4B,0x4B4B,0x5A5A,0x5A5A,0x5A5A,0x5A5A,
	0x5A5A,0x5A5A,0x5A5A,0x5A5A,0x5A5A,0x5A5A,0x5A5A,0x5A5A,
	0x5A5A,0x5A5A,0x5A5A,0x5A5A,0x5A5A,0x5A5A,0x5A5A,0x5A5A,
	0x5A5A,0x5A5A,0x5A5A,0x5A5A,0x9999,0x9999,0x9999,0x9999,
	0x4B4B,0x3F90,0x0A1A,0x0909,0x5A5A,0x3F3F,0x5C5C,0x0909,
	0x5A5A,0x3F3F,0x5C5C,0x5C09,0x5A5A,0x3F3F,0x471A,0x475C,
	0x5A5A,0x3F3F,0x475C,0x4747,0x5A5A,0x3F3F,0x4747,0x6447,
	0x5A5A,0x3F3F,0x4747,0x6447,0x5A99,0x3F3F,0x641A,0x6484,

	0x0909,0x0909,0x4747,0x0909,0x0909,0x4709,0x4747,0x4747,
	0x4747,0x4709,0x4709,0x4747,0x0909,0x4747,0x6447,0x0947,
	0x4747,0x4747,0x4747,0x6464,0x4747,0x4747,0x6447,0x6464,
	0x6464,0x4747,0x6447,0x645C,0x8484,0x6484,0x5C5C,0x6464,
	0x0909,0x0909,0x4747,0x0909,0x0909,0x0909,0x4747,0x4747,
	0x0909,0x0909,0x0947,0x4747,0x0909,0x4709,0x4747,0x4709,
	0x6409,0x0909,0x0909,0x4747,0x6464,0x6464,0x4709,0x0909,
	0x6464,0x6464,0x6864,0x0947,0x6464,0x4D4D,0x4747,0x4D68,

	0x0909,0x0947,0x0909,0x0909,0x0947,0x4747,0x0909,0x4747,
	0x4709,0x4747,0x0909,0x4747,0x6447,0x4747,0x0947,0x4747,
	0x6464,0x5C5C,0x4747,0x6447,0x4768,0x4764,0x6868,0x4747,
	0x6868,0x4764,0x6468,0x5C5C,0x6847,0x6864,0x4747,0x0968,
	0x0909,0x0909,0x0909,0x4709,0x0947,0x0909,0x0909,0x0947,
	0x0964,0x0909,0x0909,0x4709,0x5C64,0x0909,0x0909,0x0909,
	0x5C5C,0x0909,0x0909,0x0909,0x6464,0x095C,0x0909,0x0909,
	0x0984,0x095C,0x0947,0x0909,0x0947,0x4747,0x4747,0x0909,

	0x0909,0x0909,0x4747,0x0909,0x0909,0x4709,0x0909,0x0909,
	0x0909,0x0909,0x0909,0x0909,0x0909,0x0909,0x0909,0x0909,
	0x0909,0x0909,0x0909,0x0909,0x0909,0x0909,0x0909,0x0909,
	0x0909,0x0909,0x0909,0x0909,0x4747,0x4709,0x0909,0x4709,
	0x0909,0x0909,0x0909,0x0909,0x0947,0x0947,0x0909,0x0909,
	0x4747,0x0947,0x4747,0x0909,0x4747,0x4747,0x4747,0x4747,
	0x0909,0x4747,0x4747,0x4747,0x0909,0x0909,0x4747,0x4747,
	0x0909,0x4747,0x4747,0x0947,0x4747,0x6447,0x6464,0x0909,

	0x4747,0x0909,0x0909,0x0947,0x0909,0x0909,0x0909,0x0909,
	0x0909,0x0909,0x0909,0x0909,0x4709,0x0909,0x0909,0x0909,
	0x4747,0x0909,0x0909,0x0909,0x4747,0x0909,0x4747,0x4747,
	0x4747,0x0909,0x4747,0x4709,0x0909,0x0909,0x0947,0x6447,
	0x0909,0x0909,0xB9B9,0x1010,0x0909,0x4747,0x1010,0x101A,
	0x0909,0x0909,0x1009,0x101A,0x0909,0x0909,0x0909,0x1010,
	0x0909,0x0909,0x0947,0x1010,0x0909,0x4747,0x5C09,0x105C,
	0x4709,0x4747,0x8409,0x1010,0x6464,0x4747,0x4764,0x5C5C,

	0x1010,0x1010,0x1010,0x101A,0x101A,0x1010,0x1010,0x2D10,
	0x1010,0x1010,0x109E,0x1010,0x1010,0x1010,0x101A,0x109E,
	0x1010,0x1010,0x1A1A,0x9E9E,0x101A,0x1010,0x1A10,0x9E1A,
	0x1A1A,0x1010,0x1A10,0x9E1A,0x1A1A,0x1010,0x1A1A,0x1A1A,
	0x1010,0x1010,0x1010,0x1010,0x1A2D,0x9510,0x1010,0x1A9E,
	0x959E,0x951A,0x9EB9,0x9510,0x9E9E,0x2D10,0x1A9E,0x2D2D,
	0x9E10,0x2D10,0x1A9E,0x952D,0x9E9E,0x9E19,0x1A1A,0x9E1A,
	0x9E9E,0x9E9E,0x1A1A,0x1A9E,0x9E9E,0x9E9E,0x9E9E,0x5757,

	0x1010,0x04A5,0x57A5,0x5757,0x3131,0x5757,0x5257,0x5752,
	0x3131,0x5757,0x5252,0x5252,0x5731,0x5757,0x5757,0x5252,
	0x5231,0x5757,0x5757,0x5752,0x5257,0x5225,0x5757,0x5257,
	0x5757,0x5725,0x5252,0x5257,0x5757,0x5252,0x5752,0x5752,
	0x2557,0x5257,0xA557,0x04C5,0x5752,0x5757,0x2452,0xA5A5,
	0x5752,0x5757,0x5757,0xA5A5,0x5257,0x5757,0x5257,0xA524,
	0x5757,0x5757,0x5757,0xA524,0x5257,0x2525,0x5225,0xA504,
	0x5257,0x2525,0x5257,0xA524,0x5252,0x5757,0x5757,0x3104,

	0xA5A5,0x3131,0x0431,0x1A31,0xA504,0x3104,0x3131,0x1A04,
	0x0404,0x3131,0x3131,0x1A31,0xA5A5,0x0404,0x3131,0x1A04,
	0x3104,0x0431,0x3131,0x1A1A,0x0431,0x3131,0x3131,0x1A1A,
	0xA531,0x0404,0x3131,0x0A0A,0x0404,0x04A5,0xA531,0x0A1A,
	0x1A1A,0x1A1A,0x1A1A,0x1A1A,0x1A1A,0x1A1A,0x1A1A,0x1A1A,
	0x1A1A,0x1A0A,0x1A1A,0x9F9F,0x1A1A,0x0A1A,0x9F0A,0x9F9F,
	0x1A1A,0x0A0A,0x9F0A,0x9F9F,0x1A0A,0x0A0A,0x9F0A,0x9F9F,
	0x0A0A,0x0A0A,0x480A,0x9F9F,0x0A0A,0x0A0A,0x480A,0xB648,

	0x5757,0x5757,0x5752,0x5252,0x5757,0x9F0F,0x9F9F,0x9F9F,
	0x9F9F,0x9F0F,0x9F9F,0x9F9F,0x9F9F,0x9F0F,0x9F9F,0x9F9F,
	0x9F9F,0x9F0F,0x9F9F,0x9F9F,0x9F9F,0xB60F,0xB6B6,0x9FB6,
	0x9F9F,0xB6B6,0x0F0F,0xB60F,0xB6B6,0x0FB6,0x4848,0x0F0F,
	0x5285,0x5752,0x2525,0x5752,0x5757,0x5252,0x5757,0x5757,
	0x0F0F,0x5252,0x5757,0x5757,0x0F0F,0x9F9F,0x9F9F,0xB69F,
	0x0F0F,0x9F9F,0x9F9F,0xB69F,0x0F0F,0x9F9F,0x9F9F,0xB69F,
	0x0F0F,0x9F9F,0x9F9F,0xB69F,0xB648,0xB6B6,0x9F9F,0xB69F,

	0xC8C8,0xB1B1,0x3EC8,0x3EC8,0x5757,0x3E3E,0xC83E,0x3EC8,
	0x5757,0xB1B1,0xB13E,0x3EC8,0x5257,0xB184,0x84C8,0x8484,
	0x5752,0xB157,0x84C8,0x1A1A,0xB6B6,0x0000,0x0A00,0x0A0A,
	0xB6B6,0x4500,0x450A,0x1A45,0xB6B6,0x4557,0x1010,0x1010,
	0x1A1A,0x1A1A,0x1A1A,0x1A1A,0x1A1A,0x1A1A,0x1A1A,0x1A1A,
	0x1A1A,0x1A1A,0x1A1A,0x1A1A,0x1A1A,0x1A1A,0x1A1A,0x3E1A,
	0x1A1A,0x1A1A,0x1A1A,0x3E1A,0x1A1A,0x1A1A,0x1A1A,0x3E3E,
	0x1A1A,0x1A1A,0x1A1A,0x3E3E,0x1A10,0x1A1A,0x3E3E,0x3EC8,

	0x1A1A,0x1A1A,0x3E3E,0x3E3E,0x3E3E,0x1A1A,0x3EB1,0x3EC8,
	0x3E3E,0x3E3E,0x3E3E,0x3E3E,0x3E3E,0x1AC8,0x3E3E,0x3E3E,
	0x3E3E,0xC83E,0xC81A,0x3E3E,0x3E3E,0x3EC8,0x3E3E,0x3E3E,
	0x3E3E,0xC83E,0x3E3E,0x3E3E,0xC8C8,0xC83E,0x3E3E,0x3E3E,
	0xC8C8,0xB1C8,0x0000,0x1D84,0xC8C8,0x3E3E,0xB1B1,0xC8C8,
	0x3EC8,0xB1B1,0xB1B1,0x1D84,0xC8C8,0xC8C8,0x3E3E,0x00C8,
	0x8484,0xC8B1,0x3E3E,0x00B1,0xC83E,0xB1B1,0xC8C8,0xC8C8,
	0xC83E,0xB1B1,0xC8C8,0x8484,0x0D00,0x84C8,0x0084,0x8400,

	0xB184,0xB1B1,0xB1B1,0xB1C8,0x8484,0x3EC8,0xB1B1,0x3E3E,
	0x841D,0x3EB1,0xB1B1,0xC83E,0xB1B1,0xC8C8,0x3EC8,0x8484,
	0xC8C8,0xC8B1,0xB1C8,0xB184,0xB1B1,0x84C8,0x84B1,0x84B1,
	0x8400,0x84C8,0x8484,0x8484,0x8484,0x0000,0x844D,0x0000,
	0x3E3E,0x1A1A,0x1A1A,0x1A1A,0x3EB1,0x1A1A,0x1A1A,0x1A1A,
	0x3E3E,0x1A1A,0x1A1A,0x1A1A,0xC8C8,0x1A1A,0x1A1A,0x1A1A,
	0xC8B1,0x1A1A,0x1A1A,0x1A1A,0x0000,0x2F2F,0x1A1A,0x1A1A,
	0x1A84,0x2F1A,0x1A1A,0x1A1A,0x1A1A,0x1A1A,0x1A2F,0x2F2F,

	0x1A1A,0x1A1A,0x1A0A,0x0A0A,0x1A1A,0x2F1A,0x1A1A,0x0A0A,
	0x1A1A,0x2F1A,0x1A1A,0x0A0A,0x2F2F,0x1A0A,0x1A0A,0x0A1A,
	0x1A1A,0x0A1A,0x1A0A,0x0A0A,0x1A1A,0x0A0A,0x0A0A,0x0A69,
	0x1A1A,0x1A1A,0x1A1A,0x0A1A,0x1A1A,0x1A1A,0x2F1A,0x0A0A,
	0x5757,0x5257,0x5C52,0x5252,0x5757,0x5257,0x2525,0x2525,
	0x5757,0x5257,0x5757,0x2552,0x5757,0x5752,0x5252,0x2525,
	0x5757,0x5752,0x5257,0x5252,0x0A0A,0x5257,0x5252,0x2525,
	0x0A0A,0x5252,0x5252,0x2525,0x0A57,0x2557,0x2552,0x2552,

	0x8525,0x5252,0x8585,0x5225,0x8585,0x5C5C,0x5C85,0x5225,
	0x8585,0x855C,0x5C5C,0x5225,0x2552,0x8585,0x5252,0x5725,
	0x5225,0x8525,0x5252,0x5725,0x5C5C,0x5C5C,0x5C5C,0x5757,
	0x8425,0x5C5C,0x525C,0x5757,0x2552,0x855C,0x5C25,0x2525,
	0x5252,0x5757,0x5757,0x0A0A,0x5225,0x5252,0x2557,0x1A1A,
	0x5757,0x5252,0x5757,0x1A1A,0x5752,0x5757,0x2557,0x1A1A,
	0x5725,0x5752,0x5757,0x1A1A,0x2552,0x5252,0x2525,0x1A1A,
	0x2525,0x5252,0x1A0A,0x101A,0x5252,0x255C,0x1A1A,0x101A,

	0x0A0A,0x1A1A,0x1A1A,0x1A1A,0x1A0A,0x0A0A,0x1A1A,0x1A1A,
	0x1A0A,0x1A1A,0x1A1A,0x1A1A,0x1A1A,0x101A,0x1A1A,0x101A,
	0x1A1A,0x101A,0x1A10,0x101A,0x1A10,0x1010,0x1010,0x1010,
	0x1010,0x1010,0x1010,0x1010,0x1010,0x1010,0x1010,0x1010,
	0x0A1A,0x1A0A,0x1A1A,0x340E,0x1A1A,0x1A1A,0x1A1A,0x340E,
	0x1A1A,0x1A10,0x0A1A,0x0E94,0x101A,0x4510,0x1010,0x0E94,
	0x101A,0x4510,0x1010,0x0E94,0x1010,0x1010,0x1010,0x0E94,
	0x1010,0x1010,0x1010,0x0E34,0x1010,0x4D10,0x1010,0x3434,

	0x3434,0x940E,0x1A1A,0x1A1A,0x3434,0x1A94,0x1A1A,0x1A1A,
	0x0E0E,0x1094,0x101A,0x1A1A,0x340E,0x4594,0x4510,0x1A10,
	0x3434,0x1094,0x1010,0x1010,0x0E0E,0x1094,0x1010,0x1010,
	0x940E,0x1094,0x1010,0x1010,0x0E34,0x1094,0x1010,0x1010,
	0x1A1A,0x1A1A,0x1A0A,0x1A1A,0x1A1A,0x1A1A,0x1A1A,0x1A1A,
	0x101A,0x1A1A,0x1A1A,0x0A1A,0x1010,0x1A10,0x1A1A,0x1A1A,
	0x1010,0x1010,0x1A1A,0x6161,0x1010,0x1010,0x1010,0x1010,
	0x1010,0x101A,0x1010,0x4D10,0x4D4D,0x1010,0x1010,0x104D,

	0x4661,0x180A,0x1A1A,0x611A,0x0A61,0x0A0A,0x460A,0x1A1A,
	0x6161,0x0A0A,0x1A0A,0x1A1A,0x610A,0x1A1A,0x0A1A,0x1A0A,
	0x6161,0x1A61,0x1A1A,0x1A0A,0x1A1A,0x1A1A,0x6161,0x1A1A,
	0x1A1A,0x1A1A,0x611A,0x1A1A,0x1A1A,0x1A1A,0x1A1A,0x1A1A,
	0x7474,0x1A1A,0x1A1A,0x6161,0x7474,0x9774,0x1A1A,0x1A1A,
	0x7497,0x1212,0x1A1A,0x1A1A,0x741A,0x1212,0x1A97,0x1A1A,
	0x121A,0x1212,0x9774,0x1A1A,0x741A,0x7474,0x7474,0x1A1A,
	0x121A,0x7474,0x7474,0x6161,0x971A,0x1212,0x1212,0x7474,

	0x1261,0x1212,0x1212,0x7474,0x7461,0x1212,0x1212,0x7412,
	0x7474,0x1212,0x1212,0x6112,0x7412,0x7474,0x1212,0x1061,
	0x1212,0x7412,0x7474,0x1010,0x1212,0x1212,0x1212,0x1A10,
	0x1212,0x1212,0x1212,0x1A10,0x1212,0x1212,0x7412,0x7461,
	0x6112,0x5C5C,0x845C,0x845C,0x8461,0x8484,0x8484,0x6161,
	0x8484,0x8484,0x6185,0x8484,0x1010,0x4545,0x6161,0x1212,
	0x0A45,0x1210,0x1274,0x1212,0x1274,0x7474,0x1212,0x6197,
	0x7474,0x7412,0x1A1A,0x4585,0x7474,0x1010,0x4510,0x4510,

	0x5C5C,0x5C5C,0x7484,0x0A74,0x8484,0x8484,0x7474,0x0A2F,
	0x2F84,0x8484,0x1212,0x0A0A,0x1212,0x1212,0x4512,0x1212,
	0x7412,0x1274,0x1212,0x1212,0x4561,0x9761,0x2F74,0x4545,
	0x109C,0x2F0A,0x2F2F,0x0A45,0x1010,0x4561,0x0A2F,0x2F1A,
	0x450A,0x45AF,0x4512,0x3E3E,0x4545,0x1A74,0x453E,0x3EB1,
	0x0A0A,0x4574,0x3E3E,0xC8B1,0x7474,0x3E3E,0xC83E,0xC83E,
	0x0A12,0x3EB1,0x3E3E,0xC83E,0x450A,0x3E3E,0x3E3E,0x3E3E,
	0x4545,0x3E3E,0xC8C8,0x3E3E,0x1A10,0x3E1A,0x3E3E,0x3E3E,

	0x3EC8,0xC8C8,0x3E3E,0x0A3E,0xB1C8,0x3E3E,0x3EC8,0x3EC8,
	0x843E,0x3E3E,0xC8C8,0x3EC8,0xC8C8,0x1DC8,0x3E3E,0xC8B1,
	0xC8C8,0xB184,0xC8C8,0x3E3E,0xB1B1,0x3E3E,0x3EC8,0xC83E,
	0xC8C8,0x3E3E,0xC8C8,0x3EC8,0x3E3E,0xC8C8,0xC8C8,0x3E3E,
	0x3063,0x30C9,0x3030,0x30C9,0x3030,0x6363,0x3030,0x3030,
	0x3030,0x3030,0x3030,0x3030,0x3E3E,0x6363,0x0A30,0x7B63,
	0x3E3E,0x6363,0x0A4E,0x7B0A,0x3E3E,0x3E3E,0x0A0A,0x0A0A,
	0x3E3E,0x3E3E,0x0A0A,0x0A0A,0xC83E,0x3E3E,0x0A0A,0x0A0A,

	0x7B0A,0x307B,0x7B63,0x1030,0x0A30,0x7B7B,0x0A0A,0x3030,
	0x0A63,0x7B7B,0x4E0A,0x3030,0x0A0A,0x7B7B,0x3030,0x3030,
	0x0A0A,0x7B7B,0xC9C9,0x3030,0x7B7B,0x637B,0x3030,0x3030,
	0x0A0A,0x4E7B,0x3030,0x3030,0x0A0A,0x7B7B,0x4E30,0x6363,
	0x304E,0x4E30,0x4530,0x4545,0x4E0A,0x0A63,0x0A0A,0x0A0A,
	0x0A0A,0x0A0A,0x0A0A,0x0A0A,0x0A63,0x0A0A,0x0A0A,0x0A0A,
	0x4E30,0x0A30,0x0A0A,0x0A0A,0x3030,0x0A0A,0x0A0A,0x0A0A,
	0x3030,0x0A63,0x0A0A,0x0A0A,0x6330,0x0A0A,0x0A0A,0x0A0A,

	0x2121,0x7777,0x8C77,0x8C8C,0x778C,0x7777,0x2121,0x2121,
	0x7777,0x7777,0x2121,0x2121,0x7777,0x8C77,0x218C,0x2121,
	0x7777,0x8C77,0x8C8C,0x2121,0x772A,0x8C77,0x778C,0x7777,
	0x771A,0x7777,0x1A77,0x7777,0x1A1A,0x1A1A,0x1A1A,0x211A,
	0x8C8C,0x212A,0x2121,0x2121,0x218C,0x2121,0x3838,0x3838,
	0x2121,0x3838,0x3838,0x3838,0x5B5B,0x5B5B,0x5B5B,0x3838,
	0x5B5B,0x5B5B,0x5B5B,0x2A2A,0x5B5B,0x5B5B,0x5B5B,0x2A2A,
	0x3821,0x5B5B,0x5B5B,0x2A2A,0x2121,0x3838,0x3838,0x3838,

	0x2121,0x2121,0x2A2A,0x2A2A,0x3838,0x3838,0x2121,0x2A21,
	0x3838,0x2A38,0x2121,0x2121,0x3838,0x772A,0x2121,0x2121,
	0x2A2A,0x772A,0x2121,0x2121,0x2A2A,0x772A,0x212A,0x2121,
	0x2A2A,0x772A,0x2A2A,0x2121,0x2A2A,0x7777,0x2A2A,0x2A2A,
	0x2A2A,0x2A2A,0x2A2A,0x772A,0x2A2A,0x2A2A,0x2A2A,0x7777,
	0x2121,0x2121,0x2121,0x7777,0x2121,0x3821,0x3838,0x3838,
	0x2121,0x3838,0x3838,0x2121,0x2121,0x3838,0x3838,0x3838,
	0x3821,0x3838,0x3838,0x3838,0x3877,0x3838,0x3838,0x6E38,

	0x2121,0x2121,0x3838,0x3838,0x2121,0x2121,0x2121,0x6E6E,
	0x2121,0x2121,0x2121,0x2A5B,0x5B5B,0x5B5B,0x5B5B,0x212A,
	0x5B5B,0x5B5B,0x5B5B,0x2121,0x2138,0x2A2A,0x2A2A,0x2121,
	0x2121,0x2A2A,0x2A2A,0x3838,0x2121,0x7721,0x2A77,0x3838,
	0x3838,0x3838,0x2138,0x7721,0x3838,0x3838,0x2121,0x2A5B,
	0x2A2A,0x212A,0x2121,0x215B,0x2121,0x7777,0x5B5B,0x2121,
	0x2121,0x2121,0x5B5B,0x2121,0x2121,0x3838,0x2121,0x3838,
	0x3838,0x3838,0x2121,0x382A,0x3838,0x3838,0x2121,0x2A77,

	0x7777,0x7777,0x2121,0x2121,0x2121,0x2A21,0x2A77,0x2A2A,
	0x2121,0x2121,0x2A2A,0x2A2A,0x3838,0x3838,0x2A2A,0x2A2A,
	0x3838,0x3838,0x2A2A,0x2A2A,0x3838,0x7777,0x2121,0x2121,
	0x772A,0x3877,0x3838,0x2121,0x772A,0x3838,0x3838,0x6E38,
	0x3838,0x3838,0x3838,0x3838,0x5B5B,0x5B5B,0x5B5B,0x0A77,
	0x5B5B,0x5B5B,0x5B5B,0x0A77,0x5B5B,0x5B5B,0x5B5B,0x0A0A,
	0x5B5B,0x5B5B,0x1A1A,0x380A,0x2121,0x5B5B,0x0A1A,0x0A0A,
	0x2121,0x2121,0x7777,0x0A77,0x2121,0x2121,0x1A21,0x0A0A,

	0x3838,0x3838,0x3838,0x3838,0x7777,0x8B77,0x8B8B,0x7777,
	0x770A,0x8B8B,0x8B8B,0x778B,0x0A0A,0x3838,0x3838,0x3838,
	0x3838,0x3838,0x3838,0x3838,0x0A0A,0x380A,0x380A,0x3838,
	0x7777,0x7777,0x8B77,0x8B8B,0x0A0A,0x380A,0x3838,0x3838,
	0x3838,0x3838,0x3838,0x3838,0x7777,0x7777,0x778B,0x7777,
	0x7777,0x7777,0x8B8B,0x8B8B,0x3838,0x3838,0x3838,0x3838,
	0x3838,0x3838,0x3838,0x3838,0x3838,0x3838,0x3838,0x3838,
	0x8B8B,0x8B8B,0x8B8B,0x8B8B,0x3838,0x3838,0x3838,0x3838,

	0x3838,0x3838,0x3838,0x3838,0x8B8B,0x8B8B,0x8B8B,0x7777,
	0x8B8B,0x8B8B,0x8B8B,0x7777,0x3838,0x3838,0x380A,0x0A38,
	0x3838,0x0A38,0x380A,0x0A0A,0x6E38,0x6E6E,0x6E6E,0x0A38,
	0x7777,0x7777,0x7777,0x7777,0x3838,0x0A38,0x0A0A,0x0A0A,
	0x5B38,0x5B5B,0x3838,0x3838,0x7777,0x5B5B,0x5B5B,0x2A2A,
	0x0A77,0x5B5B,0x5B5B,0x2A2A,0x0A0A,0x1A1A,0x385B,0x3838,
	0x0A0A,0x1A1A,0x3838,0x3838,0x0A0A,0x3821,0x3838,0x3838,
	0x7777,0x3838,0x3838,0x3838,0x2121,0x2121,0x3838,0x3838,

	0x3838,0x3838,0x2138,0x2121,0x2121,0x2121,0x2121,0x5B5B,
	0x2A2A,0x2A2A,0x5B2A,0x5B5B,0x3838,0x2A38,0x2A2A,0x5B2A,
	0x3838,0x3838,0x2A2A,0x2A2A,0x3838,0x3838,0x2121,0x2A2A,
	0x3838,0x3838,0x2121,0x2A2A,0x3838,0x3838,0x2121,0x2121,
	0x3838,0x5B5B,0x5B5B,0x5B5B,0x5B5B,0x5B5B,0x5B5B,0x5B5B,
	0x5B5B,0x5B5B,0x5B5B,0x5B5B,0x5B5B,0x5B5B,0x775B,0x2121,
	0x5B2A,0x5B5B,0x775B,0x2121,0x2A2A,0x5B5B,0x775B,0x2121,
	0x772A,0x7777,0x7777,0x2A2A,0x2121,0x2121,0x7777,0x2A2A,

	0x5B5B,0x5B5B,0x5B5B,0x2A5B,0x5B5B,0x5B5B,0x5B5B,0x775B,
	0x5B5B,0x5B5B,0x5B5B,0x772A,0x2121,0x2121,0x2121,0x7777,
	0x2121,0x2121,0x2121,0x7777,0x2121,0x2121,0x7721,0x2121,
	0x2121,0x2121,0x7721,0x3838,0x2A2A,0x2A2A,0x3838,0x3838,
	0x5B5B,0x385B,0x3838,0x3838,0x5B5B,0x5B5B,0x3838,0x2138,
	0x5B5B,0x5B5B,0x3838,0x2121,0x5B5B,0x5B5B,0x2A2A,0x2A2A,
	0x5B5B,0x5B5B,0x2A2A,0x2A2A,0x2121,0x2A21,0x2A2A,0x2A2A,
	0x2138,0x2A21,0x2A2A,0x2A2A,0x3838,0x3838,0x2138,0x2121,

	0x3838,0x3821,0x2138,0x7777,0x3838,0x3838,0x2121,0x3821,
	0x3838,0x2138,0x2121,0x3821,0x2A2A,0x2A2A,0x2121,0x2121,
	0x2A2A,0x2A2A,0x212A,0x2121,0x2A2A,0x2A2A,0x2A2A,0x7777,
	0x2A2A,0x212A,0x2121,0x7777,0x2A2A,0x2121,0x2121,0x2121,
	0x5B77,0x5B5B,0x2A2A,0x8C8C,0x3838,0x3838,0x2A2A,0x8C8C,
	0x3838,0x3838,0x2A5B,0x7777,0x3838,0x3838,0x2A38,0x7777,
	0x3821,0x3838,0x2A38,0x7777,0x2121,0x3838,0x3877,0x3838,
	0x2A2A,0x5B5B,0x3838,0x3838,0x2A21,0x382A,0x3838,0x3838,

	0x8C8C,0x2A5B,0x8C8C,0x218C,0x7777,0x2A77,0x2121,0x2121,
	0x7777,0x2A77,0x2121,0x2121,0x7777,0x7777,0x2A77,0x2A2A,
	0x7777,0x7777,0x2A77,0x2A18,0x3838,0x2A77,0x0A1A,0x1A1A,
	0x3838,0x1838,0x1A1A,0x1A0A,0x2138,0x2121,0x1A1A,0x1A1A,
	0x2121,0x2121,0x1A1A,0x1A1A,0x2121,0x8C8C,0x1A1A,0x1A1A,
	0x3838,0x8C8C,0x1A1A,0x1A1A,0x2A2A,0x8C8C,0x1A0A,0x1A1A,
	0x2A2A,0x2A2A,0x1A0A,0x461A,0x180A,0x0A0A,0x0A0A,0x460A,
	0x180A,0x0A1A,0x0A0A,0x181A,0x0A1A,0x0A1A,0x1A1A,0x1A1A,

	0x1A1A,0x1A1A,0x1A1A,0x1A1A,0x1A1A,0x1A1A,0x1A1A,0x1A1A,
	0x1A1A,0x1A1A,0x1A1A,0x1A1A,0x1A1A,0x1A0A,0x1A1A,0x1A1A,
	0x1A1A,0x1A1A,0x1A1A,0x1A1A,0x0A0A,0x1A1A,0x1A1A,0x1A1A,
	0x1A0A,0x1A1A,0x1A1A,0x1A1A,0x1A1A,0x1A1A,0x1A1A,0x1A1A,
	0x1A1A,0x1A1A,0x3FA8,0x5A3F,0x1A1A,0x1A1A,0x3FA8,0x5A3F,
	0x1A1A,0x1A1A,0x9AA8,0x5A3F,0x1A1A,0x1A1A,0x7923,0x5A9A,
	0x1A1A,0x1A1A,0x7923,0x9A5A,0x1A1A,0x1A1A,0xA01A,0x7979,
	0x1A1A,0x1A1A,0x3F0A,0x7979,0x1A1A,0x1A1A,0x3F1A,0x9A3F,

	0x4B4B,0x4B4B,0x4B4B,0x4B4B,0x4B4B,0x4B4B,0x4B4B,0x4B4B,
	0x4B99,0x4B4B,0x4B4B,0x4B4B,0x4B4B,0x4B4B,0x4B4B,0x994B,
	0x4B4B,0x4B4B,0x4B4B,0x4B4B,0x4B4B,0x4B4B,0x4B4B,0x4B4B,
	0x4B4B,0x4B4B,0x4B4B,0x4B4B,0x4B4B,0x4B4B,0x4B4B,0x4B4B,
	0x5A4B,0x3F3F,0x1A1A,0x8484,0x5A4B,0x3F1A,0x1A1A,0x1A1A,
	0x5A99,0x1A1A,0x1A1A,0x1A1A,0x1A1A,0x1A1A,0x1A1A,0x1A1A,
	0x1A1A,0x1A1A,0x1A1A,0x1A1A,0x1A1A,0x1A1A,0x1A1A,0x1A9E,
	0x1A1A,0x1A1A,0x1A1A,0x9E9E,0x1A1A,0x1A1A,0x1A1A,0x1A1A,

	0x8484,0x6464,0x5C5C,0x6464,0x1A1A,0x8484,0x8484,0x6484,
	0x1A1A,0x1A1A,0x1A1A,0x1A1A,0x1A1A,0x1A1A,0x9E1A,0x4D1A,
	0x1A9E,0x1A1A,0x9E1A,0x4D1A,0x9E1A,0x4D1A,0x1A9E,0x1A1A,
	0x9E1A,0x4D10,0x1A9E,0x1A1A,0x1A9E,0x1A9E,0x9E9E,0x9E1A,
	0x6464,0x4D47,0x4764,0x4D4D,0x4D64,0x4D64,0x4D68,0x684D,
	0x4D64,0x4764,0x4D4D,0x6868,0x4D1A,0x1A4D,0x4D4D,0x4D68,
	0x1A1A,0x4D4D,0x4D4D,0x4D4D,0x9E9E,0x4D4D,0x4D4D,0x9E9E,
	0x4D9E,0x4D4D,0x4D4D,0x9E4D,0x1A4D,0x1A4D,0x1A4D,0x9E4D,

	0x6864,0x6868,0x6847,0x0909,0x5C68,0x6868,0x6868,0x475C,
	0x4D4D,0x6868,0x1A68,0x6868,0x681A,0x6868,0x6868,0x5C9E,
	0x689E,0x6868,0x6868,0x849E,0x9E1A,0x1A68,0x9E9E,0x6868,
	0x9E1A,0x1A1A,0x9E9E,0x681A,0x9E9E,0x1A9E,0x1A9E,0x9E1A,
	0x0909,0x0947,0x4747,0x0909,0x4747,0x4747,0x0909,0x0909,
	0x4747,0x4747,0x0909,0x0909,0x6484,0x4747,0x4747,0x0909,
	0x6484,0x4764,0x0947,0x4747,0x6868,0x64AC,0x6447,0x4747,
	0x681A,0x1A1A,0x6464,0x4747,0x1A1A,0x0D1A,0x1A1A,0x0A0A,

	0x4709,0x4747,0x4709,0x4709,0x4747,0x0909,0x4709,0x0909,
	0x6447,0x0909,0x0909,0x4747,0x6409,0x0909,0x4747,0x0909,
	0x4709,0x6464,0x6447,0x0964,0x4747,0x4764,0x6464,0x4764,
	0x4747,0x6464,0x4747,0x6464,0x6464,0x5C5C,0x6447,0x6464,
	0x4747,0x4747,0x6464,0x4747,0x0947,0x6447,0x475C,0x0947,
	0x0909,0x4747,0x4784,0x4747,0x4747,0x5C64,0x6484,0x6464,
	0x4747,0x6447,0x5C5C,0x6464,0x6464,0x645C,0x5C84,0x4764,
	0x6464,0x5C64,0x5C84,0x6464,0x5C5C,0x1A1A,0x1A1A,0x1A64,

	0x0909,0x0909,0x4747,0x6464,0x4709,0x4747,0x6464,0x4747,
	0x4709,0x4764,0x6464,0x6447,0x6447,0x4747,0x4747,0x4747,
	0x4747,0x4747,0x4747,0x6447,0x6464,0x4764,0x6464,0x6464,
	0x6464,0x6464,0x6464,0x645C,0x6464,0x1A64,0x1A1A,0x1A1A,
	0x6464,0x4764,0x4764,0x8447,0x475C,0x4747,0x4747,0x5C84,
	0x5C47,0x4747,0x4747,0x5C84,0x4747,0x5C5C,0x4747,0x8447,
	0x4747,0x5C64,0x6464,0x1A1A,0x8468,0x8484,0x1A1A,0x1A1A,
	0x6868,0x1A1A,0x1A1A,0x1A1A,0x1A1A,0x1A68,0x1A68,0x1A68,

	0x1A1A,0x1A1A,0x1A1A,0x1A1A,0x1A1A,0x1A1A,0x1A1A,0x1A1A,
	0x1A84,0x1A1A,0x1A1A,0x1A9E,0x1A1A,0x1A1A,0x9E1A,0x9E9E,
	0x1A1A,0x1A1A,0x9E1A,0x9E9E,0x1A1A,0x1A1A,0x9E10,0x109E,
	0x1A1A,0x681A,0x1A1A,0x1A1A,0x681A,0x1A1A,0x1A1A,0x1A1A,
	0x9E9E,0x9E9E,0x9E9E,0x5757,0x9E9E,0x9E9E,0x1A9E,0x5757,
	0x9E9E,0x9E9E,0x1A9E,0x5757,0x9E9E,0x1A9E,0x109E,0x5757,
	0x9E1A,0x1A1A,0x9E9E,0x5757,0x1A1A,0x1A1A,0x1A1A,0x2525,
	0x1A1A,0x1A1A,0x1A1A,0x251A,0x1A1A,0x1A1A,0x1A1A,0x5757,

	0x5757,0x5752,0x5752,0x2552,0x5757,0x5257,0x5257,0x8525,
	0x5757,0x5757,0x5257,0x8525,0x5752,0x5757,0x5252,0x2557,
	0x5752,0x5752,0x2552,0x5C52,0x5257,0x5257,0x8552,0x2525,
	0x5252,0x5257,0x5257,0x5C25,0x2557,0x2525,0x5757,0x8585,
	0x5252,0x5757,0x5257,0x3104,0x5757,0x5757,0x5757,0xA5A5,
	0x5757,0x5757,0x5757,0x0404,0x5757,0x5257,0x2552,0xA557,
	0x5252,0x5757,0x2525,0x5257,0x5225,0x5252,0x5757,0x5757,
	0x5757,0x5252,0x5757,0x5757,0x2552,0x5285,0x5752,0x5757,

	0xA5A5,0x04A5,0x0AA5,0x0A0A,0x04A5,0x2424,0x0A1A,0x1A1A,
	0xA5A5,0xA5A5,0x0A31,0x1A0A,0xA557,0x0404,0x3104,0x0A0A,
	0x5757,0x0404,0x0431,0x0A0A,0x5257,0x3131,0x3131,0x0A31,
	0x5757,0x2431,0x3131,0x0A0A,0x0425,0x24A5,0xA5A5,0x0A04,
	0x0A1A,0x0A0A,0x480A,0xB6B6,0x0A0A,0x0A0A,0x480A,0xB6B6,
	0x0A0A,0x0A0A,0x0A0A,0xB6B6,0x0A0A,0x3838,0x3838,0x3838,
	0x0A0A,0x3838,0x3838,0x5E5E,0x0A0A,0x3838,0x3838,0x5E5E,
	0x0A0A,0x3838,0x3838,0x5E5E,0x0A0A,0x3838,0x3838,0x5E5E,

	0xB6B6,0x0FB6,0x480F,0x0F0F,0xB6B6,0xB6B6,0x4848,0x4848,
	0xB6B6,0xB6B6,0xB6B6,0xB6B6,0x3838,0x4838,0xB6B6,0x0FB6,
	0x0A38,0x3838,0xB6B6,0x0F0F,0x485E,0x4848,0x4848,0xB6B6,
	0x485E,0x4848,0x4848,0x4848,0x485E,0x4848,0xB648,0x0FB6,
	0xB648,0xB6B6,0xB6B6,0x48B6,0xB6B6,0x0FB6,0xB6B6,0xB60F,
	0xB6B6,0x0FB6,0x0F0F,0xB60F,0xB60F,0x0FB6,0x0F0F,0xB60F,
	0xB6B6,0x0FB6,0x0F0F,0xB60F,0xB6B6,0x0F0F,0x0F0F,0xB60F,
	0xB6B6,0xB6B6,0xB648,0xB60F,0x0F0F,0x0FB6,0x0FB6,0xB60F,

	0xB6B6,0x4557,0x1010,0x1010,0xB648,0x450A,0x1010,0x101A,
	0x4848,0x4557,0x1010,0x1010,0x4848,0x3838,0x4545,0x4510,
	0x4848,0x3838,0x4545,0x0A10,0x4848,0x3838,0x450A,0x0A0A,
	0x4848,0x3838,0x0A0A,0x0A0A,0x4848,0x380A,0x1A46,0x1A1A,
	0x1A10,0x1A1A,0x3E3E,0xB1B1,0x1A10,0x3E3E,0x3E3E,0xC8C8,
	0x1A10,0x3E3E,0x3E3E,0x3EC8,0x1A1A,0x3E3E,0x3E3E,0x3E3E,
	0x1A0A,0x3E3E,0x3E3E,0x3E3E,0x0A0A,0x3E0A,0xC83E,0x3E3E,
	0x1A0A,0x0A1A,0x3E3E,0x3E3E,0x1A0A,0xC81A,0xC8C8,0xC8C8,

	0xC8C8,0x3EC8,0xC8C8,0xC8C8,0x3E3E,0xC81D,0x3EB1,0xB1C8,
	0xC8C8,0xC81D,0x3EC8,0xB1B1,0xB1C8,0x3E3E,0xC8C8,0x3E3E,
	0xB13E,0x3E3E,0xC8C8,0x3E3E,0x3E3E,0xB11D,0xC8B1,0xC8C8,
	0x3EC8,0xC8B1,0xC8C8,0x3E3E,0xC83E,0xB184,0x1DC8,0x3E3E,
	0x0D3E,0x0000,0x0000,0x0000,0x1A10,0x1010,0x0010,0x1D1D,
	0x3EC8,0x1010,0x1010,0x671D,0x3E3E,0x3E3E,0x1010,0x671D,
	0x3E3E,0x3E3E,0x1010,0x4D67,0x3E3E,0xC83E,0x104D,0x4D68,
	0x3E3E,0x3EC8,0x103E,0x684D,0x3E3E,0x3E3E,0x4D4D,0x4D4D,

	0x0000,0x0000,0x4D00,0x1A1A,0x1000,0x4D4D,0x1010,0x1010,
	0x101D,0x4D10,0x1010,0x104D,0x101D,0x101A,0x104D,0x2F4D,
	0x681D,0x1010,0x4D4D,0x4D68,0x4D10,0x4D68,0x4D4D,0x4D68,
	0x4D4D,0x6868,0x104D,0x4D4D,0x6868,0x684D,0x9E1A,0x4D1A,
	0x4D1A,0x1A1A,0x1A2F,0x1A2F,0x1A4D,0x1A1A,0x2F2F,0x1A1A,
	0x1A4D,0x4D4D,0x2F2F,0x1A1A,0x2F2F,0x1A10,0x2F2F,0x1A1A,
	0x4D4D,0x1A2F,0x2F4D,0x1A1A,0x4D4D,0x2F4D,0x2F2F,0x2F1A,
	0x4D4D,0x4D68,0x1A1A,0x2F2F,0x9E9E,0x4D4D,0x1A9E,0x2F1A,

	0x1A1A,0x1A1A,0x2F1A,0x1A1A,0x2F1A,0x1A1A,0x2F2F,0x1A1A,
	0x2F1A,0x2F1A,0x1A2F,0x1A1A,0x2F2F,0x1A1A,0x1A1A,0x1A0A,
	0x1A2F,0x1A1A,0x1A1A,0x0A0A,0x1A1A,0x1A1A,0x1A1A,0x0A1A,
	0x1A1A,0x2F1A,0x1A1A,0x1A1A,0x1A1A,0x1A2F,0x1A1A,0x1A1A,
	0x5257,0x2557,0x2525,0x5C5C,0x5757,0x5757,0x5252,0x2552,
	0x5757,0x5257,0x5252,0x5757,0x5757,0x5757,0x5752,0x2525,
	0x5257,0x5757,0x5752,0x2525,0x520A,0x5252,0x5C5C,0x5252,
	0x5C1A,0x5284,0x5C5C,0x5225,0x0A1A,0x5C5C,0x5252,0x5252,

	0x5C52,0x855C,0x5C25,0x2552,0x8484,0x855C,0x255C,0x2525,
	0x2552,0x5252,0x5C5C,0x2552,0x2525,0x855C,0x5C85,0x5725,
	0x2525,0x5C52,0x2525,0x5252,0x5757,0x8425,0x5252,0x5225,
	0x5225,0x5252,0x5252,0x5225,0x5252,0x5C5C,0x5C84,0x5C52,
	0x5C25,0x5725,0x1A1A,0x1010,0x2525,0x2552,0x5757,0x1010,
	0x5225,0x5752,0x1052,0x1010,0x2525,0x5257,0x5757,0x1010,
	0x5752,0x5C5C,0x5257,0x1010,0x2552,0x255C,0x5225,0x1510,
	0x2552,0x5C25,0x8484,0x151A,0x5C5C,0x5C5C,0x1A5C,0x6D15,

	0x1010,0x1010,0x1010,0x1010,0x1010,0x1A10,0x1010,0x1010,
	0x1010,0x1A10,0x1010,0x1010,0x1010,0x5353,0x1015,0x1010,
	0x5310,0x1515,0x4E15,0x1010,0x1010,0x1515,0x5315,0x1010,
	0x1515,0x1515,0x1515,0x1010,0x1553,0x1515,0x1515,0x1515,
	0x1010,0x1010,0x104D,0x4D94,0x1010,0x104D,0x4D4D,0x4D9E,
	0x1010,0x4D4D,0x4D10,0x9E4D,0x104D,0x4D10,0x4D4D,0x0E4D,
	0x4D10,0x1010,0x4D4D,0x4D4D,0x1010,0x4D4D,0x4D4D,0x4D4D,
	0x101A,0x4D4D,0x4D4D,0x4D10,0x4D4D,0x4D10,0x104D,0x1010,

	0x9E0E,0x4D94,0x1010,0x1010,0x4D0E,0x949E,0x1010,0x9E10,
	0x4D4D,0x9E9E,0x1010,0x9E9E,0x9E9E,0x9E94,0x1010,0x109E,
	0x9E9E,0x9E94,0x9E94,0x1010,0x9E4D,0x9E9E,0x9E9E,0x1010,
	0x104D,0x9E9E,0x9E9E,0x9E10,0x1010,0x9E9E,0x9E9E,0x9E9E,
	0x4D10,0x1010,0x4D10,0x1010,0x1010,0x104D,0x4D10,0x4D10,
	0x1010,0x4D4D,0x4D4D,0x4D4D,0x104D,0x4D10,0x4D4D,0x4D4D,
	0x4D4D,0x4D10,0x4D4D,0x104D,0x4D9E,0x4D4D,0x4D9E,0x104D,
	0x1010,0x4D4D,0x9E4D,0x104D,0x104D,0x4D4D,0x4D4D,0x1A9E,

	0x4D4D,0x1A1A,0x1A1A,0x1A1A,0x104D,0x101A,0x1A1A,0x611A,
	0x1061,0x1010,0x6161,0x6161,0x1010,0x1A4D,0x4D4D,0x4D1A,
	0x1010,0x104D,0x4D4D,0x4D4D,0x1010,0x4D4D,0x4D1A,0x4D4D,
	0x104D,0x4D4D,0x4D1A,0x4D4D,0x4D4D,0x9E9E,0x9E4D,0x4D4D,
	0x1A1A,0x1212,0x7412,0x7474,0x1A1A,0x7497,0x6174,0x1274,
	0x4D61,0x611A,0x7461,0x1212,0x6161,0x6161,0x7474,0x1212,
	0x1A1A,0x1A1A,0x1261,0x1212,0x4D1A,0x1A1A,0x611A,0x7474,
	0x4D4D,0x1A1A,0x1A1A,0x7474,0x1A4D,0x1A1A,0x1A1A,0x1261,

	0x1212,0x1212,0x7412,0x7461,0x1212,0x7412,0x7474,0x7461,
	0x7412,0x7474,0x1274,0x7412,0x1212,0x1212,0x1212,0x6112,
	0x1212,0x1212,0x1212,0x1A61,0x1212,0x7474,0x6161,0x1A9E,
	0x7474,0x6161,0x0707,0x9E9E,0x7474,0x7474,0x6161,0x9E9E,
	0x7474,0x101A,0x6110,0x4510,0x1A74,0x1A61,0x1A61,0x1A1A,
	0x1A1A,0x1A61,0x1A61,0x1A1A,0x1A1A,0x1A1A,0x1A61,0x6161,
	0x611A,0x1A1A,0x1A61,0x1A61,0x611A,0x619E,0x1A1A,0x1A1A,
	0x611A,0x6161,0x681A,0x1A1A,0x9E61,0x4D4D,0x1A9E,0x4D68,

	0x452F,0x0A45,0x0A2F,0x2F2F,0x6161,0x0A1A,0x2F2F,0x0A0A,
	0x2F61,0x0A0A,0x2F2F,0x0A0A,0x0A1A,0x1A2F,0x0A2F,0x0A0A,
	0x0A1A,0x2F2F,0x0A2F,0x0A0A,0x0A68,0x2F0A,0x6868,0x0A1A,
	0x6868,0x2F0A,0x1A68,0x0A1A,0x681A,0x681A,0x1A1A,0x1A68,
	0x1A0A,0xC8C8,0x3E3E,0x3EC8,0x0A0A,0xB1B1,0xC8C8,0xC8C8,
	0x0A3E,0xB13E,0xB1B1,0xB1B1,0x3E3E,0x3E3E,0xC8C8,0xC8C8,
	0x3E3E,0xC83E,0xC8C8,0xC83E,0xC8B1,0x3E3E,0x3EC8,0xC8C8,
	0x3E3E,0x3E3E,0xC83E,0x3EC8,0x1A1A,0x3E3E,0x3E3E,0xC8C8,

	0xC8C8,0xB1B1,0xB1C8,0x3E3E,0xB1C8,0xB1B1,0xC8B1,0xC83E,
	0x8484,0x1D1D,0xC8C8,0xC83E,0xB1B1,0xB11D,0x3E3E,0xB1B1,
	0xC8B1,0xB11D,0xC8C8,0xC8C8,0xB1B1,0x3E84,0xC8C8,0x3E3E,
	0xB1B1,0x3E84,0x3EC8,0x3E3E,0xC8C8,0xB184,0xC8C8,0x3E3E,
	0x3E3E,0x3E3E,0x0A0A,0x0A0A,0x3EB1,0x0A0A,0x450A,0x0A45,
	0xB1B1,0x3E3E,0x450A,0x0A45,0x3EC8,0x3E3E,0x4545,0x4545,
	0x3EC8,0xC8C8,0x4545,0x0A45,0xC8C8,0x3E3E,0x0A45,0x4545,
	0x3EC8,0x3E3E,0x0A0A,0x4545,0x3E3E,0x3E3E,0x0A0A,0x0A0A,

	0x0A0A,0x7B7B,0x0A7B,0x0A0A,0x450A,0x7B7B,0x0A0A,0x0A0A,
	0x450A,0x7B7B,0x0A0A,0x0A0A,0x4545,0x7B7B,0x4545,0x0A45,
	0x4545,0x7B7B,0x4545,0x4545,0x4545,0x4545,0x451A,0x3939,
	0x4545,0x4545,0x9345,0x3993,0x450A,0x540A,0x5454,0x5454,
	0x634E,0x0A0A,0x0A0A,0x0A0A,0x0A0A,0x0A0A,0x3939,0x3939,
	0x0A0A,0x0A0A,0x3939,0x3939,0x390A,0x3939,0x3939,0x930A,
	0x3939,0x3939,0x3939,0x390A,0x3939,0x3939,0x3939,0x700A,
	0x3939,0x390A,0x3939,0x5454,0x0A54,0x700A,0x5454,0x5454,

	0x1A1A,0x1A1A,0x1A1A,0x211A,0x1A1A,0x1A1A,0x1A1A,0x211A,
	0x1A1A,0x1A1A,0x1A1A,0x2A1A,0x1A1A,0x1A1A,0x1A1A,0x2A1A,
	0x1A1A,0x1A1A,0x1A1A,0x1A1A,0x1A1A,0x1A1A,0x1A1A,0x1A1A,
	0x1A1A,0x1A1A,0x1A1A,0x1A1A,0x1A1A,0x1A1A,0x1A1A,0x1A1A,
	0x2121,0x3838,0x3838,0x3838,0x2121,0x3821,0x3838,0x3838,
	0x2121,0x2121,0x3838,0x3838,0x2A2A,0x2A2A,0x1A2A,0x2A2A,
	0x1A2A,0x1A2A,0x1A2A,0x1A2A,0x1A1A,0x1A1A,0x1A1A,0x1A1A,
	0x1A1A,0x1A1A,0x1A1A,0x1A1A,0x1A1A,0x1A1A,0x1A1A,0x1A1A,

	0x2A38,0x7777,0x2A2A,0x2A2A,0x7721,0x771A,0x2A1A,0x2A1A,
	0x1A2A,0x1A1A,0x1A1A,0x1A1A,0x1A77,0x1A1A,0x1A1A,0x1A1A,
	0x1A77,0x1A1A,0x1A1A,0x1A1A,0x1A1A,0x1A1A,0x1A1A,0x1A1A,
	0x1A1A,0x1A1A,0x1A1A,0x1A1A,0x1A1A,0x1A1A,0x1A1A,0x1A0A,
	0x5B77,0x3821,0x3838,0x216E,0x5B77,0x385B,0x3838,0x2121,
	0x5B77,0x5B5B,0x3838,0x2A21,0x1A0A,0x5B5B,0x2A2A,0x2A2A,
	0x1A0A,0x5B1A,0x2A2A,0x2A2A,0x1A1A,0x1A1A,0x2A1A,0x1A1A,
	0x1A1A,0x1A1A,0x1A1A,0x1A1A,0x1A1A,0x1A1A,0x1A1A,0x1A1A,

	0x2121,0x7721,0x7777,0x5B5B,0x2121,0x772A,0x7777,0x5B5B,
	0x2A2A,0x772A,0x7777,0x5B5B,0x2A2A,0x772A,0x1A1A,0x5B5B,
	0x2A2A,0x1A1A,0x1A1A,0x1A5B,0x1A1A,0x1A1A,0x1A1A,0x1A1A,
	0x1A1A,0x1A1A,0x1A1A,0x1A1A,0x1A1A,0x1A1A,0x1A1A,0x1A1A,
	0x3838,0x3838,0x2121,0x2A77,0x385B,0x3838,0x2A2A,0x2A77,
	0x2A5B,0x2A2A,0x2A2A,0x2A77,0x2A5B,0x2A2A,0x2A2A,0x1A1A,
	0x2A5B,0x2A2A,0x2A2A,0x1A1A,0x1A5B,0x1A1A,0x1A2A,0x1A1A,
	0x1A1A,0x1A1A,0x1A1A,0x1A1A,0x1A1A,0x1A1A,0x1A1A,0x1A1A,

	0x772A,0x3838,0x3838,0x3838,0x772A,0x3838,0x3838,0x3838,
	0x772A,0x3838,0x3838,0x3838,0x772A,0x2A2A,0x2A2A,0x3838,
	0x1A0A,0x2A2A,0x2A2A,0x2A2A,0x1A1A,0x2A1A,0x2A2A,0x2A2A,
	0x1A1A,0x1A1A,0x0A2A,0x0A2A,0x1A1A,0x1A1A,0x1A1A,0x0A1A,
	0x2121,0x2121,0x1A21,0x0A0A,0x3838,0x2121,0x2121,0x2121,
	0x2121,0x2121,0x2121,0x2121,0x2138,0x3838,0x2121,0x2121,
	0x212A,0x3821,0x2121,0x2121,0x5B2A,0x0A5B,0x210A,0x2121,
	0x0A2A,0x0A5B,0x5B0A,0x0A0A,0x0A1A,0x0A0A,0x0A0A,0x0A0A,

	0x380A,0x3838,0x0A38,0x380A,0x380A,0x0A38,0x3838,0x3838,
	0x0A0A,0x0A0A,0x381A,0x1A6E,0x7721,0x0A0A,0x0A0A,0x1A0A,
	0x0A21,0x0A0A,0x0A0A,0x1A0A,0x0A0A,0x0A0A,0x0A0A,0x180A,
	0x0A0A,0x0A0A,0x0A0A,0x1A1A,0x0A0A,0x0A0A,0x0A0A,0x0A1A,
	0x3838,0x3838,0x3838,0x3838,0x3838,0x3838,0x3838,0x3838,
	0x6E6E,0x3838,0x3838,0x6E6E,0x1A0A,0x0A1A,0x1A8B,0x8B8B,
	0x1A1A,0x180A,0x1A1A,0x1A1A,0x0A18,0x0A0A,0x1A1A,0x1A1A,
	0x0A18,0x0A0A,0x1A0A,0x1A1A,0x0A1A,0x0A1A,0x1A0A,0x1A1A,

	0x3838,0x3838,0x380A,0x0A0A,0x3838,0x0A38,0x0A0A,0x2121,
	0x386E,0x0A38,0x0A0A,0x2121,0x1A1A,0x8B1A,0x2177,0x2121,
	0x1A1A,0x1A1A,0x211A,0x2121,0x1A1A,0x1A1A,0x211A,0x2121,
	0x1A1A,0x1A1A,0x211A,0x1A21,0x0A1A,0x1A1A,0x0A1A,0x1A1A,
	0x2121,0x2121,0x3821,0x3838,0x2121,0x2121,0x2121,0x2138,
	0x2121,0x2121,0x2121,0x2121,0x2121,0x2121,0x2121,0x2121,
	0x2121,0x2121,0x2121,0x2A2A,0x2121,0x2121,0x2A21,0x2A2A,
	0x2121,0x2121,0x2A0A,0x2A2A,0x0A1A,0x0A0A,0x2A0A,0x0A2A,

	0x3838,0x2138,0x2121,0x2121,0x3838,0x2138,0x2A2A,0x2121,
	0x3838,0x2138,0x2A2A,0x2121,0x2A2A,0x2A2A,0x7777,0x5B5B,
	0x2A2A,0x2A2A,0x7777,0x5B5B,0x0A2A,0x0A2A,0x5B77,0x5B5B,
	0x0A2A,0x3B2A,0x5B0A,0x1A5B,0x0A1A,0x1A0A,0x0A0A,0x1A0A,
	0x2121,0x2121,0x7777,0x2A2A,0x2121,0x2121,0x7777,0x2A2A,
	0x2121,0x2121,0x7777,0x2A77,0x2A5B,0x2A2A,0x2121,0x2121,
	0x2A5B,0x2A2A,0x2121,0x2121,0x2A5B,0x2A2A,0x2121,0x2121,
	0x2A1A,0x2A1A,0x2121,0x2121,0x0A1A,0x1A1A,0x2A2A,0x2A2A,

	0x2A2A,0x2A2A,0x3838,0x3838,0x2A2A,0x2A2A,0x2121,0x3838,
	0x772A,0x7777,0x2121,0x3838,0x2121,0x7777,0x2A2A,0x2A2A,
	0x2121,0x7777,0x2A2A,0x2A2A,0x2121,0x1A77,0x2A2A,0x2A2A,
	0x2121,0x0A0A,0x2A0A,0x2A2A,0x2A2A,0x1A1A,0x4618,0x1A2A,
	0x386E,0x3838,0x3838,0x2121,0x2121,0x3838,0x3838,0x2138,
	0x2121,0x3821,0x3821,0x3838,0x2121,0x2121,0x3821,0x2121,
	0x212A,0x2121,0x2121,0x2121,0x2A2A,0x215B,0x2121,0x2121,
	0x2A2A,0x5B5B,0x5B5B,0x5B5B,0x0A2A,0x1A5B,0x1A5B,0x0A5B,

	0x212A,0x3838,0x2138,0x2121,0x775B,0x3838,0x3838,0x3838,
	0x5B21,0x3838,0x3838,0x2A38,0x2121,0x5B77,0x5B5B,0x5B5B,
	0x2121,0x5B77,0x5B5B,0x5B5B,0x5B5B,0x5B77,0x2A5B,0x2A2A,
	0x5B5B,0x5B77,0x5B5B,0x2A2A,0x0A5B,0x1A77,0x1A5B,0x1A1A,
	0x2121,0x3838,0x3838,0x3838,0x772A,0x382A,0x3838,0x3838,
	0x772A,0x2A2A,0x3838,0x2138,0x2A2A,0x2A2A,0x5B5B,0x5B5B,
	0x2A2A,0x2A2A,0x5B5B,0x5B5B,0x2A2A,0x1A2A,0x5B1A,0x5B5B,
	0x1A1A,0x2A1A,0x5B1A,0x1A1A,0x1A1A,0x1A1A,0x1A1A,0x1A1A,

	0x2121,0x2A21,0x1A1A,0x1A1A,0x2121,0x2A2A,0x1A2A,0x1A1A,
	0x2121,0x2A2A,0x1A2A,0x1A1A,0x5B5B,0x1A2A,0x1A2A,0x1A1A,
	0x5B5B,0x2A2A,0x1A1A,0x1A1A,0x5B1A,0x2A5B,0x1A1A,0x1A1A,
	0x5B5B,0x1A1A,0x1A1A,0x1A1A,0x1A1A,0x1A1A,0x1A1A,0x1A1A,
	0x0A1A,0x1A1A,0x1A1A,0x1A1A,0x1A1A,0x1A1A,0x1A1A,0x0A1A,
	0x1A1A,0x1A1A,0x1A1A,0x1A1A,0x1A1A,0x1A1A,0x1A1A,0x1A1A,
	0x1A1A,0x1A1A,0x1A1A,0x1A1A,0x1A1A,0x1A1A,0x1A1A,0x1A1A,
	0x1A1A,0x1A1A,0x1A1A,0x1A1A,0x1A1A,0x1A1A,0x1A1A,0x1A1A,

	0x1A1A,0x1A1A,0x1A1A,0x1A1A,0x1A1A,0x1A1A,0x1A1A,0x1A1A,
	0x1A1A,0x1A1A,0x1A1A,0x1A1A,0x1A1A,0x1A1A,0x1A1A,0x1A1A,
	0x1A1A,0x1A1A,0x1A1A,0x1A1A,0x1A1A,0x1A1A,0x1A1A,0x1A1A,
	0x1A1A,0x1A1A,0x1A1A,0x1A1A,0x1A1A,0x1A1A,0x1A1A,0x1A1A,
	0x1A1A,0x1A1A,0x3F1A,0x9A3F,0x1A1A,0x1A1A,0x991A,0x9A3F,
	0x1A1A,0x1A1A,0x9A1A,0x9A3F,0x1A1A,0x1A1A,0x3F1A,0x9A9A,
	0x1A1A,0x1A1A,0x3F1A,0x9A9A,0x1A1A,0x1A1A,0x3F1A,0x9A3F,
	0x1A1A,0x1A1A,0x3F1A,0x9A3F,0x1A1A,0x1A1A,0x3F1A,0x9A3F,

	0x4B4B,0x4B4B,0x4B4B,0x4B4B,0x4B4B,0x4B4B,0x4B4B,0x4B4B,
	0x4B4B,0x4B4B,0x4B4B,0x4B4B,0x4B4B,0x4B4B,0x4B4B,0x4B4B,
	0x4B4B,0x4B4B,0x4B4B,0x4B4B,0x4B4B,0x4B4B,0x4B4B,0x4B4B,
	0x4B4B,0x4B4B,0x4B4B,0x4B4B,0x4B4B,0x4B4B,0x994B,0x9999,
	0x1A1A,0x1A1A,0x1A1A,0x1A1A,0x1A1A,0x1A1A,0x1A1A,0x1A1A,
	0x1A1A,0x1A1A,0x1A1A,0x1A1A,0x1A0A,0x1A0A,0x101A,0x9E10,
	0x1A1A,0x1A1A,0x1A1A,0x9E9E,0x0A1A,0x1A1A,0x1A1A,0x1A1A,
	0x1A1A,0x1A1A,0x1A1A,0x1A1A,0x1A99,0x1A1A,0x1A1A,0x1A1A,

	0x9E9E,0x9E9E,0x9E9E,0x9E9E,0x9E9E,0x9E9E,0x9E9E,0x9E9E,
	0x9E9E,0x9E1A,0x9E9E,0x9E9E,0x9E1A,0x1A1A,0x681A,0x9E1A,
	0x1A1A,0x1A1A,0x1A1A,0x1A1A,0x1A1A,0x681A,0x1A1A,0x1A68,
	0x1A1A,0x1A1A,0x1A68,0x6868,0x1A1A,0x1A1A,0x6868,0x681A,
	0x1A1A,0x1A1A,0x1A4D,0x1A4D,0x9E0D,0x1A1A,0x1A1A,0x1A1A,
	0x9E9E,0x1010,0x1A1A,0x0D1A,0x1A1A,0x1A1A,0x1A1A,0x9E19,
	0x1A1A,0x1A68,0x101A,0x9E10,0x6868,0x1A1A,0x1A1A,0x1A1A,
	0x6868,0x681A,0x1A1A,0x9E9E,0x1A68,0x1A68,0x1A1A,0x9E1A,

	0x9E9E,0x9E9E,0x4D9E,0x9E1A,0x9E9E,0x9E9E,0x9E9E,0x9E9E,
	0x9E9E,0x9E9E,0x9E9E,0x9E9E,0x9E9E,0x9E1A,0x9E1A,0x1A9E,
	0x9E9E,0x1A1A,0x1A1A,0x1A9E,0x9E1A,0x1A1A,0x1A1A,0x9E9E,
	0x1A1A,0x1A9E,0x1A1A,0x1A9E,0x1A9E,0x1A9E,0x9E1A,0x1A1A,
	0x0D1A,0x0D1A,0x1A1A,0x1A0A,0x191A,0x1A0D,0x1A1A,0x1A1A,
	0x1A9E,0x1A1A,0x1A1A,0x1A1A,0x9E9E,0x109E,0x1A10,0x1A1A,
	0x9E1A,0x109E,0x1A1A,0x1A1A,0x1A1A,0x1A60,0x1A60,0x1A60,
	0x1A1A,0x1A60,0x1A60,0x1A60,0x6060,0x600D,0x6060,0x0D60,

	0x1A0A,0x1A0A,0x641A,0x641A,0x1A1A,0x1A1A,0x0D1A,0x1A0D,
	0x1A1A,0x1A1A,0x0D0D,0x1A1A,0x1A1A,0x1A1A,0x1A1A,0x1A1A,
	0x601A,0x1A1A,0x1A1A,0x1A1A,0x1A60,0x1A1A,0x1A1A,0x1A1A,
	0x1A1A,0x1A1A,0x1A1A,0x1A1A,0x1A1A,0x1A1A,0x1A1A,0x1A1A,
	0x1A1A,0x1A1A,0x1A1A,0x1A1A,0x1A1A,0x1A1A,0x1A1A,0x1A1A,
	0x1A1A,0x1A4D,0x1A1A,0x1A1A,0x4D1A,0x4D1A,0x1A1A,0x1A1A,
	0x4D1A,0x1A1A,0x1A4D,0x4D1A,0x1A1A,0x1A4D,0x1A4D,0x4D4D,
	0x1A1A,0x4D4D,0x4D4D,0x4D4D,0x1A1A,0x4D4D,0x4D4D,0x4D4D,

	0x1A1A,0x1A1A,0x1A1A,0x1A1A,0x1A1A,0x1A1A,0x1A1A,0x1A1A,
	0x4D1A,0x1A1A,0x1A1A,0x1A1A,0x1A4D,0x1A1A,0x1A1A,0x1A1A,
	0x1A4D,0x1A1A,0x1A1A,0x681A,0x1A1A,0x1A1A,0x101A,0x6810,
	0x1A1A,0x9E1A,0x1A1A,0x6868,0x4D9E,0x1A4D,0x1A9E,0x1A1A,
	0x1A1A,0x1A68,0x6868,0x6868,0x1A1A,0x6868,0x681A,0x681A,
	0x1A1A,0x6868,0x6868,0x681A,0x1A1A,0x681A,0x6868,0x6868,
	0x1A1A,0x681A,0x6868,0x6868,0x6868,0x681A,0x6868,0x6868,
	0x689E,0x6868,0x6868,0x6868,0x689E,0x681A,0x9E1A,0x4D1A,

	0x6868,0x1A1A,0x1A1A,0x1A1A,0x6868,0x1A1A,0x1A1A,0x1A68,
	0x1A68,0x1A1A,0x1A1A,0x6868,0x1A68,0x4D68,0x0A0A,0x4D0A,
	0x1A68,0x4D68,0x1A68,0x4D4D,0x4D68,0x1A0A,0x684D,0x684D,
	0x4D68,0x684D,0x4D4D,0x9E68,0x691A,0x4D4D,0x4D9E,0x4D4D,
	0x1A68,0x1A1A,0x5768,0x5757,0x681A,0x681A,0x5257,0x5757,
	0x681A,0x681A,0x5757,0x5757,0x1A1A,0x6868,0x5757,0x5757,
	0x0A68,0x6868,0x5257,0x5757,0x4D4D,0x6868,0x5768,0x5252,
	0x684D,0x6868,0x6868,0x5225,0x689E,0x684D,0x5757,0x5257,

	0x5252,0x2525,0x5252,0x8585,0x5757,0x5252,0x5257,0x5C5C,
	0x5757,0x5757,0x5757,0x5C25,0x5757,0x5752,0x5252,0x5C25,
	0x5757,0x5757,0x5252,0x2525,0x5757,0x5757,0x2525,0x5252,
	0x2525,0x5252,0x2525,0x2525,0x5225,0x5225,0x5252,0x5225,
	0x255C,0x5785,0x5752,0x5757,0x8585,0x5252,0x5752,0x5252,
	0x5C85,0x5252,0x5752,0x5757,0x5225,0x5757,0x5285,0x2552,
	0x5252,0x5252,0x5252,0x2552,0x2584,0x5285,0x2525,0x5757,
	0x2584,0x5285,0x2525,0x5757,0x5C5C,0x2525,0x2552,0x5752,

	0x5757,0xA5A5,0x0324,0x0A24,0x5757,0x2424,0x2424,0x0A1A,
	0x5757,0x0324,0x2424,0x0A0A,0x0303,0x0A03,0x0A0A,0x0A0A,
	0x1010,0x0A03,0x0A0A,0x0A0A,0x5757,0x4545,0x4545,0x0A45,
	0x5257,0x4557,0x4545,0x0A45,0x5757,0x0A52,0x4545,0x4545,
	0x0A0A,0x3838,0x3838,0xB648,0x0A0A,0x3838,0x0A0A,0xB648,
	0x0A0A,0x3838,0x3838,0xB648,0x0A0A,0x3838,0x3838,0xB648,
	0x0A0A,0x3838,0x3838,0xB648,0x0A0A,0x3636,0x3838,0x3838,
	0x0A0A,0x3636,0x3636,0x3838,0x0A45,0x3636,0x3836,0x3838,

	0x48B6,0x4848,0xB6B6,0x0FB6,0xB6B6,0xB6B6,0x0F0F,0x0F0F,
	0xB6B6,0xB6B6,0x0FB6,0x4848,0xB6B6,0x480F,0xB648,0xB648,
	0xB6B6,0x480F,0xB648,0xB648,0x3838,0x3838,0x3838,0x3838,
	0x3838,0x3838,0x3838,0x3838,0x3838,0x3838,0x3838,0x0A38,
	0xB6B6,0x0FB6,0x0F0F,0xB60F,0xB6B6,0x0FB6,0xB6B6,0x480F,
	0x480F,0x0FB6,0x0F0F,0xB60F,0x480F,0x4848,0x4848,0x4848,
	0x48B6,0x4848,0x4848,0x4848,0x3838,0x3838,0x0A0A,0x0A0A,
	0x3838,0x0A38,0x0A0A,0x0A0A,0x3838,0x2121,0x0A38,0x0A0A,

	0x4848,0x380A,0x1A1A,0x1A1A,0x4848,0x3838,0x1A1A,0x1A1A,
	0x48B6,0x3838,0x1A1A,0x1A1A,0x0A48,0x3838,0x1A1A,0x1A1A,
	0x0A38,0x380A,0x1A1A,0x1A1A,0x0A0A,0x380A,0x1A1A,0x1A1A,
	0x380A,0x380A,0x1A1A,0x1A1A,0x380A,0x3638,0x1A1A,0x1A1A,
	0x1A1A,0xB11A,0xC8B1,0xC8C8,0x3E3E,0x3E3E,0xC83E,0xB1B1,
	0x3EC8,0x3E3E,0xC83E,0xC8C8,0x3E3E,0x3E3E,0xC8C8,0x3E3E,
	0xB11A,0x3E3E,0xC8C8,0xC83E,0x3E1A,0x3E3E,0x3E3E,0xC8C8,
	0x1A1A,0x3E3E,0x3EC8,0xC8C8,0x1A1A,0xB1B1,0xC8C8,0x3EC8,

	0xC8C8,0xB184,0xB11D,0x3E3E,0x84B1,0x1D1D,0x3EC8,0xC8C8,
	0xB1C8,0x1D1D,0x3EB1,0xB1C8,0xB1B1,0x1D84,0xC8C8,0x3E3E,
	0xB1C8,0x84B1,0xC83E,0x3E3E,0xB13E,0xB1B1,0xC8C8,0x3EC8,
	0xC8C8,0x84B1,0xC8C8,0x3EC8,0xB1B1,0xB1B1,0xC8C8,0x3E3E,
	0xB1C8,0x4D3E,0x4D4D,0x9E4D,0xB1B1,0x3E3E,0x4D3E,0x4D9E,
	0xC8B1,0x3E3E,0x9E3E,0x4D4D,0x3EC8,0x3E3E,0x9E9E,0x1A1A,
	0xC83E,0x3E3E,0x9E3E,0x9EB9,0x3E3E,0x3E3E,0x1A9E,0x9E1A,
	0x3E3E,0x3E3E,0x1A9E,0x9E9E,0x3EC8,0x3E3E,0x9E9E,0x9E9E,

	0x684D,0x6810,0x6860,0x4D9E,0x681A,0x6868,0x6868,0x9E9E,
	0x681A,0x6868,0x6868,0x9E68,0x6868,0x6868,0x689E,0x9E9E,
	0x6868,0x6068,0x9E9E,0x9E9E,0x1A1A,0x1A9E,0x9E9E,0x1A9E,
	0x101A,0x9E9E,0x9E9E,0x1A9E,0x0A9E,0x0A0A,0x0A0A,0x0A1A,
	0x9E68,0x9E1A,0x4D4D,0x2F10,0x9E68,0x9E9E,0x9E1A,0x2F1A,
	0x6868,0x9E9E,0x9E9E,0x2F1A,0x9E9E,0x9E9E,0x1A9E,0x2F9E,
	0x9E9E,0x9E9E,0x1A9E,0x2F9E,0x9E1A,0x9E9E,0x9E9E,0x2F1A,
	0x9E1A,0x9E9E,0x9E9E,0x1A9E,0x1A1A,0x1A1A,0x9E9E,0x9E1A,

	0x2F1A,0x1A2F,0x0A1A,0x1A0A,0x1A2F,0x1A1A,0x0A1A,0x0A0A,
	0x1A1A,0x1A1A,0x1A1A,0x0A0A,0x1A1A,0x1A1A,0x1A1A,0x1C1C,
	0x1A1A,0x1A1A,0x1A1A,0x1C1C,0x1A2F,0x1A1A,0x1A1A,0x1C2C,
	0x9E2F,0x1A1A,0x1A1A,0x1C3D,0x9E2F,0x1A1A,0x0A1A,0x1C1C,
	0x0A0A,0x5C5C,0x8484,0x5284,0x320A,0x0A1A,0x0A0A,0x842C,
	0x0A0A,0x0A1C,0x2C2C,0x1C1C,0x3D1C,0x1C1C,0x1C1C,0x1C1C,
	0x3D1C,0x1C1C,0x1C1C,0x1C1C,0x1C1C,0x1C1C,0x3D3D,0x1C1C,
	0x1C1C,0x1C1C,0x1C1C,0x1C1C,0x3D2C,0x1C1C,0x1C1C,0x1C1C,

	0x5C25,0x5C84,0x5C84,0x5C5C,0x841C,0x8484,0x8484,0x8484,
	0x841C,0x8584,0x8484,0x8484,0x1C1C,0x1C85,0x3D2C,0x4E1C,
	0x451C,0x1C7B,0x1C1C,0x1C1C,0x1C1C,0x1C1C,0x3D1C,0x1C1C,
	0x3D1C,0x1C1C,0x1C1C,0x4E3D,0x1C1C,0x1C1C,0x4E1C,0x1C1C,
	0x5C84,0x8484,0x1A53,0x6D6D,0x8484,0x151A,0x1515,0x1515,
	0x8410,0x151A,0x1515,0x6D15,0x1045,0x5353,0x1515,0x1515,
	0x1010,0x5353,0x1515,0x1515,0x4E9C,0x154E,0x4E4E,0x7B10,
	0x159C,0x4E4E,0x1045,0x7B10,0x5353,0x1515,0x1515,0x101A,

	0x1553,0x5315,0x6D6D,0x5315,0x151A,0x1515,0x1515,0x1515,
	0x1A1A,0x1553,0x1515,0x4E15,0x1A53,0x6D1A,0x156D,0x6D6D,
	0x1A1A,0x151A,0x6D6D,0x1515,0x1A1A,0x1515,0x1515,0x1515,
	0x531A,0x1515,0x1515,0x6D15,0x7B7B,0x156D,0x1515,0x156D,
	0x4D4D,0x4D10,0x1010,0x1010,0x1515,0x101A,0x1010,0x4545,
	0x1515,0x1515,0x1010,0x4510,0x1515,0x5315,0x1A10,0x9E10,
	0x1515,0x5315,0x101A,0x9EB9,0x1515,0x4E4E,0x1818,0x0A0A,
	0x1515,0x1515,0x1A1A,0x0A0A,0x1515,0x1515,0x0A53,0x0A1A,

	0x1045,0x9E9E,0x9E9E,0x109E,0x459E,0x9E9E,0x9E9E,0xB99E,
	0x109E,0x9E9E,0x109E,0x109E,0x9E9E,0x9E45,0x1010,0x9E9E,
	0x9E9E,0x1A10,0x1A45,0x0A1A,0x1A0A,0x1A0A,0x0A1A,0x0A0A,
	0x0A0A,0x0A0A,0x0A0A,0x450A,0x0A0A,0x0A0A,0x0A0A,0x0A1A,
	0x104D,0x1A4D,0x4D4D,0x9E9E,0x4D4D,0x1A4D,0x4D9E,0x9E9E,
	0x1A9E,0x1A1A,0x109E,0x9E4D,0x109E,0x1010,0x9E9E,0x9E1A,
	0x1A1A,0x1A1A,0x9E9E,0x9E9E,0x9E0A,0x9E9E,0x9E9E,0x9E9E,
	0x9E10,0x9E9E,0x9E1A,0x1A9E,0x0A1A,0x1A1A,0x9E1A,0x1A1A,

	0x4D4D,0x4D9E,0x9E9E,0x4D4D,0x4DB8,0x4D9E,0x4D9E,0x4D4D,
	0x9EB9,0x9E9E,0x4D9E,0x4D1A,0x9E9E,0x9E9E,0x1A1A,0x1A1A,
	0x9E9E,0x9E9E,0x1A1A,0x1A1A,0x9E9E,0x9E9E,0x1A1A,0x1A1A,
	0x1A9E,0x9E9E,0x1A9E,0x1A1A,0x1A1A,0x1A1A,0x109E,0x1A1A,
	0x1A4D,0x1A4D,0x1A1A,0x611A,0x4D4D,0x4D4D,0x1A1A,0x971A,
	0x4D1A,0x4D4D,0x4D1A,0x971A,0x4D1A,0x4D4D,0x4D4D,0x974D,
	0x1A1A,0x1A1A,0x1A1A,0x971A,0x1A1A,0x1A1A,0x1A1A,0x6161,
	0x1A1A,0x1A1A,0x1A1A,0x7461,0x1A1A,0x1A1A,0x1A1A,0x7461,

	0x1212,0x7474,0x6174,0x9E9E,0x1212,0x1212,0x9E07,0x6161,
	0x1212,0x7474,0x9E07,0x6161,0x7474,0x1274,0x6161,0x4D9E,
	0x7461,0x7474,0x9E61,0x4D9E,0x7474,0x7474,0x9E9E,0x9E1A,
	0x7474,0x7474,0x1A9E,0x1A1A,0x7474,0x6174,0x9E9E,0x9E1A,
	0x9E61,0x4D1A,0x1A9E,0x4D4D,0x4D9E,0x4D1A,0x4D68,0x684D,
	0x4D9E,0x9E9E,0x4D4D,0x6868,0x4D9E,0x1A4D,0x4D4D,0x4D68,
	0x1A9E,0x4D4D,0x4D4D,0x4D4D,0x9E9E,0x4D4D,0x4D4D,0x9E9E,
	0x4D9E,0x4D4D,0x4D4D,0x9E4D,0x1A4D,0x1A4D,0x1A4D,0x9E4D,

	0x681A,0x6868,0x681A,0x1A1A,0x1A68,0x6868,0x6868,0x1A0A,
	0x4D4D,0x6868,0x1A68,0x6868,0x681A,0x6868,0x6868,0x1A9E,
	0x689E,0x6868,0x6868,0x1A9E,0x9E1A,0x1A68,0x9E9E,0x6868,
	0x9E1A,0x1A1A,0x9E9E,0x681A,0x9E9E,0x1A9E,0x1A9E,0x9E1A,
	0x3E18,0x3E3E,0xC8C8,0xC83E,0x1A1A,0xB1B1,0x3EC8,0xC8B1,
	0x1A1A,0xB1B1,0xC8B1,0x84B1,0x1A1A,0x8484,0xB1B1,0xC8C8,
	0x3E3E,0xB1C8,0xB1B1,0xC8C8,0x3E68,0xC83E,0x3E3E,0x8484,
	0x3E1A,0xC8C8,0x3E3E,0xB1B1,0xC8C8,0xC8B1,0xC8B1,0x3EB1,

	0xC8C8,0xB1B1,0x3EC8,0x3E3E,0xB1C8,0xB184,0xC8C8,0xC83E,
	0xB1C8,0xB184,0xC8C8,0xB1B1,0xC81D,0xC81D,0xB1B1,0xB1C8,
	0xB11D,0xC81D,0xB184,0xB1B1,0xB1B1,0x1D1D,0xC8C8,0xC8C8,
	0xB184,0x1D1D,0xC8C8,0xB1B1,0xC8B1,0x1DC8,0xC8C8,0x3E3E,
	0x3E3E,0x3E3E,0x0A0A,0x0A0A,0xC8C8,0x0A3E,0x0A0A,0x0A0A,
	0xB1C8,0x0A0A,0x0A0A,0x0A0A,0xC8C8,0x3E3E,0x0A0A,0x1A3B,
	0xC8C8,0x3E3E,0x0A0A,0x0A3B,0xC8C8,0x3E3E,0x0A0A,0x0A0A,
	0x3EC8,0x3EC8,0x0A0A,0x0A0A,0xC83E,0x3EC8,0x0A0A,0x0A0A,

	0x0A0A,0x5454,0x5454,0x5454,0x700A,0x5454,0x5454,0x5454,
	0x700A,0x7070,0x5454,0x7054,0x701A,0x6666,0x6666,0x6666,
	0x703B,0x6666,0x6666,0x6670,0x661A,0x6666,0x6666,0x6670,
	0x660A,0x6666,0x6666,0x660A,0x660A,0x6666,0x6666,0x0A0A,
	0x0A54,0x5493,0x5454,0x0A54,0x9370,0x9393,0x5454,0x0A54,
	0x5454,0x5454,0x930A,0x7070,0x5454,0x5454,0x9370,0x5601,
	0x6666,0x5466,0x4293,0x560B,0x6666,0x6666,0x4242,0x560B,
	0x660A,0x6666,0x4242,0x5656,0x0A0A,0x660A,0x420A,0x0156,

	0x1A1A,0x1A1A,0x1A1A,0x1A1A,0x1A1A,0x1A1A,0x1A1A,0x1A1A,
	0x1A1A,0x1A1A,0x1A1A,0x1A1A,0x1A1A,0x1A1A,0x1A1A,0x1A1A,
	0x1A1A,0x1A1A,0x1A1A,0x1A1A,0x1A1A,0x1A1A,0x1A1A,0x1A1A,
	0x1A1A,0x1A1A,0x1A1A,0x1A1A,0x1A1A,0x1A1A,0x1A1A,0x1A1A,
	0x1A1A,0x1A1A,0x1A1A,0x1A1A,0x1A1A,0x1A1A,0x1A1A,0x1A1A,
	0x1A1A,0x1A1A,0x1A1A,0x1A1A,0x1A1A,0x1A1A,0x0A1A,0x3B1A,
	0x1A1A,0x1A1A,0x0A3B,0x3B0A,0x1A1A,0x1A1A,0x0A1A,0x0A0A,
	0x0A0A,0x1A1A,0x0A0A,0x0A0A,0x0A1A,0x1A0A,0x1A1A,0x1A1A,

	0x1A1A,0x1A1A,0x0A1A,0x1A1A,0x1A1A,0x1A1A,0x0A1A,0x1A0A,
	0x1A1A,0x0A1A,0x0A1A,0x0A0A,0x1A1A,0x1A1A,0x0A0A,0x0A0A,
	0x1A1A,0x0A0A,0x0A0A,0x0A0A,0x0A0A,0x1A0A,0x0A0A,0x0A0A,
	0x0A0A,0x1A1A,0x0A0A,0x0A1A,0x0A0A,0x0A0A,0x0A0A,0x0A0A,
	0x1A1A,0x1A1A,0x1A1A,0x1A1A,0x1A1A,0x0A1A,0x1A1A,0x1A1A,
	0x0A1A,0x0A0A,0x1A0A,0x1A1A,0x0A0A,0x0A0A,0x1A1A,0x1A1A,
	0x0A0A,0x0A1A,0x1A1A,0x1A1A,0x1A0A,0x1A1A,0x1A1A,0x1A1A,
	0x1A0A,0x1A1A,0x1A1A,0x1A1A,0x0A0A,0x1A1A,0x1A1A,0x1A1A,

	0x1A1A,0x1A1A,0x1A1A,0x1A1A,0x1A1A,0x1A1A,0x1A1A,0x1A1A,
	0x1A1A,0x1A1A,0x1A1A,0x1A1A,0x1A1A,0x1A1A,0x1A1A,0x1A1A,
	0x1A1A,0x1A1A,0x1A1A,0x1A1A,0x1A1A,0x1A1A,0x1A1A,0x1A1A,
	0x1A1A,0x1A1A,0x1A1A,0x1A1A,0x1A1A,0x1A1A,0x1A1A,0x1A1A,
	0x1A1A,0x1A1A,0x1A1A,0x1A1A,0x1A1A,0x1A1A,0x1A1A,0x0A1A,
	0x1A1A,0x1A1A,0x1A1A,0x1A1A,0x1A1A,0x1A1A,0x1A1A,0x1A1A,
	0x1A1A,0x1A1A,0x1A1A,0x1A1A,0x1A1A,0x1A1A,0x1A1A,0x1A1A,
	0x1A1A,0x1A1A,0x1A1A,0x1A1A,0x1A1A,0x1A1A,0x1A1A,0x1A1A,

	0x0A1A,0x1A1A,0x1A1A,0x1A1A,0x0A1A,0x1A1A,0x1A0A,0x0A0A,
	0x1A1A,0x0A1A,0x0A0A,0x0A0A,0x1A1A,0x0A0A,0x0A0A,0x0A0A,
	0x1A1A,0x0A0A,0x0A1A,0x0A0A,0x1A1A,0x1A1A,0x1A0A,0x1A0A,
	0x1A1A,0x1A1A,0x1A1A,0x1A1A,0x1A1A,0x1A1A,0x1A1A,0x1A1A,
	0x0A1A,0x0A0A,0x0A0A,0x0A0A,0x0A0A,0x0A0A,0x0A0A,0x0A0A,
	0x0A0A,0x0A0A,0x0A0A,0x0A0A,0x1A0A,0x0A1A,0x0A1A,0x0A0A,
	0x1A1A,0x1A1A,0x0A1A,0x0A0A,0x0A0A,0x1A0A,0x0A0A,0x0A0A,
	0x0A0A,0x0A0A,0x0A0A,0x0A0A,0x0A1A,0x0A0A,0x0A0A,0x0A0A,

	0x0A0A,0x0A0A,0x1A0A,0x1A1A,0x0A0A,0x0A32,0x0A32,0x1A0A,
	0x320A,0x320A,0x0A0A,0x0A0A,0x0A0A,0x0A0A,0x3232,0x0A0A,
	0x0A0A,0x0A0A,0x0A32,0x0A0A,0x0A0A,0x0A0A,0x0A0A,0x0A0A,
	0x0A0A,0x0A0A,0x0A0A,0x0A0A,0x0A0A,0x0A0A,0x0A0A,0x0A0A,
	0x1A1A,0x1A1A,0x1A0A,0x1A1A,0x1A0A,0x0A0A,0x0A0A,0x0A0A,
	0x0A0A,0x0A0A,0x0A0A,0x0A0A,0x0A0A,0x0A0A,0x0A0A,0x0A0A,
	0x0A0A,0x0A0A,0x0A32,0x0A32,0x0A0A,0x0A0A,0x320A,0x320A,
	0x0A0A,0x0A0A,0x320A,0x320A,0x0A0A,0x0A0A,0x0A0A,0x0A0A,

	0x0A1A,0x1A0A,0x1A1A,0x0A1A,0x0A0A,0x0A0A,0x0A0A,0x0A0A,
	0x0A0A,0x0A0A,0x0A0A,0x0A0A,0x321A,0x1A1A,0x0A0A,0x0A0A,
	0x1A1A,0x0A1A,0x0A0A,0x0A0A,0x0A32,0x0A0A,0x0A0A,0x0A0A,
	0x0A32,0x0A0A,0x0A0A,0x0A0A,0x0A0A,0x0A0A,0x0A0A,0x0A0A,
	0x0A0A,0x0A0A,0x0A0A,0x3232,0x0A1A,0x0A0A,0x0A0A,0x0A1A,
	0x0A1A,0x0A0A,0x0A1A,0x0A32,0x320A,0x0A0A,0x0A0A,0x0A0A,
	0x320A,0x0A0A,0x0A0A,0x0A0A,0x0A32,0x320A,0x0A0A,0x0A0A,
	0x0A32,0x320A,0x0A0A,0x0A0A,0x0A0A,0x0A0A,0x0A0A,0x0A0A,

	0x321A,0x0A1A,0x0A1A,0x0A0A,0x0A0A,0x320A,0x1A0A,0x1A1A,
	0x0A0A,0x3232,0x3232,0x1A1A,0x0A0A,0x0A0A,0x0A0A,0x0A32,
	0x0A1A,0x0A1A,0x0A0A,0x0A0A,0x0A0A,0x0A0A,0x0A0A,0x0A0A,
	0x0A0A,0x0A0A,0x0A0A,0x0A0A,0x0A0A,0x0A0A,0x0A0A,0x0A0A,
	0x0A0A,0x1A1A,0x2A2A,0x1A2A,0x0A0A,0x0A0A,0x0A0A,0x461A,
	0x0A0A,0x0A0A,0x0A0A,0x460A,0x0A0A,0x0A0A,0x0A0A,0x1A0A,
	0x0A0A,0x0A0A,0x0A0A,0x0A0A,0x0A0A,0x0A0A,0x0A0A,0x0A0A,
	0x0A0A,0x0A0A,0x0A0A,0x0A0A,0x0A0A,0x0A0A,0x0A0A,0x0A0A,

	0x2A46,0x1A1A,0x0A46,0x1A1A,0x0A46,0x4646,0x1A46,0x0A0A,
	0x0A0A,0x460A,0x460A,0x460A,0x0A0A,0x4618,0x0A46,0x0A46,
	0x0A0A,0x1846,0x0A46,0x0A18,0x0A0A,0x4646,0x1846,0x0A1A,
	0x0A0A,0x4618,0x180A,0x1A1A,0x0A0A,0x0A0A,0x0A0A,0x0A0A,
	0x0A0A,0x1A5B,0x1A0A,0x0A5B,0x0A0A,0x0A0A,0x1A0A,0x0A0A,
	0x0A0A,0x0A0A,0x1A0A,0x0A0A,0x0A0A,0x1A0A,0x180A,0x0A0A,
	0x0A0A,0x1818,0x180A,0x0A1A,0x0A0A,0x1A1A,0x0A0A,0x0A18,
	0x0A0A,0x0A0A,0x0A0A,0x1A1A,0x0A0A,0x0A0A,0x0A0A,0x0A0A,

	0x1A5B,0x1A1A,0x1A1A,0x1A1A,0x0A0A,0x1A0A,0x1A0A,0x1A1A,
	0x0A0A,0x1A0A,0x0A0A,0x0A1A,0x0A0A,0x0A0A,0x0A0A,0x1A1A,
	0x0A0A,0x0A0A,0x1A0A,0x1A1A,0x0A0A,0x0A1A,0x1A1A,0x1A1A,
	0x1A0A,0x0A1A,0x1A1A,0x1A1A,0x0A0A,0x0A0A,0x1A0A,0x1A1A,
	0x1A1A,0x1A1A,0x1A1A,0x1A1A,0x1A1A,0x1A0A,0x1A1A,0x1A1A,
	0x1A1A,0x1A0A,0x1A1A,0x1A1A,0x1A1A,0x1A1A,0x1A1A,0x1A1A,
	0x1A1A,0x1A1A,0x1A1A,0x1A1A,0x1A1A,0x1A1A,0x1A1A,0x1A1A,
	0x1A1A,0x1A1A,0x1A1A,0x1A1A,0x1A1A,0x1A1A,0x1A1A,0x1A1A,

	0x1A1A,0x1A1A,0x1A1A,0x1A1A,0x1A1A,0x1A1A,0x1A1A,0x1A1A,
	0x1A1A,0x1A1A,0x1A1A,0x1A1A,0x1A1A,0x1A1A,0x1A1A,0x1A1A,
	0x1A1A,0x1A1A,0x1A1A,0x1A1A,0x1A1A,0x1A1A,0x1A1A,0x1A1A,
	0x1A1A,0x1A1A,0x1A1A,0x1A1A,0x1A1A,0x1A1A,0x1A1A,0x1A1A,
	0x1A1A,0x1A1A,0x1A1A,0x1A1A,0x1A1A,0x1A1A,0x1A1A,0x1A1A,
	0x1A1A,0x1A1A,0x1A1A,0x1A1A,0x1A1A,0x1A1A,0x1A1A,0x1A1A,
	0x1A1A,0x1A1A,0x1A1A,0x1A1A,0x1A1A,0x1A1A,0x1A1A,0x1A1A,
	0x1A1A,0x1A1A,0x1A1A,0x1A1A,0x1A1A,0x1A1A,0x1A1A,0x1A1A,

	0x1A1A,0x1A1A,0x1A1A,0x1A1A,0x1A1A,0x1A1A,0x1A1A,0x1A1A,
	0x1A1A,0x1A1A,0x1A1A,0x1A1A,0x1A1A,0x1A1A,0x1A1A,0x1A1A,
	0x1A1A,0x1A1A,0x1A1A,0x1A1A,0x1A1A,0x1A1A,0x1A1A,0x1A1A,
	0x1A1A,0x1A1A,0x1A1A,0x1A1A,0x1A1A,0x1A1A,0x1A1A,0x1A1A,
	0x1A1A,0x1A1A,0x3F1A,0x9A3F,0x1A1A,0x1A1A,0x3F0A,0x9A3F,
	0x1A1A,0x1A1A,0x3F0A,0x9A3F,0x1A1A,0x1A1A,0x5A1A,0x9A3F,
	0x1A1A,0x1A1A,0x991A,0x9A3F,0x1A1A,0x1A1A,0x9A1A,0x9A5A,
	0x1A1A,0x1A1A,0x3FA8,0x9A9A,0x1A1A,0x1A1A,0x3FA8,0x9A3F,

	0x4B4B,0x4B4B,0x4B4B,0x4B4B,0x4B4B,0x4B4B,0x4B4B,0x4B4B,
	0x4B4B,0x4B4B,0x4B4B,0x4B4B,0x4B4B,0x4B4B,0x4B4B,0x4B4B,
	0x4B4B,0x4B4B,0x4B4B,0x4B4B,0x4B4B,0x4B4B,0x4B4B,0x4B4B,
	0x4B4B,0x4B4B,0x4B4B,0x4B4B,0x4B99,0x4B4B,0x4B4B,0x4B4B,
	0x1A4B,0x1A1A,0x1A1A,0x1A1A,0x1A4B,0x681A,0x1A1A,0x1A1A,
	0x1A4B,0x681A,0x1A1A,0x1A1A,0x1A4B,0x1A1A,0x1A1A,0x1068,
	0x1A4B,0x1A1A,0x1A68,0x6868,0x1A4B,0x1A1A,0x6868,0x4D68,
	0x1A4B,0x1A68,0x6868,0x4D68,0x1A99,0x6868,0x6868,0x6868,

	0x1A1A,0x1A1A,0x6868,0x681A,0x1A1A,0x1A68,0x6868,0x6868,
	0x681A,0x6868,0x6868,0x6868,0x6868,0x6868,0x1A68,0x1A68,
	0x6868,0x1A68,0x1A68,0x1A1A,0x6868,0x6868,0x4D4D,0x1A1A,
	0x6868,0x684D,0x4D4D,0x1A1A,0x684D,0x684D,0x104D,0x1A9E,
	0x6868,0x1A68,0x681A,0x1A1A,0x6868,0x681A,0x1A1A,0x1A1A,
	0x6868,0x684D,0x1A1A,0x1A1A,0x6868,0x4D68,0x680D,0x4D68,
	0x4D4D,0x0D68,0x684D,0x4D68,0x1A1A,0x1A4D,0x4D4D,0x4D4D,
	0x1A1A,0x4D4D,0x9E4D,0x4D4D,0x1A1A,0x4D4D,0x4D9E,0x4D4D,

	0x9E9E,0x9E9E,0x9E9E,0x1A1A,0x9E9E,0x9E9E,0x1A9E,0x9E1A,
	0x9E1A,0x9E9E,0x1A9E,0x9E9E,0x9E1A,0x9E9E,0x9E4D,0x1A9E,
	0x9E19,0x4D9E,0x9E9E,0x1A1A,0x9E1A,0x9E4D,0x9E9E,0x9E1A,
	0x9E1A,0x9E4D,0x9E1A,0x9E1A,0x4D4D,0x1A9E,0x9E1A,0x9E9E,
	0x601A,0x600D,0x6060,0x6060,0x1A1A,0x6060,0x601A,0x601A,
	0x1A1A,0x1A60,0x1A1A,0x1A1A,0x1A1A,0x1A60,0x0D60,0x600D,
	0x1A1A,0x1A1A,0x601A,0x6060,0x1A1A,0x1A1A,0x601A,0x6060,
	0x1A1A,0x1A1A,0x0D1A,0x1A0D,0x9E10,0x1A10,0x1A1A,0x1A1A,

	0x1A1A,0x1A1A,0x1A1A,0x1A1A,0x1A1A,0x1A1A,0x1A1A,0x1A1A,
	0x1A1A,0x1A1A,0x1A1A,0x1A1A,0x600D,0x1A1A,0x1A1A,0x1A1A,
	0x0D60,0x1A1A,0x0D1A,0x1A1A,0x1960,0x1A1A,0x191A,0x1A0D,
	0x1960,0x1A1A,0x1A1A,0x1A1A,0x1A4D,0x1A1A,0x1A1A,0x1A1A,
	0x1A1A,0x4D4D,0x4D4D,0x4D4D,0x1A1A,0x4D4D,0x4D4D,0x4D1A,
	0x1A0D,0x4D4D,0x1A4D,0x1A1A,0x100D,0x1A4D,0x1A4D,0x1A1A,
	0x1919,0x1A1A,0x1A1A,0x1A1A,0x0D0D,0x1A1A,0x1A1A,0x1A1A,
	0x190D,0x1A1A,0x1A1A,0x1A1A,0x1A1A,0x1A1A,0x1A1A,0x1A1A,

	0x9E4D,0x1A4D,0x9E9E,0x1A1A,0x4D1A,0x9E9E,0x9E4D,0x9E1A,
	0x4D1A,0x9E4D,0x9E4D,0x9E10,0x1A1A,0x9E1A,0x9E9E,0x9E9E,
	0x1A1A,0x9E1A,0x9E9E,0x9E9E,0x1A1A,0x9E9E,0x9E9E,0x9E1A,
	0x1010,0x9E9E,0x1A9E,0x9E1A,0x1A1A,0x1A1A,0x0A0A,0x1A1A,
	0x1010,0x1A1A,0x1A9E,0x4D1A,0x1A1A,0x9E9E,0x1A1A,0x4D4D,
	0x1A9E,0x9E9E,0x4D1A,0x4D4D,0x9E9E,0x1A9E,0x1A0A,0x0A4D,
	0x9E9E,0x9E9E,0x189E,0x0A9E,0x9E9E,0x1A9E,0x9E9E,0x0A1A,
	0x9E0A,0x0A9E,0x1A0A,0x1A1A,0x1A1A,0x0A0A,0x0A0A,0x0A0A,

	0x4D0A,0x4D4D,0x9E4D,0x4D4D,0x4D4D,0x0A4D,0x4D4D,0x9E9E,
	0x4D4D,0x0A4D,0x4D1A,0x9E9E,0x0A0A,0x0A0A,0x4D0A,0x9E9E,
	0x0A0A,0x0A9E,0x9E0A,0x4D0A,0x0A9E,0x9E9E,0x9E9E,0x9E0A,
	0x9E9E,0x9E9E,0x0A9E,0x9E9E,0x9E9E,0x9E0A,0x9E9E,0x0A9E,
	0x9E9E,0x0A68,0x5757,0x5757,0x9E4D,0x0A0A,0x5757,0x5757,
	0x9E4D,0x9E0A,0x5757,0x5757,0x9E9E,0x9E9E,0x579D,0x5252,
	0x9E9E,0x9E9E,0x579D,0x5252,0x9E9E,0x9E9E,0x9E9E,0x5757,
	0x9E9E,0x9E9E,0x0A9E,0x5225,0x9E9E,0x9E9E,0x5757,0x5757,

	0x5225,0x5225,0x2525,0x5225,0x2552,0x2525,0x8585,0x5C25,
	0x5752,0x5252,0x8525,0x5C25,0x5257,0x2552,0x5252,0x8585,
	0x5757,0x5252,0x2525,0x2552,0x5252,0x2552,0x5C5C,0x5C25,
	0x5252,0x2552,0x2525,0x5C84,0x5252,0x5252,0x5252,0x5C5C,
	0x855C,0x2525,0x5252,0x5757,0x855C,0x255C,0x2525,0x5252,
	0x5C85,0x255C,0x5752,0x5257,0x5285,0x2552,0x5257,0x5757,
	0x5285,0x255C,0x2557,0x5252,0x5C5C,0x5752,0x5252,0x5225,
	0x5C85,0x5752,0x2525,0x5225,0x2525,0x2525,0x5225,0x5C5C,

	0x5757,0x4557,0x4545,0x450A,0x5757,0x4552,0x0A0A,0x0A45,
	0x5757,0x450A,0x0A0A,0x0A0A,0x5757,0x1A1A,0x0A0A,0x0A0A,
	0x5757,0x1A1A,0x180A,0x0A0A,0x2557,0x0A0A,0x1A0A,0x0A18,
	0x1A25,0x0A0A,0x0A0A,0x0A0A,0x0A0A,0x0A0A,0x0A0A,0x0A0A,
	0x0A45,0x3636,0x0A0A,0x0A38,0x0A0A,0x1616,0x1616,0x1616,
	0x0A18,0x1616,0x1616,0x1616,0x0A18,0x1684,0x1616,0x1616,
	0x1A1A,0x840A,0x8484,0x8484,0x1818,0x0A0A,0x840A,0x8484,
	0x1A18,0x0A0A,0x0A0A,0x8D8D,0x0A0A,0x0A0A,0x0A0A,0x8D8D,

	0x380A,0x380A,0x3838,0x0A0A,0x1616,0x1616,0x1616,0x1616,
	0x1616,0x1616,0x1616,0x1616,0x1616,0x1616,0x1616,0x1616,
	0x8484,0x8484,0x8484,0x8484,0x4242,0x4242,0x4242,0x4242,
	0x8D8D,0x8D8D,0x8D8D,0x8D8D,0x8D8D,0x8D8D,0x8D8D,0x8D8D,
	0x380A,0x3838,0x0A0A,0x0A0A,0x1616,0x1616,0x1616,0x1616,
	0x1616,0x1616,0x1616,0x1616,0x1616,0x8472,0x1616,0x1616,
	0x8484,0x8484,0x8484,0x8484,0x4242,0x4242,0x4242,0x4242,
	0x8D8D,0x8D8D,0x8D8D,0x8D8D,0x8D8D,0x8D8D,0x8D8D,0x8D8D,

	0x0A0A,0x3636,0x1A1A,0x1A1A,0x1616,0x1616,0x1A1A,0x1A1A,
	0x1616,0x1616,0x1A1A,0x1A1A,0x1616,0x1616,0x1A1A,0x1A1A,
	0x8484,0x8484,0x1A1A,0x1A1A,0x8484,0x1A1A,0x1A1A,0x1A1A,
	0x108D,0x1A10,0x1A1A,0x1A1A,0x1A8D,0x1A1A,0x1A1A,0x1A1A,
	0x1A1A,0xB11A,0xC8B1,0xB13E,0x1A1A,0x841A,0xB1B1,0xB1C8,
	0x1A1A,0x843E,0xB184,0xC8C8,0x3E1A,0xC8C8,0xB1C8,0xC884,
	0x1A1A,0x3E3E,0x3EC8,0x84B1,0xC81A,0xC8C8,0xB1C8,0xB1B1,
	0xC81A,0xB1B1,0xB1C8,0xB1C8,0x1A1A,0xB1B1,0xB1B1,0xB1B1,

	0xC8C8,0x84B1,0xC8B1,0x3EC8,0xB11D,0x84C8,0xB1B1,0xC8C8,
	0x1D1D,0x1DC8,0xB1C8,0xC8C8,0xB1B1,0x1D1D,0xB11D,0xC8B1,
	0xB1B1,0x1D1D,0xC8B1,0xC8B1,0x843E,0xC8C8,0xB1B1,0x3EB1,
	0xB13E,0xC8C8,0xC8B1,0x3EB1,0x8484,0xB1B1,0xB1B1,0xB1C8,
	0xC8C8,0x3E3E,0x9E9E,0x9E9E,0xB1B1,0x1AC8,0x1A1A,0x1A9E,
	0xC8B1,0x3EC8,0x1A1A,0x1A1A,0xB1B1,0x3E3E,0x1A0A,0x0A1A,
	0xC8B1,0x3E3E,0x0A3E,0x0A0A,0xC8C8,0xC83E,0x0A1A,0x0A1A,
	0x3E3E,0xC8C8,0x1A3E,0x1A1A,0xB1B1,0xC8C8,0x1A84,0x1A1A,

	0x9E9E,0x0A9E,0x0A1A,0x0A0A,0x9E1A,0x109E,0x1A1A,0x1A0A,
	0x1A1A,0x1A1A,0x0A1A,0x1A1A,0x1A1A,0x1A1A,0x1A1A,0x1A0A,
	0x0A0A,0x1A1A,0x1A1A,0x1A0A,0x1A1A,0x1A0A,0x1A1A,0x1A1A,
	0x1A1A,0x1A1A,0x1A1A,0x1A1A,0x1A1A,0x1A1A,0x1A1A,0x1A1A,
	0x1A1A,0x1A1A,0x1A1A,0x1A1A,0x1A1A,0x1A1A,0x1A1A,0x1A1A,
	0x1A1A,0x1A1A,0x1A1A,0x1A1A,0x1A1A,0x1A1A,0x1A1A,0x1A1A,
	0x1A1A,0x1A1A,0x1A1A,0x1A1A,0x1A1A,0x1A1A,0x1A1A,0x9E1A,
	0x1A1A,0x1A1A,0x1A1A,0x9E1A,0x1A1A,0x1A1A,0x1A1A,0x9E9E,

	0x1A2F,0x1A1A,0x1C1C,0x3D3D,0x1A1A,0x9E1A,0x1C1C,0x1C1C,
	0x1A1A,0x9E1A,0x1C1C,0x1C1C,0x9E1A,0x1C1C,0x3D3D,0x1C1C,
	0x9E1A,0x1C1C,0x1C1C,0x1C1C,0x1A1A,0x1C1C,0x2C4E,0x4E4E,
	0x9E1A,0x9E9E,0x2C9E,0x9E9E,0x9E9E,0x1A9E,0x9E9E,0x9E9E,
	0x3D2C,0x1C1C,0x2C1C,0x4E4E,0x1C1C,0x1C3D,0x0A4E,0x0A0A,
	0x1C1C,0x1C3D,0x0A0A,0x0A0A,0x1C1C,0x0A2C,0x0A7B,0x1C1C,
	0x4E1C,0x0A2C,0x1C7B,0x1C1C,0x7B1C,0x0A9E,0x0A0A,0x1C1C,
	0x7B1A,0x0A0A,0x0A0A,0x1C1C,0x9E9E,0x7B0A,0x2C0A,0x1C1C,

	0x1C1C,0x4E1C,0x4E1C,0x1010,0x7B0A,0xBB4E,0x0A46,0x1C45,
	0x1C7B,0x1C0A,0x2C0A,0x1C4E,0x1C1C,0x1C1C,0x1C3D,0x1C1C,
	0x1C3D,0x1C1C,0x3D1C,0x1C1C,0x1C2C,0x1C1C,0x1C3D,0x1C1C,
	0x1C1C,0x1C1C,0x4E1C,0x1C1C,0x1C3D,0x1C1C,0x0A2C,0x4E2C,
	0x6D10,0x1515,0x1515,0x1A1A,0x1C4E,0x1C1C,0x6D15,0x1515,
	0x1C1C,0x1C1C,0x1515,0x1515,0x3D3D,0x1C1C,0x6D2C,0x467B,
	0x1C1C,0x1C1C,0x152C,0x7B7B,0x1C3D,0x1C1C,0x151C,0x186D,
	0x3D1C,0x1C1C,0x2C2C,0x0A46,0x4E2C,0x1C1C,0x0A0A,0x0A0A,

	0x0A7B,0x1515,0x4E15,0x156D,0x0A7B,0x0A46,0x7B7B,0x5353,
	0x0A7B,0x0A0A,0x7B7B,0x0A0A,0x467B,0x7B7B,0x5315,0x154E,
	0x7B7B,0x0A7B,0x5315,0x156D,0x4618,0x157B,0x1515,0x1515,
	0x0A0A,0x0A7B,0x6D53,0x1515,0x0A0A,0x0A7B,0x0A7B,0x6D15,
	0x1515,0x156D,0x0A1A,0x0A1A,0x154E,0x0A4E,0x0A0A,0x0A0A,
	0x0A0A,0x0A1A,0x0A0A,0x0A0A,0x1515,0x0A0A,0x0A0A,0x0A0A,
	0x4E6D,0x0A0A,0x0A0A,0x0A0A,0x1515,0x0A0A,0x0A0A,0x0A0A,
	0x1515,0x0A0A,0x0A0A,0x0A0A,0x5353,0x0A0A,0x0A0A,0x0A0A,

	0x0A0A,0x0A0A,0x0A1A,0x1A1A,0x1A0A,0x0A0A,0x0A0A,0x0A1A,
	0x1A0A,0x0A1A,0x0A0A,0x1A0A,0x0A0A,0x0A0A,0x0A0A,0x0A0A,
	0x0A0A,0x0A0A,0x0A0A,0x0A0A,0x0A0A,0x0A0A,0x0A0A,0x0A0A,
	0x0A0A,0x0A0A,0x0A0A,0x0A0A,0x0A0A,0x0A0A,0x0A0A,0x9E45,
	0x1A9E,0x9E0A,0x9E1A,0x1A1A,0x9E9E,0x9E0A,0x9E32,0x9E1A,
	0x9E0A,0x9E0A,0x9E32,0x9E1A,0x0A0A,0x9E9E,0x9E9E,0x9E0A,
	0x0A0A,0x9E9E,0x9E9E,0x9E9E,0x0A0A,0x9E9E,0x9E9E,0x1A9E,
	0x0A9E,0x9E9E,0x9E9E,0x0A9E,0x9E9E,0x0A0A,0x0A0A,0x1A1A,

	0x1A1A,0x1A1A,0x1A1A,0x1A1A,0x1A0A,0x1A9E,0x1A1A,0x1A1A,
	0x1A32,0x1A1A,0x1A1A,0x1A1A,0x9E9E,0x1A1A,0x1A1A,0x1A1A,
	0x9E9E,0x1A1A,0x1A1A,0x1A1A,0x1A9E,0x1A1A,0x1A1A,0x1A1A,
	0x9E9E,0x1010,0x101A,0x1A1A,0x101A,0x1010,0x1010,0x1010,
	0x1A1A,0x1A1A,0x1A1A,0x6107,0x1A1A,0x1A1A,0x1A1A,0x0707,
	0x1A1A,0x1A1A,0x1A1A,0x0707,0x1A1A,0x1A1A,0x101A,0x0707,
	0x1A1A,0x1A1A,0x1A1A,0x0707,0x1A1A,0x1A1A,0x1A1A,0x6107,
	0x1A1A,0x1A1A,0x101A,0x6107,0x1A10,0x1010,0x1010,0x7474,

	0x7474,0x6161,0x9E9E,0x9E9E,0x7461,0x7474,0x9E9E,0x9E9E,
	0x6107,0x6161,0x9E9E,0x9E9E,0x6161,0x7474,0x1A1A,0x9E1A,
	0x7474,0x0774,0x1A1A,0x1A1A,0x6161,0x0774,0x1A1A,0x1A1A,
	0x0707,0x0707,0x1A10,0x1A1A,0x0761,0x0761,0x1010,0x1010,
	0x1A1A,0x1A1A,0x1A4D,0x1A4D,0x9E1A,0x1A1A,0x1A1A,0x1A1A,
	0x9E9E,0x1010,0x1A1A,0x1A1A,0x1A1A,0x1A1A,0x1A1A,0x9E1A,
	0x1A1A,0x1A1A,0x101A,0x9E10,0x101A,0x1A1A,0x1A10,0x1A1A,
	0x1010,0x101A,0x1A10,0x1A1A,0x1010,0x1010,0x1010,0x1A1A,

	0x9E9E,0x9E9E,0x4D9E,0x9E1A,0x9E9E,0x9E9E,0x9E9E,0x9E9E,
	0x9E9E,0x9E9E,0x9E9E,0x9E9E,0x9E9E,0x9E1A,0x9E1A,0x1A9E,
	0x9E1A,0x1A1A,0x1A1A,0x1A9E,0x1A1A,0x1A1A,0x1A1A,0x1A9E,
	0x1A1A,0x1A1A,0x1A1A,0x9E1A,0x101A,0x1A10,0x1A1A,0x1A1A,
	0x8484,0xC8B1,0xC8B1,0xB1B1,0x0A1A,0xB184,0x8484,0xB1B1,
	0x1A9E,0x001A,0x8484,0x8400,0x9E9E,0x109E,0x1A00,0x0000,
	0x9E1A,0x109E,0x101A,0x1010,0x1A10,0x1010,0x9E10,0x101A,
	0x1010,0x1010,0x9E9E,0x1010,0x109E,0x1A9E,0x109E,0x1A10,

	0xC8B1,0xB1B1,0xC8C8,0xB1B1,0xB184,0x8484,0x84B1,0xB184,
	0x8484,0x8484,0x8484,0xB184,0x0000,0x0000,0x0000,0x0000,
	0x0000,0x0000,0x4510,0x1000,0x1010,0x6767,0x4510,0x4545,
	0x1010,0x6767,0x4510,0x459E,0x1D10,0x671A,0x9E1D,0x9E0A,
	0xB13E,0x3EC8,0x0A0A,0x0A0A,0x84C8,0x8484,0x0A0A,0x0A18,
	0x84C8,0x0A0A,0x0A3B,0x1A1A,0x0A00,0x0A0A,0x0A1A,0x1A0A,
	0x450A,0x0A45,0x0A0A,0x3B0A,0x4545,0x4545,0x0A45,0x1A1A,
	0x4545,0x4545,0x9E45,0x0A1A,0x4545,0x450A,0x0A9E,0x6868,

	0x660A,0x660A,0x660A,0x0A42,0x561A,0x0A56,0x0A0A,0x0101,
	0x011A,0x560B,0x4256,0x0101,0x5D5D,0x5D0B,0x0B0B,0x0101,
	0x0B1A,0x5D5D,0x0B0B,0x0101,0x5D5D,0x5D5D,0x5D68,0x5D5D,
	0x6868,0x5D5D,0x5D68,0x5D7B,0x5D0A,0x5D7B,0x1A1A,0x5D5D,
	0x0A0A,0x0A0A,0x4242,0x0156,0xBDBD,0x01BD,0x5642,0x4242,
	0x0101,0x0101,0x4256,0x4242,0x0101,0x0101,0x4040,0x4242,
	0x0101,0x4040,0x400B,0x420A,0x0101,0x0101,0x7B40,0xBD40,
	0x0101,0x0101,0x4040,0x0140,0x1A01,0x1A1A,0x0101,0x4001,

	0x1A1A,0x1A1A,0x1A1A,0x1A1A,0x1A1A,0x1A1A,0x1A1A,0x1A1A,
	0x1A1A,0x1A1A,0x1A1A,0x1A1A,0x1A1A,0x1A1A,0x1A1A,0x1A1A,
	0x1A1A,0x1A1A,0x1A1A,0x0A46,0x1A1A,0x1A1A,0x1A1A,0x461A,
	0x1A1A,0x1A1A,0x1A1A,0x1A1A,0x1A1A,0x1A1A,0x1A1A,0x1A46,
	0x1A1A,0x1A1A,0x0A0A,0x0A0A,0x1A1A,0x1A0A,0x1A0A,0x0A0A,
	0x1A1A,0x0A0A,0x1A0A,0x0A0A,0x1A18,0x1A1A,0x0A0A,0x0A0A,
	0x1A0A,0x0A1A,0x0A0A,0x0A0A,0x0A0A,0x0A0A,0x0A0A,0x0A0A,
	0x0A0A,0x0A1A,0x0A0A,0x0A0A,0x1A0A,0x1A1A,0x0A0A,0x1818,

	0x0A0A,0x0A0A,0x0A0A,0x0A0A,0x0A0A,0x0A0A,0x0A0A,0x0A0A,
	0x0A0A,0x0A0A,0x0A0A,0x0A0A,0x0A0A,0x0A0A,0x0A0A,0x0A0A,
	0x0A0A,0x0A0A,0x0A0A,0x0A0A,0x0A0A,0x0A0A,0x0A0A,0x0A0A,
	0x0A0A,0x0A18,0x0A0A,0x0A0A,0x180A,0x0A1A,0x0A0A,0x1A3B,
	0x0A0A,0x1A0A,0x1A1A,0x1A1A,0x0A0A,0x1A1A,0x1A1A,0x0A0A,
	0x0A0A,0x1A1A,0x1A1A,0x0A0A,0x0A0A,0x1A0A,0x0A0A,0x1A0A,
	0x0A0A,0x0A0A,0x1A0A,0x1A0A,0x180A,0x0A0A,0x1A1A,0x1A1A,
	0x181A,0x0A0A,0x1A1A,0x1A1A,0x1A1A,0x0A0A,0x1A1A,0x1A1A,

	0x1A1A,0x1A1A,0x1A1A,0x1A1A,0x1A1A,0x0A0A,0x1A1A,0x1A1A,
	0x0A0A,0x690A,0x1A1A,0x1A1A,0x0A0A,0x1A1A,0x1A1A,0x1A1A,
	0x1A0A,0x1A0A,0x1A1A,0x1A1A,0x1A1A,0x1A1A,0x1A1A,0x1A1A,
	0x1A1A,0x1A1A,0x1A1A,0x1A1A,0x1A1A,0x1A1A,0x1A1A,0x1A1A,
	0x1A1A,0x1A1A,0x1A1A,0x1A1A,0x1A1A,0x1A1A,0x1A1A,0x1A1A,
	0x1A1A,0x1A1A,0x1A1A,0x1A1A,0x1A1A,0x1A1A,0x1A1A,0x1A1A,
	0x1A1A,0x1A1A,0x1A1A,0x1A1A,0x1A1A,0x1A1A,0x1A1A,0x1A1A,
	0x1A1A,0x1A1A,0x1A1A,0x1A1A,0x1A1A,0x1A1A,0x0A1A,0x1A1A,

	0x1A1A,0x0A1A,0x0A0A,0x1A1A,0x1A1A,0x0A0A,0x0A0A,0x1A1A,
	0x1A1A,0x0A0A,0x0A0A,0x1A0A,0x0A1A,0x1A1A,0x0A46,0x460A,
	0x1A1A,0x1A1A,0x1A1A,0x460A,0x1A1A,0x1A1A,0x1A1A,0x461A,
	0x1A1A,0x1A1A,0x1A1A,0x1846,0x1A1A,0x1A1A,0x1A1A,0x1A1A,
	0x1A1A,0x0A0A,0x0A0A,0x0A0A,0x1A1A,0x0A0A,0x0A0A,0x0A0A,
	0x1A1A,0x0A0A,0x0A0A,0x0A0A,0x460A,0x0A0A,0x0A0A,0x0A0A,
	0x4646,0x0A0A,0x0A0A,0x0A0A,0x1A1A,0x1A1A,0x0A0A,0x0A0A,
	0x0A0A,0x1A1A,0x0A0A,0x0A0A,0x180A,0x4618,0x0A46,0x0A0A,

	0x0A0A,0x0A0A,0x0A0A,0x0A0A,0x0A0A,0x0A0A,0x0A0A,0x0A0A,
	0x0A0A,0x0A0A,0x0A0A,0x5454,0x0A0A,0x0A0A,0x5454,0x5454,
	0x0A0A,0x5454,0x5454,0x5454,0x5454,0x5454,0x5454,0x5454,
	0x5454,0x5454,0x5454,0x5454,0x0A58,0x5454,0x5454,0x5454,
	0x0A0A,0x0A0A,0x0A0A,0x0A0A,0x5454,0x0A54,0x0A0A,0x0A0A,
	0x5454,0x5454,0x0A0A,0x0A0A,0x5454,0x5454,0x0A0A,0x0A0A,
	0x5454,0x5454,0x0A54,0x0A0A,0x5454,0x5454,0x5454,0x0A0A,
	0x5454,0x5454,0x0A0A,0x0A0A,0x5454,0x0A54,0x0A58,0x180A,

	0x0A0A,0x0A0A,0x0A0A,0x0A0A,0x0A0A,0x0A0A,0x0A0A,0x0A0A,
	0x0A0A,0x0A0A,0x0A0A,0x5454,0x0A0A,0x0A0A,0x0A0A,0x5454,
	0x0A0A,0x0A0A,0x0A0A,0x5454,0x0A0A,0x0A3B,0x0A0A,0x5454,
	0x0A0A,0x0A3B,0x0A0A,0x5454,0x0A18,0x0A0A,0x0A0A,0x5454,
	0x0A0A,0x0A0A,0x0A0A,0x0A0A,0x0A0A,0x0A0A,0x0A0A,0x0A0A,
	0x5454,0x5454,0x5454,0x0A54,0x5454,0x5454,0x5454,0x0A54,
	0x5454,0x5454,0x5454,0x0A54,0x5454,0x5454,0x5454,0x0A54,
	0x5454,0x5454,0x5454,0x0A54,0x5454,0x5454,0x5454,0x3B54,

	0x0A0A,0x0A0A,0x5454,0x0A0A,0x0A0A,0x5454,0x5454,0x0A54,
	0x540A,0x5454,0x5454,0x5454,0x5454,0x5454,0x5454,0x5454,
	0x5454,0x9F54,0x5454,0x5454,0x540A,0x5454,0x9F9F,0x5454,
	0x540A,0x5454,0x9F54,0x549F,0x0A0A,0x540A,0x5454,0x9F9F,
	0x0A0A,0x0A0A,0x0A0A,0x0A0A,0x0A0A,0x0A0A,0x0A0A,0x0A0A,
	0x0A0A,0x0A0A,0x0A0A,0x0A0A,0x0A54,0x0A0A,0x0A0A,0x320A,
	0x5454,0x0A0A,0x0A0A,0x3232,0x5454,0x0A0A,0x0A0A,0x0A0A,
	0x5454,0x0A0A,0x0A0A,0x0A0A,0x0A58,0x0A0A,0x0A0A,0x0A0A,

	0x0A0A,0x0A0A,0x0A0A,0x0A0A,0x0A0A,0x0A0A,0x0A0A,0x0A0A,
	0x0A0A,0x0A0A,0x0A0A,0x0A0A,0x320A,0x1A0A,0x0A0A,0x0A1A,
	0x3232,0x1A0A,0x0A0A,0x0A0A,0x0A0A,0x0A32,0x0A0A,0x0A0A,
	0x0A0A,0x0A0A,0x1A1A,0x0A0A,0x1A0A,0x1A1A,0x1A1A,0x0A1A,
	0x0A0A,0x0A0A,0x0A0A,0x0A0A,0x0A0A,0x0A0A,0x0A0A,0x0A0A,
	0x1A1A,0x0A0A,0x0A0A,0x0A0A,0x1A1A,0x0A0A,0x0A0A,0x0A0A,
	0x1A1A,0x0A0A,0x0A1A,0x0A0A,0x1A1A,0x1A1A,0x1A1A,0x1A0A,
	0x1A1A,0x1A1A,0x1A1A,0x1A1A,0x1A0A,0x1A1A,0x1A1A,0x1A1A,

	0x0A0A,0x0A0A,0x0A0A,0x1A1A,0x1818,0x3B3B,0x0A0A,0x0A1A,
	0x181A,0x1A3B,0x0A1A,0x0A1A,0x0A1A,0x0A0A,0x0A0A,0x0A0A,
	0x1A1A,0x1A0A,0x1A0A,0x0A1A,0x1A1A,0x1A1A,0x1A1A,0x1A1A,
	0x1A1A,0x1A1A,0x1A1A,0x1A1A,0x1A1A,0x1A1A,0x1A1A,0x1A1A,
	0x1A1A,0x1A1A,0x0A1A,0x1A1A,0x1A0A,0x1A1A,0x1A1A,0x1A1A,
	0x0A18,0x3B1A,0x1A1A,0x1A0A,0x1A0A,0x1A1A,0x1A1A,0x1A1A,
	0x1A0A,0x0A1A,0x1A1A,0x1A1A,0x1A1A,0x1A1A,0x1A1A,0x1A1A,
	0x1A1A,0x1A1A,0x1A1A,0x1A1A,0x1A1A,0x1A1A,0x1A1A,0x1A1A,

	0x1A1A,0x1A1A,0x1A1A,0x1A1A,0x1A1A,0x1A1A,0x1A1A,0x1A1A,
	0x1A1A,0x1A1A,0x1A1A,0x1A1A,0x1A1A,0x1A1A,0x1A1A,0x1A1A,
	0x1A1A,0x1A1A,0x1A1A,0x1A1A,0x1A1A,0x1A1A,0x1A1A,0x1A1A,
	0x1A1A,0x1A1A,0x1A1A,0x1A1A,0x1A1A,0x1A1A,0x1A1A,0x1A1A,
	0x1A1A,0x1A1A,0x1A1A,0x1A1A,0x1A1A,0x1A1A,0x1A1A,0x1A1A,
	0x1A1A,0x1A1A,0x1A1A,0x1A1A,0x1A1A,0x1A1A,0x0A1A,0x0A1A,
	0x1A1A,0x1A1A,0x0A1A,0x0A1A,0x1A1A,0x1A0D,0x1A1A,0x1A0A,
	0x1A1A,0x1A0D,0x1A1A,0x1A0A,0x1A0D,0x1919,0x1A1A,0x1A1A,

	0x1A1A,0x1A1A,0x1A1A,0x1A1A,0x1A1A,0x1A1A,0x1A1A,0x1A1A,
	0x1A1A,0x1A1A,0x1A1A,0x1A1A,0x1A1A,0x1A1A,0x1A1A,0x1A1A,
	0x0A1A,0x1A1A,0x1A1A,0x1A1A,0x0A1A,0x1A1A,0x1A1A,0x1A1A,
	0x1A1A,0x1A1A,0x1A1A,0x1A1A,0x1A1A,0x1A1A,0x1A1A,0x1A95,
	0x1A1A,0x1A1A,0x3F4B,0x9A3F,0x1A1A,0x1A1A,0x3F4B,0x9A3F,
	0x1A1A,0x1A1A,0x3FA8,0x9A3F,0x1A1A,0x1A1A,0x5A5A,0x9A3F,
	0x1A1A,0x1A1A,0x5A5A,0x9A3F,0x1A1A,0x1A1A,0x3F3F,0x3F5A,
	0x1A1A,0xA81A,0x3F3F,0x3F5A,0x1A1A,0xA8A8,0x3F3F,0x9A3F,

	0x7979,0x7979,0x7979,0x7979,0x4B4B,0x4B4B,0x4B4B,0x994B,
	0x4B4B,0x4B4B,0x4B4B,0x994B,0x4B4B,0x4B4B,0x4B4B,0x4B4B,
	0x4B4B,0x4B4B,0x4B4B,0x4B4B,0x4B4B,0x4B4B,0x4B4B,0x4B4B,
	0x4B4B,0x4B4B,0x4B4B,0x4B4B,0x4B4B,0x4B4B,0x4B4B,0x4B4B,
	0x1A1A,0x6868,0x6868,0x1A68,0x1A1A,0x1A1A,0x1A1A,0x1A4D,
	0x1A1A,0x1A1A,0x1A1A,0x1A4D,0x1A1A,0x1A1A,0x1A1A,0x4D4D,
	0x1A1A,0x1A1A,0x4D1A,0x4D4D,0x1A1A,0x1A1A,0x1A1A,0x1A1A,
	0x1A1A,0x1A1A,0x1A1A,0x1A1A,0x1A1A,0x1A1A,0x1A1A,0x1A1A,

	0x1A4D,0x4D4D,0x109E,0x9E9E,0x4D4D,0x4D4D,0x9E4D,0x9E1A,
	0x4D4D,0x4D4D,0x9E4D,0x9E10,0x4D4D,0x4D4D,0x4D1A,0x9E9E,
	0x1A4D,0x4D4D,0x1A1A,0x9E9E,0x1A1A,0x1A1A,0x1A71,0x9E9E,
	0x1A1A,0x1A1A,0x0D0D,0x9E9E,0x1A1A,0x101A,0x9E10,0x9E1A,
	0x1A1A,0x9E4D,0x4D4D,0x4D4D,0x1A1A,0x9E9E,0x0A4D,0x4D4D,
	0x1010,0x9E9E,0x9E1A,0x0A4D,0x9E9E,0x1A9E,0x9E1A,0x1A0A,
	0x9E9E,0x1A9E,0x9E9E,0x1A0A,0x9E9E,0x9E9E,0x9E9E,0x1A9E,
	0x9E9E,0x9E9E,0x9E9E,0x9E9E,0x1919,0x1A1A,0x1A9E,0x9E1A,

	0x4D4D,0x1A4D,0x1A1A,0x1A1A,0x1A4D,0x4D1A,0x104D,0x1A1A,
	0x0A4D,0x1A1A,0x1A1A,0x1A1A,0x0A1A,0x1A1A,0x1A1A,0x1A1A,
	0x1A1A,0x1A1A,0x1A1A,0x1A1A,0x1A1A,0x1A0D,0x1A1A,0x1A1A,
	0x1A9E,0x1A0D,0x1A1A,0x1A1A,0x109E,0x1A1A,0x1A1A,0x681A,
	0x1A1A,0x1A1A,0x1A1A,0x1A1A,0x1A1A,0x1A1A,0x1A1A,0x1A1A,
	0x1A1A,0x1A68,0x1A1A,0x1A1A,0x1A1A,0x681A,0x1A1A,0x6868,
	0x6868,0x1A1A,0x1A1A,0x1A68,0x681A,0x1A68,0x6868,0x1A1A,
	0x1A1A,0x1A68,0x689E,0x681A,0x681A,0x9E9E,0x9E68,0x6868,

	0x4D4D,0x1A1A,0x1A1A,0x1A1A,0x1A1A,0x1A4D,0x1A4D,0x1A4D,
	0x1A1A,0x1A4D,0x4D4D,0x4D4D,0x1A1A,0x4D4D,0x4D1A,0x4D9E,
	0x1A1A,0x4D4D,0x4D4D,0x9E9E,0x1A68,0x4D9E,0x4D4D,0x9E4D,
	0x1A1A,0x4D9E,0x4D4D,0x4D4D,0x9E9E,0x4D1A,0x4D4D,0x4D4D,
	0x1A1A,0x4D1A,0x1A1A,0x1A1A,0x4D1A,0x1A1A,0x1A1A,0x1A1A,
	0x4D9E,0x1A1A,0x1A1A,0x9E1A,0x9E4D,0x1A1A,0x9E1A,0x0A1A,
	0x9E4D,0x1A1A,0x9E9E,0x0A3B,0x1A9E,0x4D9E,0x1A9E,0x1A1A,
	0x9E9E,0x1A9E,0x1A9E,0x0A4D,0x9E9E,0x9E9E,0x1A4D,0x109E,

	0x1A1A,0x1A1A,0x1A1A,0x1A1A,0x1A1A,0x1A1A,0x1A1A,0x0A1A,
	0x1A1A,0x1A1A,0x1A1A,0x0A0A,0x0A0A,0x1A1A,0x1A1A,0x0A0A,
	0x0A0A,0x0A0A,0x1A1A,0x0A0A,0x3B3B,0x1A1A,0x1A1A,0x0A1A,
	0x3B3B,0x1A0A,0x1A0A,0x0A0A,0x1A1A,0x1818,0x3B3B,0x0A0A,
	0x0A1A,0x0A0A,0x0A0A,0x0A0A,0x0A0A,0x0A0A,0x9E0A,0x9E9E,
	0x0A0A,0x0A0A,0x9E1A,0x9E9E,0x0A0A,0x1A0A,0x9E0A,0x0A9E,
	0x0A0A,0x0A0A,0x0A0A,0x0A0A,0x0A0A,0x0A0A,0x0A0A,0x0A0A,
	0x0A0A,0x0A0A,0x0A0A,0x0A0A,0x0A0A,0x0A0A,0x0A0A,0x0A0A,

	0x9E9E,0x9E9E,0x9E9E,0x0A9E,0x9E9E,0x9E9E,0x9E9E,0x9E9E,
	0x9E0A,0x459E,0x9E9E,0x9E9E,0x0A0A,0x0A0A,0x9E0A,0x0A9E,
	0x0A0A,0x0A0A,0x0A0A,0x0A9E,0x0A0A,0x0A0A,0x180A,0x0A0A,
	0x0A0A,0x0A0A,0x1818,0x0A0A,0x0A0A,0x1818,0x1A18,0x0A0A,
	0x9E9E,0x0A9E,0x5757,0x5757,0x9E0A,0x0A0A,0x5757,0x5757,
	0x0A0A,0x0A0A,0x5757,0x5757,0x9E9E,0x459E,0x5757,0x5757,
	0x9E9E,0x459E,0x5757,0x5752,0x3232,0x0A32,0x0A0A,0x5252,
	0x320A,0x0A32,0x0A0A,0x8484,0x0A0A,0x0A0A,0x0A0A,0x5C0A,

	0x2525,0x5C25,0x5252,0x5C5C,0x5252,0x5252,0x8425,0x5C5C,
	0x5252,0x5752,0x5252,0x525C,0x5257,0x2557,0x2552,0x5C25,
	0x5252,0x2557,0x2552,0x5252,0x5C52,0x5252,0x5725,0x2552,
	0x5C52,0x2525,0x2525,0x5252,0x525C,0x5284,0x5252,0x5C5C,
	0x2525,0x5252,0x2525,0x2525,0x5C85,0x2525,0x2525,0x5252,
	0x5C85,0x5252,0x2525,0x5252,0x8585,0x255C,0x2557,0x5757,
	0x2585,0x5225,0x5252,0x5C57,0x5284,0x2525,0x5252,0x5C25,
	0x5284,0x2525,0x5252,0x2525,0x8484,0x5252,0x5C5C,0x5C5C,

	0x0A57,0x0A0A,0x0A0A,0x0A0A,0x5752,0x0A0A,0x0A0A,0x0A0A,
	0x5257,0x0A0A,0x0A0A,0x0A0A,0x5757,0x0A57,0x0A0A,0x0A0A,
	0x5757,0x0A0A,0x0A0A,0x0A0A,0x2525,0x0A52,0x0A0A,0xAAAA,
	0x845C,0x0A5C,0x0A0A,0xAAAA,0x5C5C,0x0A0A,0x0A0A,0x5454,
	0x0A0A,0x2222,0x8D22,0x8D8D,0x220A,0x1A22,0x8D1A,0x8D8D,
	0x2222,0x1A1A,0x8D1A,0x8D8D,0x2222,0x2222,0x8D1A,0x848D,
	0x2222,0x0A22,0x8D22,0x848D,0xAAAA,0x0A0A,0x220A,0x847E,
	0xAAAA,0x0AAA,0x220A,0x847E,0x5454,0xAAAA,0x22AA,0x847E,

	0x8D8D,0x8D8D,0x8D8D,0x8D8D,0x8D8D,0x8D8D,0x8D8D,0x8484,
	0x7E7E,0x8D7E,0x848D,0x8484,0x8484,0x7E84,0x4884,0x4848,
	0x5C5C,0x7E84,0x4884,0x4848,0x5C5C,0x7E84,0x8484,0x8484,
	0x5C5C,0x7E84,0x4884,0x4848,0x5C5C,0x7E84,0x4884,0x4848,
	0x8D8D,0x8D8D,0x8D8D,0x8D8D,0x8D84,0x8D8D,0x8D8D,0x8D8D,
	0x8484,0x8D8D,0x7E7E,0x8D8D,0x4848,0x7E7E,0x8484,0x8484,
	0x4848,0x7E7E,0x5C5C,0x845C,0x8484,0x7E7E,0x5C5C,0x845C,
	0x4848,0x7E7E,0x5C5C,0x845C,0x4848,0x7E7E,0x5C5C,0x845C,

	0x8D7E,0x2222,0x1A1A,0x1A1A,0x8D7E,0x1A1A,0x2222,0x1A1A,
	0x8D7E,0x221A,0x2222,0x1A1A,0x8D7E,0x1A22,0x2222,0x1A1A,
	0x8D7E,0x1A1A,0x2222,0x1A1A,0x227E,0xAAAA,0xAA0A,0xAAAA,
	0x227E,0xAAAA,0x0A0A,0xAA0A,0x227E,0x0A0A,0x5454,0x5454,
	0x1A1A,0x8484,0x84B1,0xB184,0x1A1A,0x1A1A,0x0000,0x0000,
	0x1A1A,0x1A1A,0x0000,0x001A,0x1A1A,0x1A10,0x1010,0x1A10,
	0x101A,0x1010,0x1010,0x1A10,0x1A1A,0x1010,0x1A10,0x1010,
	0x1A1A,0x1010,0x1010,0x1010,0x101A,0x1010,0x1045,0x1010,

	0x8484,0x84B1,0xB1B1,0x8484,0x8400,0x0000,0x0084,0x8400,
	0x0000,0x0000,0x0000,0x0000,0x0000,0x001D,0x101D,0x1010,
	0x1010,0x671D,0x101D,0x101A,0x1010,0x671D,0x1D1A,0x1010,
	0x1010,0x1A67,0x1D1A,0x1A10,0x1010,0x1010,0x101A,0x1010,
	0xC8C8,0x8484,0x1A1A,0x1A1A,0x0000,0x1A00,0x1A1A,0x1A1A,
	0x0000,0x1A1A,0x1A1A,0x1A1A,0x1A10,0x1010,0x101A,0x1A1A,
	0x1010,0x1010,0x1010,0x1A1A,0x100A,0x1A10,0x1A1A,0x1A1A,
	0x1045,0x1A10,0x101A,0x1A1A,0x1010,0x1010,0x1A1A,0x1A1A,

	0x1A1A,0x1A1A,0x1A1A,0x1A1A,0x1A1A,0x1A1A,0x1A1A,0x1A1A,
	0x1A1A,0x1A1A,0x1A1A,0x1A1A,0x1A1A,0x1A1A,0x1A1A,0x1A1A,
	0x1A1A,0x1A1A,0x1A1A,0x1A1A,0x1A1A,0x1A1A,0x1A1A,0x1A1A,
	0x1A1A,0x1A1A,0x1A1A,0x1A1A,0x1A1A,0x1A1A,0x0A1A,0x1A1A,
	0x1A1A,0x1A1A,0x9E1A,0x9E9E,0x1A1A,0x1A1A,0x1A1A,0x1A9E,
	0x1A1A,0x1A1A,0x1A1A,0x1A1A,0x1A1A,0x1A1A,0x1A1A,0x1A1A,
	0x1A1A,0x1A1A,0x1A1A,0x1A1A,0x1A1A,0x1A1A,0x1A1A,0x1A1A,
	0x1A1A,0x1A1A,0x1A1A,0x1A1A,0x1A1A,0x1A1A,0x1A1A,0x1A1A,

	0x9E9E,0x1A9E,0x9E1A,0x9E9E,0x1A1A,0x1A1A,0x9E1A,0x9E9E,
	0x1A1A,0x1A1A,0x1A1A,0x9E1A,0x1A1A,0x1A1A,0x1A1A,0x1A1A,
	0x1A1A,0x1A1A,0x1A1A,0x1A1A,0x1A1A,0x1A1A,0x1A1A,0x1A0A,
	0x1A1A,0x1A1A,0x1A1A,0x1A0A,0x1A1A,0x1A1A,0x0A1A,0x0A0A,
	0x1A9E,0x1A1A,0x7B7B,0x2C4E,0x9E1A,0x9E9E,0x7B45,0x0A0A,
	0x1A0A,0x0A9E,0x7B45,0x0A0A,0x0A1A,0x0A0A,0x7B1A,0x1A1A,
	0x1A1A,0x0A0A,0x7B1A,0x1A7B,0x0A0A,0x0A1A,0x1A0A,0x7B7B,
	0x0A0A,0x0A1A,0x0A0A,0x7B1A,0x0A0A,0x1A1A,0x100A,0x7B1A,

	0x3D3D,0x4E1C,0x0A2C,0x0A0A,0x0A0A,0x0A7B,0x0A0A,0x0A0A,
	0x0A0A,0x0A7B,0x0A0A,0x0A0A,0x7B7B,0x0A1A,0x3232,0x3232,
	0x1A7B,0x0A1A,0x0A32,0x1A1A,0x1A1A,0x0A1A,0x0A0A,0x1A0A,
	0x1A1A,0x0A1A,0x0A0A,0x1A0A,0x101A,0x1A1A,0x1A0A,0x0A45,
	0x0A0A,0x1C1C,0x0A0A,0x0A0A,0x0A0A,0x0A0A,0x0A0A,0x0A0A,
	0x0A0A,0x0A0A,0x0A0A,0x0A0A,0x0A0A,0x0A0A,0x0A0A,0x0A0A,
	0x0A32,0x0A0A,0x0A0A,0x0A0A,0x0A1A,0x0A0A,0x4545,0x4545,
	0x0A0A,0x450A,0x4545,0x4545,0x0A0A,0x450A,0x4545,0x4545,

	0x0A0A,0x7B7B,0x0A0A,0x4E15,0x0A0A,0x7B7B,0x0A0A,0x0A0A,
	0x0A0A,0x7B7B,0x0A0A,0x0A0A,0x450A,0x7B7B,0x450A,0x450A,
	0x4545,0x7B7B,0x4545,0x4545,0x4545,0x7B7B,0x0A45,0x4545,
	0x0A45,0x7B7B,0x4545,0x4545,0x450A,0x4545,0x0A45,0x3B9C,
	0x5353,0x0A0A,0x0A0A,0x0A0A,0x0A0A,0x0A0A,0x0A0A,0x0A0A,
	0x0A0A,0x0A0A,0x0A0A,0x0A0A,0x0A0A,0x0A0A,0x0A0A,0x0A1A,
	0x0A45,0x0A0A,0x0A0A,0x0A1A,0xAF45,0x0A0A,0x0A0A,0x0A0A,
	0xAF45,0x0A0A,0x0A0A,0x1A0A,0x1A1A,0x0A0A,0x1A1A,0x1A1A,

	0x0A0A,0x0A0A,0x0A0A,0x0A0A,0x0A0A,0x0A0A,0x0A0A,0x0A0A,
	0x0A0A,0x1A0A,0x0A0A,0x0A0A,0x1A1A,0x1A1A,0x0A1A,0x0A0A,
	0x0A0A,0x1A1A,0x0A0A,0x1A1A,0x0A0A,0x1A0A,0x1A1A,0x1A1A,
	0x0A0A,0x1A0A,0x1A1A,0x50B6,0x1A1A,0x0A0A,0x1A1A,0x5050,
	0x0A0A,0x0A0A,0x0A0A,0x0A0A,0x0A0A,0x0A0A,0x0A0A,0x4545,
	0x0A0A,0x0A0A,0x0A0A,0x450A,0x0A0A,0x1A1A,0x451A,0x4545,
	0x0A0A,0x1A1A,0x451A,0x4510,0x5050,0x5050,0x1A1A,0x100A,
	0x5050,0x5050,0x1AB6,0x101A,0x5050,0x5050,0x7750,0x1A1A,

	0x1010,0x1010,0x1010,0x1010,0x1010,0x4510,0x100A,0x1010,
	0x1045,0x4545,0x100A,0x1010,0x4545,0x0A45,0x1045,0x1010,
	0x1045,0x4510,0x1010,0x1010,0x1A10,0x1010,0x1010,0x101A,
	0x101A,0x1010,0x1045,0x101A,0x1A10,0x1010,0x1010,0x1010,
	0x1010,0x1010,0x1010,0x7474,0x1010,0x101A,0x1010,0x6161,
	0x4510,0x101A,0x1010,0x6161,0x1010,0x1010,0x1010,0x6161,
	0x1010,0x1010,0x0710,0x6161,0x1010,0x1010,0x1010,0x1A1A,
	0x1010,0x1010,0x1010,0x1A10,0x1A10,0x1010,0x1010,0x1010,

	0x6161,0x0761,0x1010,0x1010,0x0761,0x0761,0x1010,0x1010,
	0x0761,0x0761,0x1010,0x1010,0x0707,0x6107,0x1010,0x1010,
	0x0707,0x6107,0x1010,0x1010,0x0707,0x1A10,0x1071,0x1071,
	0x1007,0x1010,0x7171,0x1071,0x1010,0x1010,0x1010,0x1010,
	0x1010,0x1010,0x1010,0x1010,0x1010,0x101A,0x1010,0x1010,
	0x1010,0x101A,0x1010,0x1010,0x1010,0x1010,0x1010,0x1A10,
	0x1010,0x1010,0x1010,0x1A10,0x1010,0x1010,0x1010,0x1010,
	0x1010,0x1010,0x101A,0x1010,0x1010,0x1A10,0x1010,0x7110,

	0x1010,0x1010,0x1A1A,0x1A1A,0x1010,0x1010,0x1A10,0x1A1A,
	0x1010,0x1010,0x1010,0x1A9E,0x1010,0x1010,0x1A1A,0x1A9E,
	0x1010,0x101A,0x1A1A,0x9E9E,0x1010,0x1A10,0x9E10,0x9E9E,
	0x1010,0x1A10,0x1A1A,0x1A1A,0x1071,0x1010,0x1A1A,0x1A1A,
	0x109E,0x109E,0x109E,0x1A10,0x9E9E,0x9E9E,0x1A9E,0x1010,
	0x9E9E,0x9E9E,0x9E9E,0x1010,0x9E9E,0x9E9E,0x9E9E,0x1A10,
	0x9E9E,0x9E9E,0x9E0A,0xAF10,0x1A9E,0x1A9E,0x1045,0x0A32,
	0x1A1A,0x1A1A,0x1A10,0x0A32,0x1A1A,0x1A1A,0x0A0A,0x0A1A,

	0x1010,0x4545,0x9E45,0x450A,0x4510,0x4510,0x4545,0x459E,
	0x4545,0x4510,0x4545,0x9E9E,0x1A1A,0x450A,0x4545,0x9E9E,
	0x1A0A,0x0A0A,0x450A,0x9E9E,0x320A,0x0A0A,0x0A0A,0x9E9E,
	0x0A0A,0x0A0A,0x0A0A,0x9E9E,0x1A1A,0x0A0A,0x450A,0x0A9E,
	0x459E,0x9E45,0x0A9E,0x6868,0x459E,0x9E9E,0x0A68,0x680A,
	0x9E9E,0x9E9E,0x0A68,0x6868,0x9E9E,0x9E9E,0x9E68,0x689E,
	0x9E9E,0x9E9E,0x9E9E,0x0A9E,0x9E9E,0x9E0A,0x9E0A,0x9E9E,
	0x0A9E,0x0A0A,0x9E0A,0x9E9E,0x0A9E,0x0A0A,0x1A1A,0x1A1A,

	0x681A,0x5D7B,0x681A,0x5D5D,0x1A68,0x7B68,0x6868,0x0A1A,
	0x6868,0x5D68,0x7B68,0x6868,0x681A,0x6868,0x7B68,0x5D5D,
	0x689E,0x6868,0x6868,0x1A7B,0x9E9E,0x1A68,0x6868,0x7B7B,
	0x9E9E,0x1010,0x6868,0x7B1A,0x1A0A,0x1A10,0x9C10,0x7B1A,
	0x1A1A,0x1A1A,0x011A,0x4001,0x5D0A,0x1A1A,0x401A,0x1A7B,
	0x5D5D,0x1A1A,0x401A,0x7B7B,0x7B1A,0x1A5D,0x1A1A,0x7B1A,
	0x7B7B,0x1A1A,0x1A1A,0x7B1A,0x5D7B,0x1A10,0x401A,0x7B7B,
	0x681A,0x1A1A,0x401A,0x1A7B,0x1010,0x1A10,0x1A1A,0x1A7B,

	0x1A1A,0x1A1A,0x1A1A,0x1A1A,0x1A1A,0x1A1A,0x1A1A,0x1A1A,
	0x1A1A,0x1A1A,0x1A1A,0x1A1A,0x1A1A,0x1A1A,0x1A1A,0x1A1A,
	0x1A1A,0x1A1A,0x1A1A,0x1A1A,0x1A1A,0x1A1A,0x1A1A,0x1A1A,
	0x1A1A,0x1A1A,0x1A1A,0x1A1A,0x1A1A,0x1A1A,0x1A1A,0x1A1A,
	0x1A0A,0x1A1A,0x0A1A,0x180A,0x1A1A,0x1A1A,0x1A1A,0x0A0A,
	0x1A1A,0x1A1A,0x460A,0x180A,0x1A1A,0x1A46,0x1A1A,0x460A,
	0x1A1A,0x1846,0x181A,0x4618,0x1A1A,0x1A1A,0x4646,0x1846,
	0x1A1A,0x1A1A,0x4618,0x0A0A,0x1A1A,0x1A0A,0x0A0A,0x0A1A,

	0x0A0A,0x0A0A,0x0A0A,0x3B3B,0x180A,0x0A18,0x0A0A,0x0A0A,
	0x1A0A,0x1818,0x0A0A,0x0A0A,0x0A0A,0x0A0A,0x0A0A,0x0A0A,
	0x0A0A,0x0A0A,0x0A0A,0x0A0A,0x0A0A,0x0A0A,0x0A0A,0x0A0A,
	0x0A0A,0x0A0A,0x0A0A,0x0A0A,0x0A0A,0x0A0A,0x0A0A,0x0A0A,
	0x1A0A,0x0A0A,0x1A1A,0x1A1A,0x0A1A,0x3B0A,0x1A1A,0x0A0A,
	0x0A0A,0x0A0A,0x0A0A,0x0A0A,0x0A0A,0x0A0A,0x0A0A,0x0A0A,
	0x0A0A,0x0A0A,0x1A0A,0x0A1A,0x0A0A,0x0A0A,0x1A1A,0x1A69,
	0x0A0A,0x0A0A,0x0A0A,0x1A69,0x0A0A,0x0A0A,0x0A0A,0x0A0A,

	0x0A0A,0x1A1A,0x1A1A,0x1A1A,0x0A0A,0x1A0A,0x1A1A,0x0A1A,
	0x0A0A,0x1A1A,0x1A1A,0x0A0A,0x690A,0x1A0A,0x1A1A,0x0A0A,
	0x1A0A,0x1A1A,0x1A1A,0x0A0A,0x0A0A,0x6969,0x1A1A,0x0A1A,
	0x0A0A,0x1A1A,0x0A1A,0x0A0A,0x6969,0x0A0A,0x3B3B,0x3B0A,
	0x0A0A,0x1A1A,0x0A1A,0x1A0A,0x0A1A,0x1A1A,0x0A1A,0x1A1A,
	0x0A0A,0x1A1A,0x0A0A,0x0A0A,0x1A1A,0x1A1A,0x1A1A,0x0A0A,
	0x1A1A,0x1A1A,0x1A1A,0x0A0A,0x1A1A,0x1A1A,0x1A1A,0x0A0A,
	0x1A1A,0x1A1A,0x1A1A,0x0A0A,0x0A1A,0x0A0A,0x0A0A,0x1A1A,

	0x1A1A,0x1A1A,0x1A1A,0x181A,0x1A1A,0x0A0A,0x0A1A,0x1A1A,
	0x0A1A,0x0A0A,0x0A1A,0x0A1A,0x0A0A,0x1A0A,0x0A0A,0x1A0A,
	0x0A0A,0x1A1A,0x0A0A,0x1A18,0x0A0A,0x1A1A,0x1A1A,0x1A1A,
	0x0A0A,0x1A0A,0x1A1A,0x0A0A,0x1A1A,0x0A0A,0x0A0A,0x0A0A,
	0x4618,0x1846,0x0A46,0x0A0A,0x1846,0x4646,0x0A18,0x0A0A,
	0x0A0A,0x4618,0x0A0A,0x0A0A,0x0A0A,0x460A,0x0A0A,0x0A0A,
	0x0A0A,0x0A0A,0x0A0A,0x0A0A,0x0A0A,0x0A0A,0x0A0A,0x0A0A,
	0x0A0A,0x0A0A,0x0A0A,0x0A0A,0x0A0A,0x0A0A,0x0A0A,0x0A0A,

	0x0A58,0x540A,0x5454,0x5454,0x0A0A,0x540A,0x540A,0x5454,
	0x0A0A,0x0A0A,0x5454,0x580A,0x0A0A,0x0A0A,0x5858,0x0A0A,
	0x0A0A,0x0A0A,0x0A0A,0x0A0A,0x0A0A,0x0A0A,0x0A0A,0x540A,
	0x0A0A,0x0A0A,0x0A0A,0x540A,0x0A0A,0x0A0A,0x0A0A,0x540A,
	0x5454,0x0A54,0x0A58,0x1818,0x580A,0x0A58,0x0A0A,0x0A0A,
	0x0A0A,0x0A0A,0x0A0A,0x0A0A,0x0A0A,0x0A0A,0x0A0A,0x0A0A,
	0x5454,0x5454,0x5454,0x5454,0x5454,0x5454,0x5454,0x5454,
	0x5454,0x5454,0x5454,0x5454,0x5454,0x5454,0x5454,0x5454,

	0x0A1A,0x0A0A,0x0A0A,0x5454,0x0A0A,0x0A0A,0x0A0A,0x5454,
	0x0A0A,0x0A0A,0x0A0A,0x9F0A,0x0A0A,0x0A0A,0x540A,0x5454,
	0x0A0A,0x0A0A,0x540A,0x5454,0x0A0A,0x0A0A,0x5454,0x5454,
	0x0A0A,0x0A54,0x5454,0x5454,0x0A54,0x5454,0x5454,0x5454,
	0x5454,0x5454,0x5454,0x3B54,0x5454,0x5454,0x5454,0x0A54,
	0x0A9F,0x540A,0x540A,0x0A54,0x5454,0x0A0A,0x580A,0x5454,
	0x5454,0x3B3B,0x180A,0x5454,0x5454,0x1A1A,0x5454,0x5454,
	0x5454,0x540A,0x5454,0x5454,0x5454,0x5454,0x5454,0x5454,

	0x0A0A,0x540A,0x5454,0x580A,0x0A0A,0x580A,0x5858,0x0A0A,
	0x5454,0x0A0A,0x5858,0x0A0A,0x5454,0x0A54,0x0A0A,0x0A0A,
	0x5454,0x5454,0x0A0A,0x0A0A,0x5454,0x5454,0x0A54,0x0A0A,
	0x5454,0x5454,0x5454,0x0A0A,0x5454,0x5454,0x5454,0x0A0A,
	0x0A0A,0x0A0A,0x1A0A,0x0A0A,0x0A0A,0x0A0A,0x1A1A,0x0A18,
	0x0A0A,0x0A0A,0x1A1A,0x1818,0x0A0A,0x0A0A,0x1A1A,0x1A1A,
	0x0A0A,0x0A0A,0x0A0A,0x1A1A,0x0A0A,0x0A0A,0x0A0A,0x1A1A,
	0x0A0A,0x0A0A,0x0A0A,0x1A1A,0x0A0A,0x0A0A,0x1A0A,0x1A1A,

	0x1A0A,0x1A1A,0x1A1A,0x0A1A,0x0A0A,0x1A1A,0x1A1A,0x1A1A,
	0x0A0A,0x1A1A,0x1A1A,0x0A0A,0x1A1A,0x1A1A,0x1A1A,0x3B1A,
	0x1A1A,0x1A1A,0x1A1A,0x1A1A,0x1A1A,0x1A1A,0x1A1A,0x1A1A,
	0x1A1A,0x1A1A,0x1A1A,0x1A1A,0x1A1A,0x1A1A,0x1A1A,0x1A1A,
	0x1A0A,0x1A1A,0x1A1A,0x1A1A,0x0A0A,0x1A1A,0x1A1A,0x1A1A,
	0x0A0A,0x1A1A,0x1A1A,0x1A1A,0x1A1A,0x1A1A,0x1A1A,0x1A1A,
	0x1A1A,0x1A1A,0x1A1A,0x1A1A,0x1A1A,0x1A1A,0x1A1A,0x1A1A,
	0x1A1A,0x1A1A,0x1A1A,0x1A1A,0x1A1A,0x1A1A,0x1A1A,0x1A1A,

	0x1A1A,0x1A1A,0x1A1A,0x1A1A,0x1A1A,0x1A1A,0x1A1A,0x1A1A,
	0x1A1A,0x1A1A,0x1A1A,0x1A1A,0x1A1A,0x1A1A,0x1A1A,0x1A1A,
	0x1A1A,0x1A1A,0x1A1A,0x1A1A,0x1A1A,0x1A1A,0x1A1A,0x1A1A,
	0x1A1A,0x1A1A,0x1A1A,0x1A1A,0x1A1A,0x1A1A,0x1A1A,0x1A1A,
	0x1A1A,0x1A1A,0x1A1A,0x1A1A,0x1A1A,0x1A1A,0x1A1A,0x1A1A,
	0x1A1A,0x1A1A,0x1A1A,0x1A1A,0x1A1A,0x1A1A,0x1A1A,0x1A1A,
	0x1A1A,0x1A1A,0x1A1A,0x1A1A,0x1A1A,0x1A1A,0x1A1A,0x1A1A,
	0x1A1A,0x1A1A,0x1A1A,0x1A1A,0x1A1A,0x1A1A,0x1A1A,0x1A1A,

	0x1A1A,0x1A1A,0x1A1A,0x191A,0x1A1A,0x1A1A,0x1A1A,0x1A1A,
	0x1A1A,0x1A1A,0x1A1A,0x1A1A,0x1A1A,0x1A1A,0x1A1A,0x1A1A,
	0x1A1A,0x1A1A,0x1A1A,0x1A1A,0x1A1A,0x1A1A,0x1A1A,0x1A1A,
	0x1A1A,0x1A1A,0x1A1A,0x1A1A,0x1A1A,0x1A1A,0x1A1A,0x1A1A,
	0x1A0D,0x1A1A,0x1A1A,0x1A1A,0x1A1A,0x0D0D,0x1A1A,0x1A1A,
	0x1A1A,0x1919,0x1A1A,0x1A1A,0x1A1A,0x1A1A,0x1A1A,0x1A1A,
	0x1A1A,0x1A1A,0x1A1A,0x1A1A,0x1A1A,0x1A1A,0x1A1A,0x1A1A,
	0x1A1A,0x1A1A,0x1A1A,0x1A1A,0x1A0A,0x1A0A,0x1A1A,0x1A1A,

	0x1A1A,0x1A1A,0x9595,0x9595,0x1A1A,0x1A1A,0x1919,0x1A1A,
	0x1A1A,0x1A1A,0x1A1A,0x1A1A,0x1A1A,0x1A1A,0x1A1A,0x1A1A,
	0x1A1A,0x1A1A,0x1A1A,0x1A1A,0x1A1A,0x1A1A,0x1A1A,0x1A1A,
	0x1A1A,0x1A1A,0x1A1A,0x951A,0x1A1A,0x1A1A,0x9595,0x1995,
	0x1A1A,0x4BA8,0x3F3F,0x9A3F,0x1A1A,0x4B4B,0x3F3F,0x9A3F,
	0x1A1A,0xA84B,0x3F3F,0x9A3F,0x1A1A,0x5AA8,0x3F3F,0x9A3F,
	0x1A1A,0x5A3F,0x3F5A,0x9A3F,0x1A1A,0x3F3F,0x5A5A,0x9A3F,
	0x1A1A,0x3F3F,0x5A3F,0x9A5A,0x1A1A,0x3F3F,0x3F3F,0x3F5A,

	0x4B4B,0x4B4B,0x4B4B,0x4B4B,0x4B4B,0x4B4B,0x4B4B,0x4B4B,
	0x4B4B,0x4B4B,0x4B4B,0x4B4B,0x4B4B,0x4B4B,0x4B4B,0x4B4B,
	0x4B4B,0x4B4B,0x4B4B,0x4B4B,0x4B4B,0x4B4B,0x4B4B,0x4B4B,
	0x4B4B,0x4B4B,0x4B4B,0x4B4B,0x4B4B,0x4B4B,0x4B4B,0x4B4B,
	0x1A0D,0x951A,0x1A1A,0x1A1A,0x0D19,0x9595,0x1A1A,0x1A1A,
	0x1A1A,0x1995,0x1A1A,0x1A1A,0x1A1A,0x1A1A,0x1A1A,0x1A1A,
	0x1A1A,0x1A1A,0x1A1A,0x1A1A,0x1A4B,0x1A1A,0x1A1A,0x1A1A,
	0x0D4B,0x1A1A,0x1A1A,0x1A1A,0x1A4B,0x1A1A,0x1A1A,0x1A1A,

	0x1A1A,0x1A1A,0x9E10,0x1A1A,0x1A1A,0x1A1A,0x1A1A,0x1A1A,
	0x1A1A,0x1A1A,0x1A1A,0x1A1A,0x1A1A,0x1A1A,0x1A0A,0x1A1A,
	0x1A1A,0x1A1A,0x0A1A,0x0A1A,0x1A1A,0x1A1A,0x1A0A,0x1A0A,
	0x1A1A,0x1A1A,0x0A0A,0x1A1A,0x1A1A,0x1A1A,0x1A1A,0x1A1A,
	0x1A1A,0x1A1A,0x1A1A,0x0D0D,0x1A1A,0x1A1A,0x1A1A,0x1A1A,
	0x1A1A,0x1A1A,0x0A1A,0x1A1A,0x0A1A,0x0A1A,0x1A1A,0x1A1A,
	0x0A1A,0x0A1A,0x0A1A,0x1A1A,0x1A0A,0x1A1A,0x1A0A,0x1A1A,
	0x1A1A,0x1A1A,0x1A1A,0x1A1A,0x1A1A,0x1A1A,0x1A1A,0x1A1A,

	0x1A19,0x1A1A,0x1A1A,0x681A,0x1A1A,0x1A1A,0x681A,0x6868,
	0x1A1A,0x1A1A,0x6810,0x6868,0x1A1A,0x1A1A,0x1A1A,0x1A1A,
	0x1A1A,0x1A1A,0x1A1A,0x1A1A,0x1A1A,0x1A1A,0x1A1A,0x1A1A,
	0x1A1A,0x1A1A,0x1A1A,0x1A1A,0x1A1A,0x1A1A,0x1A1A,0x1A1A,
	0x681A,0x9E68,0x9E68,0x6868,0x6868,0x9E68,0x9E9E,0x689E,
	0x6868,0x1A1A,0x9E9E,0x9E9E,0x1A1A,0x1A1A,0x9E9E,0x9E9E,
	0x1A1A,0x1A1A,0x9E9E,0x9E9E,0x1A1A,0x9E1A,0x9E9E,0x9E1A,
	0x101A,0x9E10,0x9E1A,0x1A1A,0x1A1A,0x1A1A,0x1A1A,0x1A1A,

	0x9E9E,0x4D4D,0x4D4D,0x4D4D,0x4D9E,0x9E1A,0x1A1A,0x1A1A,
	0x689E,0x9E68,0x1A1A,0x1A9E,0x9E9E,0x9E9E,0x1A10,0x9E9E,
	0x9E9E,0x9E9E,0x1A9E,0x9E9E,0x9E1A,0x1A9E,0x1717,0x9E17,
	0x1A1A,0x1A9E,0x171A,0x9E17,0x1A1A,0x1A1A,0x1A1A,0x1A1A,
	0x9E9E,0x9E9E,0x9E4D,0x104D,0x9E9E,0x9E9E,0x9E9E,0x1A1A,
	0x9E9E,0x9E9E,0x9E9E,0x1A1A,0x9E9E,0x9E9E,0x9E9E,0x9E9E,
	0x9E9E,0x9E1A,0x9E1A,0x9E9E,0x1A9E,0x1A1A,0x1A1A,0x1A1A,
	0x1A9E,0x1A1A,0x1A1A,0x1A1A,0x1A0A,0x1A1A,0x1A1A,0x1A1A,

	0x1A1A,0x1A18,0x0A3B,0x1A1A,0x1A1A,0x0A0A,0x0A1A,0x0A1A,
	0x1A0A,0x0A0A,0x1A1A,0x1A1A,0x0A1A,0x0A0A,0x0A0A,0x0A0A,
	0x0A9E,0x0A0A,0x0A0A,0x0A0A,0x1A1A,0x1A0A,0x0A0A,0x0A0A,
	0x0A1A,0x1A0A,0x0A0A,0x0A0A,0x1A1A,0x0A0A,0x0A0A,0x0A0A,
	0x1A1A,0x0A0A,0x0A0A,0x0A0A,0x0A0A,0x0A0A,0x0A0A,0x0A0A,
	0x0A0A,0x0A0A,0x0A0A,0x0A0A,0x0A0A,0x0A0A,0x0A0A,0x0A0A,
	0x0A0A,0x0A0A,0x0A0A,0x0A0A,0x0A0A,0x0A0A,0x0A0A,0x0A0A,
	0x0A0A,0x0A0A,0x0A0A,0x0A0A,0x0A0A,0x0A0A,0x0A0A,0x0A0A,

	0x0A0A,0x181A,0x0A0A,0x0A0A,0x0A0A,0x0A0A,0x181A,0x0A18,
	0x0A0A,0x0A0A,0x1A0A,0x0A0A,0x0A0A,0x0A0A,0x0A0A,0x0A0A,
	0x0A0A,0x0A0A,0x0A0A,0x0A0A,0x0A0A,0x0A0A,0x0A0A,0x0A0A,
	0x0A0A,0x0A0A,0x0A0A,0x0A0A,0x0A0A,0x3232,0x3232,0x0A0A,
	0x0A0A,0x0A0A,0x0A0A,0x5C0A,0x0A0A,0x0A0A,0x0A0A,0x1A0A,
	0x0A0A,0x0A0A,0x0A0A,0x0A0A,0x0A0A,0x0A0A,0x0A0A,0x0A45,
	0x0A0A,0x0A0A,0x0A0A,0x4545,0x0A0A,0x0A0A,0x0A0A,0x0A45,
	0x0A0A,0x0A0A,0x4545,0x0A45,0x0A0A,0x0A0A,0x0A0A,0x9C3B,

	0x8484,0x8484,0x2525,0x845C,0x0A3B,0x8484,0x8484,0x8484,
	0x0A0A,0x0A45,0x4584,0x8484,0x4545,0x4545,0x4545,0x8545,
	0x4545,0x4545,0x450A,0x8545,0x450A,0x450A,0x4545,0xB585,
	0x4545,0x453B,0x0A45,0xB585,0x3B45,0x4510,0x4545,0x4545,
	0x8484,0x5C84,0x845C,0x845C,0x8484,0x8484,0x8484,0x0A84,
	0x8484,0x8484,0x4545,0x0A84,0x85B5,0x4545,0x4545,0x4545,
	0x85B5,0x0A45,0x4545,0x4545,0x85B5,0x4545,0x4545,0x0A45,
	0xB50A,0x4545,0x4545,0x4545,0x4545,0x0A45,0x4545,0x4545,

	0x5C5C,0x0A0A,0x0A0A,0x7777,0x0A0A,0x0A0A,0x0A0A,0x7777,
	0x0A0A,0x0A0A,0x0A0A,0x0A77,0x4545,0x0A45,0x0A0A,0x0A0A,
	0x4545,0x0A45,0x0A0A,0x0A0A,0x4545,0x4545,0x0A45,0x0A0A,
	0x4545,0x450A,0x0A45,0x0A0A,0x0A0A,0x0A45,0x0A0A,0x0A0A,
	0x7777,0x7777,0x2277,0x847E,0x2222,0x0A22,0x220A,0x847E,
	0xAAAA,0x0A0A,0x4C0A,0x847E,0x0AAA,0x0AAA,0x0A0A,0x0A0A,
	0x0A83,0xAAAA,0xAA0A,0x0A0A,0x8383,0x0A0A,0x0A0A,0x0AAA,
	0x8383,0x0A83,0x0A0A,0x0A0A,0x8383,0xBC83,0xBCBC,0xBCBC,

	0x5C5C,0x7E84,0x4884,0x4848,0x5C5C,0x7E84,0x0A84,0x8484,
	0x5C5C,0x7E84,0x0A84,0x221A,0x0A0A,0xAAAA,0x0A0A,0x0A0A,
	0xAAAA,0xAAAA,0xAAAA,0x0AAA,0x0AAA,0xAA0A,0xAAAA,0xAAAA,
	0x0A0A,0x0A0A,0xAAAA,0x0AAA,0xBCBC,0xBCBC,0xBCBC,0x7777,
	0x4848,0x7E7E,0x5C5C,0x845C,0x840A,0x7E7E,0x5C5C,0x845C,
	0x220A,0x0A7E,0x5C5C,0x845C,0xAA0A,0x0A0A,0x0A0A,0xAA0A,
	0xAAAA,0xAAAA,0xAAAA,0xAAAA,0xAA0A,0x0AAA,0x0A0A,0x0A0A,
	0x0A0A,0x0AAA,0x0A0A,0x0A0A,0x7777,0x7777,0x7777,0xBCBC,

	0x227E,0x7777,0x0A77,0x7777,0x227E,0x2222,0x0A0A,0x7777,
	0x4C7E,0x0A0A,0x0A0A,0x1A77,0x0A0A,0xAA0A,0xAAAA,0x1818,
	0x0AAA,0xAAAA,0xAAAA,0x0A1A,0x0A0A,0x54AA,0x8383,0x0A1A,
	0x0AAA,0x5454,0x8383,0x0A1A,0xBCBC,0xBCBC,0x831A,0x1A0A,
	0x1A1A,0x1A10,0x1045,0x1010,0x1A0A,0x1A1A,0x1A1A,0x101A,
	0x1A1A,0x0A1A,0x1A0A,0x1A1A,0x1A1A,0x0A0A,0x1A0A,0x0A1A,
	0x1A0A,0x0A0A,0x0A0A,0x0A0A,0x0A0A,0x1A0A,0x1A0A,0x1A0A,
	0x0A1A,0x0A0A,0x1A0A,0x1A0A,0x0A1A,0x0A0A,0x180A,0x0A0A,

	0x1010,0x1010,0x101A,0x1010,0x1010,0x1045,0x1010,0x1010,
	0x1A10,0x1A45,0x1010,0x100A,0x0A1A,0x1A1A,0x1A1A,0x1A1A,
	0x1A1A,0x1A1A,0x1A1A,0x1A1A,0x0A0A,0x0A0A,0x1A1A,0x0A1A,
	0x0A0A,0x0A0A,0x1A0A,0x0A1A,0x1A0A,0x0A0A,0x0A0A,0x3B3B,
	0x1010,0x1010,0x1A10,0x1A1A,0x101A,0x1A1A,0x1A1A,0x1A1A,
	0x1A1A,0x1A3B,0x1A1A,0x1A1A,0x1A1A,0x1A0A,0x1A0A,0x0A1A,
	0x1A1A,0x1A1A,0x1A0A,0x0A1A,0x0A0A,0x0A0A,0x0A0A,0x0A18,
	0x180A,0x0A0A,0x1A0A,0x1A18,0x1A1A,0x0A0A,0x0A1A,0x0A0A,

	0x1A1A,0x1A1A,0x1A1A,0x1A1A,0x1A1A,0x1A1A,0x1A1A,0x1A1A,
	0x1A0A,0x1A1A,0x0A1A,0x0A1A,0x0A0A,0x0A1A,0x0A0A,0x1A0A,
	0x0A0A,0x0A0A,0x0A0A,0x1A1A,0x3B1A,0x0A1A,0x0A1A,0x0A0A,
	0x0A3B,0x0A1A,0x1A1A,0x1A0A,0x0A0A,0x0A0A,0x0A0A,0x1A1A,
	0x1A1A,0x1A1A,0x1A1A,0x1A1A,0x1A1A,0x1A1A,0x1A1A,0x1A1A,
	0x1A1A,0x1A1A,0x1A1A,0x1A1A,0x1A1A,0x1A1A,0x1A1A,0x1A1A,
	0x0A1A,0x1A1A,0x1A1A,0x1A1A,0x0A0A,0x0A0A,0x1A1A,0x1A1A,
	0x0A0A,0x0A0A,0x0A1A,0x1A1A,0x0A0A,0x0A0A,0x1A0A,0x1A1A,

	0x1A1A,0x1A1A,0x1A1A,0x1A0A,0x1A1A,0x1A1A,0x1A1A,0x1A1A,
	0x1A1A,0x1A1A,0x1A1A,0x1A1A,0x1A1A,0x1A1A,0x1A1A,0x1A1A,
	0x1A1A,0x1A1A,0x1A1A,0x1A1A,0x1A1A,0x1A1A,0x1A1A,0x1A1A,
	0x0A0A,0x1A1A,0x1A1A,0x1A1A,0x1A0A,0x1A1A,0x1A1A,0x1A1A,
	0x0A0A,0x101A,0x4510,0x7B10,0x101A,0x1010,0x1010,0x7B10,
	0x1010,0x1010,0x1A10,0x7B10,0x1010,0x1010,0x1010,0x7B10,
	0x1010,0x1A10,0x1010,0x7B10,0x101A,0x1010,0x1010,0x1010,
	0x101A,0x1010,0x1A10,0x1A10,0x1A1A,0x1A1A,0x1A1A,0x1A1A,

	0x1010,0x1A10,0x451A,0x0A45,0x1010,0x1045,0x4545,0x1045,
	0x1010,0x0A10,0x45AF,0x1045,0x1010,0x9C10,0x0A45,0x1010,
	0x1010,0x1010,0x1010,0x1010,0x1010,0x101A,0x101A,0x101A,
	0x1A10,0x1A1A,0x1A1A,0x1A1A,0x1A1A,0x1A1A,0x1A1A,0x1A1A,
	0x1A1A,0x3B0A,0x450A,0x4545,0x1A1A,0x3B1A,0x1A1A,0x0A0A,
	0x1A10,0x0A0A,0x1A1A,0x0A0A,0x1010,0x1A1A,0x3B3B,0x1A0A,
	0x1A1A,0x0A1A,0x0A1A,0x1A0A,0x1A1A,0x0A0A,0x1A1A,0x320A,
	0x1A1A,0x3B0A,0x1A1A,0x320A,0x0A1A,0x1A1A,0x0A1A,0x0A0A,

	0x4545,0x4545,0x0A45,0x3B9C,0x0A45,0x450A,0x0A45,0x1A1A,
	0x0A0A,0x0A0A,0x0A0A,0x1A1A,0x1A1A,0x0A0A,0x0A0A,0x0A0A,
	0x0A1A,0x0A0A,0x0A0A,0x0A0A,0x320A,0x0A0A,0x0A0A,0xB60A,
	0x320A,0x320A,0x0A0A,0x0FB6,0x0A32,0x320A,0x0A0A,0x0A0A,
	0x0A1A,0x0A0A,0x1A1A,0x1A1A,0x0A1A,0x3B0A,0x5050,0x5050,
	0x0A0A,0x4C0A,0x5050,0x5050,0x0FB6,0x4C4C,0x5050,0x5050,
	0x0F0F,0x4C4C,0x5050,0x5050,0x0F0F,0x4C4C,0x4C4C,0x5050,
	0x0F0F,0x4CB6,0xB6B6,0x5050,0x471A,0x4747,0xB647,0xB6B6,

	0x1A1A,0x0A0A,0x1A1A,0x5006,0x5050,0x0A0A,0x1A1A,0x061A,
	0x5050,0x500A,0x1A1A,0x1A1A,0x1A50,0x1A1A,0x1A0A,0x1A1A,
	0x0A50,0x5050,0x1A1A,0x501A,0x5050,0x5050,0x5050,0x5050,
	0x5050,0x5050,0x0A50,0x5050,0x4747,0x5050,0x5050,0x3E0A,
	0x5050,0x5050,0x7706,0x1A1A,0xB61A,0xB6B6,0x1A06,0x1A1A,
	0x1A1A,0x1AB6,0x1A1A,0x1A1A,0x1A1A,0x1A1A,0x1A1A,0x1A1A,
	0x1A1A,0x1A1A,0x1A1A,0x1A50,0x5050,0x501A,0x5050,0x5050,
	0x5050,0x5050,0x5050,0x5050,0x5050,0x3E50,0x3E3E,0x3E0A,

	0x1A1A,0x101A,0x1010,0x1010,0x1A1A,0x101A,0x1A10,0x101A,
	0x1A1A,0x1A1A,0x1A10,0x101A,0x501A,0x1A1A,0x1A1A,0x1A1A,
	0x5050,0x1A1A,0x1A1A,0x1A1A,0x5050,0x7750,0x1A1A,0x1A1A,
	0x5050,0x773E,0x1A1A,0x1A1A,0x3E3E,0x0606,0x1A1A,0x1A1A,
	0x1A10,0x1010,0x1010,0x1010,0x1010,0x1010,0x1010,0x1010,
	0x1010,0x1010,0x1010,0x1010,0x1010,0x1010,0x1010,0x1010,
	0x1A10,0x1A10,0x1A10,0x1A1A,0x1A1A,0x1A1A,0x1A1A,0x1A1A,
	0x1A1A,0x1A1A,0x1A1A,0x1A1A,0x1A1A,0x1A1A,0x1A1A,0x1A1A,

	0x1010,0x1010,0x1010,0x1010,0x1010,0x1010,0x1010,0x1010,
	0x1010,0x1010,0x1010,0x1010,0x1A10,0x1010,0x1010,0x1010,
	0x1A1A,0x1A10,0x1010,0x101A,0x1A1A,0x1A1A,0x0A0A,0x1A1A,
	0x1A1A,0x1A1A,0x0A0A,0x1A1A,0x1A1A,0x1A1A,0x1A1A,0x1A1A,
	0x1010,0x1A10,0x1010,0x7110,0x1010,0x1010,0x1010,0x1010,
	0x1010,0x1010,0x101A,0x1010,0x101A,0x1A1A,0x1A1A,0x1A10,
	0x0A1A,0x1A1A,0x1A1A,0x1A1A,0x191A,0x1A1A,0x1A1A,0x1A1A,
	0x1A1A,0x1A1A,0x1A1A,0x1A1A,0x1A1A,0x1A1A,0x1A1A,0x1A1A,

	0xB9B9,0x1A10,0x1A1A,0x1A1A,0x1010,0x1010,0x1A1A,0x1A1A,
	0x1010,0x101A,0x1A1A,0x1A1A,0x101A,0x1A1A,0x1A1A,0x1A1A,
	0x1A1A,0x1A1A,0x1A1A,0x1A1A,0x1A1A,0x1A1A,0x1A1A,0x1A1A,
	0x1A1A,0x1A1A,0x1A1A,0x1A1A,0x1A1A,0x951A,0x1A1A,0x1A1A,
	0x1A1A,0x1A1A,0x1A0A,0x1A1A,0x1A1A,0x1A1A,0x1A1A,0x1A1A,
	0x1A1A,0x1A1A,0x1A1A,0x1A1A,0x1A1A,0x1A1A,0x1A1A,0x1A1A,
	0x1A1A,0x1A1A,0x1A1A,0x1A1A,0x1A1A,0x1A1A,0x1A1A,0x1A1A,
	0x1A1A,0x1A1A,0x1A1A,0x1A1A,0x1A1A,0x1A1A,0x1A1A,0x1A1A,

	0x1A1A,0x0A0A,0x3B3B,0x3B3B,0x1A1A,0x0A1A,0x1A1A,0x0A0A,
	0x1A1A,0x0A0A,0x0A0A,0x0A0A,0x1A1A,0x1A1A,0x0A0A,0x0A0A,
	0x0A0A,0x1A0A,0x0A0A,0x0A0A,0x0A1A,0x0A0A,0x0A0A,0x0A0A,
	0x0A1A,0x0A0A,0x0A0A,0x3B0A,0x0A0A,0x0A0A,0x3B3B,0x1A3B,
	0x0A0A,0x0A0A,0x0A0A,0x1A1A,0x0A0A,0x0A0A,0x1A0A,0x0A0A,
	0x0A0A,0x0A0A,0x0A0A,0x0A0A,0x0A0A,0x0A0A,0x6969,0x0A0A,
	0x0A0A,0x0A0A,0x6969,0x0A0A,0x0A0A,0x6969,0x0A0A,0x0A0A,
	0x0A0A,0x6969,0x0A0A,0x0A0A,0x0A0A,0x1A0A,0x0A0A,0x0A0A,

	0x1A0A,0x1010,0x4510,0x7B10,0x0A0A,0x1A1A,0x0A0A,0x4545,
	0x0A0A,0x0A0A,0x0A0A,0x100A,0x0A0A,0x0A0A,0x0A0A,0x0A0A,
	0x0A0A,0x1A1A,0x0A0A,0x0A0A,0x0A0A,0x0A1A,0x1A1A,0x0A0A,
	0x0A0A,0x0A0A,0x1A1A,0x0A0A,0x0A0A,0x0A0A,0x0A0A,0x0A0A,
	0x1010,0x1A10,0x1A1A,0x1A7B,0x1A1A,0x101A,0x101F,0x457B,
	0x1A1A,0x4510,0x4510,0x457B,0x1A1A,0x1A1A,0x1A45,0x1A10,
	0x1A1A,0x0A1A,0x1A0A,0x1A1A,0x1A0A,0x1A1A,0x1A0A,0x1A1A,
	0x1A0A,0x0A0A,0x1A0A,0x0A1A,0x0A0A,0x0A0A,0x0A0A,0x0A0A,

	0x1A1A,0x1A1A,0x1A1A,0x1A1A,0x1A1A,0x1A1A,0x1A1A,0x1A1A,
	0x1A1A,0x1A1A,0x1A1A,0x1A1A,0x1A1A,0x1A1A,0x1A1A,0x1A1A,
	0x1A1A,0x1A1A,0x1A1A,0x1A1A,0x1A1A,0x1A1A,0x1A1A,0x1A1A,
	0x1A1A,0x1A1A,0x1A1A,0x1A1A,0x1A1A,0x1A1A,0x1A1A,0x1A1A,
	0x1A1A,0x0A1A,0x0A0A,0x0A1A,0x1A1A,0x0A1A,0x0A0A,0x180A,
	0x1A1A,0x0A1A,0x0A0A,0x1A1A,0x1A1A,0x1A0A,0x0A1A,0x1A0A,
	0x1A1A,0x1A1A,0x0A1A,0x1A0A,0x1A1A,0x1A1A,0x1A1A,0x1A1A,
	0x1A1A,0x1A1A,0x1A1A,0x1A1A,0x1A1A,0x1A1A,0x1A1A,0x1A1A,

	0x180A,0x0A0A,0x0A0A,0x0A0A,0x180A,0x0A1A,0x0A0A,0x0A0A,
	0x0A0A,0x0A0A,0x0A0A,0x0A0A,0x0A0A,0x0A0A,0x0A0A,0x0A0A,
	0x0A0A,0x0A0A,0x0A0A,0x0A0A,0x0A0A,0x0A0A,0x0A0A,0x0A0A,
	0x0A1A,0x1A0A,0x0A0A,0x0A0A,0x1A1A,0x0A0A,0x0A0A,0x0A1A,
	0x0A0A,0x0A0A,0x0A0A,0x0A0A,0x0A0A,0x0A0A,0x0A0A,0x0A0A,
	0x0A0A,0x0A0A,0x0A0A,0x0A0A,0x0A0A,0x0A0A,0x0A0A,0x0A0A,
	0x0A0A,0x0A0A,0x0A0A,0x0A0A,0x0A0A,0x0A0A,0x0A0A,0x0A0A,
	0x0A0A,0x0A18,0x0A1A,0x0A0A,0x0A0A,0x181A,0x1A0A,0x0A0A,

	0x1A69,0x0A0A,0x3B3B,0x0A0A,0x0A0A,0x0A0A,0x1A0A,0x0A0A,
	0x0A0A,0x0A0A,0x1A0A,0x0A1A,0x0A0A,0x0A0A,0x0A0A,0x0A0A,
	0x0A0A,0x0A0A,0x0A0A,0x0A0A,0x0A0A,0x0A0A,0x0A0A,0x0A0A,
	0x0A0A,0x0A0A,0x0A0A,0x0A0A,0x0A0A,0x0A0A,0x0A0A,0x0A0A,
	0x0A0A,0x0A0A,0x0A0A,0x1A1A,0x0A0A,0x0A0A,0x1A0A,0x1A1A,
	0x0A0A,0x1A0A,0x0A0A,0x1A1A,0x0A0A,0x0A0A,0x0A1A,0x0A1A,
	0x0A0A,0x0A0A,0x0A0A,0x0A0A,0x0A0A,0x0A0A,0x540A,0x5454,
	0x0A0A,0x0A0A,0x5454,0x5454,0x0A18,0x0A0A,0x5454,0x5454,

	0x1A1A,0x0A0A,0x0A0A,0x0A0A,0x0A1A,0x0A0A,0x0A0A,0x1A0A,
	0x1A1A,0x0A0A,0x0A0A,0x1A0A,0x0A1A,0x0A0A,0x0A0A,0x0A0A,
	0x0A0A,0x0A0A,0x0A0A,0x0A0A,0x5454,0x0A0A,0x0A0A,0x0A0A,
	0x5454,0x0A54,0x0A0A,0x0A0A,0x5454,0x5454,0x0A0A,0x0A0A,
	0x0A0A,0x0A0A,0x0A0A,0x0A0A,0x0A1A,0x0A0A,0x0A0A,0x0A0A,
	0x0A0A,0x0A0A,0x0A0A,0x0A0A,0x0A0A,0x0A0A,0x0A0A,0x0A0A,
	0x0A0A,0x0A0A,0x0A0A,0x0A0A,0x0A0A,0x0A0A,0x0A0A,0x0A0A,
	0x0A0A,0x0A0A,0x0A0A,0x0A0A,0x0A0A,0x0A0A,0x0A0A,0x0A0A,

	0x0A0A,0x0A0A,0x0A0A,0x540A,0x0A0A,0x0A0A,0x0A0A,0x540A,
	0x0A0A,0x0A0A,0x0A0A,0x9F0A,0x0A0A,0x0A0A,0x0A0A,0x9F0A,
	0x0A0A,0x0A0A,0x0A0A,0x0A0A,0x0A0A,0x540A,0x5454,0x5454,
	0x0A0A,0x540A,0x5454,0x5454,0x0A0A,0x540A,0x5454,0x5454,
	0x5454,0x5454,0x5454,0x5454,0x5454,0x5454,0x5454,0x5454,
	0x5454,0x5454,0x5454,0x5454,0x540A,0x540A,0x5454,0x540A,
	0x580A,0x580A,0x0A58,0x580A,0x5454,0x0A54,0x5454,0x5454,
	0x5454,0x0A54,0x5454,0x5454,0x5454,0x0A54,0x5454,0x5454,

	0x0A54,0x5454,0x5454,0x5454,0x5454,0x5454,0x5454,0x5454,
	0x5454,0x5454,0x5454,0x5454,0x5454,0x549F,0x540A,0x0A54,
	0x5858,0x0A9F,0x540A,0x0A54,0x5454,0x5454,0x9F54,0x5454,
	0x5454,0x5454,0x9F54,0x5454,0x5454,0x5454,0x9F54,0x5454,
	0x5454,0x5458,0x5454,0x5454,0x5454,0x0A58,0x540A,0x5454,
	0x5454,0x0A0A,0x540A,0x5454,0x0A54,0x0A0A,0x580A,0x5458,
	0x0A0A,0x0A0A,0x580A,0x5858,0x5454,0x5454,0x5454,0x5454,
	0x5454,0x5454,0x5454,0x5454,0x5454,0x5454,0x5454,0x5454,

	0x5454,0x5454,0x0A54,0x0A0A,0x5454,0x5854,0x0A0A,0x0A0A,
	0x5454,0x580A,0x0A0A,0x0A0A,0x580A,0x0A0A,0x0A0A,0x0A0A,
	0x580A,0x0A0A,0x0A0A,0x0A0A,0x0A0A,0x0A0A,0x0A0A,0x0A0A,
	0x0A0A,0x0A0A,0x0A0A,0x0A0A,0x0A0A,0x460A,0x0A0A,0x0A0A,
	0x0A0A,0x0A0A,0x1A0A,0x1A1A,0x0A0A,0x0A0A,0x0A0A,0x0A0A,
	0x0A0A,0x0A0A,0x0A0A,0x0A0A,0x0A0A,0x1A0A,0x0A1A,0x0A1A,
	0x0A0A,0x1A0A,0x0A0A,0x0A1A,0x0A0A,0x0A0A,0x0A0A,0x0A0A,
	0x0A0A,0x0A0A,0x0A0A,0x0A0A,0x0A0A,0x0A0A,0x0A0A,0x1A0A,

	0x1A1A,0x0A1A,0x1A1A,0x1A1A,0x0A1A,0x0A0A,0x0A0A,0x1A1A,
	0x0A0A,0x0A0A,0x1A0A,0x1A1A,0x1A0A,0x0A0A,0x0A1A,0x1A1A,
	0x1A1A,0x0A1A,0x1A1A,0x1A1A,0x1A1A,0x0A1A,0x1A1A,0x1A1A,
	0x1A1A,0x1A1A,0x1A1A,0x1A1A,0x1A1A,0x1A1A,0x1A1A,0x0A1A,
	0x1A1A,0x1A1A,0x1A1A,0x1A1A,0x1A1A,0x1A1A,0x1A1A,0x1A1A,
	0x1A1A,0x1A1A,0x1A1A,0x1A1A,0x1A1A,0x1A1A,0x1A1A,0x1A1A,
	0x1A1A,0x1A1A,0x1A1A,0x1A1A,0x1A1A,0x1A1A,0x1A1A,0x1A1A,
	0x1A1A,0x1A1A,0x1A1A,0x1A1A,0x1A1A,0x1A1A,0x1A1A,0x1A1A,

	0x1A1A,0x1A1A,0x1A1A,0x1A1A,0x1A1A,0x1A1A,0x1A1A,0x1A1A,
	0x1A1A,0x1A1A,0x1A1A,0x1A1A,0x1A1A,0x1A1A,0x1A1A,0x1A1A,
	0x1A1A,0x1A1A,0x1A1A,0x1A1A,0x1A1A,0x1A1A,0x1A1A,0x1A1A,
	0x1A1A,0x1A1A,0x1A1A,0x1A1A,0x1A1A,0x1A1A,0x1A1A,0x1A1A,
	0x1A1A,0x1A1A,0x1A1A,0x1A1A,0x1A1A,0x1A1A,0x1A1A,0x1A1A,
	0x1A1A,0x1A1A,0x1A1A,0x1A1A,0x1A1A,0x1A1A,0x1A1A,0x1A1A,
	0x1A1A,0x1A1A,0x1A1A,0x1A1A,0x1A1A,0x1A1A,0x1A1A,0x1A1A,
	0x1A1A,0x1A1A,0x1A1A,0x1A1A,0x1A1A,0x1A1A,0x1A1A,0x1A1A,

	0x1A1A,0x1A1A,0x1A1A,0x0A1A,0x1A1A,0x1A1A,0x1A1A,0x1A1A,
	0x1A1A,0x1A1A,0x1A1A,0x1A1A,0x1A1A,0x1A1A,0x1A1A,0x1A1A,
	0x1A1A,0x1A1A,0x1A1A,0x1A1A,0x1A1A,0x1A1A,0x1A1A,0x1A1A,
	0x1A1A,0x1A1A,0x1A1A,0x1A1A,0x1A1A,0x1A1A,0x1A1A,0x1A1A,
	0x0A1A,0x1A1A,0x1A1A,0x1A1A,0x1A1A,0x0A0A,0x1A1A,0x0D1A,
	0x1A1A,0x1A0A,0x1A1A,0x0D0D,0x1A1A,0x1A1A,0x1A1A,0x190D,
	0x1A1A,0x1A1A,0x1A1A,0x1A1A,0x1A1A,0x1A1A,0x1A1A,0x1A1A,
	0x1A1A,0x1A1A,0x1A1A,0x1A1A,0x1A1A,0x1A1A,0x1A1A,0x1A1A,

	0x1A1A,0x191A,0x9519,0x1A1A,0x1A1A,0x1A1A,0x1A1A,0x1A95,
	0x1A1A,0x1A1A,0x1A1A,0x9595,0x1A95,0x1A1A,0x1A1A,0x9519,
	0x1919,0x1A1A,0x1A1A,0x1A1A,0x1A1A,0x1A1A,0x1A1A,0x1A1A,
	0x1A1A,0x1A1A,0x1A1A,0x1A1A,0x1A1A,0x1A1A,0x1A1A,0x1A1A,
	0x1A1A,0x3F3F,0x3F3F,0x9A3F,0x1A1A,0x3F1A,0x3F3F,0x9A3F,
	0x1A1A,0x191A,0x3F3F,0x9A3F,0x1A1A,0x1A1A,0x3F1A,0x9A3F,
	0x1A1A,0x1A1A,0x1A1A,0x9A3F,0x1A1A,0x1A1A,0x1A1A,0x791A,
	0x1A1A,0x1A1A,0x1A1A,0x991A,0x1A1A,0x1A1A,0x1A1A,0x4B4B,

	0x4B4B,0x4B4B,0x4B4B,0x4B4B,0x4B4B,0x4B4B,0x4B4B,0x4B4B,
	0x4B4B,0x4B4B,0x4B4B,0x4B4B,0x4B4B,0x4B4B,0x4B4B,0x4B4B,
	0x4B4B,0x4B4B,0x4B4B,0x4B4B,0x7979,0x7979,0x7979,0x7979,
	0x9999,0x9999,0x9999,0x9999,0x4B4B,0x4B4B,0x4B4B,0x4B4B,
	0x1A4B,0x1A1A,0x1A1A,0x1A1A,0x1A4B,0x1A1A,0x1A1A,0x1A1A,
	0x1A4B,0x1A1A,0x1A1A,0x1A1A,0x1A99,0x1A1A,0x1A1A,0x1A1A,
	0x1A99,0x1A1A,0x1A1A,0x1A1A,0x1A1A,0x1A1A,0x1A1A,0x1A1A,
	0x1A99,0x1A1A,0x1A1A,0x1A1A,0x4B4B,0x1A4B,0x1A1A,0x1A1A,

	0x1A1A,0x1A0A,0x1A1A,0x1A1A,0x0A1A,0x1A0A,0x0A1A,0x1A1A,
	0x0A1A,0x0A0A,0x0A0A,0x1A1A,0x1A1A,0x0A1A,0x1A0A,0x1A1A,
	0x1A1A,0x1A1A,0x1A0A,0x1A1A,0x1A1A,0x1A1A,0x1A1A,0x1A1A,
	0x1A1A,0x1A1A,0x1A1A,0x1A1A,0x1A1A,0x1A1A,0x1A1A,0x1A1A,
	0x1A1A,0x1A1A,0x1A1A,0x1A1A,0x1A1A,0x0D1A,0x190D,0x0D1A,
	0x1A1A,0x1A1A,0x1A19,0x1A1A,0x1A1A,0x1A1A,0x1A1A,0x1A1A,
	0x1A1A,0x1A1A,0x1A1A,0x1A1A,0x1A1A,0x1A1A,0x1A1A,0x1A1A,
	0x1A1A,0x1A1A,0x1A1A,0x1A1A,0x1A1A,0x1A1A,0x1A1A,0x1A1A,

	0x1A0D,0x1A1A,0x1A1A,0x1A1A,0x1A19,0x1A1A,0x1A1A,0x1A1A,
	0x1A1A,0x1A1A,0x1A1A,0x1A1A,0x1A1A,0x1A1A,0x1A1A,0x1A1A,
	0x1A1A,0x1A1A,0x1A1A,0x1A1A,0x1A1A,0x1A1A,0x1A1A,0x1A1A,
	0x1A1A,0x1A1A,0x1A1A,0x1A1A,0x1A1A,0x1A1A,0x1A1A,0x1A1A,
	0x1A1A,0x1A1A,0x1A1A,0x1A1A,0x1A1A,0x1A1A,0x1A1A,0x1A1A,
	0x1A1A,0x1A1A,0x1A1A,0x1A1A,0x1A1A,0x1A1A,0x1A1A,0x1A0A,
	0x1A1A,0x1A1A,0x1A1A,0x1A0A,0x1A1A,0x1A1A,0x1A1A,0x1A1A,
	0x1A1A,0x1A1A,0x1A1A,0x1A1A,0x1A1A,0x1A1A,0x1A1A,0x1A1A,

	0x1A1A,0x1A1A,0x1A0A,0x1A1A,0x1A1A,0x0A0A,0x1A0A,0x3B1A,
	0x1A1A,0x0A0A,0x1A0A,0x0A1A,0x1A1A,0x0A0A,0x0A0A,0x0A0A,
	0x1A1A,0x0A1A,0x0A1A,0x0A0A,0x1A1A,0x1A1A,0x0A0A,0x0A0A,
	0x1A1A,0x1A1A,0x0A0A,0x0A0A,0x0A0A,0x0A0A,0x0A0A,0x1A1A,
	0x0A1A,0x1A1A,0x1A1A,0x1A1A,0x0A0A,0x0A0A,0x0A0A,0x0A1A,
	0x0A0A,0x0A0A,0x0A0A,0x0A0A,0x1A1A,0x0A0A,0x0A0A,0x0A0A,
	0x0A1A,0x0A0A,0x0A0A,0x0A0A,0x0A0A,0x0A0A,0x0A0A,0x0A0A,
	0x0A0A,0x0A0A,0x0A0A,0x0A0A,0x0A0A,0x0A0A,0x0A0A,0x0A0A,

	0x0A1A,0x0A0A,0x0A0A,0x0A0A,0x0A0A,0x0A0A,0x1A0A,0x0A0A,
	0x0A0A,0x0A0A,0x1A0A,0x0A1A,0x0A0A,0x1A1A,0x1A1A,0x0A0A,
	0x0A0A,0x1A1A,0x1A1A,0x0A0A,0x0A0A,0x0A0A,0x0A0A,0x0A0A,
	0x0A0A,0x0A0A,0x0A0A,0x0A0A,0x460A,0x0A0A,0x0A0A,0x0A0A,
	0x0A0A,0x0A0A,0x0A0A,0x0A0A,0x0A0A,0x0A0A,0x0A0A,0x0A0A,
	0x0A0A,0x0A0A,0x0A0A,0x0A0A,0x0A0A,0x0A0A,0x0A0A,0x0A0A,
	0x0A0A,0x0A0A,0x0A0A,0x0A0A,0x0A0A,0x0A0A,0x0A0A,0x0A0A,
	0x0A0A,0x0A0A,0x0A0A,0x0A0A,0x0A0A,0x320A,0x320A,0x0A0A,

	0x0A0A,0x0A32,0x0A32,0x0A32,0x0A0A,0x0A0A,0x320A,0x0A0A,
	0x0A0A,0x0A0A,0x320A,0x0A0A,0x0A0A,0x0A0A,0x0A0A,0x0A0A,
	0x0A0A,0x0A0A,0x0A0A,0x0A0A,0x0A0A,0x0A0A,0x0A0A,0x0A0A,
	0x0A0A,0x0A0A,0x0A0A,0x0A0A,0x0A0A,0x0A0A,0x0A0A,0x0A0A,
	0x0A0A,0x0A0A,0x0A0A,0x101A,0x0A0A,0x0A0A,0x0A0A,0x0A0A,
	0x180A,0x0A0A,0x0A0A,0x0A0A,0x180A,0x3B3B,0x0A0A,0x0A0A,
	0x0A0A,0x1A3B,0x0A0A,0x0A0A,0x0A0A,0x0A0A,0x0A0A,0x0A0A,
	0x0A0A,0x0A0A,0x0A0A,0x0A0A,0x0A0A,0x0A0A,0x0A0A,0x0A0A,

	0x0A0A,0x450A,0x450A,0x4545,0x3B0A,0x0A0A,0x0A0A,0x0A0A,
	0x3B0A,0x0A0A,0x0A0A,0x0A0A,0x1A1A,0x0A0A,0x0A0A,0x0A0A,
	0x0A0A,0x0A0A,0x0A0A,0x0A0A,0x0A0A,0x0A0A,0x0A0A,0x0A0A,
	0x0A0A,0x0A0A,0x0A0A,0x0A0A,0x0A0A,0x0A0A,0x0A0A,0x0A0A,
	0x4545,0x4545,0x4545,0x450A,0x0A0A,0x450A,0x0A45,0x0A0A,
	0x0A0A,0x0A0A,0x0A0A,0x0A0A,0x0A0A,0x0A0A,0x0A0A,0x0A0A,
	0x0A0A,0x0A0A,0x0A0A,0x0A0A,0x0A0A,0x0A0A,0x0A0A,0x0A0A,
	0x0A0A,0x0A0A,0x0A0A,0x0A0A,0x0A0A,0x0A0A,0x0A0A,0x0A0A,

	0x0A0A,0x0A0A,0x0A0A,0x0A0A,0x0A0A,0x0A0A,0x0A0A,0x0A0A,
	0x0A0A,0x0A0A,0x0A0A,0x0A0A,0x0A0A,0x0A0A,0x0A0A,0x0A0A,
	0x0A0A,0x0A0A,0x0A0A,0x0A0A,0x0A0A,0x0A0A,0x0A0A,0x0A0A,
	0x0A0A,0x0A0A,0x0A0A,0x0A0A,0x0A0A,0x0A0A,0x0A0A,0x0A0A,
	0x0A83,0xBC83,0xBCBC,0xBCBC,0x0A0A,0x0A0A,0xBC0A,0x0A0A,
	0x0A0A,0x0A0A,0x0A0A,0x0A0A,0x0A0A,0x0A0A,0x0A0A,0x0A0A,
	0x0A0A,0x0A0A,0x0A0A,0x0A0A,0x0A0A,0x0A0A,0x0A0A,0x0A0A,
	0x0A0A,0x0A0A,0x0A0A,0x0A0A,0x0A0A,0x0A0A,0x0A0A,0x0A0A,

	0x0ABC,0xBCBC,0xBCBC,0x770A,0x0A0A,0x0A0A,0x0A0A,0x0A77,
	0x0A0A,0x0A0A,0x0A0A,0x0A0A,0x0A0A,0x0A0A,0x0A0A,0x0A0A,
	0x0A0A,0x0A0A,0x0A0A,0x0A0A,0x0A0A,0x0A0A,0x0A32,0x0A0A,
	0x0A0A,0x0A0A,0x0A32,0x320A,0x0A0A,0x320A,0x3232,0x3232,
	0x7777,0x7777,0x7777,0xBCBC,0x0A77,0x1A77,0x1A77,0x0A0A,
	0x0A0A,0x1A77,0x0A77,0x0A0A,0x0A0A,0x0A0A,0x0A0A,0x0A0A,
	0x0A0A,0x0A0A,0x0A0A,0x0A0A,0x0A0A,0x0A0A,0x0A0A,0x0A0A,
	0x0A0A,0x0A0A,0x0A0A,0x0A0A,0x0A0A,0x0A0A,0x0A0A,0x0A0A,

	0xBCBC,0xBCBC,0x181A,0x1A0A,0xBCBC,0x0A0A,0x0A83,0x0A0A,
	0x0A0A,0x0A0A,0x0A0A,0x0A0A,0x0A0A,0x0A0A,0x0A0A,0x0A0A,
	0x0A0A,0x0A0A,0x0A0A,0x0A0A,0x0A0A,0x0A0A,0x0A0A,0x0A0A,
	0x0A0A,0x0A0A,0x0A0A,0x0A0A,0x0A0A,0x0A0A,0x0A0A,0x0A0A,
	0x0A0A,0x0A0A,0x1A1A,0x0A0A,0x0A0A,0x1A0A,0x1A1A,0x0A0A,
	0x0A0A,0x0A0A,0x0A0A,0x0A0A,0x0A0A,0x0A0A,0x0A0A,0x0A0A,
	0x0A0A,0x0A0A,0x0A0A,0x0A0A,0x0A0A,0x0A0A,0x0A0A,0x0A0A,
	0x0A0A,0x0A0A,0x0A0A,0x0A0A,0x0A0A,0x0A0A,0x0A0A,0x0A0A,

	0x1A18,0x0A0A,0x0A0A,0x3B1A,0x1A1A,0x0A0A,0x0A0A,0x0A0A,
	0x0A0A,0x0A0A,0x0A0A,0x0A0A,0x0A0A,0x0A0A,0x0A0A,0x0A0A,
	0x0A0A,0x0A0A,0x0A0A,0x0A0A,0x0A0A,0x0A0A,0x0A0A,0x0A0A,
	0x0A0A,0x0A0A,0x0A0A,0x0A0A,0x690A,0x0A0A,0x0A0A,0x0A0A,
	0x0A0A,0x0A0A,0x3B1A,0x0A0A,0x0A0A,0x0A3B,0x3B3B,0x0A0A,
	0x0A0A,0x3B3B,0x1A3B,0x0A0A,0x0A0A,0x0A0A,0x0A0A,0x0A0A,
	0x0A0A,0x0A0A,0x0A0A,0x0A0A,0x0A0A,0x0A0A,0x0A0A,0x0A0A,
	0x0A0A,0x0A0A,0x0A0A,0x0A0A,0x0A0A,0x0A0A,0x0A0A,0x0A0A,

	0x0A0A,0x0A0A,0x0A3B,0x1A1A,0x0A1A,0x0A1A,0x0A0A,0x0A0A,
	0x0A0A,0x0A0A,0x0A0A,0x0A0A,0x0A0A,0x0A0A,0x0A0A,0x0A0A,
	0x0A0A,0x0A0A,0x0A0A,0x0A0A,0x0A0A,0x0A0A,0x0A0A,0x0A0A,
	0x0A0A,0x0A0A,0x0A0A,0x0A0A,0x0A0A,0x0A0A,0x0A0A,0x0A0A,
	0x0A0A,0x0A0A,0x0A0A,0x0A1A,0x0A0A,0x0A0A,0x0A1A,0x0A0A,
	0x0A0A,0x1A0A,0x0A1A,0x1A0A,0x0A0A,0x0A0A,0x0A0A,0x0A0A,
	0x0A0A,0x0A0A,0x0A0A,0x1A1A,0x0A0A,0x0A0A,0x0A0A,0x1A0A,
	0x0A0A,0x1A1A,0x0A0A,0x1A1A,0x0A0A,0x0A0A,0x1A1A,0x1A0A,

	0x0A0A,0x1A1A,0x1A1A,0x1A1A,0x0A1A,0x1A1A,0x1A1A,0x1A1A,
	0x1A1A,0x1A1A,0x1A1A,0x1A1A,0x1A1A,0x1A1A,0x1A1A,0x1A1A,
	0x1A1A,0x1A1A,0x1A1A,0x1A1A,0x1A1A,0x1A1A,0x1A1A,0x1A1A,
	0x1A1A,0x1A1A,0x1A1A,0x1A1A,0x1A1A,0x1A1A,0x1A1A,0x1A1A,
	0x1A1A,0x1A1A,0x1A1A,0x1A1A,0x1A1A,0x1A1A,0x1A1A,0x1A1A,
	0x1A1A,0x1A1A,0x1A1A,0x1A1A,0x1A1A,0x1A1A,0x1A1A,0x1A1A,
	0x1A1A,0x1A1A,0x1A1A,0x1A1A,0x1A1A,0x1A1A,0x1A1A,0x1A1A,
	0x1A1A,0x1A1A,0x1A1A,0x1A1A,0x1A1A,0x1A1A,0x1A1A,0x1A1A,

	0x1A1A,0x1A1A,0x1A1A,0x1A1A,0x1A1A,0x1A1A,0x1A1A,0x1A1A,
	0x1A1A,0x1A1A,0x1A1A,0x1A1A,0x1A1A,0x1A1A,0x1A1A,0x1A1A,
	0x1A1A,0x1A1A,0x1A1A,0x1A1A,0x1A1A,0x1A1A,0x1A1A,0x1A1A,
	0x1A1A,0x1A1A,0x1A1A,0x0A1A,0x1A1A,0x1A1A,0x1A1A,0x1A1A,
	0x0A1A,0x1A0A,0x1A1A,0x0A0A,0x0A1A,0x1A1A,0x1A1A,0x0A0A,
	0x1A1A,0x1A1A,0x0A1A,0x0A1A,0x1A1A,0x1A1A,0x1A1A,0x1A1A,
	0x1A1A,0x1A1A,0x1A1A,0x1A1A,0x0A0A,0x1A0A,0x1A1A,0x0A1A,
	0x0A0A,0x1A0A,0x1A1A,0x0A1A,0x0A0A,0x0A0A,0x1A1A,0x1A1A,

	0x0A32,0x0A0A,0x0A0A,0x0A0A,0x1A0A,0x0A1A,0x0A0A,0x0A0A,
	0x0A0A,0x0A1A,0x0A0A,0x0A0A,0x0A0A,0x0A1A,0x0A0A,0x1A1A,
	0x0A0A,0x0A1A,0x0A0A,0x0A1A,0x0A0A,0x0A0A,0x0A0A,0x0A0A,
	0x0A0A,0x0A0A,0x0A0A,0x0A0A,0x0A0A,0x0A0A,0x0A0A,0x0A0A,
	0x471A,0x471A,0x4747,0x47B6,0x0A0A,0x1A1A,0x4747,0x4747,
	0x0A0A,0x0A0A,0x4747,0x4747,0x1A1A,0x0A0A,0x0A1A,0x1A1A,
	0x1A1A,0x1A1A,0x1A1A,0x1A1A,0x0A0A,0x1A0A,0x1A1A,0x1A1A,
	0x0A0A,0x1A0A,0x1A1A,0x1A1A,0x0A0A,0x1A1A,0x1A1A,0x0A0A,

	0x4747,0x0606,0x0606,0x3E3E,0x0606,0x0606,0xA406,0xA4A4,
	0x0606,0x0606,0xA4A4,0xA4A4,0x1A06,0x1A77,0x771A,0x061A,
	0x1A77,0x1A1A,0x771A,0x061A,0x1A1A,0x1A1A,0x1A1A,0x1A1A,
	0x1A1A,0x1A1A,0x1A1A,0x1A1A,0x0A0A,0x0A0A,0x1A1A,0x1A1A,
	0x3E3E,0x3E3E,0x3E3E,0x3E3E,0x3E3E,0x3E3E,0x0F0F,0xB60F,
	0xA4A4,0x0F0F,0x0F0F,0xB6B6,0x0606,0xB6B6,0xB6B6,0x47B6,
	0x1A06,0xA406,0x47B6,0x4747,0x1A1A,0x1A1A,0x1A47,0x1A47,
	0x1A1A,0x1A1A,0x1A1A,0x1A1A,0x1A1A,0x1A1A,0x1A1A,0x1A1A,

	0x063E,0x0606,0x1A1A,0x1A1A,0xB6B6,0x1A06,0x1A1A,0x1A1A,
	0xB6B6,0x1A1A,0x1A1A,0x1A1A,0x1A47,0x1A47,0x1A1A,0x1A1A,
	0x1A47,0x1A47,0x1A1A,0x1A1A,0x1A1A,0x1A1A,0x1A1A,0x1A1A,
	0x1A1A,0x1A1A,0x1A1A,0x1A1A,0x1A1A,0x1A1A,0x1A1A,0x1A1A,
	0x1A1A,0x1A1A,0x1A1A,0x1A1A,0x1A1A,0x1A1A,0x1A1A,0x1A1A,
	0x1A1A,0x1A1A,0x1A1A,0x1A1A,0x1A1A,0x1A1A,0x1A1A,0x1A1A,
	0x1A1A,0x1A1A,0x1A1A,0x1A1A,0x1A1A,0x1A1A,0x1A1A,0x1A1A,
	0x1A1A,0x1A1A,0x1A1A,0x1A1A,0x1A1A,0x1A1A,0x1A1A,0x1A1A,

	0x1A1A,0x1A1A,0x1A1A,0x1A1A,0x1A1A,0x1A1A,0x1A1A,0x1A1A,
	0x1A1A,0x1A1A,0x1A1A,0x1A1A,0x1A1A,0x1A1A,0x1A1A,0x1A1A,
	0x1A1A,0x1A1A,0x1A1A,0x1A1A,0x1A1A,0x1A1A,0x1A1A,0x1A1A,
	0x1A1A,0x1A1A,0x1A1A,0x1A1A,0x1A1A,0x1A1A,0x1A1A,0x1A60,
	0x1A1A,0x1A1A,0x1A1A,0x1A1A,0x1A1A,0x1A1A,0x1A1A,0x1A1A,
	0x1A1A,0x1A1A,0x1A1A,0x1A1A,0x1A1A,0x1A1A,0x1A1A,0x1A1A,
	0x1A1A,0x1A1A,0x1A1A,0x1A1A,0x1A1A,0x1A1A,0x1A1A,0x1A1A,
	0x1A1A,0x1A1A,0x1A1A,0x1A1A,0x1A1A,0x1A1A,0x1A1A,0x0A1A,

	0x1A1A,0x9595,0x1A1A,0x1A1A,0x1A0D,0x1995,0x1A1A,0x1A1A,
	0x0D0D,0x1A1A,0x1A95,0x1A1A,0x1A1A,0x951A,0x1A19,0x1A1A,
	0x1A1A,0x1A1A,0x1A1A,0x1A1A,0x1A1A,0x1A1A,0x1A1A,0x1A1A,
	0x1A1A,0x0A1A,0x1A1A,0x1A1A,0x0A1A,0x1A1A,0x1A1A,0x1A1A,
	0x1A1A,0x1A1A,0x1A1A,0x1A1A,0x1A1A,0x1A1A,0x1A1A,0x1A1A,
	0x1A1A,0x1A1A,0x1A1A,0x181A,0x1A1A,0x1A1A,0x1A1A,0x1A1A,
	0x1A1A,0x1A1A,0x1A1A,0x1A1A,0x1A1A,0x1A1A,0x1A1A,0x1A1A,
	0x1A1A,0x1A1A,0x1A1A,0x1A1A,0x1A1A,0x1A1A,0x1A1A,0x1A1A,

	0x0A0A,0x1A0A,0x1A1A,0x0A0A,0x1A0A,0x0A0A,0x0A0A,0x0A3B,
	0x1A0A,0x0A0A,0x0A0A,0x3B3B,0x0A1A,0x1A0A,0x0A1A,0x3B1A,
	0x1A1A,0x0A0A,0x0A1A,0x0A0A,0x1A1A,0x1A1A,0x0A1A,0x0A0A,
	0x1A1A,0x1A1A,0x0A1A,0x0A0A,0x1A1A,0x1A1A,0x1A1A,0x1A1A,
	0x0A0A,0x0A0A,0x0A0A,0x0A0A,0x0A0A,0x0A0A,0x0A0A,0x1818,
	0x0A0A,0x0A0A,0x0A3B,0x1A18,0x0A0A,0x0A0A,0x3B1A,0x0A0A,
	0x0A0A,0x0A0A,0x0A0A,0x0A0A,0x0A0A,0x0A0A,0x0A0A,0x0A0A,
	0x0A1A,0x0A0A,0x0A0A,0x0A0A,0x0A0A,0x0A0A,0x0A0A,0x0A0A,

	0x0A0A,0x0A0A,0x0A0A,0x1A1A,0x0A0A,0x0A0A,0x0A0A,0x0A0A,
	0x0A0A,0x0A0A,0x0A0A,0x0A0A,0x0A0A,0x0A0A,0x0A0A,0x0A0A,
	0x0A0A,0x0A0A,0x0A0A,0x0A0A,0x0A0A,0x0A0A,0x0A0A,0x0A0A,
	0x0A0A,0x0A0A,0x0A0A,0x0A0A,0x0A0A,0x0A0A,0x0A0A,0x3B0A,
	0x0A0A,0x0A0A,0x3B3B,0x0A0A,0x0A0A,0x1A1A,0x1A3B,0x0A0A,
	0x0A0A,0x1A1A,0x0A0A,0x0A0A,0x0A0A,0x0A0A,0x0A0A,0x0A0A,
	0x0A0A,0x0A0A,0x0A0A,0x0A0A,0x0A0A,0x0A0A,0x0A0A,0x0A0A,
	0x3B0A,0x0A3B,0x0A0A,0x0A0A,0x3B0A,0x0A1A,0x0A0A,0x0A18,

	0x1A1A,0x1A1A,0x1A1A,0x1A1A,0x1A1A,0x1A1A,0x1A1A,0x1A1A,
	0x1A1A,0x1A1A,0x1A1A,0x1A1A,0x1A1A,0x1A1A,0x1A1A,0x1A1A,
	0x1A1A,0x1A1A,0x1A1A,0x1A1A,0x1A1A,0x1A1A,0x1A1A,0x1A1A,
	0x1A1A,0x1A1A,0x1A1A,0x1A1A,0x1A1A,0x0A1A,0x1A1A,0x1A1A,
	0x1A1A,0x1A1A,0x1A1A,0x1A1A,0x1A1A,0x1A1A,0x1A1A,0x0A1A,
	0x1A1A,0x1A1A,0x1A1A,0x1A0A,0x1A1A,0x1A1A,0x1A1A,0x1A1A,
	0x1A1A,0x1A1A,0x1A1A,0x1A1A,0x1A1A,0x1A1A,0x1A1A,0x1A1A,
	0x1A1A,0x1A1A,0x1A1A,0x1A1A,0x1A1A,0x1A1A,0x1A1A,0x1A1A,

	0x0A1A,0x0A0A,0x0A1A,0x0A1A,0x0A0A,0x0A0A,0x1A1A,0x1A1A,
	0x0A1A,0x0A1A,0x1A1A,0x1A1A,0x1A1A,0x1A1A,0x1A1A,0x1A1A,
	0x1A1A,0x1A1A,0x1A1A,0x1A0A,0x0A1A,0x1A1A,0x1A1A,0x1A1A,
	0x0A1A,0x1A1A,0x1A1A,0x1A1A,0x1A1A,0x1A1A,0x1A1A,0x1A1A,
	0x0A0A,0x0A0A,0x1818,0x0A0A,0x1A1A,0x0A1A,0x1A0A,0x0A0A,
	0x1A1A,0x0A1A,0x1A0A,0x0A1A,0x1A0A,0x0A1A,0x0A0A,0x1A1A,
	0x1A1A,0x0A0A,0x0A0A,0x1A1A,0x1A1A,0x0A1A,0x0A0A,0x0A0A,
	0x1A1A,0x1A1A,0x1A0A,0x0A1A,0x1A1A,0x1A1A,0x1A1A,0x0A0A,

	0x0A0A,0x0A0A,0x0A0A,0x0A0A,0x1A0A,0x0A0A,0x0A0A,0x0A18,
	0x0A0A,0x0A0A,0x0A0A,0x0A18,0x0A1A,0x0A0A,0x0A0A,0x0A0A,
	0x1A1A,0x0A0A,0x0A0A,0x0A0A,0x0A0A,0x0A0A,0x0A0A,0x0A0A,
	0x0A0A,0x0A0A,0x0A0A,0x0A0A,0x0A0A,0x0A0A,0x0A0A,0x0A0A,
	0x0A18,0x0A0A,0x5454,0x5454,0x1A1A,0x540A,0x5454,0x5454,
	0x0A0A,0x540A,0x540A,0x5454,0x0A0A,0x0A0A,0x0A0A,0x0A54,
	0x0A0A,0x0A0A,0x0A0A,0x0A58,0x0A0A,0x0A0A,0x0A0A,0x0A0A,
	0x0A0A,0x0A0A,0x0A0A,0x0A0A,0x0A0A,0x0A0A,0x3B3B,0x1818,

	0x5454,0x5454,0x0A0A,0x0A0A,0x5454,0x580A,0x5454,0x5454,
	0x0A54,0x580A,0x5454,0x5454,0x5454,0x0A0A,0x5454,0x5454,
	0x0A54,0x0A0A,0x5454,0x5454,0x5858,0x0A0A,0x5454,0x5454,
	0x0A0A,0x0A0A,0x5454,0x5454,0x0A0A,0x180A,0x5418,0x0A54,
	0x0A0A,0x0A0A,0x0A0A,0x0A0A,0x5454,0x5454,0x0A0A,0x0A0A,
	0x5454,0x5454,0x0A0A,0x0A0A,0x5454,0x5454,0x0A0A,0x0A0A,
	0x5454,0x5454,0x0A0A,0x0A0A,0x5454,0x5454,0x0A0A,0x0A0A,
	0x5454,0x5454,0x0A0A,0x0A0A,0x540A,0x540A,0x0A0A,0x0A0A,

	0x0A0A,0x540A,0x5454,0x5454,0x0A0A,0x540A,0x5454,0x5454,
	0x0A0A,0x5454,0x5454,0x5454,0x0A0A,0x5454,0x5454,0x5454,
	0x0A0A,0x5454,0x5454,0x5454,0x180A,0x5454,0x5454,0x5418,
	0x1A1A,0x5858,0x0A58,0x0A18,0x0A0A,0x0A0A,0x0A0A,0x0A0A,
	0x5454,0x0A54,0x5454,0x5454,0x5454,0x3254,0x5454,0x5454,
	0x5454,0x3254,0x5454,0x5454,0x5454,0x0A58,0x5454,0x5454,
	0x5454,0x0A0A,0x5454,0x5454,0x0A0A,0x320A,0x5454,0x5454,
	0x0A0A,0x320A,0x5454,0x3254,0x0A0A,0x320A,0x320A,0x0A0A,

	0x5454,0x5454,0x9F54,0x5454,0x5454,0x5454,0x9F54,0x5454,
	0x5454,0x5454,0x9F54,0x5454,0x5454,0x5454,0x9F54,0x5454,
	0x5454,0x5454,0x9F54,0x5454,0x5454,0x5454,0x9F54,0x5454,
	0x5454,0x5454,0x9F54,0x5454,0x580A,0x9F9F,0x9F54,0x540A,
	0x5454,0x5454,0x5454,0x5454,0x5454,0x5454,0x5454,0x5454,
	0x5454,0x5454,0x5454,0x5454,0x5454,0x5454,0x5454,0x5454,
	0x5454,0x5454,0x5454,0x5454,0x5454,0x5454,0x5454,0x5454,
	0x5454,0x5454,0x5454,0x5454,0x0A54,0x540A,0x5418,0x5454,

	0x0A0A,0x460A,0x180A,0x0A0A,0x4618,0x1846,0x0A46,0x0A0A,
	0x4646,0x1846,0x0A18,0x0A0A,0x0A0A,0x4618,0x0A0A,0x0A0A,
	0x0A0A,0x4618,0x0A1A,0x0A0A,0x0A0A,0x0A0A,0x0A0A,0x0A0A,
	0x0A0A,0x0A0A,0x0A0A,0x0A0A,0x181A,0x0A18,0x0A0A,0x0A0A,
	0x0A0A,0x0A0A,0x0A0A,0x1A0A,0x0A0A,0x0A0A,0x0A0A,0x0A0A,
	0x0A0A,0x0A0A,0x0A0A,0x0A0A,0x0A0A,0x0A0A,0x0A1A,0x0A0A,
	0x0A0A,0x0A0A,0x0A1A,0x0A1A,0x0A0A,0x0A0A,0x1A0A,0x0A0A,
	0x0A0A,0x0A0A,0x0A0A,0x0A3B,0x0A0A,0x0A0A,0x1A0A,0x0A3B,

	0x1A0A,0x1A0A,0x0A1A,0x0A1A,0x0A0A,0x0A0A,0x1A1A,0x1A1A,
	0x0A0A,0x0A1A,0x1A1A,0x1A1A,0x1A0A,0x1A1A,0x1A1A,0x1A1A,
	0x1A1A,0x1A1A,0x1A1A,0x1A1A,0x0A1A,0x1A1A,0x1A0A,0x1A1A,
	0x0A0A,0x0A1A,0x1A0A,0x1A1A,0x0A3B,0x0A0A,0x0A0A,0x0A1A,
	0x1A1A,0x1A1A,0x1A1A,0x1A1A,0x1A1A,0x1A1A,0x1A1A,0x1A1A,
	0x1A1A,0x1A1A,0x1A1A,0x1A1A,0x1A1A,0x1A1A,0x1A1A,0x1A1A,
	0x1A1A,0x1A1A,0x1A1A,0x1A1A,0x0A1A,0x1A1A,0x1A1A,0x1A1A,
	0x1A1A,0x1A1A,0x1A1A,0x1A1A,0x1A1A,0x1A1A,0x1A1A,0x1A1A,

	0x1A1A,0x1A1A,0x1A1A,0x1A1A,0x1A1A,0x1A1A,0x1A1A,0x1A1A,
	0x1A1A,0x1A1A,0x1A1A,0x1A1A,0x1A1A,0x1A1A,0x1A1A,0x1A1A,
	0x1A1A,0x1A1A,0x1A1A,0x1A1A,0x1A1A,0x1A1A,0x1A1A,0x1A1A,
	0x1A1A,0x1A1A,0x1A1A,0x1A1A,0x1A1A,0x181A,0x0A1A,0x1A1A,
	0x1A1A,0x1A1A,0x1A1A,0x1A1A,0x1A1A,0x1A1A,0x1A1A,0x1A1A,
	0x1A1A,0x1A1A,0x1A1A,0x1A1A,0x1A1A,0x1A1A,0x1A32,0x1A1A,
	0x1A1A,0x1A32,0x0A0A,0x1A1A,0x3B1A,0x0A3B,0x320A,0x321A,
	0x1A0A,0x0A0A,0x321A,0x320A,0x0A1A,0x0A0A,0x1A1A,0x1A1A,

	0x1A1A,0x1A1A,0x1A1A,0x1A1A,0x1A1A,0x1A1A,0x1A1A,0x1A1A,
	0x1A1A,0x1A1A,0x1A1A,0x1A1A,0x1A1A,0x1A1A,0x1A1A,0x1A1A,
	0x1A1A,0x1A1A,0x1A1A,0x1A1A,0x1A1A,0x1A1A,0x1A1A,0x1A1A,
	0x1A1A,0x1A1A,0x1A1A,0x1A1A,0x1A1A,0x1A1A,0x1A1A,0x1A1A,
	0x1A1A,0x1A1A,0x1A1A,0x1A1A,0x1A1A,0x1A1A,0x1A1A,0x1A1A,
	0x1A1A,0x1A1A,0x1A1A,0x1A1A,0x1A1A,0x1A1A,0x1A1A,0x1A1A,
	0x1A1A,0x1A1A,0x1A1A,0x1A1A,0x1A1A,0x1A1A,0x1A1A,0x1A1A,
	0x1A0A,0x1A1A,0x1A1A,0x1A1A,0x1A1A,0x1A1A,0x1A1A,0x1A1A,

	0x1A1A,0x1A1A,0x1A1A,0x1A1A,0x1A1A,0x1A1A,0x1A1A,0x1A1A,
	0x1A1A,0x1A1A,0x1A1A,0x1A1A,0x1A1A,0x1A1A,0x1A1A,0x1A1A,
	0x1A1A,0x1A1A,0x1A1A,0x1A1A,0x1A1A,0x1A1A,0x1A1A,0x1A1A,
	0x1A1A,0x1A1A,0x1A1A,0x1A1A,0x1A1A,0x1A1A,0x1A1A,0x1A1A,
	0x1A1A,0x1A1A,0x4B1A,0x4B4B,0x1A1A,0x1A1A,0x4B1A,0x4B4B,
	0x1A1A,0x1A1A,0x4B1A,0x4B4B,0x1A1A,0x1A1A,0x4B1A,0x4B4B,
	0x1A1A,0x1A1A,0x4B1A,0x4B4B,0x1A1A,0x1A1A,0x4B1A,0x4B4B,
	0x1A1A,0x1A1A,0x4B1A,0x4B4B,0x1A1A,0x1A1A,0x4B1A,0x4B4B,

	0x4B4B,0x4B4B,0x4B4B,0x4B4B,0x4B4B,0x4B4B,0x4B4B,0x4B4B,
	0x4B4B,0x4B4B,0x4B4B,0x4B4B,0x4B4B,0x4B4B,0x4B4B,0x4B4B,
	0x4B4B,0x4B4B,0x4B4B,0x4B4B,0x4B4B,0x4B4B,0x4B4B,0x4B4B,
	0x4B4B,0x4B4B,0x4B4B,0x4B4B,0x4B4B,0x4B4B,0x4B4B,0x4B4B,
	0x4B4B,0x4B4B,0x1A1A,0x1A1A,0x4B4B,0x4B4B,0x1A1A,0x1A1A,
	0x4B4B,0x4B4B,0x1A1A,0x1A1A,0x4B4B,0x4B4B,0x1A1A,0x1A1A,
	0x4B4B,0x4B4B,0x1A1A,0x1A1A,0x4B4B,0x4B4B,0x1A1A,0x1A1A,
	0x4B4B,0x4B4B,0x1A1A,0x1A1A,0x4B4B,0x4B4B,0x1A1A,0x1A1A,

	0x1A1A,0x1A1A,0x1A1A,0x1A1A,0x1A1A,0x1A1A,0x1A1A,0x1A1A,
	0x1A1A,0x1A1A,0x1A1A,0x1A1A,0x1A1A,0x1A1A,0x1A1A,0x1A1A,
	0x1A1A,0x1A1A,0x1A1A,0x1A1A,0x1A1A,0x1A1A,0x1A0A,0x0A1A,
	0x1A1A,0x1A1A,0x0A0A,0x0A46,0x1A1A,0x1A1A,0x1A1A,0x0A1A,
	0x1A1A,0x1A1A,0x1A1A,0x1A1A,0x1A1A,0x1A1A,0x1A1A,0x1A1A,
	0x1A1A,0x1A1A,0x1A1A,0x1A1A,0x1A1A,0x1A1A,0x1A1A,0x1A1A,
	0x1A1A,0x1A1A,0x1A1A,0x1A1A,0x1A0A,0x1A1A,0x1A1A,0x1A1A,
	0x1A0A,0x1A1A,0x1A1A,0x1A0A,0x0A0A,0x1A0A,0x1A1A,0x0A0A,

	0x1A1A,0x1A1A,0x1A1A,0x1A1A,0x1A1A,0x1A1A,0x1A1A,0x1A1A,
	0x1A1A,0x1A1A,0x1A1A,0x1A1A,0x1A1A,0x1A1A,0x1A1A,0x1A1A,
	0x1A1A,0x1A1A,0x1A1A,0x1A1A,0x1A1A,0x1A1A,0x1A1A,0x1A1A,
	0x1A1A,0x1A1A,0x1A1A,0x1A1A,0x0A1A,0x1A0A,0x1A1A,0x1A1A,
	0x1A1A,0x1A1A,0x1A1A,0x1A1A,0x0A1A,0x0A0A,0x0A0A,0x1A1A,
	0x1A1A,0x0A0A,0x1A0A,0x1A1A,0x1A1A,0x0A18,0x180A,0x0A1A,
	0x1A1A,0x0A18,0x1818,0x0A0A,0x1A0A,0x1A1A,0x0A0A,0x0A0A,
	0x1A1A,0x1A1A,0x0A1A,0x1A1A,0x1A1A,0x0A1A,0x0A1A,0x1A0A,

	0x0A1A,0x0A0A,0x0A0A,0x1A1A,0x0A0A,0x0A0A,0x0A0A,0x0A0A,
	0x1A1A,0x0A0A,0x0A0A,0x180A,0x0A1A,0x0A0A,0x0A0A,0x180A,
	0x0A0A,0x0A0A,0x0A0A,0x1A1A,0x1A0A,0x1A0A,0x1818,0x0A0A,
	0x1A0A,0x1A0A,0x1A1A,0x0A0A,0x1A1A,0x0A0A,0x0A0A,0x0A0A,
	0x0A0A,0x0A0A,0x0A0A,0x0A0A,0x0A0A,0x0A0A,0x1A0A,0x1A1A,
	0x0A0A,0x0A0A,0x1A0A,0x1A1A,0x0A0A,0x0A0A,0x0A0A,0x0A0A,
	0x0A0A,0x0A0A,0x0A0A,0x0A0A,0x0A0A,0x0A0A,0x0A0A,0x0A0A,
	0x0A0A,0x0A0A,0x0A0A,0x0A0A,0x0A0A,0x0A0A,0x0A0A,0x0A0A,

	0x1A0A,0x1A0A,0x0A0A,0x0A0A,0x0A1A,0x1846,0x0A0A,0x0A0A,
	0x0A0A,0x1846,0x1846,0x180A,0x0A0A,0x4646,0x4646,0x4646,
	0x0A0A,0x461A,0x0A46,0x4618,0x1A0A,0x0A1A,0x0A0A,0x1A0A,
	0x1A0A,0x1A1A,0x0A1A,0x1A0A,0x0A1A,0x0A0A,0x0A0A,0x0A1A,
	0x0A46,0x3232,0x3232,0x320A,0x0A0A,0x0A0A,0x0A0A,0x0A32,
	0x0A0A,0x0A0A,0x0A0A,0x0A0A,0x0A0A,0x0A0A,0x0A0A,0x0A0A,
	0x0A1A,0x0A1A,0x0A1A,0x0A0A,0x1A0A,0x1A1A,0x1A0A,0x0A0A,
	0x0A0A,0x0A1A,0x0A0A,0x0A0A,0x0A1A,0x0A0A,0x0A0A,0x0A0A,

	0x0A0A,0x0A0A,0x0A0A,0x0A0A,0x0A0A,0x0A0A,0x0A0A,0x0A0A,
	0x0A0A,0x0A0A,0x0A0A,0x0A0A,0x0A0A,0x0A0A,0x0A0A,0x0A0A,
	0x0A0A,0x0A0A,0x0A0A,0x0A0A,0x0A0A,0x3B0A,0x0A0A,0x0A0A,
	0x0A0A,0x3B0A,0x0A0A,0x0A0A,0x0A0A,0x1A1A,0x3B0A,0x0A0A,
	0x0A0A,0x0A0A,0x0A0A,0x0A0A,0x0A0A,0x0A0A,0x0A0A,0x0A0A,
	0x0A0A,0x0A0A,0x0A0A,0x0A0A,0x0A0A,0x0A0A,0x0A0A,0x0A0A,
	0x0A0A,0x0A0A,0x0A0A,0x0A0A,0x0A0A,0x0A0A,0x0A0A,0x0A0A,
	0x0A0A,0x0A0A,0x0A0A,0x0A0A,0x0A0A,0x0A0A,0x0A0A,0x0A0A,

	0x0A0A,0x0A0A,0x0A0A,0x0A0A,0x0A0A,0x0A0A,0x0A0A,0x0A0A,
	0x0A0A,0x0A0A,0x0A0A,0x0A0A,0x0A0A,0x0A0A,0x0A0A,0x0A0A,
	0x0A0A,0x0A0A,0x0A0A,0x0A0A,0x0A0A,0x0A0A,0x0A0A,0x0A0A,
	0x0A0A,0x0A0A,0x0A0A,0x0A0A,0x0A0A,0x0A0A,0x0A0A,0x0A0A,
	0x0A0A,0x0A0A,0x0A0A,0x1818,0x0A0A,0x0A0A,0x0A0A,0x1A1A,
	0x0A0A,0x0A0A,0x180A,0x0A18,0x0A0A,0x0A0A,0x1A0A,0x0A0A,
	0x0A0A,0x0A0A,0x0A0A,0x0A0A,0x0A0A,0x0A0A,0x0A0A,0x0A0A,
	0x0A0A,0x0A0A,0x0A0A,0x0A0A,0x0A0A,0x0A0A,0x0A0A,0x0A0A,

	0x0A0A,0x0A0A,0x0A0A,0x0A0A,0x0A0A,0x1818,0x0A0A,0x0A0A,
	0x0A0A,0x1818,0x0A0A,0x0A0A,0x0A18,0x0A0A,0x0A0A,0x0A0A,
	0x0A18,0x0A0A,0x0A0A,0x0A0A,0x0A0A,0x0A0A,0x0A0A,0x6969,
	0x0A0A,0x0A0A,0x0A0A,0x6969,0x0A0A,0x0A0A,0x0A0A,0x0A0A,
	0x0A0A,0x0A0A,0x0A0A,0x0A0A,0x0A0A,0x0A0A,0x0A0A,0x0A0A,
	0x0A0A,0x0A0A,0x0A0A,0x0A0A,0x0A0A,0x0A0A,0x0A0A,0x0A0A,
	0x0A69,0x0A0A,0x0A0A,0x0A0A,0x0A1A,0x0A0A,0x0A0A,0x0A0A,
	0x0A0A,0x0A0A,0x0A0A,0x0A0A,0x0A0A,0x0A0A,0x0A0A,0x0A0A,

	0x0A0A,0x320A,0x320A,0x3232,0x0A0A,0x0A0A,0x0A0A,0x0A32,
	0x0A18,0x0A18,0x0A0A,0x0A0A,0x181A,0x0A0A,0x0A0A,0x0A0A,
	0x0A0A,0x0A0A,0x0A0A,0x0A32,0x0A0A,0x0A0A,0x0A0A,0x320A,
	0x0A0A,0x0A0A,0x0A0A,0x0A0A,0x0A0A,0x0A0A,0x0A0A,0x0A0A,
	0x0A0A,0x0A0A,0x0A0A,0x0A32,0x0A0A,0x3232,0x3232,0x320A,
	0x0A0A,0x0A32,0x0A32,0x0A32,0x0A32,0x0A32,0x0A0A,0x0A0A,
	0x3232,0x3232,0x0A0A,0x0A0A,0x0A0A,0x0A0A,0x0A0A,0x0A0A,
	0x0A0A,0x0A0A,0x0A0A,0x0A0A,0x0A0A,0x0A0A,0x0A0A,0x0A0A,

	0x0A0A,0x0A0A,0x0A0A,0x0A0A,0x0A0A,0x0A0A,0x0A0A,0x0A0A,
	0x0A0A,0x0A0A,0x0A0A,0x0A0A,0x0A0A,0x0A0A,0x0A0A,0x0A0A,
	0x0A0A,0x0A0A,0x0A0A,0x0A0A,0x0A0A,0x0A0A,0x3B0A,0x0A0A,
	0x0A0A,0x0A0A,0x1A1A,0x3B0A,0x0A0A,0x0A0A,0x0A0A,0x0A0A,
	0x0A0A,0x0A0A,0x0A0A,0x0A0A,0x0A0A,0x0A0A,0x0A0A,0x0A0A,
	0x0A0A,0x0A0A,0x0A0A,0x0A0A,0x0A0A,0x0A0A,0x0A0A,0x0A0A,
	0x0A0A,0x0A0A,0x0A0A,0x0A0A,0x0A3B,0x0A0A,0x0A0A,0x0A0A,
	0x0A0A,0x0A0A,0x0A0A,0x0A0A,0x180A,0x3B0A,0x0A0A,0x0A0A,

	0x690A,0x0A0A,0x0A0A,0x0A0A,0x0A0A,0x0A0A,0x0A0A,0x1A0A,
	0x0A0A,0x0A0A,0x0A0A,0x1A1A,0x0A0A,0x0A0A,0x0A0A,0x0A0A,
	0x0A0A,0x0A0A,0x0A0A,0x0A0A,0x0A0A,0x0A0A,0x0A0A,0x0A0A,
	0x0A0A,0x0A0A,0x0A0A,0x0A0A,0x0A0A,0x0A0A,0x0A0A,0x0A0A,
	0x0A0A,0x0A0A,0x0A0A,0x0A0A,0x0A1A,0x0A1A,0x0A0A,0x1A0A,
	0x1A1A,0x1A1A,0x0A0A,0x0A0A,0x0A1A,0x0A0A,0x0A0A,0x0A0A,
	0x0A0A,0x0A0A,0x0A0A,0x0A0A,0x0A0A,0x0A0A,0x0A0A,0x0A0A,
	0x0A0A,0x3232,0x3232,0x0A0A,0x0A0A,0x0A0A,0x0A0A,0x0A0A,

	0x0A0A,0x0A0A,0x0A0A,0x0A0A,0x0A0A,0x0A0A,0x0A0A,0x0A0A,
	0x0A0A,0x460A,0x0A0A,0x0A0A,0x460A,0x460A,0x0A46,0x0A46,
	0x460A,0x460A,0x0A46,0x0A0A,0x0A0A,0x4646,0x4646,0x0A0A,
	0x0A0A,0x4646,0x4618,0x0A1A,0x0A0A,0x0A0A,0x0A0A,0x0A0A,
	0x0A0A,0x0A0A,0x1A1A,0x1A1A,0x0A0A,0x0A0A,0x1A0A,0x1A0A,
	0x0A0A,0x0A0A,0x0A0A,0x1A0A,0x0A0A,0x0A0A,0x0A0A,0x0A0A,
	0x0A0A,0x0A0A,0x0A0A,0x0A0A,0x0A0A,0x0A0A,0x0A0A,0x0A0A,
	0x0A0A,0x0A0A,0x0A0A,0x0A0A,0x1A0A,0x0A0A,0x0A0A,0x1A0A,

	0x1A1A,0x1A1A,0x1A1A,0x1A1A,0x1A1A,0x1A0A,0x1A0A,0x1A1A,
	0x1A0A,0x0A0A,0x1A1A,0x1A1A,0x1A0A,0x1A0A,0x0A0A,0x1A1A,
	0x1A0A,0x1A1A,0x1A1A,0x1A1A,0x1A1A,0x1A1A,0x1A1A,0x1A1A,
	0x0A0A,0x1A1A,0x1A1A,0x1A1A,0x1A0A,0x1A0A,0x1A18,0x1A1A,
	0x1A1A,0x1A1A,0x1A1A,0x1A1A,0x1A1A,0x1A1A,0x1A1A,0x1A1A,
	0x1A1A,0x1A1A,0x1A1A,0x1A1A,0x1A1A,0x1A1A,0x1A1A,0x1A1A,
	0x1A1A,0x1A1A,0x1A1A,0x1A1A,0x1A1A,0x1A1A,0x1A1A,0x1A1A,
	0x1A1A,0x1A1A,0x1A1A,0x1A1A,0x0A18,0x1A0A,0x1A1A,0x1A1A,

	0x1A1A,0x1A1A,0x1A1A,0x0A0A,0x1A1A,0x1A1A,0x1A1A,0x1A1A,
	0x1A1A,0x1A1A,0x1A1A,0x1A1A,0x1A1A,0x1A1A,0x1A1A,0x1A1A,
	0x1A1A,0x1A1A,0x1A1A,0x1A1A,0x1A1A,0x0A0A,0x1A1A,0x1A1A,
	0x1A1A,0x0A0A,0x1A1A,0x461A,0x1A1A,0x0A0A,0x1A0A,0x4618,
	0x0A0A,0x0A0A,0x1A1A,0x0A0A,0x3B1A,0x0A1A,0x0A0A,0x0A0A,
	0x0A1A,0x1A1A,0x0A0A,0x0A0A,0x1A1A,0x1A1A,0x0A0A,0x1818,
	0x1A1A,0x1A1A,0x0A1A,0x1A1A,0x1A1A,0x1A1A,0x0A0A,0x0A0A,
	0x1A1A,0x1A1A,0x0A1A,0x0A0A,0x1A0A,0x1A0A,0x0A0A,0x0A0A,

	0x0A0A,0x0A0A,0x0A0A,0x0A0A,0x0A0A,0x0A3B,0x0A0A,0x0A0A,
	0x1A0A,0x0A3B,0x0A0A,0x0A0A,0x1A1A,0x0A0A,0x0A0A,0x0A0A,
	0x1A1A,0x0A0A,0x0A0A,0x1A0A,0x0A0A,0x0A0A,0x0A0A,0x1818,
	0x0A0A,0x0A0A,0x0A46,0x1A1A,0x0A0A,0x0A0A,0x0A0A,0x0A0A,
	0x0A0A,0x1A0A,0x1A0A,0x0A0A,0x0A0A,0x0A0A,0x1A0A,0x1A0A,
	0x0A0A,0x0A0A,0x1A0A,0x1A1A,0x181A,0x0A0A,0x1A1A,0x1A1A,
	0x181A,0x0A0A,0x0A0A,0x1A1A,0x1A0A,0x0A0A,0x1A1A,0x1A1A,
	0x0A1A,0x180A,0x1A0A,0x1A1A,0x0A0A,0x0A0A,0x0A0A,0x0A0A,

	0x0A0A,0x1A1A,0x1A1A,0x1A1A,0x1A0A,0x1A0A,0x1A1A,0x1A1A,
	0x1A1A,0x1A1A,0x1A1A,0x1A1A,0x1A1A,0x1A1A,0x1A1A,0x1A1A,
	0x1A1A,0x1A1A,0x1A1A,0x1A1A,0x690A,0x1A1A,0x1A1A,0x1A1A,
	0x1A0A,0x1A1A,0x1A1A,0x1A1A,0x0A0A,0x1A1A,0x1A1A,0x0A0A,
	0x1A1A,0x1A1A,0x1A1A,0x1A1A,0x1A1A,0x1A1A,0x1A1A,0x1A1A,
	0x1A1A,0x1A1A,0x1A1A,0x1A1A,0x1A1A,0x1A1A,0x1A1A,0x1A1A,
	0x1A1A,0x1A1A,0x1A1A,0x1A1A,0x0A0A,0x1A1A,0x1A1A,0x1A1A,
	0x0A1A,0x1A1A,0x1A1A,0x1A1A,0x0A0A,0x1A1A,0x1A1A,0x1A1A,

	0x1A1A,0x1A1A,0x1A1A,0x1A1A,0x1A1A,0x1A1A,0x1A1A,0x1A1A,
	0x1A1A,0x1A1A,0x1A1A,0x1A1A,0x1A1A,0x1A1A,0x1A1A,0x1A1A,
	0x1A1A,0x1A1A,0x1A1A,0x1A1A,0x1A1A,0x1A1A,0x1A1A,0x1A1A,
	0x1A1A,0x1A1A,0x1A1A,0x1A1A,0x1A1A,0x1A1A,0x1A1A,0x1A1A,
	0x1A1A,0x1A1A,0x1A1A,0x1A1A,0x1A1A,0x1A1A,0x1A1A,0x1A1A,
	0x1A1A,0x1A1A,0x1A1A,0x1A1A,0x1A1A,0x1A1A,0x1A1A,0x1A1A,
	0x1A1A,0x1A1A,0x1A1A,0x1A1A,0x1A1A,0x1A1A,0x1A1A,0x1A1A,
	0x1A1A,0x1A1A,0x1A1A,0x1A1A,0x1A1A,0x1A1A,0x1A1A,0x1A1A,

	0x1A1A,0x1A1A,0x1A1A,0x1A60,0x1A1A,0x1A1A,0x1A60,0x1A60,
	0x1A1A,0x1A1A,0x601A,0x601A,0x1A1A,0x601A,0x1A1A,0x600D,
	0x1A1A,0x601A,0x0D1A,0x600D,0x1A1A,0x1A1A,0x6060,0x0D1A,
	0x1A1A,0x1A1A,0x6060,0x1A1A,0x1A1A,0x191A,0x6019,0x1A1A,
	0x1A1A,0x1A1A,0x1A60,0x0A1A,0x1A1A,0x601A,0x1A1A,0x1A1A,
	0x601A,0x600D,0x1A1A,0x1A1A,0x600D,0x1A60,0x0A1A,0x0A1A,
	0x600D,0x1A60,0x1A1A,0x1A0A,0x6060,0x1919,0x0A0A,0x1A1A,
	0x1A60,0x1A19,0x0A1A,0x0A1A,0x0A1A,0x1A1A,0x1A1A,0x1A0A,

	0x0A1A,0x0A1A,0x1A1A,0x1A1A,0x1A1A,0x1A0A,0x1A1A,0x1A1A,
	0x1A1A,0x1A1A,0x1A1A,0x1A1A,0x1A1A,0x1A1A,0x1A1A,0x1A1A,
	0x1A0A,0x1A1A,0x1A1A,0x1A1A,0x1A1A,0x1A0A,0x1A1A,0x1A1A,
	0x0A1A,0x1A1A,0x1A1A,0x1A1A,0x1A0A,0x1A0A,0x1A1A,0x1A1A,
	0x1A1A,0x1A1A,0x1A1A,0x1A1A,0x1A1A,0x1A1A,0x1A1A,0x1A1A,
	0x1A1A,0x1A1A,0x1A1A,0x1A1A,0x1A1A,0x1A1A,0x1A1A,0x1A1A,
	0x1A1A,0x1A1A,0x1A1A,0x1A1A,0x1A1A,0x1A1A,0x1A1A,0x1A1A,
	0x1A1A,0x1A1A,0x1A1A,0x1A1A,0x1A1A,0x1A1A,0x1A1A,0x1A1A,

	0x1A1A,0x1A1A,0x1A1A,0x1A0A,0x1A1A,0x1A1A,0x0A0A,0x0A0A,
	0x1A1A,0x1A1A,0x0A1A,0x0A0A,0x1A1A,0x1A1A,0x1A1A,0x0A1A,
	0x1A1A,0x1A1A,0x1A1A,0x1A1A,0x1A1A,0x1A1A,0x1A1A,0x1A1A,
	0x1A1A,0x1A1A,0x1A1A,0x1A1A,0x1A1A,0x1A1A,0x1A1A,0x1A1A,
	0x1A0A,0x0A1A,0x0A0A,0x0A0A,0x1A0A,0x1A1A,0x691A,0x0A69,
	0x1A0A,0x1A1A,0x1A1A,0x0A1A,0x1A1A,0x1A1A,0x1A1A,0x0A0A,
	0x1A1A,0x1A1A,0x0A1A,0x1A0A,0x1A1A,0x1A1A,0x1A1A,0x1A1A,
	0x0A1A,0x1A1A,0x1A1A,0x1A1A,0x1A1A,0x1A1A,0x1A0A,0x0A1A,

	0x1A0A,0x0A0A,0x0A0A,0x1A1A,0x1A1A,0x0A1A,0x0A0A,0x0A0A,
	0x1A0A,0x0A1A,0x0A0A,0x0A0A,0x0A0A,0x0A3B,0x0A0A,0x0A0A,
	0x0A0A,0x0A3B,0x0A0A,0x0A0A,0x1A1A,0x1A1A,0x0A0A,0x0A1A,
	0x0A3B,0x0A0A,0x0A0A,0x0A1A,0x0A0A,0x1A1A,0x0A1A,0x1A0A,
	0x0A0A,0x0A0A,0x0A0A,0x1A1A,0x0A0A,0x0A0A,0x0A0A,0x0A0A,
	0x0A0A,0x0A0A,0x0A0A,0x0A0A,0x0A0A,0x180A,0x0A0A,0x0A0A,
	0x0A0A,0x180A,0x0A0A,0x0A0A,0x1A0A,0x0A0A,0x0A0A,0x0A0A,
	0x1A1A,0x0A0A,0x0A3B,0x0A0A,0x0A0A,0x0A0A,0x3B3B,0x0A0A,

	0x1A1A,0x1A1A,0x1A1A,0x1A1A,0x1A1A,0x1A1A,0x1A1A,0x1A1A,
	0x0A0A,0x1A1A,0x1A1A,0x1A1A,0x1A0A,0x1A1A,0x1A0A,0x1A1A,
	0x0A0A,0x1A0A,0x1A0A,0x1A1A,0x0A0A,0x1A0A,0x0A0A,0x0A0A,
	0x0A0A,0x0A0A,0x0A0A,0x1A1A,0x0A0A,0x0A0A,0x1A0A,0x1A1A,
	0x1A1A,0x1A1A,0x1A1A,0x1A1A,0x1A1A,0x1A1A,0x1A1A,0x1A1A,
	0x1A1A,0x1A1A,0x1A1A,0x1A1A,0x1A1A,0x1A1A,0x1A1A,0x1A1A,
	0x1A1A,0x1A0A,0x1A1A,0x1A1A,0x1A0A,0x1A1A,0x1A1A,0x1A1A,
	0x1A1A,0x1A1A,0x1A1A,0x1A1A,0x1A1A,0x1A1A,0x1A1A,0x1A1A,

	0x1A1A,0x1A1A,0x1A1A,0x1A1A,0x1A1A,0x1A1A,0x1A1A,0x1A1A,
	0x1A1A,0x1A1A,0x1A1A,0x1A1A,0x1A1A,0x1A1A,0x1A1A,0x1A1A,
	0x1A1A,0x1A1A,0x1A1A,0x1A1A,0x1A1A,0x1A1A,0x1A1A,0x1A1A,
	0x1A1A,0x1A1A,0x1A1A,0x1A1A,0x1A1A,0x1A1A,0x1A1A,0x1A1A,
	0x1A1A,0x1A1A,0x1A0A,0x0A0A,0x1A1A,0x0A1A,0x1818,0x1A1A,
	0x1A1A,0x1A1A,0x180A,0x0A1A,0x0A1A,0x0A0A,0x0A1A,0x1A1A,
	0x0A1A,0x0A1A,0x1A1A,0x1A1A,0x1A1A,0x1A1A,0x1A1A,0x1A1A,
	0x1A1A,0x1A1A,0x1A1A,0x1A1A,0x1A1A,0x1A1A,0x1A1A,0x1A1A,

	0x1A0A,0x0A0A,0x0A0A,0x0A0A,0x1A1A,0x0A1A,0x0A1A,0x0A0A,
	0x1A1A,0x0A1A,0x0A0A,0x0A0A,0x1A1A,0x0A0A,0x0A1A,0x0A1A,
	0x1A1A,0x1A1A,0x0A1A,0x0A1A,0x181A,0x1A0A,0x0A0A,0x0A0A,
	0x0A1A,0x1A1A,0x0A1A,0x1A0A,0x1A1A,0x1A1A,0x1A1A,0x0A0A,
	0x0A0A,0x0A0A,0x3B0A,0x181A,0x0A0A,0x0A0A,0x0A0A,0x540A,
	0x0A0A,0x0A0A,0x0A0A,0x540A,0x0A0A,0x0A0A,0x0A0A,0x540A,
	0x0A0A,0x0A0A,0x0A0A,0x540A,0x0A0A,0x0A0A,0x0A0A,0x540A,
	0x0A0A,0x0A0A,0x0A0A,0x540A,0x0A0A,0x0A0A,0x0A0A,0x540A,

	0x0A0A,0x1818,0x581A,0x3B58,0x5454,0x0A0A,0x0A0A,0x1A1A,
	0x5454,0x5454,0x5454,0x5454,0x5454,0x5454,0x5454,0x5454,
	0x5454,0x5454,0x5454,0x5454,0x5454,0x5454,0x5454,0x5454,
	0x5454,0x5454,0x5454,0x5454,0x5454,0x5454,0x5454,0x540A,
	0x580A,0x580A,0x0A0A,0x0A0A,0x0A0A,0x5454,0x5454,0x5454,
	0x0A0A,0x5454,0x5454,0x5454,0x0A54,0x5454,0x5454,0x5454,
	0x0A54,0x5454,0x5454,0x5454,0x0A54,0x5454,0x5454,0x5454,
	0x0A54,0x5454,0x5454,0x5454,0x0A54,0x5454,0x5454,0x5454,

	0x0A0A,0x0A0A,0x0A0A,0x0A0A,0x5454,0x5454,0x5454,0x5454,
	0x5454,0x5454,0x5454,0x5454,0x5454,0x5454,0x5454,0x5454,
	0x5454,0x5454,0x5454,0x5454,0x5454,0x5454,0x5454,0x5454,
	0x5454,0x5454,0x5454,0x5454,0x5454,0x5454,0x5454,0x5454,
	0x0A0A,0x0A32,0x580A,0x5454,0x0A54,0x0A32,0x320A,0x5454,
	0x0A54,0x0A0A,0x0A0A,0x5454,0x0A54,0x0A0A,0x0A0A,0x5454,
	0x0A54,0x0A0A,0x0A0A,0x5454,0x0A54,0x0A0A,0x0A0A,0x5454,
	0x3254,0x0A0A,0x0A0A,0x5454,0x0A54,0x0A0A,0x0A0A,0x5454,

	0x5454,0x5454,0x5454,0x0A0A,0x5454,0x5454,0x5454,0x5454,
	0x5454,0x5454,0x5454,0x5454,0x5454,0x5454,0x5454,0x5454,
	0x5454,0x5454,0x5454,0x5454,0x5454,0x5454,0x5454,0x5454,
	0x5454,0x5454,0x5454,0x5454,0x5454,0x5454,0x5454,0x5854,
	0x0A0A,0x580A,0x5818,0x5858,0x0A54,0x0A0A,0x0A0A,0x0A0A,
	0x0A54,0x0A0A,0x0A0A,0x5454,0x0A54,0x0A32,0x0A0A,0x5458,
	0x0A54,0x0A32,0x0A32,0x0A58,0x0A54,0x320A,0x0A32,0x0A0A,
	0x0A54,0x320A,0x0A0A,0x0A0A,0x0A58,0x0A0A,0x0A0A,0x0A0A,

	0x1A0A,0x0A0A,0x5454,0x0A0A,0x5454,0x5454,0x5454,0x0A54,
	0x5454,0x5454,0x5454,0x5454,0x5454,0x5454,0x5454,0x5454,
	0x5454,0x5454,0x5454,0x5454,0x0A54,0x5454,0x5454,0x5454,
	0x540A,0x5454,0x5454,0x5454,0x5458,0x5454,0x0A54,0x580A,
	0x0A0A,0x0A0A,0x0A0A,0x0A0A,0x0A0A,0x0A0A,0x0A0A,0x0A0A,
	0x0A0A,0x0A0A,0x0A0A,0x0A0A,0x320A,0x0A0A,0x0A0A,0x1818,
	0x0A0A,0x3B0A,0x0A0A,0x0A18,0x0A54,0x1A0A,0x0A3B,0x0A0A,
	0x0A54,0x0A0A,0x0A0A,0x0A0A,0x0A58,0x0A0A,0x0A0A,0x0A0A,

	0x1A1A,0x0A0A,0x0A0A,0x0A0A,0x0A0A,0x0A1A,0x0A1A,0x0A0A,
	0x1A0A,0x1A1A,0x1A1A,0x0A0A,0x0A0A,0x1A1A,0x3B1A,0x0A0A,
	0x0A0A,0x0A1A,0x3B0A,0x0A1A,0x0A0A,0x0A3B,0x0A0A,0x0A0A,
	0x0A0A,0x0A3B,0x0A0A,0x0A0A,0x0A3B,0x1A1A,0x0A0A,0x0A0A,
	0x1A1A,0x1A1A,0x1A1A,0x1A1A,0x1A1A,0x1A1A,0x1A1A,0x1A1A,
	0x1A0A,0x1A1A,0x1A1A,0x1A0A,0x1A0A,0x0A0A,0x0A1A,0x0A0A,
	0x0A0A,0x0A0A,0x0A0A,0x0A0A,0x3B0A,0x3B0A,0x0A1A,0x1A1A,
	0x1A1A,0x1A1A,0x1A0A,0x0A1A,0x0A0A,0x0A0A,0x0A0A,0x0A0A,

	0x181A,0x1A1A,0x1A0A,0x0A1A,0x1A1A,0x0A0A,0x3B0A,0x0A1A,
	0x1A1A,0x0A0A,0x0A0A,0x0A3B,0x0A0A,0x1A0A,0x0A1A,0x0A0A,
	0x0A0A,0x1A0A,0x0A0A,0x0A0A,0x0A0A,0x0A0A,0x0A0A,0x0A0A,
	0x0A0A,0x0A0A,0x0A0A,0x0A0A,0x0A0A,0x0A0A,0x0A0A,0x0A0A,
	0x0A1A,0x1A1A,0x1A1A,0x1A1A,0x1A1A,0x3B3B,0x0A0A,0x0A1A,
	0x3B1A,0x0A3B,0x0A1A,0x0A0A,0x0A0A,0x0A0A,0x0A0A,0x0A0A,
	0x0A0A,0x0A0A,0x0A0A,0x0A0A,0x0A0A,0x0A0A,0x320A,0x0A0A,
	0x0A0A,0x0A0A,0x320A,0x0A0A,0x0A0A,0x0A0A,0x0A32,0x320A,

	0x1A1A,0x1A1A,0x1A1A,0x1A1A,0x1A0A,0x1A1A,0x1A0A,0x1A1A,
	0x1A1A,0x1A1A,0x1A0A,0x1A0A,0x0A0A,0x0A0A,0x0A0A,0x1A1A,
	0x0A0A,0x1A1A,0x0A0A,0x1A0A,0x1A1A,0x0A0A,0x0A0A,0x0A0A,
	0x1A1A,0x0A0A,0x0A0A,0x0A0A,0x0A0A,0x0A0A,0x0A0A,0x0A0A,
	0x1A1A,0x1A1A,0x1A1A,0x1A1A,0x1A1A,0x1A1A,0x1A1A,0x1A1A,
	0x1A1A,0x1A1A,0x1A1A,0x1A1A,0x1A1A,0x1A1A,0x1A1A,0x1A1A,
	0x1A1A,0x0A1A,0x1A1A,0x1A1A,0x0A1A,0x320A,0x1A32,0x1A1A,
	0x0A0A,0x320A,0x1A1A,0x1A1A,0x1A0A,0x0A1A,0x1A1A,0x1A1A,

	0x1A1A,0x1A1A,0x1A1A,0x1A1A,0x1A1A,0x1A1A,0x1A1A,0x1A1A,
	0x1A1A,0x1A1A,0x1A1A,0x1A1A,0x1A1A,0x1A1A,0x1A1A,0x1A1A,
	0x1A1A,0x1A1A,0x1A1A,0x1A1A,0x1A1A,0x1A1A,0x1A1A,0x1A1A,
	0x1A1A,0x1A1A,0x1A1A,0x1A1A,0x1A1A,0x1A1A,0x1A1A,0x1A1A,
	0x1A1A,0x1A1A,0x3F1A,0x4B4B,0x1A1A,0x1A1A,0x3F1A,0x5A3F,
	0x1A1A,0x1A1A,0x3F1A,0x5A3F,0x1A1A,0x1A1A,0x3F5A,0x5A3F,
	0x1A1A,0x1A1A,0x3F5A,0x5A3F,0x1A1A,0x1A1A,0x3FA8,0x5A3F,
	0x1A1A,0x1A1A,0x3FA8,0x5A3F,0x1A1A,0x1A1A,0x3FA8,0x5A3F,

	0x4B4B,0x4B4B,0x4B4B,0x4B4B,0x5A5A,0x5A5A,0x5A5A,0x5A5A,
	0x5A5A,0x5A5A,0x5A5A,0x5A5A,0x5A5A,0x5A5A,0x5A5A,0x5A5A,
	0x5A5A,0x5A5A,0x5A5A,0x5A5A,0x5A5A,0x5A5A,0x5A5A,0x5A5A,
	0x5A5A,0x5A5A,0x5A5A,0x5A5A,0x9999,0x9999,0x9999,0x9999,
	0x4B4B,0x3F90,0x1A1A,0x1A1A,0x5A5A,0x3F3F,0x1A1A,0x1A1A,
	0x5A5A,0x3F3F,0x1A1A,0x0A1A,0x5A5A,0x3F3F,0x1A1A,0x1A1A,
	0x5A5A,0x3F3F,0x1A1A,0x1A1A,0x5A5A,0x3F3F,0x1A1A,0x0A1A,
	0x5A5A,0x3F3F,0x1A0A,0x0A0A,0x5A99,0x3F3F,0x0A0A,0x0A0A,

	0x1A1A,0x1A0A,0x1A0A,0x461A,0x0A1A,0x460A,0x0A1A,0x4618,
	0x0A1A,0x1A0A,0x1A1A,0x4618,0x0A0A,0x0A0A,0x461A,0x180A,
	0x0A0A,0x0A0A,0x4646,0x0A0A,0x0A0A,0x1A0A,0x461A,0x460A,
	0x0A0A,0x0A0A,0x461A,0x460A,0x0A0A,0x0A0A,0x0A0A,0x0A0A,
	0x460A,0x1A1A,0x0A1A,0x0A1A,0x4618,0x1A46,0x0A0A,0x0A0A,
	0x4618,0x0A46,0x0A0A,0x0A0A,0x4646,0x1A1A,0x0A0A,0x1A0A,
	0x0A46,0x0A1A,0x0A0A,0x0A0A,0x1846,0x1A18,0x0A0A,0x0A0A,
	0x1846,0x180A,0x0A0A,0x0A0A,0x4618,0x4618,0x0A0A,0x0A0A,

	0x0A1A,0x1A0A,0x1A1A,0x1A1A,0x0A1A,0x1A1A,0x1A1A,0x1A1A,
	0x1A1A,0x1A1A,0x1A1A,0x1A1A,0x0A0A,0x0A0A,0x1A0A,0x1A1A,
	0x0A0A,0x0A0A,0x1A0A,0x1A1A,0x0A1A,0x1818,0x1A0A,0x1A1A,
	0x0A0A,0x1818,0x1A0A,0x0A1A,0x1818,0x0A0A,0x0A18,0x0A0A,
	0x1A1A,0x1A1A,0x0A0A,0x1A0A,0x1A1A,0x0A1A,0x0A0A,0x0A0A,
	0x1A1A,0x1A1A,0x0A0A,0x0A0A,0x1A1A,0x1A1A,0x0A0A,0x0A1A,
	0x1A1A,0x1A1A,0x0A1A,0x0A0A,0x1A1A,0x1A1A,0x0A0A,0x0A0A,
	0x1A1A,0x1A1A,0x0A0A,0x0A0A,0x0A0A,0x0A0A,0x0A0A,0x0A0A,

	0x1A0A,0x0A0A,0x0A0A,0x0A0A,0x0A0A,0x0A0A,0x0A0A,0x0A0A,
	0x0A0A,0x0A0A,0x0A0A,0x0A0A,0x0A0A,0x0A0A,0x0A0A,0x0A0A,
	0x0A0A,0x0A0A,0x0A0A,0x0A0A,0x0A0A,0x0A0A,0x180A,0x0A0A,
	0x180A,0x0A18,0x1818,0x0A0A,0x1A1A,0x0A0A,0x0A0A,0x0A0A,
	0x0A0A,0x0A0A,0x0A0A,0x0A0A,0x0A0A,0x320A,0x320A,0x320A,
	0x0A0A,0x0A0A,0x0A0A,0x0A0A,0x0A0A,0x0A0A,0x0A32,0x0A0A,
	0x0A0A,0x0A0A,0x0A0A,0x0A0A,0x0A0A,0x0A0A,0x0A0A,0x1A1A,
	0x0A0A,0x1A0A,0x0A0A,0x1A1A,0x0A0A,0x0A0A,0x0A1A,0x0A0A,

	0x0A0A,0x0A0A,0x0A0A,0x0A0A,0x0A0A,0x0A0A,0x1A0A,0x0A0A,
	0x0A0A,0x0A1A,0x1A1A,0x1A0A,0x0A0A,0x1A0A,0x0A0A,0x1A0A,
	0x0A0A,0x0A0A,0x0A0A,0x0A0A,0x0A0A,0x0A0A,0x320A,0x320A,
	0x0A0A,0x0A0A,0x0A0A,0x0A32,0x0A0A,0x0A0A,0x3232,0x0A0A,
	0x1A1A,0x1A0A,0x0A0A,0x0A0A,0x1A0A,0x1A0A,0x1A1A,0x1A0A,
	0x1A0A,0x1A0A,0x0A1A,0x0A0A,0x0A0A,0x0A0A,0x0A0A,0x0A0A,
	0x0A1A,0x0A0A,0x0A0A,0x0A0A,0x0A0A,0x0A0A,0x0A32,0x0A32,
	0x0A32,0x0A0A,0x0A0A,0x0A0A,0x0A0A,0x0A0A,0x0A0A,0x320A,

	0x0A0A,0x0A0A,0x3B0A,0x0A1A,0x0A0A,0x0A0A,0x0A0A,0x0A0A,
	0x0A0A,0x0A0A,0x0A0A,0x0A0A,0x0A0A,0x0A0A,0x0A18,0x0A0A,
	0x3B3B,0x180A,0x0A0A,0x0A0A,0x1A1A,0x0A0A,0x0A0A,0x0A0A,
	0x0A0A,0x0A0A,0x0A0A,0x3B0A,0x0A0A,0x0A0A,0x3B0A,0x3B0A,
	0x0A0A,0x0A0A,0x0A0A,0x0A0A,0x0A0A,0x0A0A,0x0A0A,0x0A0A,
	0x0A18,0x0A0A,0x0A0A,0x0A0A,0x181A,0x3B3B,0x0A0A,0x0A0A,
	0x0A0A,0x1A3B,0x0A0A,0x0A0A,0x0A0A,0x0A0A,0x0A0A,0x3B3B,
	0x0A0A,0x0A0A,0x0A0A,0x3B1A,0x0A1A,0x0A0A,0x0A0A,0x0A0A,

	0x0A0A,0x0A0A,0x0A0A,0x0A18,0x0A0A,0x0A0A,0x0A0A,0x1818,
	0x0A0A,0x0A0A,0x0A0A,0x181A,0x0A0A,0x0A0A,0x0A0A,0x0A0A,
	0x3B0A,0x0A0A,0x0A0A,0x0A0A,0x1A3B,0x0A0A,0x0A0A,0x0A0A,
	0x0A0A,0x0A0A,0x0A0A,0x0A0A,0x0A0A,0x0A0A,0x0A0A,0x0A0A,
	0x180A,0x0A0A,0x0A0A,0x0A0A,0x1A18,0x0A0A,0x0A0A,0x0A0A,
	0x0A0A,0x0A0A,0x0A0A,0x0A0A,0x0A0A,0x0A0A,0x0A0A,0x0A0A,
	0x0A0A,0x0A0A,0x0A0A,0x0A0A,0x0A0A,0x0A0A,0x0A0A,0x0A0A,
	0x0A0A,0x0A0A,0x0A0A,0x690A,0x1818,0x180A,0x0A0A,0x6969,

	0x0A0A,0x0A0A,0x0A0A,0x0A0A,0x0A0A,0x0A0A,0x0A0A,0x0A0A,
	0x0A0A,0x0A0A,0x0A0A,0x0A0A,0x0A0A,0x0A0A,0x0A0A,0x0A0A,
	0x0A0A,0x0A0A,0x0A0A,0x0A0A,0x0A0A,0x690A,0x0A0A,0x0A0A,
	0x0A0A,0x690A,0x0A0A,0x0A0A,0x6969,0x0A0A,0x0A0A,0x0A0A,
	0x0A0A,0x0A0A,0x0A0A,0x0A0A,0x0A0A,0x0A0A,0x0A0A,0x0A0A,
	0x0A0A,0x0A0A,0x0A0A,0x0A0A,0x0A0A,0x0A0A,0x3B3B,0x0A0A,
	0x0A0A,0x0A0A,0x1A1A,0x3B0A,0x0A0A,0x0A0A,0x0A0A,0x3B1A,
	0x0A0A,0x0A0A,0x0A0A,0x1A0A,0x0A0A,0x0A0A,0x0A0A,0x0A0A,

	0x0A0A,0x0A0A,0x0A0A,0x0A0A,0x3B3B,0x0A0A,0x0A0A,0x0A0A,
	0x3B3B,0x0A0A,0x0A0A,0x0A0A,0x0A0A,0x0A0A,0x0A0A,0x0A0A,
	0x0A0A,0x0A0A,0x0A0A,0x0A0A,0x0A0A,0x0A0A,0x0A0A,0x0A0A,
	0x0A0A,0x0A0A,0x0A0A,0x1A0A,0x0A0A,0x0A0A,0x0A0A,0x0A0A,
	0x0A0A,0x0A0A,0x0A0A,0x0A0A,0x0A0A,0x0A0A,0x0A0A,0x0A0A,
	0x0A0A,0x0A0A,0x0A0A,0x0A0A,0x0A0A,0x0A18,0x0A0A,0x0A0A,
	0x0A0A,0x0A18,0x0A0A,0x0A0A,0x0A3B,0x0A0A,0x0A0A,0x0A0A,
	0x0A3B,0x3B3B,0x0A0A,0x0A0A,0x0A0A,0x1A0A,0x0A0A,0x0A0A,

	0x0A0A,0x0A0A,0x0A0A,0x0A0A,0x0A0A,0x1818,0x0A0A,0x0A0A,
	0x0A0A,0x1818,0x0A0A,0x0A0A,0x0A0A,0x0A0A,0x0A0A,0x0A0A,
	0x0A0A,0x0A0A,0x0A0A,0x0A0A,0x6969,0x0A0A,0x0A0A,0x0A0A,
	0x6969,0x0A0A,0x0A0A,0x0A0A,0x0A0A,0x0A0A,0x0A0A,0x0A0A,
	0x180A,0x3B0A,0x0A1A,0x0A0A,0x0A0A,0x0A0A,0x3B1A,0x0A3B,
	0x0A0A,0x0A0A,0x1A0A,0x0A0A,0x0A0A,0x0A0A,0x0A0A,0x0A0A,
	0x690A,0x0A0A,0x0A0A,0x0A0A,0x1A0A,0x0A0A,0x0A0A,0x0A0A,
	0x0A0A,0x6969,0x0A0A,0x0A0A,0x0A0A,0x1A1A,0x0A0A,0x0A0A,

	0x0A0A,0x0A0A,0x0A0A,0x0A0A,0x0A0A,0x0A0A,0x0A0A,0x0A0A,
	0x0A0A,0x0A0A,0x0A0A,0x0A0A,0x0A0A,0x0A0A,0x0A0A,0x0A0A,
	0x0A0A,0x0A0A,0x0A0A,0x0A0A,0x0A0A,0x0A0A,0x0A0A,0x0A0A,
	0x0A0A,0x0A0A,0x0A0A,0x0A0A,0x0A0A,0x0A0A,0x0A0A,0x1A1A,
	0x0A0A,0x0A32,0x0A0A,0x0A0A,0x0A0A,0x1A0A,0x0A0A,0x0A1A,
	0x0A0A,0x0A0A,0x0A1A,0x0A0A,0x0A0A,0x0A0A,0x0A0A,0x0A0A,
	0x0A0A,0x0A0A,0x0A0A,0x0A0A,0x0A0A,0x0A1A,0x0A0A,0x1A0A,
	0x0A0A,0x0A1A,0x0A1A,0x1A0A,0x1A1A,0x1A1A,0x1A1A,0x1A0A,

	0x0A0A,0x0A0A,0x0A0A,0x0A0A,0x1A0A,0x0A1A,0x0A1A,0x0A0A,
	0x1A0A,0x1A1A,0x1A1A,0x1A0A,0x0A0A,0x1A0A,0x1A0A,0x0A1A,
	0x0A0A,0x0A0A,0x0A0A,0x0A1A,0x0A0A,0x0A0A,0x1A0A,0x0A0A,
	0x0A0A,0x0A0A,0x0A0A,0x0A1A,0x0A1A,0x0A0A,0x0A0A,0x0A0A,
	0x1A0A,0x0A0A,0x0A0A,0x1A0A,0x0A0A,0x0A0A,0x0A0A,0x1A1A,
	0x0A0A,0x0A0A,0x0A0A,0x1A1A,0x0A1A,0x0A0A,0x0A0A,0x0A18,
	0x0A0A,0x0A0A,0x0A0A,0x1818,0x0A0A,0x0A0A,0x0A0A,0x181A,
	0x0A0A,0x0A0A,0x0A0A,0x0A0A,0x0A0A,0x0A0A,0x0A0A,0x0A0A,

	0x0A0A,0x0A0A,0x1A1A,0x1A1A,0x0A0A,0x0A0A,0x1A1A,0x1A1A,
	0x1A0A,0x0A0A,0x1A0A,0x1A1A,0x1818,0x0A0A,0x1A1A,0x1A1A,
	0x1A18,0x0A0A,0x0A0A,0x0A0A,0x0A0A,0x1818,0x0A0A,0x0A0A,
	0x0A0A,0x181A,0x0A0A,0x0A0A,0x0A0A,0x0A0A,0x0A0A,0x0A0A,
	0x1A1A,0x1A1A,0x1A1A,0x1A1A,0x0A0A,0x1A1A,0x1A1A,0x1A1A,
	0x1A1A,0x0A0A,0x0A1A,0x1A1A,0x0A0A,0x0A0A,0x0A0A,0x0A0A,
	0x0A0A,0x0A0A,0x0A0A,0x0A0A,0x1A0A,0x0A0A,0x0A0A,0x0A0A,
	0x1A1A,0x1A0A,0x0A0A,0x0A0A,0x1A1A,0x0A0A,0x0A1A,0x0A0A,

	0x1A1A,0x0A0A,0x0A0A,0x4618,0x1A1A,0x1A1A,0x0A0A,0x4646,
	0x1A1A,0x0A0A,0x1A0A,0x1846,0x1A1A,0x0A1A,0x0A0A,0x0A0A,
	0x1A1A,0x0A0A,0x0A0A,0x0A1A,0x0A0A,0x0A0A,0x1A1A,0x1A1A,
	0x0A0A,0x1A1A,0x1A1A,0x1A1A,0x1A1A,0x0A0A,0x1A1A,0x461A,
	0x4618,0x4618,0x0A0A,0x0A0A,0x1A1A,0x0A46,0x1A1A,0x0A0A,
	0x1A1A,0x1A1A,0x0A0A,0x0A0A,0x460A,0x0A1A,0x3B0A,0x0A0A,
	0x0A0A,0x0A0A,0x3B3B,0x3B0A,0x0A0A,0x0A0A,0x0A1A,0x0A0A,
	0x0A0A,0x4618,0x1A0A,0x0A0A,0x4646,0x4646,0x1A1A,0x320A,

	0x0A0A,0x0A0A,0x0A0A,0x0A0A,0x0A0A,0x0A0A,0x0A46,0x0A0A,
	0x0A0A,0x0A0A,0x0A0A,0x0A0A,0x0A3B,0x0A0A,0x0A1A,0x0A0A,
	0x0A0A,0x0A0A,0x0A0A,0x0A0A,0x0A0A,0x0A0A,0x0A0A,0x0A0A,
	0x0A0A,0x0A0A,0x0A0A,0x0A0A,0x0A0A,0x0A0A,0x0A0A,0x0A0A,
	0x0A0A,0x0A0A,0x0A0A,0x0A0A,0x690A,0x0A0A,0x1A0A,0x0A1A,
	0x1A0A,0x6969,0x1A1A,0x0A1A,0x0A0A,0x1A1A,0x0A0A,0x1A0A,
	0x0A0A,0x0A0A,0x0A0A,0x0A0A,0x0A0A,0x0A0A,0x0A0A,0x0A0A,
	0x0A0A,0x0A0A,0x0A0A,0x0A0A,0x0A0A,0x0A0A,0x0A0A,0x0A0A,

	0x0A0A,0x1A1A,0x1A1A,0x0A0A,0x0A0A,0x1A1A,0x1A1A,0x0A0A,
	0x0A0A,0x1A1A,0x1A1A,0x0A1A,0x0A0A,0x0A0A,0x0A1A,0x0A0A,
	0x0A0A,0x0A0A,0x0A0A,0x180A,0x1A0A,0x0A0A,0x1818,0x0A0A,
	0x1A0A,0x0A0A,0x1A1A,0x0A0A,0x0A0A,0x0A0A,0x1A0A,0x0A1A,
	0x0A0A,0x1A1A,0x1A1A,0x1A1A,0x1A1A,0x1A1A,0x1A1A,0x1A1A,
	0x1A1A,0x1A1A,0x1A1A,0x1A1A,0x1A1A,0x0A0A,0x0A1A,0x1A1A,
	0x0A0A,0x0A0A,0x1A0A,0x1A1A,0x0A0A,0x0A0A,0x0A0A,0x0A1A,
	0x0A0A,0x0A0A,0x0A0A,0x0A0A,0x0A0A,0x1A0A,0x0A1A,0x1A0A,

	0x1A1A,0x1A1A,0x1A1A,0x1A1A,0x1A1A,0x1A1A,0x1A1A,0x1A1A,
	0x1A1A,0x1A1A,0x1A1A,0x1A1A,0x0A0A,0x1A1A,0x1A1A,0x1A1A,
	0x1A0A,0x1A1A,0x1A1A,0x1A1A,0x0A0A,0x1A1A,0x1A1A,0x1A1A,
	0x0A0A,0x1A1A,0x1A1A,0x1A1A,0x1A1A,0x1A1A,0x1A1A,0x1A1A,
	0x1A1A,0x1A1A,0x1A1A,0x1A1A,0x1A1A,0x1A1A,0x1A1A,0x1A1A,
	0x1A1A,0x1A1A,0x1A1A,0x1A1A,0x1A1A,0x1A1A,0x1A1A,0x1A1A,
	0x1A1A,0x1A1A,0x1A1A,0x1A1A,0x1A1A,0x1A1A,0x1A1A,0x1A1A,
	0x1A1A,0x1A1A,0x1A1A,0x1A1A,0x1A1A,0x1A1A,0x1A1A,0x1A1A,

	0x1A1A,0x1A1A,0x6019,0x1A1A,0x1A1A,0x1A1A,0x1A1A,0x1A1A,
	0x1A1A,0x1A1A,0x1A1A,0x0A1A,0x1A1A,0x1A1A,0x0A1A,0x600A,
	0x1A1A,0x1A0A,0x0A0A,0x600A,0x0A1A,0x1A1A,0x601A,0x600A,
	0x1A1A,0x1A1A,0x1A1A,0x601A,0x1A1A,0x1A1A,0x1A1A,0x6060,
	0x0A1A,0x0A1A,0x1A1A,0x1A1A,0x0A0A,0x0A0A,0x0A0A,0x1A0A,
	0x0A0A,0x0A0A,0x0A0A,0x0A0A,0x0A0A,0x0A0A,0x0A0A,0x0A0A,
	0x0A60,0x601A,0x1A0A,0x0A0A,0x1A60,0x1A0A,0x1A1A,0x1A1A,
	0x0D60,0x1A1A,0x1A1A,0x1A1A,0x600D,0x1A19,0x1A1A,0x0A1A,

	0x1A1A,0x1A0A,0x1A1A,0x1A1A,0x1A1A,0x0A1A,0x1A1A,0x1A1A,
	0x1A1A,0x0A0A,0x1A1A,0x1A1A,0x0A0A,0x1A1A,0x1A1A,0x1A1A,
	0x0A0A,0x1A1A,0x1A1A,0x1A1A,0x1A1A,0x1A1A,0x1A1A,0x1A1A,
	0x1A1A,0x1A1A,0x1A1A,0x1A1A,0x1A1A,0x1A1A,0x1A1A,0x1A1A,
	0x1A1A,0x1A1A,0x1A1A,0x1A1A,0x1A1A,0x1A1A,0x1A1A,0x1A1A,
	0x1A1A,0x1A1A,0x1A1A,0x1A1A,0x1A1A,0x1A1A,0x1A1A,0x1A1A,
	0x1A1A,0x1A1A,0x1A1A,0x1A1A,0x1A1A,0x1A1A,0x1A1A,0x1A1A,
	0x1A1A,0x1A1A,0x1A1A,0x1A1A,0x1A1A,0x1A1A,0x1A1A,0x1A1A,

	0x1A1A,0x1A1A,0x1A1A,0x1A1A,0x1A1A,0x1A1A,0x1A1A,0x1A1A,
	0x1A1A,0x1A1A,0x1A1A,0x1A1A,0x1A1A,0x1A1A,0x1A1A,0x1A1A,
	0x1A1A,0x1A1A,0x1A1A,0x1A1A,0x1A1A,0x1A1A,0x1A1A,0x1A1A,
	0x1A1A,0x1A1A,0x1A1A,0x1A1A,0x1A1A,0x1A1A,0x1A1A,0x1A1A,
	0x1A1A,0x1A1A,0x1A1A,0x1A1A,0x1A1A,0x1A1A,0x1A1A,0x1A1A,
	0x1A1A,0x1A1A,0x1A1A,0x1A1A,0x1A1A,0x1A1A,0x1A1A,0x0A0A,
	0x1A1A,0x1A1A,0x1A1A,0x0A0A,0x1A1A,0x1A1A,0x1A1A,0x1A1A,
	0x1A1A,0x1A1A,0x1A1A,0x1A1A,0x1A1A,0x1A1A,0x1A1A,0x1A1A,

	0x0A1A,0x1A1A,0x1A1A,0x1A1A,0x1A1A,0x1A1A,0x691A,0x0A0A,
	0x1A1A,0x1A1A,0x1A1A,0x0A0A,0x0A1A,0x0A1A,0x0A0A,0x0A0A,
	0x0A1A,0x1A1A,0x0A0A,0x0A0A,0x1A1A,0x1A1A,0x1A1A,0x1A1A,
	0x1A1A,0x1A1A,0x1A1A,0x1A1A,0x1A1A,0x1A1A,0x0A1A,0x1A1A,
	0x1A0A,0x1A0A,0x3B1A,0x0A0A,0x3B3B,0x1A3B,0x0A0A,0x0A0A,
	0x3B1A,0x0A0A,0x0A0A,0x0A0A,0x0A0A,0x0A0A,0x0A0A,0x0A0A,
	0x0A1A,0x0A1A,0x0A0A,0x0A0A,0x1A1A,0x0A1A,0x0A0A,0x0A0A,
	0x1A1A,0x0A0A,0x0A0A,0x0A0A,0x0A1A,0x0A0A,0x1A1A,0x0A0A,

	0x0A0A,0x0A1A,0x1A1A,0x1A1A,0x0A0A,0x0A0A,0x1A0A,0x1A1A,
	0x0A0A,0x0A0A,0x1A0A,0x1A1A,0x0A0A,0x0A0A,0x0A0A,0x1A1A,
	0x0A0A,0x0A0A,0x0A0A,0x1A1A,0x1A0A,0x0A0A,0x0A1A,0x0A0A,
	0x1A1A,0x0A0A,0x3B1A,0x0A0A,0x1A1A,0x1A1A,0x1A1A,0x3B1A,
	0x1A1A,0x1A1A,0x1A1A,0x1A1A,0x1A1A,0x1A1A,0x1A1A,0x1A1A,
	0x1A1A,0x1A1A,0x1A1A,0x1A1A,0x1A1A,0x1A1A,0x1A1A,0x1A1A,
	0x1A1A,0x1A1A,0x1A1A,0x1A1A,0x0A0A,0x0A0A,0x1A1A,0x1A1A,
	0x0A0A,0x1A1A,0x1A1A,0x1A1A,0x0A0A,0x1A0A,0x1A1A,0x1A1A,

	0x1A1A,0x1A1A,0x1A1A,0x1A1A,0x1A1A,0x1A1A,0x1A1A,0x1A1A,
	0x1A1A,0x1A1A,0x1A1A,0x1A1A,0x1A1A,0x1A1A,0x1A1A,0x1A1A,
	0x1A1A,0x1A1A,0x1A1A,0x1A1A,0x1A1A,0x1A1A,0x1A1A,0x1A1A,
	0x1A1A,0x1A1A,0x1A1A,0x1A1A,0x1A1A,0x1A1A,0x1A1A,0x5454,
	0x1A1A,0x1A1A,0x1A1A,0x1A1A,0x1A1A,0x1A1A,0x1A1A,0x1A1A,
	0x1A1A,0x1A1A,0x1A1A,0x1A1A,0x1A1A,0x1A1A,0x1A1A,0x5454,
	0x1A1A,0x1A1A,0x540A,0x5454,0x1A1A,0x5454,0x5454,0x5454,
	0x541A,0x5454,0x5454,0x5454,0x5454,0x5454,0x5454,0x5454,

	0x1A1A,0x1A1A,0x0A1A,0x0A0A,0x1A1A,0x0A1A,0x0A1A,0x0A0A,
	0x1A1A,0x1A1A,0x0A0A,0x0A0A,0x1A1A,0x1A1A,0x1A0A,0x0A0A,
	0x0A1A,0x1A1A,0x1A1A,0x0A0A,0x5454,0x1A1A,0x0A0A,0x0A0A,
	0x5454,0x1A1A,0x0A1A,0x0A0A,0x5454,0x0A54,0x0A0A,0x0A0A,
	0x0A0A,0x0A0A,0x0A0A,0x540A,0x0A0A,0x0A0A,0x0A0A,0x580A,
	0x0A0A,0x0A0A,0x0A0A,0x0A0A,0x0A0A,0x5454,0x0F58,0x5454,
	0x0A0A,0x5454,0x9F0A,0x5454,0x0A0A,0x5454,0x540A,0x5454,
	0x0A0A,0x5454,0x540A,0x5454,0x0A0A,0x5454,0x540A,0x5454,

	0x0A54,0x5454,0x0A54,0x540A,0x0A0A,0x0A58,0x0A0A,0x0A0A,
	0x0A0A,0x0A0A,0x0A0A,0x0A0A,0x5454,0x5454,0x5454,0x9F54,
	0x5454,0x5454,0x5454,0x9F54,0x5454,0x5454,0x5454,0x5454,
	0x5454,0x5454,0x5454,0x5454,0x5454,0x5454,0x5454,0x5454,
	0x0A54,0x5454,0x5454,0x5454,0x0A0A,0x0A0A,0x0A54,0x0A54,
	0x0A0A,0x0A0A,0x0A0A,0x0A0A,0x5454,0x5454,0x5454,0x5454,
	0x5454,0x5454,0x5454,0x5454,0x5454,0x5454,0x5454,0x5454,
	0x5454,0x5454,0x5454,0x5454,0x5454,0x5454,0x5454,0x5454,

	0x5454,0x540A,0x540A,0x5432,0x0A54,0x0A58,0x0A0A,0x580A,
	0x0A9F,0x0F0F,0x9F9F,0x9F9F,0x5454,0x5454,0x5454,0x0A58,
	0x5454,0x5454,0x5454,0x0A0A,0x5454,0x5454,0x5454,0x460A,
	0x5454,0x5454,0x5454,0x460A,0x5454,0x5454,0x5454,0x1846,
	0x0A54,0x0A0A,0x0A0A,0x5454,0x0A58,0x0A0A,0x0A0A,0x5858,
	0x0F0F,0x0F0F,0x0F0F,0x9F9F,0x0A58,0x0A58,0x5454,0x5454,
	0x0A0A,0x0A0A,0x5454,0x5454,0x0A0A,0x0A0A,0x5454,0x5454,
	0x0A0A,0x0A0A,0x5454,0x5454,0x4618,0x4646,0x5454,0x5454,

	0x5454,0x5454,0x5454,0x0A54,0x580A,0x0A0A,0x5454,0x0A54,
	0x5454,0x5454,0x549F,0x0A54,0x5454,0x5454,0x5454,0x5454,
	0x5454,0x5454,0x5454,0x5454,0x5454,0x5454,0x5454,0x5454,
	0x5454,0x5454,0x5454,0x5454,0x5454,0x5454,0x5454,0x5454,
	0x0A58,0x0A0A,0x0A0A,0x0A0A,0x0A0A,0x0A0A,0x0A0A,0x0A0A,
	0x0A0A,0x0A0A,0x0A0A,0x0A0A,0x580A,0x0A0A,0x0A0A,0x0A0A,
	0x0A0A,0x0A0A,0x0A0A,0x0A0A,0x540A,0x5454,0x5454,0x5454,
	0x540A,0x5454,0x5454,0x5454,0x540A,0x5454,0x5454,0x5454,

	0x5458,0x540A,0x0A58,0x580A,0x580A,0x0A0A,0x0A0A,0x0A0A,
	0x0A0A,0x0A0A,0x0A0A,0x0A0A,0x0A0A,0x0A0A,0x0A0A,0x0A0A,
	0x0A0A,0x0A0A,0x0A0A,0x0A0A,0x5454,0x5454,0x5454,0x5454,
	0x5454,0x5454,0x5454,0x5454,0x5454,0x5454,0x5454,0x5454,
	0x0A0A,0x0A0A,0x0A0A,0x1A1A,0x0A0A,0x0A0A,0x0A0A,0x0A0A,
	0x0A0A,0x0A0A,0x0A0A,0x0A0A,0x0A0A,0x0A0A,0x0A0A,0x0A0A,
	0x0A0A,0x0A0A,0x0A0A,0x0A0A,0x5454,0x540A,0x5454,0x5454,
	0x5454,0x540A,0x5454,0x5454,0x5454,0x540A,0x5454,0x5454,

	0x0A3B,0x0A0A,0x0A0A,0x0A0A,0x0A0A,0x0A0A,0x0A0A,0x0A0A,
	0x0A0A,0x0A0A,0x0A0A,0x0A0A,0x0A0A,0x0A0A,0x0A0A,0x0A0A,
	0x0A0A,0x0A0A,0x0A0A,0x0A0A,0x5454,0x5454,0x0A0A,0x0A0A,
	0x5454,0x5454,0x0A0A,0x0A0A,0x5454,0x5454,0x0A0A,0x0A0A,
	0x0A0A,0x0A0A,0x0A0A,0x0A0A,0x0A0A,0x0A0A,0x0A0A,0x0A0A,
	0x0A0A,0x0A0A,0x0A0A,0x0A0A,0x0A0A,0x0A0A,0x0A0A,0x0A0A,
	0x0A0A,0x0A0A,0x0A0A,0x0A0A,0x0A0A,0x0A0A,0x0A0A,0x0A0A,
	0x0A0A,0x0A0A,0x0A0A,0x0A0A,0x0A0A,0x0A0A,0x0A0A,0x0A0A,

	0x0A0A,0x0A0A,0x0A0A,0x0A0A,0x0A0A,0x0A0A,0x0A0A,0x0A0A,
	0x0A0A,0x0A0A,0x0A0A,0x0A0A,0x0A0A,0x0A0A,0x0A0A,0x0A0A,
	0x0A0A,0x0A0A,0x0A0A,0x0A0A,0x0A0A,0x0A0A,0x0A0A,0x1A0A,
	0x0A0A,0x0A0A,0x0A0A,0x1A1A,0x0A0A,0x0A0A,0x0A18,0x0A1A,
	0x0A0A,0x0A0A,0x0A32,0x320A,0x0A0A,0x0A0A,0x0A0A,0x0A0A,
	0x0A0A,0x0A0A,0x0A0A,0x0A0A,0x0A0A,0x0A0A,0x0A0A,0x0A0A,
	0x0A0A,0x0A0A,0x0A0A,0x0A0A,0x0A0A,0x0A0A,0x0A0A,0x0A0A,
	0x0A1A,0x0A1A,0x0A0A,0x0A0A,0x0A1A,0x0A0A,0x0A0A,0x1A0A,

	0x0A0A,0x0A0A,0x0A0A,0x0A0A,0x0A0A,0x0A0A,0x0A0A,0x0A0A,
	0x0A0A,0x0A0A,0x0A0A,0x0A0A,0x0A0A,0x0A0A,0x0A0A,0x0A0A,
	0x0A0A,0x0A0A,0x0A0A,0x0A0A,0x0A0A,0x0A0A,0x0A0A,0x1A1A,
	0x0A0A,0x0A0A,0x1A0A,0x1A1A,0x1A0A,0x1A18,0x1A0A,0x1A1A,
	0x1A0A,0x1A1A,0x1A1A,0x1A1A,0x1A0A,0x1A1A,0x1A1A,0x1A1A,
	0x0A0A,0x1A1A,0x1A1A,0x1A1A,0x0A0A,0x1A18,0x1A1A,0x1A1A,
	0x0A0A,0x1A18,0x0A1A,0x0A1A,0x1A0A,0x0A0A,0x1818,0x0A0A,
	0x1A0A,0x0A0A,0x1A18,0x0A0A,0x0A1A,0x1A0A,0x0A0A,0x0A0A,

	0x1A1A,0x1A1A,0x1A1A,0x1A1A,0x1A1A,0x1A1A,0x1A1A,0x1A1A,
	0x1A1A,0x1A1A,0x1A1A,0x1A1A,0x1A1A,0x1A1A,0x1A1A,0x1A1A,
	0x1A1A,0x1A1A,0x1A1A,0x1A1A,0x1A0A,0x1A1A,0x1A1A,0x1A1A,
	0x1A1A,0x1A1A,0x1A1A,0x1A1A,0x1A1A,0x1A1A,0x1A1A,0x1A1A,
	0x1A1A,0x1A1A,0x3FA8,0x5A3F,0x1A1A,0x1A1A,0x3FA8,0x5A3F,
	0x1A1A,0x1A1A,0x9AA8,0x5A3F,0x1A1A,0x1A1A,0x7923,0x5A9A,
	0x1A1A,0x1A1A,0x7923,0x9A5A,0x1A1A,0x1A1A,0xA01A,0x7979,
	0x1A1A,0x1A1A,0x3F1A,0x7979,0x1A1A,0x1A1A,0x3F1A,0x9A3F,

	0x4B4B,0x4B4B,0x4B4B,0x4B4B,0x4B4B,0x4B4B,0x4B4B,0x4B4B,
	0x4B4B,0x4B4B,0x4B4B,0x994B,0x4B4B,0x4B4B,0x4B4B,0x994B,
	0x4B4B,0x4B4B,0x4B4B,0x994B,0x4B4B,0x4B4B,0x4B4B,0x4B4B,
	0x4B4B,0x4B4B,0x4B4B,0x4B4B,0x4B4B,0x4B4B,0x4B4B,0x4B4B,
	0x5A4B,0x3F3F,0x0A0A,0x0A0A,0x5A99,0x3F0A,0x0A1A,0x0A0A,
	0x5A99,0x0A0A,0x0A1A,0x0A0A,0x1A1A,0x1A0A,0x0A0A,0x0A0A,
	0x1A1A,0x1A1A,0x0A1A,0x0A46,0x1A1A,0x1A1A,0x0A1A,0x1A1A,
	0x1A1A,0x1A46,0x180A,0x1A0A,0x461A,0x1A46,0x1A46,0x1A1A,

	0x0A0A,0x0A0A,0x0A0A,0x0A0A,0x0A0A,0x0A0A,0x0A0A,0x1A0A,
	0x0A0A,0x0A0A,0x0A0A,0x0A0A,0x0A0A,0x0A0A,0x0A1A,0x1A1A,
	0x0A0A,0x0A0A,0x1A1A,0x1A1A,0x1A1A,0x0A0A,0x0A0A,0x0A1A,
	0x1A1A,0x0A1A,0x0A0A,0x0A0A,0x1A1A,0x1A1A,0x1A1A,0x0A0A,
	0x4646,0x4618,0x0A0A,0x0A0A,0x0A46,0x0A0A,0x0A0A,0x0A0A,
	0x0A0A,0x0A0A,0x0A0A,0x0A0A,0x0A1A,0x0A0A,0x0A0A,0x0A0A,
	0x0A1A,0x0A0A,0x0A0A,0x0A0A,0x0A0A,0x0A1A,0x0A0A,0x0A0A,
	0x0A0A,0x0A1A,0x0A1A,0x0A0A,0x1A0A,0x0A0A,0x0A0A,0x0A0A,

	0x181A,0x180A,0x0A0A,0x0A0A,0x0A0A,0x0A0A,0x0A0A,0x0A0A,
	0x0A0A,0x0A0A,0x0A0A,0x0A0A,0x0A0A,0x0A0A,0x0A0A,0x0A0A,
	0x0A0A,0x0A0A,0x0A0A,0x0A0A,0x0A0A,0x0A0A,0x0A0A,0x0A0A,
	0x0A0A,0x0A0A,0x0A0A,0x0A0A,0x0A0A,0x0A0A,0x0A0A,0x0A0A,
	0x0A0A,0x0A0A,0x0A0A,0x0A1A,0x0A0A,0x0A0A,0x1A0A,0x1A0A,
	0x0A0A,0x0A0A,0x0A0A,0x0A0A,0x0A0A,0x0A0A,0x0A0A,0x0A0A,
	0x0A0A,0x0A0A,0x0A0A,0x0A0A,0x0A0A,0x0A0A,0x0A0A,0x0A0A,
	0x0A0A,0x0A0A,0x0A0A,0x0A0A,0x0A0A,0x180A,0x0A0A,0x0A0A,

	0x1A1A,0x0A0A,0x0A0A,0x0A0A,0x0A0A,0x0A0A,0x0A0A,0x0A0A,
	0x0A0A,0x0A0A,0x0A0A,0x0A0A,0x0A0A,0x0A0A,0x0A0A,0x0A0A,
	0x0A0A,0x0A0A,0x0A0A,0x0A0A,0x0A0A,0x0A0A,0x0A0A,0x0A0A,
	0x0A0A,0x0A0A,0x0A0A,0x0A0A,0x0A0A,0x0A0A,0x0A0A,0x0A0A,
	0x0A0A,0x0A0A,0x0A0A,0x0A0A,0x0A0A,0x0A0A,0x0A0A,0x0A0A,
	0x0A0A,0x0A0A,0x0A0A,0x0A0A,0x0A0A,0x0A0A,0x0A0A,0x0A0A,
	0x0A0A,0x0A0A,0x0A0A,0x0A0A,0x0A0A,0x0A0A,0x0A0A,0x0A0A,
	0x0A0A,0x0A0A,0x0A0A,0x0A0A,0x0A0A,0x0A0A,0x0A0A,0x0A0A,

	0x0A0A,0x0A0A,0x320A,0x0A0A,0x0A0A,0x0A0A,0x0A0A,0x0A0A,
	0x0A0A,0x0A0A,0x0A0A,0x0A0A,0x0A0A,0x0A0A,0x460A,0x0A0A,
	0x0A0A,0x0A0A,0x460A,0x0A0A,0x0A0A,0x0A0A,0x1846,0x4618,
	0x0A0A,0x0A0A,0x4646,0x4646,0x0A0A,0x0A0A,0x460A,0x460A,
	0x0A0A,0x0A0A,0x0A0A,0x0A0A,0x0A0A,0x0A0A,0x0A0A,0x0A0A,
	0x0A0A,0x0A0A,0x0A0A,0x0A0A,0x0A0A,0x0A46,0x0A0A,0x0A0A,
	0x0A0A,0x0A0A,0x0A0A,0x0A0A,0x4646,0x0A0A,0x0A0A,0x0A0A,
	0x1A46,0x0A0A,0x0A0A,0x0A0A,0x0A0A,0x0A0A,0x0A18,0x0A0A,

	0x0A0A,0x0A0A,0x1A1A,0x0A0A,0x0A0A,0x0A0A,0x0A0A,0x0A0A,
	0x0A0A,0x0A0A,0x0A0A,0x0A0A,0x0A0A,0x0A0A,0x0A0A,0x0A0A,
	0x0A0A,0x0A0A,0x0A0A,0x0A0A,0x0A0A,0x0A0A,0x0A0A,0x0A0A,
	0x0A0A,0x0A0A,0x0A0A,0x0A0A,0x0A0A,0x0A0A,0x0A0A,0x0A0A,
	0x0A0A,0x0A0A,0x0A0A,0x0A0A,0x0A0A,0x0A0A,0x0A0A,0x0A0A,
	0x0A0A,0x0A0A,0x0A0A,0x0A0A,0x0A0A,0x0A0A,0x0A0A,0x0A0A,
	0x0A0A,0x0A0A,0x0A0A,0x0A0A,0x0A0A,0x0A0A,0x0A0A,0x0A0A,
	0x0A0A,0x0A0A,0x0A46,0x0A46,0x0A0A,0x0A46,0x460A,0x0A46,

	0x0A0A,0x0A0A,0x0A0A,0x0A0A,0x0A0A,0x0A0A,0x0A0A,0x0A0A,
	0x0A0A,0x0A0A,0x0A0A,0x0A0A,0x0A0A,0x0A0A,0x0A0A,0x0A0A,
	0x0A0A,0x0A0A,0x0A0A,0x0A0A,0x0A0A,0x0A46,0x0A0A,0x0A0A,
	0x0A46,0x0A46,0x0A0A,0x0A0A,0x1846,0x0A0A,0x0A0A,0x0A0A,
	0x181A,0x1818,0x0A0A,0x6969,0x0A0A,0x0A0A,0x0A0A,0x0A0A,
	0x0A0A,0x0A0A,0x0A0A,0x0A0A,0x0A0A,0x0A0A,0x0A0A,0x0A0A,
	0x0A0A,0x0A0A,0x0A0A,0x0A0A,0x0A0A,0x0A0A,0x0A0A,0x0A0A,
	0x0A0A,0x0A0A,0x0A0A,0x0A0A,0x0A0A,0x180A,0x0A0A,0x0A0A,

	0x1A1A,0x0A0A,0x0A0A,0x0A0A,0x0A0A,0x0A0A,0x0A0A,0x0A0A,
	0x0A0A,0x0A0A,0x0A0A,0x0A0A,0x0A0A,0x0A0A,0x0A0A,0x0A0A,
	0x0A0A,0x0A0A,0x0A0A,0x0A0A,0x0A0A,0x0A0A,0x0A0A,0x0A0A,
	0x0A0A,0x0A0A,0x0A0A,0x0A0A,0x0A0A,0x0A0A,0x0A0A,0x0A0A,
	0x0A0A,0x0A0A,0x0A0A,0x0A0A,0x0A0A,0x0A0A,0x0A0A,0x0A0A,
	0x0A0A,0x0A0A,0x0A0A,0x0A0A,0x0A0A,0x0A0A,0x0A0A,0x0A0A,
	0x0A0A,0x0A0A,0x0A0A,0x0A0A,0x0A0A,0x0A0A,0x0A0A,0x0A0A,
	0x0A0A,0x0A0A,0x0A0A,0x0A0A,0x0A0A,0x0A0A,0x0A0A,0x0A0A,

	0x0A0A,0x0A0A,0x0A0A,0x0A0A,0x0A0A,0x0A0A,0x0A0A,0x0A0A,
	0x0A0A,0x0A0A,0x0A0A,0x0A0A,0x0A0A,0x0A0A,0x0A0A,0x0A0A,
	0x0A0A,0x0A0A,0x0A0A,0x0A0A,0x0A0A,0x0A0A,0x0A0A,0x0A0A,
	0x0A0A,0x0A0A,0x0A0A,0x0A0A,0x0A0A,0x0A0A,0x0A0A,0x0A0A,
	0x0A0A,0x0A0A,0x0A0A,0x0A0A,0x0A0A,0x0A0A,0x0A0A,0x0A0A,
	0x0A0A,0x0A0A,0x0A0A,0x0A0A,0x0A0A,0x0A0A,0x0A0A,0x0A0A,
	0x0A0A,0x0A0A,0x0A0A,0x0A0A,0x0A0A,0x0A0A,0x0A0A,0x0A0A,
	0x0A0A,0x0A0A,0x0A0A,0x0A0A,0x0A0A,0x0A0A,0x0A0A,0x0A0A,

	0x0A0A,0x0A0A,0x0A0A,0x0A0A,0x0A0A,0x0A0A,0x0A0A,0x0A0A,
	0x0A0A,0x0A0A,0x0A0A,0x0A0A,0x0A0A,0x0A0A,0x0A0A,0x0A0A,
	0x0A0A,0x0A0A,0x0A0A,0x0A0A,0x0A0A,0x0A0A,0x1A0A,0x0A0A,
	0x0A0A,0x0A0A,0x1A0A,0x0A0A,0x0A0A,0x0A0A,0x0A0A,0x1A0A,
	0x0A0A,0x0A0A,0x0A0A,0x0A0A,0x0A0A,0x0A0A,0x0A0A,0x0A0A,
	0x0A0A,0x0A0A,0x0A0A,0x0A0A,0x0A0A,0x0A0A,0x0A0A,0x0A0A,
	0x0A0A,0x0A0A,0x0A0A,0x0A0A,0x0A0A,0x0A1A,0x1A0A,0x1A0A,
	0x0A0A,0x1A1A,0x1A0A,0x1A1A,0x1A0A,0x1A1A,0x1A1A,0x1A1A,

	0x0A0A,0x0A0A,0x0A0A,0x1A0A,0x0A0A,0x0A0A,0x0A0A,0x0A0A,
	0x0A0A,0x0A0A,0x0A0A,0x0A0A,0x0A0A,0x0A0A,0x0A0A,0x0A0A,
	0x0A0A,0x0A0A,0x0A0A,0x0A0A,0x0A1A,0x0A0A,0x0A0A,0x0A0A,
	0x1A1A,0x1A0A,0x0A0A,0x0A0A,0x1A1A,0x0A1A,0x0A0A,0x0A0A,
	0x1A0A,0x0A1A,0x1A0A,0x1A0A,0x0A0A,0x0A0A,0x0A0A,0x0A0A,
	0x0A0A,0x0A0A,0x0A0A,0x0A0A,0x0A0A,0x0A0A,0x0A0A,0x0A0A,
	0x0A0A,0x0A0A,0x0A0A,0x0A0A,0x0A0A,0x0A0A,0x0A0A,0x0A0A,
	0x0A0A,0x0A0A,0x0A0A,0x0A0A,0x0A0A,0x0A0A,0x0A0A,0x0A0A,

	0x0A0A,0x0A1A,0x0A0A,0x0A0A,0x0A0A,0x0A0A,0x0A0A,0x0A0A,
	0x0A0A,0x0A0A,0x0A0A,0x0A0A,0x0A0A,0x0A0A,0x0A0A,0x0A0A,
	0x0A0A,0x0A0A,0x0A0A,0x0A0A,0x0A0A,0x0A0A,0x0A0A,0x6969,
	0x0A0A,0x0A0A,0x0A0A,0x1A1A,0x0A0A,0x0A0A,0x0A0A,0x0A0A,
	0x0A0A,0x0A0A,0x0A0A,0x0A0A,0x0A0A,0x0A0A,0x0A0A,0x0A0A,
	0x0A0A,0x0A0A,0x0A0A,0x0A0A,0x0A0A,0x0A0A,0x0A0A,0x180A,
	0x0A0A,0x0A0A,0x0A0A,0x0A0A,0x0A0A,0x0A0A,0x0A0A,0x0A0A,
	0x0A0A,0x0A0A,0x0A0A,0x0A0A,0x0A0A,0x0A0A,0x0A0A,0x0A0A,

	0x0A0A,0x0A0A,0x0A0A,0x0A0A,0x0A0A,0x0A0A,0x0A0A,0x0A0A,
	0x0A0A,0x0A0A,0x0A0A,0x0A0A,0x0A0A,0x0A0A,0x0A0A,0x0A0A,
	0x0A18,0x0A0A,0x0A0A,0x0A0A,0x0A0A,0x0A3B,0x0A0A,0x0A0A,
	0x0A0A,0x1A1A,0x0A0A,0x0A0A,0x0A0A,0x0A0A,0x0A0A,0x0A0A,
	0x0A0A,0x0A0A,0x0A0A,0x0A0A,0x0A0A,0x0A0A,0x0A0A,0x0A0A,
	0x0A0A,0x0A0A,0x0A0A,0x0A0A,0x0A0A,0x0A0A,0x0A0A,0x0A0A,
	0x0A0A,0x0A0A,0x0A0A,0x0A0A,0x0A0A,0x0A0A,0x3B0A,0x0A0A,
	0x0A0A,0x3B0A,0x3B0A,0x0A0A,0x0A0A,0x3B0A,0x0A0A,0x0A0A,

	0x1A1A,0x1A0A,0x1A1A,0x461A,0x0A0A,0x0A0A,0x0A0A,0x1846,
	0x0A0A,0x0A0A,0x0A0A,0x0A0A,0x0A0A,0x0A0A,0x0A0A,0x0A0A,
	0x0A0A,0x0A0A,0x0A0A,0x0A0A,0x0A0A,0x0A0A,0x0A0A,0x0A0A,
	0x0A0A,0x0A0A,0x0A0A,0x0A0A,0x0A0A,0x0A0A,0x0A0A,0x0A0A,
	0x4646,0x4646,0x320A,0x320A,0x0A0A,0x0A46,0x0A0A,0x0A32,
	0x0A0A,0x0A0A,0x0A0A,0x0A32,0x0A0A,0x0A0A,0x0A0A,0x0A0A,
	0x0A0A,0x0A0A,0x0A0A,0x0A0A,0x0A0A,0x0A0A,0x0A0A,0x0A0A,
	0x0A0A,0x0A0A,0x0A0A,0x0A0A,0x0A0A,0x0A0A,0x0A0A,0x0A0A,

	0x320A,0x0A0A,0x0A0A,0x0A0A,0x320A,0x0A0A,0x0A0A,0x0A0A,
	0x0A0A,0x0A0A,0x0A0A,0x0A0A,0x0A0A,0x0A0A,0x0A0A,0x0A0A,
	0x0A0A,0x0A0A,0x0A0A,0x0A0A,0x0A0A,0x0A0A,0x0A0A,0x0A0A,
	0x0A0A,0x0A0A,0x0A0A,0x0A0A,0x0A0A,0x0A0A,0x0A0A,0x0A0A,
	0x0A0A,0x0A0A,0x0A0A,0x0A0A,0x0A0A,0x0A0A,0x0A0A,0x0A0A,
	0x0A0A,0x0A0A,0x0A0A,0x0A0A,0x0A0A,0x0A0A,0x0A0A,0x0A0A,
	0x0A0A,0x0A0A,0x0A0A,0x0A0A,0x0A0A,0x0A0A,0x0A0A,0x0A0A,
	0x0A0A,0x0A0A,0x0A0A,0x0A0A,0x0A0A,0x0A0A,0x0A0A,0x0A0A,

	0x0A0A,0x0A0A,0x0A0A,0x0A1A,0x0A0A,0x0A0A,0x0A0A,0x0A0A,
	0x0A0A,0x0A0A,0x0A0A,0x0A0A,0x0A0A,0x0A0A,0x0A0A,0x0A0A,
	0x0A0A,0x0A0A,0x0A0A,0x0A0A,0x0A0A,0x0A0A,0x0A0A,0x0A0A,
	0x0A0A,0x0A0A,0x0A0A,0x0A0A,0x0A0A,0x0A0A,0x0A0A,0x0A0A,
	0x0A0A,0x1A0A,0x0A0A,0x1A0A,0x0A0A,0x0A0A,0x0A0A,0x1A1A,
	0x0A0A,0x0A0A,0x0A0A,0x1A1A,0x0A0A,0x0A0A,0x0A3E,0x1A0A,
	0x0A0A,0x3E0A,0x3E3E,0x1A3E,0x0A0A,0xC83E,0x3E3E,0x3E3E,
	0x0A0A,0x3E3E,0x3E3E,0x3E3E,0x0A0A,0x3E3E,0x3E3E,0x3EB1,

	0x1A1A,0x1A1A,0x1A1A,0x1A1A,0x1A1A,0x1A1A,0x1A1A,0x1A1A,
	0x1A1A,0x1A1A,0x1A1A,0x1A1A,0x1A1A,0x1A1A,0x1A1A,0x1A1A,
	0x0A1A,0x1A1A,0x1A1A,0x1A1A,0x1A1A,0x1A1A,0x1A1A,0x1A1A,
	0x1A1A,0x0A1A,0x0A1A,0x1A1A,0x3EC8,0x0A18,0x0A1A,0x1A1A,
	0x1A1A,0x1A1A,0x1A1A,0x1A1A,0x1A1A,0x1A1A,0x1A1A,0x1A1A,
	0x1A1A,0x1A1A,0x1A1A,0x1A1A,0x1A1A,0x1A1A,0x1A1A,0x1A1A,
	0x1A1A,0x1A1A,0x1A1A,0x1A1A,0x1A1A,0x1A1A,0x1A1A,0x1A1A,
	0x1A1A,0x1A1A,0x1A1A,0x1A1A,0x1A1A,0x1A1A,0x1A1A,0x1A1A,

	0x1A1A,0x1A1A,0x191A,0x601A,0x1A1A,0x1A1A,0x1A1A,0x1A1A,
	0x1A1A,0x1A1A,0x1A1A,0x1A1A,0x1A1A,0x1A1A,0x1A1A,0x1A1A,
	0x1A1A,0x1A1A,0x1A1A,0x1A1A,0x1A1A,0x1A1A,0x1A1A,0x1A1A,
	0x1A1A,0x1A1A,0x1A1A,0x1A1A,0x1A1A,0x1A1A,0x1A1A,0x1A1A,
	0x601A,0x1A1A,0x1A1A,0x0A1A,0x1A1A,0x1A1A,0x1A1A,0x1A1A,
	0x1A1A,0x1A1A,0x1A1A,0x1A1A,0x1A1A,0x1A1A,0x1A1A,0x1A1A,
	0x1A1A,0x1A1A,0x1A1A,0x1A1A,0x1A1A,0x1A1A,0x1A1A,0x1A1A,
	0x1A1A,0x1A1A,0x1A1A,0x1A1A,0x1A1A,0x1A1A,0x1A1A,0x1A1A,

	0x1A1A,0x1A1A,0x1A1A,0x1A1A,0x1A1A,0x1A1A,0x1A1A,0x1A1A,
	0x1A1A,0x1A1A,0x1A1A,0x1A1A,0x1A1A,0x1A1A,0x1A1A,0x1A1A,
	0x1A1A,0x1A1A,0x1A1A,0x1A1A,0x1A1A,0x1A1A,0x1A1A,0x1A1A,
	0x1A1A,0x1A1A,0x1A1A,0x1A1A,0x1A1A,0x1A1A,0x1A1A,0x1A1A,
	0x1A1A,0x1A1A,0x1A1A,0x1A1A,0x1A1A,0x1A1A,0x1A1A,0x1A1A,
	0x1A1A,0x1A1A,0x1A1A,0x1A1A,0x1A1A,0x1A1A,0x1A1A,0x1A1A,
	0x1A1A,0x1A1A,0x1A1A,0x1A1A,0x1A1A,0x1A1A,0x0A1A,0x1A0A,
	0x1A1A,0x1A1A,0x191A,0x1A0A,0x1A1A,0x1A1A,0x1A1A,0x1A1A,

	0x1A1A,0x1A1A,0x1A1A,0x1A1A,0x1A1A,0x1A1A,0x1A1A,0x1A1A,
	0x1A1A,0x1A1A,0x1A1A,0x1A1A,0x1A1A,0x1A1A,0x1A1A,0x1A1A,
	0x1A1A,0x1A1A,0x1A1A,0x1A1A,0x1A1A,0x1A1A,0x0D0D,0x0D0D,
	0x1A1A,0x1A1A,0x0D0D,0x0D19,0x1A1A,0x1A1A,0x1A1A,0x1A1A,
	0x1A1A,0x1A1A,0x1A1A,0x1A1A,0x1A1A,0x1A1A,0x1A1A,0x1A1A,
	0x1A1A,0x1A1A,0x1A1A,0x1A1A,0x1A1A,0x1A1A,0x1A1A,0x1A1A,
	0x1A1A,0x1A1A,0x1A1A,0x1A1A,0x1A1A,0x1A1A,0x1A1A,0x1A1A,
	0x1A0D,0x1A1A,0x1A1A,0x1A1A,0x1A1A,0x1A1A,0x1A1A,0x1A1A,

	0x1A1A,0x1A1A,0x0A1A,0x1A1A,0x1A1A,0x1A1A,0x1A1A,0x0A1A,
	0x1A1A,0x1A1A,0x1A1A,0x1A1A,0x1A1A,0x1A1A,0x1A1A,0x1A1A,
	0x1A1A,0x1A1A,0x1A1A,0x1A1A,0x1A1A,0x1A1A,0x1A1A,0x1A1A,
	0x1A1A,0x1A1A,0x1A1A,0x1A1A,0x1A1A,0x1A1A,0x1A1A,0x461A,
	0x1A0A,0x0A0A,0x1A1A,0x0A0A,0x1A1A,0x0A1A,0x0A0A,0x0A0A,
	0x0A1A,0x0A0A,0x0A0A,0x0A0A,0x1A1A,0x1A1A,0x0A0A,0x0A0A,
	0x1A1A,0x0A0A,0x1A0A,0x0A0A,0x1A46,0x0A1A,0x0A0A,0x1A1A,
	0x0A1A,0x0A0A,0x1A1A,0x1A1A,0x1A1A,0x0A0A,0x1A0A,0x1A1A,

	0x1A1A,0x0A1A,0x0A1A,0x3B1A,0x1A1A,0x1A1A,0x1A1A,0x1A1A,
	0x1A1A,0x1A1A,0x1A1A,0x1A1A,0x1A1A,0x1A1A,0x1A1A,0x1A1A,
	0x1A1A,0x1A1A,0x1A1A,0x1A1A,0x1A1A,0x1A1A,0x1A1A,0x1A1A,
	0x1A1A,0x1A1A,0x1A1A,0x1A1A,0x1A1A,0x1A1A,0x1A1A,0x1A1A,
	0x0A1A,0x1A1A,0x1A1A,0x1A1A,0x1A1A,0x1A1A,0x1A1A,0x1A1A,
	0x1A1A,0x1A1A,0x1A1A,0x1A1A,0x1A1A,0x1A1A,0x1A1A,0x1A1A,
	0x1A1A,0x1A1A,0x1A1A,0x1A1A,0x1A1A,0x1A1A,0x1A1A,0x1A1A,
	0x1A1A,0x1A1A,0x1A1A,0x1A1A,0x1A1A,0x1A1A,0x1A1A,0x1A1A,

	0x1A1A,0x1A1A,0x1A1A,0x5454,0x1A1A,0x1A1A,0x1A1A,0x5454,
	0x1A1A,0x1A1A,0x1A1A,0x541A,0x1A1A,0x1A1A,0x1A1A,0x1A1A,
	0x1A1A,0x1A1A,0x1A1A,0x1A1A,0x1A1A,0x1A1A,0x1A1A,0x1A1A,
	0x1A1A,0x1A1A,0x1A1A,0x1A0A,0x1A1A,0x1A1A,0x1A1A,0x1A1A,
	0x5454,0x5454,0x5454,0x5454,0x5454,0x5454,0x5454,0x5454,
	0x5454,0x5454,0x5454,0x5454,0x5454,0x5454,0x5454,0x1A54,
	0x1A54,0x5454,0x5454,0x1A58,0x0A1A,0x5854,0x5858,0x0A0A,
	0x690A,0x5858,0x0A0A,0x0A0A,0x1A1A,0x6969,0x540A,0x5454,

	0x5454,0x5454,0x0A0A,0x0A1A,0x5454,0x1A0A,0x0A0A,0x0A0A,
	0x541A,0x1A0A,0x0A0A,0x0A0A,0x1A0A,0x0A0A,0x0A0A,0x0A0A,
	0x0A0A,0x0A0A,0x0A69,0x0A0A,0x0A0A,0x0A1A,0x0A1A,0x0A0A,
	0x0A0A,0x0A1A,0x0A0A,0x0A0A,0x5454,0x5454,0x5454,0x0A0A,
	0x0A0A,0x5454,0x540A,0x5454,0x0A0A,0x5454,0x580A,0x5454,
	0x0A0A,0x5454,0x580A,0x5454,0x0A0A,0x5454,0x0A0A,0x5454,
	0x0A0A,0x5454,0x0A0A,0x5454,0x0A1A,0x5454,0x5454,0x0A58,
	0x0A1A,0x5454,0x5454,0x0A54,0x540A,0x5454,0x5454,0x0A54,

	0x5454,0x5454,0x5454,0x9F54,0x5454,0x5454,0x5454,0x0F54,
	0x5454,0x5454,0x5454,0x0F54,0x5454,0x5454,0x5454,0x5854,
	0x5454,0x0A0A,0x5454,0x0A0A,0x0A0A,0x0A0A,0x0A58,0x0A58,
	0x0A0A,0x0A0A,0x0A0A,0x0A58,0x5454,0x5454,0x5454,0x5454,
	0x5454,0x5454,0x5454,0x5454,0x5454,0x5454,0x540A,0x540A,
	0x540A,0x540A,0x0A0A,0x580A,0x5454,0x5454,0x5454,0x0A54,
	0x5454,0x5454,0x5454,0x0A54,0x5454,0x5454,0x5454,0x0A54,
	0x5454,0x5454,0x5454,0x0A54,0x549F,0x5454,0x5454,0x0A54,

	0x5454,0x5454,0x5454,0x4646,0x5454,0x5454,0x5454,0x460A,
	0x5454,0x5454,0x5454,0x1A1A,0x540A,0x5454,0x5454,0x0A0A,
	0x580A,0x0A58,0x5858,0x0A0A,0x0A0A,0x0A0A,0x0A1A,0x1A1A,
	0x0A0A,0x0A0A,0x540A,0x0A54,0x0A0A,0x5454,0x5454,0x5454,
	0x4646,0x1A46,0x5454,0x5454,0x460A,0x0A0A,0x5454,0x5454,
	0x0A0A,0x0A0A,0x5454,0x5454,0x0A0A,0x0A0A,0x5454,0x5454,
	0x0A1A,0x0A1A,0x5454,0x5454,0x1A1A,0x5454,0x5454,0x5454,
	0x1A1A,0x5454,0x5454,0x5454,0x0A0A,0x5454,0x5454,0x5454,

	0x5454,0x5454,0x5454,0x5454,0x5454,0x5454,0x5454,0x5454,
	0x5454,0x5454,0x5454,0x5454,0x5454,0x4654,0x540A,0x5454,
	0x5454,0x4654,0x540A,0x5454,0x5454,0x5446,0x5454,0x5454,
	0x5454,0x5446,0x5454,0x5454,0x5454,0x541A,0x5454,0x5454,
	0x540A,0x5454,0x5454,0x5454,0x540A,0x5454,0x5454,0x5454,
	0x541A,0x5454,0x5454,0x5454,0x540A,0x5454,0x5454,0x5454,
	0x540A,0x5454,0x5454,0x5454,0x541A,0x540A,0x0A54,0x0A54,
	0x580A,0x580A,0x0A0A,0x0A0A,0x5454,0x5454,0x5454,0x5454,

	0x5454,0x5454,0x5454,0x5454,0x5454,0x5454,0x5454,0x5454,
	0x5454,0x5454,0x5454,0x5454,0x5454,0x5454,0x5454,0x5454,
	0x5454,0x5454,0x5454,0x5454,0x540A,0x5858,0x0A58,0x0A58,
	0x580A,0x0A58,0x9F58,0x5454,0x5454,0x5454,0x9F54,0x5454,
	0x5454,0x540A,0x5454,0x5454,0x5454,0x540A,0x5454,0x5454,
	0x5454,0x540A,0x5454,0x5454,0x5454,0x540A,0x5454,0x5454,
	0x5454,0x540A,0x5454,0x5454,0x580A,0x580A,0x0A58,0x580A,
	0x5454,0x580A,0x0A0A,0x580A,0x5454,0x5454,0x5454,0x5454,

	0x5454,0x5454,0x0A0A,0x0A0A,0x5454,0x5454,0x0A0A,0x0A0A,
	0x5454,0x5454,0x0A0A,0x0A0A,0x5454,0x5454,0x0A0A,0x0A0A,
	0x5454,0x5454,0x0A0A,0x0A0A,0x0A58,0x580A,0x0A0A,0x0A0A,
	0x5458,0x5454,0x5454,0x0A0A,0x5454,0x5454,0x5454,0x5454,
	0x0A0A,0x0A0A,0x0A0A,0x0A0A,0x0A0A,0x0A0A,0x0A0A,0x0A0A,
	0x0A0A,0x0A0A,0x0A0A,0x0A0A,0x0A0A,0x0A0A,0x0A0A,0x0A0A,
	0x0A0A,0x0A0A,0x0A0A,0x0A0A,0x0A0A,0x0A0A,0x0A0A,0x0A0A,
	0x0A0A,0x0A0A,0x0A0A,0x0A0A,0x5454,0x0A54,0x0A0A,0x0A0A,

	0x0A0A,0x0A0A,0x1818,0x0A0A,0x0A0A,0x0A0A,0x0A0A,0x180A,
	0x0A0A,0x0A0A,0x0A0A,0x0A0A,0x0A0A,0x1A0A,0x0A0A,0x1A1A,
	0x1A1A,0x1A1A,0x0A0A,0x0A1A,0x1A0A,0x0A0A,0x0A0A,0x0A0A,
	0x0A0A,0x0A0A,0x0A0A,0x0A0A,0x0A0A,0x0A0A,0x0A1A,0x1A1A,
	0x181A,0x0A0A,0x0A0A,0x1A1A,0x1A1A,0x1A1A,0x0A0A,0x1A1A,
	0x1A0A,0x1A1A,0x0A0A,0x181A,0x1A1A,0x1A1A,0x1A1A,0x0A1A,
	0x1A1A,0x1A1A,0x1A1A,0x1A1A,0x1A0A,0x1A1A,0x1A1A,0x1A1A,
	0x1A1A,0x1A1A,0x1A1A,0x1A1A,0x1A1A,0x1A1A,0x1A1A,0x1A1A,

	0x1A1A,0x0A18,0x1A1A,0x1A1A,0x1A1A,0x1A1A,0x1A1A,0x1A1A,
	0x0A1A,0x1A1A,0x1A1A,0x1A1A,0x1A1A,0x1A1A,0x1A1A,0x1A1A,
	0x1A1A,0x0A1A,0x1A1A,0x1A1A,0x1A1A,0x1A1A,0x1A1A,0x1A1A,
	0x1A1A,0x1A1A,0x1A1A,0x1A1A,0x1A1A,0x1A1A,0x1A1A,0x1A1A,
	0x1A0A,0x1A0A,0x1A0A,0x1A0A,0x1A1A,0x1A1A,0x1A1A,0x1A1A,
	0x1A1A,0x1A1A,0x1A1A,0x1A1A,0x1A1A,0x1A1A,0x1A1A,0x1A1A,
	0x1A1A,0x1A1A,0x1A1A,0x1A1A,0x1A1A,0x1A1A,0x1A1A,0x1A1A,
	0x1A1A,0x1A1A,0x1A1A,0x1A1A,0x1A1A,0x1A1A,0x1A1A,0x1A1A,

	0x1A1A,0x1A1A,0x1A1A,0x1A1A,0x1A1A,0x1A1A,0x1A1A,0x1A1A,
	0x1A1A,0x1A1A,0x1A1A,0x1A1A,0x1A1A,0x1A1A,0x1A1A,0x1A1A,
	0x1A1A,0x1A1A,0x1A1A,0x1A1A,0x1A1A,0x1A1A,0x1A1A,0x1A1A,
	0x1A1A,0x1A1A,0x1A1A,0x1A1A,0x1A1A,0x1A1A,0x1A1A,0x1A1A,
	0x1A1A,0x1A1A,0x3F1A,0x9A3F,0x1A1A,0x1A1A,0x991A,0x9A3F,
	0x1A1A,0x1A1A,0x9A1A,0x9A3F,0x1A1A,0x1A1A,0x3F1A,0x9A9A,
	0x1A1A,0x1A1A,0x3F1A,0x9A9A,0x1A1A,0x1A1A,0x3F1A,0x9A3F,
	0x1A1A,0x1A1A,0x3F1A,0x9A3F,0x1A1A,0x1A1A,0x3F1A,0x9A3F,

	0x4B4B,0x4B4B,0x4B4B,0x4B4B,0x4B4B,0x4B4B,0x4B4B,0x4B4B,
	0x4B4B,0x4B4B,0x4B4B,0x4B4B,0x4B4B,0x4B4B,0x4B4B,0x4B4B,
	0x4B4B,0x4B4B,0x4B4B,0x4B4B,0x4B4B,0x4B4B,0x4B4B,0x4B4B,
	0x4B4B,0x4B4B,0x4B4B,0x4B4B,0x4B4B,0x4B4B,0x4B4B,0x4B4B,
	0x1A1A,0x1A1A,0x1A46,0x1A1A,0x1A1A,0x1A1A,0x1A1A,0x1A1A,
	0x1A1A,0x1A1A,0x1A1A,0x1A1A,0x1A1A,0x1A1A,0x1A1A,0x1A0A,
	0x1A1A,0x1A1A,0x1A1A,0x1A0A,0x1A1A,0x1A1A,0x1A1A,0x1A1A,
	0x1A1A,0x1A1A,0x1A1A,0x1A1A,0x1A1A,0x1A1A,0x1A1A,0x1A1A,

	0x1A1A,0x0A1A,0x1A1A,0x1A0A,0x0A0A,0x1A0A,0x181A,0x3B0A,
	0x0A1A,0x1A1A,0x1A0A,0x3B0A,0x1A1A,0x1A0A,0x1A1A,0x0A1A,
	0x1A1A,0x1A0A,0x1A1A,0x1A1A,0x1A1A,0x1A1A,0x1A0A,0x0A1A,
	0x1A1A,0x1A1A,0x1A1A,0x0A1A,0x1A1A,0x1A1A,0x1A1A,0x0A1A,
	0x1A1A,0x0A0A,0x0A0A,0x0A0A,0x1A1A,0x1A1A,0x0A0A,0x0A0A,
	0x1A1A,0x0A1A,0x0A0A,0x180A,0x1A0A,0x0A0A,0x0A0A,0x1A1A,
	0x1A0A,0x0A0A,0x0A0A,0x0A0A,0x0A0A,0x0A1A,0x0A0A,0x0A0A,
	0x1A0A,0x1A1A,0x1A0A,0x0A1A,0x1A0A,0x1A1A,0x1A1A,0x0A0A,

	0x0A0A,0x0A3B,0x0A0A,0x0A0A,0x1A0A,0x0A3B,0x0A0A,0x0A0A,
	0x0A18,0x0A0A,0x0A0A,0x0A0A,0x0A0A,0x0A0A,0x0A0A,0x0A0A,
	0x0A0A,0x0A0A,0x0A0A,0x0A0A,0x0A0A,0x0A0A,0x0A0A,0x0A0A,
	0x0A0A,0x0A0A,0x0A0A,0x0A0A,0x0A0A,0x0A0A,0x0A0A,0x0A0A,
	0x180A,0x180A,0x0A0A,0x0A0A,0x1A0A,0x0A18,0x0A0A,0x0A0A,
	0x0A0A,0x0A0A,0x0A0A,0x0A0A,0x0A0A,0x0A0A,0x0A0A,0x0A0A,
	0x0A0A,0x0A0A,0x0A0A,0x0A0A,0x0A0A,0x0A0A,0x0A0A,0x0A0A,
	0x0A0A,0x0A0A,0x0A0A,0x0A0A,0x0A0A,0x0A0A,0x0A0A,0x0A0A,

	0x0A0A,0x0A0A,0x0A0A,0x0A0A,0x0A0A,0x0A0A,0x180A,0x0A18,
	0x0A0A,0x0A0A,0x1818,0x0A0A,0x0A0A,0x0A0A,0x0A0A,0x0A0A,
	0x0A0A,0x0A0A,0x0A0A,0x0A0A,0x0A0A,0x0A0A,0x0A0A,0x0A0A,
	0x0A0A,0x0A0A,0x0A0A,0x0A0A,0x0A0A,0x0A0A,0x0A0A,0x0A0A,
	0x0A0A,0x0A0A,0x0A0A,0x1818,0x0A0A,0x0A0A,0x0A0A,0x1A1A,
	0x0A0A,0x0A0A,0x0A0A,0x0A0A,0x0A0A,0x0A0A,0x0A0A,0x0A0A,
	0x0A0A,0x0A0A,0x0A32,0x0A0A,0x0A0A,0x0A0A,0x0A0A,0x0A32,
	0x0A0A,0x0A0A,0x0A32,0x0A32,0x0A0A,0x0A0A,0x320A,0x0A0A,

	0x0A0A,0x0A0A,0x1A1A,0x0A0A,0x0A0A,0x1818,0x0A0A,0x0A0A,
	0x0A0A,0x1A1A,0x0A0A,0x0A0A,0x0A0A,0x0A0A,0x0A0A,0x0A0A,
	0x0A0A,0x0A0A,0x0A0A,0x0A0A,0x0A32,0x0A0A,0x0A0A,0x0A0A,
	0x0A32,0x0A0A,0x0A0A,0x0A0A,0x0A0A,0x0A0A,0x0A0A,0x0A0A,
	0x0A0A,0x0A0A,0x1818,0x0A0A,0x0A0A,0x0A0A,0x181A,0x0A0A,
	0x0A0A,0x1818,0x0A0A,0x0A0A,0x1A0A,0x0A1A,0x0A0A,0x0A0A,
	0x0A0A,0x0A0A,0x0A0A,0x0A0A,0x0A0A,0x0A0A,0x0A0A,0x0A0A,
	0x0A0A,0x3232,0x3232,0x0A0A,0x0A0A,0x0A0A,0x0A0A,0x0A0A,

	0x0A0A,0x0A0A,0x0A0A,0x0A0A,0x0A0A,0x0A0A,0x3B3B,0x0A0A,
	0x0A0A,0x0A0A,0x3B1A,0x3B3B,0x0A0A,0x0A0A,0x0A0A,0x1A3B,
	0x0A0A,0x0A0A,0x0A0A,0x0A0A,0x0A0A,0x0A0A,0x0A0A,0x0A0A,
	0x0A0A,0x0A46,0x0A0A,0x0A0A,0x0A0A,0x460A,0x460A,0x460A,
	0x0A0A,0x4646,0x4618,0x4646,0x0A0A,0x460A,0x4646,0x0A18,
	0x0A0A,0x0A0A,0x4646,0x0A0A,0x0A0A,0x1A1A,0x0A46,0x0A0A,
	0x0A0A,0x0A0A,0x0A46,0x0A0A,0x0A0A,0x0A0A,0x0A0A,0x0A0A,
	0x0A0A,0x0A0A,0x0A0A,0x0A0A,0x180A,0x180A,0x0A0A,0x320A,

	0x1846,0x0A0A,0x0A0A,0x0A0A,0x4646,0x0A1A,0x0A0A,0x0A0A,
	0x460A,0x0A0A,0x0A0A,0x0A0A,0x0A0A,0x0A0A,0x0A0A,0x0A0A,
	0x0A0A,0x0A0A,0x0A0A,0x0A0A,0x0A0A,0x0A0A,0x0A0A,0x0A0A,
	0x0A0A,0x0A0A,0x0A0A,0x0A0A,0x320A,0x0A0A,0x0A0A,0x0A0A,
	0x180A,0x180A,0x0A0A,0x0A0A,0x1A0A,0x0A18,0x0A0A,0x0A0A,
	0x0A0A,0x0A0A,0x0A0A,0x0A0A,0x0A0A,0x0A0A,0x0A0A,0x0A0A,
	0x0A0A,0x0A0A,0x0A0A,0x0A0A,0x0A0A,0x0A0A,0x0A0A,0x0A0A,
	0x0A0A,0x0A0A,0x0A0A,0x0A0A,0x0A0A,0x0A0A,0x0A0A,0x0A0A,

	0x0A0A,0x0A0A,0x0A0A,0x0A0A,0x0A0A,0x0A0A,0x180A,0x0A18,
	0x0A0A,0x0A0A,0x1818,0x0A0A,0x0A0A,0x0A0A,0x0A0A,0x0A0A,
	0x0A0A,0x0A0A,0x0A0A,0x0A0A,0x0A0A,0x0A0A,0x0A0A,0x0A0A,
	0x0A0A,0x0A0A,0x0A0A,0x0A0A,0x0A0A,0x0A0A,0x0A0A,0x0A0A,
	0x0A0A,0x0A0A,0x0A0A,0x0A0A,0x0A0A,0x0A0A,0x0A0A,0x180A,
	0x0A0A,0x0A0A,0x0A0A,0x1A1A,0x0A0A,0x0A0A,0x0A0A,0x0A0A,
	0x0A0A,0x0A0A,0x0A0A,0x0A0A,0x0A0A,0x0A0A,0x0A0A,0x0A0A,
	0x0A0A,0x0A0A,0x0A0A,0x0A0A,0x0A0A,0x0A0A,0x0A0A,0x0A0A,

	0x0A0A,0x0A0A,0x0A0A,0x0A0A,0x0A0A,0x0A0A,0x0A0A,0x0A0A,
	0x180A,0x0A18,0x0A0A,0x0A0A,0x180A,0x0A1A,0x0A0A,0x0A0A,
	0x0A0A,0x0A0A,0x0A0A,0x0A0A,0x0A0A,0x0A0A,0x0A0A,0x0A0A,
	0x0A0A,0x0A0A,0x0A0A,0x0A0A,0x0A0A,0x0A0A,0x0A0A,0x0A18,
	0x0A0A,0x0A0A,0x0A0A,0x0A0A,0x0A0A,0x0A0A,0x0A0A,0x0A0A,
	0x0A0A,0x0A0A,0x0A0A,0x0A0A,0x0A0A,0x0A0A,0x0A0A,0x0A0A,
	0x0A0A,0x0A0A,0x0A0A,0x0A0A,0x0A0A,0x0A0A,0x0A0A,0x0A0A,
	0x0A0A,0x0A0A,0x0A0A,0x0A0A,0x0A0A,0x0A0A,0x0A0A,0x0A0A,

	0x0A0A,0x0A0A,0x0A0A,0x1A1A,0x0A0A,0x0A0A,0x1A0A,0x1A1A,
	0x0A0A,0x1A0A,0x1A1A,0x1A1A,0x0A0A,0x0A0A,0x0A0A,0x0A0A,
	0x0A0A,0x0A0A,0x0A0A,0x0A0A,0x0A0A,0x1A0A,0x0A0A,0x0A1A,
	0x0A0A,0x0A0A,0x0A1A,0x0A0A,0x0A0A,0x0A0A,0x0A0A,0x0A0A,
	0x1A1A,0x1A1A,0x1A0A,0x1A1A,0x1A1A,0x0A0A,0x0A0A,0x0A0A,
	0x1A1A,0x0A0A,0x0A0A,0x1A0A,0x0A0A,0x0A46,0x0A0A,0x0A46,
	0x0A0A,0x0A46,0x0A46,0x1846,0x0A0A,0x4646,0x4646,0x4646,
	0x0A0A,0x460A,0x4646,0x4646,0x0A32,0x461A,0x0A46,0x460A,

	0x1A0A,0x0A1A,0x0A0A,0x0A0A,0x0A0A,0x0A0A,0x0A0A,0x0A0A,
	0x460A,0x0A0A,0x0A0A,0x0A0A,0x0A46,0x0A0A,0x0A0A,0x0A0A,
	0x0A46,0x0A0A,0x0A0A,0x0A0A,0x0A0A,0x0A0A,0x0A0A,0x0A0A,
	0x0A0A,0x0A0A,0x0A0A,0x0A0A,0x0A0A,0x0A0A,0x0A0A,0x180A,
	0x0A0A,0x0A0A,0x0A0A,0x0A0A,0x0A0A,0x0A0A,0x0A0A,0x0A0A,
	0x0A0A,0x3B3B,0x0A0A,0x0A0A,0x0A0A,0x3B1A,0x3B3B,0x0A0A,
	0x0A0A,0x0A0A,0x1A3B,0x0A0A,0x0A0A,0x0A0A,0x0A0A,0x1818,
	0x0A0A,0x0A0A,0x0A0A,0x181A,0x1A18,0x0A0A,0x0A0A,0x0A0A,

	0x0A0A,0x0A0A,0x0A0A,0x0A0A,0x0A0A,0x0A0A,0x0A0A,0x0A0A,
	0x0A0A,0x0A0A,0x0A0A,0x0A0A,0x3B0A,0x0A0A,0x0A0A,0x0A0A,
	0x3B3B,0x0A0A,0x0A0A,0x0A0A,0x1A3B,0x0A0A,0x0A0A,0x0A0A,
	0x0A0A,0x3B3B,0x0A0A,0x0A0A,0x0A0A,0x1A1A,0x0A0A,0x0A0A,
	0x0A0A,0x0A0A,0x0A0A,0x0A0A,0x0A0A,0x0A0A,0x0A32,0x0A0A,
	0x0A0A,0x0A0A,0x0A32,0x0A32,0x0A0A,0x0A0A,0x320A,0x0A32,
	0x0A0A,0x0A0A,0x320A,0x0A0A,0x0A0A,0x0A0A,0x0A0A,0x0A0A,
	0x0A0A,0x0A0A,0x0A0A,0x0A0A,0x0A0A,0x0A0A,0x0A0A,0x0A0A,

	0x0A32,0x0A0A,0x0A0A,0x0A0A,0x0A32,0x0A0A,0x0A0A,0x0A0A,
	0x0A0A,0x0A0A,0x0A0A,0x0A0A,0x0A0A,0x0A0A,0x0A0A,0x0A0A,
	0x0A0A,0x0A0A,0x0A0A,0x0A0A,0x0A0A,0x0A0A,0x0A0A,0x0A0A,
	0x0A0A,0x0A0A,0x0A0A,0x3B3B,0x0A0A,0x3B3B,0x0A0A,0x1A1A,
	0x0A0A,0x1A1A,0x0A0A,0x0A0A,0x0A0A,0x0A0A,0x0A0A,0x0A0A,
	0x0A0A,0x0A0A,0x0A0A,0x0A0A,0x0A0A,0x0A0A,0x0A0A,0x0A0A,
	0x0A0A,0x0A0A,0x0A0A,0x0A0A,0x0A0A,0x0A0A,0x0A0A,0x0A0A,
	0x0A0A,0x0A0A,0x0A0A,0x0A0A,0x0A0A,0x0A0A,0x0A0A,0x0A0A,

	0x0A0A,0x0A0A,0x0A0A,0x0A0A,0x0A0A,0x0A0A,0x0A0A,0x0A0A,
	0x0A0A,0x0A0A,0x0A0A,0x0A0A,0x0A0A,0x0A0A,0x0A0A,0x0A0A,
	0x0A0A,0x0A0A,0x0A0A,0x0A0A,0x0A0A,0x3B3B,0x0A18,0x0A0A,
	0x0A0A,0x3B1A,0x0A0A,0x0A0A,0x0A0A,0x0A0A,0x0A0A,0x0A0A,
	0x0A0A,0x0A0A,0x0A0A,0x0A0A,0x0A0A,0x0A0A,0x0A0A,0x0A0A,
	0x0A0A,0x0A0A,0x0A0A,0x0A0A,0x0A0A,0x3B0A,0x0A0A,0x0A0A,
	0x0A0A,0x3B0A,0x0A1A,0x0A0A,0x1818,0x3B0A,0x0A3B,0x0A0A,
	0x1A1A,0x1A0A,0x3B3B,0x0A0A,0x0A0A,0x0A0A,0x0A0A,0x0A0A,

	0x0A0A,0x0A0A,0x0A0A,0x0A0A,0x0A0A,0x0A0A,0x0A0A,0x0A0A,
	0x0A0A,0x0A0A,0x0A0A,0x0A0A,0x0A0A,0x0A0A,0x0A0A,0x0A0A,
	0x0A0A,0x0A0A,0x0A0A,0x0A0A,0x0A0A,0x0A0A,0x0A0A,0x0A0A,
	0x0A0A,0x0A0A,0x0A0A,0x0A0A,0x0A0A,0x0A0A,0x0A0A,0x0A0A,
	0x0A0A,0x0A0A,0x0A0A,0x0A0A,0x0A0A,0x0A3B,0x0A0A,0x0A0A,
	0x1A0A,0x0A3B,0x3B3B,0x0A0A,0x0A0A,0x0A0A,0x1A1A,0x0A0A,
	0x0A0A,0x0A0A,0x0A0A,0x0A0A,0x0A0A,0x0A0A,0x0A0A,0x0A0A,
	0x0A0A,0x0A0A,0x0A0A,0x0A0A,0x0A0A,0x0A0A,0x0A0A,0x0A18,

	0x0A0A,0x0A0A,0x0A0A,0x3E0A,0x0A0A,0x0A0A,0x0A0A,0xC80A,
	0x0A0A,0x0A0A,0x0A0A,0x3E3E,0x0A0A,0x0A0A,0x0A0A,0x3EC8,
	0x0A0A,0x0A0A,0x0A0A,0x3EC8,0x0A0A,0x0A0A,0x3E0A,0x3E3E,
	0x0A0A,0x0A0A,0xC80A,0x3E3E,0x1818,0x0A0A,0x3E3E,0xC83E,
	0x3E0A,0x3EC8,0x3E3E,0x3EC8,0x3E3E,0xC8C8,0xC8C8,0x3E3E,
	0x3E3E,0xC8C8,0x3EC8,0xC8C8,0x3E3E,0x3E3E,0x3E3E,0x3E3E,
	0x3EC8,0x3E3E,0x3E3E,0x3EC8,0x3E3E,0x3EC8,0xC8C8,0xC8C8,
	0x3EB1,0x3EC8,0x3E3E,0xB1C8,0xC83E,0x3E3E,0xC8B1,0x3EC8,

	0x3E3E,0x1A18,0x1A1A,0x1A1A,0x3E3E,0x1A3E,0x1A1A,0x1A1A,
	0x3E3E,0x1A3E,0x1A1A,0x1A1A,0x3E3E,0x1A3E,0x1A1A,0x1A0A,
	0xC8C8,0x1A3E,0x1A1A,0x1A1A,0x3EB1,0x0AC8,0x1A0A,0x1A1A,
	0x3E3E,0x3E3E,0x1A0A,0x1A1A,0x3E3E,0xC8C8,0x0A0A,0x0A1A,
	0x1A0A,0x1A1A,0x1A1A,0x1A1A,0x1A1A,0x1A1A,0x1A1A,0x1A1A,
	0x1A1A,0x1A1A,0x1A1A,0x1A1A,0x1A1A,0x1A1A,0x1A1A,0x1A1A,
	0x1A1A,0x1A1A,0x1A1A,0x1A1A,0x1A1A,0x1A1A,0x1A1A,0x1A1A,
	0x1A0A,0x1A0A,0x1A1A,0x1A1A,0x0A0A,0x0A1A,0x1A0A,0x0A1A,

	0x1A1A,0x1A1A,0x1A1A,0x1A1A,0x1A1A,0x1A1A,0x1A1A,0x1A1A,
	0x1A1A,0x1A1A,0x1A1A,0x1A1A,0x1A1A,0x1A1A,0x1A1A,0x1A1A,
	0x1A1A,0x1A1A,0x1A1A,0x1A1A,0x1A1A,0x1A1A,0x1A1A,0x1A1A,
	0x1A1A,0x1A1A,0x1A1A,0x1A1A,0x1A1A,0x1A1A,0x1A1A,0x1A1A,
	0x1A1A,0x1A1A,0x1A1A,0x1A1A,0x1A1A,0x1A1A,0x1A1A,0x1A1A,
	0x1A1A,0x1A1A,0x1A1A,0x1A1A,0x1A1A,0x1A1A,0x1A1A,0x1A1A,
	0x1A1A,0x1A1A,0x1A1A,0x1A1A,0x1A1A,0x1A1A,0x1A1A,0x1A1A,
	0x1A1A,0x1A1A,0x1A1A,0x1A1A,0x1A1A,0x1A1A,0x1A1A,0x1A1A,

	0x1A1A,0x1A1A,0x1A1A,0x1A1A,0x1A1A,0x1A1A,0x1A1A,0x1A1A,
	0x1A1A,0x1A1A,0x1A1A,0x1A1A,0x1A1A,0x1A1A,0x1A1A,0x1A1A,
	0x1A1A,0x1A1A,0x1A1A,0x1A1A,0x1A1A,0x1A1A,0x1A1A,0x1A1A,
	0x1A1A,0x1A1A,0x1A1A,0x0A1A,0x1A1A,0x1A1A,0x1A1A,0x191A,
	0x1A1A,0x1A1A,0x1A1A,0x1A1A,0x1A1A,0x1A1A,0x1A1A,0x1A1A,
	0x1A1A,0x1A1A,0x1A1A,0x1A1A,0x1A1A,0x1A1A,0x1A1A,0x5454,
	0x1A1A,0x1A1A,0x1A1A,0x5454,0x1A1A,0x1A1A,0x1A1A,0x5656,
	0x1A1A,0x1A1A,0x1A1A,0x5656,0x1A1A,0x1A1A,0x1A1A,0x5656,

	0x1A1A,0x1A1A,0x1A1A,0x1A1A,0x9595,0x1A1A,0x1A1A,0x1A1A,
	0x5454,0x5454,0x5454,0x1A1A,0x5454,0x5454,0x5454,0x0A0A,
	0x5454,0x5454,0x5454,0x3939,0x5656,0x5656,0x5656,0x3939,
	0x5656,0x5656,0x5656,0x3939,0x5656,0x5656,0x5656,0x4242,
	0x1A1A,0x1A1A,0x1A1A,0x1A1A,0x1A1A,0x541A,0x5454,0x5454,
	0x1A1A,0x541A,0x5454,0x5454,0x3939,0x5439,0x5454,0x5454,
	0x3939,0x6639,0x6666,0x6666,0x3939,0x6639,0x6666,0x6666,
	0x3939,0x6639,0x6666,0x6666,0x3939,0xBA39,0x42BA,0x5656,

	0x1A1A,0x1A1A,0x1A1A,0x1A18,0x5454,0x5454,0x1A1A,0x460A,
	0x5454,0x5454,0x0A1A,0x0A0A,0x6666,0x6666,0x3942,0x1A39,
	0x6666,0x6666,0x3942,0xBA39,0x6666,0x6666,0x3942,0x5439,
	0x6666,0x6666,0x3942,0x5439,0x5656,0x5656,0x5656,0x5456,
	0x4646,0x0A1A,0x1A0A,0x1A1A,0x1A46,0x0A0A,0x1A0A,0x1A1A,
	0x1A46,0x1A1A,0x1A0A,0x1A1A,0x1A1A,0x1A1A,0x0A1A,0x3939,
	0x5454,0x5454,0x1A1A,0x3939,0x5454,0x5454,0x5454,0x3939,
	0x5454,0x5454,0x5454,0x3939,0x5454,0x5454,0x5454,0x3939,

	0x1A1A,0x1A1A,0x1A1A,0x1A1A,0x1A1A,0x1A1A,0x1A1A,0x1A1A,
	0x1A1A,0x1A1A,0x1A1A,0x1A1A,0x1A1A,0x1A1A,0x1A1A,0x1A1A,
	0x1A1A,0x1A1A,0x1A1A,0x1A1A,0x1A1A,0x1A1A,0x1A1A,0x1A1A,
	0x1A1A,0x1A1A,0x1A1A,0x1A1A,0x1A1A,0x1A1A,0x1A1A,0x1A1A,
	0x1A1A,0x1A1A,0x1A1A,0x1A1A,0x1A1A,0x1A1A,0x1A1A,0x1A1A,
	0x1A1A,0x1A1A,0x1A1A,0x1A1A,0x1A1A,0x1A1A,0x0A1A,0x0A1A,
	0x1A1A,0x1A1A,0x0A0A,0x0A0A,0x1A1A,0x1A1A,0x0A1A,0x0A0A,
	0x0A0A,0x1A1A,0x0A0A,0x0A0A,0x0A1A,0x1A0A,0x1A1A,0x1A1A,

	0x1A1A,0x1A1A,0x1A1A,0x1A1A,0x1A1A,0x1A1A,0x0A1A,0x0A0A,
	0x1A1A,0x0A1A,0x0A1A,0x0A0A,0x1A1A,0x1A1A,0x0A0A,0x0A0A,
	0x1A1A,0x0A0A,0x0A0A,0x0A0A,0x0A0A,0x1A0A,0x0A0A,0x0A0A,
	0x0A0A,0x1A1A,0x0A0A,0x0A0A,0x0A0A,0x0A0A,0x0A0A,0x0A0A,
	0x1A0A,0x6969,0x5454,0x5454,0x0A0A,0x0A0A,0x5454,0x5454,
	0x0A0A,0x0A0A,0x5454,0x5454,0x0A1A,0x0A1A,0x5454,0x5454,
	0x0A0A,0x0A1A,0x5454,0x5454,0x0A0A,0x0A0A,0x549F,0x5454,
	0x0A0A,0x0A0A,0x549F,0x5454,0x0A0A,0x0A0A,0x580A,0x0A0A,

	0x5454,0x5454,0x5454,0x0A0A,0x5454,0x5454,0x5454,0x180A,
	0x5454,0x5454,0x5454,0x180A,0x5454,0x5454,0x5454,0x0A54,
	0x5454,0x5454,0x5454,0x0A54,0x5454,0x5454,0x5454,0x0A54,
	0x0A54,0x5454,0x0A54,0x0A54,0x0A0A,0x0A0A,0x0A0A,0x0A0A,
	0x540A,0x5454,0x5454,0x0A54,0x5454,0x5454,0x5454,0x3254,
	0x5454,0x5454,0x5454,0x3254,0x5454,0x5454,0x5454,0x0A54,
	0x5454,0x5454,0x5454,0x0A54,0x5454,0x5454,0x5454,0x0A54,
	0x5454,0x5454,0x5454,0x0A54,0x0A0A,0x9F54,0x9F9F,0x0A9F,

	0x5454,0x5454,0x5454,0x5454,0x5454,0x5454,0x5454,0x5454,
	0x5454,0x5454,0x5454,0x5454,0x5454,0x5454,0x5454,0x5454,
	0x5454,0x5454,0x5454,0x5454,0x5454,0x0A54,0x0A54,0x540A,
	0x5858,0x0A0A,0x0A58,0x580A,0x0A0A,0x0A0A,0x0A0A,0x0A0A,
	0x549F,0x5454,0x5454,0x0A54,0x549F,0x5454,0x540A,0x0A54,
	0x5854,0x580A,0x580A,0x0A58,0x0A54,0x0A0A,0x3B0A,0x0A0A,
	0x0A54,0x1818,0x3B0A,0x0A1A,0x0A54,0x1A1A,0x0A0A,0x0A3B,
	0x0A58,0x0A0A,0x0A0A,0x1A1A,0x0A0A,0x0A0A,0x0A0A,0x0A0A,

	0x5454,0x5454,0x5454,0x5454,0x0A54,0x5454,0x5454,0x5454,
	0x540A,0x5454,0x5454,0x5454,0x540A,0x5454,0x5454,0x5454,
	0x580A,0x540A,0x5454,0x5454,0x0A0A,0x5454,0x5454,0x580A,
	0x0A0A,0x5454,0x580A,0x580A,0x0A0A,0x580A,0x0A58,0x0A0A,
	0x0A0A,0x5454,0x5454,0x5454,0x0A54,0x5454,0x5454,0x5454,
	0x0A54,0x5454,0x5454,0x5454,0x5454,0x5454,0x5454,0x5454,
	0x5454,0x5454,0x5454,0x5454,0x5858,0x5454,0x5454,0x5454,
	0x0A0A,0x5858,0x0A58,0x580A,0x0A0A,0x0A0A,0x0A0A,0x0A0A,

	0x5446,0x5454,0x5454,0x5454,0x0A54,0x5454,0x5454,0x5454,
	0x5454,0x5454,0x5454,0x5454,0x3254,0x5454,0x5454,0x5454,
	0x5454,0x5454,0x5454,0x5454,0x5454,0x5432,0x5454,0x5454,
	0x5858,0x5454,0x5454,0x540A,0x0A0A,0x5454,0x0A54,0x0A0A,
	0x5454,0x5454,0x5454,0x5454,0x5454,0x5454,0x5454,0x5454,
	0x5454,0x5454,0x5454,0x5454,0x5454,0x5454,0x5454,0x5454,
	0x5454,0x5454,0x5454,0x5454,0x5454,0x5454,0x5454,0x5454,
	0x5454,0x540A,0x5454,0x0A54,0x5858,0x0A0A,0x0A0A,0x0A0A,

	0x5454,0x5454,0x9F54,0x5454,0x5454,0x5454,0x5454,0x5454,
	0x5454,0x5454,0x5454,0x5454,0x5454,0x5454,0x9F54,0x5454,
	0x5454,0x5454,0x9F54,0x5454,0x5454,0x5454,0x9F54,0x5454,
	0x0A54,0x0A54,0x9F54,0x5454,0x580A,0x0A0A,0x0F58,0x0A0A,
	0x5454,0x5454,0x5454,0x5454,0x5454,0x5454,0x5454,0x5454,
	0x5454,0x5454,0x5454,0x5454,0x5454,0x5454,0x5454,0x5454,
	0x5454,0x5454,0x5454,0x5454,0x5454,0x5454,0x5454,0x5454,
	0x5454,0x5454,0x5454,0x5454,0x9F9F,0x9F0A,0x9F9F,0x9F9F,

	0x5454,0x5454,0x5454,0x5454,0x5454,0x5454,0x5454,0x5454,
	0x5454,0x5454,0x5454,0x5454,0x5454,0x5454,0x5454,0x5454,
	0x5454,0x5454,0x5454,0x5454,0x5454,0x5454,0x5454,0x5454,
	0x5858,0x0A54,0x540A,0x540A,0x0A0A,0x0A58,0x0A0A,0x0A0A,
	0x5454,0x0A54,0x0A0A,0x0A0A,0x5454,0x0A54,0x0A0A,0x0A0A,
	0x5454,0x0A54,0x0A0A,0x0A0A,0x5454,0x0A54,0x0A0A,0x0A0A,
	0x5454,0x0A54,0x0A0A,0x0A0A,0x5454,0x0A54,0x0A0A,0x0A0A,
	0x0A54,0x0A0A,0x0A0A,0x0A0A,0x0A0A,0x0A0A,0x0A0A,0x0A0A,

	0x0A0A,0x0A0A,0x1A1A,0x1A1A,0x0A0A,0x0A0A,0x1A0A,0x1A1A,
	0x0A0A,0x1A0A,0x1A1A,0x1A1A,0x0A1A,0x0A0A,0x0A1A,0x1A0A,
	0x0A0A,0x0A0A,0x0A0A,0x0A0A,0x0A0A,0x0A0A,0x0A0A,0x0A0A,
	0x0A0A,0x0A0A,0x0A0A,0x0A1A,0x0A0A,0x0A0A,0x1A0A,0x1A1A,
	0x1A1A,0x1A1A,0x1A1A,0x1A1A,0x1A0A,0x1A1A,0x0A1A,0x1A1A,
	0x1A0A,0x1A1A,0x1A1A,0x1A1A,0x1A1A,0x1A1A,0x1A1A,0x1A1A,
	0x1A1A,0x1A1A,0x1A1A,0x1A1A,0x1A1A,0x1A1A,0x1A1A,0x1A1A,
	0x1A1A,0x1A1A,0x1A1A,0x1A1A,0x1A1A,0x1A1A,0x1A1A,0x1A1A,

	0x1A1A,0x1A1A,0x1A1A,0x1A1A,0x1A1A,0x1A1A,0x1A1A,0x1A1A,
	0x1A1A,0x1A1A,0x1A1A,0x1A1A,0x1A1A,0x1A1A,0x1A1A,0x1A1A,
	0x1A1A,0x1A1A,0x1A1A,0x1A1A,0x1A1A,0x1A1A,0x1A1A,0x1A1A,
	0x1A1A,0x1A1A,0x1A1A,0x1A1A,0x1A1A,0x1A1A,0x1A1A,0x1A1A,
	0x1A1A,0x1A1A,0x1A1A,0x1A1A,0x1A1A,0x1A1A,0x1A1A,0x1A1A,
	0x1A1A,0x1A1A,0x1A1A,0x1A1A,0x1A1A,0x1A1A,0x1A1A,0x1A1A,
	0x1A1A,0x1A1A,0x1A1A,0x1A1A,0x1A1A,0x1A1A,0x1A1A,0x1A1A,
	0x1A1A,0x1A1A,0x1A1A,0x1A1A,0x1A1A,0x1A1A,0x1A1A,0x1A1A,

	0x1A1A,0x1A1A,0x1A1A,0x1A1A,0x1A1A,0x1A1A,0x1A1A,0x1A1A,
	0x1A1A,0x1A1A,0x1A1A,0x1A1A,0x1A1A,0x1A1A,0x1A1A,0x1A1A,
	0x1A1A,0x1A1A,0x1A1A,0x1A1A,0x1A1A,0x1A1A,0x1A1A,0x1A1A,
	0x1A1A,0x1A1A,0x1A1A,0x1A1A,0x1A1A,0x1A1A,0x1A1A,0x1A1A,
	0x1A1A,0x1A1A,0x3F1A,0x9A3F,0x1A1A,0x1A1A,0x3F1A,0x9A3F,
	0x1A1A,0x1A1A,0x3F1A,0x9A3F,0x1A1A,0x1A1A,0x5A1A,0x9A3F,
	0x1A1A,0x1A1A,0x991A,0x9A3F,0x1A1A,0x1A1A,0x9A1A,0x9A5A,
	0x1A1A,0x1A1A,0x3FA8,0x9A9A,0x1A1A,0x1A1A,0x3FA8,0x9A3F,

	0x4B4B,0x4B4B,0x4B4B,0x4B4B,0x4B4B,0x4B4B,0x4B4B,0x4B4B,
	0x4B4B,0x4B4B,0x4B4B,0x4B4B,0x4B4B,0x4B4B,0x4B4B,0x4B4B,
	0x4B4B,0x4B4B,0x4B4B,0x4B4B,0x4B4B,0x4B4B,0x4B4B,0x4B4B,
	0x4B4B,0x4B4B,0x4B4B,0x4B4B,0x4B4B,0x4B4B,0x4B4B,0x994B,
	0x1A4B,0x1A1A,0x1A1A,0x1A1A,0x1A4B,0x1A1A,0x1A1A,0x1A1A,
	0x1A4B,0x1A1A,0x1A1A,0x1A1A,0x1A4B,0x1A1A,0x1A1A,0x1A1A,
	0x1A4B,0x1A1A,0x1A1A,0x1A1A,0x1A4B,0x1A1A,0x1A1A,0x1A1A,
	0x1A99,0x1A1A,0x1A1A,0x1A1A,0x1A99,0x1A1A,0x1A1A,0x1A1A,

	0x1A1A,0x1A1A,0x0A1A,0x1A0A,0x1A1A,0x1A1A,0x1A1A,0x1A1A,
	0x1A1A,0x1A1A,0x1A1A,0x1A1A,0x1A1A,0x1A1A,0x1A1A,0x1A1A,
	0x1A1A,0x1A1A,0x1A1A,0x1A1A,0x1A1A,0x1A1A,0x1A1A,0x1A1A,
	0x1A1A,0x1A1A,0x1A1A,0x1A1A,0x1A1A,0x1A1A,0x1A1A,0x1A1A,
	0x1A0A,0x1A1A,0x1A0A,0x0A0A,0x1A1A,0x1A1A,0x1A1A,0x1A0A,
	0x1A0A,0x1A1A,0x0A1A,0x0A0A,0x1A1A,0x1A1A,0x1A1A,0x1A0A,
	0x1A1A,0x1A1A,0x1A1A,0x1A0A,0x1A1A,0x1A1A,0x1A1A,0x1A1A,
	0x1A1A,0x1A1A,0x1A1A,0x1A1A,0x1A1A,0x1A1A,0x1A1A,0x0A0A,

	0x0A0A,0x0A0A,0x0A0A,0x0A0A,0x1A1A,0x0A1A,0x0A0A,0x0A0A,
	0x0A0A,0x0A0A,0x0A0A,0x0A0A,0x0A0A,0x0A0A,0x0A0A,0x0A0A,
	0x0A1A,0x0A0A,0x0A0A,0x0A0A,0x0A1A,0x0A0A,0x0A0A,0x0A0A,
	0x0A1A,0x0A0A,0x0A0A,0x0A0A,0x0A0A,0x0A0A,0x0A0A,0x0A0A,
	0x0A0A,0x0A0A,0x0A0A,0x0A0A,0x0A0A,0x0A0A,0x0A0A,0x0A0A,
	0x0A0A,0x0A0A,0x0A0A,0x0A0A,0x0A0A,0x0A0A,0x0A0A,0x0A0A,
	0x0A0A,0x0A0A,0x0A0A,0x0A0A,0x0A0A,0x0A0A,0x0A0A,0x0A0A,
	0x0A0A,0x0A0A,0x0A0A,0x0A0A,0x0A0A,0x0A0A,0x0A0A,0x0A0A,

	0x0A0A,0x0A0A,0x0A0A,0x0A0A,0x0A0A,0x0A0A,0x0A0A,0x0A0A,
	0x0A0A,0x0A0A,0x0A0A,0x0A0A,0x0A0A,0x0A0A,0x0A0A,0x0A0A,
	0x0A0A,0x0A0A,0x180A,0x0A0A,0x0A0A,0x0A0A,0x1A0A,0x0A18,
	0x0A0A,0x0A0A,0x0A0A,0x0A0A,0x0A0A,0x0A0A,0x0A0A,0x0A0A,
	0x0A0A,0x0A0A,0x0A0A,0x0A0A,0x0A0A,0x0A0A,0x0A0A,0x0A0A,
	0x0A18,0x0A0A,0x0A0A,0x0A0A,0x0A18,0x0A0A,0x0A0A,0x0A0A,
	0x1A1A,0x0A0A,0x0A0A,0x0A0A,0x1818,0x0A0A,0x0A0A,0x0A0A,
	0x1A18,0x0A0A,0x0A0A,0x0A0A,0x0A0A,0x0A0A,0x0A0A,0x0A0A,

	0x0A0A,0x0A0A,0x0A0A,0x0A0A,0x0A0A,0x0A0A,0x0A0A,0x0A0A,
	0x0A0A,0x0A0A,0x0A0A,0x0A0A,0x0A0A,0x0A0A,0x0A0A,0x1818,
	0x0A0A,0x0A0A,0x0A0A,0x1818,0x0A0A,0x0A0A,0x0A0A,0x0A0A,
	0x0A0A,0x0A0A,0x0A0A,0x0A0A,0x0A0A,0x0A0A,0x0A0A,0x0A0A,
	0x0A0A,0x0A0A,0x320A,0x0A0A,0x0A0A,0x0A0A,0x0A0A,0x0A0A,
	0x0A0A,0x0A0A,0x0A0A,0x0A0A,0x0A0A,0x0A18,0x0A0A,0x0A0A,
	0x0A0A,0x1A1A,0x0A0A,0x0A0A,0x0A0A,0x0A0A,0x0A0A,0x0A0A,
	0x0A0A,0x0A0A,0x0A0A,0x0A0A,0x0A0A,0x0A0A,0x0A0A,0x0A0A,

	0x0A0A,0x460A,0x460A,0x460A,0x0A0A,0x4618,0x4646,0x1846,
	0x0A0A,0x4646,0x4646,0x1846,0x0A0A,0x0A46,0x0A0A,0x4646,
	0x0A0A,0x0A0A,0x0A0A,0x460A,0x0A0A,0x0A0A,0x0A0A,0x460A,
	0x0A0A,0x0A0A,0x0A0A,0x0A0A,0x0A0A,0x0A32,0x0A32,0x0A0A,
	0x180A,0x180A,0x0A1A,0x3232,0x4646,0x0A0A,0x0A0A,0x0A0A,
	0x0A46,0x320A,0x0A0A,0x0A0A,0x0A0A,0x0A32,0x3232,0x3232,
	0x0A0A,0x320A,0x320A,0x320A,0x0A0A,0x0A0A,0x0A0A,0x0A0A,
	0x0A0A,0x0A0A,0x0A0A,0x0A0A,0x0A0A,0x0A0A,0x0A0A,0x0A0A,

	0x3232,0x320A,0x0A0A,0x0A0A,0x0A0A,0x0A32,0x0A0A,0x0A0A,
	0x0A0A,0x0A0A,0x0A0A,0x0A0A,0x0A0A,0x0A0A,0x0A0A,0x0A0A,
	0x0A0A,0x0A0A,0x0A0A,0x0A0A,0x0A0A,0x0A0A,0x0A0A,0x0A0A,
	0x0A0A,0x0A0A,0x0A0A,0x0A0A,0x0A0A,0x0A0A,0x0A0A,0x0A0A,
	0x0A0A,0x0A0A,0x0A0A,0x0A0A,0x0A0A,0x0A0A,0x0A0A,0x0A0A,
	0x0A0A,0x0A0A,0x0A0A,0x0A0A,0x0A0A,0x0A0A,0x0A0A,0x0A0A,
	0x0A0A,0x0A0A,0x0A0A,0x0A0A,0x0A0A,0x0A0A,0x0A0A,0x0A0A,
	0x0A0A,0x0A0A,0x0A0A,0x0A0A,0x0A0A,0x0A0A,0x0A0A,0x0A0A,

	0x0A0A,0x0A0A,0x0A0A,0x0A0A,0x0A0A,0x0A0A,0x0A0A,0x0A0A,
	0x0A0A,0x0A0A,0x0A0A,0x0A0A,0x0A0A,0x0A0A,0x0A0A,0x0A0A,
	0x0A0A,0x0A0A,0x180A,0x0A0A,0x0A0A,0x0A0A,0x1A0A,0x0A18,
	0x0A0A,0x0A0A,0x0A0A,0x0A0A,0x0A0A,0x0A0A,0x0A0A,0x0A0A,
	0x0A0A,0x0A0A,0x0A0A,0x0A0A,0x0A0A,0x0A0A,0x0A0A,0x0A0A,
	0x0A18,0x0A0A,0x0A0A,0x0A0A,0x0A18,0x0A0A,0x0A0A,0x0A0A,
	0x1A1A,0x0A0A,0x0A0A,0x0A0A,0x1818,0x0A0A,0x0A0A,0x0A0A,
	0x1A18,0x0A0A,0x0A0A,0x0A0A,0x0A0A,0x0A0A,0x0A0A,0x0A0A,

	0x0A0A,0x0A0A,0x0A18,0x1A1A,0x0A0A,0x0A0A,0x0A0A,0x0A0A,
	0x0A0A,0x0A0A,0x0A0A,0x0A0A,0x0A0A,0x0A0A,0x0A0A,0x0A0A,
	0x0A0A,0x0A0A,0x0A0A,0x0A0A,0x0A0A,0x0A0A,0x0A0A,0x0A0A,
	0x0A0A,0x0A0A,0x0A0A,0x0A0A,0x0A0A,0x0A0A,0x0A0A,0x0A0A,
	0x0A0A,0x0A0A,0x0A0A,0x0A0A,0x0A0A,0x0A0A,0x0A0A,0x0A0A,
	0x0A0A,0x0A0A,0x0A0A,0x0A0A,0x0A0A,0x0A0A,0x0A0A,0x0A0A,
	0x0A0A,0x0A0A,0x0A0A,0x0A0A,0x0A0A,0x0A0A,0x0A0A,0x0A0A,
	0x0A0A,0x0A0A,0x0A0A,0x0A0A,0x0A0A,0x0A0A,0x0A0A,0x0A0A,

	0x0A0A,0x0A0A,0x0A0A,0x0A0A,0x0A0A,0x0A0A,0x0A32,0x0A32,
	0x0A0A,0x0A0A,0x3232,0x0A32,0x0A0A,0x0A0A,0x320A,0x0A0A,
	0x0A0A,0x0A0A,0x0A0A,0x0A0A,0x0A0A,0x1A0A,0x1A1A,0x1A0A,
	0x0A0A,0x1A1A,0x0A1A,0x1A1A,0x0A0A,0x0A0A,0x0A0A,0x1A0A,
	0x0A32,0x0A0A,0x0A46,0x0A0A,0x0A0A,0x0A0A,0x0A0A,0x320A,
	0x0A0A,0x0A0A,0x0A0A,0x320A,0x0A0A,0x0A0A,0x0A0A,0x0A0A,
	0x0A0A,0x0A0A,0x0A0A,0x0A0A,0x0A1A,0x1A1A,0x0A0A,0x0A0A,
	0x1A1A,0x1A1A,0x0A0A,0x0A0A,0x0A0A,0x0A0A,0x0A0A,0x0A0A,

	0x0A0A,0x320A,0x0A0A,0x0A0A,0x320A,0x0A0A,0x0A0A,0x0A0A,
	0x320A,0x320A,0x0A0A,0x0A0A,0x0A0A,0x0A32,0x0A0A,0x0A69,
	0x0A0A,0x0A0A,0x0A0A,0x0A1A,0x0A0A,0x0A0A,0x0A0A,0x0A0A,
	0x0A0A,0x0A0A,0x0A0A,0x0A0A,0x0A0A,0x0A0A,0x0A0A,0x0A0A,
	0x0A1A,0x0A0A,0x0A0A,0x0A0A,0x0A0A,0x0A0A,0x0A0A,0x6969,
	0x0A0A,0x0A0A,0x0A0A,0x6969,0x0A0A,0x0A0A,0x0A0A,0x0A0A,
	0x0A0A,0x0A0A,0x0A0A,0x0A0A,0x0A0A,0x0A0A,0x0A0A,0x0A0A,
	0x0A0A,0x0A0A,0x0A0A,0x0A0A,0x0A0A,0x0A0A,0x0A0A,0x0A0A,

	0x0A0A,0x0A0A,0x0A0A,0x0A0A,0x0A0A,0x0A0A,0x0A0A,0x0A0A,
	0x0A0A,0x0A0A,0x0A0A,0x0A0A,0x0A69,0x0A0A,0x0A0A,0x0A0A,
	0x0A69,0x0A0A,0x0A0A,0x0A0A,0x0A0A,0x0A0A,0x0A0A,0x0A0A,
	0x0A0A,0x0A0A,0x0A0A,0x0A0A,0x0A0A,0x0A0A,0x0A0A,0x0A0A,
	0x0A0A,0x0A0A,0x0A0A,0x0A0A,0x0A0A,0x0A0A,0x0A0A,0x0A0A,
	0x0A0A,0x0A0A,0x0A0A,0x0A0A,0x0A0A,0x0A0A,0x0A0A,0x0A0A,
	0x0A0A,0x0A0A,0x0A0A,0x0A0A,0x0A0A,0x0A0A,0x0A0A,0x0A0A,
	0x0A0A,0x0A0A,0x0A0A,0x0A0A,0x0A0A,0x0A0A,0x0A0A,0x0A0A,

	0x0A0A,0x1A1A,0x0A0A,0x0A0A,0x0A0A,0x0A0A,0x0A0A,0x0A3B,
	0x0A0A,0x0A0A,0x0A0A,0x0A3B,0x0A0A,0x0A0A,0x0A0A,0x0A0A,
	0x0A0A,0x0A0A,0x0A0A,0x0A0A,0x0A0A,0x0A0A,0x0A0A,0x0A0A,
	0x0A0A,0x0A0A,0x0A0A,0x0A0A,0x0A0A,0x0A0A,0x0A0A,0x0A0A,
	0x0A0A,0x0A0A,0x0A0A,0x0A0A,0x0A0A,0x0A0A,0x0A0A,0x0A0A,
	0x460A,0x0A0A,0x0A0A,0x0A0A,0x0A0A,0x0A46,0x0A0A,0x0A46,
	0x0A0A,0x0A46,0x0A46,0x0A18,0x0A0A,0x460A,0x1846,0x0A0A,
	0x0A0A,0x461A,0x0A46,0x0A0A,0x0A0A,0x0A0A,0x0A0A,0x0A0A,

	0x0A0A,0x0A0A,0x0A0A,0x0A0A,0x0A0A,0x0A0A,0x180A,0x0A0A,
	0x0A0A,0x0A0A,0x0A0A,0x0A18,0x0A0A,0x0A0A,0x0A0A,0x0A0A,
	0x0A0A,0x0A0A,0x0A0A,0x0A0A,0x0A0A,0x0A0A,0x0A0A,0x0A0A,
	0x0A0A,0x0A0A,0x0A0A,0x0A0A,0x0A0A,0x0A0A,0x0A0A,0x0A0A,
	0x0A0A,0x0A0A,0x0A0A,0x0A0A,0x0A18,0x3B3B,0x0A0A,0x0A0A,
	0x0A1A,0x1A3B,0x0A1A,0x0A0A,0x0A0A,0x0A0A,0x0A0A,0x0A0A,
	0x0A0A,0x0A0A,0x0A0A,0x0A0A,0x0A0A,0x0A0A,0x0A0A,0x0A0A,
	0x0A0A,0x0A0A,0x0A0A,0x0A0A,0x0A0A,0x0A0A,0x0A0A,0x0A0A,

	0x0A0A,0x0A0A,0x0A0A,0x0A0A,0x0A0A,0x0A0A,0x0A0A,0x0A0A,
	0x0A0A,0x0A0A,0x0A0A,0x0A0A,0x0A0A,0x0A0A,0x0A0A,0x0A0A,
	0x0A0A,0x0A0A,0x0A0A,0x0A0A,0x0A0A,0x0A0A,0x0A0A,0x0A0A,
	0x0A0A,0x0A0A,0x0A0A,0x0A0A,0x0A0A,0x0A0A,0x0A0A,0x0A0A,
	0x0A0A,0x0A0A,0x0A0A,0x1818,0x0A0A,0x0A0A,0x0A0A,0x0A0A,
	0x0A0A,0x0A0A,0x0A0A,0x0A0A,0x0A0A,0x0A0A,0x0A0A,0x0A0A,
	0x0A0A,0x0A0A,0x0A0A,0x0A0A,0x0A0A,0x0A0A,0x0A0A,0x0A0A,
	0x0A0A,0x0A0A,0x0A0A,0x0A0A,0x0A0A,0x0A0A,0x0A0A,0x0A0A,

	0x1A18,0x0A0A,0x3EC8,0x3E3E,0x0A0A,0x0A0A,0x3E3E,0x3E3E,
	0x0A0A,0x0A0A,0x3E3E,0x3E3E,0x0A0A,0x3E0A,0xC83E,0xC83E,
	0x0A0A,0x3E0A,0x3EC8,0xC8C8,0x0A0A,0x0A0A,0xC8B1,0x3EC8,
	0x0A0A,0x3E0A,0x3EC8,0xB1B1,0x0A0A,0x3E3E,0x3E3E,0x3EC8,
	0xC8C8,0xC8C8,0x3E1D,0x3EC8,0x3E3E,0xB1C8,0x3E1D,0x3E3E,
	0x3E3E,0x3EC8,0xB184,0x3E3E,0xB13E,0xB1B1,0xB184,0x3EC8,
	0xC8C8,0xB1B1,0xB1B1,0x3EC8,0x3EC8,0x1DC8,0xB184,0xC83E,
	0x3EC8,0x1D3E,0xC81D,0xB13E,0xB1B1,0xB1C8,0xB11D,0xB1B1,

	0x3E3E,0x3E3E,0x0A0A,0x0A0A,0x3E3E,0xC83E,0x0A0A,0x0A0A,
	0xC8C8,0xC83E,0x0A0A,0x3B0A,0x3E3E,0x3EB1,0x3EC8,0x1A3E,
	0xC8C8,0x3EC8,0x3E3E,0x0A3E,0xC8C8,0x3E3E,0x3E3E,0x0A3E,
	0xC884,0x3EC8,0x3E3E,0x0A3E,0x3E3E,0x3E3E,0x3E3E,0x3E3E,
	0x0A0A,0x0A18,0x1A0A,0x0A1A,0x0A0A,0x0A18,0x0A0A,0x0A0A,
	0x0A0A,0x1A1A,0x0A0A,0x0A0A,0x1A3B,0x1A1A,0x0A1A,0x0A0A,
	0x1A1A,0x1A1A,0x1A1A,0x0A0A,0x0A1A,0x0A0A,0x0A0A,0x0A0A,
	0x0A0A,0x0A0A,0x0A0A,0x0A0A,0x0A0A,0x0A0A,0x3939,0x3939,

	0x1A0A,0x1A1A,0x0A1A,0x0A1A,0x0A0A,0x1A1A,0x0A1A,0x1A1A,
	0x0A0A,0x1A1A,0x0A1A,0x1A1A,0x0A0A,0x0A0A,0x0A0A,0x1A32,
	0x1A0A,0x0A32,0x1A0A,0x1A32,0x1A1A,0x3232,0x1A1A,0x1A1A,
	0x0A0A,0x320A,0x1A32,0x1A1A,0x3939,0x3939,0x3939,0x1A1A,
	0x1A1A,0x1A1A,0x1A1A,0x1A1A,0x1A1A,0x1A1A,0x1A1A,0x1A1A,
	0x1A1A,0x1A1A,0x1A1A,0x1A1A,0x1A1A,0x1A1A,0x1A1A,0x1A1A,
	0x1A1A,0x1A1A,0x1A1A,0x1A1A,0x1A1A,0x1A1A,0x1A1A,0x1A1A,
	0x1A1A,0x1A1A,0x1A1A,0x1A1A,0x1A1A,0x1A1A,0x1A1A,0x1A1A,

	0x1A1A,0x1A1A,0x0A1A,0x1A1A,0x1A1A,0x1A1A,0x191A,0x1A0A,
	0x1A1A,0x1A1A,0x1A1A,0x1A19,0x1A1A,0x1A1A,0x1A1A,0x1A1A,
	0x1A1A,0x1A1A,0x1A1A,0x1A1A,0x1A1A,0x1A1A,0x1A1A,0x951A,
	0x1A1A,0x1A1A,0x1A1A,0x1919,0x1A1A,0x1A1A,0x1A1A,0x1A1A,
	0x1A1A,0x1A1A,0x1A1A,0x5656,0x1A1A,0x1A1A,0x1A1A,0x3939,
	0x1A1A,0x1A1A,0x391A,0x3939,0x1A1A,0x1A0D,0x391A,0x3939,
	0x0D1A,0x1A1A,0x7D1A,0x3939,0x1A1A,0x1A1A,0x7D1A,0x6666,
	0x1A1A,0x1A1A,0x661A,0x6666,0x1A1A,0x1A1A,0x661A,0x6666,

	0x5656,0x5656,0x5656,0x4242,0x3939,0x4239,0x5656,0xBABA,
	0x3939,0x8239,0xBABA,0xBABA,0x3939,0x8239,0x9393,0x9393,
	0x3939,0x8239,0x9393,0x9393,0x6666,0x8266,0x9393,0x9393,
	0x6666,0x8266,0x9393,0x9393,0x6666,0x8266,0x6666,0x6666,
	0x4242,0x4242,0x4242,0x5656,0xBABA,0xBABA,0x56BA,0x5656,
	0xBABA,0xBABA,0x56BA,0x5656,0x9393,0x9393,0x5693,0x7D7D,
	0x9393,0x9393,0x5693,0x7D7D,0x9393,0x9393,0x42BA,0x7D7D,
	0x6666,0x6666,0x42BA,0x6656,0x6666,0x6666,0x5666,0x6666,

	0x5656,0x5656,0x5656,0x5642,0x5656,0x5656,0x5656,0x5642,
	0x5656,0x5656,0x3939,0x3939,0x7D7D,0x3939,0x3939,0x3939,
	0x3939,0x3939,0x3939,0x3939,0x3939,0x3939,0x3939,0x3939,
	0x6666,0x6666,0x6666,0x6666,0x6666,0x6666,0x6666,0x6666,
	0x5656,0x5656,0x4256,0x4242,0x5656,0x5656,0x4256,0xBABA,
	0x3939,0x5639,0x4256,0xBABA,0x3939,0x5639,0x7878,0x9393,
	0x3939,0x5656,0x7878,0x9393,0x5666,0x5656,0x7878,0x9393,
	0x5666,0x5656,0x9378,0x6666,0x5666,0x5656,0x5678,0x6666,

	0x1A1A,0x1A1A,0x1A1A,0x1A1A,0x1A1A,0x1A1A,0x1A1A,0x1A1A,
	0x1A1A,0x1A1A,0x1A1A,0x1A1A,0x1A1A,0x1A1A,0x1A1A,0x1A1A,
	0x1A1A,0x1A1A,0x1A1A,0x1A1A,0x1A1A,0x1A1A,0x1A1A,0x1A1A,
	0x1A1A,0x1A1A,0x1A1A,0x1A1A,0x4B4B,0x4B4B,0x4B4B,0x4B4B,
	0x1A1A,0x1A1A,0x1A1A,0x1A1A,0x1A1A,0x1A1A,0x1A1A,0x1A1A,
	0x1A1A,0x1A1A,0x1A1A,0x1A1A,0x1A1A,0x1A1A,0x1A1A,0x1A1A,
	0x1A1A,0x1A1A,0x1A1A,0x0A1A,0x1A1A,0x1A1A,0x1A1A,0x1A1A,
	0x1A1A,0x1A1A,0x1A1A,0x1A1A,0x4B4B,0x4B4B,0x4B4B,0x4B4B,

	0x0A0A,0x0A0A,0x0A0A,0x0A0A,0x0A1A,0x1A0A,0x0A0A,0x460A,
	0x1A1A,0x0A0A,0x0A0A,0x0A0A,0x0A1A,0x0A0A,0x1A1A,0x1A0A,
	0x0A0A,0x0A0A,0x1A1A,0x1A0A,0x1A1A,0x1A1A,0x1A1A,0x1A1A,
	0x1A1A,0x1A1A,0x1A1A,0x1A1A,0x1A1A,0x1A1A,0x1A1A,0x1A1A,
	0x0A0A,0x0A0A,0x0A0A,0x0A0A,0x0A0A,0x5454,0x5454,0x5454,
	0x0A0A,0x5454,0x5454,0x5454,0x0A18,0x5454,0x5454,0x5454,
	0x0A1A,0x5454,0x5454,0x5454,0x1A46,0x5454,0x5454,0x5454,
	0x4618,0x5454,0x5454,0x5454,0x1A1A,0x1A54,0x1A54,0x5454,

	0x0A0A,0x0A0A,0x5454,0x5454,0x5454,0x0A54,0x5454,0x5454,
	0x5454,0x0A54,0x5454,0x5454,0x5454,0x0A54,0x5454,0x5454,
	0x5454,0x0A54,0x5454,0x5454,0x5454,0x0A58,0x5454,0x5454,
	0x5454,0x0A58,0x5454,0x5454,0x5454,0x0A1A,0x5454,0x5454,
	0x5454,0x5858,0x5454,0x5454,0x5454,0x5454,0x5454,0x5454,
	0x5454,0x5454,0x5454,0x5454,0x5454,0x5454,0x5454,0x5454,
	0x5454,0x5454,0x5454,0x5454,0x5454,0x5454,0x5454,0x5454,
	0x5454,0x5454,0x5454,0x5454,0x5454,0x5858,0x5858,0x580A,

	0x5454,0x5454,0x5454,0x0A54,0x5454,0x5454,0x5454,0x3254,
	0x5454,0x5454,0x5454,0x3254,0x5454,0x5454,0x5454,0x0A54,
	0x5454,0x5454,0x5454,0x0A54,0x5454,0x5454,0x5454,0x3254,
	0x5454,0x5454,0x5454,0x0A54,0x5858,0x5858,0x0A58,0x3258,
	0x0A0A,0x0A0A,0x0A0A,0x0A0A,0x0A0A,0x0A0A,0x0A0A,0x0A0A,
	0x0A0A,0x0A0A,0x0A0A,0x0A0A,0x0A0A,0x320A,0x320A,0x0A0A,
	0x0A0A,0x3232,0x3232,0x320A,0x5454,0x5454,0x5454,0x5454,
	0x5454,0x5454,0x5454,0x5454,0x5454,0x5454,0x5454,0x5454,

	0x0A0A,0x0A0A,0x0A0A,0x0A0A,0x540A,0x5454,0x5454,0x5454,
	0x540A,0x5454,0x5454,0x5454,0x540A,0x5454,0x5454,0x5454,
	0x540A,0x5454,0x5454,0x5454,0x5454,0x5454,0x5454,0x5454,
	0x5454,0x5454,0x5454,0x5454,0x5454,0x5454,0x5454,0x5454,
	0x0A0A,0x0A0A,0x0A0A,0x5454,0x5454,0x5454,0x6954,0x5454,
	0x5454,0x5454,0x1A54,0x5454,0x5454,0x5454,0x0A54,0x5454,
	0x5454,0x5454,0x0A54,0x5454,0x5454,0x5454,0x0A54,0x5454,
	0x5454,0x5454,0x0A54,0x5454,0x5454,0x5454,0x0A54,0x5454,

	0x5454,0x5454,0x5454,0x5854,0x5454,0x5454,0x5454,0x0A54,
	0x5454,0x5454,0x5454,0x0A54,0x5454,0x5454,0x5454,0x0A54,
	0x5454,0x5454,0x5454,0x0A54,0x5454,0x5454,0x5454,0x0A54,
	0x5454,0x5454,0x5454,0x0A54,0x5454,0x5454,0x5454,0x0A54,
	0x5454,0x5454,0x5454,0x5454,0x5454,0x5454,0x5454,0x5454,
	0x5454,0x5454,0x5454,0x5454,0x5454,0x5454,0x5454,0x5454,
	0x5454,0x5454,0x5454,0x5454,0x5454,0x5454,0x5454,0x5454,
	0x5454,0x5454,0x5454,0x5454,0x549F,0x5454,0x5454,0x5454,

	0x5454,0x5858,0x5858,0x5858,0x5454,0x5454,0x5454,0x5454,
	0x5454,0x5454,0x5454,0x5454,0x5454,0x5454,0x5454,0x5454,
	0x5454,0x5454,0x5454,0x5454,0x5454,0x5454,0x5454,0x5454,
	0x5454,0x5454,0x5454,0x5454,0x5454,0x540A,0x5454,0x5454,
	0x5858,0x5858,0x5858,0x0A58,0x5454,0x5454,0x5454,0x540A,
	0x5454,0x5454,0x5454,0x540A,0x5454,0x5454,0x5454,0x540A,
	0x5454,0x5454,0x5454,0x543B,0x5454,0x5454,0x5454,0x543B,
	0x5454,0x5454,0x5454,0x541A,0x0A58,0x540A,0x0A54,0x540A,

	0x0A0A,0x0A0A,0x0A0A,0x0A0A,0x5454,0x5454,0x5454,0x0A54,
	0x5454,0x5454,0x5454,0x5454,0x5454,0x5454,0x5454,0x5454,
	0x5454,0x5454,0x5454,0x5454,0x5454,0x5454,0x5454,0x5454,
	0x5454,0x5454,0x5454,0x5454,0x0A54,0x5454,0x5454,0x5454,
	0x0A0A,0x0A0A,0x0A0A,0x0A0A,0x0A0A,0x0A0A,0x0A0A,0x0A0A,
	0x0A0A,0x0A0A,0x0A0A,0x0A0A,0x0A0A,0x0A0A,0x0A0A,0x0A0A,
	0x0A0A,0x0A0A,0x0A0A,0x0A0A,0x320A,0x320A,0x320A,0x0A0A,
	0x0A0A,0x0A0A,0x320A,0x0A0A,0x0A0A,0x0A32,0x0A0A,0x0A0A,

	0x0A0A,0x0A0A,0x0A0A,0x1A1A,0x0A0A,0x0A0A,0x321A,0x1A1A,
	0x0A0A,0x0A0A,0x0A1A,0x1A1A,0x0A0A,0x0A0A,0x0A0A,0x0A32,
	0x0A0A,0x0A0A,0x1A0A,0x0A0A,0x0A0A,0x0A0A,0x0A18,0x0A18,
	0x0A0A,0x0A0A,0x1818,0x1A18,0x0A0A,0x0A0A,0x0A0A,0x0A0A,
	0x1A1A,0x1A1A,0x1A1A,0x1A1A,0x1A1A,0x1A0A,0x1A1A,0x1A1A,
	0x1A0A,0x0A0A,0x1A1A,0x1A1A,0x0A0A,0x1A1A,0x1A1A,0x1A1A,
	0x0A0A,0x0A32,0x1A1A,0x1A1A,0x0A1A,0x1A1A,0x1A1A,0x1A1A,
	0x0A1A,0x1A1A,0x1A1A,0x1A1A,0x1A1A,0x1A1A,0x1A1A,0x1A1A,

	0x1A1A,0x1A1A,0x1A1A,0x1A1A,0x1A1A,0x1A1A,0x1A1A,0x1A1A,
	0x1A1A,0x1A1A,0x1A1A,0x1A1A,0x1A1A,0x1A1A,0x1A1A,0x1A1A,
	0x1A1A,0x1A1A,0x1A1A,0x1A1A,0x1A1A,0x1A1A,0x1A1A,0x1A1A,
	0x1A1A,0x1A1A,0x1A1A,0x1A1A,0x1A1A,0x1A1A,0x1A1A,0x1A1A,
	0x1A1A,0x1A1A,0x1A1A,0x1A1A,0x1A1A,0x1A1A,0x1A1A,0x1A1A,
	0x1A1A,0x1A1A,0x1A1A,0x1A1A,0x0A1A,0x1A0A,0x1A1A,0x1A1A,
	0x0A1A,0x1A1A,0x1A1A,0x1A1A,0x1A1A,0x1A1A,0x1A0A,0x0A0A,
	0x1A1A,0x0A0A,0x0A0A,0x0A0A,0x0A0A,0x1A0A,0x1A32,0x1A32,

	0x1A1A,0x1A1A,0x1A1A,0x1A1A,0x1A1A,0x1A1A,0x1A1A,0x1A1A,
	0x1A1A,0x1A1A,0x1A0A,0x1A1A,0x0A0A,0x1A0A,0x0A0A,0x1A0A,
	0x0A0A,0x0A0A,0x0A0A,0x1A3B,0x1A0A,0x1A0A,0x1A0A,0x1A3B,
	0x1A1A,0x1A1A,0x0A1A,0x1A1A,0x1A1A,0x1A1A,0x1A0A,0x1A60,
	0x1A1A,0x1A1A,0x3F4B,0x9A3F,0x1A1A,0x1A1A,0x3F4B,0x9A3F,
	0x1A1A,0x1A1A,0x3FA8,0x9A3F,0x1A3B,0x1A1A,0x5A5A,0x9A3F,
	0x1A1A,0x1A1A,0x5A5A,0x9A3F,0x1A1A,0x1A1A,0x3F3F,0x3F5A,
	0x1A1A,0xA81A,0x3F3F,0x3F5A,0x1A1A,0xA8A8,0x3F3F,0x9A3F,

	0x7979,0x7979,0x7979,0x7979,0x4B4B,0x4B4B,0x4B4B,0x4B4B,
	0x4B4B,0x4B4B,0x4B4B,0x4B4B,0x4B4B,0x4B4B,0x4B4B,0x4B4B,
	0x4B4B,0x4B4B,0x4B4B,0x4B4B,0x4B4B,0x4B4B,0x4B4B,0x4B4B,
	0x4B4B,0x4B4B,0x4B4B,0x4B4B,0x4B4B,0x4B4B,0x4B4B,0x4B4B,
	0x1A79,0x1A1A,0x1A1A,0x1A1A,0x1A4B,0x1A1A,0x1A1A,0x1A1A,
	0x1A4B,0x1A1A,0x1A1A,0x1A1A,0x1A4B,0x1A1A,0x1A1A,0x1A1A,
	0x1A4B,0x1A1A,0x1A1A,0x1A1A,0x1A4B,0x1A1A,0x1A1A,0x1A1A,
	0x1A4B,0x1A1A,0x1A1A,0x1A1A,0x1A4B,0x1A1A,0x1A1A,0x1A1A,

	0x1A1A,0x1A1A,0x1A1A,0x1A1A,0x1A1A,0x1A1A,0x1A1A,0x1A1A,
	0x1A1A,0x1A1A,0x1A1A,0x1A1A,0x1A1A,0x1A1A,0x0A32,0x1A0A,
	0x1A1A,0x1A1A,0x320A,0x320A,0x1A1A,0x1A1A,0x0A1A,0x0A32,
	0x1A1A,0x1A1A,0x3232,0x0A0A,0x1A1A,0x0A1A,0x0A1A,0x0A1A,
	0x1A1A,0x1A1A,0x1A1A,0x0A0A,0x1A1A,0x1A1A,0x0A0A,0x0A0A,
	0x1A1A,0x321A,0x320A,0x180A,0x1A1A,0x1A1A,0x0A32,0x180A,
	0x1A0A,0x0A1A,0x0A0A,0x1A1A,0x1A1A,0x1A1A,0x0A0A,0x0A0A,
	0x1A1A,0x1A1A,0x0A0A,0x0A0A,0x0A0A,0x1818,0x0A1A,0x0A0A,

	0x0A0A,0x0A0A,0x0A0A,0x0A0A,0x0A0A,0x0A0A,0x0A0A,0x0A0A,
	0x1A0A,0x0A0A,0x0A0A,0x0A0A,0x1A1A,0x1818,0x0A0A,0x320A,
	0x0A0A,0x0A1A,0x0A0A,0x0A0A,0x0A0A,0x0A0A,0x0A0A,0x320A,
	0x0A0A,0x0A0A,0x0A0A,0x320A,0x0A32,0x0A32,0x0A0A,0x0A0A,
	0x0A0A,0x0A0A,0x0A0A,0x0A0A,0x0A0A,0x0A32,0x0A32,0x0A32,
	0x0A0A,0x0A0A,0x0A0A,0x0A0A,0x0A0A,0x0A0A,0x320A,0x180A,
	0x0A32,0x0A32,0x0A0A,0x1A1A,0x320A,0x320A,0x3B3B,0x0A1A,
	0x0A0A,0x0A0A,0x1A0A,0x0A0A,0x0A0A,0x0A0A,0x0A0A,0x0A0A,

	0x0A0A,0x0A0A,0x0A0A,0x0A0A,0x0A0A,0x0A0A,0x0A0A,0x0A0A,
	0x0A0A,0x0A0A,0x0A0A,0x0A0A,0x0A0A,0x0A0A,0x0A0A,0x0A0A,
	0x0A0A,0x3B3B,0x0A0A,0x0A0A,0x0A3B,0x1A1A,0x0A0A,0x0A0A,
	0x0A3B,0x0A0A,0x0A0A,0x0A0A,0x1A1A,0x0A0A,0x0A0A,0x0A0A,
	0x0A0A,0x0A0A,0x0A0A,0x0A0A,0x0A0A,0x0A0A,0x0A0A,0x0A0A,
	0x0A0A,0x0A0A,0x0A0A,0x0A0A,0x0A0A,0x0A0A,0x0A0A,0x3B0A,
	0x0A0A,0x0A0A,0x0A0A,0x0A0A,0x0A0A,0x0A0A,0x0A0A,0x0A0A,
	0x0A0A,0x0A0A,0x0A0A,0x0A0A,0x0A0A,0x0A0A,0x0A0A,0x0A0A,

	0x0A0A,0x0A0A,0x0A0A,0x0A0A,0x0A0A,0x0A0A,0x180A,0x0A0A,
	0x0A0A,0x0A0A,0x1A1A,0x3B0A,0x0A0A,0x0A0A,0x0A0A,0x0A0A,
	0x0A3B,0x3B3B,0x0A0A,0x0A0A,0x0A0A,0x1A1A,0x180A,0x0A0A,
	0x0A0A,0x0A0A,0x180A,0x0A0A,0x0A0A,0x3B0A,0x1A1A,0x3B0A,
	0x0A0A,0x0A0A,0x0A0A,0x0A0A,0x0A0A,0x0A0A,0x0A0A,0x0A0A,
	0x0A0A,0x0A0A,0x0A0A,0x0A0A,0x0A0A,0x0A0A,0x0A0A,0x0A0A,
	0x0A0A,0x0A0A,0x0A0A,0x0A0A,0x0A0A,0x0A0A,0x0A0A,0x0A0A,
	0x0A0A,0x0A0A,0x0A0A,0x0A0A,0x0A0A,0x0A0A,0x0A0A,0x0A0A,

	0x0A0A,0x0A0A,0x0A0A,0x0A0A,0x0A0A,0x0A0A,0x0A0A,0x0A0A,
	0x0A0A,0x0A0A,0x0A0A,0x0A0A,0x0A0A,0x0A0A,0x0A0A,0x0A0A,
	0x0A0A,0x0A0A,0x0A0A,0x0A0A,0x0A0A,0x0A0A,0x180A,0x0A0A,
	0x0A0A,0x0A0A,0x1818,0x0A0A,0x0A0A,0x1818,0x1A18,0x0A0A,
	0x0A0A,0x0A0A,0x0A0A,0x0A0A,0x0A0A,0x0A0A,0x0A0A,0x0A0A,
	0x0A0A,0x0A0A,0x0A0A,0x0A0A,0x0A0A,0x0A0A,0x0A0A,0x0A0A,
	0x0A0A,0x0A0A,0x0A0A,0x0A0A,0x0A0A,0x0A0A,0x0A0A,0x0A0A,
	0x0A0A,0x0A0A,0x0A0A,0x0A0A,0x0A0A,0x0A0A,0x0A0A,0x0A0A,

	0x0A0A,0x0A0A,0x0A0A,0x0A0A,0x0A0A,0x0A0A,0x0A0A,0x0A0A,
	0x0A0A,0x0A0A,0x0A0A,0x0A0A,0x0A0A,0x0A0A,0x0A0A,0x0A0A,
	0x0A0A,0x0A0A,0x0A0A,0x0A0A,0x0A0A,0x0A0A,0x0A0A,0x0A0A,
	0x0A0A,0x0A0A,0x0A0A,0x0A0A,0x3B0A,0x0A0A,0x0A0A,0x0A0A,
	0x0A0A,0x0A0A,0x0A0A,0x0A0A,0x0A0A,0x0A0A,0x0A0A,0x0A0A,
	0x0A0A,0x0A0A,0x0A0A,0x0A0A,0x0A0A,0x0A0A,0x0A0A,0x0A0A,
	0x0A0A,0x0A0A,0x0A0A,0x0A0A,0x0A0A,0x0A46,0x0A46,0x0A46,
	0x0A46,0x460A,0x0A46,0x1846,0x460A,0x4618,0x4646,0x4646,

	0x0A0A,0x0A0A,0x0A0A,0x0A0A,0x0A0A,0x0A0A,0x320A,0x320A,
	0x0A0A,0x0A0A,0x3232,0x3232,0x460A,0x0A0A,0x0A0A,0x0A0A,
	0x0A46,0x0A0A,0x0A0A,0x0A0A,0x0A0A,0x0A0A,0x0A0A,0x0A0A,
	0x0A0A,0x3232,0x3232,0x0A0A,0x0A0A,0x0A0A,0x0A0A,0x0A0A,
	0x0A0A,0x0A0A,0x0A0A,0x0A0A,0x0A0A,0x0A0A,0x0A0A,0x0A0A,
	0x320A,0x0A0A,0x0A0A,0x0A0A,0x0A32,0x0A0A,0x0A0A,0x0A0A,
	0x0A0A,0x0A0A,0x0A0A,0x0A0A,0x0A0A,0x0A0A,0x0A0A,0x0A0A,
	0x0A0A,0x0A0A,0x0A0A,0x0A0A,0x0A0A,0x0A0A,0x0A0A,0x0A0A,

	0x0A0A,0x0A0A,0x0A0A,0x0A0A,0x0A0A,0x0A0A,0x0A0A,0x3B3B,
	0x0A0A,0x0A0A,0x0A0A,0x3B0A,0x0A0A,0x0A0A,0x0A0A,0x0A0A,
	0x0A0A,0x0A0A,0x0A0A,0x0A0A,0x0A0A,0x0A0A,0x0A0A,0x0A0A,
	0x0A0A,0x0A3B,0x0A0A,0x0A0A,0x0A0A,0x0A3B,0x0A0A,0x0A0A,
	0x0A0A,0x0A0A,0x0A0A,0x0A0A,0x3B0A,0x0A0A,0x0A0A,0x0A18,
	0x3B0A,0x0A1A,0x0A0A,0x0A18,0x0A0A,0x0A0A,0x0A0A,0x0A0A,
	0x0A0A,0x0A0A,0x0A0A,0x0A0A,0x0A0A,0x0A0A,0x0A0A,0x0A0A,
	0x0A0A,0x180A,0x0A0A,0x0A0A,0x1818,0x180A,0x0A1A,0x0A0A,

	0x0A0A,0x0A0A,0x0A0A,0x0A0A,0x0A0A,0x0A0A,0x0A0A,0x0A0A,
	0x0A0A,0x0A0A,0x0A0A,0x0A0A,0x0A0A,0x0A0A,0x0A0A,0x0A0A,
	0x0A0A,0x0A0A,0x0A0A,0x180A,0x0A0A,0x0A0A,0x0A0A,0x1A18,
	0x0A0A,0x0A0A,0x1A0A,0x0A18,0x0A0A,0x0A32,0x320A,0x0A0A,
	0x0A0A,0x0A0A,0x0A0A,0x0A0A,0x0A0A,0x0A0A,0x0A0A,0x0A0A,
	0x0A0A,0x0A0A,0x0A0A,0x0A0A,0x0A0A,0x0A0A,0x0A0A,0x0A0A,
	0x0A0A,0x870A,0x0A87,0x0A0A,0x2B0A,0x2B2B,0x8787,0x0A0A,
	0x2B0A,0x2B2B,0x2B2B,0x0A87,0x2B2B,0x2FB8,0x2B2B,0x8787,

	0x0A0A,0x0A0A,0x0A0A,0x0A0A,0x0A0A,0x0A0A,0x0A0A,0x0A0A,
	0x0A0A,0x0A0A,0x0A0A,0x0A0A,0x0A0A,0x0A0A,0x0A0A,0x0A0A,
	0x0A0A,0x0A0A,0x0A0A,0x0A0A,0x0A0A,0x0A0A,0x0A0A,0x0A0A,
	0x0A0A,0x0A0A,0x0A0A,0x0A0A,0x0A87,0x0A0A,0x0A0A,0x0A0A,
	0x0A0A,0x0A0A,0x0A0A,0x0A0A,0x0A0A,0x0A0A,0x0A0A,0x0A0A,
	0x0A0A,0x0A0A,0x0A0A,0x0A0A,0x0A0A,0x0A0A,0x0A0A,0x0A0A,
	0x0A0A,0x0A0A,0x0A0A,0x0A0A,0x0A0A,0x0A0A,0x0A0A,0x0A0A,
	0x0A0A,0x0A0A,0x0A0A,0x0A0A,0x0A0A,0x0A0A,0x0A0A,0x0A0A,

	0x0A0A,0x0A0A,0x0A0A,0x0A0A,0x0A0A,0x0A0A,0x0A0A,0x0A0A,
	0x0A0A,0x0A0A,0x0A0A,0x0A0A,0x0A0A,0x0A0A,0x0A0A,0x0A0A,
	0x0A0A,0x0A0A,0x0A0A,0x0A0A,0x0A0A,0x0A0A,0x0A0A,0x0A0A,
	0x0A0A,0x0A0A,0x0A0A,0x180A,0x0A0A,0x0A0A,0x0A3B,0x1A18,
	0x0A0A,0x0A0A,0x0A0A,0x0A0A,0x0A0A,0x0A0A,0x0A0A,0x0A0A,
	0x0A0A,0x0A0A,0x0A32,0x0A0A,0x0A0A,0x0A0A,0x0A0A,0x0A32,
	0x0A0A,0x0A0A,0x0A32,0x0A32,0x0A0A,0x0A0A,0x320A,0x0A0A,
	0x0A0A,0x0A0A,0x0A0A,0x0A0A,0x0A0A,0x0A0A,0x0A0A,0x3B0A,

	0x0A0A,0x0A0A,0x320A,0x0A0A,0x320A,0x320A,0x0A0A,0x0A0A,
	0x320A,0x320A,0x320A,0x0A0A,0x0A32,0x0A0A,0x0A32,0x0A0A,
	0x0A32,0x0A0A,0x0A0A,0x0A0A,0x0A0A,0x0A0A,0x0A0A,0x0A0A,
	0x0A0A,0x0A0A,0x0A0A,0x0A0A,0x0A3B,0x0A0A,0x0A0A,0x0A0A,
	0x0A0A,0x0A0A,0x0A0A,0x0A0A,0x0A0A,0x0A0A,0x0A0A,0x0A0A,
	0x0A0A,0x0A0A,0x0A0A,0x0A0A,0x0A0A,0x0A0A,0x0A0A,0x0A0A,
	0x0A0A,0x0A0A,0x0A0A,0x0A0A,0x0A0A,0x0A0A,0x0A0A,0x0A0A,
	0x0A0A,0x0A0A,0x0A0A,0x0A0A,0x0A0A,0x0A0A,0x0A0A,0x0A0A,

	0x0A0A,0x0A0A,0x0A0A,0x0A0A,0x0A0A,0x0A0A,0x0A0A,0x0A0A,
	0x0A0A,0x0A0A,0x0A0A,0x0A0A,0x0A0A,0x0A0A,0x0A0A,0x0A0A,
	0x0A0A,0x0A0A,0x0A0A,0x0A0A,0x0A0A,0x0A0A,0x0A3B,0x3B3B,
	0x0A0A,0x1A1A,0x0A3B,0x0A3B,0x1A1A,0x1A1A,0x0A0A,0x0A0A,
	0x0A0A,0x0A0A,0x0A0A,0x0A0A,0x0A0A,0x0A0A,0x0A0A,0x0A0A,
	0x0A0A,0x1A0A,0x0A0A,0x0A0A,0x0A0A,0x1A1A,0x0A1A,0x0A0A,
	0x0A0A,0x1A0A,0x0A0A,0x1A0A,0x0A0A,0x0A0A,0x1A0A,0x1A1A,
	0x0A0A,0x0A0A,0x1A1A,0x1A1A,0x0A1A,0x1A1A,0x0A0A,0x1A1A,

	0x0A0A,0x0A0A,0x0A0A,0x0A0A,0x0A0A,0x0A0A,0x0A0A,0x0A0A,
	0x0A0A,0x1A1A,0x0A0A,0x0A0A,0x1A1A,0x1A1A,0x0A0A,0x0A0A,
	0x1A1A,0x1A1A,0x0A1A,0x0A0A,0x1A1A,0x1A1A,0x0A1A,0x0A0A,
	0x091A,0x1A1A,0x091A,0x0A0A,0x0909,0x0909,0x0909,0x1A09,
	0x0A0A,0x0A0A,0x0A0A,0x0A0A,0x0A0A,0x0A0A,0x0A0A,0x0A0A,
	0x0A0A,0x0A0A,0x0A0A,0x0A0A,0x0A0A,0x0A0A,0x0A0A,0x0A0A,
	0x1A0A,0x0A0A,0x0A0A,0x0A0A,0x0A0A,0x0A0A,0x0A0A,0x0A0A,
	0x0A1A,0x0A0A,0x0A0A,0x0A0A,0x0909,0x0A1A,0x1A0A,0x0A0A,

	0x0A0A,0x3E3E,0x3E3E,0x3EC8,0x3E0A,0x3E3E,0x3E3E,0x3E3E,
	0xB10A,0x3E3E,0x3E3E,0xC83E,0x3E0A,0x3EC8,0x3E3E,0x3E3E,
	0x0A0A,0x3E3E,0x3E3E,0x3E3E,0x1A1A,0xC81A,0xC8C8,0xC8B1,
	0x1A0A,0x3E1A,0xB1B1,0xC8B1,0x1818,0x3E3E,0xC83E,0x84C8,
	0xB1B1,0xB1B1,0x1D1D,0x1D1D,0x3E3E,0xC83E,0x1D84,0xC884,
	0xC83E,0xC83E,0x1D84,0xC884,0x3E3E,0xC8C8,0x84B1,0xC8C8,
	0xC83E,0xB1C8,0x84C8,0xC8C8,0xC8C8,0xB1B1,0x84B1,0xB1B1,
	0xB1B1,0xB1C8,0x8484,0x1DC8,0xC8C8,0x1DB1,0xC8C8,0x1D1D,

	0x3E3E,0x3E3E,0x3EC8,0x3E3E,0xC8C8,0x3E3E,0xC83E,0x0A3E,
	0xC83E,0x3EB1,0xB1C8,0x0A0A,0x1DC8,0xB1C8,0x0AB1,0x0A0A,
	0x1D1D,0xC8C8,0x0AB1,0x1A3E,0xC8C8,0xB1B1,0x3E3E,0x3EC8,
	0xB1B1,0xB1B1,0x3E3E,0x3E3E,0xC8B1,0xC8C8,0x3E3E,0x3E3E,
	0x0A0A,0x0A0A,0x3939,0x3939,0x0A0A,0x0A0A,0x3939,0x3939,
	0x0A0A,0x0A0A,0x7070,0x3939,0x1A0A,0x9393,0x9393,0x9393,
	0x1A1A,0x9393,0x9393,0x9393,0x0A1A,0x5454,0x5454,0x5454,
	0x0A0A,0x5454,0x5454,0x5454,0x0A0A,0x5493,0x5454,0x5454,

	0x3939,0x3939,0x3939,0x4242,0x3939,0x3939,0x3939,0x9342,
	0x3939,0x3939,0x3939,0x9342,0x9393,0x9393,0x5656,0x4242,
	0x9393,0x9393,0x5656,0x5642,0x9370,0x9393,0x5656,0x5642,
	0x4242,0x5642,0x9393,0x5693,0x4242,0x9393,0x9393,0x9393,
	0x9393,0x1A1A,0x1A1A,0x1A1A,0x9393,0x9393,0x1A1A,0x1A1A,
	0x9393,0x9393,0x1A1A,0x1A1A,0x5656,0x5656,0x1A1A,0x1A1A,
	0x5656,0x5656,0x4242,0x1A42,0x5656,0x5442,0x5454,0x5454,
	0x5656,0x5454,0x5454,0x5454,0x4242,0x5454,0x5454,0x5454,

	0x1A1A,0x1A1A,0x1A1A,0x1A1A,0x1A1A,0x2B1A,0x2B2B,0x2B89,
	0x1A1A,0x2B2B,0x2B2B,0x2B89,0x1A1A,0x2B2B,0x2B2B,0x2B89,
	0x1A1A,0x2B2B,0xB8B8,0x2B2B,0x1A42,0x2B2B,0xB8B8,0x2B2B,
	0x4242,0xB887,0xB8B8,0x2B2B,0x4256,0x1AB8,0xB8B8,0xB8B8,
	0x1A1A,0x1A1A,0x661A,0x6666,0x2B2B,0x2B2B,0x1A1A,0x4256,
	0x2B2B,0x2B2B,0x1A1A,0x5656,0x2BB8,0x2B2B,0x1A87,0x5656,
	0xB82B,0x872B,0x1A87,0x5656,0x2B2B,0xB81A,0x1A87,0x5656,
	0x2B2B,0xB81A,0x1A87,0x5656,0x2B2B,0x1A1A,0x1A1A,0x6666,

	0x6666,0x8266,0x6666,0x6666,0x4242,0x5656,0x6666,0x6666,
	0x5656,0x5656,0x6666,0x6666,0x5656,0x5656,0x6656,0x7D7D,
	0x5656,0x5656,0x6656,0x6666,0x5656,0x5656,0x6656,0x6666,
	0x5656,0x5656,0x6656,0x6666,0x6666,0x6666,0x5656,0x5656,
	0x6666,0x6666,0x5666,0x6666,0x6666,0x6666,0x5666,0x6666,
	0x6666,0x8266,0x8282,0x6666,0x7D7D,0x667D,0x5656,0x6666,
	0x6666,0x6666,0x5666,0x6666,0x6666,0x6666,0x6666,0x6666,
	0x6666,0x6666,0x5666,0x6666,0x5656,0x6666,0x5656,0x5656,

	0x6666,0x6666,0x6666,0x6666,0x6666,0x6666,0x6666,0x6666,
	0x6666,0x6666,0x5656,0x4242,0x6666,0x5666,0x6666,0x6666,
	0x6666,0x5666,0x6666,0x6666,0x6666,0x5666,0x6666,0x6666,
	0x6666,0x5642,0x6666,0x6666,0x5656,0x4242,0x6666,0x7D7D,
	0x5666,0x4256,0x5678,0x6666,0x4242,0x4242,0x5642,0x6666,
	0x5656,0x4242,0x5642,0x6666,0x6666,0x6656,0x7D7D,0x7D7D,
	0x6666,0x6656,0x6666,0x6666,0x6666,0x6656,0x6666,0x6666,
	0x6666,0x5656,0x6666,0x6666,0x7D7D,0x6666,0x5656,0x6656,

	0x4B4B,0x4B4B,0x4B4B,0x4B4B,0x4B4B,0x4B4B,0x4B4B,0x4B4B,
	0x4B4B,0x4B4B,0x4B4B,0x4B4B,0x4B4B,0x4B4B,0x4B4B,0x4B4B,
	0x4B4B,0x9090,0x4B4B,0x4B4B,0x7979,0x7979,0x7979,0x4B4B,
	0x7979,0x7979,0x7979,0x4B4B,0x7979,0x7979,0x7979,0x4B4B,
	0x4B4B,0x4B4B,0x4B4B,0x4B4B,0x4B4B,0x4B4B,0x4B4B,0x4B4B,
	0x4B4B,0x4B4B,0x4B4B,0x4B4B,0x4B4B,0x4B4B,0x4B4B,0x4B4B,
	0x4B4B,0x4B4B,0x4B4B,0x4B4B,0x4B4B,0x4B4B,0x4B4B,0x4B4B,
	0x4B4B,0x4B4B,0x4B4B,0x4B4B,0x4B4B,0x4B4B,0x4B4B,0x4B4B,

	0x1A1A,0x1A1A,0x1A1A,0x1A1A,0x1A1A,0x1A1A,0x1A1A,0x0A1A,
	0x1A1A,0x1A1A,0x1A1A,0x0A1A,0x1A1A,0x1A1A,0x1A1A,0x1A1A,
	0x1A1A,0x1A1A,0x1A1A,0x1A1A,0x1A1A,0x1A1A,0x1A1A,0x1A1A,
	0x1A1A,0x1A1A,0x1A1A,0x1A1A,0x1A1A,0x1A1A,0x1A1A,0x1A1A,
	0x1A1A,0x1A58,0x0A58,0x580A,0x1A1A,0x0A1A,0x0A1A,0x0A0A,
	0x1A1A,0x0A0A,0x1A1A,0x1A0A,0x1A1A,0x1A0A,0x541A,0x5454,
	0x1A1A,0x1A1A,0x541A,0x5454,0x1A1A,0x1A1A,0x540A,0x5454,
	0x0A0A,0x1A1A,0x540A,0x5454,0x1A1A,0x1A0A,0x541A,0x5454,

	0x581A,0x0A1A,0x5454,0x5454,0x460A,0x0A0A,0x4658,0x1858,
	0x461A,0x0A46,0x4658,0x1858,0x5454,0x5454,0x5454,0x0A0A,
	0x5454,0x5454,0x5454,0x5454,0x5454,0x5454,0x5454,0x5454,
	0x5454,0x5454,0x5454,0x5454,0x5454,0x5454,0x5454,0x5454,
	0x5454,0x5858,0x5858,0x580A,0x580A,0x0A0A,0x0A0A,0x0A0A,
	0x0A18,0x540A,0x5454,0x5454,0x0A0A,0x540A,0x5454,0x5454,
	0x0A54,0x540A,0x5454,0x5454,0x0A54,0x540A,0x5454,0x5454,
	0x0A54,0x540A,0x5454,0x5454,0x0A54,0x540A,0x5454,0x5454,

	0x580A,0x580A,0x0A0A,0x320A,0x5454,0x5454,0x5454,0x0A0A,
	0x5454,0x5454,0x5454,0x0A0A,0x5454,0x5454,0x5454,0x0A0A,
	0x5454,0x5454,0x5454,0x0A0A,0x5454,0x5454,0x5454,0x0A0A,
	0x5454,0x5454,0x5454,0x0A0A,0x5454,0x5454,0x5454,0x3B0A,
	0x5454,0x5454,0x5454,0x5454,0x5454,0x5454,0x5454,0x5454,
	0x5454,0x5454,0x5454,0x5454,0x5454,0x5454,0x5454,0x5454,
	0x5454,0x5454,0x5454,0x5454,0x540A,0x5454,0x5454,0x5454,
	0x580A,0x5858,0x5858,0x5858,0x0A0A,0x1A1A,0x0A0A,0x0A0A,

	0x5454,0x5454,0x5454,0x5454,0x5858,0x580A,0x0A58,0x0A58,
	0x581A,0x0A0A,0x0A58,0x0A0A,0x0A0A,0x540A,0x5454,0x3B54,
	0x0A0A,0x5454,0x5454,0x5454,0x0A0A,0x5454,0x5454,0x5454,
	0x0A0A,0x5454,0x5454,0x5454,0x540A,0x5454,0x5454,0x5454,
	0x1854,0x3B54,0x0A54,0x5454,0x0A58,0x0A0A,0x0A58,0x543B,
	0x0A0A,0x0A0A,0x0A0A,0x583B,0x0A0A,0x0A0A,0x0A0A,0x0A0A,
	0x0A54,0x0A0A,0x0A0A,0x0A0A,0x5454,0x5454,0x0A54,0x0A0A,
	0x5454,0x5454,0x0A54,0x0A0A,0x5454,0x5454,0x0A58,0x0A0A,

	0x5454,0x5454,0x5454,0x0A54,0x540A,0x540A,0x5454,0x4654,
	0x0A0A,0x0A0A,0x0F9F,0x469F,0x5454,0x5454,0x5454,0x5454,
	0x5454,0x5454,0x5454,0x5454,0x5454,0x5454,0x5454,0x5454,
	0x5454,0x5454,0x5454,0x5454,0x5454,0x5454,0x5454,0x5454,
	0x549F,0x5454,0x5454,0x5454,0x540F,0x5454,0x5454,0x5454,
	0x540F,0x5418,0x5454,0x5454,0x5454,0x0A0A,0x580A,0x3258,
	0x5454,0x540A,0x5454,0x5454,0x5454,0x540A,0x5454,0x5454,
	0x5454,0x540A,0x5454,0x5454,0x5454,0x540A,0x5454,0x5454,

	0x5454,0x580A,0x5858,0x5858,0x5454,0x540A,0x5454,0x5454,
	0x540A,0x540A,0x5454,0x5454,0x0A0A,0x540A,0x5454,0x5454,
	0x5454,0x9F54,0x5454,0x5454,0x5454,0x9F54,0x5454,0x5454,
	0x5454,0x9F54,0x5454,0x5454,0x5454,0x5454,0x0A0A,0x1858,
	0x0A58,0x580A,0x0A0A,0x540A,0x5454,0x0A0A,0x0A0A,0x0A0A,
	0x5454,0x0A0A,0x0A0A,0x180A,0x5454,0x540A,0x5454,0x5454,
	0x5454,0x540A,0x5454,0x5454,0x540A,0x540A,0x5454,0x5454,
	0x0A0A,0x540A,0x5454,0x5454,0x0A0A,0x540A,0x5454,0x5454,

	0x0A54,0x5454,0x5454,0x5454,0x0A0A,0x5858,0x0A58,0x583B,
	0x0A0A,0x580A,0x0A18,0x583B,0x5454,0x0A54,0x0A0A,0x0A0A,
	0x5454,0x3B54,0x0A0A,0x540A,0x5454,0x3B54,0x0A0A,0x5454,
	0x5454,0x1A54,0x540A,0x5454,0x5454,0x0A54,0x5454,0x5454,
	0x0A0A,0x0A32,0x0A0A,0x0A0A,0x0A0A,0x0A0A,0x0A0A,0x0A0A,
	0x0A0A,0x0A0A,0x0A0A,0x0A0A,0x5454,0x5454,0x0A3B,0x0A0A,
	0x5454,0x5454,0x1A54,0x0A0A,0x5454,0x5454,0x5454,0x0A0A,
	0x5454,0x5454,0x5454,0x0A54,0x5454,0x5454,0x5454,0x0A58,

	0x0A0A,0x0A0A,0x0A0A,0x0A0A,0x0A0A,0x0A0A,0x0A0A,0x0A0A,
	0x0A0A,0x0A0A,0x0A0A,0x0A0A,0x0A0A,0x0A0A,0x0A0A,0x0A0A,
	0x0A0A,0x0A0A,0x0A0A,0x0A0A,0x0A0A,0x0A32,0x0A0A,0x0A32,
	0x0A0A,0x0A32,0x0A32,0x0A32,0x0A0A,0x320A,0x0A32,0x0A0A,
	0x1A1A,0x1A1A,0x1A1A,0x1A1A,0x0A0A,0x1A1A,0x1A1A,0x1A1A,
	0x1A0A,0x1A1A,0x1A0A,0x1A1A,0x0A0A,0x0A0A,0x1A1A,0x1A1A,
	0x0A0A,0x1A1A,0x1A1A,0x1A1A,0x0A0A,0x1A0A,0x0A0A,0x1A1A,
	0x0A0A,0x0A0A,0x0A0A,0x1A1A,0x1A1A,0x3232,0x1A0A,0x0A0A,

	0x1A1A,0x1A1A,0x1A1A,0x0A1A,0x1A1A,0x1A1A,0x1A1A,0x1A1A,
	0x1A1A,0x1A1A,0x1A1A,0x1A1A,0x1A1A,0x1A1A,0x1A1A,0x1A1A,
	0x1A1A,0x1A1A,0x1A1A,0x1A1A,0x1A1A,0x1A1A,0x1A1A,0x1A1A,
	0x1A1A,0x1A1A,0x1A1A,0x1A1A,0x1A1A,0x1A1A,0x1A1A,0x1A1A,
	0x1A1A,0x1A0A,0x1A0A,0x600A,0x1A1A,0x1A1A,0x1A1A,0x1A1A,
	0x1A1A,0x1A1A,0x1A1A,0x1A1A,0x0A1A,0x0A1A,0x1A1A,0x1A1A,
	0x1A1A,0x1A1A,0x1A1A,0x191A,0x0A1A,0x0A1A,0x1A1A,0x1A1A,
	0x0A1A,0x0A1A,0x0A1A,0x1A1A,0x1A1A,0x1A0A,0x0A1A,0x1A1A,

	0x1A1A,0x0A1A,0x1A0A,0x1A1A,0x1A1A,0x1A1A,0x600D,0x1A1A,
	0x1A0D,0x600D,0x600D,0x1A1A,0x6060,0x6060,0x6060,0x1A1A,
	0x0D60,0x601A,0x1960,0x1A1A,0x1A1A,0x1A1A,0x1A1A,0x1A1A,
	0x1A1A,0x1A1A,0x0A1A,0x0A1A,0x1A1A,0x1A1A,0x1A0A,0x1A0A,
	0x1A1A,0x4BA8,0x3F3F,0x9A3F,0x1A1A,0x4B4B,0x3F3F,0x9A3F,
	0x1A1A,0xA84B,0x3F3F,0x9A3F,0x1A1A,0x5AA8,0x3F3F,0x9A3F,
	0x1A1A,0x5A3F,0x3F5A,0x9A3F,0x1A0A,0x3F3F,0x5A5A,0x9A3F,
	0x1A1A,0x3F3F,0x5A3F,0x9A5A,0x1A0A,0x3F3F,0x3F3F,0x3F5A,

	0x4B4B,0x4B4B,0x4B4B,0x4B4B,0x4B4B,0x4B4B,0x4B4B,0x4B4B,
	0x4B4B,0x4B4B,0x4B4B,0x4B4B,0x4B4B,0x4B4B,0x4B4B,0x4B4B,
	0x4B4B,0x4B4B,0x4B4B,0x4B4B,0x4B4B,0x4B4B,0x4B4B,0x4B4B,
	0x4B4B,0x4B4B,0x4B4B,0x4B4B,0x4B4B,0x4B4B,0x4B4B,0x4B4B,
	0x1A4B,0x1A1A,0x1A1A,0x1A1A,0x1A4B,0x1A1A,0x1A1A,0x1A1A,
	0x1A4B,0x1A1A,0x1A1A,0x1A1A,0x1A4B,0x1A1A,0x1A1A,0x1A1A,
	0x1A4B,0x1A1A,0x1A1A,0x1A1A,0x1A4B,0x1A1A,0x1A1A,0x0A1A,
	0x1A4B,0x1A1A,0x1A1A,0x1A1A,0x1A4B,0x1A1A,0x1A1A,0x0A1A,

	0x1A1A,0x0A1A,0x1A1A,0x0A1A,0x1A1A,0x1A1A,0x1A1A,0x1A1A,
	0x1A1A,0x1A1A,0x1A1A,0x1A1A,0x1A1A,0x1A1A,0x1A1A,0x0A0A,
	0x1A1A,0x1A1A,0x1A1A,0x0A0A,0x1A1A,0x1A1A,0x1A1A,0x0A1A,
	0x1A1A,0x1A1A,0x1A1A,0x0A0A,0x1A1A,0x1A1A,0x1A1A,0x1A1A,
	0x0A0A,0x1A0A,0x0A1A,0x321A,0x1A0A,0x1A0A,0x0A0A,0x0A0A,
	0x0A0A,0x1A1A,0x0A1A,0x0A0A,0x0A0A,0x0A0A,0x0A0A,0x0A32,
	0x0A0A,0x0A32,0x0A0A,0x0A32,0x1A1A,0x3232,0x0A32,0x0A0A,
	0x1A1A,0x320A,0x0A32,0x0A0A,0x0A0A,0x0A0A,0x0A0A,0x0A0A,

	0x320A,0x0A0A,0x0A0A,0x0A0A,0x0A0A,0x3232,0x0A0A,0x0A0A,
	0x0A0A,0x0A32,0x0A0A,0x0A0A,0x0A0A,0x0A0A,0x0A0A,0x1818,
	0x0A0A,0x0A0A,0x0A0A,0x1818,0x0A0A,0x0A0A,0x0A0A,0x0A0A,
	0x0A0A,0x0A0A,0x0A0A,0x0A0A,0x0A0A,0x0A0A,0x0A0A,0x0A0A,
	0x0A0A,0x0A0A,0x0A0A,0x0A0A,0x0A0A,0x0A0A,0x0A0A,0x0A0A,
	0x0A0A,0x0A0A,0x0A0A,0x0A0A,0x1818,0x0A0A,0x0A0A,0x0A0A,
	0x1A18,0x0A0A,0x0A0A,0x0A0A,0x0A0A,0x0A0A,0x0A0A,0x0A0A,
	0x0A0A,0x0A0A,0x0A0A,0x0A0A,0x0A0A,0x0A0A,0x0A0A,0x0A0A,

	0x0A0A,0x0A0A,0x0A0A,0x0A0A,0x0A0A,0x0A0A,0x0A0A,0x0A0A,
	0x0A0A,0x320A,0x320A,0x0A0A,0x0A0A,0x0A0A,0x0A0A,0x320A,
	0x0A0A,0x0A0A,0x0A32,0x320A,0x0A0A,0x0A0A,0x0A32,0x0A0A,
	0x0A0A,0x0A0A,0x0A0A,0x0A0A,0x0A0A,0x0A0A,0x0A0A,0x0A0A,
	0x0A0A,0x0A0A,0x0A0A,0x0A0A,0x0A0A,0x0A0A,0x0A0A,0x0A0A,
	0x0A0A,0x0A0A,0x0A0A,0x0A0A,0x0A0A,0x0A0A,0x0A0A,0x0A0A,
	0x0A0A,0x0A0A,0x0A0A,0x0A0A,0x0A0A,0x0A0A,0x0A0A,0x0A0A,
	0x0A0A,0x0A0A,0x0A0A,0x0A0A,0x0A0A,0x0A0A,0x0A0A,0x0A0A,

	0x0A0A,0x0A0A,0x0A3B,0x3B0A,0x0A0A,0x0A0A,0x0A0A,0x0A0A,
	0x0A0A,0x0A0A,0x0A0A,0x0A0A,0x0A0A,0x0A0A,0x0A0A,0x0A0A,
	0x0A0A,0x0A0A,0x0A0A,0x0A0A,0x0A0A,0x0A0A,0x0A0A,0x0A0A,
	0x0A0A,0x0A0A,0x0A0A,0x0A0A,0x0A0A,0x0A0A,0x0A0A,0x0A0A,
	0x0A0A,0x0A0A,0x0A0A,0x0A0A,0x0A0A,0x0A0A,0x0A0A,0x0A0A,
	0x0A0A,0x0A0A,0x0A0A,0x0A0A,0x0A0A,0x0A0A,0x0A0A,0x0A0A,
	0x0A0A,0x0A0A,0x0A0A,0x0A0A,0x0A0A,0x0A0A,0x0A0A,0x0A0A,
	0x0A0A,0x0A0A,0x0A0A,0x0A0A,0x0A0A,0x0A0A,0x0A0A,0x0A0A,

	0x0A0A,0x181A,0x0A0A,0x0A0A,0x0A0A,0x0A0A,0x181A,0x0A18,
	0x0A0A,0x0A0A,0x1A0A,0x0A0A,0x0A0A,0x0A0A,0x0A0A,0x0A0A,
	0x0A0A,0x0A69,0x0A0A,0x0A0A,0x0A0A,0x0A1A,0x0A0A,0x0A0A,
	0x0A0A,0x0A0A,0x0A0A,0x0A0A,0x0A0A,0x0A0A,0x0A0A,0x0A0A,
	0x0A0A,0x6969,0x0A0A,0x3B0A,0x6969,0x1A1A,0x0A0A,0x1A0A,
	0x6969,0x0A0A,0x0A0A,0x0A0A,0x0A0A,0x0A0A,0x0A0A,0x0A0A,
	0x0A0A,0x0A0A,0x0A0A,0x0A0A,0x0A0A,0x0A0A,0x0A0A,0x0A0A,
	0x0A0A,0x0A0A,0x0A0A,0x0A0A,0x0A0A,0x0A0A,0x0A0A,0x3B3B,

	0x3B0A,0x0A0A,0x0A0A,0x0A0A,0x0A3B,0x0A0A,0x0A0A,0x0A0A,
	0x0A0A,0x0A0A,0x0A0A,0x0A0A,0x0A0A,0x0A0A,0x0A0A,0x0A0A,
	0x0A0A,0x0A0A,0x0A0A,0x0A0A,0x0A0A,0x0A0A,0x0A0A,0x0A0A,
	0x0A0A,0x0A3B,0x0A0A,0x0A0A,0x3B0A,0x0A1A,0x0A0A,0x0A1A,
	0x460A,0x4646,0x0A18,0x4646,0x0A0A,0x0A46,0x0A0A,0x0A0A,
	0x1A1A,0x0A46,0x0A0A,0x0A1A,0x0A0A,0x0A0A,0x0A0A,0x0A1A,
	0x0A0A,0x0A0A,0x0A0A,0x0A1A,0x0A0A,0x0A1A,0x1A1A,0x1A1A,
	0x0A0A,0x0A1A,0x1A46,0x1A1A,0x1A0A,0x1A46,0x1A46,0x181A,

	0x0A1A,0x0A32,0x0A0A,0x0A0A,0x0A0A,0x0A0A,0x0A32,0x0A32,
	0x0A0A,0x0A0A,0x0A0A,0x0A0A,0x0A1A,0x0A0A,0x0A0A,0x320A,
	0x0A1A,0x0A1A,0x1A0A,0x0A0A,0x1A1A,0x1A1A,0x1A1A,0x0A1A,
	0x1A1A,0x0A1A,0x1A1A,0x0A1A,0x0A0A,0x0A0A,0x0A0A,0x0A0A,
	0x0A0A,0x0A0A,0x0A0A,0x0A0A,0x0A32,0x0A0A,0x0A0A,0x0A0A,
	0x0A0A,0x0A0A,0x0A0A,0x0A0A,0x1A0A,0x0A0A,0x0A0A,0x0A0A,
	0x0A1A,0x0A0A,0x0A0A,0x0A0A,0x0A0A,0x0A0A,0x0A0A,0x9F9F,
	0x0A0A,0x0A0A,0x9F0A,0x9F9F,0x0A0A,0x0A0A,0x9F0A,0x9F9F,

	0x0A3B,0x1A1A,0x0A0A,0x0A0A,0x0A0A,0x0A0A,0x0A0A,0x0A0A,
	0x0A0A,0x0A0A,0x0A0A,0x0A0A,0x0A0A,0x0A0A,0x0A0A,0x0A0A,
	0x0A0A,0x0A0A,0x0A0A,0x0A0A,0x9F9F,0x9F0F,0x9F9F,0x9F9F,
	0x9F9F,0x9F0F,0x9F9F,0x9F9F,0x9F9F,0x9F0F,0x9F9F,0x9F9F,
	0x180A,0x0A0A,0x0A0A,0x0A0A,0x0A0A,0x0A0A,0x3B3B,0x0A0A,
	0x0A0A,0x0A0A,0x3B3B,0x0A0A,0x0A3B,0x3B3B,0x0A0A,0x0A0A,
	0x3B3B,0x1A3B,0x0A0A,0x0A0A,0x0F0F,0x0A0A,0x0A0A,0x0A0A,
	0x0F0F,0x9F9F,0x0A0A,0x0A0A,0x0F0F,0x9F9F,0x9F9F,0xB69F,

	0x320A,0x0A32,0x320A,0x0A0A,0x320A,0x320A,0x3232,0x0A0A,
	0x0A0A,0x320A,0x0A32,0x0A0A,0x0A0A,0x0A0A,0x0A0A,0x0A0A,
	0x0A0A,0x0A0A,0x0A0A,0x1818,0x0A0A,0x1818,0x180A,0x1A1A,
	0x180A,0x1A18,0x0A0A,0x0A0A,0x0A0A,0x0A0A,0x1818,0x0A0A,
	0x2B2B,0x2FB8,0x2B2B,0x0A2B,0x0A0A,0xB8B8,0x2BB8,0x3287,
	0x0A0A,0x0AB8,0xB80A,0x0A87,0x0A0A,0x0A0A,0x0A2F,0x0A0A,
	0x0A0A,0x0A0A,0x2F2F,0x0A0A,0x0A0A,0x0A0A,0x0A0A,0x0A2F,
	0x0A0A,0x0A0A,0x0A0A,0x2F2F,0x0A0A,0x0A0A,0x1818,0x180A,

	0x0A0A,0x8732,0x2B89,0x0A2B,0x3232,0x2B2B,0x2B2B,0x2B2B,
	0x0A32,0x2B2B,0x2B2F,0x872B,0x2B0A,0x2B2B,0xB8B8,0x2B87,
	0x8787,0xB887,0xB8B8,0x2BB8,0x0A0A,0x0A2F,0xB80A,0x0A0A,
	0x0A0A,0x0A2F,0x0A0A,0x0A0A,0x2F2F,0x0A0A,0x0A0A,0x872B,
	0x0A0A,0x0A0A,0x0A0A,0x0A0A,0x0A0A,0x0A0A,0x0A0A,0x0A0A,
	0x0A0A,0x0A0A,0x0A0A,0x0A0A,0x0A0A,0x0A0A,0x0A0A,0x0A0A,
	0x0A2B,0x0A0A,0x0A0A,0x0A0A,0x0A0A,0x0A0A,0x0A0A,0x0A0A,
	0x0A0A,0x0A0A,0x0A0A,0x0A0A,0x0A87,0x3B0A,0x0A0A,0x0A0A,

	0x0A0A,0x0A0A,0x3B3B,0x0A0A,0x0A0A,0x0A0A,0x0A0A,0x3B3B,
	0x0A0A,0x0A0A,0x0A0A,0x3B1A,0x0A0A,0x0A0A,0x0A0A,0x0A0A,
	0x0A0A,0x0A0A,0x0A0A,0x0A0A,0x0A0A,0x0A0A,0x0A0A,0x0A0A,
	0x0A0A,0x0A0A,0x0A0A,0x0A0A,0x0A0A,0x0A0A,0x0A0A,0x180A,
	0x0A0A,0x0A0A,0x0A0A,0x0A0A,0x0A0A,0x0A0A,0x0A0A,0x0A0A,
	0x0A3B,0x0A0A,0x0A0A,0x0A0A,0x0A0A,0x0A0A,0x0A0A,0x0A0A,
	0x0A0A,0x0A0A,0x180A,0x0A18,0x0A0A,0x0A0A,0x1A0A,0x0A0A,
	0x0A0A,0x0A0A,0x0A0A,0x0A0A,0x0A0A,0x0A0A,0x0A0A,0x320A,

	0x0A3B,0x3B3B,0x0A0A,0x0A0A,0x0A0A,0x1A1A,0x0A0A,0x0A3B,
	0x0A0A,0x0A0A,0x0A0A,0x0A3B,0x0A0A,0x1A0A,0x0A18,0x3B0A,
	0x0A0A,0x0A0A,0x0A0A,0x1A0A,0x0A0A,0x0A0A,0x0A0A,0x0A0A,
	0x0A0A,0x0A0A,0x0A0A,0x0A0A,0x0A0A,0x0A0A,0x0A0A,0x0A0A,
	0x0A0A,0x0A0A,0x0A0A,0x0A0A,0x0A0A,0x0A0A,0x0A0A,0x0A0A,
	0x0A0A,0x0A0A,0x0A0A,0x0A0A,0x0A3B,0x0A0A,0x0A0A,0x0A0A,
	0x3B3B,0x0A0A,0x0A0A,0x0A0A,0x0A0A,0x0A0A,0x0A0A,0x0A0A,
	0x0A0A,0x0A0A,0x0A0A,0x0A0A,0x0A0A,0x0A0A,0x0A0A,0x0A0A,

	0x1A0A,0x0A0A,0x0A0A,0x1A0A,0x0A0A,0x0A0A,0x0A0A,0x1A1A,
	0x0A0A,0x0A0A,0x1818,0x1A0A,0x0A0A,0x0A3B,0x1A1A,0x0A0A,
	0x1A1A,0x0A3B,0x0A0A,0x0A0A,0x0A0A,0x0A1A,0x3B0A,0x0A0A,
	0x0A0A,0x0A0A,0x0A0A,0x0A1A,0x0A0A,0x0A0A,0x1A1A,0x091A,
	0x1A1A,0x0A0A,0x0909,0x0909,0x1A0A,0x0A0A,0x093B,0x0909,
	0x1A1A,0x3B0A,0x0909,0x0909,0x0A0A,0x1A0A,0x1A1A,0x0909,
	0x0A3B,0x0909,0x0909,0x0947,0x0909,0x0947,0x0909,0x0909,
	0x0909,0x0909,0x0909,0x0909,0x0909,0x0909,0x0909,0x4709,

	0x0909,0x0909,0x0909,0x0947,0x0909,0x0909,0x0909,0x0909,
	0x0909,0x0909,0x0909,0x0909,0x0909,0x0909,0x0909,0x4709,
	0x0909,0x0909,0x0909,0x0947,0x0909,0x0909,0x4747,0x0947,
	0x0947,0x0947,0x0909,0x4709,0x4747,0x4747,0x0947,0x0909,
	0x0909,0x0A1A,0x0A0A,0x0A0A,0x4709,0x0909,0x0909,0x0909,
	0x0909,0x0909,0x0909,0x0909,0x0909,0x0909,0x0909,0x0909,
	0x0909,0x0909,0x0909,0x0909,0x0909,0x0909,0x0909,0x4709,
	0x0909,0x0909,0x0909,0x0947,0x0909,0x0909,0x0909,0x0909,

	0x1A1A,0x3E3E,0x3E3E,0xB1B1,0x1A0A,0x3E3E,0xC83E,0x3E3E,
	0x1A09,0x3EB1,0x3E3E,0x3E3E,0x1A1A,0x3E3E,0x3EC8,0xC83E,
	0x1A09,0xB1B1,0xC83E,0xC83E,0x1A47,0x1A1A,0xC8C8,0xC8C8,
	0x0947,0x1A1A,0xB1B1,0xC8C8,0x0909,0xC83E,0xB13E,0xB1B1,
	0x1D1D,0x1DB1,0xB1B1,0xB11D,0xB1C8,0x1D1D,0x1D84,0x8484,
	0xB1B1,0x1DB1,0x1D84,0xC884,0xC8C8,0xC8B1,0x1DB1,0xC8C8,
	0xC8C8,0xC884,0x8484,0x8484,0xB1B1,0x00B1,0x8484,0xC884,
	0xB1C8,0x00B1,0x1D84,0xB184,0x8484,0x84C8,0x1D84,0x84B1,

	0xB1B1,0xC8B1,0x3E3E,0x3E3E,0xC8B1,0x3E3E,0xC8C8,0x3E3E,
	0xB1B1,0x3E3E,0x3E3E,0x3E3E,0x3EB1,0x3EB1,0x3EC8,0x3E3E,
	0xB1B1,0xC8B1,0x3EC8,0x3E3E,0x3E3E,0xB1B1,0xC8C8,0x4040,
	0xC8C8,0xC8C8,0xB184,0x1A1A,0xC8C8,0x84B1,0x3EB1,0x4040,
	0x0A1A,0x9393,0x5454,0x5454,0x691A,0x6666,0x6666,0x6666,
	0x1A1A,0x6666,0x6666,0x6666,0x1A40,0x6666,0x4040,0x6666,
	0x1A40,0x6666,0x7B40,0x4040,0x4040,0x4056,0x4040,0x4042,
	0x4040,0x7B56,0x5640,0x4042,0x1A7B,0x7B66,0x6666,0x4040,

	0x9342,0x9393,0x9393,0x9393,0x6642,0x9393,0x9393,0x4242,
	0x6642,0x6666,0x9393,0x4242,0x4242,0x6666,0x6666,0x4242,
	0x4242,0x4242,0x5642,0x5656,0x4040,0x5656,0x5656,0x5656,
	0x407B,0x6642,0x6666,0x6666,0x4040,0x6640,0x6666,0x6666,
	0x4242,0x5454,0x5454,0x9393,0x5656,0x6666,0x6666,0x9366,
	0x4242,0x6666,0x6666,0x6666,0x4242,0x6666,0x6666,0x4266,
	0x5656,0x6666,0x6666,0x4266,0x5656,0x6666,0x6666,0x4266,
	0x5656,0x6666,0x6666,0x4266,0x6666,0x6666,0x4242,0x6642,

	0x4256,0x1A1A,0x2FB8,0xB8B8,0x4256,0x1A1A,0x2F1A,0xB81A,
	0x4256,0x1A1A,0x2F2F,0xB81A,0x4256,0x1010,0x102F,0xB810,
	0x4256,0x1010,0x102F,0x1010,0x4256,0x101A,0x451A,0x1010,
	0x4256,0x101A,0x451A,0x1010,0x4266,0x0A1A,0x0A1A,0x0A0A,
	0x2B2B,0x1A1A,0x1A1A,0x6666,0x87B8,0x1A1A,0x1A1A,0x6666,
	0x87B8,0x1A1A,0x1A1A,0x6666,0x1010,0x1010,0x1A10,0x661A,
	0x1010,0x1010,0x1A1A,0x661A,0x1010,0x1A45,0x1A0A,0x661A,
	0x1A10,0x0A0A,0x1A1A,0x661A,0x1A1A,0x0A0A,0x1A1A,0x421A,

	0x6666,0x6666,0x6692,0x6666,0x6692,0x6666,0x6692,0x6666,
	0x9292,0x6692,0x6692,0x6666,0x6666,0x6666,0x4266,0x4242,
	0x6666,0x6666,0x5666,0x6666,0x6666,0x6666,0x0B66,0x3E66,
	0x6666,0x6666,0x0B66,0x6666,0x0B0B,0x0A66,0x0B0A,0x3E3E,
	0x6666,0x6666,0x6666,0x6666,0x6666,0x6666,0x6666,0x6666,
	0x3E3E,0x6666,0x6666,0x6666,0x3E3E,0x3E3E,0x6666,0x663E,
	0x3E3E,0x3E3E,0x3E3E,0x0B3E,0x3E3E,0xC83E,0xC80B,0x3E3E,
	0x3E3E,0xC8C8,0xC8C8,0x3E3E,0x3E3E,0xC83E,0x3E3E,0x3E3E,

	0x6666,0x5656,0x6666,0x6666,0x6666,0x5656,0x6666,0x6666,
	0x6666,0x5656,0x6666,0x6692,0x6666,0x4242,0x4242,0x5656,
	0x0B0B,0x9242,0x6692,0x6666,0x0101,0x9292,0x6692,0x6666,
	0x0101,0x9292,0x6692,0x6666,0x0A3E,0x0192,0x6642,0x6666,
	0x6666,0x6666,0x5666,0x6666,0x6666,0x6666,0x9266,0x6666,
	0x6666,0x6692,0x9292,0x6666,0x9292,0x4242,0x4292,0x6666,
	0x6666,0x4266,0x4242,0x6666,0x6666,0x5666,0x6666,0x6666,
	0x6666,0x0B66,0x6666,0x6666,0x0A66,0x0B0A,0x6666,0x6666,

	0xA0A0,0xA0A0,0xA0A0,0x4B4B,0x721A,0x7272,0x721A,0x4B4B,
	0x721A,0x1A72,0x721A,0x4B4B,0x1A1A,0x1A1A,0x1A1A,0x4B4B,
	0x1A1A,0x1A1A,0x1A1A,0x4B4B,0x1A1A,0x1A1A,0x1A1A,0x7979,
	0x1A1A,0x1A1A,0x1A1A,0x4B4B,0x1A1A,0x1A1A,0x1A1A,0x4B4B,
	0x4B4B,0x4B4B,0x4B4B,0x4B4B,0x4B4B,0x4B4B,0x4B4B,0x4B4B,
	0x4B4B,0x4B4B,0x4B4B,0x4B4B,0x4B4B,0x4B4B,0x4B4B,0x4B4B,
	0x4B4B,0x4B4B,0x4B4B,0x4B4B,0x7979,0x7979,0x7979,0x7979,
	0x4B4B,0x4B4B,0x4B4B,0x4B4B,0x4B4B,0x4B4B,0x4B4B,0x4B4B,

	0x1A1A,0x1A1A,0x1A1A,0x1A1A,0x1A1A,0x1A1A,0x1A1A,0x1A1A,
	0x1A1A,0x1A1A,0x1A1A,0x1A1A,0x1A1A,0x1A1A,0x1A1A,0x1A1A,
	0x1A1A,0x1A1A,0x1A1A,0x1A1A,0x1A1A,0x1A1A,0x1A1A,0x1A1A,
	0x1A1A,0x1A1A,0x1A1A,0x1A1A,0x1A1A,0x1A1A,0x1A1A,0x1A1A,
	0x1A1A,0x1A1A,0x541A,0x5454,0x1A1A,0x1A1A,0x541A,0x5454,
	0x1A1A,0x1A1A,0x541A,0x5454,0x1A1A,0x1A1A,0x581A,0x1A58,
	0x1A1A,0x1A1A,0x581A,0x1A1A,0x1A1A,0x1A1A,0x1A1A,0x1A1A,
	0x1A1A,0x1A1A,0x1A1A,0x1A1A,0x1A1A,0x1A1A,0x1A1A,0x1A1A,

	0x5454,0x5454,0x5454,0x5454,0x5454,0x5454,0x5454,0x5454,
	0x5454,0x5454,0x5454,0x5454,0x5454,0x5454,0x1A54,0x540A,
	0x1A58,0x581A,0x1A58,0x0A0A,0x1A1A,0x0A0A,0x0A0A,0x0A0A,
	0x1A1A,0x0A0A,0x0A0A,0x0A0A,0x0A0A,0x0A1A,0x0A32,0x0A32,
	0x0A54,0x580A,0x5454,0x5454,0x0A54,0x0A0A,0x5454,0x5454,
	0x0A54,0x0A0A,0x5454,0x5454,0x0A54,0x0A0A,0x0A58,0x0A58,
	0x0A58,0x0A0A,0x0A58,0x0A0A,0x0A0A,0x0A0A,0x0A0A,0x0A0A,
	0x0A0A,0x0A0A,0x0A0A,0x0A0A,0x0A32,0x0A0A,0x0A0A,0x0A0A,

	0x5454,0x5454,0x5454,0x0A0A,0x5454,0x5454,0x5454,0x0A0A,
	0x5454,0x5454,0x5454,0x0A0A,0x5858,0x0A58,0x580A,0x0A0A,
	0x5858,0x0A0A,0x580A,0x0A0A,0x0A0A,0x0A0A,0x0A0A,0x0A0A,
	0x0A0A,0x0A0A,0x0A0A,0x0A0A,0x0A0A,0x0A0A,0x0A0A,0x0A0A,
	0x0A3B,0x0A0A,0x0A0A,0x0A0A,0x0A0A,0x3B1A,0x0A3B,0x0A0A,
	0x0A0A,0x1A0A,0x0A0A,0x0A0A,0x0A0A,0x0A0A,0x0A0A,0x0A0A,
	0x0A0A,0x0A0A,0x0A0A,0x0A0A,0x0A0A,0x0A0A,0x0A0A,0x0A0A,
	0x0A0A,0x0A0A,0x0A0A,0x0A0A,0x0A0A,0x0A0A,0x0A0A,0x0A0A,

	0x5454,0x5454,0x5454,0x5454,0x5858,0x0A54,0x540A,0x5454,
	0x580A,0x0A0A,0x0A0A,0x5454,0x0A0A,0x0A0A,0x0A0A,0x0A0A,
	0x0A0A,0x0A0A,0x0A0A,0x0A0A,0x0A0A,0x0A0A,0x0A0A,0x0A0A,
	0x0A0A,0x0A0A,0x540A,0x5454,0x0A0A,0x0A18,0x543B,0x5454,
	0x5454,0x5454,0x0A58,0x0A0A,0x5454,0x5854,0x0A0A,0x0A0A,
	0x5454,0x5854,0x0A0A,0x0A0A,0x540A,0x0A58,0x0A0A,0x0A0A,
	0x580A,0x0A58,0x0A0A,0x0A0A,0x0A0A,0x0A0A,0x0A0A,0x5454,
	0x5454,0x0A0A,0x0A0A,0x5454,0x5454,0x5454,0x5454,0x5454,

	0x5454,0x5454,0x5454,0x5454,0x5454,0x5454,0x5454,0x5454,
	0x5454,0x5454,0x5454,0x5454,0x5454,0x0A54,0x5454,0x5454,
	0x0A54,0x0A54,0x540A,0x540A,0x5454,0x5454,0x0A54,0x5458,
	0x5454,0x5454,0x5454,0x5458,0x5454,0x5454,0x5454,0x540A,
	0x5454,0x543B,0x5454,0x5454,0x5454,0x540A,0x5454,0x5454,
	0x5454,0x540A,0x5454,0x5454,0x5454,0x580A,0x580A,0x5858,
	0x540A,0x0A0A,0x0A0A,0x0A58,0x5454,0x5454,0x5454,0x5454,
	0x5454,0x5454,0x5454,0x5454,0x5454,0x5454,0x5454,0x5454,

	0x5454,0x5454,0x0A0A,0x1858,0x5454,0x5454,0x1818,0x1A18,
	0x5454,0x5454,0x181A,0x0A0A,0x580A,0x5858,0x0A0A,0x0A0A,
	0x0A0A,0x580A,0x0A0A,0x0A0A,0x5454,0x0A0A,0x0A0A,0x0A0A,
	0x5454,0x0A0A,0x0A0A,0x0A0A,0x5454,0x0A0A,0x0A0A,0x6969,
	0x0A0A,0x540A,0x5454,0x5454,0x0A0A,0x0A0A,0x5454,0x5454,
	0x0A0A,0x540A,0x5454,0x5432,0x0A0A,0x580A,0x5858,0x0A0A,
	0x0A0A,0x580A,0x580A,0x0A32,0x0A0A,0x0A0A,0x0A0A,0x0A0A,
	0x0A0A,0x0A0A,0x0A0A,0x0A0A,0x0A0A,0x0A0A,0x1818,0x3B0A,

	0x5454,0x0A54,0x5458,0x5454,0x5454,0x0A54,0x0A0A,0x0A54,
	0x5432,0x0A58,0x0A0A,0x0A58,0x580A,0x0A0A,0x0A0A,0x0A0A,
	0x0A0A,0x0A0A,0x0A0A,0x0A0A,0x0A0A,0x0A0A,0x0A0A,0x0A0A,
	0x0A0A,0x0A0A,0x0A0A,0x0A0A,0x0A0A,0x0A0A,0x0A0A,0x0A0A,
	0x5454,0x5454,0x5454,0x0A58,0x5454,0x0A54,0x580A,0x0A0A,
	0x5454,0x0A54,0x0A0A,0x0A0A,0x9F0A,0x0A58,0x0A0A,0x0A0A,
	0x580A,0x0A58,0x0A0A,0x0A0A,0x0A0A,0x0A0A,0x0A0A,0x0A0A,
	0x0A0A,0x0A0A,0x0A0A,0x0A0A,0x1A1A,0x0A0A,0x0A0A,0x0A0A,

	0x0A0A,0x320A,0x0A0A,0x0A0A,0x0A0A,0x0A0A,0x0A0A,0x0A0A,
	0x0A0A,0x0A0A,0x0A0A,0x1A1A,0x0A0A,0x0A0A,0x0A0A,0x1A1A,
	0x0A0A,0x0A0A,0x0A0A,0x1A1A,0x0A0A,0x0A0A,0x0A0A,0x1A1A,
	0x0A0A,0x0A0A,0x0A0A,0x0A1A,0x0A0A,0x0A0A,0x0A0A,0x0A1A,
	0x1A1A,0x0A32,0x0A32,0x0A0A,0x0A0A,0x320A,0x0A0A,0x1A1A,
	0x0A0A,0x1A1A,0x0A0A,0x1A1A,0x1A1A,0x0A0A,0x1A1A,0x1A1A,
	0x0A1A,0x1A1A,0x1A0A,0x1A1A,0x1A1A,0x1A1A,0x0A1A,0x1A1A,
	0x1A1A,0x1A1A,0x0A1A,0x1A1A,0x0A0A,0x0A1A,0x1A1A,0x1A0A,

	0x1A1A,0x1A1A,0x1A1A,0x1A1A,0x1A1A,0x1A1A,0x1A1A,0x1A1A,
	0x1A1A,0x1A1A,0x1A1A,0x1A1A,0x1A1A,0x1A1A,0x1A1A,0x1A1A,
	0x1A1A,0x1A1A,0x1A1A,0x0A1A,0x1A1A,0x1A1A,0x1A1A,0x1A1A,
	0x1A1A,0x1A1A,0x1A1A,0x1A1A,0x1A1A,0x1A1A,0x1A1A,0x1A1A,
	0x1A1A,0x1A0A,0x1A1A,0x1A1A,0x1A1A,0x1A1A,0x1A1A,0x3E3E,
	0x1A1A,0x0A1A,0x1A0A,0x3E3E,0x0A0A,0x0A1A,0x0A0A,0x3E3E,
	0x0A1A,0x0A1A,0x3E0A,0x3E3E,0x1A1A,0x1A1A,0x1A1A,0x3E3E,
	0x1A1A,0x1A1A,0x3E3E,0x3E3E,0x1A1A,0x1A1A,0x3E1A,0xC83E,

	0x1A1A,0x1A1A,0x1A1A,0x1A1A,0x1A1A,0x1A1A,0x1A1A,0x1A1A,
	0x1A0A,0x1A1A,0x1A1A,0x1A1A,0x3E3E,0x3E3E,0x1A3E,0x1A1A,
	0x1AC8,0x3E3E,0x3E3E,0x1A1A,0xC8C8,0xC8C8,0x3E3E,0x1A1A,
	0x3EC8,0x3E3E,0x3E3E,0x1A3E,0xC83E,0x3E3E,0x3E3E,0x1A1A,
	0x1A0A,0x3F3F,0x3F3F,0x9A3F,0x1A1A,0x3F1A,0x3F3F,0x9A3F,
	0x1A1A,0x1A1A,0x3F3F,0x9A3F,0x1A1A,0x1A1A,0x3F1A,0x9A3F,
	0x1A1A,0x1A1A,0x1A1A,0x9A3F,0x1A1A,0x1A1A,0x1A1A,0x1A1A,
	0x1A1A,0x1A1A,0x1A1A,0x1A1A,0x1A1A,0x1A1A,0x1A1A,0x1A1A,

	0x4B4B,0x4B4B,0x4B4B,0x4B4B,0x4B4B,0x4B4B,0x4B4B,0x4B4B,
	0x4B4B,0x4B4B,0x4B4B,0x4B4B,0x4B4B,0x4B4B,0x4B4B,0x4B4B,
	0x4B4B,0x4B4B,0x4B4B,0x4B4B,0x7979,0x7979,0x7979,0x7979,
	0x4B4B,0x4B4B,0x4B4B,0x4B4B,0x4B4B,0x4B4B,0x4B4B,0x4B4B,
	0x1A4B,0x1A1A,0x1A1A,0x0A1A,0x1A4B,0x1A1A,0x0A0A,0x0A0A,
	0x0A4B,0x0A1A,0x0A0A,0x0A0A,0x0A4B,0x0A0A,0x0A0A,0x0A0A,
	0x0A4B,0x0A0A,0x0A1A,0x0A0A,0x1A79,0x1A1A,0x0A0A,0x0A0A,
	0x1A4B,0x1A1A,0x0A0A,0x0A0A,0x1A4B,0x0A1A,0x1A0A,0x0A0A,

	0x1A1A,0x1A1A,0x1A1A,0x0A0A,0x0A0A,0x1A0A,0x0A18,0x0A0A,
	0x180A,0x0A0A,0x1A1A,0x0A0A,0x1A0A,0x0A18,0x0A0A,0x0A0A,
	0x0A0A,0x0A0A,0x0A0A,0x0A0A,0x0A0A,0x0A0A,0x0A0A,0x0A0A,
	0x0A0A,0x0A0A,0x0A0A,0x0A0A,0x0A0A,0x0A0A,0x0A0A,0x0A0A,
	0x0A0A,0x0A0A,0x0A0A,0x0A0A,0x0A0A,0x1A1A,0x0A0A,0x0A0A,
	0x0A0A,0x1A1A,0x0A0A,0x0A0A,0x1A1A,0x0A1A,0x0A0A,0x0A0A,
	0x0A1A,0x0A1A,0x0A0A,0x0A0A,0x0A0A,0x0A0A,0x0A0A,0x0A0A,
	0x0A0A,0x0A0A,0x0A0A,0x0A0A,0x0A0A,0x0A0A,0x0A0A,0x0A0A,

	0x0A0A,0x1818,0x0A0A,0x0A0A,0x0A18,0x1A1A,0x0A0A,0x0A0A,
	0x0A18,0x0A0A,0x0A0A,0x0A0A,0x0A0A,0x0A0A,0x0A0A,0x0A0A,
	0x0A0A,0x0A0A,0x0A0A,0x0A0A,0x0A0A,0x0A0A,0x0A0A,0x0A0A,
	0x0A0A,0x0A0A,0x0A0A,0x0A0A,0x0A0A,0x0A0A,0x0A0A,0x0A0A,
	0x0A0A,0x0A0A,0x0A0A,0x0A0A,0x0A18,0x0A0A,0x0A0A,0x0A0A,
	0x1818,0x3B0A,0x0A0A,0x0A0A,0x0A0A,0x1A3B,0x0A0A,0x0A0A,
	0x0A0A,0x0A0A,0x0A0A,0x0A0A,0x0A0A,0x0A0A,0x0A0A,0x320A,
	0x0A0A,0x0A0A,0x0A0A,0x320A,0x0A0A,0x0A0A,0x0A0A,0x320A,

	0x0A0A,0x0A0A,0x0A0A,0x0A0A,0x0A0A,0x0A0A,0x0A0A,0x0A0A,
	0x0A0A,0x0A0A,0x0A0A,0x0A0A,0x0A0A,0x0A0A,0x0A0A,0x0A0A,
	0x0A0A,0x0A0A,0x0A0A,0x0A0A,0x0A0A,0x0A0A,0x0A0A,0x0A0A,
	0x0A0A,0x0A0A,0x0A0A,0x0A0A,0x320A,0x0A0A,0x0A0A,0x0A0A,
	0x0A0A,0x0A0A,0x0A0A,0x180A,0x0A0A,0x0A0A,0x0A0A,0x1818,
	0x0A0A,0x0A0A,0x0A3B,0x1A18,0x0A0A,0x0A0A,0x3B1A,0x0A0A,
	0x0A0A,0x0A0A,0x0A0A,0x0A0A,0x0A0A,0x0A0A,0x0A0A,0x0A0A,
	0x0A0A,0x0A0A,0x0A0A,0x0A0A,0x0A0A,0x0A0A,0x0A0A,0x0A0A,

	0x0A0A,0x0A0A,0x0A0A,0x0A0A,0x0A0A,0x0A0A,0x0A0A,0x0A0A,
	0x0A0A,0x0A0A,0x0A0A,0x0A0A,0x0A0A,0x0A0A,0x0A0A,0x0A0A,
	0x0A0A,0x0A0A,0x0A0A,0x0A0A,0x0A0A,0x0A0A,0x0A0A,0x0A0A,
	0x0A0A,0x0A0A,0x0A0A,0x0A0A,0x0A0A,0x0A0A,0x0A0A,0x0A0A,
	0x0A0A,0x0A0A,0x0A0A,0x0A0A,0x0A0A,0x0A0A,0x0A0A,0x0A0A,
	0x0A0A,0x0A0A,0x0A0A,0x0A0A,0x0A0A,0x0A0A,0x0A0A,0x0A0A,
	0x0A0A,0x0A0A,0x0A0A,0x0A0A,0x0A0A,0x0A0A,0x0A0A,0x0A0A,
	0x0A0A,0x0A0A,0x0A0A,0x0A0A,0x0A0A,0x0A0A,0x0A0A,0x0A0A,

	0x0A0A,0x0A0A,0x0A0A,0x0A0A,0x0A0A,0x0A0A,0x0A0A,0x0A0A,
	0x0A0A,0x0A0A,0x0A0A,0x0A0A,0x0A0A,0x0A0A,0x0A0A,0x0A0A,
	0x0A0A,0x0A0A,0x0A0A,0x0A0A,0x0A0A,0x0A0A,0x0A0A,0x0A0A,
	0x0A0A,0x0A0A,0x0A0A,0x0A0A,0x0A0A,0x0A0A,0x0A0A,0x0A0A,
	0x0A0A,0x0A0A,0x0A0A,0x1A1A,0x0A0A,0x0A0A,0x0A0A,0x0A0A,
	0x180A,0x0A0A,0x0A0A,0x0A0A,0x180A,0x3B3B,0x0A0A,0x0A0A,
	0x0A0A,0x1A3B,0x0A0A,0x0A0A,0x0A0A,0x0A0A,0x0A0A,0x0A0A,
	0x0A0A,0x0A0A,0x0A0A,0x0A0A,0x0A0A,0x0A0A,0x0A0A,0x0A0A,

	0x0A0A,0x0A0A,0x0A0A,0x0A1A,0x3B0A,0x0A0A,0x0A0A,0x0A0A,
	0x3B0A,0x0A0A,0x0A0A,0x0A0A,0x1A1A,0x0A0A,0x0A0A,0x0A0A,
	0x0A0A,0x0A0A,0x0A0A,0x0A0A,0x0A0A,0x0A0A,0x0A0A,0x0A0A,
	0x0A0A,0x0A0A,0x0A0A,0x0A0A,0x0A0A,0x0A0A,0x0A0A,0x0A0A,
	0x0A0A,0x1846,0x1A46,0x460A,0x0A0A,0x460A,0x4646,0x0A46,
	0x0A0A,0x460A,0x0A46,0x1A46,0x0A0A,0x0A0A,0x0A0A,0x0A0A,
	0x0A0A,0x0A0A,0x0A0A,0x0A0A,0x0A0A,0x0A0A,0x0A0A,0x0A0A,
	0x0A0A,0x0A0A,0x0A0A,0x0A0A,0x0A0A,0x0A0A,0x0A0A,0x0A0A,

	0x0A0A,0x0A0A,0x0A0A,0x0A0A,0x0A0A,0x0A0A,0x0A0A,0x0A0A,
	0x0A0A,0x0A0A,0x0A1A,0x0A0A,0x0A0A,0x1A0A,0x0A0A,0x0A0A,
	0x0A0A,0x0A0A,0x0A0A,0x0A0A,0x0A0A,0x0A0A,0x0A0A,0x0A0A,
	0x0A0A,0x0A0A,0x0A0A,0x0A0A,0x0A0A,0x0A0A,0x0A0A,0x0A0A,
	0x0A0A,0x0A0A,0x9F0A,0x9F9F,0x0A0A,0x0A0A,0x480A,0x9F9F,
	0x0A0A,0x0A0A,0x480A,0xB648,0x0A0A,0x0A0A,0x480A,0xB6B6,
	0x0A0A,0x0A0A,0x480A,0xB6B6,0x0A0A,0x380A,0x3838,0xB6B6,
	0x0A0A,0x3838,0x3838,0x4848,0x0A0A,0x3838,0x0A38,0x5E5E,

	0x9F9F,0x9F0F,0x9F9F,0x9F9F,0x9F9F,0xB6B6,0x0F0F,0xB60F,
	0xB6B6,0x0FB6,0x480F,0x0F0F,0xB6B6,0x0FB6,0x480F,0x0F0F,
	0xB6B6,0x48B6,0x0F0F,0x480F,0xB6B6,0xB6B6,0xB6B6,0xB6B6,
	0x4848,0xB648,0xB6B6,0x0F0F,0x0A38,0x380A,0xB6B6,0x0F0F,
	0x0F0F,0x9F9F,0x9F9F,0xB69F,0x0F0F,0x9F9F,0x9F9F,0xB69F,
	0xB648,0x9F9F,0x9F9F,0xB69F,0xB648,0xB6B6,0xB6B6,0x48B6,
	0xB6B6,0x0FB6,0x0F0F,0xB60F,0xB6B6,0x0FB6,0x0F0F,0xB60F,
	0x0F0F,0xB6B6,0x0F0F,0x48B6,0xB6B6,0x0FB6,0x0F0F,0xB60F,

	0x0AB6,0x0A0A,0x1818,0x0A0A,0xB6B6,0x0A0A,0x0A0A,0x0A0A,
	0xB6B6,0x0A0A,0x0A0A,0x0A0A,0xB6B6,0x0A0A,0x0A0A,0x0A0A,
	0xB6B6,0x0A0A,0x0A0A,0x0A0A,0x4848,0x3838,0x0A0A,0x0A0A,
	0x4848,0x3838,0x0A0A,0x0A0A,0x4848,0x3838,0x0A0A,0x0A0A,
	0x0A0A,0x0A0A,0x180A,0x0A0A,0x0A0A,0x0A0A,0x0A0A,0x0A0A,
	0x0A0A,0x0A0A,0x0A0A,0x0A0A,0x0A0A,0x8787,0x0A0A,0x0A0A,
	0x0A0A,0x8787,0x2B89,0x0A0A,0x2B0A,0x2B2B,0x2B2B,0x0A2B,
	0x2B2B,0x2B2B,0x2BB8,0x2B2B,0x2B2B,0xB8B8,0x2F2F,0x2B2B,

	0x2F2F,0x0A0A,0x2B0A,0x872B,0x2F18,0x0A0A,0x2B2B,0x2B2F,
	0x1A1A,0x0A0A,0x2B2B,0xB8B8,0x0A0A,0x0A0A,0x2F0A,0xB8B8,
	0x0A0A,0x0A0A,0x2F0A,0xB80A,0x0A0A,0x0A2F,0x2F0A,0xB80A,
	0x0A0A,0x0A2F,0x2F2F,0x0A0A,0x0A0A,0x2F0A,0x0A2F,0x0A0A,
	0x872B,0x3B87,0x0A0A,0x0A0A,0x2B2B,0x8787,0x0A87,0x0A0A,
	0x2B2B,0x0A0A,0x0A0A,0x0A0A,0xB8B8,0x2B2B,0x0A0A,0x0A0A,
	0x0A0A,0x0A0A,0x0A0A,0x0A0A,0x0A0A,0x0A0A,0x0A0A,0x0A0A,
	0x0A0A,0x0A0A,0x0A0A,0x3232,0x0A0A,0x0A0A,0x0A0A,0x0A0A,

	0x0A0A,0x0A0A,0x0A0A,0x1818,0x0A0A,0x0A0A,0x1818,0x1A18,
	0x0A0A,0x0A0A,0x181A,0x0A0A,0x0A0A,0x0A0A,0x0A0A,0x0A0A,
	0x0A0A,0x0A0A,0x0A0A,0x0A0A,0x0A0A,0x0A0A,0x0A0A,0x0A0A,
	0x3232,0x0A0A,0x0A0A,0x0A0A,0x3C26,0x0A0A,0x0A18,0x0A0A,
	0x0A0A,0x0A0A,0x0A0A,0x320A,0x0A0A,0x0A0A,0x0A0A,0x320A,
	0x0A0A,0x0A0A,0x0A0A,0x0A32,0x0A0A,0x0A0A,0x0A0A,0x0A32,
	0x0A0A,0x0A0A,0x0A0A,0x0A0A,0x0A0A,0x0A0A,0x0A0A,0x0A0A,
	0x0A0A,0x0A0A,0x0A0A,0x0A0A,0x0A26,0x0A0A,0x0A0A,0x0A0A,

	0x0A0A,0x0A0A,0x0A0A,0x0A0A,0x320A,0x0A0A,0x0A0A,0x0A0A,
	0x320A,0x0A0A,0x0A0A,0x0A0A,0x320A,0x0A0A,0x0A0A,0x0A0A,
	0x0A0A,0x0A0A,0x0A0A,0x0A0A,0x0A0A,0x0A0A,0x0A0A,0x0A0A,
	0x0A0A,0x0A0A,0x0A0A,0x0A0A,0x0A0A,0x0A0A,0x0A0A,0x0A0A,
	0x0A0A,0x0A0A,0x0A0A,0x0A0A,0x0A0A,0x0A0A,0x0A0A,0x0A0A,
	0x0A0A,0x0A0A,0x0A0A,0x0A0A,0x0A0A,0x0A0A,0x0A0A,0x0A0A,
	0x0A0A,0x0A0A,0x0A0A,0x0A0A,0x0A0A,0x0A0A,0x0A0A,0x0A0A,
	0x0A0A,0x0A0A,0x0A0A,0x0A0A,0x410A,0x0A41,0x260A,0x0A0A,

	0x0A0A,0x0A0A,0x0A0A,0x091A,0x0A0A,0x320A,0x1A0A,0x0909,
	0x0A0A,0x0A0A,0x0A32,0x0909,0x0A0A,0x320A,0x320A,0x0909,
	0x0A0A,0x320A,0x0A0A,0x6464,0x0A0A,0x0A0A,0x641A,0x4747,
	0x0A0A,0x0A0A,0x1A1A,0x4747,0x0A0A,0x1A0A,0x641A,0x6464,
	0x0909,0x0909,0x0909,0x4709,0x0909,0x0909,0x0909,0x0909,
	0x0909,0x0909,0x0909,0x0909,0x0909,0x0947,0x0947,0x0909,
	0x6464,0x0909,0x4747,0x0909,0x6464,0x6464,0x0909,0x4709,
	0x4747,0x6447,0x4747,0x4709,0x6464,0x4764,0x4709,0x6447,

	0x4709,0x4747,0x0909,0x0909,0x0909,0x6464,0x0909,0x0909,
	0x4747,0x4747,0x0909,0x0909,0x0909,0x6447,0x0964,0x4747,
	0x0947,0x4747,0x0964,0x4747,0x4709,0x4747,0x645C,0x4747,
	0x4747,0x4747,0x5C5C,0x4747,0x6464,0x6464,0x645C,0x6447,
	0x0909,0x0909,0x0909,0x0909,0x0909,0x0947,0x0947,0x0909,
	0x4709,0x4747,0x0947,0x4747,0x0909,0x0909,0x4747,0x4747,
	0x4747,0x0947,0x4747,0x4747,0x4747,0x4747,0x4747,0x6464,
	0x4747,0x4764,0x6464,0x6464,0x8764,0x8787,0x2B2B,0x6447,

	0x0909,0x3E3E,0x3E3E,0xB1B1,0x0909,0x3E3E,0xC83E,0xC8C8,
	0x0909,0x3EB1,0x3EC8,0xC8C8,0x0909,0xC83E,0x3E3E,0x3EC8,
	0x0909,0xC884,0xC8C8,0xC8C8,0x6447,0x8447,0xC800,0x8484,
	0x4747,0x4747,0x8400,0xC8C8,0x4747,0x6464,0x8484,0x0000,
	0x8484,0x0000,0x1D84,0xB184,0x3E3E,0xB1C8,0xC8C8,0x8484,
	0x3E3E,0xB1B1,0xC8C8,0x8484,0xB1B1,0xB1B1,0x84C8,0xB1B1,
	0xC8C8,0x3E3E,0x00C8,0xB1B1,0xC8B1,0xC8B1,0xC8C8,0xC8C8,
	0xB1B1,0xC8C8,0xC8C8,0xB1B1,0xC8C8,0x8400,0x8400,0x8400,

	0xC8C8,0xB1B1,0x3EB1,0x3E3E,0xB1C8,0xC8B1,0x3EC8,0x1AC8,
	0x3EC8,0xB1B1,0x3E3E,0x3EB1,0xC8C8,0x3EC8,0x8484,0x4040,
	0xC8C8,0x3EC8,0x4084,0x4040,0xC8B1,0xB1C8,0x84B1,0x0040,
	0x84C8,0x84B1,0x84B1,0x0000,0x8484,0x8400,0x0000,0x1A84,
	0x407B,0x7B7B,0x667B,0x4040,0x1A1A,0x6666,0x7B66,0x7B7B,
	0x1A1A,0x6666,0x4040,0x667B,0x4040,0x421A,0x7B56,0x5656,
	0x7B7B,0x661A,0x7B66,0x5656,0x1A40,0x7B7B,0x7B66,0x4040,
	0x1A1A,0x4040,0x7B7B,0x6666,0x1A1A,0x1A1A,0x1A66,0x7B7B,

	0x4040,0x6640,0x6666,0x6666,0x6666,0x6666,0x6666,0x6666,
	0x6666,0x6666,0x6666,0x6666,0x6666,0x6656,0x6666,0x6666,
	0x5656,0x5656,0x6666,0x6666,0x6656,0x6666,0x6666,0x6666,
	0x6656,0x6666,0x6666,0x6666,0x1A1B,0x661A,0x1B1B,0x661A,
	0x6666,0x6666,0x6666,0x6666,0x6666,0x6666,0x6666,0x6666,
	0x6666,0x6666,0x6666,0x6666,0x6666,0x667F,0x6666,0x6666,
	0x5666,0x667F,0x7F7F,0x6666,0x6666,0x7F7F,0x5666,0x4242,
	0x6666,0x7B7F,0x667F,0x7F7F,0x6666,0x7F7F,0x6666,0x4266,

	0x4266,0x1A56,0x0A0A,0x0A0A,0x5666,0x1856,0x0A0A,0x1A1A,
	0x5666,0x1856,0x0A0A,0x1A1A,0x5656,0x1A56,0x0A0A,0x0A0A,
	0x4242,0x1A42,0x0A0A,0x0A0A,0x427F,0x0A42,0x0A0A,0x0A0A,
	0x567F,0x0A56,0x0A0A,0x0A0A,0x7F7F,0x1A56,0x1A0A,0x0A18,
	0x1A1A,0x0A0A,0x1A0A,0xBDBD,0x0A0A,0x1A1A,0x1A1A,0x0101,
	0x0A0A,0x1A1A,0x1A1A,0x0101,0x0A0A,0x1A1A,0x1A1A,0x0101,
	0x1A0A,0x1A1A,0x1A1A,0x4242,0x0A0A,0x1A0A,0x1A1A,0x0101,
	0x3B3B,0x1A0A,0x1A0A,0x0101,0x1A1A,0x0A0A,0x180A,0x0A0A,

	0x0101,0x0B0B,0x420B,0x3E0B,0x0101,0x0101,0x3E3E,0xB1B1,
	0x0101,0x3E3E,0x3E3E,0xB1B1,0x0B0B,0x3E3E,0x3E3E,0x3EC8,
	0x0B0B,0xB1C8,0x3E3E,0x3E3E,0x0101,0x3E3E,0x3E3E,0x3E3E,
	0x0101,0x3E01,0xC83E,0x3E3E,0x013B,0x011A,0x3E3E,0x3E3E,
	0xC83E,0xC83E,0x3E3E,0x3E3E,0xC8C8,0x3EC8,0xC8C8,0xC8C8,
	0x3E3E,0x3EB1,0xC8C8,0xC8C8,0xC8C8,0xC81D,0x3EC8,0xB1B1,
	0xC8B1,0x841D,0xC8C8,0x3EC8,0xB13E,0x3E3E,0xC8C8,0x3E3E,
	0xC83E,0x3E1D,0xC8B1,0xC8C8,0x3EC8,0xC8B1,0xC8C8,0x3E3E,

	0x0A01,0x0192,0x6642,0x6666,0x013E,0x9201,0xBDBD,0x0101,
	0x013E,0x9201,0x0101,0x0101,0x3EC8,0x0168,0x0101,0x0101,
	0x3E3E,0x010A,0x0168,0x0B01,0x3E3E,0x3E3E,0x6842,0x0B0B,
	0x3E3E,0x3E3E,0x6801,0x68BD,0x3E3E,0x3EC8,0x013E,0x6868,
	0x0A66,0x0B0A,0x6666,0x660A,0x0101,0xBDBD,0x9292,0x9292,
	0x0101,0x9292,0x9292,0x9292,0x6801,0x9292,0x9292,0x9292,
	0x0168,0x9292,0x9292,0x9292,0x0B0B,0x6868,0x9292,0x0B0B,
	0x01BD,0x4268,0x0B0B,0x9292,0x6801,0x9292,0x9292,0x9292,

	0x1A1A,0x1A1A,0x1A1A,0x4B4B,0x1A1A,0x1A1A,0x951A,0x4B4B,
	0x1A1A,0x1A1A,0x1919,0x4B4B,0x1A1A,0x1A1A,0x1A1A,0x4B4B,
	0x1A1A,0x1A1A,0x1A1A,0x4B4B,0x1A1A,0x1A1A,0x1A1A,0x4B4B,
	0x1A1A,0x1A1A,0x1A1A,0x4B4B,0x1A1A,0x1A1A,0x1A1A,0x4B4B,
	0x4B4B,0x4B4B,0x4B4B,0x4B4B,0x4B4B,0x4B4B,0x4B4B,0x4B4B,
	0x4B4B,0x4B4B,0x4B4B,0x4B4B,0x4B4B,0x4B4B,0x4B4B,0x4B4B,
	0x4B4B,0x4B4B,0x4B4B,0x4B4B,0x4B4B,0x4B4B,0x4B4B,0x4B4B,
	0x4B4B,0x4B4B,0x4B4B,0x4B4B,0x4B4B,0x4B4B,0x4B4B,0x4B4B,

	0x1A1A,0x1A1A,0x1A1A,0x1A1A,0x1A1A,0x1A1A,0x1A1A,0x1A1A,
	0x1A1A,0x1A1A,0x1A1A,0x1A1A,0x1A1A,0x1A1A,0x1A1A,0x1A1A,
	0x4B4B,0x4B4B,0x4B79,0x4B4B,0x4B4B,0x4B4B,0x4B79,0x4B4B,
	0x4B4B,0x4B4B,0x4B79,0x4B4B,0x4B4B,0x4B4B,0x4B79,0x4B4B,
	0x1A1A,0x1A1A,0x1A1A,0x1A1A,0x1A1A,0x0A1A,0x1A0A,0x1A1A,
	0x1A1A,0x0A1A,0x180A,0x0A18,0x1A1A,0x1A1A,0x1A1A,0x0A0A,
	0x4B4B,0x4B4B,0x4B4B,0x4B4B,0x4B4B,0x4B4B,0x4B4B,0x4B4B,
	0x4B4B,0x4B4B,0x4B4B,0x4B4B,0x4B4B,0x4B4B,0x4B4B,0x4B4B,

	0x1A0A,0x0A0A,0x0A0A,0x0A0A,0x1A0A,0x1818,0x0A0A,0x320A,
	0x0A0A,0x1818,0x0A0A,0x0A0A,0x0A18,0x0A0A,0x0A0A,0x0A0A,
	0x4B4B,0x4B4B,0x0A4B,0x0A0A,0x4B4B,0x4B4B,0x0A4B,0x320A,
	0x4B4B,0x4B4B,0x0A4B,0x320A,0x4B4B,0x4B4B,0x324B,0x0A32,
	0x0A0A,0x0A0A,0x0A0A,0x0A0A,0x0A0A,0x0A0A,0x0A0A,0x0A0A,
	0x0A0A,0x0A0A,0x0A0A,0x0A0A,0x0A0A,0x0A0A,0x0A0A,0x180A,
	0x0A0A,0x0A0A,0x1818,0x180A,0x0A0A,0x0A0A,0x1A1A,0x0A0A,
	0x0A0A,0x0A0A,0x0A0A,0x180A,0x0A0A,0x0A0A,0x0A0A,0x0A0A,

	0x0A0A,0x0A0A,0x0A0A,0x320A,0x0A0A,0x3232,0x0A32,0x3232,
	0x0A0A,0x320A,0x320A,0x0A32,0x0A0A,0x0A0A,0x320A,0x0A0A,
	0x0A0A,0x0A0A,0x0A0A,0x0A0A,0x0A0A,0x0A0A,0x0A0A,0x0A0A,
	0x0A18,0x0A0A,0x0A0A,0x0A0A,0x0A1A,0x0A0A,0x0A0A,0x0A0A,
	0x0A0A,0x0A0A,0x0A0A,0x0A0A,0x0A0A,0x0A0A,0x0A0A,0x0A0A,
	0x0A0A,0x0A0A,0x0A0A,0x0A0A,0x0A0A,0x0A0A,0x0A0A,0x0A0A,
	0x0A0A,0x0A0A,0x0A0A,0x0A0A,0x0A0A,0x0A3B,0x0A3B,0x0A0A,
	0x0A0A,0x3B3B,0x0A3B,0x0A0A,0x0A0A,0x0A0A,0x0A0A,0x0A0A,

	0x1A0A,0x0A18,0x543B,0x5454,0x0A0A,0x0A0A,0x540A,0x5454,
	0x0A0A,0x0A0A,0x5454,0x5454,0x0A0A,0x0A0A,0x5454,0x5454,
	0x0A0A,0x0A0A,0x5454,0x5454,0x0A0A,0x0A0A,0x5858,0x5858,
	0x0A0A,0x0A0A,0x5858,0x580A,0x0A0A,0x0A0A,0x0A0A,0x3B3B,
	0x5454,0x5454,0x5454,0x5454,0x5454,0x5454,0x5454,0x5454,
	0x5454,0x5454,0x5454,0x5454,0x5454,0x5454,0x5854,0x5454,
	0x5454,0x5454,0x0A54,0x5454,0x3B58,0x0A58,0x0A58,0x5454,
	0x3B58,0x0A0A,0x0A58,0x5454,0x0A0A,0x1A0A,0x1818,0x5858,

	0x5454,0x5454,0x5454,0x540A,0x5454,0x5454,0x5454,0x540A,
	0x5454,0x5454,0x5454,0x540A,0x5454,0x5454,0x5454,0x540A,
	0x5454,0x5454,0x0A54,0x540A,0x5454,0x5454,0x0A54,0x540A,
	0x5454,0x0A54,0x0A0A,0x580A,0x580A,0x0A58,0x0A0A,0x0A0A,
	0x5454,0x5454,0x5454,0x5454,0x5454,0x5454,0x5454,0x5454,
	0x5454,0x5454,0x5454,0x5454,0x5454,0x5454,0x5454,0x5454,
	0x5454,0x5454,0x5454,0x5454,0x540A,0x543B,0x5454,0x0A54,
	0x580A,0x3B1A,0x3B58,0x0A58,0x0A0A,0x0A0A,0x0A0A,0x0A18,

	0x5454,0x0A0A,0x0A0A,0x6969,0x5454,0x0A0A,0x0A0A,0x0A0A,
	0x5454,0x0A0A,0x0A0A,0x0A0A,0x5454,0x0A0A,0x0A0A,0x0A0A,
	0x540A,0x0A0A,0x0A0A,0x0A0A,0x0A0A,0x0A0A,0x0A0A,0x0A0A,
	0x3B0A,0x0A0A,0x0A0A,0x0A0A,0x543B,0x5454,0x5454,0x5454,
	0x0A0A,0x0A0A,0x181A,0x3B3B,0x0A0A,0x0A0A,0x0A0A,0x0A0A,
	0x0A0A,0x0A0A,0x0A0A,0x0A0A,0x0A0A,0x0A0A,0x0A0A,0x0A0A,
	0x0A0A,0x0A0A,0x0A0A,0x0A0A,0x0A0A,0x0A0A,0x1A0A,0x0A0A,
	0x0A0A,0x0A0A,0x1A1A,0x0A0A,0x0A54,0x0A0A,0x1A1A,0x0A0A,

	0x0A0A,0x0A0A,0x0A0A,0x0A1A,0x0A0A,0x1A0A,0x0A0A,0x0A0A,
	0x0A0A,0x0A0A,0x0A0A,0x0A0A,0x0A0A,0x0A0A,0x1A1A,0x0A0A,
	0x0A0A,0x1A1A,0x1A1A,0x0A0A,0x1A0A,0x1A1A,0x1A1A,0x0A1A,
	0x0A0A,0x1A1A,0x1A1A,0x0A0A,0x3B0A,0x1A1A,0x1A1A,0x1818,
	0x1A1A,0x0A0A,0x0A0A,0x0A0A,0x1A1A,0x0A0A,0x0A1A,0x0A0A,
	0x0A0A,0x0A1A,0x1A1A,0x0A0A,0x1A1A,0x1A1A,0x1A1A,0x1A1A,
	0x3232,0x1A1A,0x1A1A,0x1A1A,0x1A0A,0x1A1A,0x1A1A,0x1A1A,
	0x0A0A,0x1A1A,0x1A1A,0x1A1A,0x0A0A,0x1A1A,0x1A1A,0x1A1A,

	0x0A1A,0x0A0A,0x0A0A,0x0A0A,0x1A1A,0x1A0A,0x1A0A,0x0A1A,
	0x1A1A,0x1A1A,0x1A0A,0x1A1A,0x1A1A,0x1A1A,0x1A1A,0x1A1A,
	0x1A1A,0x1A1A,0x4B1A,0x4B4B,0x1A1A,0x1A1A,0x4B1A,0x4B4B,
	0x1A1A,0x1A1A,0x4B1A,0x4B4B,0x1A1A,0x1A1A,0x4B1A,0x4B4B,
	0x0A0A,0x0A0A,0x1A1A,0x1A0A,0x1A0A,0x0A1A,0x1A1A,0x1A1A,
	0x1A0A,0x1A1A,0x1A1A,0x1A1A,0x1A1A,0x1A1A,0x1A1A,0x1A1A,
	0x4B4B,0x4B4B,0x4B4B,0x4B4B,0x4B4B,0x4B4B,0x4B4B,0x4B4B,
	0x4B4B,0x4B4B,0x4B4B,0x4B4B,0x4B4B,0x4B4B,0x4B4B,0x4B4B,

	0x1A1A,0x1A1A,0x1A1A,0x1A1A,0x1A1A,0x1A1A,0x1A1A,0x1A1A,
	0x1A1A,0x1A1A,0x1A1A,0x1A1A,0x1A1A,0x1A1A,0x1A1A,0x1A1A,
	0x4B4B,0x4B4B,0x1A79,0x1A1A,0x4B4B,0x4B4B,0x4B79,0x4B4B,
	0x4B4B,0x4B4B,0x4B79,0x4B4B,0x4B4B,0x4B4B,0x4B79,0x4B4B,
	0x1A1A,0x3E3E,0x3EC8,0xC8C8,0x3E3E,0x3E3E,0xB1B1,0x3E3E,
	0x3E3E,0x3E3E,0xC8C8,0x3E3E,0xB1C8,0x3E3E,0x3E3E,0xC8B1,
	0x3E3E,0x3E3E,0x3E3E,0xB1C8,0x3E4B,0xC83E,0x3E3E,0xC83E,
	0x3E4B,0xC83E,0x3E3E,0x3E3E,0xC84B,0x3EC8,0xC8C8,0xC8C8,

	0xC83E,0x3E3E,0x3E3E,0x1A1A,0x3EB1,0xC8C8,0xC8C8,0x1A3E,
	0xC81D,0x3EB1,0xB1C8,0x1A1A,0x841D,0xC8C8,0x3EC8,0x3E3E,
	0x3E3E,0xC8C8,0x3E3E,0x3E3E,0x3E1D,0xC8B1,0xC8C8,0x3E3E,
	0xB11D,0xC8B1,0xC8C8,0x3E3E,0xB184,0xC8C8,0x3EC8,0x3E3E,
	0x1A1A,0x1A1A,0x1A1A,0x1A1A,0x1A1A,0x1A1A,0x1A1A,0x1A1A,
	0x1A1A,0x1A1A,0x1A1A,0x1A1A,0x1A1A,0x1A1A,0x1A1A,0x1A1A,
	0x3E3E,0x4B4B,0x4B4B,0x4B4B,0x3E3E,0x4B4B,0x4B4B,0x4B4B,
	0xC83E,0x4B4B,0x4B4B,0x4B4B,0x3E3E,0x4B3E,0x4B4B,0x4B4B,

	0x4B4B,0x4B4B,0x4B4B,0x4B4B,0x4B4B,0x4B4B,0x4B4B,0x4B4B,
	0x4B4B,0x4B4B,0x4B4B,0x4B4B,0x4B4B,0x4B4B,0x4B4B,0x4B4B,
	0x4B4B,0x4B4B,0x4B4B,0x4B4B,0x4B4B,0x4B4B,0x4B4B,0x4B4B,
	0x4B4B,0x4B4B,0x4B4B,0x4B4B,0x4B4B,0x4B4B,0x4B4B,0x4B4B,
	0x1A4B,0x0A1A,0x0A3B,0x1A1A,0x1A4B,0x0A0A,0x1A1A,0x1A0A,
	0x1A4B,0x0A0A,0x1A1A,0x1A1A,0x184B,0x1A1A,0x0A0A,0x1A1A,
	0x1A4B,0x0A1A,0x1A0A,0x1A1A,0x0A4B,0x1A1A,0x0A1A,0x1A1A,
	0x1A4B,0x1A1A,0x0A1A,0x1A1A,0x1A4B,0x1A1A,0x1A1A,0x1A1A,

	0x0A0A,0x0A0A,0x0A0A,0x0A1A,0x0A1A,0x1A0A,0x1A0A,0x181A,
	0x1A1A,0x1A1A,0x1A0A,0x1A1A,0x1A1A,0x0A1A,0x1A0A,0x0A18,
	0x1A1A,0x0A0A,0x0A1A,0x0A0A,0x1A1A,0x1A1A,0x1A1A,0x0A1A,
	0x1A1A,0x1A1A,0x1A1A,0x0A0A,0x1A1A,0x1A1A,0x0A0A,0x1A0A,
	0x0A0A,0x0A0A,0x0A0A,0x0A0A,0x0A0A,0x0A0A,0x0A0A,0x0A0A,
	0x1A0A,0x0A0A,0x0A0A,0x0A0A,0x0A0A,0x0A0A,0x0A0A,0x0A0A,
	0x0A0A,0x0A0A,0x0A0A,0x0A0A,0x0A0A,0x1A0A,0x1A0A,0x0A1A,
	0x0A0A,0x0A0A,0x0A0A,0x0A0A,0x0A1A,0x1A0A,0x0A1A,0x0A0A,

	0x0A0A,0x0A0A,0x0A0A,0x0A0A,0x0A0A,0x0A0A,0x0A0A,0x0A0A,
	0x0A0A,0x0A0A,0x0A0A,0x0A0A,0x0A0A,0x0A0A,0x0A0A,0x0A0A,
	0x0A0A,0x0A0A,0x0A0A,0x0A0A,0x0A0A,0x0A0A,0x0A0A,0x0A0A,
	0x0A0A,0x0A0A,0x0A0A,0x0A0A,0x0A0A,0x0A0A,0x0A0A,0x0A0A,
	0x0A0A,0x0A0A,0x0A0A,0x0A32,0x0A0A,0x0A0A,0x0A18,0x0A32,
	0x0A0A,0x1818,0x1818,0x0A0A,0x0A0A,0x1A1A,0x0A0A,0x0A0A,
	0x0A0A,0x0A0A,0x0A0A,0x0A0A,0x0A0A,0x0A0A,0x0A0A,0x0A0A,
	0x0A0A,0x0A0A,0x0A0A,0x0A0A,0x0A0A,0x0A0A,0x0A0A,0x0A0A,

	0x320A,0x0A0A,0x0A0A,0x0A0A,0x320A,0x0A0A,0x320A,0x320A,
	0x0A0A,0x0A0A,0x320A,0x320A,0x0A0A,0x3232,0x3232,0x0A0A,
	0x320A,0x320A,0x320A,0x0A0A,0x0A0A,0x0A32,0x0A0A,0x0A0A,
	0x0A0A,0x0A32,0x0A0A,0x0A0A,0x0A0A,0x0A0A,0x0A0A,0x0A0A,
	0x320A,0x0A0A,0x0A0A,0x0A0A,0x0A0A,0x0A0A,0x0A0A,0x0A0A,
	0x320A,0x0A0A,0x0A0A,0x0A0A,0x0A32,0x0A0A,0x0A0A,0x180A,
	0x0A0A,0x0A0A,0x0A0A,0x1A1A,0x0A0A,0x0A0A,0x0A0A,0x0A0A,
	0x0A0A,0x0A0A,0x0A0A,0x0A0A,0x0A0A,0x0A0A,0x0A0A,0x0A0A,

	0x0A0A,0x0A0A,0x0A0A,0x0A0A,0x0A18,0x0A0A,0x0A0A,0x0A0A,
	0x1818,0x0A0A,0x0A0A,0x0A0A,0x181A,0x0A0A,0x0A0A,0x0A0A,
	0x0A0A,0x0A0A,0x0A0A,0x0A0A,0x0A0A,0x0A0A,0x0A0A,0x0A0A,
	0x0A0A,0x0A0A,0x0A0A,0x0A0A,0x0A0A,0x0A0A,0x0A0A,0x0A0A,
	0x0A0A,0x0A0A,0x0A0A,0x0A0A,0x0A0A,0x0A0A,0x0A0A,0x0A0A,
	0x0A0A,0x0A0A,0x0A0A,0x0A0A,0x0A0A,0x0A0A,0x0A0A,0x0A0A,
	0x0A0A,0x1818,0x0A0A,0x0A0A,0x0A0A,0x1A1A,0x0A0A,0x0A0A,
	0x0A0A,0x0A0A,0x0A0A,0x0A0A,0x0A0A,0x0A0A,0x0A0A,0x0A0A,

	0x0A0A,0x0A0A,0x0A0A,0x0A0A,0x0A0A,0x0A18,0x0A0A,0x3B0A,
	0x1818,0x1818,0x0A0A,0x3B0A,0x1A1A,0x0A0A,0x3B0A,0x1A1A,
	0x0A0A,0x0A0A,0x1A0A,0x0A0A,0x0A0A,0x0A0A,0x0A0A,0x0A0A,
	0x0A0A,0x0A0A,0x0A0A,0x0A0A,0x0A18,0x1818,0x0A0A,0x0A0A,
	0x0A0A,0x0A0A,0x0A0A,0x0A0A,0x0A0A,0x0A32,0x0A0A,0x0A0A,
	0x0A0A,0x320A,0x320A,0x0A0A,0x0A0A,0x0A32,0x0A32,0x0A32,
	0x0A0A,0x3232,0x0A0A,0x0A0A,0x3B1A,0x0A3B,0x320A,0x320A,
	0x1A0A,0x0A0A,0x320A,0x320A,0x0A18,0x0A0A,0x0A0A,0x0A0A,

	0x0A0A,0x0A0A,0x0A0A,0x0A0A,0x0A0A,0x0A0A,0x0A0A,0x0A0A,
	0x0A0A,0x0A0A,0x0A0A,0x0A0A,0x0A0A,0x0A0A,0x0A0A,0x0A0A,
	0x320A,0x0A0A,0x0A0A,0x0A0A,0x0A0A,0x0A0A,0x0A0A,0x0A0A,
	0x320A,0x0A0A,0x0A0A,0x0A0A,0x0A32,0x0A0A,0x0A0A,0x0A0A,
	0x0A0A,0x0A0A,0x0A0A,0x0A0A,0x0A0A,0x1818,0x1818,0x0A0A,
	0x0A0A,0x180A,0x181A,0x0A0A,0x0A0A,0x0A0A,0x0A0A,0x0A0A,
	0x0A0A,0x0A0A,0x0A0A,0x0A0A,0x0A0A,0x0A0A,0x0A0A,0x690A,
	0x0A0A,0x0A0A,0x0A0A,0x690A,0x0A0A,0x0A0A,0x0A0A,0x0A0A,

	0x0A0A,0x0A0A,0x0A0A,0x0A0A,0x0A0A,0x0A0A,0x0A0A,0x0A0A,
	0x0A0A,0x0A0A,0x0A0A,0x0A0A,0x0A0A,0x0A0A,0x0A0A,0x0A0A,
	0x0A0A,0x0A0A,0x0A0A,0x0A0A,0x0A0A,0x0A0A,0x0A0A,0x0A0A,
	0x0A0A,0x0A0A,0x0A0A,0x0A0A,0x0A0A,0x0A0A,0x0A0A,0x0A0A,
	0x0A0A,0x3838,0x3838,0x5E5E,0x0A0A,0x3838,0x3838,0x5E5E,
	0x0A0A,0x3838,0x3838,0x5E5E,0x0A0A,0x3838,0x0A38,0xB648,
	0x0A0A,0x3838,0x0A0A,0xB648,0x0A0A,0x3838,0x3838,0xB648,
	0x0A0A,0x3838,0x3838,0xB648,0x0A0A,0x3836,0x3838,0xB648,

	0x485E,0x4848,0xB648,0x0FB6,0x485E,0x4848,0x4848,0x4848,
	0x485E,0x4848,0x4848,0xB6B6,0x48B6,0x4848,0xB6B6,0x0FB6,
	0xB6B6,0xB6B6,0xB6B6,0x0FB6,0xB6B6,0xB6B6,0x0FB6,0x4848,
	0xB60F,0x0F0F,0x4848,0xB648,0xB6B6,0x480F,0xB648,0xB648,
	0xB6B6,0xB6B6,0x4848,0x48B6,0xB6B6,0xB6B6,0xB648,0xB60F,
	0xB6B6,0x0FB6,0x0F0F,0xB60F,0xB6B6,0x0FB6,0x0F0F,0xB60F,
	0xB6B6,0x0FB6,0xB6B6,0xB60F,0x480F,0x0FB6,0x0F0F,0xB60F,
	0x480F,0xB6B6,0x4848,0xB6B6,0x48B6,0x4848,0x4848,0x4848,

	0x4848,0x3838,0x0A0A,0x0A0A,0x4848,0x3838,0x0A0A,0x0A0A,
	0x4848,0x380A,0x0A0A,0x0A0A,0x4848,0x3838,0x0A0A,0x0A0A,
	0x4848,0x3838,0x0A0A,0x0A0A,0x48B6,0x3838,0x0A0A,0x0A0A,
	0x4848,0x3838,0x0A0A,0x0A0A,0x0A0A,0x0A0A,0x3B0A,0x0A0A,
	0x2B2B,0xB80A,0x2FB8,0x2BB8,0x0A87,0xB80A,0x0A0A,0x0A2F,
	0x0A0A,0x0A0A,0x0A0A,0x2F2F,0x0A0A,0x0A0A,0x0A0A,0x2F0A,
	0x0A0A,0x0A0A,0x0A0A,0x0A0A,0x0A0A,0x0A0A,0x0A0A,0x0A0A,
	0x0A0A,0x0A0A,0x0A0A,0x0A0A,0x0A0A,0x0A0A,0x0A0A,0x0A0A,

	0x0A0A,0x2F0A,0x0A2F,0x0A0A,0x0A0A,0x2F0A,0x0A0A,0x0A0A,
	0x0A0A,0x2F0A,0x0A0A,0x8789,0x0A0A,0x0A2F,0x2B2B,0x892B,
	0x0A0A,0x2B2F,0x2B2B,0x2B89,0x2F2F,0x2B2B,0xB8B8,0x2B2F,
	0x2F2F,0xB80A,0x0A0A,0xB82F,0x2F2F,0x0A0A,0x2F2F,0xB8B8,
	0x0A0A,0x0A32,0x0A0A,0x0A0A,0x320A,0x0A32,0x320A,0x0A0A,
	0x3287,0x3232,0x3232,0x0A0A,0x2B2B,0x320A,0x0A32,0x0A0A,
	0x2B2B,0x0A0A,0xAB32,0x0A0A,0x2B2B,0x0A0A,0x3C3C,0x2626,
	0x2B2B,0x260A,0x263C,0x2626,0x2BB8,0x0A0A,0x2626,0x0A0A,

	0x3C3C,0x0A0A,0x1818,0x4D3C,0x263C,0x0A0A,0xAB4A,0x4AAB,
	0x0A0A,0x2626,0xABAB,0xABAB,0x0A0A,0x263C,0x2626,0xABAB,
	0x3BAB,0x3C4A,0x3C3C,0xABAB,0x1A1A,0xABAB,0xABAB,0x3CAB,
	0x0A0A,0xABAB,0xAB32,0xABAB,0x0A0A,0x0A0A,0x320A,0x0A32,
	0x3C3C,0x0A0A,0x0A0A,0x410A,0xABAB,0x0A41,0xAB0A,0x2626,
	0xABAB,0x0AAB,0x0A0A,0x0A26,0xABAB,0xAB3C,0x0AAB,0x0A0A,
	0xABAB,0xABAB,0x0AAB,0x410A,0x2626,0xAB26,0xABAB,0x0A0A,
	0x260A,0x2626,0x0A26,0x0A0A,0xABAB,0x3CB0,0x0AB0,0x410A,

	0x0A0A,0x0A0A,0x0A18,0x0A0A,0x0A26,0x0A0A,0x181A,0x260A,
	0x0A0A,0x1818,0x0A0A,0x1A0A,0x0A0A,0x1A41,0x1826,0x0A0A,
	0x0A0A,0x0AAB,0x18AB,0x0A0A,0x0A26,0x0A0A,0x0A0A,0xAB41,
	0x0A26,0x0A0A,0x0A0A,0xABAB,0x0A41,0x2641,0x410A,0xAB0A,
	0x260A,0x4126,0x3C0A,0x0A0A,0xABAB,0x0AAB,0x0A0A,0x410A,
	0x1826,0x0A0A,0x410A,0xAB41,0x0A0A,0x4141,0xAB41,0xABAB,
	0x0A0A,0xAB3C,0xABAB,0x3CAB,0x0AAB,0x0A0A,0x1A3C,0x2626,
	0x0AAB,0x0A0A,0x0A4D,0x2626,0xABAB,0x0A41,0xAB4A,0x26AB,

	0x0A0A,0x1A0A,0x841A,0x6464,0x413C,0xAB41,0x260A,0x4126,
	0xAB3C,0x2626,0x261A,0x2626,0xABAB,0x0A3C,0x0A41,0x1A1A,
	0xABAB,0x4141,0x1A4A,0x1A1A,0xABAB,0xABAB,0xABAB,0x1A26,
	0x2626,0x2626,0x2626,0x410A,0x3C3C,0x26B0,0x0A41,0x260A,
	0x4747,0x6464,0x6464,0x8484,0x4764,0x6464,0x4747,0x1A64,
	0x260A,0x1A0A,0x1A1A,0x1A1A,0x1A1A,0x1A1A,0x1A1A,0x1A1A,
	0x1A1A,0x4141,0x411A,0x1A1A,0x1A1A,0x261A,0xAB1A,0x1AAB,
	0x1A41,0x1A1A,0x1A1A,0x1A1A,0x4126,0xAB41,0x1AAB,0x1A41,

	0x645C,0x645C,0x645C,0x6464,0x1A1A,0x1A1A,0x1A1A,0x2B2B,
	0x1A1A,0x1A1A,0x1A1A,0x2B2B,0x1A1A,0x1A1A,0x1A1A,0x2B2B,
	0x1A1A,0x1A1A,0x1A1A,0xB887,0x1A1A,0x1A1A,0x1A1A,0x1A1A,
	0x1A1A,0x1A1A,0x2B1A,0x1A2B,0x4141,0x1A1A,0x2B2B,0x8987,
	0x2B2B,0x8787,0x2B2B,0x642B,0x2B2B,0x2B2B,0x2B87,0x2B2B,
	0x892B,0x2B2B,0x2BB8,0x2B2B,0x2B1A,0x2B2B,0xB8B8,0x2B2B,
	0x2B2B,0x1A2B,0xB8B8,0x2B2B,0x2B2B,0x2FB8,0xB81A,0x1A1A,
	0x2B2B,0x2F2F,0x1A1A,0x1A1A,0x8787,0x1A87,0x1A1A,0x1A1A,

	0x6464,0x6464,0x1A1A,0x1A00,0x1A1A,0x1A1A,0x1A1A,0x1A1A,
	0x1A1A,0x1A1A,0x101A,0x1A10,0x1A1A,0x1A1A,0x1010,0x1010,
	0x1A1A,0x1010,0x9E10,0x1010,0x1A1A,0x9E9E,0x101A,0x1010,
	0x1A1A,0x9E1A,0x1010,0x109E,0x1A1A,0x1A1A,0x1A9E,0x9E9E,
	0x84C8,0x0084,0x8400,0x8484,0x001A,0x0010,0x1D00,0x0000,
	0x1010,0x0010,0x1D1D,0x1000,0x1010,0x1010,0x671D,0x711D,
	0x1010,0x1010,0x671D,0xB91D,0x1010,0x101A,0x9E67,0x1D67,
	0x109E,0x101A,0x109E,0x1010,0x9E9E,0x9E9E,0x1010,0x1010,

	0x0000,0x8400,0x0000,0x1A1A,0x0000,0x0010,0x710A,0x0A0A,
	0x0000,0x1010,0x1071,0x1A71,0x7119,0x1010,0x1010,0x1010,
	0x101A,0x1010,0x101A,0x1A10,0x1010,0x1A10,0x1010,0x1010,
	0x101A,0x1010,0x1010,0x1A10,0x1010,0x1010,0x1A10,0x1A1A,
	0x1A0A,0x1A1A,0x1A1A,0x7B66,0x0A1A,0x1A1A,0x101A,0x1B1B,
	0x1A0A,0x1A10,0x1010,0x107B,0x1A1A,0x1010,0x1010,0x1B1B,
	0x1A10,0x710D,0x1A10,0x1A10,0x1010,0x1919,0x1A1A,0x1A1A,
	0x1010,0x1A1A,0x1A1A,0x1A1A,0x1A1A,0x1A1A,0x1A1A,0x1B1B,

	0x1A1B,0x661A,0x7B1B,0x1B1B,0x1B1B,0x1B1A,0x1B1B,0x1B1A,
	0x1B1B,0x7B1A,0x1A1B,0x1B1A,0x107B,0x7B1A,0x1A1A,0x1B1B,
	0x1B7B,0x7B7B,0x1A7B,0x1B1B,0x1A1A,0x1A1A,0x7B1A,0x7B7B,
	0x1A1A,0x1A1A,0x1B1B,0x1A7B,0x1B1B,0x1A1A,0x7B1A,0x1A1A,
	0x1A66,0x7F7F,0x7F7F,0x4266,0x1B1B,0x1A1A,0x1A7B,0x7B1A,
	0x1B7B,0x1A1A,0x1A7B,0x7B1A,0x1B1B,0x1A1B,0x7F7F,0x1A7B,
	0x1B1B,0x1A1B,0x0A0A,0x7B7B,0x1A1A,0x1A1A,0x1A1A,0x1A0A,
	0x1A1A,0x1A1A,0x1A1A,0x1A1A,0x1A1A,0x1A1A,0x1A1A,0x101A,

	0x0A7F,0x0A0A,0x0A1A,0x0A0A,0x0A0A,0x7F7F,0x1A1A,0x1A1A,
	0x0A0A,0x7F7F,0x1A1A,0x1A1A,0x0A7F,0x7F7F,0x1A1A,0x1A1A,
	0x0A7F,0x7F7B,0x1A1A,0x1A1A,0x1A1A,0x7F7F,0x1A1A,0x1A1A,
	0x7B7B,0x7F7F,0x1A1A,0x1A1A,0x1A7B,0x1A1A,0x1A1A,0x1A1A,
	0x0A0A,0x0A0A,0x1A1A,0x3B0A,0x1A1A,0x0A1A,0x1A0A,0x1A1A,
	0x3B1A,0x0A1A,0x1A1A,0x1A9E,0x1A1A,0x1A1A,0x1A1A,0x9E0A,
	0x1A1A,0x1A1A,0x9E9E,0x1A0A,0x1A1A,0x1A1A,0x9E1A,0x1A9E,
	0x1A1A,0x1A1A,0x1A1A,0x1A9E,0x1A1A,0x9E1A,0x9E1A,0x9E9E,

	0x0A0A,0xC81A,0x3EC8,0xC8C8,0x1A0A,0xB11A,0xC8B1,0xC8C8,
	0x3E3E,0x3E3E,0xB1B1,0xB1B1,0x3EC8,0x3E3E,0xC83E,0xC8C8,
	0x3E3E,0x3E3E,0xC8C8,0x3E3E,0xB19E,0x3E3E,0xC8C8,0xC83E,
	0x3E9E,0x3E3E,0x3E3E,0xC8C8,0x9E9E,0x3E3E,0x3EC8,0xC8C8,
	0xC8C8,0xB184,0xC8C8,0x3EC8,0xC8C8,0xB184,0xB11D,0x3E3E,
	0x8484,0x1D84,0xC8C8,0x3E3E,0xB1C8,0x1D1D,0x3EB1,0xB1C8,
	0xB1B1,0x1D84,0xC8B1,0xC8C8,0xB1C8,0x84B1,0xC83E,0x3E3E,
	0xB13E,0x8484,0xC83E,0x3E3E,0xC8C8,0x84B1,0xC8C8,0x3EC8,

	0x3E3E,0x3E3E,0x683E,0x6868,0xB1C8,0x683E,0x6868,0x6868,
	0xB1C8,0x3EB1,0x6868,0x684D,0xC8B1,0x3E3E,0x683E,0x1A4D,
	0xC8C8,0xC83E,0x4D4D,0x1A4D,0xC83E,0x3E3E,0x4D3E,0x4D4D,
	0xC83E,0x3E3E,0x4D3E,0x4D1A,0x3E3E,0x3E3E,0x4D1A,0x1A1A,
	0x684D,0x9292,0x9268,0x9292,0x684D,0x1A4D,0x4D68,0x1A92,
	0x684D,0x684D,0x4D4D,0x4D1A,0x4D4D,0x684D,0x684D,0x4D4D,
	0x4D4D,0x4D4D,0x684D,0x4D4D,0x4D4D,0x4D4D,0x4D4D,0x9E4D,
	0x4D4D,0x4D4D,0x1A1A,0x1A1A,0x1A4D,0x4D1A,0x4D4D,0x1A4D,

	0x1A1A,0x1A1A,0x1A1A,0x4B4B,0x1A1A,0x1A1A,0x1A1A,0x4B4B,
	0x1A1A,0x1A1A,0x1A1A,0x7979,0x1A1A,0x1A1A,0x1A1A,0x7979,
	0x1A1A,0x1A1A,0x1A1A,0x7979,0x1A1A,0x1A1A,0x1A0D,0xA01A,
	0x1A1A,0x1A1A,0x1A0D,0x721A,0x951A,0x1A1A,0x1919,0x721A,
	0x4B4B,0x4B4B,0x4B4B,0x4B4B,0x4B4B,0x4B4B,0x4B4B,0x4B4B,
	0x7979,0x7979,0x7979,0x7979,0x7979,0x7979,0x7979,0x7979,
	0x7979,0x7979,0x7979,0x7979,0xA0A0,0xA0A0,0xA0A0,0xA01A,
	0x7272,0x721A,0x721A,0x721A,0x721A,0x1A1A,0x1A1A,0x1A1A,

	0x4B4B,0x4B4B,0x4B79,0x4B4B,0x4B4B,0x904B,0x4B79,0x904B,
	0x7979,0x7979,0x79A0,0x7979,0x7979,0x7979,0x79A0,0x7979,
	0x7979,0x7979,0x79A0,0x7979,0xA0A0,0xA0A0,0xA0A0,0xA0A0,
	0x7272,0x7272,0x7272,0x7272,0x1A72,0x1A72,0x7272,0x7272,
	0x4B4B,0x4B4B,0x4B4B,0x4B4B,0x4B90,0x4B4B,0x4B4B,0x4B4B,
	0x7979,0x7979,0x4B4B,0x4B4B,0x7979,0x7979,0x4B4B,0x4B4B,
	0x7979,0x7979,0x4B4B,0x4B4B,0xA0A0,0xA0A0,0x4B4B,0x4B4B,
	0x7272,0x7272,0x4B4B,0x4B4B,0x721A,0x7272,0x4B4B,0x4B4B,

	0x4B4B,0x4B4B,0x324B,0x0A32,0x4B4B,0x4B4B,0x0A4B,0x0A0A,
	0x4B4B,0x4B4B,0x0A4B,0x0A0A,0x4B4B,0x4B4B,0x324B,0x3232,
	0x4B4B,0x4B4B,0x0A4B,0x0A32,0x4B4B,0x4B4B,0x1A4B,0x320A,
	0x4B4B,0x4B4B,0x0A4B,0x320A,0x4B4B,0x4B4B,0x0A4B,0x0A0A,
	0x0A0A,0x0A0A,0x0A0A,0x0A0A,0x0A0A,0x0A0A,0x0A0A,0x0A0A,
	0x0A0A,0x0A0A,0x0A0A,0x0A0A,0x0A0A,0x0A0A,0x0A0A,0x0A0A,
	0x0A32,0x0A0A,0x0A0A,0x0A0A,0x0A0A,0x0A0A,0x3232,0x3232,
	0x0A0A,0x0A0A,0x0A32,0x0A32,0x0A0A,0x0A0A,0x0A0A,0x0A0A,

	0x0A0A,0x0A0A,0x0A0A,0x0A0A,0x0A0A,0x0A0A,0x0A0A,0x0A0A,
	0x0A0A,0x0A0A,0x0A0A,0x0A0A,0x0A0A,0x0A0A,0x0A0A,0x0A0A,
	0x0A32,0x0A0A,0x0A0A,0x0A0A,0x320A,0x0A0A,0x0A0A,0x0A0A,
	0x0A32,0x0A0A,0x0A0A,0x0A0A,0x0A0A,0x0A0A,0x0A18,0x0A0A,
	0x0A0A,0x0A0A,0x0A0A,0x0A0A,0x0A0A,0x0A0A,0x0A0A,0x0A0A,
	0x0A0A,0x0A0A,0x0A0A,0x0A0A,0x0A0A,0x0A0A,0x3B3B,0x0A0A,
	0x3B3B,0x0A0A,0x0A3B,0x0A0A,0x1A1A,0x0A3B,0x0A0A,0x0A0A,
	0x0A0A,0x0A0A,0x0A0A,0x0A0A,0x0A0A,0x0A0A,0x0A3B,0x0A0A,

	0x0A0A,0x0A0A,0x0A0A,0x3B0A,0x0A0A,0x0A0A,0x0A0A,0x0A0A,
	0x0A0A,0x0A0A,0x0A0A,0x0A0A,0x0A0A,0x0A0A,0x0A0A,0x0A0A,
	0x0A0A,0x0A0A,0x0A0A,0x0A0A,0x0A0A,0x690A,0x0A0A,0x0A0A,
	0x0A0A,0x690A,0x0A0A,0x690A,0x0A0A,0x0A0A,0x0A0A,0x1A0A,
	0x0A3B,0x0A0A,0x0A1A,0x0A0A,0x5454,0x5454,0x5454,0x5454,
	0x5454,0x5454,0x5454,0x5454,0x5454,0x5454,0x5454,0x5454,
	0x5454,0x5454,0x5454,0x5454,0x5454,0x5454,0x5454,0x5454,
	0x5454,0x5454,0x5454,0x5454,0x5454,0x5454,0x5454,0x5454,

	0x0A0A,0x0A0A,0x0A0A,0x0A0A,0x5454,0x5454,0x0A0A,0x0A0A,
	0x5454,0x5454,0x0A0A,0x180A,0x5454,0x5454,0x540A,0x5454,
	0x5454,0x5454,0x540A,0x5454,0x5454,0x5454,0x0A0A,0x5454,
	0x5454,0x5454,0x0A0A,0x5454,0x5454,0x5454,0x0A0A,0x0A58,
	0x0A0A,0x0A0A,0x0A0A,0x1818,0x5418,0x5454,0x0A54,0x0A0A,
	0x5454,0x5454,0x0A54,0x0A0A,0x5454,0x5454,0x5454,0x0A0A,
	0x5454,0x5454,0x5454,0x6969,0x5454,0x5454,0x5454,0x1A54,
	0x5454,0x5454,0x5454,0x5454,0x5454,0x540A,0x540A,0x5858,

	0x543B,0x5454,0x5454,0x5454,0x540A,0x5454,0x5454,0x5454,
	0x540A,0x5454,0x5454,0x5454,0x540A,0x5454,0x5454,0x5454,
	0x540A,0x5454,0x5454,0x5454,0x540A,0x540A,0x5454,0x5454,
	0x5869,0x540A,0x5454,0x5454,0x0A1A,0x580A,0x580A,0x0A58,
	0x5454,0x460A,0x0A1A,0x460A,0x5454,0x0A0A,0x0A0A,0x1A1A,
	0x5454,0x0A46,0x1846,0x1A46,0x5454,0x460A,0x4618,0x1A1A,
	0x5454,0x0A0A,0x4618,0x1A1A,0x5454,0x1A0A,0x1A46,0x1A1A,
	0x540A,0x0A0A,0x0A0A,0x0A1A,0x0A0A,0x0A0A,0x0A0A,0x0A0A,

	0x1A1A,0x1A1A,0x1A1A,0x1A1A,0x1A1A,0x1A1A,0x1A1A,0x1A1A,
	0x1A1A,0x1A1A,0x1A1A,0x1A1A,0x1A1A,0x1A1A,0x1A1A,0x1A1A,
	0x1A1A,0x1A1A,0x1A1A,0x1A1A,0x1A1A,0x0A1A,0x1A1A,0x1A1A,
	0x0A1A,0x0A1A,0x1A1A,0x1A1A,0x0A0A,0x0A0A,0x1A0A,0x1A1A,
	0x1A1A,0x1A0A,0x1A1A,0x1A1A,0x1A1A,0x1A1A,0x1A1A,0x1A1A,
	0x1A1A,0x1A1A,0x1A1A,0x1A1A,0x1A1A,0x1A1A,0x1A1A,0x1A1A,
	0x1A1A,0x1A1A,0x1A1A,0x1A1A,0x1A1A,0x1A1A,0x1A1A,0x1A1A,
	0x1A1A,0x1A1A,0x1A1A,0x1A1A,0x1A1A,0x1A1A,0x1A1A,0x1A1A,

	0x1A1A,0x1A1A,0x4B1A,0x4B4B,0x1A1A,0x1A1A,0x4B1A,0x4B4B,
	0x1A1A,0x1A1A,0x4B1A,0x4B4B,0x1A1A,0x1A1A,0x4B1A,0x4B4B,
	0x1A1A,0x1A1A,0x4B1A,0x4B4B,0x1A1A,0x1A1A,0x4B1A,0x4B4B,
	0x1A1A,0x1A1A,0x4B1A,0x4B4B,0x1A1A,0x1A1A,0x4B1A,0x4B4B,
	0x4B4B,0x4B4B,0x4B4B,0x4B4B,0x4B4B,0x4B4B,0x4B4B,0x4B4B,
	0x4B4B,0x4B4B,0x4B4B,0x7979,0x4B4B,0x4B4B,0x4B4B,0x7979,
	0x4B4B,0x4B4B,0x4B4B,0x7979,0x4B4B,0x4B4B,0x4B4B,0xA0A0,
	0x4B4B,0x4B4B,0x4B4B,0x7272,0x4B4B,0x4B4B,0x4B4B,0x7272,

	0x4B4B,0x4B4B,0x4B79,0x4B4B,0x9090,0x4B4B,0x5A79,0x3E3E,
	0x7979,0x7979,0x5AA0,0x3E3E,0x7979,0x7979,0x79A0,0x3E3E,
	0x7979,0x7979,0x79A0,0x3E3E,0xA0A0,0xA0A0,0xA0A0,0x3EA0,
	0x7272,0x7272,0x7272,0x3E1A,0x1A72,0x7272,0x1A72,0x1A1A,
	0xC84B,0xC8C8,0xC8C8,0xC83E,0x3E3E,0xB1B1,0xB1B1,0x8484,
	0x3E3E,0xC83E,0xB1B1,0x84B1,0x3E3E,0xC8C8,0x3E3E,0xB1B1,
	0x3E3E,0xC8C8,0x3E3E,0xB1B1,0x3E3E,0x3E3E,0xC8C8,0xB13E,
	0x3E3E,0x3E3E,0xC8C8,0xB13E,0x3E3E,0xC8C8,0x3E3E,0xC8B1,

	0xB184,0x1DC8,0x3E3E,0x3E3E,0x1D84,0xC8C8,0x3E3E,0xB1C8,
	0x1D1D,0x3EC8,0xC8C8,0xB1B1,0x1D84,0xC8B1,0xC8C8,0xC8C8,
	0x1D84,0xC8C8,0x3E3E,0x3EC8,0x8484,0xC83E,0x3E3E,0xC83E,
	0xB1B1,0xC8C8,0x3EC8,0x3E3E,0xB1B1,0xC8C8,0x3E3E,0x3E3E,
	0x3E3E,0x4B4B,0x4B4B,0x4B4B,0x3EB1,0x4B4B,0x4B4B,0x4B4B,
	0x3E3E,0x793E,0x7979,0x7979,0xC83E,0x7979,0x7979,0x7979,
	0x3E3E,0x7979,0x7979,0x7979,0x3E3E,0xA03E,0xA0A0,0xA0A0,
	0x3E3E,0x7272,0x7272,0x4D4D,0x3E3E,0x7272,0x0A72,0x729E,

	0x4B4B,0x4B4B,0x4B4B,0x4B4B,0x9090,0x4B4B,0x4B4B,0x4B4B,
	0x7979,0x7979,0x7979,0x7979,0x7979,0x7979,0x7979,0x7979,
	0x7979,0x7979,0x7979,0x7979,0xA0A0,0xA0A0,0xA04D,0xA0A0,
	0x7272,0x7272,0x724D,0x7272,0x724D,0x4D1A,0x1A1A,0x1A4D,
	0x1A4B,0x1A1A,0x1A1A,0x1A1A,0x1A90,0x1A1A,0x1A1A,0x1A1A,
	0x1A79,0x1A1A,0x1A1A,0x1A1A,0x1A79,0x1A1A,0x1A1A,0x1A1A,
	0x1A79,0x1A1A,0x1A1A,0x1A1A,0x1A1A,0x1A1A,0x1A1A,0x1A1A,
	0x1A1A,0x1A1A,0x1A1A,0x1A1A,0x1A1A,0x1A1A,0x1A1A,0x1A1A,

	0x1A1A,0x1A1A,0x0A1A,0x1A0A,0x1A1A,0x1A1A,0x1A1A,0x1A1A,
	0x1A1A,0x1A1A,0x1A1A,0x1A1A,0x1A1A,0x1A1A,0x1A0A,0x0A0A,
	0x1A1A,0x1A1A,0x0A18,0x1A0A,0x1A1A,0x1A1A,0x1A1A,0x1A1A,
	0x1A1A,0x1A1A,0x1A1A,0x1A1A,0x1A1A,0x1A1A,0x1A1A,0x1A1A,
	0x1A1A,0x1A1A,0x0A1A,0x0A1A,0x1A1A,0x1A0A,0x0A0A,0x1A0A,
	0x1A1A,0x0A0A,0x0A0A,0x0A0A,0x0A0A,0x1A0A,0x0A0A,0x180A,
	0x1A1A,0x1A0A,0x0A0A,0x180A,0x1A1A,0x1A1A,0x1A1A,0x1A1A,
	0x1A1A,0x1A1A,0x1A1A,0x1A1A,0x1A1A,0x1A0A,0x1A1A,0x0A0A,

	0x1A1A,0x0A0A,0x0A0A,0x0A0A,0x0A0A,0x0A0A,0x0A0A,0x0A0A,
	0x0A0A,0x0A0A,0x0A0A,0x0A0A,0x0A0A,0x0A0A,0x0A0A,0x3B3B,
	0x0A0A,0x0A0A,0x0A0A,0x1A0A,0x0A0A,0x1A0A,0x0A0A,0x0A0A,
	0x1818,0x1A0A,0x0A0A,0x0A0A,0x1A1A,0x0A1A,0x0A0A,0x0A0A,
	0x0A0A,0x0A0A,0x0A0A,0x0A0A,0x0A0A,0x3B0A,0x0A3B,0x0A0A,
	0x0A0A,0x3B3B,0x0A0A,0x0A0A,0x0A1A,0x0A0A,0x0A0A,0x0A0A,
	0x0A0A,0x0A0A,0x0A0A,0x0A0A,0x1A0A,0x0A3B,0x0A0A,0x0A0A,
	0x0A0A,0x0A3B,0x0A0A,0x0A0A,0x0A0A,0x0A0A,0x0A0A,0x0A0A,

	0x0A0A,0x0A0A,0x0A0A,0x0A0A,0x0A0A,0x0A0A,0x0A0A,0x0A0A,
	0x0A0A,0x0A0A,0x0A0A,0x0A0A,0x0A0A,0x0A0A,0x1818,0x0A0A,
	0x0A0A,0x0A0A,0x1818,0x0A0A,0x0A0A,0x3B3B,0x0A0A,0x0A0A,
	0x0A0A,0x3B1A,0x3B0A,0x0A3B,0x0A0A,0x0A0A,0x0A0A,0x0A1A,
	0x0A0A,0x0A0A,0x0A0A,0x0A0A,0x0A0A,0x0A0A,0x0A0A,0x0A0A,
	0x0A0A,0x0A0A,0x0A0A,0x0A0A,0x0A0A,0x0A0A,0x0A0A,0x0A0A,
	0x0A0A,0x0A0A,0x0A0A,0x0A0A,0x0A0A,0x0A0A,0x0A0A,0x0A0A,
	0x0A0A,0x0A0A,0x0A0A,0x0A0A,0x0A0A,0x0A0A,0x0A0A,0x0A0A,

	0x0A0A,0x0A0A,0x0A0A,0x0A0A,0x0A0A,0x0A0A,0x0A0A,0x0A0A,
	0x0A0A,0x0A0A,0x0A0A,0x0A0A,0x0A0A,0x0A0A,0x0A0A,0x0A0A,
	0x0A0A,0x0A0A,0x0A0A,0x0A0A,0x0A0A,0x0A0A,0x0A0A,0x0A0A,
	0x0A0A,0x0A0A,0x0A0A,0x0A0A,0x0A0A,0x0A0A,0x0A0A,0x0A0A,
	0x0A0A,0x0A0A,0x0A0A,0x0A0A,0x0A0A,0x0A0A,0x0A0A,0x0A0A,
	0x0A0A,0x0A0A,0x0A0A,0x0A0A,0x0A0A,0x0A0A,0x0A0A,0x0A0A,
	0x0A0A,0x0A0A,0x0A0A,0x0A0A,0x0A0A,0x0A0A,0x180A,0x0A0A,
	0x0A0A,0x0A0A,0x180A,0x0A0A,0x0A0A,0x180A,0x0A0A,0x1818,

	0x1818,0x1A18,0x0A0A,0x0A0A,0x0A0A,0x0A0A,0x3B0A,0x0A0A,
	0x0A0A,0x0A0A,0x0A0A,0x0A3B,0x0A0A,0x0A0A,0x0A0A,0x0A0A,
	0x0A0A,0x0A0A,0x0A0A,0x0A0A,0x0A0A,0x0A0A,0x0A0A,0x0A0A,
	0x0A0A,0x0A0A,0x0A0A,0x0A0A,0x0A0A,0x0A0A,0x0A0A,0x0A0A,
	0x0A18,0x0A0A,0x0A0A,0x0A0A,0x1A1A,0x3B3B,0x0A0A,0x0A0A,
	0x3B0A,0x0A3B,0x0A0A,0x0A0A,0x0A0A,0x0A0A,0x0A0A,0x0A0A,
	0x0A0A,0x0A0A,0x0A0A,0x0A0A,0x0A0A,0x0A0A,0x320A,0x0A0A,
	0x0A0A,0x0A0A,0x320A,0x0A0A,0x0A0A,0x0A0A,0x0A32,0x320A,

	0x0A0A,0x0A0A,0x0A0A,0x0A0A,0x0A0A,0x0A0A,0x0A0A,0x0A0A,
	0x0A0A,0x0A0A,0x0A0A,0x180A,0x0A0A,0x0A0A,0x0A0A,0x1A0A,
	0x0A0A,0x0A0A,0x0A0A,0x0A0A,0x0A0A,0x0A0A,0x0A0A,0x0A0A,
	0x0A0A,0x0A0A,0x0A0A,0x0A0A,0x0A0A,0x0A0A,0x0A0A,0x0A0A,
	0x0A0A,0x0A0A,0x0A0A,0x0A0A,0x0A0A,0x1818,0x0A0A,0x0A0A,
	0x0A18,0x1A18,0x0A1A,0x0A0A,0x0A0A,0x0A0A,0x0A0A,0x0A0A,
	0x1A0A,0x0A18,0x0A0A,0x0A0A,0x0A0A,0x0A18,0x0A0A,0x0A0A,
	0x0A0A,0x0A0A,0x0A0A,0x0A0A,0x0A0A,0x0A0A,0x0A0A,0x0A0A,

	0x0A0A,0x0A0A,0x0A0A,0x0A0A,0x0A0A,0x0A0A,0x0A0A,0x0A0A,
	0x0A0A,0x0A0A,0x180A,0x0A0A,0x0A0A,0x0A0A,0x1818,0x0A0A,
	0x0A0A,0x0A18,0x1A18,0x0A0A,0x0A0A,0x181A,0x180A,0x0A18,
	0x0A0A,0x0A0A,0x1A0A,0x1818,0x0A0A,0x0A0A,0x0A0A,0x0A0A,
	0x0A0A,0x3636,0x3838,0x4848,0x0A0A,0x3636,0x3838,0x3838,
	0x0A0A,0x3636,0x3836,0x3838,0x0A0A,0x3616,0x3636,0x0A0A,
	0x0A0A,0x1616,0x1616,0x1616,0x0A0A,0x1616,0x1616,0x1616,
	0x0A0A,0x1684,0x1616,0x1616,0x0A0A,0x0A0A,0x8484,0x4242,

	0x4848,0x4848,0x4848,0x4848,0x3838,0x3838,0x3838,0x0A38,
	0x3838,0x3838,0x3838,0x0A38,0x0A0A,0x0A0A,0x0A0A,0x0A0A,
	0x1616,0x1616,0x1616,0x1616,0x1616,0x1616,0x1616,0x1616,
	0x1616,0x1616,0x1616,0x1616,0x4242,0x4242,0x4242,0x4242,
	0x4848,0x3838,0x0A0A,0x0A0A,0x3838,0x3838,0x380A,0x0A0A,
	0x3838,0x2121,0x0A38,0x0A0A,0x380A,0x3838,0x0A0A,0x0A0A,
	0x1616,0x1616,0x1616,0x1616,0x1616,0x7216,0x1616,0x1616,
	0x1616,0x8472,0x1616,0x1616,0x4242,0x4242,0x4242,0x4242,

	0x0A0A,0x380A,0x3B0A,0x0A1A,0x380A,0x3838,0x0A0A,0x0A0A,
	0x380A,0x3638,0x0A0A,0x0A0A,0x360A,0x3636,0x0A18,0x0A0A,
	0x1616,0x1616,0x0A0A,0x0A0A,0x1616,0x1616,0x0A0A,0x0A0A,
	0x1616,0x1616,0x0A0A,0x3B0A,0x8442,0x0A0A,0x3B0A,0x3B0A,
	0x0A0A,0x0A0A,0x0A0A,0x0A0A,0x0A0A,0x0A0A,0x0A0A,0x0A0A,
	0x0A18,0x0A0A,0x0A0A,0x0A0A,0x181A,0x3B3B,0x0A0A,0x0A0A,
	0x0A0A,0x1A3B,0x0A0A,0x450A,0x0A0A,0x4545,0x0A45,0x9C3B,
	0x0A0A,0x4545,0x4545,0x9C10,0x451A,0x4545,0x4545,0x4545,

	0x2F2F,0x2F2F,0x0A0A,0x0AB8,0x2F2F,0x0A0A,0x260A,0x0A0A,
	0x2F2F,0x0A0A,0x260A,0xAB0A,0x2F2F,0x0A0A,0x0A0A,0x0A0A,
	0x2F2F,0x0A0A,0x0A0A,0x0A0A,0x2F2F,0x4545,0x0A45,0x4545,
	0x2F45,0x452F,0x4545,0x4545,0x4545,0x452F,0x4545,0x9C9C,
	0x870A,0x0A0A,0x0A0A,0x0A0A,0x0A0A,0x0A0A,0x0A0A,0x0A0A,
	0x0A0A,0x0A0A,0x0A0A,0x0A0A,0x0A0A,0x3C19,0xAB0A,0x260A,
	0x450A,0x4D4D,0xAB3C,0x0A0A,0x4545,0x4D0A,0x0AAB,0x0A3C,
	0x0A45,0xABAB,0xABAB,0x3C4A,0xAF45,0xAB1A,0xABAB,0x4A4A,

	0x0A0A,0x2626,0x320A,0x0A0A,0x2626,0x0A26,0x0A26,0x2626,
	0x0A0A,0x2626,0x263C,0x2626,0x260A,0x2626,0x3C26,0xABAB,
	0x0A0A,0x2626,0x4A3C,0x3C3C,0x0A0A,0x3C3C,0xAB26,0xABAB,
	0x3C4A,0xABAB,0x3C26,0x3C26,0x3C3C,0xB0B0,0xABAB,0x2626,
	0xABAB,0x2626,0x4126,0x2618,0x260A,0x2626,0xABAB,0xABAB,
	0x2626,0x2626,0xABAB,0x3CAB,0xABAB,0xAB26,0xB03C,0xB0B0,
	0xABAB,0x3CB0,0xABAB,0xABAB,0x263C,0xABAB,0xABAB,0x2626,
	0x2626,0x2626,0x2626,0x2626,0x2626,0x3C26,0xAB26,0xABAB,

	0x0A26,0xABAB,0x260A,0x2641,0xB0B0,0x3C3C,0x26AB,0x2626,
	0xABAB,0xAB0A,0x2626,0x2626,0x3C0A,0xABAB,0x2626,0x2626,
	0x4A41,0xABAB,0x2626,0x2626,0xABAB,0x4A4A,0xAB4A,0x3CAB,
	0xABAB,0xABAB,0x4A3C,0x4A3C,0xABAB,0xABAB,0x3C4A,0xB03C,
	0x2626,0x0A3C,0xABAB,0xABAB,0xB026,0x2626,0x2626,0x2626,
	0x2626,0x2626,0x2626,0x2626,0x0A41,0x3C41,0xABAB,0xABAB,
	0x4126,0x4A4A,0x3C3C,0xABAB,0xAB3C,0xABAB,0x26AB,0x3C26,
	0xABAB,0x2626,0x2626,0x3C26,0xABB0,0xABAB,0x2626,0x2626,

	0x2626,0x3C26,0x0A26,0xAB41,0x2626,0xABAB,0xB0AB,0xB0B0,
	0xAB26,0xABAB,0x3C3C,0xABAB,0xABAB,0x41B0,0x3C0A,0x410A,
	0x3C3C,0xABAB,0x0A41,0x3C41,0xABAB,0xABAB,0xAB26,0xABAB,
	0x2626,0x2626,0xAB26,0xABAB,0x263C,0xABAB,0xABAB,0xABAB,
	0x26AB,0x2626,0x1A26,0x4126,0xAB3C,0x261A,0x1A0A,0x260A,
	0x26AB,0x0A0A,0x0A0A,0x0A0A,0x4141,0x260A,0x0A0A,0x0A0A,
	0xABAB,0x2641,0x0A41,0x410A,0x3C4A,0xABAB,0x3C3C,0x26AB,
	0x4AAB,0x4A4A,0xAB4A,0x26AB,0x4AAB,0x3C0A,0xB0B0,0x1A41,

	0x4A3C,0x1A1A,0x2B2B,0x2B87,0x1A1A,0x2B1A,0x2B2B,0x2B2B,
	0x1A0A,0x871A,0xB82B,0x2B2B,0x0A0A,0x870A,0xB80A,0xB8B8,
	0x0A41,0x870A,0xB80A,0x2FB8,0x1A0A,0x260A,0xB80A,0x2F1A,
	0x1A1A,0x260A,0x0A0A,0x2F0A,0x261A,0x4126,0x0A0A,0x450A,
	0x872B,0x1A87,0x1A1A,0x1A1A,0x2B2B,0x8787,0x1A1A,0x1A1A,
	0x2B2B,0x8789,0x1A1A,0x1A1A,0x2B2B,0x1A87,0x1A1A,0x1A1A,
	0x2BB8,0x0A87,0x1A1A,0x1A1A,0x2F1A,0x0A87,0x1A0A,0x1A1A,
	0x2F0A,0x0A0A,0x1A1A,0x1A1A,0x2F2F,0x4510,0x1010,0x1010,

	0x1A1A,0x1A1A,0x9E9E,0x9E1A,0x1A1A,0x1A1A,0x9E9E,0x9E9E,
	0x1A1A,0x1A1A,0x9E1A,0x9E9E,0x9E1A,0x1A1A,0x9E1A,0x9E9E,
	0x9E1A,0x1A9E,0x9E1A,0x9E9E,0x9E9E,0x9E9E,0x9E9E,0x9E9E,
	0x1A1A,0x1A1A,0x9E9E,0x9E1A,0x1A1A,0x1010,0x1A1A,0x1A1A,
	0x9E10,0x9E9E,0x101A,0x101A,0x9E1A,0x1A9E,0x1A1A,0x1A0A,
	0x9E9E,0x1A9E,0x9E1A,0x1A0A,0x9E9E,0x1A9E,0x0A9E,0x0A0A,
	0x9E9E,0x9E9E,0x0A9E,0x0A1A,0x9E9E,0x9E9E,0x9E68,0x9E68,
	0x1A9E,0x9E9E,0x1068,0x1A68,0x1A1A,0x1A68,0x6868,0x6868,

	0x1010,0x101A,0x1A68,0x1A1A,0x1A1A,0x1A68,0x681A,0x681A,
	0x0A1A,0x6868,0x681A,0x681A,0x0A9E,0x681A,0x1A1A,0x6868,
	0x0A68,0x681A,0x1A68,0x6868,0x6868,0x6868,0x6868,0x6868,
	0x6868,0x6868,0x680A,0x6868,0x6868,0x6868,0x681A,0x684D,
	0x6868,0x1A1A,0x1B1A,0x1B1B,0x1A1A,0x1A1A,0x1A9E,0x1A1B,
	0x1A1A,0x1A68,0x9E1A,0x1A1A,0x6868,0x1A1A,0x1A1A,0x9E9E,
	0x6868,0x1A1A,0x1A1A,0x9E9E,0x1A68,0x1A68,0x951A,0x9E1A,
	0x4D68,0x1A68,0x951A,0x1A4D,0x6868,0x0D4D,0x681A,0x954D,

	0x7B7B,0x1A1A,0x7B1A,0x1A1A,0x1A1B,0x7B7B,0x7B1A,0x1B1B,
	0x9E9E,0x1B1B,0x7B7B,0x1A1A,0x9E1A,0x1A1A,0x1A9E,0x7B7B,
	0x9E1A,0x9E1A,0x1A1A,0x7B1A,0x9E9E,0x9E9E,0x101A,0x7B7B,
	0x9E9E,0x9E02,0x0210,0x107B,0x9E9E,0xB802,0x0202,0x107B,
	0x1A1A,0x1A1A,0x101A,0x1010,0x1A1A,0x1A1A,0x1A10,0x101A,
	0x1A1A,0x1A1A,0x1A1A,0x101A,0x1A1A,0x1A1A,0x1A1A,0x1A1A,
	0x1A1A,0x1A1A,0x1A1A,0x1A1A,0x1A1A,0x1A1A,0x1A1A,0x1A1A,
	0x1A10,0x1A1A,0x1A1A,0x1A1A,0x0404,0x1A1A,0x1A1A,0x1A1A,

	0x107B,0x1A10,0x1A1A,0x1A1A,0x107B,0x1A10,0x1A1A,0x1A1A,
	0x1010,0x1A1A,0x1A1A,0x1A1A,0x1A1A,0x1A1A,0x1A59,0x1A59,
	0x1A1A,0x1A59,0x5959,0x1A59,0x1A1A,0x591A,0x5959,0x1A59,
	0x1A1A,0x5959,0x5959,0x7B59,0x1A1A,0x1A1A,0x1A1A,0x1A1A,
	0x1A1A,0x5959,0x9E1A,0x9E9E,0x9E1A,0x599E,0x5959,0x1A9E,
	0x9E10,0x5959,0x5959,0x1A1A,0x5959,0x1A1A,0x5959,0x1A1A,
	0x5959,0x1A59,0x1A1A,0x1A1A,0x7B1A,0x1A1A,0x1A1A,0x1A1A,
	0x7B1A,0x1A1A,0x1A1A,0x1A1A,0x7B7B,0x1A1A,0x1A1A,0x1A1A,

	0x9E9E,0x3E3E,0xC8C8,0x3E3E,0x9E1A,0xB19E,0xC8B1,0xB13E,
	0x9E1A,0xB19E,0xB1B1,0xB1C8,0x1A1A,0x843E,0xB184,0xC8C8,
	0x3E1A,0xC8C8,0xB1B1,0xC8B1,0x1A1A,0x3E3E,0x3EC8,0x84B1,
	0x1A1A,0xC83E,0x3EB1,0xB1B1,0xC80A,0xB1B1,0xB1C8,0xB1C8,
	0xC8B1,0xB1B1,0xC8C8,0x3E3E,0xC8C8,0x84B1,0xC8B1,0x3EC8,
	0xC8C8,0x84B1,0xC8B1,0xB1C8,0x1D1D,0x1DC8,0xB1C8,0xC8C8,
	0x1DB1,0x1DB1,0x84C8,0xB1B1,0xB1B1,0x1D1D,0xC8B1,0xC8B1,
	0x8484,0x1D84,0xC8B1,0xB1B1,0xB13E,0xC8C8,0xC8B1,0x3EB1,

	0x3E3E,0x3E3E,0x1A1A,0x1A1A,0xC8C8,0x3E3E,0x1A9E,0x1A1A,
	0xC8B1,0x10B1,0x9E9E,0x1010,0xC8B1,0x3EC8,0x1A1A,0x1A1A,
	0xC8B1,0x3E3E,0x1A1A,0x1A1A,0xC8B1,0x3E3E,0x1A3E,0x1A1A,
	0xC8B1,0xC83E,0x1A3E,0x1A1A,0x3E3E,0xC8C8,0x1A3E,0x1A1A,
	0x1A1A,0x1A1A,0x4D4D,0x104D,0x1A1A,0x1A1A,0x1A1A,0x1A1A,
	0x1A1A,0x1A1A,0x1A1A,0x1A1A,0x1A1A,0x1A1A,0x1A1A,0x1A1A,
	0x1A1A,0x1A1A,0x1A1A,0x1A1A,0x1A1A,0x1A1A,0x1A1A,0x1A1A,
	0x1A1A,0x1A1A,0x1A1A,0x1A1A,0x1A1A,0x571A,0x5757,0x1A57,

	0x1A1A,0x1A95,0x1A1A,0x1A1A,0x1A1A,0x1A1A,0x1A1A,0x1A1A,
	0x1A1A,0x1A1A,0x1A1A,0x1A1A,0x1A1A,0x1A1A,0x1A1A,0x1A1A,
	0x1A1A,0x1A1A,0x1A1A,0x1A1A,0x1A1A,0x1A1A,0x1A1A,0x1A1A,
	0x1A1A,0x1A1A,0x1A1A,0x1A1A,0x1A1A,0x1A1A,0x1A1A,0x1A1A,
	0x1A1A,0x1A1A,0x1A1A,0x1A1A,0x1A1A,0x1A1A,0x1A1A,0x1A1A,
	0x1A1A,0x1A1A,0x1A1A,0x1A1A,0x1A1A,0x1A1A,0x1A1A,0x1A1A,
	0x1A1A,0x1A1A,0x1A1A,0x1A1A,0x1A1A,0x1A1A,0x1A1A,0x1A1A,
	0x1A1A,0x1A1A,0x1A1A,0x1A1A,0x1A1A,0x1A1A,0x1A1A,0x1A1A,

	0x1A72,0x1A1A,0x721A,0x721A,0x1A1A,0x1A1A,0x1A1A,0x1A1A,
	0x1A1A,0x1A1A,0x1A1A,0x1A1A,0x1A1A,0x1A1A,0x1A1A,0x1A1A,
	0x1A1A,0x1A1A,0x1A1A,0x1A1A,0x1A1A,0x1A1A,0x1A1A,0x1A1A,
	0x1A1A,0x1A1A,0x1A1A,0x1A1A,0x1A1A,0x1A1A,0x1A1A,0x1A1A,
	0x1A1A,0x7272,0x4B4B,0x4B4B,0x1A1A,0x1A1A,0x4B4B,0x4B4B,
	0x1A1A,0x1A1A,0x4B4B,0x4B4B,0x1A1A,0x1A1A,0x4B4B,0x4B4B,
	0x1A1A,0x1A1A,0x4B4B,0x4B4B,0x1A1A,0x1A1A,0x4B4B,0x4B4B,
	0x1A1A,0x1A1A,0x4B4B,0x4B4B,0x1A1A,0x1A1A,0x4B4B,0x4B4B,

	0x4B4B,0x4B4B,0x0A4B,0x0A0A,0x4B4B,0x4B4B,0x0A4B,0x0A0A,
	0x4B4B,0x4B4B,0x0A4B,0x0A0A,0x4B4B,0x4B4B,0x0A4B,0x0A0A,
	0x4B4B,0x4B4B,0x0A4B,0x0A0A,0x4B4B,0x4B4B,0x1A4B,0x1A0A,
	0x4B4B,0x4B4B,0x4B4B,0x4B4B,0x4B4B,0x4B4B,0x4B4B,0x4B4B,
	0x0A0A,0x0A0A,0x0A0A,0x0A0A,0x0A0A,0x0A0A,0x0A0A,0x0A0A,
	0x0A0A,0x0A0A,0x0A0A,0x0A0A,0x0A0A,0x0A0A,0x5454,0x5454,
	0x0A0A,0x0A0A,0x5454,0x5454,0x0A1A,0x4B4B,0x4B4B,0x4B4B,
	0x4B4B,0x4B4B,0x4B4B,0x4B4B,0x4B4B,0x4B4B,0x4B4B,0x4B4B,

	0x0A0A,0x0A0A,0x0A18,0x0A3B,0x0A0A,0x0A0A,0x3B0A,0x0A1A,
	0x0A0A,0x0A0A,0x0A0A,0x0A0A,0x5454,0x0A54,0x0A0A,0x0A0A,
	0x5454,0x5454,0x4B4B,0x4B4B,0x4B4B,0x4B4B,0x4B4B,0x4B4B,
	0x4B4B,0x4B4B,0x4B4B,0x4B4B,0x4B4B,0x4B4B,0x4B4B,0x4B4B,
	0x0A0A,0x0A0A,0x0A3B,0x0A0A,0x0A0A,0x0A0A,0x0A0A,0x0A0A,
	0x0A0A,0x0A0A,0x0A0A,0x0A0A,0x0A0A,0x4B0A,0x4B4B,0x794B,
	0x4B4B,0x4B4B,0x4B4B,0x794B,0x4B4B,0x4B4B,0x4B4B,0x794B,
	0x4B4B,0x4B4B,0x4B4B,0x794B,0x4B4B,0x4B4B,0x4B4B,0x794B,

	0x0A0A,0x0A0A,0x0A0A,0x0A0A,0x0A0A,0x0A0A,0x0A0A,0x0A0A,
	0x0A0A,0x0A0A,0x0A0A,0x0A0A,0x4B4B,0x4B4B,0x4B4B,0x4B4B,
	0x4B4B,0x4B4B,0x4B4B,0x4B4B,0x4B4B,0x4B4B,0x4B4B,0x4B4B,
	0x4B4B,0x4B4B,0x4B4B,0x4B4B,0x4B4B,0x4B4B,0x4B4B,0x4B4B,
	0x5454,0x5454,0x5454,0x5454,0x0A58,0x5858,0x0A58,0x5858,
	0x0A0A,0x0A58,0x0A58,0x580A,0x4B4B,0x4B4B,0x4B4B,0x4B4B,
	0x4B4B,0x4B4B,0x4B4B,0x4B4B,0x4B4B,0x4B4B,0x4B4B,0x4B4B,
	0x4B4B,0x4B4B,0x4B4B,0x4B4B,0x4B4B,0x4B4B,0x4B4B,0x4B4B,

	0x5454,0x5454,0x0A0A,0x0A0A,0x0A58,0x580A,0x0A0A,0x0A0A,
	0x0A0A,0x0A0A,0x0A0A,0x0A0A,0x4B4B,0x4B4B,0x4B4B,0x4B4B,
	0x4B4B,0x4B4B,0x4B4B,0x4B4B,0x4B4B,0x4B4B,0x4B4B,0x4B4B,
	0x4B4B,0x4B4B,0x4B4B,0x4B4B,0x4B4B,0x4B4B,0x4B4B,0x4B4B,
	0x0A54,0x540A,0x580A,0x0A58,0x0A0A,0x0A0A,0x0A0A,0x0A0A,
	0x0A0A,0x0A0A,0x0A0A,0x0A0A,0x4B4B,0x4B4B,0x4B4B,0x4B4B,
	0x4B4B,0x4B4B,0x4B4B,0x4B4B,0x4B4B,0x4B4B,0x4B4B,0x4B4B,
	0x4B4B,0x4B4B,0x4B4B,0x4B4B,0x4B4B,0x4B4B,0x4B4B,0x4B4B,

	0x0A0A,0x0A0A,0x0A0A,0x0A0A,0x0A0A,0x0A0A,0x0A0A,0x0A0A,
	0x0A0A,0x0A0A,0x0A0A,0x0A0A,0x4B4B,0x4B4B,0x4B4B,0x4B4B,
	0x4B4B,0x4B4B,0x4B4B,0x4B4B,0x4B4B,0x4B4B,0x4B4B,0x4B4B,
	0x4B4B,0x4B4B,0x4B4B,0x4B4B,0x4B4B,0x4B4B,0x4B4B,0x4B4B,
	0x0A0A,0x0A0A,0x0A1A,0x0A0A,0x0A0A,0x1A0A,0x0A0A,0x0A1A,
	0x0A0A,0x0A0A,0x0A0A,0x0A0A,0x4B4B,0x4B4B,0x4B4B,0x4B4B,
	0x4B4B,0x4B4B,0x4B4B,0x4B4B,0x4B4B,0x4B4B,0x4B4B,0x4B4B,
	0x4B4B,0x4B4B,0x4B4B,0x4B4B,0x4B4B,0x4B4B,0x4B4B,0x4B4B,

	0x0A0A,0x0A0A,0x1A0A,0x1A1A,0x1A1A,0x0A1A,0x1A1A,0x1A1A,
	0x1A1A,0x1A1A,0x1A1A,0x1A1A,0x1A1A,0x1A1A,0x1A1A,0x1A1A,
	0x4B4B,0x4B4B,0x4B4B,0x1A4B,0x4B4B,0x4B4B,0x4B4B,0x4B4B,
	0x4B4B,0x4B4B,0x4B4B,0x4B4B,0x4B4B,0x4B4B,0x4B4B,0x4B4B,
	0x1A1A,0x1A1A,0x1A1A,0x1A1A,0x1A1A,0x1A1A,0x1A1A,0x1A1A,
	0x1A1A,0x1A1A,0x1A1A,0x1A1A,0x1A1A,0x1A1A,0x1A1A,0x1A1A,
	0x1A1A,0x1A1A,0x1A1A,0x1A1A,0x4B4B,0x4B4B,0x4B4B,0x4B4B,
	0x4B4B,0x4B4B,0x4B4B,0x4B4B,0x4B4B,0x4B4B,0x4B4B,0x4B4B,

	0x1A1A,0x1A1A,0x4B1A,0x4B4B,0x1A1A,0x1A1A,0x4B1A,0x4B4B,
	0x1A1A,0x1A1A,0x4B1A,0x4B4B,0x1A1A,0x1A1A,0x4B1A,0x4B4B,
	0x1A1A,0x1A1A,0x4B1A,0x4B4B,0x1A4B,0x1A1A,0x4B1A,0x4B4B,
	0x4B4B,0x4B4B,0x4B4B,0x4B4B,0x4B4B,0x4B4B,0x4B4B,0x4B4B,
	0x4B4B,0x4B4B,0x4B4B,0x7272,0x4B4B,0x4B4B,0x4B4B,0x1A1A,
	0x4B4B,0x4B4B,0x4B4B,0x1A1A,0x4B4B,0x4B4B,0x4B4B,0x1A1A,
	0x4B4B,0x4B4B,0x4B4B,0x1A1A,0x4B4B,0x4B4B,0x4B4B,0x1A1A,
	0x4B4B,0x4B4B,0x4B4B,0x1A1A,0x4B4B,0x4B4B,0x4B4B,0x1A1A,

	0x1A1A,0x1A72,0x1A72,0x1A1A,0x1A1A,0x1A1A,0x1A1A,0x1A1A,
	0x1A1A,0x1A1A,0x1A1A,0x1A1A,0x1A1A,0x1A1A,0x1A1A,0x3E1A,
	0x1A1A,0x1A1A,0x1A1A,0x3E1A,0x1A1A,0x1A1A,0x1A1A,0x1A1A,
	0x1A1A,0x1A1A,0x1A1A,0xC81A,0x1A1A,0x1A1A,0x1A1A,0x841A,
	0xB1B1,0xC8C8,0x3EC8,0xB1B1,0xB11A,0xB1B1,0xB1C8,0xC8C8,
	0x841A,0xB1B1,0xB1C8,0xB11D,0xC8C8,0xB1B1,0xC8B1,0x1DB1,
	0xC8C8,0xB1C8,0xC884,0xB1B1,0xC83E,0x3EB1,0xB1B1,0x8484,
	0xC8C8,0xB1C8,0xB1B1,0x843E,0xB1B1,0xB1C8,0xB1C8,0xB1B1,

	0xB1B1,0xC8C8,0x3E3E,0x3EC8,0x84B1,0xC8B1,0xB1C8,0xC8B1,
	0x84C8,0xB1B1,0xC8C8,0xB1B1,0x1DB1,0x84C8,0xB1B1,0xC8B1,
	0x1D1D,0xB11D,0xC8B1,0xB1B1,0x1D84,0xC8B1,0xB1B1,0xC8B1,
	0xC8C8,0xB1B1,0x3EB1,0xC8C8,0xB1C8,0xC8B1,0xB1C8,0x3E3E,
	0x3E3E,0x720A,0x9E0A,0x1A0A,0x9EB1,0x0A0A,0x4D9E,0x1A1A,
	0x9EC8,0x0A0A,0x0A9E,0x1A4D,0x3E3E,0x9E0A,0x0A0A,0x9E0A,
	0x3E3E,0x9E9E,0x0A0A,0x4D9E,0xC83E,0x9E3E,0x9E9E,0x0A0A,
	0xC83E,0x9E9E,0x9E9E,0x0A4D,0xC8C8,0x9E3E,0x459E,0x454D,

	0x1A4D,0x4D1A,0x4D1A,0x1A4D,0x4D4D,0x4D4D,0x4D4D,0x1A1A,
	0x4D1A,0x4D4D,0x4D4D,0x1A1A,0x4D1A,0x4D4D,0x0A4D,0x0A1A,
	0x4D4D,0x4D9E,0x0A4D,0x0A1A,0x4D4D,0x9E4D,0x0A4D,0x4D4D,
	0x4D4D,0x4D4D,0x1A9E,0x4D4D,0x450A,0x4D4D,0x9E9E,0x4D4D,
	0x1A1A,0x1A1A,0x1A1A,0x1A1A,0x1A1A,0x1A4D,0x1A1A,0x1A4D,
	0x1A4D,0x4D4D,0x4D1A,0x1A1A,0x4D4D,0x4D1A,0x4D4D,0x1A1A,
	0x4D4D,0x4D1A,0x4D4D,0x4D1A,0x9E1A,0x4D4D,0x4D4D,0x4D4D,
	0x9E9E,0x9E4D,0x4D4D,0x1A4D,0x4D9E,0x4D9E,0x4D4D,0x4D4D,

	0x1A1A,0x1A1A,0x1A1A,0x1A1A,0x1A1A,0x1A1A,0x1A1A,0x1A1A,
	0x1A1A,0x1A1A,0x1A1A,0x1A1A,0x1A4D,0x1A1A,0x1A1A,0x1A1A,
	0x1A1A,0x1A1A,0x1A1A,0x1A1A,0x1A1A,0x1A1A,0x1A1A,0x1A1A,
	0x1A1A,0x1A1A,0x1A1A,0x1A1A,0x1A4D,0x1A1A,0x1A1A,0x1A1A,
	0x1A1A,0x1A0A,0x1A1A,0x0A1A,0x1A1A,0x1A1A,0x1A0A,0x0A1A,
	0x1A1A,0x1A1A,0x1A1A,0x0A0A,0x1A1A,0x1A1A,0x1A0A,0x0A0A,
	0x1A0A,0x0A1A,0x1A0A,0x1A0A,0x1A1A,0x1A1A,0x1A1A,0x1A1A,
	0x1A1A,0x1A1A,0x0A1A,0x1A46,0x1A1A,0x461A,0x460A,0x0A0A,

	0x0A0A,0x1A1A,0x0A0A,0x0A0A,0x0A0A,0x0A0A,0x0A0A,0x0A0A,
	0x0A0A,0x0A0A,0x0A0A,0x0A0A,0x1A0A,0x0A0A,0x0A0A,0x0A0A,
	0x1A1A,0x0A1A,0x0A0A,0x0A0A,0x1A1A,0x1A1A,0x0A1A,0x0A0A,
	0x1A1A,0x1A1A,0x0A1A,0x0A0A,0x0A1A,0x1A0A,0x0A0A,0x0A0A,
	0x0A0A,0x0A0A,0x0A0A,0x0A0A,0x0A0A,0x0A0A,0x0A0A,0x0A0A,
	0x0A0A,0x0A0A,0x0A0A,0x0A0A,0x0A0A,0x0A0A,0x0A0A,0x0A0A,
	0x0A0A,0x0A0A,0x0A0A,0x0A0A,0x0A0A,0x0A0A,0x0A0A,0x1818,
	0x0A0A,0x0A0A,0x0A0A,0x180A,0x0A0A,0x0A0A,0x180A,0x0A18,

	0x0A0A,0x0A0A,0x0A0A,0x0A0A,0x0A0A,0x0A0A,0x0A0A,0x0A0A,
	0x0A0A,0x0A0A,0x0A0A,0x0A0A,0x0A0A,0x0A0A,0x0A0A,0x0A0A,
	0x0A0A,0x0A0A,0x3232,0x3232,0x0A0A,0x0A0A,0x0A0A,0x0A0A,
	0x0A0A,0x0A0A,0x0A0A,0x320A,0x0A0A,0x1818,0x0A0A,0x0A0A,
	0x0A0A,0x0A0A,0x0A0A,0x0A0A,0x0A0A,0x0A0A,0x0A0A,0x0A0A,
	0x0A0A,0x0A0A,0x0A0A,0x0A0A,0x0A0A,0x0A0A,0x0A0A,0x0A0A,
	0x0A0A,0x0A0A,0x0A0A,0x0A0A,0x0A0A,0x0A0A,0x0A0A,0x0A0A,
	0x0A0A,0x0A0A,0x0A0A,0x0A0A,0x0A0A,0x0A0A,0x0A0A,0x0A0A,

	0x0A0A,0x0A0A,0x0A0A,0x0A0A,0x0A0A,0x0A0A,0x0A0A,0x0A0A,
	0x0A0A,0x0A0A,0x0A0A,0x0A0A,0x0A0A,0x0A0A,0x0A0A,0x0A0A,
	0x0A0A,0x0A0A,0x0A0A,0x0A0A,0x0A0A,0x0A0A,0x0A0A,0x0A0A,
	0x0A0A,0x0A0A,0x0A0A,0x0A0A,0x0A0A,0x0A0A,0x0A0A,0x0A0A,
	0x0A0A,0x1A1A,0x0A0A,0x0A18,0x0A0A,0x0A0A,0x0A0A,0x0A0A,
	0x0A0A,0x0A0A,0x0A0A,0x0A0A,0x0A0A,0x0A0A,0x0A0A,0x0A0A,
	0x0A0A,0x0A0A,0x0A0A,0x0A0A,0x6969,0x0A0A,0x0A0A,0x0A0A,
	0x1A1A,0x0A0A,0x0A0A,0x0A0A,0x0A0A,0x0A0A,0x690A,0x0A0A,

	0x0A0A,0x0A0A,0x0A0A,0x0A0A,0x0A0A,0x0A0A,0x0A0A,0x0A0A,
	0x0A0A,0x0A0A,0x0A0A,0x0A0A,0x0A0A,0x0A0A,0x0A0A,0x0A0A,
	0x0A0A,0x0A0A,0x0A0A,0x0A69,0x0A0A,0x0A0A,0x690A,0x0A1A,
	0x0A0A,0x0A0A,0x1A0A,0x0A0A,0x0A0A,0x0A0A,0x0A0A,0x0A0A,
	0x0A0A,0x0A0A,0x0A32,0x320A,0x0A0A,0x0A0A,0x0A0A,0x0A0A,
	0x0A0A,0x0A0A,0x0A0A,0x0A0A,0x0A0A,0x0A0A,0x0A0A,0x0A0A,
	0x0A0A,0x0A0A,0x0A0A,0x0A0A,0x690A,0x0A0A,0x0A0A,0x0A0A,
	0x690A,0x0A0A,0x0A0A,0x0A0A,0x0A0A,0x0A0A,0x0A0A,0x0A0A,

	0x0A0A,0x0A0A,0x0A0A,0x0A0A,0x0A0A,0x0A0A,0x0A0A,0x0A0A,
	0x0A0A,0x0A0A,0x0A0A,0x0A0A,0x0A0A,0x0A0A,0x0A0A,0x0A0A,
	0x0A0A,0x0A0A,0x0A0A,0x0A0A,0x0A0A,0x0A0A,0x0A0A,0x0A0A,
	0x0A0A,0x0A0A,0x0A0A,0x0A0A,0x3B3B,0x0A0A,0x0A0A,0x0A0A,
	0x0A0A,0x0A0A,0x0A0A,0x0A0A,0x0A0A,0x0A0A,0x0A0A,0x0A0A,
	0x0A0A,0x0A0A,0x0A0A,0x0A0A,0x0A0A,0x0A0A,0x460A,0x0A0A,
	0x0A0A,0x0A0A,0x0A0A,0x0A0A,0x0A0A,0x0A0A,0x0A0A,0x0A46,
	0x0A0A,0x0A0A,0x0A0A,0x4646,0x0A0A,0x1818,0x1818,0x460A,

	0x0A0A,0x0A0A,0x0A0A,0x0A0A,0x0A0A,0x0A0A,0x0A0A,0x0A0A,
	0x0A0A,0x0A0A,0x0A0A,0x0A0A,0x0A0A,0x0A0A,0x0A0A,0x0A0A,
	0x0A0A,0x0A0A,0x0A0A,0x0A0A,0x0A46,0x0A0A,0x0A46,0x0A0A,
	0x0A46,0x0A46,0x0A46,0x0A0A,0x4646,0x4646,0x0A46,0xAAAA,
	0x0A0A,0x0A0A,0x840A,0x8484,0x0A0A,0x0A0A,0x0A0A,0x4284,
	0x0A0A,0x0A0A,0x0A0A,0x8D8D,0x0A0A,0x1A22,0x8D22,0x8D8D,
	0x220A,0x1A22,0x8D1A,0x8D8D,0x2222,0x1A22,0x8D1A,0x8D8D,
	0x2222,0x2222,0x8D1A,0x848D,0x0AAA,0x0A1A,0x220A,0x847E,

	0x4242,0x4242,0x4242,0x4242,0x4242,0x8484,0x4242,0x4242,
	0x8D8D,0x8D8D,0x8D8D,0x8D8D,0x8D8D,0x8D8D,0x8D8D,0x8484,
	0x8D8D,0x8D8D,0x8D8D,0x8484,0x8484,0x8D7E,0x847E,0x4848,
	0x8484,0x7E84,0x4884,0x4848,0x5C5C,0x7E84,0x4884,0x4848,
	0x4242,0x4242,0x4242,0x4242,0x4242,0x4242,0x8442,0x8484,
	0x8D8D,0x8D8D,0x8D8D,0x8D8D,0x8D8D,0x8D8D,0x8D8D,0x8D8D,
	0x8D84,0x8D8D,0x8D8D,0x8D8D,0x8448,0x8D8D,0x8484,0x8D84,
	0x4848,0x7E7E,0x8484,0x8484,0x4848,0x7E7E,0x5C5C,0x845C,

	0x8484,0x0A0A,0x1A1A,0x0A0A,0x0A84,0x0A0A,0x0A0A,0x0A0A,
	0x0A8D,0x0A0A,0x0A0A,0x0A0A,0x8D7E,0x1A22,0x0A22,0x0A0A,
	0x8D7E,0x1A1A,0x2222,0x0A0A,0x8D7E,0x2222,0x2222,0x0A0A,
	0x8D7E,0x1A22,0x2222,0x0A0A,0x227E,0xAAAA,0xAAAA,0xAAAA,
	0x450A,0x0A45,0x450A,0x4545,0x0A0A,0x0A0A,0x0A0A,0x0A45,
	0x0A0A,0x0A0A,0x0A0A,0x0A0A,0x0A0A,0x0A0A,0x0A0A,0x0A0A,
	0x0A0A,0x0A0A,0x0A0A,0x0A0A,0x0A0A,0x3C3C,0x0A26,0x0A0A,
	0x0A0A,0xAB26,0x0AAB,0x0A0A,0x0A0A,0x0A0A,0x260A,0xAB0A,

	0x4545,0x452F,0x4545,0x9C0A,0x4545,0x4545,0x0A0A,0x0A0A,
	0x450A,0x0A45,0x0A0A,0x0A0A,0x0A0A,0x0A0A,0x0A0A,0x0A0A,
	0x0A0A,0x0A0A,0x0A0A,0x0A0A,0x3C26,0x3C3C,0x410A,0x410A,
	0x8726,0x3C3C,0x3C0A,0x2641,0xABAB,0xABAB,0xABAB,0x26AB,
	0x0A0A,0xAB0A,0xAB0A,0x3C3C,0x0A0A,0x0A0A,0x3CAB,0xABAB,
	0x0A0A,0x0A0A,0x3C3C,0x2626,0x0A0A,0x260A,0x260A,0x2626,
	0x0A0A,0x3C0A,0xAB0A,0x0A26,0x0A0A,0x0A0A,0x0A0A,0x0A41,
	0x4141,0x0A41,0x410A,0x41B0,0x0A26,0x4126,0x2626,0x2626,

	0xABAB,0xABAB,0x4A4A,0xABAB,0x2626,0x2626,0x3C3C,0xABAB,
	0x2626,0x2626,0x3C3C,0x3C3C,0x2626,0xAB41,0xAB3C,0xABAB,
	0xAB26,0x3C4A,0x3CAB,0x2626,0x410A,0x2626,0x2626,0x3C26,
	0xAB0A,0xABAB,0xABAB,0x2626,0x3C26,0x2626,0xABAB,0xABAB,
	0x2626,0x3C3C,0x3C3C,0xABAB,0x3C3C,0xABAB,0xABAB,0xABAB,
	0xAB3C,0xABAB,0xABAB,0x2626,0xABAB,0xABAB,0x26AB,0x2626,
	0xAB26,0xABAB,0xABAB,0x2626,0x3C3C,0x3C3C,0xAB3C,0x52AB,
	0x2626,0x263C,0x2626,0x5226,0xABAB,0x3CAB,0x5226,0x2626,

	0xABAB,0x4AAB,0x263C,0xABAB,0x3C3C,0xB03C,0x26AB,0x2626,
	0x2626,0x263C,0x2626,0x2626,0x3C26,0x2626,0x2626,0x2626,
	0x4A3C,0xABAB,0x2626,0xABAB,0x3C4A,0x2626,0x3C3C,0x263C,
	0x4A26,0xB03C,0x263C,0xABAB,0x2626,0x5226,0x5226,0x4A3C,
	0xB0AB,0xABAB,0xABAB,0x2626,0x2626,0xAB3C,0xABAB,0x3C3C,
	0x2626,0x3C3C,0x3C3C,0xABAB,0xABAB,0xABAB,0xABAB,0xABAB,
	0xB03C,0x3C3C,0x2626,0xABAB,0x2626,0x2626,0x3C3C,0x3C3C,
	0xABAB,0x26AB,0x2626,0x3C26,0xAB26,0xABAB,0xABAB,0xABAB,

	0x3C3C,0x4A3C,0xABAB,0xABAB,0xABAB,0xABAB,0x3CAB,0xAB3C,
	0xABAB,0xABAB,0x2626,0x3C26,0xABAB,0x2626,0x2626,0x3C3C,
	0xABAB,0x26AB,0x3C26,0xAB4A,0xB03C,0xABAB,0x4AAB,0x263C,
	0x2626,0x2626,0x2626,0x3C4A,0xAB3C,0x2626,0x2626,0x2626,
	0x3C4A,0xAB41,0xABAB,0x1AB0,0xABB0,0x2626,0x2641,0x0A26,
	0x2626,0x2626,0x2626,0x4141,0x2626,0x2626,0x2626,0x3CAB,
	0x26AB,0x2626,0x4AAB,0xABB0,0xAB26,0x3C3C,0x2626,0x2626,
	0xB0B0,0xAB26,0xABAB,0xABAB,0x2626,0x2626,0x264A,0xAB41,

	0x1A0A,0x26AB,0x450A,0x4545,0x0A0A,0x0A0A,0x450A,0x0A45,
	0x0A0A,0x0A0A,0x0A0A,0x0A0A,0x0AAB,0xAB0A,0x1A0A,0x0A0A,
	0x413C,0x260A,0x1A0A,0x0A41,0x0A26,0x1818,0x413C,0x1AB0,
	0x0A26,0x1818,0x3C3C,0x4126,0xBEAB,0x41AB,0xABAB,0x26AB,
	0x2F2F,0x1010,0x1010,0x101A,0x1A45,0x101A,0x1A10,0x1A1A,
	0x0A0A,0x1A1A,0x1A1A,0x1A1A,0x1A1A,0x4141,0x413C,0x1A1A,
	0x1A1A,0x3C3C,0xABAB,0x1A1A,0x411A,0x1A1A,0x1A1A,0x1A1A,
	0x2641,0x1A41,0x411A,0x1A1A,0x2626,0x4D26,0x2641,0x1A26,

	0x1A1A,0x1A1A,0x1A1A,0x1A1A,0x1A1A,0x1A1A,0x1A1A,0x1A1A,
	0x1A1A,0x1A1A,0x1A1A,0x1A1A,0x1A1A,0x1A1A,0x1A1A,0x1A1A,
	0x1A1A,0x1A1A,0x1A1A,0x1A1A,0x411A,0x1A1A,0x1A1A,0x1A1A,
	0xAB1A,0x1A1A,0x1A1A,0x1A1A,0x1A1A,0x1A1A,0x1A1A,0x1A1A,
	0x1A1A,0x6868,0x6868,0x6868,0x1A1A,0x681A,0x6868,0x6868,
	0x681A,0x681A,0x6868,0x684D,0x681A,0x681A,0x6868,0x4D4D,
	0x6868,0x6868,0x681A,0x4D68,0x1A1A,0x1A1A,0x4D4D,0x4D4D,
	0x1A1A,0x1A1A,0x4D4D,0x4D4D,0x6A6A,0x1A1A,0x4D1A,0x4D4D,

	0x6868,0x6868,0x1A4D,0x4D68,0x6868,0x4D68,0x1A1A,0x1A1A,
	0x4D68,0x4D1A,0x1A1A,0x1A1A,0x4D1A,0x4D4D,0x9E10,0x1A1A,
	0x4D1A,0x9E4D,0x9E4D,0x1A1A,0x4D4D,0x4D4D,0x1A4D,0x1A9E,
	0x4D4D,0x4D4D,0x109E,0x109E,0x4D4D,0x1A4D,0x9E9E,0x9E9E,
	0x6868,0x4D4D,0x6868,0x1A2D,0x4D4D,0x4D1A,0x4D1A,0x1A9E,
	0x4D1A,0x4D1A,0x4D1A,0x1A4D,0x4D1A,0x9E9E,0x4D4D,0x4D4D,
	0x4D1A,0x4D9E,0x4D4D,0x4D4D,0x9E4D,0x4D4D,0x4D1A,0x4D4D,
	0x9E9E,0x1A4D,0x4D1A,0x4D1A,0x9E9E,0x1A1A,0x1A9E,0x1A1A,

	0x9E9E,0x024D,0x1A02,0x1A10,0x4D4D,0x9E9E,0x1A9E,0x1A1A,
	0x4D4D,0x1A9E,0x1A9E,0x319E,0x9E4D,0x1A1A,0x9E9E,0x109E,
	0x4D4D,0x1A4D,0x1A1A,0x3131,0x1A4D,0x4D4D,0x1A1A,0x311A,
	0x1A4D,0x1A1A,0x3131,0x3104,0x1A1A,0x3131,0x3131,0xA5A5,
	0x3104,0x1A1A,0x1A1A,0x1A1A,0x3131,0x3131,0x3131,0x1A31,
	0x3131,0x1A04,0x3131,0x3131,0x3131,0x0404,0x0404,0x3131,
	0x3131,0x3104,0x3131,0x3131,0x0431,0x0431,0x3131,0x3131,
	0x0404,0x0431,0x3131,0x3131,0x3131,0x31A5,0x0404,0x0404,

	0x1A1A,0x1A1A,0x1A1A,0x1A1A,0x1A1A,0x1A1A,0x1A1A,0x1A1A,
	0x1A1A,0x1A1A,0x1A1A,0x1A1A,0x1A1A,0x1A1A,0x1A1A,0x1A1A,
	0x1A31,0x1A1A,0x1A1A,0x1A1A,0x1A1A,0x1A1A,0x1010,0x1010,
	0x1A1A,0x1A1A,0x101A,0x1010,0x1A31,0x1A1A,0x1A1A,0x1A1A,
	0x7B7B,0x1A1A,0x1A1A,0x0A1A,0x7B1A,0x1A59,0x1A1A,0x1A1A,
	0x1A1A,0x1A1A,0x1A1A,0x1A1A,0x1A1A,0x101A,0x1A10,0x1A1A,
	0x1A1A,0x1010,0x1010,0x1A1A,0x1010,0x1A10,0x1A1A,0x1A1A,
	0x1010,0x1A10,0x1A1A,0x0A1A,0x101A,0x1A10,0x501A,0x5050,

	0x841A,0xB1B1,0xB1C8,0xB1C8,0x1A1A,0x8484,0x84B1,0xB184,
	0x1A1A,0x1A1A,0x8400,0x0000,0x1A1A,0x1A1A,0x0000,0x000A,
	0x3B1A,0x1A1A,0x1A10,0x1045,0x101A,0x1010,0x1010,0x1A45,
	0x101A,0x1010,0x0A10,0x4545,0x5050,0x1010,0x4510,0x4545,
	0xB1B1,0xB1C8,0xC8B1,0xB1C8,0x8484,0x84B1,0xB1B1,0x8484,
	0x8484,0x8400,0x8484,0x8484,0x0000,0x0000,0x0000,0x0000,
	0x0000,0x0000,0x4500,0x0000,0x10AF,0x671D,0x451D,0x450A,
	0x4545,0x671D,0x451D,0x450A,0x1045,0x1A67,0x1D1A,0x0A45,

	0x3E3E,0xC8C8,0x0A3E,0x1A1A,0xC8C8,0x8484,0x1A1A,0x1A1A,
	0xC8C8,0x0A84,0x1A1A,0x1A1A,0x0000,0x1A1A,0x1A1A,0x571A,
	0x1A1A,0x451A,0x1A0A,0x571A,0x4545,0x4545,0x4545,0x5757,
	0x450A,0x4545,0x100A,0x5757,0x1045,0x0A10,0x101A,0x5752,
	0x1A1A,0x571A,0x5757,0x1A57,0x1A1A,0x5757,0x5757,0x5757,
	0x1A1A,0x5757,0x5757,0x1A52,0x571A,0x5752,0x5757,0x5752,
	0x5757,0x5752,0x5757,0x5757,0x5757,0x5252,0x5752,0x5252,
	0x5757,0x5257,0x5752,0x5752,0x5752,0x5757,0x5757,0x5752,

	0x1A1A,0x1A1A,0x1A1A,0x1A1A,0x1A1A,0x1A1A,0x1A1A,0x1A1A,
	0x1A1A,0x1A1A,0x1A1A,0x1A1A,0x1A1A,0x1A1A,0x0A1A,0x0A1A,
	0x1A1A,0x1A1A,0x1A1A,0x0A0A,0x1A1A,0x1A1A,0x1A1A,0x1A1A,
	0x1A1A,0x1A1A,0x0A0A,0x0A0A,0x1A1A,0x1A0A,0x0A0A,0x0A0A,
	0x1A1A,0x1A1A,0x1A1A,0x1A1A,0x1A1A,0x1A1A,0x1A1A,0x1A1A,
	0x1A1A,0x1A1A,0x1A1A,0x1A1A,0x0A69,0x1A1A,0x1A1A,0x1A1A,
	0x0A1A,0x1A0A,0x1A1A,0x1A1A,0x0A0A,0x1A1A,0x1A1A,0x0A1A,
	0x0A0A,0x1A69,0x1A1A,0x0A1A,0x0A0A,0x1A1A,0x1A1A,0x0A0A,

	0x1A1A,0x1A1A,0x1A1A,0x1A1A,0x1A1A,0x1A1A,0x1A1A,0x1A1A,
	0x1A1A,0x1A1A,0x1A1A,0x1A1A,0x1A1A,0x1A1A,0x1A1A,0x1A1A,
	0x1A1A,0x1A1A,0x1A1A,0x1A1A,0x1A1A,0x1A1A,0x1A1A,0x1A1A,
	0x0A0A,0x1A1A,0x1A1A,0x1A1A,0x0A0A,0x1A1A,0x1A1A,0x1A1A,
	0x1A1A,0x1A1A,0x4B4B,0x4B4B,0x0A1A,0x0A1A,0x4B4B,0x4B4B,
	0x0A1A,0x0A0A,0x4B4B,0x4B4B,0x1A1A,0x1A1A,0x4B4B,0x4B4B,
	0x1A1A,0x1A1A,0x4B4B,0x4B4B,0x1A1A,0x1A1A,0x4B4B,0x4B4B,
	0x1A1A,0x1A1A,0x4B4B,0x4B4B,0x1A1A,0x1A1A,0x7979,0x7979,

	0x4B4B,0x4B4B,0x4B4B,0x4B4B,0x4B4B,0x4B4B,0x4B4B,0x4B4B,
	0x4B4B,0x4B4B,0x4B4B,0x4B4B,0x4B4B,0x4B4B,0x4B4B,0x4B4B,
	0x4B4B,0x4B4B,0x4B4B,0x4B4B,0x4B4B,0x4B4B,0x4B4B,0x7979,
	0x794B,0x7979,0x7979,0x7979,0x7979,0x7979,0x7979,0x7979,
	0x4B4B,0x4B4B,0x4B4B,0x4B4B,0x4B4B,0x4B4B,0x4B4B,0x4B4B,
	0x4B4B,0x4B4B,0x4B4B,0x4B4B,0x4B4B,0x4B4B,0x4B4B,0x4B4B,
	0x4B4B,0x904B,0x4B90,0x7979,0x7979,0x7979,0x7979,0x7979,
	0x7979,0x7979,0x7979,0x7979,0x7979,0x7979,0x7979,0x7979,

	0x4B4B,0x4B4B,0x4B4B,0x4B4B,0x4B4B,0x4B4B,0x4B4B,0x4B4B,
	0x4B4B,0x4B4B,0x4B4B,0x4B4B,0x9090,0x4B4B,0x7979,0x7979,
	0x7979,0x7979,0x7979,0x7979,0x7979,0x7979,0x7979,0x7979,
	0x7979,0x7979,0x7979,0x7979,0x7979,0x7979,0x7272,0x7272,
	0x4B4B,0x4B4B,0x4B4B,0x794B,0x4B4B,0x4B4B,0x4B4B,0x794B,
	0x4B4B,0x4B4B,0x4B90,0x794B,0x7979,0x7979,0x7979,0xA079,
	0x7979,0x7979,0x7979,0xA079,0x7979,0x7979,0x7979,0xA079,
	0x7979,0x7979,0x7979,0xA079,0x7272,0x7272,0x7272,0xA072,

	0x4B4B,0x4B4B,0x4B4B,0x4B4B,0x4B4B,0x4B4B,0x4B4B,0x4B4B,
	0x4B4B,0x9090,0x4B4B,0x7979,0x7979,0x7979,0x7979,0x7979,
	0x7979,0x7979,0x7979,0x7979,0x7979,0x7979,0x7979,0x7979,
	0x7979,0x7979,0x7979,0x7979,0x7272,0x7272,0x7272,0x7272,
	0x4B4B,0x4B4B,0x4B4B,0x4B4B,0x904B,0x9090,0x4B4B,0x4B4B,
	0x7979,0x7979,0x7979,0x7979,0x7979,0x7979,0x7979,0x7979,
	0x7979,0x7979,0x7979,0x7979,0x7979,0x7979,0x7979,0x7979,
	0x7979,0x7979,0x7979,0x7979,0x7272,0x7272,0x7272,0x7272,

	0x4B4B,0x4B4B,0x4B4B,0x4B4B,0x4B4B,0x4B4B,0x4B4B,0x4B4B,
	0x7979,0x7979,0x7979,0x7979,0x7979,0x7979,0x7979,0x7979,
	0x7979,0x7979,0x7979,0x7979,0x7979,0x7979,0x7979,0x7979,
	0x7979,0x7979,0x7979,0x7979,0x7272,0x7272,0x7272,0x7272,
	0x4B4B,0x4B4B,0x4B4B,0x4B4B,0x9090,0x9090,0x9090,0x9090,
	0x7979,0x7979,0x7979,0x7979,0x7979,0x7979,0x7979,0x7979,
	0x7979,0x7979,0x7979,0x7979,0x7979,0x7979,0x7979,0x7979,
	0x7979,0x7979,0x7979,0x7979,0x7272,0x7272,0x7272,0x7272,

	0x4B4B,0x4B4B,0x4B4B,0x4B4B,0x9090,0x4B90,0x4B4B,0x4B4B,
	0x7979,0x7979,0x4B4B,0x4B4B,0x7979,0x7979,0x7979,0x7979,
	0x7979,0x7979,0x7979,0x7979,0x7979,0x7979,0x7979,0x7979,
	0x7979,0x7979,0x7979,0x7979,0x7272,0x7272,0x7272,0x7272,
	0x4B4B,0x4B4B,0x4B4B,0x4B4B,0x4B4B,0x4B4B,0x4B4B,0x4B4B,
	0x4B4B,0x4B4B,0x9090,0x4B4B,0x7979,0x7979,0x7979,0x7979,
	0x7979,0x7979,0x7979,0x7979,0x7979,0x7979,0x7979,0x7979,
	0x7979,0x7979,0x7979,0x7979,0x7272,0x7272,0x7272,0x7272,

	0x4B4B,0x4B4B,0x4B4B,0x4B4B,0x4B4B,0x4B4B,0x4B4B,0x4B4B,
	0x4B4B,0x4B4B,0x4B4B,0x4B4B,0x7979,0x7979,0x7979,0x4B79,
	0x7979,0x7979,0x7979,0x7979,0x7979,0x7979,0x7979,0x7979,
	0x7979,0x7979,0x7979,0x7979,0x7972,0x7979,0x7979,0x7979,
	0x4B4B,0x4B4B,0x4B4B,0x4B4B,0x4B4B,0x4B4B,0x4B4B,0x4B4B,
	0x4B4B,0x4B4B,0x4B4B,0x4B4B,0x4B4B,0x4B4B,0x4B4B,0x4B4B,
	0x7979,0x7979,0x4B4B,0x904B,0x7979,0x7979,0x7979,0x7979,
	0x7979,0x7979,0x7979,0x7979,0x7979,0x7979,0x7979,0x7979,

	0x4B4B,0x4B4B,0x4B4B,0x4B4B,0x4B4B,0x4B4B,0x4B4B,0x4B4B,
	0x4B4B,0x4B4B,0x4B4B,0x4B4B,0x4B4B,0x4B4B,0x4B4B,0x4B4B,
	0x4B90,0x4B4B,0x4B4B,0x4B4B,0x7979,0x7979,0x7979,0x7979,
	0x7979,0x7979,0x7979,0x7979,0x7979,0x7979,0x7979,0x7979,
	0x4B4B,0x4B4B,0x4B4B,0x1A1A,0x4B4B,0x4B4B,0x4B4B,0x1A1A,
	0x4B4B,0x4B4B,0x4B4B,0x1A1A,0x4B4B,0x4B4B,0x4B4B,0x1A1A,
	0x4B4B,0x4B4B,0x4B4B,0x1A1A,0x7979,0x4B4B,0x4B4B,0x1A1A,
	0x7979,0x7979,0x7979,0x1A1A,0x7979,0x7979,0x7979,0x1A1A,

	0x1A1A,0x1A1A,0x1A1A,0x1A1A,0x1A1A,0x1A1A,0x1A1A,0x1A1A,
	0x1A1A,0x1A1A,0x1A1A,0x1A1A,0x1A1A,0x1A1A,0x1A1A,0x1A1A,
	0x1A1A,0x1A1A,0x1A1A,0x1A1A,0x1A1A,0x1A1A,0x1A1A,0x101A,
	0x1A1A,0x1A1A,0x1A1A,0x1A1A,0x1A1A,0x1A1A,0x1A1A,0x101A,
	0xB1B1,0xB1B1,0xB1B1,0x8484,0x1A1A,0x8400,0x0000,0x8484,
	0x1A1A,0x0000,0x0000,0x8400,0x1A0A,0x1A10,0x1010,0x0000,
	0x1A45,0x1010,0x0A45,0x0000,0x4545,0x0A45,0x4545,0x4545,
	0x4510,0x0A45,0x4545,0x4510,0x4545,0x4545,0x1045,0x4510,

	0xB1B1,0xB1B1,0xB1C8,0xB1B1,0x8400,0x8484,0x8484,0xC8C8,
	0x0000,0x0084,0x8400,0x0000,0x0000,0x4500,0x0000,0x459E,
	0x001D,0x451D,0x45AF,0x0A45,0x671D,0x451D,0x450A,0x450A,
	0x671D,0x1D1A,0x4545,0x450A,0xAF10,0x4545,0x0A45,0x4545,
	0xC8C8,0x9E84,0x459E,0x4D4D,0x9E84,0x0A9E,0x109E,0xAF9E,
	0x9E00,0x3B0A,0x9E9E,0x109E,0x450A,0x1A0A,0x1A1A,0x0A0A,
	0x4545,0x450A,0x1A0A,0x9E0A,0x4545,0x450A,0x0A0A,0x9E45,
	0x0A45,0x0A0A,0x0A0A,0x0A0A,0x4545,0x4545,0x0A0A,0x0A0A,

	0x0A4D,0x4D9E,0x9E9E,0x4DB8,0x0A0A,0x1A9E,0x9E4D,0x9E9E,
	0x1045,0x9E9E,0x9E1A,0x9E9E,0x9E3B,0x9E9E,0x9E9E,0x9E9E,
	0x9E9E,0x9E9E,0x9E9E,0x9E9E,0x0A9E,0x9E0A,0x0A0A,0x1A69,
	0x0A0A,0x0A0A,0x0A0A,0x6969,0x0A0A,0x1A1A,0x0A0A,0x0A0A,
	0x4D9E,0x4D9E,0x4D4D,0x4D4D,0x9E9E,0x4D1A,0x1A1A,0x4D1A,
	0x9E9E,0x1A1A,0x1A1A,0x4D1A,0x9E9E,0x1A1A,0x1A1A,0x0A0A,
	0x9E9E,0x1A1A,0x1A0A,0x0A0A,0x1A9E,0x109E,0x0A45,0x1A0A,
	0x1A1A,0x109E,0x1A0A,0x1A1A,0x1A1A,0x1A1A,0x0A0A,0x1A1A,

	0x4D4D,0x1A1A,0x1A1A,0x1A1A,0x4D4D,0x4D4D,0x1A4D,0x1A1A,
	0x4D4D,0x4D4D,0x454D,0x1A0A,0x1A1A,0x1A0A,0x1A1A,0x0A1A,
	0x1A1A,0x1A1A,0x1A1A,0x1A1A,0x1A1A,0x1A1A,0x1A1A,0x1A1A,
	0x1A1A,0x1A1A,0x1A1A,0x1A1A,0x1A1A,0x1A1A,0x1A1A,0x0A1A,
	0x461A,0x461A,0x4618,0x0A0A,0x0A1A,0x460A,0x0A46,0x1A0A,
	0x0A0A,0x0A0A,0x0A1A,0x1A0A,0x0A0A,0x0A1A,0x1A1A,0x0A0A,
	0x1A1A,0x1A1A,0x1A1A,0x0A0A,0x0A1A,0x1A0A,0x0A0A,0x0A1A,
	0x1A1A,0x1A1A,0x0A0A,0x0A0A,0x0A1A,0x0A1A,0x0A0A,0x0A0A,

	0x0A0A,0x0A0A,0x0A0A,0x0A0A,0x0A0A,0x0A0A,0x0A0A,0x0A0A,
	0x1A1A,0x0A0A,0x0A0A,0x0A0A,0x0A0A,0x0A1A,0x0A1A,0x0A0A,
	0x0A1A,0x1A1A,0x0A1A,0x0A0A,0x0A1A,0x1A0A,0x0A0A,0x0A18,
	0x0A0A,0x0A0A,0x0A0A,0x1818,0x0A0A,0x1A0A,0x0A0A,0x181A,
	0x0A0A,0x0A0A,0x1818,0x0A1A,0x0A0A,0x0A0A,0x0A0A,0x0A0A,
	0x0A0A,0x0A0A,0x0A0A,0x0A0A,0x0A0A,0x0A0A,0x0A0A,0x0A0A,
	0x0A0A,0x0A0A,0x0A0A,0x0A0A,0x180A,0x0A0A,0x0A0A,0x0A0A,
	0x1818,0x0A0A,0x0A0A,0x0A0A,0x0A0A,0x0A0A,0x0A0A,0x320A,

	0x0A18,0x1A1A,0x0A0A,0x0A0A,0x0A18,0x0A0A,0x0A0A,0x0A0A,
	0x1A1A,0x0A0A,0x0A0A,0x0A0A,0x0A0A,0x0A32,0x0A32,0x320A,
	0x0A0A,0x3232,0x0A32,0x3232,0x0A0A,0x320A,0x320A,0x0A32,
	0x0A0A,0x0A0A,0x320A,0x0A0A,0x0A0A,0x0A0A,0x0A0A,0x0A0A,
	0x0A0A,0x0A0A,0x0A0A,0x0A18,0x0A0A,0x0A0A,0x0A0A,0x1818,
	0x0A0A,0x3B0A,0x0A3B,0x181A,0x0A0A,0x1A0A,0x3B1A,0x0A0A,
	0x0A0A,0x0A0A,0x0A0A,0x0A0A,0x0A0A,0x0A0A,0x0A0A,0x0A0A,
	0x0A0A,0x0A0A,0x0A0A,0x0A0A,0x0A0A,0x0A0A,0x0A0A,0x0A0A,

	0x0A0A,0x0A0A,0x0A0A,0x0A0A,0x0A0A,0x0A0A,0x0A0A,0x0A0A,
	0x0A0A,0x0A0A,0x0A0A,0x0A0A,0x3B3B,0x0A0A,0x0A0A,0x0A0A,
	0x1A3B,0x0A0A,0x0A0A,0x0A0A,0x0A0A,0x0A0A,0x0A0A,0x6969,
	0x0A0A,0x0A0A,0x0A0A,0x6969,0x0A0A,0x690A,0x0A0A,0x0A0A,
	0x0A0A,0x0A0A,0x690A,0x0A69,0x0A0A,0x0A0A,0x0A0A,0x0A1A,
	0x0A0A,0x0A0A,0x0A0A,0x0A0A,0x0A0A,0x0A0A,0x0A0A,0x0A0A,
	0x0A0A,0x0A0A,0x0A0A,0x0A0A,0x0A0A,0x0A0A,0x0A0A,0x0A0A,
	0x0A0A,0x0A0A,0x0A0A,0x0A0A,0x0A69,0x0A0A,0x0A0A,0x0A0A,

	0x0A0A,0x0A0A,0x0A0A,0x0A0A,0x0A0A,0x0A0A,0x0A0A,0x0A0A,
	0x0A0A,0x0A0A,0x0A0A,0x0A0A,0x0A0A,0x0A0A,0x0A0A,0x0A0A,
	0x0A0A,0x0A0A,0x0A0A,0x0A0A,0x0A0A,0x0A0A,0x0A69,0x0A0A,
	0x0A0A,0x0A0A,0x0A69,0x0A0A,0x0A0A,0x0A0A,0x0A0A,0x0A0A,
	0x0A0A,0x0A0A,0x0A0A,0x0A18,0x0A0A,0x0A0A,0x0A0A,0x181A,
	0x0A0A,0x0A0A,0x0A0A,0x0A0A,0x1818,0x1818,0x0A0A,0x0A0A,
	0x1818,0x1A18,0x180A,0x0A0A,0x0A0A,0x0A0A,0x1A18,0x3B0A,
	0x0A0A,0x0A69,0x0A0A,0x0A0A,0x0A0A,0x0A1A,0x0A69,0x0A0A,

	0x3B3B,0x0A0A,0x0A0A,0x0A0A,0x0A0A,0x0A0A,0x0A0A,0x0A0A,
	0x0A0A,0x0A0A,0x0A0A,0x0A0A,0x0A0A,0x0A0A,0x0A0A,0x0A0A,
	0x0A0A,0x0A3B,0x0A0A,0x0A0A,0x1A3B,0x0A3B,0x0A0A,0x0A0A,
	0x3B3B,0x0A0A,0x0A0A,0x0A0A,0x0A0A,0x0A0A,0x0A0A,0x0A0A,
	0x0A0A,0x180A,0x181A,0x460A,0x0A0A,0x0A0A,0x0A0A,0x0A0A,
	0x0A0A,0x0A0A,0x0A0A,0x0A0A,0x0A0A,0x0A0A,0x0A0A,0x0A32,
	0x0A0A,0x0A0A,0x0A0A,0x320A,0x0A0A,0x0A0A,0x0A0A,0x0A32,
	0x0A0A,0x0A0A,0x0A0A,0x3232,0x0A0A,0x3B3B,0x0A0A,0x0A0A,

	0x4646,0x4646,0x0A0A,0xAAAA,0x0A0A,0x1846,0x461A,0xAA54,
	0x0A0A,0x0A46,0x460A,0x5454,0x0A0A,0x0A0A,0x0A0A,0x7777,
	0x320A,0x0A0A,0x0A0A,0x7777,0x0A32,0x0A32,0x0A0A,0x0A77,
	0x0A0A,0x0A0A,0x0A0A,0x0A0A,0x0A0A,0x0A0A,0x0A0A,0x0A0A,
	0xAAAA,0x0A0A,0x220A,0x847E,0xAAAA,0xAAAA,0x220A,0x847E,
	0x5454,0xAAAA,0x22AA,0x847E,0x7777,0x0A77,0x220A,0x847E,
	0x2222,0x0A22,0x220A,0x847E,0xAAAA,0x0A0A,0x4C0A,0x840A,
	0x0AAA,0x0AAA,0x0A0A,0x0A0A,0x8383,0xAA0A,0xAA0A,0x0AAA,

	0x5C5C,0x7E84,0x8484,0x8484,0x5C5C,0x7E84,0x4884,0x4848,
	0x5C5C,0x7E84,0x4884,0x4848,0x5C5C,0x7E84,0x8484,0x8484,
	0x5C5C,0x7E84,0x0A84,0x8484,0x0A5C,0x7E84,0x0A84,0x221A,
	0x0A0A,0xAAAA,0x0A0A,0x0A0A,0x0AAA,0xAAAA,0xAAAA,0xAAAA,
	0x8484,0x7E7E,0x5C5C,0x845C,0x4848,0x7E7E,0x5C5C,0x845C,
	0x4848,0x7E7E,0x5C5C,0x845C,0x8484,0x7E7E,0x5C5C,0x845C,
	0x840A,0x7E7E,0x5C5C,0x845C,0x1A0A,0x0A0A,0x5C5C,0x840A,
	0xAA0A,0x0A0A,0x0A0A,0xAA0A,0xAAAA,0x0A0A,0xAA0A,0xAA0A,

	0x227E,0xAAAA,0xAA0A,0xAAAA,0x227E,0xAA0A,0xAAAA,0xAAAA,
	0x227E,0x0A0A,0x5454,0x5454,0x227E,0x7777,0x0A77,0x7777,
	0x227E,0x2222,0x0A0A,0x7777,0x4C7E,0x0A0A,0x0AAA,0x0A0A,
	0x0A0A,0xAA0A,0xAAAA,0x0A0A,0x0A0A,0xAAAA,0x8354,0x0A0A,
	0x0A0A,0x0A0A,0x3C0A,0x2626,0x0AAB,0xABAB,0x4AAB,0x3C3C,
	0x0A3C,0x1E1E,0x0A0A,0x4A4A,0x2626,0x3B0A,0xAB0A,0x0AAB,
	0x260A,0x3B0A,0x0A1A,0x0AAB,0x1818,0x0A0A,0x2626,0x0A0A,
	0x1A1A,0x3C0A,0x3C3C,0x0A0A,0x0A0A,0x0A0A,0x2626,0x3C26,

	0xABAB,0xABAB,0x26AB,0x3C3C,0xABAB,0xABAB,0xAB3C,0xABAB,
	0x3C3C,0x3C3C,0x2626,0xABAB,0xABAB,0x0AB0,0x2626,0x2626,
	0x0AAB,0x0AAB,0x26B0,0x2626,0x0A0A,0xABAB,0x26AB,0x2626,
	0x0A0A,0x2626,0x2626,0x2626,0x260A,0x2626,0x2626,0xABAB,
	0xBE26,0xABAB,0x2626,0x2626,0xABAB,0x3C3C,0xABAB,0x41AB,
	0xABAB,0x26AB,0x3C3C,0x3C3C,0x2626,0x2626,0x263C,0x2626,
	0x2626,0x2626,0x2626,0xAB26,0x3C3C,0x2626,0xABAB,0x2626,
	0x2626,0x3C3C,0xAB3C,0x3C3C,0xABAB,0xAB3C,0xABAB,0x2626,

	0x2626,0x263C,0x2626,0xABAB,0xABAB,0x3C4A,0x3C3C,0xABAB,
	0xB0B0,0x4A4A,0x4A4A,0x263C,0xABAB,0xABAB,0xABAB,0xABAB,
	0xABAB,0xABAB,0xABAB,0x3CAB,0x2626,0x2626,0x3C26,0xAB4A,
	0x3C3C,0xB03C,0x4A3C,0x2626,0x2626,0x2626,0x263C,0x2626,
	0xABAB,0x3C26,0x4A3C,0x2626,0xABAB,0xABAB,0xAB52,0x4A52,
	0x3C3C,0xAB52,0xAB52,0xAB52,0x26B0,0x2652,0x5252,0x523C,
	0xB0AB,0x5252,0x5226,0x6C3C,0xABAB,0x5226,0x6C3C,0x263C,
	0x2626,0x5226,0x263C,0x3C26,0x2626,0x6C26,0xABAB,0x3CAB,

	0x2652,0x5226,0x5252,0x3C26,0x3C52,0x5252,0xABAB,0xABAB,
	0x2652,0x5252,0xB03C,0x4AB0,0x5226,0x3C52,0xAB26,0xABAB,
	0x5252,0x266C,0xABAB,0xABAB,0x3C52,0xABAB,0x2626,0x2626,
	0x3C3C,0xABAB,0x3C3C,0x3C3C,0xABAB,0xABAB,0x2626,0x2626,
	0x2626,0xAB26,0xABAB,0xABAB,0x3C3C,0xAB3C,0xABAB,0x3CAB,
	0x4A4A,0x3C26,0x3C3C,0x263C,0xABAB,0x264A,0xB0AB,0x2626,
	0xABAB,0xABAB,0x263C,0xB0B0,0x2626,0x3C3C,0x4AAB,0xABAB,
	0xB0B0,0x4A4A,0x2626,0x2626,0x2626,0x2626,0x2626,0x2626,

	0x3C3C,0x264A,0xAB26,0x2626,0xABAB,0xABAB,0x3C4A,0xAB3C,
	0xABAB,0xABAB,0xABAB,0x3C26,0x2626,0x2626,0x2626,0x3C3C,
	0x2626,0x2626,0x2626,0x263C,0x2626,0x3C26,0x2626,0xAB3C,
	0x2626,0x2626,0x3C3C,0x3C3C,0xAB26,0xABAB,0x3C3C,0xABAB,
	0x2626,0x2626,0x3C3C,0x2626,0xABAB,0xABAB,0x4AAB,0x3C3C,
	0x3C3C,0xB0B0,0x4A4A,0x4A4A,0x2626,0xABAB,0xABAB,0xABAB,
	0x2626,0xABAB,0xABAB,0xABAB,0x26AB,0x2626,0x2626,0x2626,
	0x3CAB,0x3C3C,0x3C3C,0x3CB0,0x26AB,0x2626,0x2626,0x3C26,

	0xABAB,0xABAB,0x26AB,0x3C3C,0xABAB,0xABAB,0xAB3C,0xAB0A,
	0x3C3C,0x3C3C,0x2626,0xAB41,0xABAB,0xB0B0,0x2626,0x2626,
	0xABAB,0xABAB,0x26B0,0x2626,0x4A3C,0xABAB,0x26AB,0x2626,
	0x264A,0x2626,0x2626,0x2626,0x2626,0x2626,0x2626,0xABAB,
	0x260A,0xABAB,0x2626,0x4126,0xABAB,0x0A41,0x1A1A,0xABAB,
	0xABAB,0x1AAB,0x1A1A,0x1A1A,0x2626,0x2626,0x2641,0x1A26,
	0x2626,0x2626,0x2626,0x0A26,0x3C3C,0x2626,0xAB0A,0x1A41,
	0x2626,0x1A3C,0x0A0A,0x413C,0xABAB,0xAB3C,0x0A41,0x0A26,

	0x1A41,0x1A1A,0x1A1A,0x1A1A,0xABAB,0x1A1A,0x1A1A,0x6A1A,
	0x1A1A,0x1A1A,0x1A1A,0x1A1A,0x1A1A,0x1A1A,0x1A1A,0x6A1A,
	0x1A1A,0x0A1A,0x1A1A,0x1A1A,0x2641,0x1A41,0x1A0A,0x6A1A,
	0x3C3C,0x1A3C,0x6F41,0x1A6F,0x2626,0x1A26,0x110A,0x6A6F,
	0x6A6A,0x1A1A,0x4D10,0x4D4D,0x6A6A,0x1A1A,0xC1C1,0x1A1A,
	0x6A6A,0x1A1A,0xC1C1,0x1A1A,0x6A6A,0x1A1A,0x1A0A,0x1A6F,
	0x6A6A,0xC1C1,0xC1C1,0x6F6F,0x6A6A,0xC16A,0x1A11,0x0A6F,
	0x6A6A,0xC1C1,0x1AC1,0x0A0A,0x6A6A,0xC16A,0x6F0A,0x116F,

	0x4D4D,0x1A4D,0x9E9E,0x9E9E,0x1A4D,0x104D,0x9E9E,0x9E9E,
	0x1A1A,0x3B1A,0x9E9E,0x9E9E,0x1A1A,0x1010,0x0A9E,0x3B9E,
	0x1A1A,0x451A,0x1A9E,0x0A9E,0x1A0A,0x1A0A,0x1A0A,0x1A1A,
	0x1A0A,0x1A0A,0x1A0A,0x1A0A,0x1A0A,0x0A1A,0x0A0A,0x0A1A,
	0x9E9E,0x9E1A,0x1A9E,0x1A1A,0x9E9E,0x9E9E,0x9E9E,0x1A9E,
	0x9E1A,0x9E1A,0x9E9E,0x9E9E,0x0A1A,0x9E0A,0x1A1A,0x9E9E,
	0x1A0A,0x0A1A,0x1A1A,0x1A1A,0x0A0A,0x1A1A,0x0A1A,0x1A0A,
	0x0A1A,0x1A0A,0x1A1A,0x1A1A,0x0A0A,0x1A32,0x1A32,0x0A1A,

	0x1A1A,0x3131,0x3131,0x0404,0x1A1A,0xA504,0x3131,0x3131,
	0x1A1A,0x3131,0x3131,0x3131,0x1A1A,0x311A,0x0431,0x3131,
	0x1A1A,0x310A,0x0431,0x3131,0x1A1A,0x041A,0x3104,0x0404,
	0x1A1A,0x041A,0x0404,0x0404,0x3131,0x3131,0xA5A5,0xA5A5,
	0x3131,0x04C5,0x31A5,0xA504,0x04A5,0x24C5,0x0404,0x3104,
	0xA504,0x3131,0x0404,0x3131,0x0431,0x31C5,0x04A5,0x0404,
	0x3131,0xA5C5,0x04A5,0x0404,0x0404,0xA524,0x0404,0x3104,
	0x0431,0xA524,0xC504,0x3131,0x2424,0xC524,0x0404,0x3131,

	0x1A1A,0x1A1A,0x1A1A,0x1A1A,0x3131,0x1A1A,0x1A1A,0x1A1A,
	0x3131,0x3131,0x1A1A,0x1A1A,0x3131,0x3131,0x1A1A,0x1A1A,
	0x3131,0x0431,0x1A1A,0x1A1A,0x3131,0x3131,0x1A31,0x1A1A,
	0x3131,0x3131,0x1A1A,0x1A1A,0xA504,0x31A5,0x1A0A,0x1A0A,
	0x1A1A,0x1A1A,0x5050,0x5050,0x1A1A,0x50A4,0x5050,0x3E3E,
	0x1A1A,0xB6B6,0x47B6,0x3E3E,0x1A1A,0xB6B6,0x1AB6,0x061A,
	0x1A0A,0xB61A,0x1A1A,0x1A1A,0x1A1A,0x1A1A,0x1A1A,0x1A1A,
	0x1A1A,0x1A1A,0x0A1A,0x1A1A,0x1A1A,0x1A1A,0x1A1A,0x1A1A,

	0x3E50,0x1010,0x1010,0x4510,0x3E3E,0x1A77,0x1010,0x1010,
	0x773E,0x1A77,0x101A,0x101A,0x0606,0x1A1A,0x1A1A,0x1A0A,
	0x1A06,0x1A1A,0x1A1A,0x1A1A,0x1A1A,0x1A1A,0x1A1A,0x1A1A,
	0x1A1A,0x1A1A,0x1A1A,0x1A1A,0x1A1A,0x1A1A,0x1A1A,0x1A1A,
	0x1010,0x1010,0x1010,0x1AAF,0x1010,0x1010,0x101A,0x1010,
	0x1010,0x1010,0x4510,0x1010,0x1A10,0x1A10,0x1010,0x101A,
	0x1A1A,0x1A1A,0x1A10,0x1A1A,0x1A1A,0x1A1A,0x1A1A,0x1A1A,
	0x1A1A,0x1A1A,0x1A1A,0x0A1A,0x1A1A,0x1A1A,0x1A1A,0x1A1A,

	0x1010,0x1010,0x5710,0x2552,0x1010,0x1010,0x5210,0x5757,
	0x1010,0x101A,0x5757,0x5257,0x1A1A,0x1A1A,0x5752,0x5757,
	0x1A1A,0x1A1A,0x5757,0x5757,0x1A1A,0x1A1A,0x5757,0x5757,
	0x1A1A,0x1A1A,0x5257,0x5757,0x1A1A,0x571A,0x5752,0x5252,
	0x5752,0x5757,0x5252,0x5252,0x5725,0x5752,0x5757,0x2552,
	0x5252,0x5757,0x5757,0x5252,0x5252,0x5252,0x5785,0x5752,
	0x5252,0x2552,0x5785,0x5757,0x5757,0x5752,0x255C,0x5757,
	0x5757,0x5752,0x2525,0x5757,0x5252,0x2525,0x2525,0x5752,

	0x1A1A,0x1A0A,0x0A1A,0x0A0A,0x0A0A,0x0A0A,0x0A0A,0x0A18,
	0x0A0A,0x0A0A,0x180A,0x0A0A,0x0A0A,0x180A,0x0A0A,0x0A0A,
	0x0A0A,0x1A1A,0x0A0A,0x0A0A,0x0A0A,0x0A0A,0x0A0A,0x0A0A,
	0x0A0A,0x0A0A,0x0A0A,0x0A0A,0x0A0A,0x0A0A,0x0A0A,0x0A0A,
	0x0A0A,0x0A0A,0x0A0A,0x1A0A,0x0A0A,0x0A0A,0x0A0A,0x0A0A,
	0x0A0A,0x1A0A,0x0A0A,0x0A0A,0x0A0A,0x0A0A,0x0A0A,0x180A,
	0x0A0A,0x0A0A,0x0A0A,0x1A1A,0x0A0A,0x0A0A,0x0A0A,0x0A0A,
	0x0A0A,0x0A0A,0x0A0A,0x0A0A,0x0A0A,0x0A0A,0x0A0A,0x0A0A,

	0x0A0A,0x1A1A,0x1A1A,0x1A1A,0x0A0A,0x0A1A,0x1A1A,0x1A1A,
	0x181A,0x0A0A,0x1A0A,0x1A1A,0x180A,0x0A1A,0x0A0A,0x0A1A,
	0x0A0A,0x0A0A,0x0A0A,0x0A0A,0x0A0A,0x0A0A,0x0A0A,0x0A0A,
	0x0A0A,0x0A0A,0x0A0A,0x0A0A,0x0A0A,0x0A0A,0x0A0A,0x0A0A,
	0x1A0A,0x1A1A,0x7979,0x7979,0x1A1A,0x1A1A,0x7272,0x7272,
	0x1A1A,0x1A1A,0x7272,0x7272,0x1A0A,0x1A0A,0x1A1A,0x1A1A,
	0x0A18,0x1A1A,0x1A1A,0x1A1A,0x181A,0x1A18,0x1A0A,0x1A1A,
	0x0A0A,0x1A1A,0x0A0A,0x1A1A,0x0A0A,0x1A0A,0x1A0A,0x1A1A,

	0x7979,0x7979,0x7979,0x7979,0x7272,0x7272,0x7272,0x7272,
	0x7272,0x7272,0x721A,0x721A,0x1A1A,0x1A1A,0x1A1A,0x1A1A,
	0x1A0A,0x1A1A,0x1A1A,0x1A1A,0x1A1A,0x0A1A,0x0A1A,0x1A1A,
	0x1A1A,0x0A1A,0x0A0A,0x1A0A,0x0A0A,0x0A0A,0x0A0A,0x0A0A,
	0x7979,0x7272,0x7272,0x7272,0x721A,0x7272,0x7272,0x1A1A,
	0x1A1A,0x7272,0x7272,0x1A72,0x1A1A,0x1A1A,0x1A1A,0x1A1A,
	0x1A1A,0x1A1A,0x1A1A,0x1A1A,0x1A1A,0x0A0A,0x0A0A,0x0A1A,
	0x1A0A,0x0A0A,0x0A0A,0x0A0A,0x0A0A,0x0A0A,0x0A0A,0x0A0A,

	0x7272,0x7272,0x7272,0x7272,0x1A1A,0x7272,0x7272,0x7272,
	0x1A1A,0x1A72,0x1A72,0x7272,0x1A1A,0x1A1A,0x1A1A,0x1A1A,
	0x1A1A,0x1A1A,0x1A1A,0x1A1A,0x1A1A,0x1A1A,0x1A1A,0x1A1A,
	0x1A0A,0x1A1A,0x1A1A,0x1A1A,0x0A0A,0x0A0A,0x1A0A,0x0A1A,
	0x7272,0x7272,0x7272,0xA072,0x7272,0x7272,0x721A,0x721A,
	0x7272,0x721A,0x721A,0x721A,0x1A1A,0x1A1A,0x1A1A,0x1A0A,
	0x1A1A,0x1A1A,0x1A1A,0x1A0A,0x1A1A,0x1A1A,0x1A1A,0x1A1A,
	0x1A0A,0x1A1A,0x0A0A,0x1A1A,0x1A1A,0x1A1A,0x0A0A,0x1A1A,

	0x7272,0x7272,0x7272,0x7272,0x7272,0x721A,0x7272,0x721A,
	0x721A,0x1A1A,0x721A,0x721A,0x1A1A,0x1A0A,0x1A1A,0x1A1A,
	0x1A1A,0x1A0A,0x1A1A,0x0A1A,0x1A1A,0x0A0A,0x1A0A,0x1A1A,
	0x1A1A,0x0A0A,0x1A1A,0x1A1A,0x1A1A,0x0A0A,0x1A1A,0x0A0A,
	0x7272,0x7272,0x7272,0x7272,0x1A72,0x7272,0x1A1A,0x1A72,
	0x1A72,0x1A1A,0x721A,0x1A72,0x0A1A,0x1A1A,0x1A1A,0x1A1A,
	0x0A1A,0x1A1A,0x1A1A,0x1A1A,0x1A1A,0x1A1A,0x1A1A,0x0A1A,
	0x1A1A,0x1A0A,0x1A1A,0x0A0A,0x0A0A,0x0A0A,0x0A0A,0x0A0A,

	0x7272,0x7272,0x7272,0x7272,0x7272,0x7272,0x721A,0x7272,
	0x7272,0x7272,0x1A1A,0x1A72,0x1A1A,0x1A1A,0x1A1A,0x0A1A,
	0x1A0A,0x1A1A,0x1A0A,0x0A1A,0x1A1A,0x1A1A,0x1A1A,0x1A1A,
	0x1A1A,0x1A1A,0x1A1A,0x1A1A,0x0A1A,0x1A0A,0x1A1A,0x0A1A,
	0x7272,0x7272,0x7272,0x7272,0x721A,0x7272,0x721A,0x1A72,
	0x1A1A,0x1A1A,0x1A1A,0x1A1A,0x1A1A,0x1A1A,0x1A1A,0x0A1A,
	0x1A1A,0x0A0A,0x1A1A,0x0A0A,0x1A1A,0x0A0A,0x1A1A,0x0A0A,
	0x1A1A,0x0A0A,0x0A0A,0x0A0A,0x0A1A,0x0A0A,0x0A0A,0x0A0A,

	0x7272,0x7272,0x7272,0x7272,0x1A1A,0x1A72,0x7272,0x721A,
	0x1A0A,0x0A1A,0x1A1A,0x1A1A,0x0A0A,0x1A1A,0x1A1A,0x1A1A,
	0x1A0A,0x1A1A,0x1A1A,0x1A1A,0x1A0A,0x0A1A,0x1A1A,0x1A1A,
	0x0A0A,0x0A1A,0x0A1A,0x1A1A,0x0A0A,0x1A0A,0x0A0A,0x0A0A,
	0x7272,0x7272,0x7272,0x7272,0x721A,0x721A,0x721A,0x1A72,
	0x1A1A,0x721A,0x721A,0x1A1A,0x1A1A,0x1A1A,0x1A1A,0x1A1A,
	0x1A0A,0x1A1A,0x1A1A,0x1A1A,0x1A0A,0x1A1A,0x1A1A,0x1A1A,
	0x0A0A,0x1A1A,0x1A1A,0x1A1A,0x0A0A,0x1A1A,0x1A1A,0x1A1A,

	0x7272,0x7272,0x7272,0x7272,0x7272,0x7272,0x7272,0x7272,
	0x1A1A,0x7272,0x7272,0x7272,0x1A1A,0x1A1A,0x1A1A,0x1A1A,
	0x1A1A,0x1A1A,0x1A1A,0x1A1A,0x1A1A,0x1A1A,0x1A1A,0x0A1A,
	0x0A1A,0x1A1A,0x1A1A,0x0A0A,0x1A1A,0x1A1A,0x1A0A,0x1A0A,
	0x7979,0x7979,0x7979,0x7979,0x7272,0x1A72,0x7272,0x7272,
	0x1A72,0x1A1A,0x721A,0x7272,0x1A1A,0x1A1A,0x1A1A,0x1A1A,
	0x1A1A,0x1A1A,0x1A1A,0x1A1A,0x1A1A,0x1A1A,0x1A1A,0x1A1A,
	0x1A1A,0x1A0A,0x1A1A,0x1A1A,0x0A0A,0x0A0A,0x1A0A,0x1A1A,

	0x7979,0x7979,0x7979,0x7979,0x7272,0x7272,0x7272,0x7272,
	0x7272,0x7272,0x1A72,0x7272,0x721A,0x721A,0x1A1A,0x1A1A,
	0x1A1A,0x1A1A,0x0A1A,0x1A1A,0x1A1A,0x1A1A,0x1A1A,0x0A1A,
	0x0A1A,0x1A1A,0x1A1A,0x1A1A,0x0A1A,0x0A1A,0x1A1A,0x0A0A,
	0x7979,0x7979,0x7979,0x1A1A,0x7272,0x7272,0x7272,0x1A1A,
	0x721A,0x721A,0x721A,0x1A1A,0x0A1A,0x1A1A,0x1A1A,0x1A1A,
	0x0A1A,0x1A1A,0x1A1A,0x0A0A,0x0A1A,0x0A1A,0x0A1A,0x1A1A,
	0x0A0A,0x0A1A,0x0A1A,0x1A0A,0x0A0A,0x0A1A,0x0A0A,0x0A0A,

	0x1A1A,0x1A1A,0x1A1A,0x101A,0x1A1A,0x1A1A,0x1A1A,0x0A1A,
	0x1A1A,0x1A1A,0x0A1A,0x0A0A,0x1A1A,0x1A1A,0x0A0A,0x0A0A,
	0x1A1A,0x0A0A,0x0A0A,0x0A0A,0x0A0A,0x1A0A,0x0A0A,0x1A1A,
	0x0A0A,0x1A1A,0x0A0A,0x1A1A,0x0A0A,0x0A0A,0x0A0A,0x0A0A,
	0xAF45,0x4545,0x1045,0x10AF,0x320A,0x100A,0x450A,0x4545,
	0x1A0A,0x1A0A,0x450A,0x4545,0x1A1A,0x1A1A,0x0A1A,0x0A0A,
	0x1A1A,0x1A1A,0x0A0A,0x0A0A,0x1A1A,0x1A1A,0x0A0A,0x0A0A,
	0x1A1A,0x1A1A,0x0A0A,0x0A0A,0x0A0A,0x0A0A,0x0A0A,0x0A0A,

	0x1010,0x450A,0x4545,0x4545,0x4545,0x4545,0x4545,0x4545,
	0x4545,0x4545,0x4545,0x450A,0x0A0A,0x1A10,0x0A0A,0x0A0A,
	0x0A0A,0x1A1A,0x0A0A,0x0A0A,0x0A0A,0x0A0A,0x0A0A,0x0A0A,
	0x0A0A,0x0A0A,0x0A0A,0x0A0A,0x0A0A,0x0A0A,0x0A0A,0x0A0A,
	0x4545,0x0A0A,0x0A0A,0x0A0A,0x450A,0x0A45,0x0A0A,0x0A0A,
	0x0A0A,0x0A0A,0x0A0A,0x0A0A,0x0A0A,0x0A0A,0x0A0A,0x0A0A,
	0x0A0A,0x0A0A,0x0A0A,0x0A0A,0x0A0A,0x0A0A,0x0A0A,0x0A0A,
	0x0A0A,0x0A0A,0x0A0A,0x0A0A,0x0A0A,0x0A0A,0x0A0A,0x0A0A,

	0x0A0A,0x691A,0x1A1A,0x0A0A,0x0A0A,0x0A0A,0x0A1A,0x0A0A,
	0x0A0A,0x0A0A,0x0A0A,0x0A69,0x0A0A,0x0A0A,0x0A0A,0x1A1A,
	0x0A0A,0x0A0A,0x0A0A,0x0A0A,0x0A0A,0x0A0A,0x0A0A,0x0A0A,
	0x0A0A,0x0A0A,0x0A0A,0x0A0A,0x0A0A,0x0A0A,0x0A0A,0x0A0A,
	0x1A69,0x1A1A,0x1A0A,0x1A1A,0x0A0A,0x0A0A,0x3B3B,0x0A0A,
	0x3B0A,0x0A3B,0x1A3B,0x0A0A,0x0A0A,0x3B1A,0x0A0A,0x0A0A,
	0x0A0A,0x1A1A,0x0A0A,0x0A0A,0x0A0A,0x1A0A,0x0A0A,0x0A0A,
	0x0A0A,0x0A0A,0x0A0A,0x0A0A,0x0A0A,0x0A0A,0x0A0A,0x0A0A,

	0x1A1A,0x0A1A,0x1A1A,0x1A1A,0x1A1A,0x1A1A,0x1A0A,0x0A1A,
	0x1A1A,0x1A1A,0x1A0A,0x1A1A,0x1A0A,0x321A,0x321A,0x320A,
	0x0A0A,0x0A0A,0x0A1A,0x320A,0x0A0A,0x0A0A,0x0A32,0x1A0A,
	0x0A0A,0x0A0A,0x0A32,0x1A1A,0x0A0A,0x0A0A,0x0A0A,0x0A0A,
	0x1A0A,0x0A1A,0x3232,0x3232,0x0A0A,0x0A0A,0x1A1A,0x0A0A,
	0x0A0A,0x0A0A,0x1A32,0x1A1A,0x0A0A,0x0A0A,0x0A0A,0x0A0A,
	0x0A0A,0x0A0A,0x1A0A,0x0A0A,0x1A1A,0x1A1A,0x1A0A,0x1A0A,
	0x0A0A,0x1A0A,0x1A1A,0x1A1A,0x0A1A,0x0A0A,0x1A0A,0x1A1A,

	0x0A0A,0x1A0A,0x0A0A,0x0A0A,0x0A0A,0x0A0A,0x0A0A,0x0A0A,
	0x0A0A,0x0A0A,0x0A0A,0x0A0A,0x0A0A,0x0A0A,0x0A0A,0x0A0A,
	0x1A0A,0x0A0A,0x0A0A,0x0A0A,0x1A0A,0x1A0A,0x0A0A,0x0A0A,
	0x1A1A,0x1A1A,0x0A1A,0x0A0A,0x0A0A,0x0A0A,0x0A0A,0x0A0A,
	0x0A0A,0x0A0A,0x0A0A,0x320A,0x0A0A,0x0A0A,0x0A0A,0x0A32,
	0x0A0A,0x0A0A,0x0A0A,0x0A32,0x0A0A,0x0A0A,0x0A0A,0x0A0A,
	0x0A18,0x0A0A,0x0A0A,0x0A0A,0x181A,0x1818,0x0A0A,0x0A0A,
	0x0A0A,0x1A18,0x0A0A,0x0A0A,0x0A0A,0x0A0A,0x0A0A,0x0A0A,

	0x0A0A,0x0A0A,0x0A0A,0x0A0A,0x320A,0x0A0A,0x0A32,0x0A32,
	0x320A,0x0A0A,0x0A0A,0x0A0A,0x0A0A,0x0A0A,0x0A0A,0x320A,
	0x0A0A,0x0A0A,0x0A0A,0x0A0A,0x0A0A,0x0A0A,0x0A0A,0x0A0A,
	0x0A0A,0x0A0A,0x0A0A,0x0A0A,0x0A0A,0x0A0A,0x0A0A,0x0A0A,
	0x0A0A,0x0A0A,0x0A0A,0x0A0A,0x0A32,0x0A0A,0x0A0A,0x0A0A,
	0x0A0A,0x0A0A,0x0A0A,0x0A0A,0x0A0A,0x0A0A,0x0A0A,0x0A0A,
	0x0A0A,0x0A0A,0x0A0A,0x0A0A,0x0A0A,0x0A0A,0x0A0A,0x0A0A,
	0x0A0A,0x0A0A,0x0A0A,0x0A0A,0x0A0A,0x0A0A,0x0A0A,0x0A0A,

	0x0A0A,0x690A,0x0A69,0x0A0A,0x0A0A,0x0A0A,0x0A1A,0x0A0A,
	0x0A0A,0x0A0A,0x0A0A,0x0A69,0x0A0A,0x0A0A,0x0A0A,0x0A1A,
	0x0A0A,0x0A0A,0x0A0A,0x0A0A,0x0A0A,0x0A0A,0x0A0A,0x0A0A,
	0x0A0A,0x0A0A,0x0A0A,0x0A0A,0x0A0A,0x0A0A,0x0A0A,0x0A0A,
	0x0A69,0x0A0A,0x0A0A,0x0A0A,0x0A0A,0x0A0A,0x3B3B,0x0A0A,
	0x3B0A,0x0A3B,0x1A3B,0x0A0A,0x0A0A,0x3B1A,0x0A0A,0x0A0A,
	0x0A0A,0x0A0A,0x0A0A,0x0A0A,0x0A0A,0x0A0A,0x0A0A,0x0A0A,
	0x0A0A,0x0A0A,0x0A0A,0x0A0A,0x0A0A,0x0A0A,0x0A0A,0x0A0A,

	0x0A0A,0x0A0A,0x0A0A,0x0A18,0x0A0A,0x180A,0x180A,0x0A1A,
	0x0A0A,0x180A,0x0A0A,0x0A0A,0x0A0A,0x0A0A,0x0A0A,0x181A,
	0x0A0A,0x0A0A,0x0A0A,0x1A0A,0x0A0A,0x0A0A,0x0A0A,0x0A0A,
	0x0A0A,0x0A0A,0x0A0A,0x0A0A,0x0A0A,0x0A0A,0x0A0A,0x0A0A,
	0x0A0A,0x690A,0x0A69,0x0A0A,0x0A0A,0x1A0A,0x0A0A,0x0A0A,
	0x0A0A,0x0A0A,0x0A0A,0x0A0A,0x0A18,0x0A0A,0x0A0A,0x0A0A,
	0x0A0A,0x0A0A,0x0A0A,0x0A0A,0x0A0A,0x0A0A,0x0A0A,0x0A0A,
	0x0A0A,0x0A0A,0x0A0A,0x0A0A,0x0A0A,0x0A0A,0x0A0A,0x0A0A,

	0x0A0A,0x0A0A,0x0A0A,0x3B0A,0x0A0A,0x0A0A,0x0A0A,0x1A0A,
	0x0A0A,0x0A0A,0x0A0A,0x0A0A,0x0A0A,0x0A0A,0x0A0A,0x0A0A,
	0x0A0A,0x0A0A,0x0A0A,0x0A0A,0x0A0A,0x0A0A,0x0A0A,0x0A0A,
	0x0A0A,0x0A0A,0x0A0A,0x0A0A,0x0A0A,0x0A0A,0x0A0A,0x0A0A,
	0x0A3B,0x1A3B,0x0A1A,0x0A0A,0x0A0A,0x0A0A,0x0A0A,0x0A0A,
	0x1A0A,0x0A3B,0x0A46,0x0A0A,0x0A0A,0x0A3B,0x460A,0x0A0A,
	0x0A0A,0x0A0A,0x0A0A,0x460A,0x0A0A,0x0A0A,0x1846,0x4646,
	0x0A0A,0x0A0A,0x1846,0x0A0A,0x0A0A,0x0A0A,0x0A0A,0x0A0A,

	0x0A0A,0x0A0A,0x180A,0x0A0A,0x0A0A,0x0A0A,0x1818,0x0A0A,
	0x0A46,0x0A3B,0x1A18,0x0A0A,0x0A0A,0x3B1A,0x3B0A,0x0A3B,
	0x0A0A,0x0A0A,0x1A0A,0x3B3B,0x0A0A,0x0A0A,0x0A0A,0x0A0A,
	0x0A0A,0x0A0A,0x0A0A,0x9E0A,0x0A0A,0x0A0A,0x9E0A,0x0A0A,
	0x8383,0x0A0A,0x0A0A,0x0AAA,0x8383,0xBC83,0x22BC,0x2222,
	0x8383,0xBC83,0xBCBC,0xBCBC,0x0A0A,0x0A83,0xBC0A,0xBC0A,
	0x0A0A,0x0A32,0xBC0A,0x0A32,0x0A0A,0x0A0A,0x0A0A,0x0A0A,
	0x0A0A,0x0A0A,0x0A9E,0x0A32,0x0A9E,0x9E9E,0x0A0A,0x320A,

	0x0AAA,0xAA0A,0xAAAA,0xAAAA,0x2222,0xBCBC,0xBCBC,0x77BC,
	0xBCBC,0xBCBC,0xBCBC,0x7777,0x0ABC,0xBC0A,0xBC0A,0x770A,
	0x0A0A,0x0A0A,0x0A0A,0x0A77,0x0A32,0x0A32,0x0A0A,0x0A0A,
	0x0A32,0x0A32,0x0A0A,0x0A0A,0x0A0A,0x0A0A,0x0A0A,0x0A0A,
	0xAA0A,0x0AAA,0x0A0A,0x0A0A,0x7777,0x7777,0x7777,0xBCBC,
	0x7777,0x7777,0x779E,0x9EBC,0x7777,0x7777,0x9E9E,0x9E0A,
	0x0A77,0x0A77,0x9E77,0x9E32,0x320A,0x9E9E,0x9E9E,0x9E9E,
	0x0A0A,0x9E9E,0x9E9E,0x9E9E,0x0A0A,0x9E0A,0x9E9E,0x9E9E,

	0x0A0A,0x549E,0x8383,0x0A0A,0x9EBC,0xBCBC,0x8383,0x3C4A,
	0x9EBC,0xBCBC,0x83AB,0x4AAB,0x9E9E,0xBC0A,0xAB83,0xABAB,
	0x9E9E,0x0A9E,0xAB83,0xABAB,0x9E9E,0x0A9E,0x0A0A,0x0AAB,
	0x9E9E,0x459E,0x0A0A,0xAB0A,0x0A9E,0x4545,0x0A0A,0x3C26,
	0x0A0A,0x0A26,0x2626,0x3C26,0x0AAB,0x3B3B,0x260A,0x3C26,
	0x0A1F,0x1A3B,0xABAB,0x263C,0x4AAB,0x4A0A,0xAB0A,0x26AB,
	0x4AAB,0x3C0A,0xABAB,0x26AB,0x3C4A,0xAB26,0xABAB,0x4AB0,
	0xB03C,0x2626,0x2626,0x3C4A,0x2626,0x2626,0x2626,0x3C26,

	0xAB26,0xABAB,0x2626,0xABAB,0x3C4A,0xAB3C,0xB0AB,0xAB3C,
	0xABAB,0x3CAB,0xABB0,0xABAB,0x2626,0x263C,0x263C,0x2626,
	0x263C,0x8787,0x3C26,0x2626,0xABAB,0x26AB,0x3C26,0x3C3C,
	0xABAB,0xABAB,0x263C,0xAB26,0x3C3C,0x3C3C,0xABAB,0xABAB,
	0x3CAB,0xAB4A,0xABAB,0x2626,0xABAB,0x4AAB,0xAB3C,0x26AB,
	0xABAB,0xABAB,0x3C4A,0xABAB,0x2626,0xABAB,0xABAB,0x3C4A,
	0x2626,0xABAB,0xABAB,0x4A4A,0xAB4A,0xABAB,0xABAB,0x3C3C,
	0x3C3C,0xAB3C,0x4AAB,0x26B0,0x26AB,0x2626,0x3C3C,0x2626,

	0x2626,0x2626,0x3C3C,0xABAB,0x2626,0x2626,0x4A3C,0x3C3C,
	0xAB26,0x26AB,0xAB26,0xABAB,0x3C4A,0xABAB,0x2626,0x2626,
	0x3C3C,0xABAB,0x2626,0x2626,0xABAB,0xABAB,0xABAB,0xABAB,
	0x2626,0x2626,0xAB3C,0xABAB,0x2626,0x2626,0x3C3C,0x3C3C,
	0xABAB,0x2626,0xABAB,0x3C3C,0xABAB,0x3CB0,0xABAB,0xABAB,
	0xB03C,0xABAB,0xABAB,0xABAB,0x2626,0x2626,0x2626,0x2626,
	0x2626,0x263C,0x2626,0x2626,0x2626,0x3C3C,0x3C3C,0xABAB,
	0xABAB,0x2626,0xABAB,0x3C3C,0xAB3C,0xABAB,0xABAB,0x2626,

	0xABAB,0x26AB,0x2626,0x2626,0x4A4A,0xABAB,0x2626,0x2626,
	0x26AB,0x3C3C,0x26AB,0xABAB,0x4A26,0xABAB,0x4A3C,0x4A3C,
	0xABAB,0xABAB,0x3C4A,0xAB3C,0xABAB,0x4AAB,0x263C,0xABAB,
	0xABAB,0x3C4A,0x2626,0x2626,0x2626,0x263C,0x2626,0x2626,
	0x2626,0x263C,0xABAB,0x26AB,0x2626,0x4A4A,0x3C3C,0xABAB,
	0x3C26,0xABAB,0xABAB,0xB0B0,0xABAB,0x263C,0x3C3C,0x3C26,
	0xABAB,0x3C3C,0x873C,0x2626,0xB0AB,0xABAB,0xABAB,0x2626,
	0x4A26,0xABAB,0xABAB,0x3CAB,0x2626,0x3C3C,0x3C3C,0xABAB,

	0xAB26,0xABAB,0x4A3C,0xABAB,0x3C3C,0xABAB,0xABAB,0x3C4A,
	0xABAB,0xABAB,0xABAB,0x4AAB,0x2626,0x2626,0xAB26,0xABAB,
	0x2626,0x2626,0xAB26,0xABAB,0x3C3C,0x4A3C,0xABAB,0xABAB,
	0x2626,0x3CAB,0x3C3C,0xABAB,0xABAB,0xABAB,0x2626,0x3C26,
	0x2626,0x2626,0x2626,0x3C26,0xABAB,0x2626,0x2626,0x3C26,
	0xAB3C,0x2626,0xABAB,0x263C,0x4AAB,0x4A4A,0xAB4A,0x26AB,
	0x4AAB,0x3C3C,0xABAB,0x26AB,0x3C4A,0xAB26,0xABAB,0xABB0,
	0xB03C,0x2626,0x2626,0x3C4A,0x2626,0x2626,0x2626,0x3C26,

	0xAB26,0xABAB,0x2626,0xABAB,0x3C4A,0xAB3C,0xB0AB,0xAB3C,
	0xABAB,0x3CAB,0xABB0,0xABAB,0x2626,0x2626,0x263C,0x2626,
	0x2626,0x2626,0x3C26,0x2626,0xABAB,0x26AB,0x3C26,0x3C3C,
	0xABAB,0xABAB,0x263C,0xAB26,0x3C3C,0x3C3C,0xABAB,0xABAB,
	0x3CAB,0xAB0A,0x0AAB,0x4126,0x41AB,0x41AB,0xAB3C,0x26AB,
	0xABAB,0xABAB,0x3C4A,0xABAB,0x2626,0xABAB,0xABAB,0x3C4A,
	0x2626,0xABAB,0xABAB,0x4A4A,0xAB4A,0xABAB,0xABAB,0x3C3C,
	0x3C3C,0xAB3C,0x4AAB,0x26B0,0x26AB,0x2626,0x3C3C,0x2626,

	0x2626,0x1A26,0x0A41,0x0A6F,0x2626,0x2626,0x113C,0x6F6F,
	0xAB26,0x410A,0x0A0A,0x6F11,0x414A,0xABAB,0x6926,0x6F6F,
	0x3C3C,0xABAB,0xA026,0x6F11,0xABAB,0x4DAB,0x454D,0x6F6F,
	0x2626,0x2626,0x453C,0x6F11,0x2626,0x2626,0x450A,0x450A,
	0xC16A,0xC1C1,0x6FC1,0x0A11,0x6A6A,0xC1C1,0x6F6F,0x0A11,
	0xC145,0xC1C1,0x6F45,0x0A0A,0x4511,0xC1C1,0x6F6F,0x1811,
	0x4545,0x4545,0x6F6F,0xAFAF,0x116F,0x450A,0x9C9C,0x450A,
	0x4511,0x0A0A,0x9C1A,0x0A0A,0x450A,0x0A0A,0x0A0A,0x5757,

	0x0A0A,0x5757,0x0A0A,0x0A1A,0x0A0A,0x5757,0x5757,0x0A0A,
	0x0A0A,0x5757,0x5757,0x5757,0x570A,0x5757,0x5257,0x520A,
	0x0A0A,0x5757,0x5252,0x5252,0x5757,0x5757,0x5257,0x5757,
	0x570A,0x5257,0x5257,0x5757,0x2525,0x5252,0x5752,0x5252,
	0x320A,0x320A,0x1A0A,0x0A0A,0x0A57,0x0A32,0x0A0A,0x0A0A,
	0x0A57,0x0A32,0x0A0A,0x0A0A,0x5757,0x1A0A,0x0A1A,0x0A0A,
	0x5757,0x0A0A,0x0A0A,0x0A0A,0x5757,0x0A57,0x0A0A,0x0A0A,
	0x5757,0x0A0A,0x0A0A,0x0A0A,0x5252,0x0A57,0x0A0A,0x0A0A,

	0x3131,0x3131,0x0431,0xA5A5,0x3131,0x3131,0x0404,0x3131,
	0x3131,0x3131,0x0404,0x3131,0x310A,0x3131,0x3131,0x0404,
	0x310A,0x3131,0x3131,0x0404,0x0A0A,0x3131,0x0404,0x3131,
	0x1A0A,0xA5A5,0x0404,0x3104,0x0A0A,0xA50A,0xA5A5,0xA504,
	0x24A5,0xC5C5,0x3104,0x0404,0xA5A5,0xC524,0x04A5,0x0404,
	0xA5A5,0xC524,0x0404,0x3131,0xA531,0x2424,0x0431,0x3131,
	0xA531,0xA5A5,0x0404,0x3104,0x04A5,0xA5A5,0x0404,0x3131,
	0xA5A5,0xA5A5,0x0404,0x3131,0x0404,0x24A5,0x04A5,0xA504,

	0xA5A5,0x3131,0x0A31,0x1A1A,0x0404,0x0431,0x0A0A,0x1A0A,
	0x3104,0x3131,0x0A0A,0x0A0A,0x0431,0x3131,0x0A31,0x0A0A,
	0x3131,0x3131,0x0A0A,0x0A0A,0x3131,0x3131,0x0A0A,0x0A0A,
	0x3104,0x3131,0x0A0A,0x0A1A,0x04A5,0x0AA5,0x0A0A,0x0A0A,
	0x1A1A,0x1A1A,0x541A,0x5454,0x1A1A,0x0A1A,0x5454,0x5454,
	0x0A1A,0x0A0A,0x5454,0x5454,0x0A0A,0x0A0A,0x9366,0x9393,
	0x0A0A,0x691A,0x5466,0x5454,0x1A0A,0x1A1A,0x541A,0x5454,
	0x1A0A,0x1A1A,0x541A,0x5454,0x0A0A,0x1A1A,0x541A,0x5454,

	0x5454,0x5454,0x5493,0x5454,0x5454,0x5454,0x5493,0x5454,
	0x5454,0x5454,0x5493,0x5454,0x9393,0x9393,0x9370,0x5454,
	0x5454,0x5454,0x5454,0x5454,0x5454,0x5454,0x5454,0x5454,
	0x5454,0x5454,0x5454,0x5454,0x5454,0x5454,0x5454,0x5454,
	0x5454,0x5454,0x9354,0x5454,0x5454,0x5454,0x9354,0x5454,
	0x5454,0x5454,0x9354,0x5454,0x9354,0x9393,0x7093,0x3939,
	0x5454,0x3993,0x3939,0x3939,0x5454,0x3939,0x3939,0x3939,
	0x5454,0x3939,0x3939,0x3939,0x5454,0x3993,0x3939,0x3939,

	0x1A1A,0x1A1A,0x5725,0x5752,0x1A54,0x571A,0x5752,0x2525,
	0x1A54,0x571A,0x5757,0x2525,0x1A93,0x5757,0x5757,0x5752,
	0x3939,0x5752,0x5757,0x5757,0x3939,0x5757,0x5757,0x5257,
	0x3939,0x5757,0x5757,0x5257,0x3939,0x5757,0x5757,0x5757,
	0x5252,0x2585,0x2525,0x5252,0x5752,0x8557,0x5285,0x2557,
	0x5225,0x8557,0x5285,0x2525,0x2525,0x2525,0x8585,0x8585,
	0x5752,0x5252,0x855C,0x2585,0x5257,0x5257,0x855C,0x525C,
	0x5257,0x5252,0x5C5C,0x5252,0x5257,0x2552,0x5C52,0x5252,

	0x0A0A,0x0A0A,0x0A0A,0x0A0A,0x0A0A,0x0A0A,0x0A0A,0x0A0A,
	0x0A0A,0x0A0A,0x0A0A,0x0A0A,0x0A0A,0x0A0A,0x0A0A,0x0A0A,
	0x0A0A,0x0A0A,0x0A0A,0x0A0A,0x0A0A,0x0A0A,0x0A18,0x0A0A,
	0x0A0A,0x0A0A,0x1818,0x0A0A,0x0A0A,0x0A0A,0x0A0A,0x180A,
	0x0A0A,0x0A0A,0x0A0A,0x0A0A,0x0A0A,0x0A46,0x460A,0x460A,
	0x460A,0x460A,0x460A,0x4646,0x0A0A,0x1846,0x4646,0x1A1A,
	0x0A0A,0x1846,0x1846,0x0A0A,0x0A0A,0x461A,0x0A0A,0x0A0A,
	0x1818,0x0A0A,0x0A0A,0x0A0A,0x1A1A,0x0A0A,0x0A0A,0x180A,

	0x0A0A,0x0A0A,0x0A0A,0x0A0A,0x0A0A,0x0A0A,0x0A0A,0x0A0A,
	0x0A0A,0x0A0A,0x0A0A,0x0A0A,0x0A0A,0x0A0A,0x0A0A,0x0A0A,
	0x0A0A,0x0A0A,0x0A0A,0x0A0A,0x0A0A,0x0A18,0x0A0A,0x0A0A,
	0x0A0A,0x0A18,0x0A0A,0x0A0A,0x0A18,0x0A0A,0x0A0A,0x0A0A,
	0x0A0A,0x0A0A,0x1A0A,0x0A1A,0x0A0A,0x0A0A,0x0A0A,0x0A0A,
	0x0A0A,0x0A0A,0x0A0A,0x0A0A,0x0A0A,0x0A0A,0x0A0A,0x1A1A,
	0x0A0A,0x0A0A,0x0A0A,0x1A0A,0x180A,0x0A0A,0x0A0A,0x0A0A,
	0x0A0A,0x0A18,0x0A0A,0x0A0A,0x0A0A,0x0A0A,0x0A0A,0x0A32,

	0x0A0A,0x0A0A,0x0A0A,0x0A0A,0x0A0A,0x0A0A,0x0A0A,0x0A0A,
	0x0A0A,0x0A0A,0x0A0A,0x1A0A,0x0A1A,0x0A0A,0x0A0A,0x1A1A,
	0x0A1A,0x0A0A,0x0A0A,0x1A0A,0x0A0A,0x0A0A,0x0A0A,0x0A0A,
	0x0A0A,0x0A0A,0x0A0A,0x0A0A,0x0A0A,0x0A0A,0x0A0A,0x0A0A,
	0x0A0A,0x0A0A,0x0A0A,0x0A0A,0x0A1A,0x1A1A,0x0A0A,0x0A0A,
	0x1A1A,0x0A1A,0x0A0A,0x0A0A,0x1A1A,0x1A0A,0x0A0A,0x0A3B,
	0x1A0A,0x0A0A,0x0A0A,0x3B3B,0x0A1A,0x0A0A,0x0A0A,0x0A0A,
	0x0A0A,0x0A0A,0x0A0A,0x0A0A,0x0A0A,0x0A0A,0x0A0A,0x0A0A,

	0x0A0A,0x0A0A,0x1A1A,0x1A1A,0x3B0A,0x0A0A,0x0A0A,0x1A1A,
	0x3B3B,0x0A0A,0x0A0A,0x0A1A,0x1A3B,0x0A0A,0x0A0A,0x0A0A,
	0x0A0A,0x0A0A,0x0A0A,0x0A1A,0x0A0A,0x0A0A,0x1A1A,0x0A1A,
	0x0A0A,0x0A0A,0x1A1A,0x0A1A,0x0A0A,0x0A0A,0x0A0A,0x0A0A,
	0x1A1A,0x1A1A,0x0A0A,0x1A1A,0x0A0A,0x0A0A,0x1A0A,0x1A1A,
	0x0A1A,0x0A0A,0x0A0A,0x0A1A,0x0A0A,0x0A0A,0x0A0A,0x0A0A,
	0x0A0A,0x0A0A,0x0A0A,0x0A0A,0x0A0A,0x0A0A,0x0A0A,0x0A0A,
	0x0A0A,0x0A0A,0x0A0A,0x0A0A,0x0A0A,0x0A0A,0x0A0A,0x0A0A,

	0x1A1A,0x0A1A,0x1A1A,0x0A1A,0x1A0A,0x0A1A,0x0A0A,0x1A0A,
	0x0A0A,0x0A0A,0x0A0A,0x1A0A,0x0A0A,0x0A0A,0x0A0A,0x0A0A,
	0x0A0A,0x0A0A,0x0A0A,0x0A0A,0x0A0A,0x0A0A,0x0A0A,0x0A0A,
	0x0A0A,0x0A0A,0x0A0A,0x0A0A,0x0A0A,0x0A0A,0x0A0A,0x0A0A,
	0x0A0A,0x0A0A,0x1A0A,0x0A0A,0x1A1A,0x0A1A,0x1A1A,0x1A0A,
	0x1A1A,0x1A1A,0x1A1A,0x1A1A,0x0A1A,0x1A1A,0x1A0A,0x1A0A,
	0x0A1A,0x0A1A,0x0A0A,0x1A0A,0x0A0A,0x0A0A,0x0A0A,0x0A0A,
	0x0A0A,0x0A0A,0x0A0A,0x0A0A,0x0A0A,0x0A0A,0x0A0A,0x0A0A,

	0x0A0A,0x1A0A,0x1A0A,0x0A0A,0x0A0A,0x0A0A,0x0A0A,0x0A0A,
	0x0A1A,0x0A0A,0x0A0A,0x0A0A,0x0A0A,0x0A0A,0x0A0A,0x0A0A,
	0x0A0A,0x0A0A,0x0A0A,0x320A,0x0A0A,0x0A0A,0x0A0A,0x0A0A,
	0x0A0A,0x0A0A,0x0A0A,0x0A0A,0x0A0A,0x0A0A,0x0A0A,0x0A0A,
	0x0A0A,0x1A0A,0x1A0A,0x0A0A,0x0A0A,0x1A0A,0x0A1A,0x0A0A,
	0x0A0A,0x0A0A,0x0A0A,0x0A0A,0x3232,0x3232,0x0A0A,0x0A0A,
	0x320A,0x320A,0x0A0A,0x0A0A,0x0A32,0x0A0A,0x3232,0x3232,
	0x0A32,0x0A0A,0x0A32,0x0A32,0x0A0A,0x0A0A,0x0A0A,0x0A0A,

	0x0A0A,0x1A1A,0x0A0A,0x0A0A,0x0A0A,0x1A0A,0x0A0A,0x0A0A,
	0x0A0A,0x0A0A,0x0A0A,0x0A0A,0x0A0A,0x0A0A,0x1A1A,0x1A1A,
	0x0A32,0x0A0A,0x1A0A,0x0A1A,0x320A,0x0A0A,0x0A0A,0x0A0A,
	0x0A32,0x0A0A,0x0A0A,0x0A0A,0x0A0A,0x0A0A,0x0A0A,0x0A0A,
	0x1A1A,0x1A1A,0x1A1A,0x1A1A,0x1A0A,0x1A1A,0x1A1A,0x0A1A,
	0x1A0A,0x1A1A,0x1A1A,0x0A1A,0x0A0A,0x0A1A,0x0A1A,0x1A1A,
	0x0A1A,0x0A0A,0x1A1A,0x1A1A,0x0A0A,0x0A1A,0x1A1A,0x1A1A,
	0x0A0A,0x1A1A,0x1A1A,0x1A1A,0x0A0A,0x0A0A,0x1A0A,0x1A0A,

	0x1A1A,0x1A1A,0x1A1A,0x1A0A,0x0A0A,0x1A0A,0x1A1A,0x1A1A,
	0x0A0A,0x1A0A,0x1A1A,0x1A1A,0x1A0A,0x0A0A,0x0A1A,0x1A1A,
	0x1A0A,0x0A0A,0x0A0A,0x1A0A,0x0A0A,0x0A0A,0x0A0A,0x0A0A,
	0x0A0A,0x0A1A,0x0A1A,0x0A0A,0x0A0A,0x0A1A,0x0A1A,0x0A0A,
	0x0A0A,0x0A0A,0x1A1A,0x1A1A,0x0A1A,0x0A0A,0x0A1A,0x1A1A,
	0x0A1A,0x0A0A,0x0A0A,0x1A1A,0x0A0A,0x1A1A,0x0A0A,0x1A0A,
	0x0A0A,0x1A0A,0x0A0A,0x0A0A,0x0A0A,0x1A1A,0x1A1A,0x0A0A,
	0x0A0A,0x1A1A,0x1A1A,0x0A0A,0x0A0A,0x0A0A,0x1A0A,0x0A0A,

	0x0A0A,0x0A0A,0x0A1A,0x0A0A,0x0A1A,0x0A0A,0x0A0A,0x0A0A,
	0x0A1A,0x0A0A,0x0A0A,0x0A0A,0x0A0A,0x0A0A,0x0A0A,0x0A1A,
	0x0A0A,0x1A0A,0x0A0A,0x0A0A,0x0A0A,0x0A0A,0x0A0A,0x0A1A,
	0x0A0A,0x0A0A,0x0A0A,0x1A1A,0x0A0A,0x0A1A,0x0A0A,0x0A0A,
	0x0A0A,0x0A0A,0x0A0A,0x0A0A,0x1A1A,0x0A0A,0x0A0A,0x0A0A,
	0x0A1A,0x0A0A,0x0A0A,0x0A0A,0x0A0A,0x0A1A,0x0A0A,0x0A0A,
	0x0A0A,0x0A1A,0x0A0A,0x0A0A,0x0A1A,0x0A0A,0x0A0A,0x0A0A,
	0x1A1A,0x0A0A,0x0A0A,0x0A0A,0x0A0A,0x0A0A,0x0A0A,0x0A0A,

	0x0A0A,0x0A0A,0x0A0A,0x0A0A,0x0A0A,0x0A0A,0x0A0A,0x0A0A,
	0x0A0A,0x0A0A,0x0A0A,0x0A0A,0x0A0A,0x0A0A,0x0A0A,0x0A0A,
	0x0A0A,0x0A0A,0x0A0A,0x0A0A,0x0A0A,0x0A0A,0x0A0A,0x0A0A,
	0x0A0A,0x0A0A,0x0A0A,0x0A0A,0x0A0A,0x0A0A,0x0A0A,0x320A,
	0x0A0A,0x0A0A,0x0A0A,0x0A0A,0x0A0A,0x0A0A,0x0A0A,0x0A0A,
	0x0A0A,0x0A0A,0x0A0A,0x1A0A,0x0A0A,0x0A3B,0x0A0A,0x0A0A,
	0x0A0A,0x3B3B,0x3B0A,0x0A0A,0x0A0A,0x0A0A,0x1A3B,0x0A0A,
	0x0A0A,0x0A0A,0x0A0A,0x0A0A,0x320A,0x0A0A,0x0A0A,0x1A3B,

	0x0A0A,0x0A0A,0x0A0A,0x0A0A,0x0A18,0x0A3B,0x0A0A,0x0A0A,
	0x0A18,0x0A3B,0x0A0A,0x0A0A,0x0A0A,0x0A0A,0x0A0A,0x0A0A,
	0x0A0A,0x0A0A,0x0A0A,0x0A0A,0x0A0A,0x0A0A,0x0A0A,0x0A0A,
	0x0A18,0x0A0A,0x0A0A,0x0A0A,0x0A18,0x0A3B,0x0A0A,0x0A0A,
	0x0A0A,0x0A0A,0x0A0A,0x0A0A,0x0A0A,0x0A0A,0x0A0A,0x0A0A,
	0x0A0A,0x0A0A,0x6969,0x0A0A,0x0A0A,0x0A0A,0x1A1A,0x0A0A,
	0x0A0A,0x0A0A,0x0A0A,0x0A0A,0x0A0A,0x0A0A,0x0A0A,0x1818,
	0x0A0A,0x0A0A,0x0A0A,0x180A,0x0A0A,0x0A0A,0x0A0A,0x0A0A,

	0x0A0A,0x0A0A,0x0A0A,0x0A0A,0x0A0A,0x0A0A,0x0A0A,0x0A0A,
	0x0A0A,0x0A0A,0x0A0A,0x0A0A,0x0A0A,0x0A0A,0x0A0A,0x0A0A,
	0x0A18,0x0A0A,0x0A0A,0x0A0A,0x1818,0x0A0A,0x0A0A,0x0A0A,
	0x181A,0x0A0A,0x0A0A,0x0A0A,0x0A0A,0x0A0A,0x0A0A,0x0A0A,
	0x0A0A,0x0A0A,0x0A0A,0x0A0A,0x0A0A,0x0A0A,0x0A0A,0x0A0A,
	0x0A0A,0x0A0A,0x0A0A,0x0A0A,0x0A0A,0x0A0A,0x0A0A,0x0A0A,
	0x0A0A,0x0A0A,0x0A0A,0x0A0A,0x0A0A,0x0A0A,0x0A0A,0x0A0A,
	0x0A0A,0x0A0A,0x0A0A,0x0A0A,0x0A0A,0x1818,0x0A0A,0x0A0A,

	0x0A0A,0x0A0A,0x0A0A,0x0A0A,0x0A0A,0x0A0A,0x0A0A,0x0A0A,
	0x0A0A,0x0A0A,0x0A0A,0x0A0A,0x0A0A,0x0A0A,0x0A0A,0x0A0A,
	0x0A0A,0x180A,0x0A0A,0x0A0A,0x0A0A,0x180A,0x3B0A,0x0A0A,
	0x0A0A,0x1A1A,0x3B0A,0x0A0A,0x3B0A,0x0A3B,0x0A0A,0x0A0A,
	0x0A0A,0x0A0A,0x0A0A,0x0A0A,0x0A0A,0x0A0A,0x0A0A,0x0A0A,
	0x0A0A,0x0A0A,0x0A0A,0x0A0A,0x0A0A,0x0A0A,0x0A0A,0x0A0A,
	0x0A0A,0x0A0A,0x0A0A,0x0A0A,0x0A0A,0x1818,0x0A0A,0x0A0A,
	0x0A0A,0x1A18,0x0A0A,0x0A0A,0x0A0A,0x0A0A,0x0A0A,0x0A0A,

	0x0A0A,0x0A0A,0x0A0A,0x0A0A,0x0A0A,0x0A0A,0x0A0A,0x0A0A,
	0x0A0A,0x0A0A,0x0A0A,0x0A0A,0x0A0A,0x0A0A,0x0A0A,0x0A0A,
	0x0A0A,0x0A0A,0x0A0A,0x0A0A,0x0A0A,0x0A0A,0x0A0A,0x0A0A,
	0x0A0A,0x0A0A,0x0A0A,0x0A0A,0x0A0A,0x0A0A,0x0A0A,0x0A0A,
	0x0A0A,0x0A0A,0x0A0A,0x0A0A,0x0A0A,0x0A0A,0x0A0A,0x0A0A,
	0x0A0A,0x0A0A,0x0A0A,0x0A0A,0x0A0A,0x0A0A,0x0A0A,0x0A0A,
	0x0A0A,0x0A0A,0x0A0A,0x0A0A,0x0A0A,0x0A0A,0x0A0A,0x0A0A,
	0x0A0A,0x0A0A,0x0A0A,0x0A0A,0x0A0A,0x0A0A,0x0A0A,0x0A0A,

	0x0A0A,0x0A0A,0x0A0A,0x0A0A,0x0A0A,0x0A0A,0x0A0A,0x0A0A,
	0x0A0A,0x0A0A,0x0A0A,0x0A0A,0x0A0A,0x0A0A,0x0A0A,0x0A0A,
	0x0A0A,0x0A0A,0x0A0A,0x0A0A,0x0A0A,0x0A0A,0x0A0A,0x0A0A,
	0x0A0A,0x0A0A,0x0A0A,0x180A,0x0A0A,0x0A0A,0x0A18,0x1A18,
	0x0A0A,0x0A0A,0x0A0A,0x0A0A,0x0A0A,0x0A0A,0x0A0A,0x0A0A,
	0x0A0A,0x0A0A,0x6969,0x0A0A,0x0A0A,0x0A0A,0x1A1A,0x0A0A,
	0x0A0A,0x0A0A,0x0A0A,0x0A0A,0x0A0A,0x0A0A,0x0A0A,0x1818,
	0x0A0A,0x0A0A,0x0A0A,0x180A,0x0A0A,0x0A0A,0x0A0A,0x0A0A,

	0x0A0A,0x0A0A,0x0A0A,0x0A0A,0x0A0A,0x0A0A,0x0A0A,0x0A0A,
	0x0A0A,0x0A0A,0x0A0A,0x0A0A,0x0A0A,0x0A0A,0x0A0A,0x0A0A,
	0x0A18,0x0A0A,0x0A0A,0x0A0A,0x1818,0x0A0A,0x0A0A,0x0A0A,
	0x181A,0x0A0A,0x0A0A,0x0A0A,0x0A0A,0x0A0A,0x0A0A,0x0A0A,
	0x0A0A,0x0A0A,0x0A0A,0x0A0A,0x0A0A,0x0A0A,0x0A0A,0x0A0A,
	0x0A0A,0x0A0A,0x0A0A,0x0A0A,0x0A0A,0x0A0A,0x0A0A,0x0A0A,
	0x0A0A,0x0A0A,0x0A0A,0x0A0A,0x0A0A,0x0A0A,0x0A0A,0x0A0A,
	0x0A0A,0x0A0A,0x0A0A,0x0A0A,0x0A0A,0x1818,0x0A0A,0x0A0A,

	0x0A0A,0x0A0A,0x0A0A,0x0A0A,0x0A0A,0x0A0A,0x0A0A,0x0A0A,
	0x0A0A,0x0A0A,0x0A0A,0x0A0A,0x0A0A,0x0A0A,0x0A0A,0x0A0A,
	0x0A0A,0x0A0A,0x0A0A,0x0A0A,0x0A0A,0x0A0A,0x0A0A,0x0A0A,
	0x0A0A,0x0A0A,0x0A18,0x0A0A,0x0A0A,0x0A0A,0x181A,0x1818,
	0x0A0A,0x0A0A,0x0A0A,0x0A0A,0x0A0A,0x0A0A,0x0A0A,0x0A0A,
	0x0A0A,0x0A0A,0x0A0A,0x0A0A,0x0A0A,0x0A0A,0x0A0A,0x0A0A,
	0x0A0A,0x0A0A,0x0A0A,0x0A0A,0x0A0A,0x0A0A,0x0A0A,0x0A0A,
	0x0A0A,0x0A0A,0x0A0A,0x0A0A,0x0A0A,0x0A0A,0x0A0A,0x0A0A,

	0x0A0A,0x0A0A,0x0A0A,0x0A0A,0x0A0A,0x0A0A,0x0A0A,0x0A18,
	0x0A0A,0x0A0A,0x1A0A,0x0A18,0x0A0A,0x0A0A,0x0A0A,0x0A0A,
	0x0A0A,0x0A0A,0x0A0A,0x0A0A,0x0A0A,0x0A0A,0x0A0A,0x0A0A,
	0x0A0A,0x0A0A,0x0A0A,0x0A0A,0x0A0A,0x0A0A,0x0A0A,0x0A0A,
	0x0A0A,0x0A0A,0x0A0A,0x0A0A,0x3B3B,0x0A0A,0x180A,0x0A0A,
	0x1A1A,0x0A0A,0x180A,0x0A0A,0x0A0A,0x0A0A,0x0A0A,0x3B0A,
	0x3B3B,0x0A0A,0x0A0A,0x0A0A,0x1A1A,0x3B0A,0x0A3B,0x9E0A,
	0x0A0A,0x3B0A,0x0A0A,0x0A0A,0x0A0A,0x0A0A,0x180A,0x3B0A,

	0x0A0A,0x0A0A,0x0A0A,0x0A0A,0x0A0A,0x9E0A,0x0A0A,0x0A9E,
	0x0A3B,0x0A0A,0x0A0A,0x9E9E,0x0A9E,0x0A0A,0x9E9E,0x9E9E,
	0x0A9E,0x0A0A,0x9E9E,0x9E9E,0x9E9E,0x459E,0x9E9E,0x9E9E,
	0x4545,0x0A9E,0x9E9E,0x9E9E,0x0A0A,0x0A0A,0x0A0A,0x0A0A,
	0x0A9E,0x9E9E,0x0A0A,0x0A0A,0x9E9E,0x0A9E,0x9E9E,0x0A0A,
	0x9E9E,0x0A9E,0x0A9E,0x0A0A,0x9E9E,0x9E9E,0x0A0A,0x0A0A,
	0x9E9E,0x9E9E,0x0A0A,0x0A0A,0x9E9E,0x9E9E,0x9E9E,0x0A9E,
	0x9E9E,0x9E9E,0x9E9E,0x189E,0x9E0A,0x0A0A,0x189E,0xAF9E,

	0x0A0A,0x0A0A,0x0A0A,0x0A0A,0x0A0A,0x0A0A,0x0A0A,0x0A0A,
	0x0A0A,0x0A0A,0x490A,0x4B4B,0x0A0A,0x0A0A,0x490C,0x4B0C,
	0x0A0A,0x0A0A,0x490C,0x4B0C,0x0A0A,0x0A0A,0x490C,0x4B4B,
	0x0A9E,0x0A0A,0x490C,0x4B4B,0x9E9E,0x4545,0x490C,0x4B4B,
	0x0A0A,0x9E45,0x9E9E,0x9E9E,0x0A0A,0x0A0A,0x0A0A,0x0A9E,
	0x4B4B,0x4B4B,0x4B4B,0x0A0A,0x4B4B,0x4B4B,0x4B4B,0x0A0C,
	0x0C4B,0x4B4B,0x4B4B,0x0A0C,0x4B4B,0x4B4B,0x4B4B,0x0A0C,
	0x4B4B,0x4B4B,0x904B,0x0A0C,0x0C0C,0x4B4B,0x4B4B,0x0A0C,

	0x0A9E,0x0A0A,0x0A0A,0x3C26,0x459E,0x0A0A,0x4126,0xAB4A,
	0x0A0A,0x410A,0x3CB0,0x0AAB,0x0A0A,0x260A,0x260A,0x0A4A,
	0x0A0A,0x0A0A,0x0A0A,0x0A0A,0x0A0A,0x410A,0x1818,0x0A41,
	0x410A,0x6A0A,0x181A,0xBEAB,0xABAB,0x6A6A,0x0AAB,0x3C26,
	0x2641,0x2626,0x2626,0x3C26,0x26AB,0x2626,0x4AAB,0xABB0,
	0x2626,0x2626,0x3C0A,0x2626,0x0A0A,0x4126,0xABAB,0xABAB,
	0x410A,0x3C3C,0x2626,0xABAB,0x2626,0x2626,0x3C3C,0x2626,
	0x2626,0x266A,0x3C26,0x2626,0x3C3C,0x6A6A,0x4A4A,0x4A18,

	0xABAB,0xABAB,0x2626,0x2626,0x263C,0x2626,0xABAB,0xABAB,
	0x3C3C,0x2626,0x2626,0xABAB,0x2626,0x2626,0x3C3C,0x2626,
	0xABAB,0xABAB,0x7526,0xAB75,0xABAB,0xABAB,0x26AB,0x3C3C,
	0xAB26,0xABAB,0x3CAB,0x7575,0x3C3C,0x3C3C,0x7526,0xABAB,
	0x2626,0x2626,0x3C3C,0x2626,0x2626,0x3C3C,0xABAB,0x2626,
	0x3C3C,0x3C3C,0xABAB,0x2626,0x2626,0x2626,0x753C,0x3CB0,
	0x26AB,0x2626,0x7575,0x2626,0x260A,0xABAB,0x7526,0x2626,
	0x3C41,0xABAB,0xABAB,0x2626,0xABAB,0x2635,0x753C,0x7575,

	0x2626,0x2626,0xAB3C,0xABAB,0xAB26,0x3C4A,0x3CAB,0x2626,
	0x3C26,0x263C,0x2626,0x3C3C,0xABAB,0xABAB,0xABAB,0x2626,
	0x263C,0xAB26,0xABAB,0xABAB,0x2626,0x263C,0x2626,0xABAB,
	0x2626,0x263C,0x2626,0xABAB,0xB0B0,0x4A4A,0x4196,0x263C,
	0xABAB,0x2626,0x2626,0x2626,0xAB26,0xABAB,0xABAB,0x2626,
	0x2626,0x2626,0x3CAB,0x3C3C,0x2626,0x263C,0x2626,0x2626,
	0xABAB,0x3C26,0xABAB,0x2626,0xABAB,0x3C26,0x4A3C,0x2626,
	0xABAB,0xAB3C,0x3CAB,0x3C3C,0x3C3C,0xAB26,0xABAB,0xABAB,

	0x2626,0x263C,0x2626,0x2626,0x4A3C,0xABAB,0x2626,0xABAB,
	0xAB3C,0x2626,0x2626,0x3C3C,0x4A26,0x3C3C,0x263C,0xABAB,
	0x2626,0x2626,0x3C26,0x2626,0x26AB,0x2626,0x2626,0x3C26,
	0xABAB,0x26AB,0x2626,0x2626,0x2626,0x3C3C,0xB03C,0x4AB0,
	0x2626,0xABAB,0xABAB,0x26AB,0xB03C,0x3C3C,0x2626,0xABAB,
	0x2626,0x3C26,0x263C,0x2626,0xABAB,0x26AB,0x2626,0x3C26,
	0xABAB,0x26AB,0x26AB,0x264A,0x2626,0x4A87,0xABAB,0xABAB,
	0x2626,0x2626,0xABAB,0xABAB,0x4A4A,0x3C4A,0x3C26,0x263C,

	0x2626,0x2626,0x2626,0x3C26,0xABAB,0x26AB,0x3C26,0xAB4A,
	0xAB26,0x3C3C,0x3CB0,0xABAB,0x2626,0x2626,0x2626,0x3C4A,
	0xAB3C,0xABAB,0x2626,0x2626,0x3C3C,0x264A,0xAB26,0x2626,
	0xABAB,0x3C3C,0xAB3C,0xABAB,0x2626,0x4AAB,0xABAB,0x3C26,
	0x2626,0x2626,0x2626,0x3C26,0x26AB,0x2626,0x4AAB,0xABB0,
	0x2626,0x2626,0x3C3C,0x2626,0xB0B0,0xAB26,0xABAB,0xABAB,
	0x2626,0x3C3C,0x2626,0xABAB,0x2626,0x2626,0x3C52,0x2626,
	0x2626,0x2626,0x3C52,0x2626,0x3C3C,0x52B0,0xAB52,0x4AAB,

	0xABAB,0xABAB,0x2626,0x2626,0x263C,0x2626,0xABAB,0xABAB,
	0x3C3C,0x2626,0x2626,0xABAB,0x2626,0x2626,0x3C3C,0x2626,
	0xABAB,0xABAB,0x2626,0xABAB,0xAB52,0xABAB,0x26AB,0x3C3C,
	0xAB52,0xABAB,0x3CAB,0xABAB,0x3C3C,0x3C3C,0x2626,0xABAB,
	0x2626,0x2626,0x3C3C,0x2626,0x2626,0x3C3C,0xABAB,0x2626,
	0x3C3C,0x3C3C,0xABAB,0x2626,0x2626,0x2626,0x3C3C,0x180A,
	0x26AB,0x2626,0x2626,0x1A41,0x2626,0xABAB,0x2626,0x4126,
	0x3C3C,0xABAB,0xABAB,0x2626,0xABAB,0x260A,0x3C0A,0x3C3C,

	0x2626,0x2626,0x0A0A,0x450A,0xAB26,0x3C0A,0x0A0A,0x0A0A,
	0x3C26,0x260A,0x410A,0x0A0A,0x0A0A,0x0A0A,0xAB0A,0x0A0A,
	0x0A0A,0x1818,0x0A0A,0x0A0A,0x0A26,0x1A41,0x0A0A,0x0A0A,
	0x4118,0x413C,0x410A,0x0A0A,0xB041,0x0A4A,0x4A4A,0x0A41,
	0x0A0A,0x0A0A,0x5757,0x5757,0x0A0A,0x0A0A,0x5757,0x5757,
	0x0A0A,0x0A0A,0x2552,0x5757,0x0A0A,0x0A0A,0x5757,0x5757,
	0x0A0A,0x0A0A,0x570A,0x5257,0x0A0A,0x0A0A,0x0A0A,0x5757,
	0x0A0A,0x0A0A,0x520A,0x5752,0x0A0A,0x0A0A,0x250A,0x5225,

	0x2525,0x5757,0x5725,0x5252,0x5752,0x5252,0x5285,0x5752,
	0x5757,0x5225,0x5C85,0x5252,0x5757,0x2557,0x5757,0x5252,
	0x5757,0x5257,0x5785,0x5225,0x5757,0x5752,0x5225,0x5252,
	0x5252,0x5252,0x255C,0x5252,0x5252,0x5252,0x255C,0x2585,
	0x5252,0x0A57,0x0A0A,0x0A0A,0x2525,0x5752,0x0A0A,0x0A0A,
	0x5752,0x5757,0x1A69,0x0A0A,0x5757,0x5757,0x5757,0x0A1A,
	0x5252,0x5757,0x5757,0x0A1A,0x5757,0x5757,0x5752,0x1A57,
	0x5752,0x5757,0x5757,0x1A57,0x5757,0x2552,0x1A57,0x1A1A,

	0x0A0A,0x240A,0xA5A5,0xA504,0x310A,0x0404,0xA5A5,0x04A5,
	0x310A,0x0404,0xA504,0x0424,0x1A46,0x0431,0x31A5,0xA5A5,
	0x0446,0x0404,0xA504,0xA5A5,0x240A,0xA5A5,0xA504,0xA504,
	0x1A1A,0xA5A5,0xA5A5,0xA5A5,0x1A1A,0x1A46,0x2403,0x0303,
	0xA5C5,0x2404,0xA5A5,0x0404,0xC5A5,0xC5A5,0x2404,0xA5A5,
	0xA5A5,0xC5C5,0xA5C5,0x04A5,0x2424,0xC524,0x04A5,0xA5A5,
	0x2431,0x0404,0xA5A5,0x31A5,0xA5A5,0xA504,0x04A5,0xA504,
	0x2424,0xA5A5,0xA5A5,0xA504,0x2424,0x2403,0x2424,0x3E3E,

	0xA5A5,0x3E3E,0x0A0A,0x0A0A,0x04A5,0x3E3E,0x3E3E,0x0A0A,
	0xA5A5,0x3E3E,0x3E3E,0x3E3E,0x3EA5,0x3E3E,0xC83E,0xC80A,
	0x0404,0x3E3E,0xC8C8,0xC8C8,0x3E3E,0x3E3E,0xC83E,0x3E3E,
	0x3EA5,0xC83E,0xC83E,0x3E3E,0xB1B1,0xC8C8,0x3EC8,0xC8C8,
	0x0A0A,0x1A0A,0x701A,0x9393,0x0A3E,0x1A0A,0x3939,0x3939,
	0x0A3E,0x0A0A,0x3939,0x3939,0x3E3E,0x0A0A,0x3956,0x3939,
	0x3E3E,0x0A1A,0x5656,0x6666,0x3E3E,0x1A3E,0x5656,0x6666,
	0x3E3E,0x1A1A,0x5656,0x6666,0xC8C8,0x1A3E,0x5656,0x6666,

	0x9393,0x9393,0x9393,0x3939,0x3939,0x3939,0x3939,0x3939,
	0x3939,0x3939,0x3939,0x3939,0x3939,0x3939,0x3939,0x3939,
	0x6666,0x6656,0x7D7D,0x7D7D,0x6666,0x6666,0x6666,0x6666,
	0x6666,0x6666,0x6666,0x6666,0x6666,0x6666,0x6666,0x6666,
	0x9339,0x7093,0x3993,0x9339,0x3939,0x3939,0x5454,0x5454,
	0x3939,0x3939,0x5454,0x5454,0x3939,0x3939,0x5454,0x5454,
	0x7D7D,0x6666,0x5666,0x6666,0x6666,0x6666,0x6666,0x6666,
	0x6666,0x6666,0x6666,0x6666,0x6666,0x6666,0x6666,0x6666,

	0x6693,0x5757,0x5252,0x5257,0x1A54,0x571A,0x2525,0x5225,
	0x1A54,0x5757,0x2552,0x2552,0x1A66,0x5757,0x5757,0x2525,
	0x1A66,0x5757,0x5257,0x2525,0x1A66,0x5725,0x5757,0x5757,
	0x1A66,0x5757,0x5752,0x5252,0x1A66,0x2525,0x5257,0x5257,
	0x5257,0x2525,0x5C52,0x2525,0x2525,0x2552,0x5C5C,0x8552,
	0x5252,0x5C52,0x5252,0x855C,0x8585,0x8525,0x2525,0x2585,
	0x2525,0x8585,0x5C5C,0x5C85,0x2525,0x8525,0x855C,0x525C,
	0x2525,0x2552,0x8585,0x5252,0x5252,0x525C,0x5C5C,0x5C5C,

	0x0A0A,0x0A0A,0x0A0A,0x0A0A,0x0A0A,0x0A0A,0x0A0A,0x0A0A,
	0x0A0A,0x3232,0x3232,0x0A0A,0x0A0A,0x0A0A,0x0A0A,0x0A0A,
	0x0A0A,0x0A32,0x0A0A,0x0A0A,0x0A0A,0x0A0A,0x0A0A,0x0A0A,
	0x0A0A,0x0A0A,0x0A0A,0x0A0A,0x0A0A,0x0A0A,0x0A0A,0x0A0A,
	0x0A0A,0x0A0A,0x0A0A,0x1818,0x0A0A,0x0A0A,0x0A0A,0x0A0A,
	0x0A0A,0x0A0A,0x0A0A,0x0A0A,0x0A0A,0x0A0A,0x0A0A,0x0A0A,
	0x0A0A,0x0A0A,0x0A0A,0x320A,0x0A0A,0x0A0A,0x0A0A,0x0A0A,
	0x0A0A,0x0A0A,0x0A0A,0x0A0A,0x0A0A,0x0A0A,0x0A0A,0x0A0A,

	0x0A1A,0x0A0A,0x0A0A,0x0A0A,0x0A0A,0x0A0A,0x0A0A,0x0A0A,
	0x0A0A,0x0A0A,0x0A0A,0x0A0A,0x0A32,0x0A32,0x0A0A,0x0A0A,
	0x320A,0x0A0A,0x0A0A,0x0A0A,0x0A0A,0x3232,0x0A0A,0x0A0A,
	0x0A0A,0x0A32,0x0A0A,0x0A0A,0x0A0A,0x0A0A,0x0A0A,0x0A0A,
	0x0A0A,0x0A0A,0x0A0A,0x320A,0x0A0A,0x0A0A,0x0A0A,0x0A32,
	0x0A0A,0x0A0A,0x0A0A,0x3232,0x0A0A,0x0A0A,0x0A0A,0x0A0A,
	0x0A0A,0x0A0A,0x0A0A,0x0A0A,0x0A0A,0x0A0A,0x0A0A,0x0A18,
	0x0A0A,0x1818,0x1A0A,0x0A18,0x0A0A,0x1A1A,0x0A18,0x0A0A,

	0x320A,0x0A0A,0x0A0A,0x0A0A,0x0A32,0x0A32,0x0A32,0x0A32,
	0x0A0A,0x320A,0x320A,0x0A0A,0x0A0A,0x0A0A,0x0A0A,0x3232,
	0x0A0A,0x0A0A,0x0A0A,0x0A32,0x0A0A,0x0A0A,0x0A0A,0x0A0A,
	0x0A0A,0x0A0A,0x0A0A,0x0A0A,0x0A18,0x0A0A,0x0A0A,0x0A0A,
	0x0A0A,0x0A0A,0x0A0A,0x0A0A,0x0A0A,0x0A0A,0x0A0A,0x0A0A,
	0x0A0A,0x0A0A,0x0A0A,0x0A0A,0x0A0A,0x3B0A,0x0A0A,0x0A0A,
	0x0A0A,0x3B3B,0x0A0A,0x0A0A,0x3B3B,0x1A3B,0x0A0A,0x0A0A,
	0x3B1A,0x0A0A,0x0A0A,0x0A0A,0x0A0A,0x0A0A,0x0A0A,0x180A,

	0x0A0A,0x0A0A,0x0A0A,0x0A0A,0x0A0A,0x0A0A,0x0A0A,0x0A0A,
	0x0A0A,0x0A0A,0x0A0A,0x0A0A,0x0A0A,0x0A0A,0x0A0A,0x0A0A,
	0x0A0A,0x0A0A,0x0A0A,0x0A0A,0x0A0A,0x0A18,0x0A0A,0x0A0A,
	0x0A0A,0x0A18,0x0A0A,0x0A0A,0x0A18,0x0A0A,0x0A0A,0x0A0A,
	0x0A0A,0x0A0A,0x0A0A,0x0A0A,0x0A0A,0x0A0A,0x0A0A,0x0A0A,
	0x0A0A,0x0A0A,0x0A0A,0x0A0A,0x0A0A,0x0A0A,0x0A0A,0x0A0A,
	0x0A0A,0x0A0A,0x0A0A,0x0A0A,0x0A0A,0x0A0A,0x0A0A,0x320A,
	0x0A0A,0x0A0A,0x0A0A,0x0A0A,0x0A0A,0x0A0A,0x0A0A,0x320A,

	0x3232,0x3232,0x0A0A,0x0A0A,0x0A0A,0x0A0A,0x320A,0x320A,
	0x0A32,0x0A0A,0x3232,0x3232,0x0A0A,0x0A0A,0x0A0A,0x0A0A,
	0x0A0A,0x0A0A,0x0A0A,0x0A0A,0x0A0A,0x0A0A,0x0A0A,0x0A0A,
	0x0A32,0x0A32,0x0A0A,0x0A0A,0x320A,0x320A,0x3232,0x3232,
	0x0A0A,0x0A0A,0x0A0A,0x0A0A,0x0A0A,0x0A0A,0x0A0A,0x0A0A,
	0x320A,0x0A0A,0x0A0A,0x0A0A,0x0A32,0x0A0A,0x0A0A,0x0A0A,
	0x0A0A,0x0A0A,0x0A0A,0x0A0A,0x0A0A,0x0A0A,0x320A,0x0A0A,
	0x0A0A,0x0A0A,0x0A0A,0x0A32,0x0A0A,0x0A0A,0x320A,0x320A,

	0x0A0A,0x0A0A,0x0A0A,0x0A0A,0x0A0A,0x0A0A,0x0A0A,0x0A0A,
	0x0A0A,0x0A0A,0x0A0A,0x0A0A,0x0A0A,0x0A0A,0x0A0A,0x0A0A,
	0x0A0A,0x0A0A,0x0A0A,0x0A0A,0x0A0A,0x0A0A,0x0A0A,0x0A0A,
	0x0A32,0x0A0A,0x0A0A,0x0A0A,0x320A,0x3232,0x3232,0x0A0A,
	0x0A0A,0x0A0A,0x3B3B,0x0A0A,0x0A0A,0x0A3B,0x1A1A,0x0A0A,
	0x1A0A,0x0A3B,0x0A0A,0x0A0A,0x0A0A,0x0A0A,0x0A0A,0x0A0A,
	0x0A0A,0x0A0A,0x0A0A,0x0A0A,0x0A0A,0x0A0A,0x0A0A,0x0A0A,
	0x0A0A,0x0A0A,0x0A0A,0x0A0A,0x0A0A,0x0A0A,0x0A0A,0x0A0A,

	0x0A0A,0x0A0A,0x0A0A,0x0A0A,0x0A0A,0x0A0A,0x0A0A,0x0A0A,
	0x0A0A,0x0A0A,0x0A0A,0x0A0A,0x0A0A,0x0A0A,0x0A0A,0x0A0A,
	0x0A0A,0x0A0A,0x0A0A,0x0A0A,0x0A0A,0x0A0A,0x0A0A,0x0A0A,
	0x0A0A,0x0A0A,0x0A0A,0x0A0A,0x0A0A,0x0A0A,0x0A3B,0x0A0A,
	0x0A0A,0x0A0A,0x1A0A,0x0A0A,0x0A0A,0x0A0A,0x0A0A,0x0A0A,
	0x0A0A,0x0A0A,0x0A0A,0x0A0A,0x0A0A,0x0A0A,0x0A0A,0x0A0A,
	0x0A0A,0x0A0A,0x0A0A,0x0A0A,0x0A0A,0x0A0A,0x0A0A,0x0A0A,
	0x0A0A,0x0A0A,0x0A0A,0x0A0A,0x0A0A,0x0A0A,0x0A0A,0x0A0A,

	0x0A0A,0x0A0A,0x0A0A,0x0A0A,0x0A0A,0x3232,0x3232,0x0A0A,
	0x320A,0x320A,0x320A,0x0A0A,0x0A0A,0x0A32,0x0A0A,0x3232,
	0x0A0A,0x0A32,0x0A0A,0x0A32,0x0A0A,0x0A0A,0x0A0A,0x0A0A,
	0x0A0A,0x0A0A,0x0A0A,0x0A18,0x0A0A,0x0A18,0x0A0A,0x1A1A,
	0x0A0A,0x1A0A,0x0A0A,0x0A0A,0x0A0A,0x0A0A,0x0A0A,0x0A0A,
	0x0A0A,0x0A32,0x0A0A,0x0A0A,0x3232,0x320A,0x0A0A,0x0A0A,
	0x0A32,0x0A32,0x0A0A,0x0A0A,0x0A0A,0x0A0A,0x6969,0x0A0A,
	0x0A0A,0x0A0A,0x6969,0x0A0A,0x0A0A,0x0A0A,0x0A0A,0x0A0A,

	0x0A0A,0x1A1A,0x1A0A,0x0A1A,0x0A0A,0x0A0A,0x0A0A,0x1A0A,
	0x0A0A,0x0A0A,0x0A0A,0x0A0A,0x0A0A,0x0A0A,0x0A0A,0x0A0A,
	0x0A0A,0x0A0A,0x0A0A,0x0A0A,0x0A0A,0x0A0A,0x0A0A,0x0A0A,
	0x6969,0x0A0A,0x0A0A,0x0A0A,0x1A1A,0x0A0A,0x0A0A,0x0A0A,
	0x0A0A,0x0A0A,0x0A0A,0x0A0A,0x1A1A,0x0A0A,0x0A0A,0x0A0A,
	0x0A1A,0x0A0A,0x0A0A,0x0A0A,0x0A0A,0x0A0A,0x0A0A,0x0A0A,
	0x0A0A,0x0A0A,0x0A0A,0x0A0A,0x0A0A,0x0A0A,0x0A0A,0x0A0A,
	0x0A0A,0x0A0A,0x0A0A,0x0A0A,0x0A3B,0x0A0A,0x0A0A,0x0A0A,

	0x0A0A,0x0A0A,0x0A0A,0x3232,0x0A0A,0x0A0A,0x0A0A,0x0A0A,
	0x6969,0x0A0A,0x0A0A,0x0A0A,0x1A1A,0x0A0A,0x0A0A,0x0A0A,
	0x0A0A,0x0A0A,0x0A0A,0x0A0A,0x0A0A,0x0A0A,0x0A0A,0x0A0A,
	0x0A0A,0x0A0A,0x0A0A,0x0A0A,0x0A0A,0x0A0A,0x0A0A,0x0A0A,
	0x3232,0x320A,0x0A0A,0x3B3B,0x0A0A,0x0A32,0x0A0A,0x0A0A,
	0x0A0A,0x0A0A,0x0A0A,0x0A0A,0x0A0A,0x0A0A,0x0A0A,0x0A0A,
	0x0A0A,0x0A0A,0x0A0A,0x0A0A,0x0A0A,0x0A0A,0x0A0A,0x0A0A,
	0x0A0A,0x0A0A,0x0A0A,0x570A,0x0A0A,0x0A0A,0x0A0A,0x0A0A,

	0x0A0A,0x0A3B,0x0A0A,0x0A0A,0x0A0A,0x0A0A,0x0A0A,0x0A0A,
	0x0A0A,0x0A0A,0x0A0A,0x0A0A,0x0A0A,0x0A0A,0x0A0A,0x0A0A,
	0x0A0A,0x0A0A,0x0A32,0x0A0A,0x0A57,0x0A0A,0x0A0A,0x0A32,
	0x5757,0x0A0A,0x0A32,0x0A32,0x5757,0x0A57,0x5757,0x0A0A,
	0x0A0A,0x0A0A,0x0A0A,0x0A0A,0x0A0A,0x0A0A,0x0A0A,0x0A0A,
	0x0A0A,0x0A0A,0x0A0A,0x0A0A,0x0A0A,0x0A0A,0x0A0A,0x0A0A,
	0x0A0A,0x0A0A,0x0A0A,0x0A0A,0x0A32,0x0A0A,0x0A0A,0x6969,
	0x0A32,0x0A0A,0x0A0A,0x691A,0x0A0A,0x0A0A,0x0A0A,0x0A0A,

	0x0A0A,0x0A0A,0x0A0A,0x0A0A,0x0A0A,0x0A0A,0x0A0A,0x0A0A,
	0x0A0A,0x0A0A,0x0A0A,0x0A0A,0x0A0A,0x0A0A,0x0A0A,0x0A0A,
	0x0A0A,0x0A0A,0x0A69,0x0A0A,0x0A0A,0x0A0A,0x0A1A,0x0A0A,
	0x0A0A,0x0A0A,0x0A0A,0x0A0A,0x0A0A,0x0A0A,0x0A0A,0x0A0A,
	0x0A0A,0x1A1A,0x0A0A,0x0A0A,0x0A0A,0x0A0A,0x0A0A,0x0A0A,
	0x0A0A,0x0A0A,0x0A0A,0x0A0A,0x0A0A,0x0A0A,0x0A0A,0x0A0A,
	0x0A0A,0x0A0A,0x0A0A,0x0A0A,0x0A0A,0x0A0A,0x0A0A,0x0A0A,
	0x0A0A,0x0A0A,0x0A0A,0x0A0A,0x0A0A,0x0A0A,0x0A0A,0x0A0A,

	0x3B3B,0x0A1A,0x0A0A,0x0A0A,0x0A0A,0x0A0A,0x0A0A,0x0A0A,
	0x0A0A,0x0A0A,0x0A0A,0x0A0A,0x0A0A,0x0A0A,0x0A0A,0x0A0A,
	0x0A0A,0x0A0A,0x0A0A,0x0A0A,0x0A0A,0x0A0A,0x0A0A,0x1A0A,
	0x0A0A,0x0A0A,0x0A0A,0x0A0A,0x0A0A,0x0A0A,0x0A0A,0x0A0A,
	0x0A0A,0x0A0A,0x0A18,0x3B0A,0x0A3B,0x0A0A,0x181A,0x3B3B,
	0x3B3B,0x3B0A,0x0A0A,0x1A3B,0x0A0A,0x1A3B,0x0A0A,0x0A0A,
	0x0A3B,0x0A0A,0x0A0A,0x0A0A,0x0A3B,0x180A,0x0A18,0x0A0A,
	0x0A0A,0x1A0A,0x1818,0x0A0A,0x0A0A,0x0A0A,0x0A0A,0x0A0A,

	0x0A0A,0x0A0A,0x0A0A,0x0A0A,0x0A0A,0x0A0A,0x0A0A,0x0A0A,
	0x0A0A,0x0A0A,0x0A0A,0x0A0A,0x0A0A,0x0A0A,0x0A0A,0x0A0A,
	0x0A0A,0x0A0A,0x0A0A,0x0A0A,0x0A0A,0x0A0A,0x0A0A,0x0A0A,
	0x0A0A,0x0A0A,0x0A0A,0x0A0A,0x0A0A,0x0A0A,0x0A0A,0x0A0A,
	0x0A0A,0x0A0A,0x0A0A,0x0A0A,0x0A0A,0x0A0A,0x0A0A,0x0A0A,
	0x0A0A,0x0A0A,0x0A0A,0x0A0A,0x0A0A,0x0A0A,0x0A0A,0x0A0A,
	0x0A0A,0x0A0A,0x0A0A,0x0A0A,0x0A0A,0x0A0A,0x0A0A,0x0A0A,
	0x0A0A,0x0A0A,0x0A0A,0x0A0A,0x0A0A,0x180A,0x0A0A,0x0A0A,

	0x0A0A,0x0A0A,0x1818,0x0A0A,0x0A0A,0x0A0A,0x0A0A,0x1818,
	0x0A0A,0x0A0A,0x0A0A,0x181A,0x0A0A,0x0A0A,0x0A0A,0x0A0A,
	0x0A0A,0x0A0A,0x0A0A,0x0A0A,0x0A0A,0x0A0A,0x0A0A,0x0A0A,
	0x0A0A,0x0A0A,0x0A0A,0x0A0A,0x0A0A,0x0A0A,0x0A0A,0x180A,
	0x0A0A,0x0A0A,0x0A0A,0x0A0A,0x0A0A,0x0A0A,0x0A0A,0x0A0A,
	0x0A18,0x0A0A,0x0A0A,0x0A0A,0x0A0A,0x0A0A,0x0A0A,0x0A0A,
	0x0A0A,0x0A0A,0x0A0A,0x0A0A,0x0A0A,0x0A0A,0x0A0A,0x6969,
	0x0A0A,0x0A0A,0x0A0A,0x691A,0x0A0A,0x0A0A,0x0A0A,0x0A0A,

	0x0A0A,0x0A0A,0x0A0A,0x0A0A,0x0A0A,0x0A0A,0x0A0A,0x0A0A,
	0x0A0A,0x0A0A,0x0A0A,0x0A0A,0x0A0A,0x0A0A,0x0A0A,0x0A0A,
	0x0A0A,0x0A0A,0x0A69,0x0A0A,0x0A0A,0x0A0A,0x0A1A,0x0A0A,
	0x0A0A,0x0A0A,0x0A0A,0x0A0A,0x0A0A,0x0A0A,0x0A0A,0x0A0A,
	0x0A0A,0x1A1A,0x0A0A,0x0A0A,0x0A0A,0x0A0A,0x0A0A,0x0A0A,
	0x0A0A,0x0A0A,0x0A0A,0x0A0A,0x0A0A,0x0A0A,0x0A0A,0x0A0A,
	0x0A0A,0x0A0A,0x0A0A,0x0A0A,0x0A0A,0x0A0A,0x0A0A,0x0A0A,
	0x0A0A,0x0A0A,0x0A0A,0x0A0A,0x0A0A,0x0A0A,0x0A0A,0x0A0A,

	0x0A0A,0x0A0A,0x0A0A,0x1818,0x0A0A,0x0A0A,0x0A0A,0x0A0A,
	0x0A0A,0x0A0A,0x0A0A,0x0A0A,0x0A0A,0x0A0A,0x0A0A,0x0A0A,
	0x0A0A,0x0A0A,0x0A0A,0x0A0A,0x0A0A,0x0A0A,0x0A0A,0x0A0A,
	0x0A0A,0x0A0A,0x0A0A,0x0A0A,0x0A0A,0x0A0A,0x0A0A,0x0A0A,
	0x0A0A,0x0A0A,0x0A0A,0x0A0A,0x0A0A,0x0A0A,0x0A0A,0x0A0A,
	0x0A0A,0x0A0A,0x0A0A,0x0A0A,0x0A0A,0x0A0A,0x0A0A,0x0A0A,
	0x0A0A,0x0A0A,0x0A0A,0x0A0A,0x180A,0x180A,0x0A1A,0x0A0A,
	0x1A1A,0x0A0A,0x0A0A,0x0A0A,0x0A0A,0x0A0A,0x0A0A,0x0A0A,

	0x0A0A,0x0A0A,0x0A0A,0x0A0A,0x0A0A,0x0A0A,0x0A0A,0x0A0A,
	0x0A0A,0x0A0A,0x0A0A,0x0A0A,0x0A0A,0x0A0A,0x0A0A,0x0A0A,
	0x0A0A,0x0A0A,0x0A0A,0x0A0A,0x0A0A,0x0A0A,0x0A0A,0x0A0A,
	0x0A0A,0x0A0A,0x0A0A,0x0A0A,0x0A0A,0x0A0A,0x0A0A,0x0A0A,
	0x0A0A,0x0A0A,0x180A,0x3B3B,0x0A0A,0x0A0A,0x0A0A,0x0A0A,
	0x0A0A,0x0A0A,0x0A0A,0x0A0A,0x0A0A,0x0A0A,0x0A69,0x0A0A,
	0x0A0A,0x0A0A,0x0A69,0x690A,0x0A0A,0x0A0A,0x0A0A,0x1A69,
	0x0A0A,0x0A0A,0x0A0A,0x0A69,0x0A0A,0x0A0A,0x0A0A,0x0A0A,

	0x0A0A,0x0A0A,0x0A0A,0x0A0A,0x0A0A,0x0A0A,0x0A0A,0x0A0A,
	0x0A0A,0x690A,0x0A0A,0x0A0A,0x0A0A,0x1A0A,0x0A0A,0x0A0A,
	0x0A0A,0x0A0A,0x0A0A,0x0A0A,0x0A0A,0x0A0A,0x0A0A,0x0A0A,
	0x0A0A,0x0A0A,0x0A0A,0x0A0A,0x0A0A,0x0A0A,0x0A0A,0x0A0A,
	0x0A0A,0x0A0A,0x1A1A,0x0A0A,0x0A0A,0x0A0A,0x0A0A,0x1A0A,
	0x0A0A,0x0A0A,0x0A0A,0x0A0A,0x0A0A,0x0A0A,0x0A0A,0x0A0A,
	0x0A0A,0x0A0A,0x0A0A,0x0A0A,0x0A0A,0x0A0A,0x0A0A,0x0A0A,
	0x0A0A,0x0A0A,0x0A0A,0x0A0A,0x0A0A,0x0A0A,0x0A0A,0x0A0A,

	0x0A0A,0x0A0A,0x490C,0x4B4B,0x1818,0x0A0A,0x490C,0x4B4B,
	0x0A1A,0x0A0A,0xA60C,0x4B4B,0x0A0A,0x0A0A,0xA60C,0x4B4B,
	0x0A0A,0x0A0A,0xA60C,0x4B4B,0x0A0A,0x0A0A,0xA60C,0x5B5B,
	0x0A0A,0x0A0A,0xA60C,0x0C0C,0x0A0A,0x0A0A,0xA60C,0x4B4B,
	0x4B0C,0x4B4B,0x4B4B,0x0A0C,0x4B4B,0x4B4B,0x4B4B,0x0A0C,
	0x4B4B,0x4B4B,0x4B4B,0x0A0C,0x4B4B,0x4B4B,0x4B4B,0x0A0C,
	0x4B4B,0x4B4B,0x4B4B,0x0A0C,0x5B5B,0x5B5B,0x5B5B,0x0A0C,
	0x0C0C,0x0C0C,0x0C0C,0x0A0C,0x4B4B,0x4B4B,0x0C0C,0x0A0C,

	0x0A0A,0x6AAB,0x0A0A,0x3C0A,0x0A0A,0x6A6A,0x0A0A,0x260A,
	0x0A0A,0x6A6A,0xC10A,0x0A0A,0x0A0A,0x6A6A,0xC1C1,0x6F0A,
	0x0A0A,0x6A6A,0xC1C1,0x0A41,0x0A0A,0xC16A,0xC1C1,0x6F6F,
	0x6F0A,0x6A0A,0xC1C1,0x6F0A,0x6F6F,0xC1C1,0xC1C1,0x6F6F,
	0x2626,0x6A6A,0xABAB,0xAB41,0x1A0A,0x6A6A,0x6A6A,0xABAB,
	0x0A0A,0x6A6A,0xAB6A,0xABAB,0x0A6F,0x6A0A,0x6A6A,0x3CB0,
	0x0A41,0x0A41,0x6F6A,0x266F,0x6F6F,0x6A26,0x6A6A,0x3C26,
	0x266F,0x260A,0x6A6A,0x0A26,0x6F6F,0x4545,0x6F6A,0xC16F,

	0xABAB,0x263C,0x2626,0x9675,0xABAB,0xABAB,0x75B0,0x9675,
	0x3CAB,0xABAB,0xB026,0x9675,0xC14A,0x26C1,0x2626,0x9696,
	0xC126,0x3526,0x2635,0x7596,0xC1C1,0xABC1,0x2626,0x9696,
	0xC1C1,0x0A11,0x3535,0x3A96,0xC1C1,0x353A,0x9641,0x9696,
	0xAB96,0x3535,0x3C3C,0x2675,0x2626,0x2635,0x2626,0x7575,
	0x2626,0x2635,0x7526,0x7575,0x263A,0x3535,0xAB0A,0x753C,
	0xABAB,0xB035,0x3C0A,0x3575,0x3A0A,0x3535,0x4545,0xB845,
	0x0ABE,0x1835,0x450A,0x35B8,0x354D,0x3535,0x0A4A,0x450A,

	0x2626,0xABAB,0x9696,0x3CAB,0x3535,0xABAB,0xAB96,0x3CAB,
	0x3535,0xABAB,0x0AAB,0x4D3C,0x0A35,0x963C,0x3A96,0x264D,
	0x3535,0x960A,0x1A3A,0x2626,0x1F35,0x9696,0x413A,0x410A,
	0x3535,0x964D,0x3C26,0xAB41,0x4535,0x9696,0x0A3A,0xABAB,
	0x2626,0xAB26,0xABAB,0xABAB,0xB0AB,0x2626,0x2626,0x2626,
	0xABAB,0x3CB0,0xB0B0,0x2626,0x2626,0x2626,0x2626,0x3C26,
	0x0A26,0x2626,0xABAB,0xABAB,0x0A0A,0x0A0A,0xABAB,0x3C3C,
	0x0A0A,0x0A0A,0x0A3C,0xB0B0,0x0A0A,0x0A0A,0xAB0A,0xABAB,

	0x2626,0x263C,0x2626,0xAB26,0x3C26,0x2626,0xABAB,0xABAB,
	0x3C26,0x2626,0xABAB,0xABAB,0x3C3C,0xABAB,0x3C3C,0x3C3C,
	0xB0B0,0x3C3C,0x26AB,0x2626,0xABAB,0x874A,0x2626,0x2626,
	0x0A0A,0xABAB,0x2626,0x2626,0xAB0A,0x3C3C,0x26AB,0xAB26,
	0xABAB,0xABAB,0x3C3C,0x2626,0xABAB,0xABAB,0xAB3C,0xB0B0,
	0xABAB,0xAB26,0xAB4A,0x26AB,0xB0B0,0x4A4A,0x2626,0x2626,
	0xB026,0x2626,0x2626,0x2626,0x2626,0x263C,0xABAB,0x26AB,
	0x2626,0x3C3C,0xABAB,0xABAB,0x3C26,0xABAB,0xABAB,0xB0B0,

	0x26AB,0xAB26,0xABAB,0x3C26,0x2626,0x2626,0x2626,0x873C,
	0x3C3C,0x26B0,0x2626,0x263C,0x2626,0x2626,0x3C3C,0x3C3C,
	0x2626,0xABAB,0xB0AB,0xB0B0,0xAB26,0xABAB,0x4A3C,0xABAB,
	0xABAB,0x52B0,0x3CB0,0x4A3C,0xABAB,0x6CAB,0xABAB,0xABAB,
	0x2626,0x5226,0x52AB,0xAB52,0x2626,0xABAB,0x6CAB,0xABAB,
	0x2626,0xABAB,0xABAB,0xABAB,0x3CAB,0x3C3C,0x3C3C,0x3CB0,
	0xAB3C,0x2626,0x2626,0x26B0,0x2626,0x2626,0x2626,0x3C26,
	0x2652,0x2626,0x2626,0x2626,0xAB3C,0x2626,0xABAB,0x263C,

	0xABAB,0x263C,0x2626,0xABAB,0xABAB,0xABAB,0x26B0,0x2626,
	0x3CAB,0xABAB,0xB026,0xB03C,0x264A,0x2626,0x2626,0x2626,
	0x2626,0x2626,0x2626,0xAB26,0xAB26,0xABAB,0x2626,0xABAB,
	0xAB3C,0xAB26,0x26AB,0x3CAB,0xABAB,0x3C4A,0xABB0,0xABAB,
	0xABAB,0x0A41,0x3C0A,0x0A26,0x2626,0x4126,0x410A,0x0A41,
	0x2626,0x2626,0x2641,0x4126,0x2626,0x3C3C,0xAB3C,0x3C3C,
	0xABAB,0xB0B0,0x3CB0,0xABAB,0x3CAB,0xAB4A,0xAB18,0x2626,
	0x41B0,0x3C3C,0xABBE,0x2646,0xABAB,0xAB41,0x3C4A,0x4618,

	0x2626,0x0AAB,0x0AAB,0x0AAB,0x0A0A,0x0A0A,0x0A0A,0x0A0A,
	0x0A0A,0x0A0A,0x0A0A,0x0A0A,0x413C,0x0A41,0x0A3C,0x0A0A,
	0x2626,0x4126,0x0A26,0x0A0A,0x2626,0x260A,0x0A0A,0x0A0A,
	0x2618,0x0A0A,0x0A0A,0x0A0A,0x6A6A,0x0A0A,0x410A,0x0A0A,
	0x0A0A,0x5757,0x5757,0x2525,0x0A0A,0x5752,0x5757,0x5257,
	0x0A0A,0x5757,0x5757,0x5252,0x0A0A,0x250A,0x5757,0x5252,
	0x0A0A,0x570A,0x5757,0x5757,0x0A0A,0x0A0A,0x5757,0x5752,
	0x0A0A,0x0A0A,0x5757,0x5252,0x0A0A,0x0A0A,0x250A,0x5225,

	0x2525,0x5C5C,0x855C,0x5252,0x5252,0x2552,0x8585,0x5725,
	0x5757,0x2525,0x855C,0x5225,0x5257,0x2552,0x5C25,0x5257,
	0x5252,0x2557,0x5C5C,0x5257,0x5252,0x5252,0x5C25,0x5252,
	0x5757,0x5225,0x2525,0x5252,0x2557,0x5252,0x5C25,0x5225,
	0x5757,0x2552,0x5725,0x1A1A,0x2552,0x5225,0x5757,0x1A57,
	0x5252,0x5252,0x5257,0x1A1A,0x5757,0x5257,0x5757,0x1A57,
	0x5757,0x5257,0x5757,0x1A57,0x5752,0x5757,0x5757,0x1A1A,
	0x5757,0x5757,0x5757,0x1A1A,0x5752,0x5252,0x5757,0x1A1A,

	0x1A1A,0x1A1A,0x0303,0x0303,0x1A1A,0x1A1A,0x1A10,0x1010,
	0x1A1A,0x1A10,0x1010,0x1A10,0x101A,0x1010,0x1A10,0x1010,
	0x1A1A,0x1010,0x1A10,0x1010,0x101A,0x1010,0x1010,0x1010,
	0x101A,0x1010,0x1010,0x1010,0x1A1A,0x1A1A,0x101A,0x101A,
	0x2403,0x0303,0x3E3E,0x3E3E,0x0303,0x0303,0x3E3E,0x3E3E,
	0x0303,0x03C5,0xB1C8,0x3E3E,0x1010,0xB5C5,0x3E3E,0x3E3E,
	0x1010,0xB5C5,0x3E1A,0xC83E,0x1010,0x1010,0x1010,0x3E3E,
	0x1010,0x1010,0xC81A,0x3EC8,0x1010,0x1010,0xB110,0xC8B1,

	0xB1B1,0x3E3E,0x3EB1,0xC8C8,0x3EC8,0xC8C8,0xC81D,0x3EC8,
	0x3E3E,0xC8B1,0x841D,0xC8C8,0x3E3E,0xB13E,0x3E3E,0xC8C8,
	0x3E3E,0xC83E,0x3E1D,0xC8B1,0x3E3E,0x3EC8,0xC8B1,0xC8C8,
	0xC8C8,0xC8C8,0xB184,0xC8C8,0xC8C8,0xC8C8,0xB184,0xB11D,
	0xC8C8,0x1A3E,0x5656,0x6666,0xB1B1,0x3EC8,0x1A1A,0x5656,
	0x3EC8,0x3E3E,0x1A1A,0x5656,0x3E3E,0x3E3E,0x3E3E,0x5656,
	0xC8C8,0x3E3E,0x3E3E,0x5656,0x3E3E,0x3E3E,0x3EC8,0x563E,
	0x3EC8,0x3E3E,0x3E3E,0x663E,0x3E3E,0xB1C8,0x663E,0x6666,

	0x6666,0x6666,0x6666,0x6666,0x5656,0x5656,0x6642,0x6666,
	0x5656,0x5656,0x6656,0x6666,0x5656,0x5656,0x6656,0x6666,
	0x5656,0x5656,0x6656,0x6666,0x4256,0x4242,0x6666,0x6666,
	0x6666,0x6656,0x7D7D,0x667D,0x6666,0x6666,0x6666,0x6666,
	0x6666,0x6666,0x6666,0x6666,0x7D66,0x667D,0x6642,0x6666,
	0x6666,0x6666,0x6656,0x6666,0x6666,0x6666,0x6656,0x6666,
	0x6666,0x6666,0x6656,0x6666,0x5656,0x5642,0x5656,0x3E82,
	0x6666,0x8256,0x6666,0x3E66,0x6666,0x8256,0x8282,0x8282,

	0x1A66,0x1A1A,0x5257,0x5252,0x1A66,0x1A1A,0x2525,0x5252,
	0x1A66,0x1A57,0x2557,0x2552,0x3E66,0x5757,0x5757,0x2525,
	0x3E3E,0x3E3E,0x5757,0x5252,0x3EC8,0x3E3E,0x573E,0x5252,
	0x3E3E,0xC83E,0x573E,0x5752,0x3E3E,0x3E3E,0x3E3E,0x3E3E,
	0x2525,0x5C5C,0x5C5C,0x5C5C,0x2552,0x8425,0x855C,0x255C,
	0x2552,0x2552,0x855C,0x5C25,0x5C5C,0x8484,0x855C,0x255C,
	0x2552,0x8484,0x855C,0x255C,0x5757,0x2525,0x5252,0x5C5C,
	0x2525,0x2525,0x855C,0x5C85,0x5252,0x5757,0x8452,0x2525,

	0x0A0A,0x0A0A,0x0A0A,0x0A0A,0x0A0A,0x0A0A,0x0A0A,0x0A0A,
	0x0A0A,0x0A0A,0x0A0A,0x0A0A,0x0A0A,0x0A0A,0x0A0A,0x0A0A,
	0x0A0A,0x0A0A,0x0A0A,0x0A0A,0x0A0A,0x0A0A,0x0A0A,0x0A0A,
	0x0A0A,0x0A0A,0x0A0A,0x0A0A,0x0A0A,0x0A0A,0x0A0A,0x0A0A,
	0x0A0A,0x0A0A,0x0A0A,0x0A0A,0x0A0A,0x180A,0x1A18,0x180A,
	0x0A0A,0x0A0A,0x0A1A,0x0A0A,0x0A0A,0x0A0A,0x0A0A,0x0A0A,
	0x0A0A,0x0A0A,0x0A0A,0x0A0A,0x0A0A,0x0A0A,0x0A0A,0x0A0A,
	0x0A0A,0x0A0A,0x0A0A,0x0A0A,0x0A0A,0x0A0A,0x0A0A,0x0A0A,

	0x0A18,0x0A0A,0x0A0A,0x0A0A,0x0A1A,0x0A0A,0x0A0A,0x0A0A,
	0x0A0A,0x0A0A,0x0A0A,0x0A0A,0x0A0A,0x0A0A,0x0A0A,0x0A0A,
	0x0A0A,0x0A0A,0x0A0A,0x0A0A,0x0A0A,0x0A0A,0x0A0A,0x0A0A,
	0x0A0A,0x0A0A,0x0A0A,0x0A0A,0x0A0A,0x0A0A,0x0A0A,0x0A0A,
	0x0A0A,0x0A0A,0x0A0A,0x0A0A,0x0A0A,0x0A0A,0x320A,0x320A,
	0x0A0A,0x0A0A,0x0A0A,0x0A32,0x0A0A,0x0A0A,0x3232,0x0A0A,
	0x0A0A,0x0A0A,0x320A,0x0A0A,0x0A0A,0x0A0A,0x0A0A,0x0A0A,
	0x0A0A,0x0A0A,0x0A0A,0x0A0A,0x0A0A,0x0A0A,0x0A0A,0x0A0A,

	0x0A1A,0x0A0A,0x0A0A,0x0A0A,0x0A0A,0x0A0A,0x0A0A,0x0A0A,
	0x0A32,0x0A0A,0x320A,0x0A0A,0x320A,0x320A,0x0A0A,0x0A0A,
	0x320A,0x320A,0x320A,0x0A0A,0x0A0A,0x0A0A,0x0A32,0x0A0A,
	0x0A0A,0x0A0A,0x0A0A,0x0A0A,0x0A0A,0x1818,0x0A0A,0x1818,
	0x0A0A,0x0A0A,0x0A0A,0x1818,0x0A0A,0x0A0A,0x0A0A,0x0A0A,
	0x0A0A,0x0A0A,0x0A0A,0x0A0A,0x0A0A,0x0A0A,0x0A0A,0x0A0A,
	0x0A0A,0x0A0A,0x0A0A,0x0A0A,0x0A0A,0x0A0A,0x0A0A,0x0A0A,
	0x0A0A,0x0A0A,0x0A0A,0x0A0A,0x0A0A,0x0A0A,0x0A0A,0x0A0A,

	0x0A1A,0x0A0A,0x0A0A,0x0A0A,0x0A0A,0x0A0A,0x0A0A,0x0A0A,
	0x0A0A,0x0A32,0x0A0A,0x0A0A,0x0A0A,0x0A0A,0x0A32,0x0A32,
	0x0A0A,0x0A32,0x0A32,0x0A32,0x0A0A,0x320A,0x0A0A,0x320A,
	0x0A0A,0x0A0A,0x0A0A,0x0A0A,0x0A0A,0x0A0A,0x0A0A,0x0A0A,
	0x0A0A,0x0A0A,0x0A0A,0x320A,0x0A0A,0x0A0A,0x0A0A,0x0A0A,
	0x0A0A,0x0A0A,0x0A0A,0x0A0A,0x0A0A,0x320A,0x0A0A,0x0A0A,
	0x0A32,0x0A32,0x0A0A,0x0A0A,0x320A,0x320A,0x0A0A,0x0A0A,
	0x0A0A,0x3232,0x0A0A,0x0A0A,0x0A0A,0x0A0A,0x0A0A,0x0A0A,

	0x0A0A,0x0A0A,0x0A32,0x0A32,0x0A0A,0x0A0A,0x0A0A,0x320A,
	0x0A0A,0x0A0A,0x0A0A,0x320A,0x0A0A,0x3B0A,0x0A0A,0x0A3B,
	0x0A0A,0x0A0A,0x0A3B,0x1A1A,0x0A0A,0x0A0A,0x0A0A,0x0A0A,
	0x0A0A,0x0A0A,0x0A0A,0x0A0A,0x0A0A,0x0A0A,0x0A0A,0x0A0A,
	0x0A32,0x0A0A,0x320A,0x0A0A,0x0A0A,0x0A0A,0x0A0A,0x0A0A,
	0x0A0A,0x0A0A,0x0A0A,0x0A0A,0x0A0A,0x180A,0x0A0A,0x0A0A,
	0x0A0A,0x1818,0x0A0A,0x0A0A,0x0A0A,0x0A0A,0x0A0A,0x0A0A,
	0x0A0A,0x0A0A,0x0A0A,0x0A0A,0x0A0A,0x0A0A,0x0A0A,0x0A0A,

	0x0A0A,0x0A32,0x0A32,0x0A32,0x0A0A,0x0A0A,0x320A,0x0A0A,
	0x0A0A,0x0A0A,0x320A,0x0A0A,0x0A0A,0x0A0A,0x0A0A,0x0A0A,
	0x0A0A,0x0A0A,0x0A0A,0x0A0A,0x0A0A,0x0A0A,0x0A0A,0x0A0A,
	0x0A0A,0x0A0A,0x0A0A,0x0A0A,0x0A0A,0x0A0A,0x0A0A,0x0A0A,
	0x0A0A,0x0A0A,0x0A0A,0x0A0A,0x0A0A,0x0A0A,0x0A0A,0x0A0A,
	0x0A0A,0x0A0A,0x0A0A,0x0A0A,0x0A0A,0x0A0A,0x0A0A,0x0A0A,
	0x0A0A,0x0A0A,0x0A0A,0x0A0A,0x0A0A,0x0A0A,0x0A0A,0x0A0A,
	0x0A0A,0x0A0A,0x0A0A,0x0A0A,0x0A0A,0x0A0A,0x0A0A,0x0A0A,

	0x0A0A,0x0A0A,0x0A3B,0x0A0A,0x0A0A,0x0A3B,0x0A0A,0x0A0A,
	0x0A3B,0x0A1A,0x0A0A,0x0A0A,0x0A0A,0x0A0A,0x0A0A,0x0A0A,
	0x0A0A,0x0A0A,0x0A0A,0x0A0A,0x0A0A,0x0A0A,0x0A0A,0x0A0A,
	0x0A0A,0x0A0A,0x0A0A,0x0A0A,0x0A0A,0x0A0A,0x0A0A,0x0A0A,
	0x0A0A,0x0A0A,0x0A0A,0x0A0A,0x0A0A,0x0A0A,0x0A0A,0x0A0A,
	0x0A0A,0x0A0A,0x0A0A,0x1A0A,0x0A0A,0x0A32,0x0A0A,0x0A0A,
	0x0A0A,0x320A,0x320A,0x0A0A,0x0A0A,0x0A32,0x0A32,0x0A32,
	0x0A0A,0x3232,0x0A0A,0x320A,0x0A0A,0x0A0A,0x0A0A,0x0A0A,

	0x0A0A,0x0A18,0x0A0A,0x0A0A,0x0A18,0x0A0A,0x0A0A,0x0A0A,
	0x0A18,0x0A0A,0x0A0A,0x0A0A,0x0A0A,0x0A0A,0x0A0A,0x0A0A,
	0x0A0A,0x0A0A,0x0A0A,0x0A0A,0x0A32,0x0A32,0x0A0A,0x0A0A,
	0x320A,0x0A0A,0x0A0A,0x0A0A,0x0A0A,0x3232,0x0A0A,0x0A0A,
	0x0A0A,0x0A0A,0x0A0A,0x0A0A,0x0A0A,0x0A0A,0x0A0A,0x0A0A,
	0x0A0A,0x0A0A,0x0A0A,0x0A0A,0x0A0A,0x0A0A,0x0A0A,0x0A0A,
	0x0A0A,0x0A0A,0x320A,0x0A0A,0x0A0A,0x0A0A,0x0A32,0x3232,
	0x0A0A,0x0A0A,0x320A,0x320A,0x0A0A,0x0A0A,0x0A0A,0x0A0A,

	0x0A0A,0x0A0A,0x0A0A,0x0A0A,0x0A0A,0x0A0A,0x0A0A,0x0A18,
	0x0A0A,0x0A0A,0x1A0A,0x0A18,0x0A0A,0x0A0A,0x0A0A,0x0A0A,
	0x0A0A,0x0A0A,0x0A0A,0x0A0A,0x3232,0x0A0A,0x0A0A,0x0A0A,
	0x320A,0x3232,0x3232,0x0A0A,0x0A0A,0x0A0A,0x0A0A,0x0A0A,
	0x0A3B,0x0A0A,0x0A0A,0x0A0A,0x1A1A,0x0A0A,0x0A0A,0x0A0A,
	0x0A0A,0x0A0A,0x0A0A,0x0A0A,0x0A0A,0x0A0A,0x0A0A,0x0A0A,
	0x0A0A,0x0A0A,0x0A0A,0x0A0A,0x0A0A,0x0A0A,0x0A0A,0x0A0A,
	0x0A0A,0x0A0A,0x0A0A,0x1A1A,0x0A0A,0x0A0A,0x0A0A,0x0A0A,

	0x0A0A,0x0A0A,0x0A0A,0x0A0A,0x0A0A,0x0A0A,0x0A0A,0x0A0A,
	0x0A0A,0x0A0A,0x0A0A,0x3B3B,0x0A0A,0x0A0A,0x0A0A,0x1A1A,
	0x0A0A,0x0A0A,0x0A0A,0x0A0A,0x0A0A,0x0A0A,0x0A0A,0x0A0A,
	0x0A0A,0x0A0A,0x0A0A,0x0A0A,0x0A0A,0x0A0A,0x0A0A,0x0A0A,
	0x0A0A,0x0A0A,0x0A0A,0x5757,0x180A,0x0A0A,0x0A32,0x570A,
	0x180A,0x0A1A,0x0A32,0x5757,0x0A0A,0x0A0A,0x320A,0x5757,
	0x0A0A,0x0A0A,0x3257,0x5757,0x0A0A,0x0A57,0x5757,0x5225,
	0x570A,0x5757,0x5257,0x2552,0x0A0A,0x5725,0x5757,0x5257,

	0x5757,0x0A0A,0x5757,0x5757,0x5257,0x5252,0x5752,0x0A57,
	0x5257,0x5257,0x5257,0x5757,0x5752,0x5252,0x5757,0x0A57,
	0x2552,0x5252,0x5757,0x5757,0x5C57,0x5757,0x5252,0x5752,
	0x5257,0x5252,0x5757,0x2525,0x5252,0x255C,0x5252,0x5757,
	0x0A0A,0x0A0A,0x0A0A,0x0A0A,0x0A0A,0x0A0A,0x0A0A,0x0A0A,
	0x0A0A,0x0A0A,0x0A0A,0x0A0A,0x0A0A,0x0A0A,0x0A0A,0x0A0A,
	0x0A0A,0x0A0A,0x0A0A,0x0A0A,0x0A0A,0x0A0A,0x0A0A,0x0A0A,
	0x0A0A,0x0A0A,0x0A0A,0x0A0A,0x5757,0x0A0A,0x0A0A,0x0A0A,

	0x0A0A,0x0A0A,0x0A0A,0x0A0A,0x0A0A,0x0A0A,0x0A0A,0x0A0A,
	0x0A0A,0x0A0A,0x0A0A,0x0A0A,0x0A0A,0x0A0A,0x0A0A,0x0A0A,
	0x0A0A,0x0A0A,0x0A0A,0x0A0A,0x0A0A,0x0A0A,0x0A0A,0x0A0A,
	0x0A0A,0x0A0A,0x0A0A,0x0A0A,0x0A0A,0x0A0A,0x0A0A,0x0A0A,
	0x0A0A,0x0A0A,0x3B0A,0x0A0A,0x0A0A,0x1818,0x3B0A,0x0A1A,
	0x0A0A,0x180A,0x0A0A,0x3B3B,0x0A0A,0x0A0A,0x0A0A,0x1A1A,
	0x0A0A,0x0A0A,0x0A0A,0x0A0A,0x0A0A,0x0A0A,0x0A0A,0x0A0A,
	0x0A0A,0x0A0A,0x0A0A,0x0A0A,0x0A0A,0x0A0A,0x0A0A,0x0A0A,

	0x0A0A,0x0A0A,0x0A0A,0x0A0A,0x0A0A,0x0A0A,0x0A0A,0x0A0A,
	0x0A0A,0x0A0A,0x0A0A,0x0A0A,0x0A0A,0x0A0A,0x0A0A,0x0A0A,
	0x0A0A,0x0A0A,0x0A0A,0x0A0A,0x0A0A,0x0A0A,0x0A0A,0x0A0A,
	0x0A0A,0x0A0A,0x0A0A,0x0A0A,0x0A0A,0x0A0A,0x0A0A,0x0A0A,
	0x0A0A,0x0A0A,0x0A0A,0x0A0A,0x0A0A,0x0A0A,0x0A0A,0x0A0A,
	0x0A0A,0x0A0A,0x0A0A,0x0A0A,0x0A0A,0x0A0A,0x0A0A,0x0A0A,
	0x0A0A,0x0A0A,0x0A0A,0x0A0A,0x0A0A,0x0A0A,0x0A0A,0x0A0A,
	0x0A0A,0x0A0A,0x0A0A,0x3B3B,0x0A0A,0x0A0A,0x3B3B,0x1A3B,

	0x0A0A,0x0A0A,0x0A0A,0x0A0A,0x0A0A,0x0A0A,0x0A0A,0x0A0A,
	0x0A0A,0x0A0A,0x0A0A,0x0A0A,0x0A0A,0x0A0A,0x0A0A,0x0A0A,
	0x0A0A,0x0A0A,0x0A0A,0x0A0A,0x0A0A,0x0A0A,0x0A0A,0x0A0A,
	0x0A0A,0x0A0A,0x0A0A,0x0A0A,0x0A0A,0x180A,0x0A0A,0x0A0A,
	0x0A0A,0x1818,0x0A0A,0x0A0A,0x1818,0x0A0A,0x0A0A,0x0A0A,
	0x181A,0x0A0A,0x0A0A,0x0A0A,0x0A0A,0x0A0A,0x0A0A,0x0A0A,
	0x0A0A,0x0A0A,0x0A0A,0x0A0A,0x0A0A,0x0A0A,0x0A0A,0x0A0A,
	0x0A0A,0x0A0A,0x0A0A,0x0A0A,0x0A0A,0x0A0A,0x0A0A,0x0A0A,

	0x0A0A,0x0A0A,0x0A0A,0x1818,0x0A0A,0x0A0A,0x1818,0x1A18,
	0x0A0A,0x0A0A,0x181A,0x0A0A,0x0A0A,0x0A0A,0x0A0A,0x0A0A,
	0x0A0A,0x0A0A,0x0A0A,0x0A0A,0x0A0A,0x0A0A,0x0A0A,0x0A0A,
	0x0A0A,0x0A0A,0x0A0A,0x0A0A,0x0A0A,0x0A0A,0x0A0A,0x0A0A,
	0x0A0A,0x0A0A,0x0A0A,0x0A0A,0x0A0A,0x0A0A,0x0A0A,0x0A0A,
	0x0A0A,0x0A0A,0x0A0A,0x0A0A,0x0A0A,0x0A0A,0x0A0A,0x0A0A,
	0x0A0A,0x0A0A,0x0A0A,0x0A0A,0x0A0A,0x0A0A,0x0A0A,0x0A0A,
	0x0A0A,0x0A0A,0x0A0A,0x0A0A,0x0A0A,0x0A0A,0x0A0A,0x0A0A,

	0x0A0A,0x0A0A,0x0A0A,0x0A0A,0x0A0A,0x0A0A,0x0A0A,0x0A0A,
	0x0A0A,0x0A0A,0x0A0A,0x0A0A,0x0A0A,0x0A0A,0x0A0A,0x0A0A,
	0x0A0A,0x0A0A,0x0A0A,0x0A0A,0x0A0A,0x0A0A,0x0A0A,0x0A0A,
	0x0A0A,0x0A0A,0x0A0A,0x0A0A,0x0A0A,0x0A0A,0x0A0A,0x0A0A,
	0x0A0A,0x0A0A,0x3B0A,0x0A0A,0x0A0A,0x1818,0x3B0A,0x0A1A,
	0x0A0A,0x180A,0x0A0A,0x3B3B,0x0A0A,0x0A0A,0x0A0A,0x1A1A,
	0x0A0A,0x0A0A,0x0A0A,0x0A0A,0x0A0A,0x0A0A,0x0A0A,0x0A0A,
	0x0A0A,0x0A0A,0x0A0A,0x0A0A,0x0A0A,0x0A0A,0x0A0A,0x0A0A,

	0x0A0A,0x0A0A,0x0A0A,0x0A0A,0x0A0A,0x0A0A,0x0A0A,0x0A0A,
	0x0A0A,0x0A0A,0x0A0A,0x0A0A,0x0A0A,0x0A0A,0x0A0A,0x0A0A,
	0x0A0A,0x0A0A,0x0A0A,0x0A0A,0x0A0A,0x0A0A,0x0A0A,0x0A0A,
	0x0A0A,0x0A0A,0x0A0A,0x0A0A,0x0A0A,0x0A0A,0x0A0A,0x0A0A,
	0x0A0A,0x0A0A,0x0A0A,0x0A0A,0x0A0A,0x0A0A,0x0A0A,0x0A0A,
	0x0A0A,0x0A0A,0x0A0A,0x0A0A,0x0A0A,0x0A0A,0x0A0A,0x0A0A,
	0x0A0A,0x0A0A,0x0A0A,0x0A0A,0x0A0A,0x0A0A,0x0A0A,0x0A0A,
	0x0A0A,0x0A0A,0x0A0A,0x0A0A,0x0A0A,0x0A0A,0x0A0A,0x320A,

	0x0A0A,0x0A0A,0x0A0A,0x0A0A,0x0A0A,0x0A0A,0x0A0A,0x0A0A,
	0x0A0A,0x0A0A,0x0A0A,0x0A0A,0x0A0A,0x0A0A,0x0A0A,0x0A0A,
	0x0A0A,0x0A0A,0x0A0A,0x0A0A,0x0A0A,0x0A0A,0x0A0A,0x0A0A,
	0x0A0A,0x0A0A,0x0A0A,0x0A0A,0x320A,0x0A0A,0x0A0A,0x0A0A,
	0x0A0A,0x0A0A,0x0A0A,0x0A0A,0x0A0A,0x0A0A,0x0A0A,0x0A0A,
	0x0A0A,0x0A0A,0x0A0A,0x0A0A,0x0A0A,0x0A0A,0x0A0A,0x0A0A,
	0x0A0A,0x0A0A,0x0A0A,0x0A0A,0x0A0A,0x0A0A,0x0A0A,0x0A0A,
	0x0A0A,0x0A0A,0x0A0A,0x0A0A,0x0A0A,0x0A0A,0x0A0A,0x0A0A,

	0x0A0A,0x0A0A,0x0A0A,0x0A0A,0x0A0A,0x0A0A,0x0A0A,0x0A0A,
	0x0A0A,0x0A0A,0x0A0A,0x0A0A,0x0A0A,0x0A0A,0x0A0A,0x0A0A,
	0x0A0A,0x0A0A,0x0A0A,0x0A0A,0x0A0A,0x0A0A,0x0A0A,0x0A0A,
	0x0A0A,0x0A0A,0x0A0A,0x0A0A,0x0A0A,0x1A0A,0x0A0A,0x0A0A,
	0x0A0A,0x0A0A,0x0A0A,0x0A0A,0x0A0A,0x0A0A,0x0A0A,0x0A0A,
	0x0A0A,0x0A0A,0x0A0A,0x0A0A,0x0A0A,0x0A0A,0x0A0A,0x0A0A,
	0x0A0A,0x0A0A,0x0A0A,0x0A0A,0x0A0A,0x0A0A,0x0A0A,0x0A0A,
	0x0A0A,0x0A0A,0x0A0A,0x0A0A,0x0A0A,0x0A0A,0x0A0A,0x0A0A,

	0x0A0A,0x0A0A,0xA60C,0x4B4B,0x0A0A,0x0A0A,0xA60C,0x4B4B,
	0x0A0A,0x0A0A,0xA60C,0x4B4B,0x0A0A,0x0A0A,0xA60C,0x4B0C,
	0x0A0A,0x0A0A,0xA60C,0x4B4B,0x0A0A,0x0A0A,0xA60C,0x4B4B,
	0x0A0A,0x0A0A,0xA60C,0x4B4B,0x0A0A,0x0A0A,0xA60C,0x4B0C,
	0x4B4B,0x4B4B,0x0C0C,0x0A0C,0x4B4B,0x4B4B,0x4B4B,0x0A0C,
	0x4B4B,0x4B4B,0x4B4B,0x0A0C,0x4B4B,0x4B4B,0x4B4B,0x0A0C,
	0x4B4B,0x4B4B,0x4B4B,0x0A0C,0x4B4B,0x4B4B,0x4B4B,0x450C,
	0x4B4B,0x4B4B,0x4B4B,0x0A0C,0x0C4B,0x4B4B,0x4B4B,0x0A0C,

	0x6F0A,0xC10A,0x11C1,0x6F11,0x6F6F,0xC1C1,0xC1C1,0x6F6F,
	0x6F6F,0xC1C1,0x45C1,0x6F6F,0x6F6F,0x4545,0x4545,0x6F6F,
	0x6F6F,0x4545,0x4545,0x6F6F,0x6F6F,0x6F6F,0x4545,0x6F45,
	0x6F45,0x6F6F,0x0A45,0x4545,0x4545,0x456F,0x0A45,0x0A0A,
	0x0A6F,0x4545,0x6AAF,0x1845,0x6F6F,0x450A,0x6F11,0xC16F,
	0x0A6F,0x450A,0x1145,0xC145,0x6F6F,0x0A0A,0x6F11,0x6F6F,
	0x456F,0x0A0A,0x110A,0x456F,0x4545,0x0A45,0x6F45,0x6F6F,
	0x4545,0x0A0A,0x4545,0x116F,0x0A0A,0x0A0A,0x450A,0x4545,

	0xC1C1,0x3A41,0x3535,0x4596,0xC1C1,0x353A,0x4535,0x4545,
	0xC1C1,0x3A45,0x4535,0x450A,0x4545,0x9D9D,0x3535,0x453A,
	0x4545,0x459D,0x3535,0x0A45,0x0A45,0x0A45,0x4545,0x0A45,
	0x4545,0x0A0A,0x450A,0x0A45,0x0A45,0x0A0A,0x0A0A,0x0A0A,
	0xAF10,0x0A35,0x18AB,0x350A,0x353A,0x3535,0x1A1A,0x0A0A,
	0x3A45,0x4535,0x0A45,0x350A,0x4545,0x4545,0x0A45,0x4545,
	0x0A45,0x0A45,0x0A0A,0x4545,0x0A0A,0x0A0A,0x0A0A,0x0A0A,
	0x0A0A,0x0A0A,0x0A0A,0x0A0A,0x0A0A,0x0A0A,0x0A0A,0x390A,

	0x3535,0x9635,0x450A,0x0AAB,0x3535,0x454D,0x4545,0x0A0A,
	0x3535,0x4535,0x0A45,0x0A0A,0x3535,0x4545,0x0A45,0x0A0A,
	0x3535,0x4545,0x0A0A,0x0A0A,0x0A45,0x450A,0x0A0A,0x0A0A,
	0x390A,0x3939,0x0A39,0x0A0A,0x3939,0x3939,0x3939,0x7039,
	0x0A0A,0x0A0A,0x0A0A,0x0A26,0x0A0A,0x0A0A,0x0A26,0x0A0A,
	0x0A0A,0x3C0A,0x0A26,0xAB0A,0x0A0A,0x0A0A,0x0A0A,0x0A0A,
	0x0A0A,0x0A0A,0x0A0A,0xABAB,0x0A0A,0x0A0A,0x0A0A,0x260A,
	0x0A0A,0xABAB,0x0A0A,0x2626,0x3939,0x0A39,0x3CAB,0xB00A,

	0x0A0A,0x4A4A,0x4A4A,0x3C26,0x0AAB,0xABAB,0x3C4A,0xAB3C,
	0xABAB,0xABAB,0x3C4A,0xB03C,0xABAB,0x3C4A,0x2626,0x2626,
	0x3C3C,0xB03C,0x26AB,0x2626,0x2626,0x263C,0x2626,0x2626,
	0x3C26,0x2626,0x2626,0x2626,0xAB3C,0x26AB,0x2626,0x3C3C,
	0xAB3C,0xABAB,0x26AB,0x3C26,0xABAB,0x2626,0x2626,0x2626,
	0xABB0,0xABAB,0x2626,0x2626,0x4A26,0xABAB,0xABAB,0x3CAB,
	0x2626,0xAB3C,0xABAB,0x3C3C,0x2626,0xABAB,0xABAB,0x26AB,
	0xABAB,0xABAB,0xABAB,0xABAB,0x2626,0x3C26,0x263C,0x2626,

	0xABAB,0xABAB,0x523C,0x52AB,0x2626,0x2626,0x6C26,0x4AAB,
	0x263C,0xABAB,0xABAB,0x4AAB,0x2626,0x3CAB,0x3C3C,0xABAB,
	0xABAB,0xABAB,0x3CAB,0xAB3C,0x2626,0x2626,0x2626,0x3C26,
	0xABAB,0x2626,0x2626,0x3C3C,0xAB26,0x3C3C,0x3CB0,0xABAB,
	0x3C4A,0xABAB,0x3C3C,0x26AB,0x4AAB,0x3C3C,0xABAB,0x26AB,
	0x4AAB,0x3C3C,0xB0B0,0xABAB,0xB03C,0x2626,0x2626,0x3C4A,
	0xABB0,0x2626,0x2626,0x3C26,0x2626,0x2626,0x2626,0x3C26,
	0x2626,0x2626,0x2626,0x3CAB,0x2626,0x2626,0x3C3C,0x2626,

	0xAB26,0x2626,0xAB3C,0xABAB,0x2626,0x2626,0x3C26,0x2626,
	0x26AB,0x2626,0x2626,0x2626,0xABAB,0xABAB,0x263C,0xAB26,
	0xABAB,0x3CAB,0xAB3C,0xABAB,0xABAB,0xABAB,0x2626,0x2626,
	0xABAB,0xABAB,0xABAB,0xABAB,0x3C3C,0x2626,0x2626,0xABAB,
	0x26AB,0xABAB,0x4AAB,0x460A,0x2626,0xABAB,0x0AAB,0x4A0A,
	0xABAB,0xABAB,0x41AB,0x0A41,0x3C3C,0xAB3C,0x4AAB,0x26B0,
	0xABAB,0x3C3C,0x3CAB,0xABAB,0x2626,0x2626,0x6F6F,0x2626,
	0x2626,0x2626,0x6F6F,0x2626,0x3C3C,0x3C3C,0x3B4A,0x0A26,

	0x6A6A,0x0A0A,0xAB0A,0x410A,0x1A46,0xAB0A,0x2626,0x260A,
	0x6A41,0x6A6A,0x0AAB,0x0A0A,0x2626,0x6A0A,0x0A0A,0x0A0A,
	0x2626,0x6A6A,0x0A6A,0x0A0A,0x2641,0x6A26,0x410A,0x0A0A,
	0x2626,0x6A6A,0x6A6A,0x0A0A,0x1A26,0x6A3C,0x260A,0x6F0A,
	0x0A0A,0x0A0A,0x250A,0x2525,0x0A0A,0x0A0A,0x5C57,0x255C,
	0x0A0A,0x570A,0x5252,0x2525,0x0A0A,0x0A0A,0x5757,0xC152,
	0x0A0A,0x0A0A,0x5257,0xC1C1,0x0A0A,0x520A,0x2525,0xC1C1,
	0x0A0A,0x5C0A,0x2525,0x25C1,0x0A1A,0x0A0A,0xC15C,0x5CC1,

	0x2552,0x5252,0x5C25,0x5225,0x5252,0x8585,0x8552,0x2552,
	0x5225,0x8525,0x8525,0x5C52,0x5C25,0x2525,0x8585,0x5225,
	0x2525,0x5C5C,0x855C,0x5225,0x2552,0x2557,0x5252,0x5225,
	0x2552,0x2525,0x2552,0x5225,0x255C,0x5C5C,0x5C25,0x2525,
	0x2552,0x5225,0x1A25,0x1A1A,0x5252,0x5225,0x5752,0x1A1A,
	0x2525,0x5225,0x5757,0x1A1A,0x5225,0x5225,0x5757,0x1A57,
	0x2525,0x5225,0x5257,0x1A57,0x5725,0x5757,0x5252,0x1A57,
	0x2552,0x5757,0x5252,0x1A57,0x5C5C,0x5252,0x5C5C,0x1A1A,

	0x1A1A,0x1A1A,0x1A1A,0x101A,0x1A1A,0x1A1A,0x1A1A,0x1A1A,
	0x1A1A,0x1A1A,0x1A1A,0x1A1A,0x1A1A,0x1A1A,0x1A1A,0x1A1A,
	0x1A1A,0x1A1A,0x1A1A,0x1A1A,0x1A1A,0x1A1A,0x1A1A,0x1A1A,
	0x1A1A,0x1A1A,0x1A1A,0x1A1A,0x1A1A,0x1A1A,0x1A1A,0x1A1A,
	0x1010,0x3E3E,0x3E3E,0xB1B1,0x1A1A,0x3EC8,0x3E3E,0xC83E,
	0x1A1A,0x3E3E,0x3E3E,0xC8C8,0x1A1A,0xB11A,0x3E3E,0xC8C8,
	0x1A1A,0x3E1A,0x3E3E,0x3E3E,0x1A1A,0x1A1A,0x3E3E,0x3EC8,
	0x1A1A,0x1A1A,0x3E3E,0xC8C8,0x1A1A,0x1A1A,0xB11A,0xC8B1,

	0xB1B1,0x8484,0x1D84,0xC8C8,0xC8C8,0xB1C8,0x1D1D,0x3EB1,
	0x3E3E,0xB1B1,0x1D84,0xC8B1,0xC83E,0xB1C8,0x84B1,0xC83E,
	0xC8C8,0xB13E,0x8484,0xC83E,0xC8C8,0xC8C8,0x84B1,0xC8C8,
	0x3E3E,0xC8B1,0xB1B1,0xC8C8,0xB13E,0xC8C8,0x84B1,0xC8B1,
	0x3E3E,0xB1C8,0x3EB1,0x6666,0xB1C8,0xC8B1,0x3E3E,0x663E,
	0xC8C8,0xC8C8,0xC83E,0x6666,0x3E3E,0xC83E,0x3E3E,0x663E,
	0x3E3E,0xC83E,0x3E3E,0x663E,0x3EC8,0x3E3E,0x3E3E,0x6666,
	0x3E3E,0x3E3E,0x3E3E,0x6666,0x3EC8,0xC8C8,0x3E3E,0x5656,

	0x6666,0x6666,0x6666,0x6666,0x6666,0x6656,0x6666,0x6666,
	0x6666,0x5656,0x6666,0x6666,0x7D7D,0x7D7D,0x6666,0x6656,
	0x6666,0x6666,0x6666,0x6666,0x6666,0x6666,0x6666,0x6666,
	0x6666,0x6666,0x6666,0x6656,0x6666,0x5656,0x5656,0x5656,
	0x6666,0x8282,0x3E3E,0x3E3E,0x6666,0x8256,0x3EC8,0xC83E,
	0x6666,0x8256,0x3E3E,0x3E3E,0x6666,0x6666,0x3E3E,0x3E3E,
	0x6666,0x6666,0x3E3E,0x3E3E,0x6666,0x3E3E,0xB13E,0xC83E,
	0x6666,0x3EC8,0xC83E,0xC83E,0x3E66,0x3E3E,0xC8C8,0xC8C8,

	0x3E3E,0x3E3E,0x3E3E,0x3E3E,0xC8C8,0xC8C8,0x3E3E,0x3E3E,
	0xC8C8,0x3E3E,0x3EC8,0x3E3E,0xC83E,0x3E3E,0x3E3E,0x3E3E,
	0x3E3E,0x3E3E,0x3E3E,0x3EC8,0x3E3E,0x3EC8,0xB1C8,0x3E3E,
	0x3E3E,0xC83E,0x3EB1,0x3E3E,0xC83E,0xC8C8,0x3E3E,0x3E3E,
	0x5252,0x5757,0x8425,0x5252,0x5225,0x5252,0x5252,0x3125,
	0x5252,0x5252,0x5C5C,0x3131,0x5C84,0x8425,0x5C84,0x045C,
	0x8484,0x8484,0x8484,0x3184,0x1010,0x8410,0x8585,0x1084,
	0x103E,0x1010,0xB585,0x1085,0x10C8,0x1010,0xB585,0x1085,

	0x0A0A,0x0A0A,0x0A0A,0x0A0A,0x0A0A,0x0A0A,0x0A0A,0x0A0A,
	0x0A0A,0x0A0A,0x0A0A,0x0A18,0x0A0A,0x0A0A,0x1818,0x0A18,
	0x0A0A,0x0A0A,0x181A,0x0A0A,0x0A0A,0x0A0A,0x0A0A,0x0A0A,
	0x0A0A,0x0A0A,0x0A0A,0x0A0A,0x0A0A,0x320A,0x320A,0x320A,
	0x0A0A,0x0A0A,0x0A0A,0x0A0A,0x0A0A,0x0A0A,0x0A0A,0x0A0A,
	0x0A0A,0x0A0A,0x0A0A,0x0A0A,0x0A0A,0x0A0A,0x0A0A,0x0A0A,
	0x0A0A,0x0A0A,0x0A0A,0x0A0A,0x0A0A,0x0A0A,0x0A0A,0x180A,
	0x0A0A,0x0A0A,0x0A0A,0x0A0A,0x0A0A,0x320A,0x0A0A,0x0A0A,

	0x0A0A,0x0A0A,0x0A0A,0x1A0A,0x0A0A,0x0A0A,0x0A0A,0x0A0A,
	0x0A0A,0x0A0A,0x0A0A,0x0A0A,0x0A0A,0x0A0A,0x0A0A,0x0A0A,
	0x1818,0x0A0A,0x0A0A,0x0A0A,0x1A1A,0x0A0A,0x0A0A,0x0A0A,
	0x0A0A,0x0A0A,0x0A0A,0x0A0A,0x0A0A,0x0A0A,0x0A0A,0x0A0A,
	0x0A0A,0x0A0A,0x0A0A,0x0A0A,0x0A0A,0x0A0A,0x0A0A,0x0A0A,
	0x0A0A,0x0A0A,0x0A0A,0x0A0A,0x0A0A,0x0A0A,0x0A0A,0x0A0A,
	0x0A0A,0x0A0A,0x0A0A,0x0A0A,0x0A0A,0x0A0A,0x4B4B,0x4B4B,
	0x0A0A,0x0A0A,0x4B4B,0x4B4B,0x0A0A,0x0A0A,0x4B4B,0x4B4B,

	0x0A0A,0x181A,0x180A,0x0A18,0x0A0A,0x0A0A,0x0A0A,0x0A0A,
	0x0A0A,0x0A0A,0x0A0A,0x0A0A,0x0A0A,0x0A0A,0x0A0A,0x4B4B,
	0x0A0A,0x4B4B,0x4B4B,0x4B4B,0x4B4B,0x4B4B,0x4B4B,0x4B4B,
	0x4B4B,0x4B4B,0x4B4B,0x4B4B,0x4B4B,0x4B4B,0x4B4B,0x4B4B,
	0x0A0A,0x0A0A,0x0A0A,0x0A0A,0x0A0A,0x0A0A,0x0A0A,0x0A0A,
	0x0A0A,0x0A0A,0x0A0A,0x4B4B,0x4B4B,0x4B4B,0x4B4B,0x4B4B,
	0x4B4B,0x4B4B,0x4B4B,0x4B4B,0x4B4B,0x4B4B,0x4B4B,0x4B4B,
	0x4B4B,0x4B4B,0x4B4B,0x4B4B,0x4B4B,0x4B4B,0x4B4B,0x4B4B,

	0x0A0A,0x0A0A,0x0A0A,0x0A0A,0x0A0A,0x0A0A,0x4B4B,0x4B4B,
	0x4B4B,0x4B4B,0x4B4B,0x4B4B,0x4B4B,0x4B4B,0x4B4B,0x4B4B,
	0x4B4B,0x4B4B,0x4B4B,0x4B4B,0x4B4B,0x4B4B,0x4B4B,0x4B4B,
	0x4B4B,0x4B4B,0x4B4B,0x4B4B,0x4B4B,0x4B4B,0x4B4B,0x4B4B,
	0x0A0A,0x0A0A,0x0A0A,0x0A0A,0x4B4B,0x4B4B,0x4B4B,0x794B,
	0x4B4B,0x4B4B,0x4B4B,0x794B,0x4B4B,0x4B4B,0x4B4B,0x794B,
	0x4B4B,0x4B4B,0x4B4B,0x794B,0x4B4B,0x4B4B,0x4B4B,0x794B,
	0x4B4B,0x4B4B,0x4B4B,0x794B,0x4B4B,0x4B4B,0x904B,0x794B,

	0x0A0A,0x0A0A,0x0A0A,0x4B4B,0x4B4B,0x4B4B,0x4B4B,0x4B4B,
	0x4B4B,0x4B4B,0x4B4B,0x4B4B,0x4B4B,0x4B4B,0x4B4B,0x4B4B,
	0x4B4B,0x4B4B,0x4B4B,0x4B4B,0x4B4B,0x4B4B,0x4B4B,0x4B4B,
	0x4B4B,0x4B4B,0x4B4B,0x4B4B,0x4B4B,0x4B4B,0x4B4B,0x5A5A,
	0x4B4B,0x4B4B,0x4B4B,0x4B4B,0x4B4B,0x4B4B,0x4B4B,0x4B4B,
	0x4B4B,0x4B4B,0x4B4B,0x4B4B,0x4B4B,0x4B4B,0x4B4B,0x4B4B,
	0x4B4B,0x4B4B,0x4B4B,0x4B4B,0x4B4B,0x4B4B,0x4B4B,0x4B4B,
	0x4B4B,0x4B4B,0x4B4B,0x4B4B,0x5A5A,0x5A5A,0x5A5A,0x5A5A,

	0x4B4B,0x4B4B,0x4B4B,0x4B4B,0x4B4B,0x4B4B,0x4B4B,0x4B4B,
	0x4B4B,0x4B4B,0x4B4B,0x4B4B,0x4B4B,0x4B4B,0x4B4B,0x4B4B,
	0x4B4B,0x4B4B,0x4B4B,0x4B4B,0x4B4B,0x4B4B,0x4B4B,0x4B4B,
	0x4B4B,0x4B4B,0x4B4B,0x4B4B,0x5A5A,0x5A5A,0x5A5A,0x5A5A,
	0x4B4B,0x4B4B,0x4B4B,0x4B4B,0x4B4B,0x4B4B,0x4B4B,0x4B4B,
	0x4B4B,0x4B4B,0x4B4B,0x4B4B,0x4B4B,0x4B4B,0x4B4B,0x4B4B,
	0x4B4B,0x4B4B,0x4B4B,0x4B4B,0x4B4B,0x4B4B,0x4B4B,0x4B4B,
	0x4B4B,0x4B4B,0x4B4B,0x4B4B,0x5A5A,0x5A5A,0x5A5A,0x5A5A,

	0x4B4B,0x4B4B,0x0A0A,0x0A0A,0x4B4B,0x4B4B,0x4B4B,0x4B4B,
	0x4B4B,0x4B4B,0x4B4B,0x4B4B,0x4B4B,0x4B4B,0x4B4B,0x4B4B,
	0x4B4B,0x4B4B,0x4B4B,0x4B4B,0x4B4B,0x4B4B,0x4B4B,0x4B4B,
	0x4B4B,0x4B4B,0x4B4B,0x4B4B,0x5A5A,0x5A5A,0x4B4B,0x4B4B,
	0x0A0A,0x0A0A,0x0A0A,0x0A0A,0x4B4B,0x4B4B,0x4B4B,0x4B4B,
	0x4B4B,0x4B4B,0x4B4B,0x4B4B,0x4B4B,0x4B4B,0x4B4B,0x4B4B,
	0x4B4B,0x4B4B,0x4B4B,0x4B4B,0x4B4B,0x4B4B,0x4B4B,0x4B4B,
	0x4B4B,0x4B4B,0x4B4B,0x4B4B,0x4B4B,0x4B4B,0x9090,0x4B4B,

	0x0A0A,0x0A32,0x0A0A,0x0A0A,0x4B4B,0x4B4B,0x4B4B,0x0A4B,
	0x4B4B,0x4B4B,0x4B4B,0x4B4B,0x4B4B,0x4B4B,0x4B4B,0x4B4B,
	0x4B4B,0x4B4B,0x4B4B,0x4B4B,0x4B4B,0x4B4B,0x4B4B,0x4B4B,
	0x4B4B,0x4B4B,0x4B4B,0x4B4B,0x4B4B,0x4B4B,0x4B4B,0x4B4B,
	0x0A0A,0x0A0A,0x0A0A,0x0A0A,0x0A0A,0x0A0A,0x0A0A,0x0A0A,
	0x4B4B,0x4B4B,0x0A0A,0x0A0A,0x4B4B,0x4B4B,0x4B4B,0x4B4B,
	0x4B4B,0x4B4B,0x4B4B,0x4B4B,0x4B4B,0x4B4B,0x4B4B,0x4B4B,
	0x4B4B,0x4B4B,0x4B4B,0x4B4B,0x4B4B,0x4B4B,0x4B4B,0x4B4B,

	0x0A0A,0x0A0A,0x320A,0x0A0A,0x0A0A,0x0A0A,0x0A0A,0x0A0A,
	0x0A0A,0x0A0A,0x0A0A,0x0A0A,0x4B4B,0x4B4B,0x0A4B,0x0A0A,
	0x4B4B,0x4B4B,0x4B4B,0x4B4B,0x4B4B,0x4B4B,0x4B4B,0x4B4B,
	0x4B4B,0x4B4B,0x4B4B,0x4B4B,0x4B4B,0x4B4B,0x4B4B,0x4B4B,
	0x0A0A,0x0A0A,0x0A0A,0x0A0A,0x0A0A,0x0A0A,0x0A0A,0x0A1A,
	0x0A0A,0x0A0A,0x0A0A,0x0A0A,0x0A0A,0x0A0A,0x0A0A,0x0A0A,
	0x0A0A,0x0A0A,0x0A0A,0x0A0A,0x4B4B,0x4B4B,0x4B4B,0x0A0A,
	0x4B4B,0x4B4B,0x4B4B,0x0A0A,0x4B4B,0x4B4B,0x4B4B,0x0A0A,

	0x0A0A,0x0A0A,0x0A0A,0x0A0A,0x0A0A,0x0A0A,0x0A0A,0x0A0A,
	0x0A0A,0x0A0A,0x0A0A,0x0A0A,0x1A0A,0x0A0A,0x0A0A,0x0A0A,
	0x1A1A,0x0A0A,0x0A0A,0x0A0A,0x0A0A,0x0A0A,0x0A0A,0x0A0A,
	0x0A0A,0x0A0A,0x0A0A,0x0A0A,0x0A0A,0x0A0A,0x0A0A,0x0A0A,
	0x0A0A,0x5757,0x5757,0x5257,0x0A0A,0x5757,0x5252,0x5757,
	0x0A0A,0x5757,0x5252,0x5757,0x0A0A,0x5252,0x5757,0x5752,
	0x0A0A,0x5252,0x5252,0x5752,0x0A57,0x2557,0x2525,0x2525,
	0x5757,0x5757,0x5252,0x2525,0x5757,0x5257,0x5252,0x5257,

	0x5225,0x2557,0x5752,0x5757,0x5252,0x5757,0x5252,0x5752,
	0x5757,0x2525,0x5752,0x5752,0x5252,0x2525,0x2552,0x5757,
	0x5252,0x2525,0x2585,0x5757,0x5C5C,0x8585,0x5252,0x5257,
	0x5C5C,0x5285,0x5757,0x2552,0x5225,0x2585,0x5252,0x5252,
	0x5257,0x0A57,0x0A0A,0x0A0A,0x5757,0x5757,0x0A0A,0x0A0A,
	0x5757,0x0A52,0x0A0A,0x0A0A,0x5757,0x5757,0x0A0A,0x3B0A,
	0x5757,0x5757,0x0A0A,0x3B0A,0x2525,0x5757,0x0A0A,0x0A0A,
	0x5225,0x5757,0x0A0A,0x0A0A,0x5752,0x5252,0x0A0A,0x0A0A,

	0x0A0A,0x0A0A,0x0A0A,0x0A0A,0x0A0A,0x0A0A,0x0A0A,0x0A0A,
	0x0A0A,0x0A0A,0x0A0A,0x0A0A,0x0A0A,0x0A0A,0x0A0A,0x0A0A,
	0x0A0A,0x0A0A,0x0A0A,0x0A0A,0x3B0A,0x0A0A,0x0A0A,0x0A0A,
	0x3B0A,0x0A1A,0x0A0A,0x0A0A,0x0A0A,0x0A0A,0x0A0A,0x0A0A,
	0x0A0A,0x0A0A,0x0A0A,0x0A0A,0x0A0A,0x0A0A,0x0A0A,0x0A0A,
	0x0A0A,0x0A0A,0x0A0A,0x0A0A,0x0A0A,0x0A0A,0x0A0A,0x0A0A,
	0x320A,0x0A0A,0x0A0A,0x0A0A,0x0A32,0x3232,0x3232,0x0A0A,
	0x320A,0x320A,0x320A,0x0A0A,0x0A0A,0x0A0A,0x0A0A,0x0A0A,

	0x0A0A,0x0A0A,0x0A0A,0x0A0A,0x0A0A,0x0A0A,0x0A0A,0x0A0A,
	0x0A0A,0x0A0A,0x0A0A,0x0A0A,0x0A0A,0x0A0A,0x0A0A,0x0A0A,
	0x0A0A,0x0A0A,0x0A0A,0x3B0A,0x0A0A,0x0A0A,0x3B0A,0x3B0A,
	0x0A0A,0x0A0A,0x1A1A,0x0A0A,0x0A0A,0x0A0A,0x0A0A,0x0A0A,
	0x0A0A,0x0A0A,0x3B1A,0x0A0A,0x0A0A,0x0A0A,0x0A0A,0x0A0A,
	0x0A0A,0x0A0A,0x0A0A,0x0A0A,0x0A0A,0x0A0A,0x0A0A,0x0A0A,
	0x0A0A,0x0A0A,0x0A0A,0x0A0A,0x0A1A,0x0A0A,0x0A0A,0x1818,
	0x0A0A,0x0A0A,0x0A0A,0x181A,0x0A0A,0x0A0A,0x0A0A,0x0A0A,

	0x0A0A,0x180A,0x0A1A,0x0A0A,0x0A0A,0x0A0A,0x0A0A,0x0A0A,
	0x0A0A,0x0A0A,0x0A0A,0x0A0A,0x1818,0x0A0A,0x0A0A,0x0A0A,
	0x1818,0x0A0A,0x0A0A,0x0A0A,0x0A0A,0x0A0A,0x0A0A,0x1818,
	0x0A0A,0x0A0A,0x0A0A,0x1A1A,0x0A0A,0x0A3B,0x0A0A,0x0A0A,
	0x0A0A,0x0A0A,0x0A0A,0x0A0A,0x0A0A,0x0A0A,0x0A0A,0x0A0A,
	0x0A0A,0x0A0A,0x0A0A,0x0A0A,0x180A,0x0A0A,0x0A0A,0x0A0A,
	0x180A,0x0A0A,0x0A0A,0x0A0A,0x0A0A,0x0A0A,0x0A18,0x0A0A,
	0x0A0A,0x180A,0x0A0A,0x0A0A,0x0A0A,0x0A0A,0x0A0A,0x0A0A,

	0x0A0A,0x0A0A,0x0A0A,0x0A0A,0x0A0A,0x0A0A,0x0A0A,0x0A0A,
	0x0A0A,0x0A0A,0x0A0A,0x0A0A,0x0A0A,0x0A0A,0x0A0A,0x0A0A,
	0x0A0A,0x0A0A,0x0A0A,0x0A0A,0x0A0A,0x0A0A,0x0A0A,0x0A0A,
	0x0A0A,0x0A0A,0x0A0A,0x0A0A,0x0A0A,0x0A0A,0x0A0A,0x0A0A,
	0x0A0A,0x0A0A,0x0A0A,0x0A0A,0x0A0A,0x0A0A,0x0A0A,0x0A0A,
	0x0A0A,0x0A0A,0x0A0A,0x0A0A,0x0A0A,0x0A0A,0x0A0A,0x180A,
	0x0A0A,0x0A0A,0x1818,0x180A,0x0A0A,0x0A0A,0x1A1A,0x0A0A,
	0x0A0A,0x0A0A,0x0A0A,0x180A,0x0A0A,0x0A0A,0x0A0A,0x0A0A,

	0x0A0A,0x0A0A,0x0A0A,0x0A0A,0x0A0A,0x0A0A,0x0A0A,0x0A0A,
	0x0A0A,0x0A0A,0x0A0A,0x0A0A,0x0A0A,0x0A0A,0x0A0A,0x0A0A,
	0x0A0A,0x0A0A,0x0A0A,0x0A0A,0x0A0A,0x0A0A,0x0A0A,0x0A0A,
	0x0A18,0x0A0A,0x0A0A,0x0A0A,0x0A1A,0x0A0A,0x0A0A,0x0A0A,
	0x0A0A,0x0A0A,0x0A0A,0x0A0A,0x0A0A,0x0A0A,0x0A0A,0x0A0A,
	0x0A0A,0x0A0A,0x0A0A,0x0A0A,0x0A0A,0x0A0A,0x0A0A,0x0A0A,
	0x0A0A,0x0A0A,0x0A0A,0x0A0A,0x0A0A,0x0A3B,0x0A3B,0x0A0A,
	0x0A0A,0x3B3B,0x0A3B,0x0A0A,0x0A0A,0x0A0A,0x0A0A,0x0A0A,

	0x0A0A,0x0A0A,0x0A0A,0x0A0A,0x0A0A,0x0A0A,0x0A0A,0x0A0A,
	0x0A0A,0x0A0A,0x0A0A,0x0A18,0x0A0A,0x0A0A,0x1818,0x0A18,
	0x0A0A,0x0A0A,0x181A,0x0A0A,0x0A0A,0x0A0A,0x0A0A,0x0A0A,
	0x0A0A,0x0A0A,0x0A0A,0x0A0A,0x0A0A,0x0A0A,0x0A0A,0x0A0A,
	0x0A0A,0x0A0A,0x0A0A,0x3232,0x0A0A,0x0A32,0x0A32,0x0A0A,
	0x0A32,0x3232,0x3232,0x0A0A,0x320A,0x0A0A,0x0A0A,0x0A0A,
	0x0A0A,0x0A0A,0x0A0A,0x0A0A,0x0A0A,0x0A0A,0x0A0A,0x180A,
	0x0A0A,0x0A0A,0x0A0A,0x0A0A,0x0A0A,0x0A46,0x0A0A,0x0A0A,

	0x3232,0x320A,0x0A0A,0x0A0A,0x0A0A,0x0A32,0x0A0A,0x0A0A,
	0x0A0A,0x0A0A,0x0A0A,0x0A0A,0x0A0A,0x0A0A,0x0A0A,0x0A0A,
	0x1818,0x0A0A,0x0A0A,0x320A,0x1A1A,0x0A0A,0x0A0A,0x0A32,
	0x0A0A,0x0A0A,0x0A0A,0x1A0A,0x0A0A,0x0A0A,0x0A0A,0x1A1A,
	0x0A0A,0x0A0A,0x0A0A,0x0A0A,0x0A0A,0x0A0A,0x0A18,0x461A,
	0x0A0A,0x1818,0x1818,0x0A0A,0x0A0A,0x1A1A,0x0A0A,0x1A0A,
	0x0A0A,0x0A0A,0x1A0A,0x1A0A,0x321A,0x3232,0x1A1A,0x1A1A,
	0x321A,0x320A,0x1A0A,0x1A1A,0x0A0A,0x0A0A,0x1A1A,0x1A1A,

	0x1A1A,0x1A1A,0x0A1A,0x0A0A,0x0A0A,0x1A1A,0x0A46,0x1A1A,
	0x0A0A,0x0A0A,0x1A1A,0x1A1A,0x0A46,0x1A0A,0x1A1A,0x1A1A,
	0x1846,0x0A18,0x1A1A,0x1A1A,0x1A1A,0x4646,0x1A1A,0x1A1A,
	0x461A,0x0A46,0x1A0A,0x1A1A,0x0A0A,0x0A0A,0x1A1A,0x1A1A,
	0x0A0A,0x0A1A,0x0A0A,0x0A0A,0x0A0A,0x1A1A,0x0A1A,0x0A0A,
	0x0A1A,0x1A1A,0x1A1A,0x0A1A,0x1A1A,0x1A1A,0x1A1A,0x0A0A,
	0x1A1A,0x1A1A,0x0A1A,0x1A0A,0x1A1A,0x1A1A,0x1A1A,0x1A1A,
	0x1A1A,0x1A1A,0x1A1A,0x1A1A,0x1A1A,0x1A1A,0x1A0A,0x0A1A,

	0x1A0A,0x0A0A,0xA60C,0x4B4B,0x1A1A,0x0A1A,0xA60C,0x4B4B,
	0x1A0A,0x0A1A,0xA60C,0x4B4B,0x0A0A,0x0A0A,0xA60C,0x4B4B,
	0x0A69,0x0A0A,0xA60C,0x4B4B,0x1A1A,0x0A0A,0xA60C,0x4B4B,
	0x1A1A,0x0A0A,0xA60C,0x4B4B,0x0A0A,0x1A1A,0xA60C,0x4B4B,
	0x4B4B,0x0C0C,0x4B4B,0x0A0C,0x4B4B,0x4B4B,0x4B4B,0x0A0C,
	0x4B4B,0x4B4B,0x4B4B,0x0A0C,0x0C4B,0x4B4B,0x904B,0x0A0C,
	0x0C0C,0x4B4B,0x4B4B,0x0A0C,0x4B4B,0x4B4B,0x4B4B,0x0A0C,
	0x4B4B,0x4B4B,0x4B4B,0x0A0C,0x4B4B,0x4B4B,0x4B4B,0x0A0C,

	0x450A,0x4545,0x0A0A,0x0A0A,0x0A0A,0x0A0A,0x0A0A,0x0A0A,
	0x0A0A,0x0A0A,0x0A0A,0x0A18,0x0A0A,0x0A0A,0x1818,0x0A18,
	0x0A0A,0x0A0A,0x181A,0x0A0A,0x0A0A,0x0A0A,0x0A0A,0x0A46,
	0x0A0A,0x0A0A,0x0A0A,0x0A46,0x0A0A,0x0A0A,0x0A46,0x0A46,
	0x0A0A,0x0A0A,0x450A,0x450A,0x0A0A,0x0A32,0x0A32,0x0A0A,
	0x320A,0x320A,0x0A0A,0x0A0A,0x0A0A,0x0A0A,0x3232,0x0A0A,
	0x0A0A,0x0A0A,0x0A32,0x0A0A,0x0A0A,0x0A0A,0x0A0A,0x180A,
	0x0A0A,0x0A0A,0x0A46,0x0A0A,0x0A0A,0x460A,0x0A0A,0x0A0A,

	0x0A45,0x0A0A,0x0A0A,0x0A0A,0x0A0A,0x0A0A,0x0A0A,0x0A0A,
	0x0A0A,0x0A0A,0x0A0A,0x0A0A,0x0A0A,0x0A0A,0x0A0A,0x0A0A,
	0x1818,0x0A0A,0x0A0A,0x540A,0x1A1A,0x0A0A,0x0A0A,0x5454,
	0x0A0A,0x0A0A,0x540A,0x5454,0x0A0A,0x0A0A,0x7070,0x7070,
	0x0A0A,0x0A0A,0x0A0A,0x9393,0x0A0A,0x0A0A,0x3939,0x3939,
	0x180A,0x3939,0x3939,0x3939,0x9393,0x3939,0x3939,0x0A39,
	0x5454,0x9393,0x3993,0x0A0A,0x5454,0x5454,0x0A0A,0x5454,
	0x5454,0x5454,0x9370,0x5454,0x5454,0x7070,0x5454,0x9354,

	0x3993,0x3939,0x3939,0x3970,0x3939,0x0A39,0x3970,0x3939,
	0x3939,0x700A,0x3939,0x3939,0x5439,0x5454,0x9354,0x3993,
	0x5454,0x5454,0x5454,0x7093,0x5454,0x540A,0x5454,0x5454,
	0x5454,0x540A,0x5454,0x5454,0x0A93,0x5470,0x5454,0x5454,
	0x3939,0x3939,0xAB3C,0xABAB,0x3939,0x7039,0x5454,0x5454,
	0x3939,0x5493,0x5454,0x5454,0x9370,0x5493,0x5454,0x540A,
	0x5454,0x9354,0x9393,0x0A0A,0x5454,0x5454,0x0A0A,0x3970,
	0x5454,0x540A,0x9393,0x3939,0x5454,0x3993,0x3939,0x3939,

	0x3C4A,0x2626,0x3C3C,0x263C,0x5454,0x260A,0x3C0A,0x2626,
	0x0A54,0x5654,0x2626,0x4A3C,0x560A,0x6656,0x6666,0x6666,
	0x5670,0x6666,0x6666,0x6666,0x3939,0x3939,0x6639,0x6666,
	0x3939,0x3939,0x3939,0x5639,0x3939,0x3939,0x9339,0x3939,
	0x2626,0x2626,0x3C3C,0x3C3C,0xABAB,0xABAB,0xABAB,0x26AB,
	0xAB26,0xABAB,0xABAB,0xABAB,0x2626,0x263C,0xABAB,0xABAB,
	0x6666,0xAB3C,0xABAB,0x3CAB,0x5656,0xABAB,0x3C3C,0x2626,
	0x5656,0x4AAB,0xB0AB,0x2626,0x5656,0xAB0A,0xAB4A,0x54AB,

	0xB03C,0xABAB,0x4AAB,0x263C,0xAB3C,0xABAB,0x2626,0x2626,
	0xAB3C,0x2626,0x2626,0x2626,0xABAB,0x3C3C,0xAB3C,0xABAB,
	0x0AAB,0xABAB,0x3C4A,0xAB3C,0xABAB,0x0A0A,0xABAB,0x3C26,
	0x540A,0x5454,0x2626,0x3C3C,0x5454,0x5454,0x5454,0x5454,
	0xAB26,0x3C3C,0x2626,0x2626,0x2626,0x3C3C,0x2626,0xABAB,
	0x2626,0x2626,0x264A,0xABAB,0x0A26,0x0A26,0x3C26,0x2626,
	0x0AAB,0x0A0A,0x4AAB,0x3C3C,0x2626,0x2626,0xABAB,0xABAB,
	0x2626,0xABAB,0x0A0A,0x4A4A,0x1854,0xAB0A,0xAB0A,0xABAB,

	0x2626,0x3C3C,0x3C3C,0x3CB0,0xABAB,0xABAB,0x5226,0xAB52,
	0xABAB,0xABAB,0x52AB,0x52AB,0xAB26,0x4AAB,0x3CAB,0x6CAB,
	0x0AAB,0x0AAB,0xAB3C,0xABAB,0xABAB,0x260A,0x2626,0xABAB,
	0xABAB,0x0A0A,0x2626,0x2626,0x0A0A,0xAB0A,0xB026,0xB03C,
	0x52AB,0x4A4A,0x6F26,0x6F6F,0x6CAB,0x2626,0x2626,0x6F11,
	0x2652,0x2626,0x2626,0x6F6F,0x3C6C,0xABAB,0xABAB,0x6F11,
	0xABAB,0x3C3C,0xABAB,0x6F6F,0xABAB,0xC1AB,0x3C3C,0x6F11,
	0x2626,0xC1C1,0x263C,0x6F6F,0x2626,0xC10A,0x1A1A,0x1111,

	0x1A1A,0x6A6A,0x6A6A,0x6F6F,0x1A3C,0x0A26,0x1A6A,0x6F1A,
	0x0A6F,0x6A26,0x6A6A,0x6F41,0x4126,0x411A,0x1A6A,0x6F6F,
	0x6F6F,0x6A1A,0x6A6A,0x6F6A,0x0A11,0x1A1A,0x6A6A,0x6F6F,
	0x6F6F,0x6A1A,0x6A6A,0x6F6A,0x116F,0x0A41,0x6A0A,0x6F6F,
	0x1A1A,0x1A0A,0xC10A,0x5C84,0x1A1A,0x1A1A,0xC1C1,0x8411,
	0x1A1A,0x1A1A,0xC111,0x0A45,0x1A11,0x111A,0xC1C1,0x1011,
	0x1A1A,0x101A,0xC1C1,0x1A10,0x1A11,0xC111,0xC1C1,0x1011,
	0x1A0A,0x111A,0x11C1,0x1010,0x116F,0xC111,0x11C1,0x1010,

	0x8484,0x5C5C,0x5C84,0x5C5C,0x840A,0x8484,0x8484,0x8484,
	0x1045,0x8484,0x8484,0x1084,0x1A10,0x1010,0xB585,0x1085,
	0x1010,0x1010,0xB585,0x1085,0x1010,0x1010,0x1AB5,0x851A,
	0x1010,0x1010,0x1010,0x1010,0x1010,0x1010,0x1010,0x101A,
	0x5C5C,0x5252,0x1A5C,0x1A1A,0x8484,0x8484,0x1A1A,0x1A1A,
	0x8484,0x1A1A,0x101A,0x1A1A,0x101A,0x1010,0x1010,0x1010,
	0x101A,0x101A,0x1010,0x101A,0x1A10,0x1010,0x1A10,0x101A,
	0x1A10,0x1010,0x102F,0x1010,0x1010,0x1010,0x2F2F,0x2F10,

	0x1A1A,0x1A1A,0x1A1A,0x1A1A,0x2F1A,0x1A1A,0x2F1A,0x1A1A,
	0x2F2F,0x1A1A,0x2F2F,0x1A1A,0x1A2F,0x1A1A,0x1A2F,0x1A1A,
	0x2F2F,0x1A1A,0x1A2F,0x1A1A,0x2F1A,0x2F1A,0x1A1A,0x2F1A,
	0x1A1A,0x2F2F,0x1A1A,0x2F1A,0x1A1A,0x1A1A,0x1A1A,0x2F1A,
	0x1A1A,0x1A1A,0xB11A,0xB1B1,0x1A1A,0x1A1A,0x843E,0xB184,
	0x1A1A,0x3E1A,0xC8C8,0xB1B1,0x1A1A,0x1A1A,0x3E3E,0x3EC8,
	0x1A1A,0x1A1A,0xC83E,0x3EB1,0x1A1A,0xC81A,0xB1B1,0xB1C8,
	0x1A1A,0x841A,0xB1B1,0xB1C8,0x1A1A,0x1A1A,0x8484,0x84B1,

	0xB1C8,0xC8C8,0x84B1,0xC8B1,0xC8C8,0x1D1D,0x1DC8,0xB1C8,
	0xC8B1,0x1DB1,0x1DB1,0x84C8,0x84B1,0xB1B1,0x1D1D,0xC8B1,
	0xB1B1,0x8484,0x1D84,0xC8B1,0xB1C8,0xB13E,0xC8C8,0xC8B1,
	0xB1C8,0xB1B1,0xB1C8,0xC8B1,0xB184,0x8484,0x84B1,0xB1B1,
	0xB1C8,0xC8B1,0x1AB1,0x6682,0xC8C8,0xC8B1,0x3EC8,0x8282,
	0xB1B1,0xC8B1,0x3E3E,0x8282,0xC8B1,0xC8B1,0x3E3E,0x823E,
	0xB1B1,0xC8B1,0xC83E,0x823E,0x3EB1,0x3E3E,0xC8C8,0x663E,
	0xB1C8,0x3E3E,0xC8C8,0x663E,0x8484,0xC8C8,0x8484,0x6666,

	0x6666,0x8282,0x6656,0x7D7D,0x8282,0x8282,0x6666,0x6666,
	0x8282,0x8282,0x6666,0x6666,0x8282,0x8282,0x6666,0x6666,
	0x8282,0x8282,0x6656,0x6666,0x5666,0x6666,0x6666,0x7D7D,
	0x6666,0x6666,0x6666,0x6666,0x6666,0x6666,0x6666,0x6666,
	0xC87D,0x3E3E,0x3E3E,0xC8C8,0x3E66,0x3E3E,0x3E3E,0x3E3E,
	0xC866,0x3E3E,0x3E3E,0x3E3E,0x3E3E,0xC8C8,0xC8C8,0xC8B1,
	0x3E3E,0x3E3E,0xC8C8,0x84C8,0x6666,0xC8C8,0x3E3E,0x3E3E,
	0x3E3E,0x3E3E,0xC8B1,0x3E3E,0x3E3E,0xC83E,0xB13E,0xC8B1,

	0xB1C8,0xC83E,0x3E3E,0x3E3E,0xB1B1,0x3E3E,0x3E3E,0x3E3E,
	0x3E3E,0x3EB1,0x3E3E,0x3EC8,0xC8B1,0xC8B1,0x3E3E,0xB13E,
	0xB1B1,0xB1B1,0x3E3E,0xB1C8,0xB11D,0x3EB1,0xC8C8,0x3EC8,
	0x841D,0x3EC8,0xB1B1,0x3EC8,0x1DB1,0x84B1,0x1DB1,0xC83E,
	0x103E,0x1010,0x1AB5,0x1085,0x10C8,0x101A,0x3110,0x3110,
	0x1AC8,0x1010,0x3110,0x3131,0x3E3E,0x3E3E,0x311A,0x3131,
	0x3E3E,0x3E3E,0x311A,0x3131,0x3E3E,0x3E3E,0x1A1A,0x3131,
	0x3E3E,0x3E3E,0x1A1A,0x3131,0x3E3E,0x3E3E,0x1A3E,0x3131,

	0x0A0A,0x0A0A,0x0A0A,0x0A0A,0x0A0A,0x0A0A,0x0A32,0x0A0A,
	0x0A0A,0x0A0A,0x0A0A,0x0A0A,0x0A0A,0x0A0A,0x0A0A,0x0A0A,
	0x0A0A,0x0A0A,0x0A32,0x0A0A,0x0A0A,0x0A0A,0x0A0A,0x0A32,
	0x0A0A,0x0A0A,0x0A32,0x0A32,0x0A0A,0x0A0A,0x320A,0x0A0A,
	0x0A0A,0x320A,0x0A0A,0x0A0A,0x0A0A,0x320A,0x320A,0x0A0A,
	0x0A0A,0x0A32,0x320A,0x0A0A,0x0A0A,0x0A32,0x320A,0x0A0A,
	0x0A0A,0x0A0A,0x0A0A,0x0A0A,0x0A32,0x0A0A,0x0A0A,0x0A0A,
	0x0A32,0x0A0A,0x0A0A,0x0A0A,0x3232,0x3232,0x0A0A,0x0A0A,

	0x0A0A,0x0A0A,0x0A0A,0x0A0A,0x0A0A,0x0A0A,0x0A0A,0x0A0A,
	0x0A0A,0x0A0A,0x0A0A,0x0A0A,0x0A0A,0x0A0A,0x0A0A,0x0A0A,
	0x0A0A,0x0A0A,0x0A0A,0x0A0A,0x0A0A,0x1818,0x0A0A,0x0A0A,
	0x0A0A,0x1818,0x0A0A,0x0A0A,0x1818,0x0A0A,0x0A18,0x0A0A,
	0x0A0A,0x0A0A,0x4B4B,0x4B4B,0x0A0A,0x0A0A,0x4B4B,0x4B4B,
	0x0A0A,0x0A0A,0x4B4B,0x4B4B,0x0A0A,0x0A0A,0x4B4B,0x4B4B,
	0x0A0A,0x0A0A,0x4B4B,0x4B4B,0x0A0A,0x0A0A,0x4B4B,0x4B4B,
	0x0A0A,0x0A0A,0x4B4B,0x4B4B,0x0A0A,0x0A0A,0x4B4B,0x4B4B,

	0x4B4B,0x4B4B,0x4B4B,0x4B4B,0x4B4B,0x4B4B,0x4B4B,0x4B4B,
	0x4B4B,0x4B4B,0x4B4B,0x4B4B,0x4B4B,0x4B4B,0x5A4B,0x5A5A,
	0x4B4B,0x4B4B,0x5A4B,0x5A5A,0x4B4B,0x4B4B,0x5A4B,0x5A5A,
	0x4B4B,0x4B4B,0x5A4B,0x5A5A,0x4B4B,0x4B4B,0x724B,0x7272,
	0x4B4B,0x4B4B,0x4B4B,0x4B4B,0x4B4B,0x904B,0x4B4B,0x5A5A,
	0x4B4B,0x5A5A,0x5A5A,0x5A5A,0x5A5A,0x5A5A,0x5A5A,0x5A5A,
	0x5A5A,0x5A5A,0x5A5A,0x5A5A,0x5A5A,0x5A5A,0x5A5A,0x5A5A,
	0x5A5A,0x5A5A,0x5A5A,0x5A5A,0x7272,0x7272,0x7272,0x7272,

	0x4B4B,0x4B4B,0x4B4B,0x9090,0x5A5A,0x5A5A,0x5A5A,0x5A5A,
	0x5A5A,0x5A5A,0x5A5A,0x5A5A,0x5A5A,0x5A5A,0x5A5A,0x5A5A,
	0x5A5A,0x5A5A,0x5A5A,0x5A5A,0x5A5A,0x5A5A,0x5A5A,0x5A5A,
	0x5A5A,0x5A5A,0x5A5A,0x5A5A,0x7272,0x7272,0x7272,0x7272,
	0x4B4B,0x5A4B,0x5A5A,0x795A,0x5A5A,0x5A5A,0x5A5A,0x795A,
	0x5A5A,0x5A5A,0x5A5A,0x725A,0x5A5A,0x5A5A,0x5A5A,0x725A,
	0x5A5A,0x5A5A,0x5A5A,0x725A,0x5A5A,0x5A5A,0x5A5A,0x725A,
	0x5A5A,0x5A5A,0x5A5A,0x725A,0x7272,0x7272,0x7272,0x7272,

	0x5A5A,0x5A5A,0x5A5A,0x5A5A,0x5A5A,0x5A5A,0x5A5A,0x5A5A,
	0x5A5A,0x5A5A,0x5A5A,0x5A5A,0x5A5A,0x5A5A,0x5A5A,0x5A5A,
	0x5A5A,0x5A5A,0x5A5A,0x5A5A,0x5A5A,0x5A5A,0x5A5A,0x5A5A,
	0x5A5A,0x5A5A,0x5A5A,0xA0A0,0x7272,0x7272,0xA0A0,0x5AA0,
	0x5A5A,0x5A5A,0x5A5A,0x5A5A,0x5A5A,0x5A5A,0x5A5A,0x5A5A,
	0x5A5A,0x5A5A,0x5A5A,0x5A5A,0x5A5A,0x5A5A,0x5A5A,0xA05A,
	0x5A5A,0x5A5A,0x5A5A,0xA05A,0x5A5A,0xA0A0,0xA0A0,0xA0A0,
	0xA0A0,0x5AA0,0x5A5A,0xA0A0,0x5A5A,0x5AA0,0x5A5A,0xA0A0,

	0x5A5A,0x5A5A,0x5A5A,0x5A5A,0x5A5A,0x5A5A,0x5A5A,0x5A5A,
	0x5A5A,0x5A5A,0x5A5A,0x5A5A,0xA0A0,0xA0A0,0xA0A0,0xA0A0,
	0x5A5A,0x5A5A,0xA0A0,0x5A5A,0xA0A0,0x5AA0,0xA0A0,0xA05A,
	0x5AA0,0x5AA0,0xA0A0,0xA05A,0x5AA0,0x5A5A,0xA0A0,0x5A5A,
	0x5A5A,0x5A5A,0x5A5A,0x5A5A,0x5A5A,0x5A5A,0x5A5A,0x5A5A,
	0x5A5A,0x5A5A,0x5A5A,0x5A5A,0xA0A0,0x5AA0,0x5A5A,0x5A5A,
	0x5A5A,0x5AA0,0x5A5A,0x5A5A,0xA0A0,0xA0A0,0xA0A0,0xA0A0,
	0xA05A,0xA0A0,0x5A5A,0xA05A,0xA05A,0xA0A0,0x5A5A,0xA05A,

	0x5A5A,0x5A5A,0x5A5A,0x5A5A,0x5A5A,0x5A5A,0x5A5A,0x5A5A,
	0x5A5A,0x5A5A,0x5A5A,0x5A5A,0x5A5A,0x5A5A,0x5A5A,0x5A5A,
	0x5A5A,0x5A5A,0x5A5A,0x5A5A,0x5A5A,0x5A5A,0x5A5A,0x5A5A,
	0xA0A0,0xA0A0,0x5A5A,0x5A5A,0x5A5A,0xA05A,0xA0A0,0x7272,
	0x5A5A,0x5A5A,0x5A5A,0x5A5A,0x5A5A,0x5A5A,0x5A5A,0x5A5A,
	0x5A5A,0x5A5A,0x5A5A,0x5A5A,0x5A5A,0x5A5A,0x5A5A,0x5A5A,
	0x5A5A,0x5A5A,0x5A5A,0x5A5A,0x5A5A,0x5A5A,0x5A5A,0x5A5A,
	0x5A5A,0x5A5A,0x5A5A,0x5A5A,0x7272,0x7272,0x7272,0x7272,

	0x4B4B,0x904B,0x4B4B,0x4B4B,0x5A5A,0x5A5A,0x5A5A,0x5A5A,
	0x5A5A,0x5A5A,0x5A5A,0x5A5A,0x5A5A,0x5A5A,0x5A5A,0x5A5A,
	0x5A5A,0x5A5A,0x5A5A,0x5A5A,0x5A5A,0x5A5A,0x5A5A,0x5A5A,
	0x5A5A,0x5A5A,0x5A5A,0x5A5A,0x7272,0x7272,0x7272,0x7272,
	0x4B4B,0x4B4B,0x4B4B,0x4B4B,0x5A5A,0x5A5A,0x4B4B,0x4B4B,
	0x5A5A,0x5A5A,0x5A5A,0x5A5A,0x5A5A,0x5A5A,0x5A5A,0x5A5A,
	0x5A5A,0x5A5A,0x5A5A,0x5A5A,0x5A5A,0x5A5A,0x5A5A,0x5A5A,
	0x5A5A,0x5A5A,0x5A5A,0x5A5A,0x7272,0x7272,0x7272,0x7272,

	0x4B4B,0x4B4B,0x4B4B,0x4B4B,0x4B4B,0x4B4B,0x4B4B,0x4B4B,
	0x5A5A,0x4B4B,0x4B4B,0x4B4B,0x5A5A,0x5A5A,0x4B5A,0x4B4B,
	0x5A5A,0x5A5A,0x4B5A,0x4B4B,0x5A5A,0x5A5A,0x4B5A,0x4B4B,
	0x5A5A,0x5A5A,0x4B5A,0x4B4B,0x7272,0x7272,0x4B72,0x4B4B,
	0x4B4B,0x4B4B,0x4B4B,0x0A0A,0x4B4B,0x4B4B,0x4B4B,0x0A0A,
	0x4B4B,0x4B4B,0x4B4B,0x0A0A,0x4B4B,0x4B4B,0x4B4B,0x0A0A,
	0x4B4B,0x4B4B,0x4B4B,0x0A0A,0x4B4B,0x4B4B,0x4B4B,0x0A0A,
	0x4B4B,0x4B4B,0x4B4B,0x0A0A,0x4B4B,0x4B4B,0x4B4B,0x0A0A,

	0x0A0A,0x0A0A,0x0A0A,0x0A0A,0x0A0A,0x0A0A,0x0A0A,0x0A0A,
	0x0A0A,0x0A0A,0x0A0A,0x0A0A,0x0A0A,0x0A0A,0x0A0A,0x0A0A,
	0x0A0A,0x0A0A,0x0A0A,0x0A0A,0x0A0A,0x0A0A,0x0A0A,0x0A0A,
	0x0A0A,0x0A0A,0x0A0A,0x0A0A,0x0A0A,0x0A0A,0x0A0A,0x0A0A,
	0x5757,0x5757,0x5752,0x5257,0x5757,0x5757,0x5257,0x5752,
	0x5757,0x5757,0x5757,0x5752,0x570A,0x5757,0x5252,0x5257,
	0x250A,0x5225,0x5752,0x5257,0x0A0A,0x2525,0x5225,0x5C25,
	0x0A0A,0x5C5C,0x2525,0x8525,0x5757,0x2552,0x2525,0x5252,

	0x2525,0x5285,0x5252,0x5257,0x2525,0x575C,0x5752,0x5757,
	0x2525,0x5225,0x5252,0x5757,0x5252,0x2525,0x5752,0x5757,
	0x2525,0x5225,0x5752,0x5257,0x2552,0x255C,0x5252,0x2525,
	0x5225,0x855C,0x2525,0x2552,0x2585,0x5285,0x255C,0x2525,
	0x5757,0x5257,0x0A0A,0x0A0A,0x5752,0x5757,0x0A0A,0x0A0A,
	0x5757,0x0A57,0x0A0A,0x0A0A,0x5757,0x5757,0x0A0A,0x0A32,
	0x5757,0x0A57,0x320A,0x0A32,0x2552,0x0A0A,0x320A,0x320A,
	0x5225,0x0A0A,0x0A0A,0x320A,0x5252,0x5757,0x0A0A,0x0A0A,

	0x0A0A,0x0A0A,0x0A0A,0x0A0A,0x0A0A,0x0A0A,0x0A0A,0x0A18,
	0x0A0A,0x0A0A,0x0A0A,0x0A18,0x320A,0x1A0A,0x0A18,0x0A0A,
	0x320A,0x0A0A,0x0A0A,0x0A0A,0x3232,0x0A0A,0x0A0A,0x0A0A,
	0x0A32,0x0A0A,0x0A0A,0x0A0A,0x0A0A,0x0A0A,0x0A0A,0x0A0A,
	0x0A0A,0x0A0A,0x0A0A,0x0A0A,0x0A0A,0x0A0A,0x0A0A,0x0A0A,
	0x0A0A,0x0A0A,0x0A0A,0x0A0A,0x0A0A,0x0A0A,0x0A0A,0x0A0A,
	0x0A0A,0x0A0A,0x0A0A,0x0A0A,0x0A0A,0x0A0A,0x0A0A,0x0A0A,
	0x0A0A,0x0A0A,0x0A0A,0x0A0A,0x0A0A,0x0A0A,0x0A0A,0x0A0A,

	0x0A0A,0x0A0A,0x0A0A,0x0A0A,0x0A0A,0x0A0A,0x0A0A,0x0A0A,
	0x0A0A,0x0A0A,0x0A0A,0x0A0A,0x0A0A,0x0A0A,0x0A0A,0x0A0A,
	0x0A0A,0x0A0A,0x0A0A,0x0A0A,0x0A0A,0x0A0A,0x0A0A,0x0A0A,
	0x0A0A,0x0A0A,0x0A0A,0x0A32,0x0A0A,0x0A32,0x0A32,0x0A32,
	0x0A0A,0x0A0A,0x0A0A,0x0A0A,0x0A0A,0x0A0A,0x0A0A,0x0A3B,
	0x0A32,0x0A0A,0x0A0A,0x0A3B,0x0A0A,0x0A32,0x0A32,0x0A0A,
	0x0A32,0x0A32,0x0A32,0x0A32,0x320A,0x0A0A,0x320A,0x320A,
	0x0A0A,0x0A0A,0x0A0A,0x0A0A,0x0A0A,0x0A0A,0x0A0A,0x0A0A,

	0x1A3B,0x0A3B,0x0A0A,0x0A0A,0x0A1A,0x0A0A,0x0A0A,0x0A0A,
	0x0A0A,0x0A0A,0x0A0A,0x0A0A,0x320A,0x0A0A,0x0A0A,0x0A0A,
	0x0A32,0x0A0A,0x0A0A,0x0A0A,0x320A,0x0A0A,0x0A0A,0x0A0A,
	0x3232,0x0A0A,0x0A0A,0x0A0A,0x0A0A,0x0A0A,0x0A0A,0x0A0A,
	0x0A0A,0x0A0A,0x0A0A,0x0A0A,0x0A0A,0x0A0A,0x0A0A,0x0A0A,
	0x0A0A,0x0A0A,0x0A0A,0x0A0A,0x0A0A,0x0A0A,0x0A0A,0x0A0A,
	0x0A0A,0x0A0A,0x0A0A,0x0A0A,0x0A0A,0x0A0A,0x0A0A,0x0A0A,
	0x0A0A,0x0A0A,0x0A0A,0x0A0A,0x0A0A,0x0A0A,0x0A0A,0x0A0A,

	0x0A0A,0x0A0A,0x0A0A,0x0A0A,0x0A0A,0x0A0A,0x0A0A,0x0A0A,
	0x0A0A,0x0A0A,0x0A0A,0x0A0A,0x0A0A,0x0A0A,0x0A0A,0x0A0A,
	0x0A0A,0x0A0A,0x0A0A,0x180A,0x0A0A,0x0A0A,0x1818,0x0A0A,
	0x0A0A,0x0A0A,0x1A1A,0x0A0A,0x0A0A,0x0A0A,0x0A0A,0x0A0A,
	0x0A0A,0x0A0A,0x0A0A,0x0A0A,0x0A0A,0x0A0A,0x0A0A,0x0A0A,
	0x0A0A,0x0A0A,0x0A0A,0x0A0A,0x0A0A,0x0A0A,0x0A0A,0x0A0A,
	0x0A0A,0x0A0A,0x0A0A,0x0A0A,0x0A0A,0x0A0A,0x0A0A,0x0A0A,
	0x0A0A,0x0A0A,0x0A0A,0x0A0A,0x0A0A,0x0A0A,0x0A0A,0x0A0A,

	0x0A0A,0x0A0A,0x0A0A,0x0A0A,0x0A0A,0x0A0A,0x0A0A,0x0A0A,
	0x0A0A,0x0A0A,0x0A0A,0x0A0A,0x0A0A,0x0A0A,0x0A0A,0x0A0A,
	0x0A0A,0x0A0A,0x0A0A,0x0A0A,0x0A0A,0x0A0A,0x0A0A,0x0A0A,
	0x0A0A,0x0A0A,0x0A0A,0x0A0A,0x0A0A,0x0A0A,0x0A18,0x0A0A,
	0x0A0A,0x0A0A,0x0A0A,0x0A0A,0x0A0A,0x0A0A,0x0A0A,0x0A0A,
	0x0A0A,0x0A0A,0x0A0A,0x0A0A,0x0A0A,0x0A0A,0x3B3B,0x0A0A,
	0x3B3B,0x0A0A,0x0A3B,0x0A0A,0x1A1A,0x0A3B,0x0A0A,0x0A0A,
	0x0A0A,0x0A0A,0x0A0A,0x0A0A,0x0A0A,0x0A0A,0x0A3B,0x0A0A,

	0x0A0A,0x460A,0x0A0A,0x0A0A,0x0A0A,0x0A0A,0x0A0A,0x0A0A,
	0x0A0A,0x0A0A,0x0A18,0x4618,0x0A0A,0x0A0A,0x4646,0x4646,
	0x0A0A,0x1A0A,0x1846,0x460A,0x0A0A,0x0A0A,0x0A0A,0x0A0A,
	0x0A0A,0x0A0A,0x0A0A,0x0A0A,0x0A0A,0x0A0A,0x0A0A,0x0A0A,
	0x0A0A,0x0A0A,0x0A0A,0x0A0A,0x4618,0x0A0A,0x0A0A,0x0A0A,
	0x4618,0x0A0A,0x0A0A,0x0A0A,0x4646,0x0A0A,0x0A0A,0x0A0A,
	0x1A46,0x0A0A,0x0A0A,0x0A0A,0x0A0A,0x0A0A,0x0A0A,0x0A0A,
	0x0A0A,0x0A0A,0x0A0A,0x0A0A,0x0A0A,0x0A0A,0x0A0A,0x0A0A,

	0x0A0A,0x0A0A,0x0A0A,0x1A1A,0x0A0A,0x0A0A,0x0A0A,0x0A0A,
	0x0A0A,0x0A0A,0x0A0A,0x0A0A,0x0A0A,0x0A0A,0x0A0A,0x1818,
	0x0A0A,0x0A0A,0x0A0A,0x1A0A,0x0A0A,0x3B3B,0x0A0A,0x0A0A,
	0x0A0A,0x3B3B,0x0A0A,0x0A0A,0x1818,0x0A0A,0x0A3B,0x0A0A,
	0x0A0A,0x1A0A,0x1A0A,0x1A1A,0x1A0A,0x1A1A,0x1A1A,0x1A1A,
	0x0A0A,0x1A1A,0x1A1A,0x1A1A,0x1A1A,0x1A1A,0x1A1A,0x1A1A,
	0x1A0A,0x1A1A,0x1A1A,0x1A1A,0x1A1A,0x1A1A,0x1A1A,0x1A1A,
	0x1A1A,0x1A1A,0x1A1A,0x1A0A,0x0A0A,0x0A0A,0x0A0A,0x0A0A,

	0x1A1A,0x1A0A,0x0A0A,0x1A1A,0x1A1A,0x1A1A,0x1A1A,0x1A1A,
	0x1A1A,0x1A1A,0x1A1A,0x1A1A,0x1A1A,0x1A1A,0x1A1A,0x1A1A,
	0x1A1A,0x1A1A,0x1A1A,0x1A1A,0x1A1A,0x1A1A,0x1A1A,0x1A1A,
	0x1A1A,0x1A1A,0x1A1A,0x1A1A,0x1A1A,0x1A1A,0x1A1A,0x1A1A,
	0x1A1A,0x1A1A,0x1A1A,0x1A1A,0x1A1A,0x1A1A,0x1A1A,0x1A1A,
	0x1A1A,0x1A1A,0x1A1A,0x1A1A,0x1A1A,0x1A1A,0x1A1A,0x0A0A,
	0x1A1A,0x1A1A,0x1A1A,0x0A0A,0x1A1A,0x1A1A,0x1A1A,0x1A1A,
	0x1A1A,0x1A1A,0x1A1A,0x1A1A,0x1A1A,0x1A1A,0x1A1A,0x1A1A,

	0x0A1A,0x1A1A,0xA60C,0x4B0C,0x1A1A,0x1A1A,0xA60C,0x4B4B,
	0x1A1A,0x1A1A,0xA60C,0x4B4B,0x0A1A,0x0A1A,0xA60C,0x4B4B,
	0x0A1A,0x1A1A,0xA60C,0x4B4B,0x1A1A,0x1A1A,0xA60C,0x4B4B,
	0x1A1A,0x1A1A,0xA60C,0x4B4B,0x1A1A,0x1A1A,0xA60C,0x4B4B,
	0x4B4B,0x4B4B,0x4B4B,0x0A0C,0x4B4B,0x0C4B,0x0C0C,0x0A0C,
	0x4B4B,0x4B4B,0x0C0C,0x0A0C,0x4B4B,0x4B4B,0x4B4B,0x0A0C,
	0x4B4B,0x0C4B,0x4B4B,0x0A0C,0x4B0C,0x4B4B,0x4B4B,0x0A0C,
	0x4B4B,0x4B4B,0x4B4B,0x0A0C,0x4B4B,0x4B4B,0x4B4B,0x0A0C,

	0x0A0A,0x0A0A,0x460A,0x460A,0x0A0A,0x460A,0x0A0A,0x4618,
	0x0A0A,0x460A,0x180A,0x4618,0x0A0A,0x0A0A,0x4646,0x180A,
	0x0A0A,0x0A0A,0x4646,0x0A0A,0x0A0A,0x1A0A,0x461A,0x460A,
	0x0A0A,0x0A0A,0x461A,0x460A,0x0A0A,0x0A0A,0x0A0A,0x0A0A,
	0x460A,0x4618,0x0A0A,0x0A0A,0x4618,0x0A46,0x0A0A,0x0A0A,
	0x4618,0x0A46,0x0A0A,0x0A0A,0x4646,0x1A1A,0x0A0A,0x0A0A,
	0x0A46,0x0A1A,0x0A0A,0x0A0A,0x1846,0x0A18,0x0A0A,0x0A0A,
	0x1846,0x180A,0x0A0A,0x0A0A,0x4618,0x4618,0x0A0A,0x0A0A,

	0x0A0A,0x0A0A,0x7070,0x6666,0x0A0A,0x0A0A,0x6670,0x6666,
	0x0A0A,0x0A0A,0x6670,0x6666,0x0A0A,0x0A0A,0x6666,0x6666,
	0x0A0A,0x0A0A,0x6666,0x6666,0x0A0A,0x1818,0x6666,0x6666,
	0x0A0A,0x1818,0x6666,0x660A,0x1818,0x0A0A,0x0101,0x5656,
	0x6666,0x5454,0x5454,0x5454,0x5666,0x6666,0x6666,0x7054,
	0x5666,0x6666,0x6666,0x5666,0x5666,0x6666,0x6666,0x5666,
	0x5666,0x6666,0x660A,0x5666,0x4266,0x0B0A,0x0A0A,0x0A0A,
	0x560A,0x010A,0x0B0A,0x0B0A,0x4242,0x0101,0x0101,0x0B01,

	0x930A,0x5601,0x5456,0x5454,0x4242,0x5656,0x5656,0x9356,
	0x4242,0x5656,0x5656,0x9370,0x4242,0x5656,0x5656,0x9366,
	0x4242,0x5656,0x5656,0x6666,0x4242,0x0101,0x0101,0x6670,
	0x5642,0x0142,0x0A01,0x6666,0x4242,0x4242,0x0A42,0x0A0A,
	0x9354,0x3939,0x3939,0x3939,0x5454,0x5454,0x3939,0x390A,
	0x5454,0x5454,0x5454,0x0A0A,0x6666,0x5454,0x5454,0x0A54,
	0x9393,0x5466,0x5454,0x5493,0x6666,0x6666,0x5666,0x6666,
	0x6666,0x6666,0x5666,0x6666,0x0A66,0x660A,0x5666,0x6666,

	0x3939,0x3939,0x3993,0x3939,0x0A39,0x0A70,0x390A,0x3939,
	0x700A,0x0A0A,0x0A0A,0x0A39,0x5454,0x5454,0x5454,0x0A0A,
	0x5454,0x5454,0x5454,0x7054,0x5454,0x5454,0x7054,0x9393,
	0x6666,0x5454,0x3970,0x3939,0x6666,0x6666,0x7056,0x6666,
	0x3939,0x5656,0x5656,0x5454,0x0A39,0x390A,0x3939,0x5454,
	0x0A39,0x3993,0x3939,0x9393,0x3970,0x3939,0x3939,0x3939,
	0x3939,0x3939,0x3939,0x3939,0x3939,0x3939,0x3939,0x3939,
	0x9393,0x9393,0x390A,0x7070,0x0A39,0x390A,0x7070,0x5454,

	0x5454,0x5454,0x5454,0x5454,0x0A54,0x0A54,0x5454,0x5654,
	0x9393,0x0A0A,0x540A,0x5656,0x3939,0x7070,0x4242,0x5642,
	0x3939,0x4242,0x4242,0x5642,0x4242,0x4242,0x4242,0x5656,
	0x4293,0x4242,0x4242,0x5656,0x5454,0x5454,0x9393,0x4242,
	0x5654,0x3B0A,0x0A3B,0x2626,0x5656,0x0A0A,0x0A1A,0x0A0A,
	0x5656,0x0A0A,0x0A0A,0x0A0A,0x5656,0x3B0A,0x0A0A,0x2626,
	0x5656,0x3B3B,0x0A26,0x0A0A,0x5656,0x0A0A,0x3C3C,0x0A0A,
	0x5656,0x0A0A,0x0A0A,0x0A0A,0x9393,0x9393,0x0A0A,0x0A0A,

	0x0A0A,0x0A0A,0x26AB,0x2626,0x0A0A,0x2626,0x2626,0xAB41,
	0x2626,0x2626,0x2626,0xABAB,0xAB3C,0x0A0A,0x0AAB,0x3C0A,
	0x3C4A,0x0A0A,0x0A0A,0x0A0A,0x0A0A,0x0A26,0x0A0A,0x0A0A,
	0x0A0A,0x0A0A,0x0A0A,0x0A0A,0x0A0A,0x0A0A,0x0A0A,0x0A0A,
	0x0A3C,0x0A0A,0x0A0A,0x6F0A,0xAB41,0xC111,0x4DC1,0x0AAB,
	0xABAB,0x110A,0xABC1,0x6F26,0x0A0A,0x110A,0x2FC1,0x1A0A,
	0x0A0A,0x1A1A,0x11C1,0x6F0A,0x0AAB,0x1141,0xC1C1,0x0A2F,
	0x0A26,0x1AAB,0xC1C1,0x2F2F,0x0A0A,0x100A,0x1010,0x2F10,

	0x6F6F,0x2F26,0x6A6A,0x6F6A,0x116F,0x0A2F,0x6A1A,0x6F6F,
	0x6F6F,0x1A2F,0x6A1A,0x104D,0x6F6F,0x101A,0x101A,0x6F11,
	0x6F6F,0x106F,0x1010,0x1110,0x6F11,0x1010,0x1010,0x6F11,
	0x2F6F,0x6F6F,0x1010,0x1110,0x2F2F,0x1010,0x1010,0x6F6F,
	0x1A11,0x111A,0x1A11,0x101A,0x116F,0xC1C1,0x11C1,0x1A1A,
	0x1A11,0xC111,0x1A11,0x1A1A,0x1A6F,0xC1C1,0x11C1,0x1A1A,
	0x1A6F,0xC111,0x1A11,0x1A1A,0x6F6F,0xC1C1,0x1A10,0x1A1A,
	0x106F,0xC1C1,0x1010,0x1A10,0x6F6F,0x1010,0x1010,0x1010,

	0x101A,0x1010,0x1010,0x1010,0x1A1A,0x1A10,0x1A10,0x1010,
	0x1A1A,0x1A1A,0x1A1A,0x1A10,0x1A1A,0x1A1A,0x1A1A,0x1A1A,
	0x1A1A,0x1A1A,0x1A1A,0x1A1A,0x1A1A,0x1A1A,0x1A1A,0x1A1A,
	0x1A1A,0x1A1A,0x1A1A,0x1A1A,0x1A1A,0x1A1A,0x1A1A,0x1A1A,
	0x1010,0x1010,0x2F1A,0x2F10,0x101A,0x1A1A,0x1A1A,0x1A2F,
	0x1A1A,0x1A1A,0x1A1A,0x1A2F,0x1A1A,0x1A2F,0x1A1A,0x1A2F,
	0x1A1A,0x2F2F,0x1A1A,0x2F2F,0x1A1A,0x2F1A,0x1A1A,0x2F2F,
	0x1A1A,0x1A1A,0x1A2F,0x1A2F,0x1A1A,0x1A1A,0x2F2F,0x1A1A,

	0x1A1A,0x1A1A,0x1A1A,0x2F1A,0x1A1A,0x1A1A,0x1A1A,0x2F2F,
	0x2F1A,0x1A2F,0x1A1A,0x1A2F,0x1A1A,0x2F1A,0x2F1A,0x1A1A,
	0x1A1A,0x1A1A,0x2F2F,0x1A1A,0x1A1A,0x1A1A,0x2F2F,0x1A1A,
	0x1A1A,0x1A1A,0x2F2F,0x1A1A,0x1A1A,0x1A1A,0x272F,0x2727,
	0x1A1A,0x1A1A,0x1A1A,0x8400,0x1A1A,0x1A1A,0x1A1A,0x0000,
	0x1A1A,0x1A1A,0x1A1A,0x1A10,0x1A1A,0x101A,0x1010,0x1010,
	0x1A1A,0x101A,0x1027,0x1A27,0x1A1A,0x2727,0x2727,0x2727,
	0xBD27,0x2727,0x2727,0x2727,0xBDBD,0xBDBD,0x2727,0x2727,

	0x0000,0x8484,0x8400,0x8484,0x001A,0x0000,0x0000,0x0000,
	0x1010,0x0000,0x0000,0x1000,0x1A10,0x1010,0x671D,0x101D,
	0x1010,0x1010,0x671D,0x101D,0x1027,0x2727,0x0A67,0x1D0A,
	0x2727,0x2727,0x4545,0x4545,0x2727,0x2727,0xBD27,0x450A,
	0x8484,0xC8C8,0x6684,0x6666,0x0000,0x0000,0x421A,0x5642,
	0x0000,0x1A1A,0x101A,0x6666,0x101A,0x1010,0x1010,0x6767,
	0x101A,0x451A,0x1010,0x6766,0x0A10,0x4545,0x1A45,0x671A,
	0x0A45,0x4545,0x1010,0x1010,0x1045,0x4510,0x1010,0x1A10,

	0x5666,0x6666,0x6666,0x6666,0x5656,0x5656,0x5656,0x3E3E,
	0x7D7D,0x5666,0x7D56,0x3EB1,0x6666,0x5666,0x6666,0x3E3E,
	0x6666,0x5666,0x6666,0x6666,0x661A,0x421A,0x1A66,0x1A1A,
	0x1A1A,0x1A1A,0x1A1A,0x1A1A,0x1A1A,0x1A1A,0x1A1A,0x3E1A,
	0x3E3E,0xC83E,0xC83E,0xB1B1,0x3E3E,0x3E3E,0x3E3E,0x3E3E,
	0x3E3E,0x3E3E,0xC8C8,0xC8C8,0x3E3E,0x3E3E,0x3E3E,0xC83E,
	0x3E3E,0x3E3E,0x3E3E,0xC8C8,0xB1C8,0xB1C8,0xC8C8,0xB1C8,
	0x3E3E,0xB1B1,0xC8C8,0xC8B1,0x3E3E,0xB1C8,0xB184,0xB1C8,

	0x84B1,0xB11D,0xC81D,0x3E3E,0xB1C8,0x1D1D,0xC8C8,0xC8C8,
	0xC8C8,0x1D1D,0x3EC8,0xC8C8,0xB1C8,0xC884,0xC8C8,0xC81D,
	0xC8B1,0xC884,0xC8C8,0xC81D,0xB1B1,0x0084,0x1DB1,0xB1C8,
	0xB1B1,0x8484,0x1D1D,0xB1B1,0xB11D,0x84C8,0xB11D,0xC8C8,
	0xC83E,0xC83E,0x1A3E,0xA5A5,0x3E3E,0x3EC8,0x1A1A,0x1A1A,
	0xC83E,0xB1B1,0x1A1A,0x1A1A,0xC8B1,0x1A1A,0x1A1A,0x0431,
	0xB1C8,0x3E1A,0x1A1A,0x0431,0x3EB1,0x3E3E,0x3E3E,0x3131,
	0xB1B1,0x3E3E,0x3E3E,0x0404,0x3EC8,0x3E3E,0x3E3E,0xA524,

	0x0A0A,0x0A0A,0x0A0A,0x0A0A,0x0A0A,0x0A0A,0x0A0A,0x0A0A,
	0x0A0A,0x0A0A,0x0A0A,0x0A0A,0x0A0A,0x0A0A,0x1818,0x0A0A,
	0x0A0A,0x0A0A,0x180A,0x0A0A,0x1A0A,0x0A0A,0x0A0A,0x1846,
	0x1A0A,0x0A0A,0x0A0A,0x1846,0x0A0A,0x1A0A,0x461A,0x1A1A,
	0x0A32,0x0A32,0x0A32,0x0A0A,0x0A0A,0x320A,0x0A0A,0x0A0A,
	0x0A0A,0x320A,0x0A0A,0x0A0A,0x0A0A,0x0A0A,0x0A0A,0x0A0A,
	0x0A0A,0x0A0A,0x460A,0x0A0A,0x0A46,0x0A46,0x0A46,0x0A0A,
	0x0A46,0x0A46,0x0A0A,0x0A0A,0x4646,0x1A46,0x0A0A,0x0A0A,

	0x181A,0x180A,0x0A0A,0x0A0A,0x0A0A,0x0A0A,0x0A0A,0x0A0A,
	0x0A0A,0x0A0A,0x0A0A,0x0A0A,0x0A0A,0x0A0A,0x0A0A,0x0A0A,
	0x0A0A,0x0A0A,0x0A0A,0x320A,0x0A0A,0x1818,0x0A0A,0x0A32,
	0x0A18,0x1818,0x0A0A,0x320A,0x1A1A,0x1A0A,0x1A0A,0x0A0A,
	0x0A0A,0x0A0A,0x4B4B,0x4B4B,0x0A0A,0x0A0A,0x4B4B,0x4B4B,
	0x0A0A,0x0A0A,0x4B4B,0x4B4B,0x0A0A,0x0A0A,0x4B4B,0x4B4B,
	0x0A0A,0x0A0A,0x4B4B,0x4B4B,0x3232,0x3232,0x4B4B,0x4B4B,
	0x321A,0x320A,0x4B4B,0x4B4B,0x1A1A,0x0A1A,0x4B4B,0x4B4B,

	0x4B4B,0x4B4B,0xA04B,0xA8A8,0x4B4B,0x4B4B,0xA04B,0x2323,
	0x4B4B,0x4B4B,0xA04B,0xA0A0,0x4B4B,0x4B4B,0xA04B,0x2379,
	0x4B4B,0x4B4B,0xA04B,0x2379,0x4B4B,0x4B4B,0xA04B,0x2379,
	0x4B4B,0x4B4B,0xA04B,0x2379,0x4B4B,0x4B4B,0xA04B,0x2379,
	0xA8A8,0xA8A8,0xA8A8,0xA8A8,0x2323,0x2323,0x2323,0x2323,
	0xA0A0,0xA0A0,0xA0A0,0xA0A0,0x2323,0x2323,0x7923,0x2323,
	0x2323,0x2323,0x7923,0x2323,0x2323,0x2323,0x7923,0x2323,
	0x2323,0x2323,0x7923,0x2323,0x2323,0x2323,0x7923,0x2323,

	0xA8A8,0xA8A8,0xA8A8,0xA8A8,0x2323,0x2323,0x2323,0x2323,
	0xA0A0,0xA0A0,0xA0A0,0xA0A0,0x2323,0x2323,0x2323,0x2323,
	0x2323,0x2323,0x2323,0x2323,0x2323,0x2323,0x2323,0x2323,
	0x2323,0x2323,0x2323,0x2323,0x2323,0x2323,0x2323,0x2323,
	0xA8A8,0xA8A8,0xA8A8,0xA8A8,0x2323,0x2323,0x2323,0x2323,
	0xA0A0,0xA0A0,0xA0A0,0xA0A0,0x2323,0x2323,0x2323,0x2323,
	0x2323,0x2323,0x2323,0x2323,0x2323,0x2323,0x2323,0x2323,
	0x2323,0x2323,0x2323,0x2323,0x2323,0x2323,0x2323,0x2323,

	0xA8A8,0xA8A8,0x5A5A,0x5AA0,0x2323,0x2323,0x5A5A,0x5AA0,
	0xA0A0,0xA0A0,0xA0A0,0xA0A0,0x2323,0x2323,0x2323,0x2323,
	0x2323,0x2323,0x2323,0x2323,0x2323,0x2323,0x2323,0x2323,
	0x2323,0x7979,0x2323,0x2323,0x2323,0x7A7A,0x2323,0x2323,
	0x5A5A,0x5AA0,0xA0A0,0xA0A0,0x5A5A,0x5AA0,0x5A5A,0xA0A0,
	0xA0A0,0xA0A0,0xA0A0,0xA0A0,0x2323,0x5AA0,0x5AA0,0xA0A0,
	0x2323,0x5AA0,0xA0A0,0xA0A0,0x2323,0x5AA0,0x5A5A,0xA0A0,
	0x2323,0xA0A0,0xA0A0,0xA0A0,0x2323,0x2323,0x2323,0x2323,

	0xA0A0,0xA0A0,0xA0A0,0xA0A0,0x5A5A,0x5A5A,0xA0A0,0x5A5A,
	0xA0A0,0x5AA0,0x5A5A,0xA05A,0xA05A,0xA079,0x5A5A,0x79A0,
	0xA0A0,0xA079,0x5A5A,0x79A0,0x5A5A,0xA079,0x5A5A,0x79A0,
	0xA0A0,0xA0A0,0x5A5A,0xA0A0,0x2323,0xA023,0xA0A0,0x23A0,
	0xA0A0,0xA0A0,0xA0A0,0xA05A,0x5A5A,0xA0A0,0x5A5A,0xA05A,
	0xA0A0,0xA0A0,0xA0A0,0xA0A0,0x5AA0,0xA0A0,0xA05A,0xA05A,
	0xA0A0,0xA0A0,0xA0A0,0xA05A,0x5A5A,0xA0A0,0x5A5A,0xA05A,
	0xA0A0,0xA0A0,0xA0A0,0xA0A0,0x2323,0x2323,0x2323,0x2323,

	0x5A5A,0xA05A,0x5A5A,0xA8A8,0x5A5A,0xA05A,0x5A5A,0x2323,
	0xA0A0,0xA0A0,0xA0A0,0xA0A0,0x2323,0x2323,0x2323,0x2323,
	0x2323,0x2323,0x2323,0x2323,0x2323,0x2323,0x2323,0x2323,
	0x2323,0x2323,0x2323,0x2323,0x2323,0x2323,0x2323,0x2323,
	0xA8A8,0xA8A8,0xA8A8,0xA8A8,0x2323,0x2323,0x2323,0x2323,
	0xA0A0,0xA0A0,0xA0A0,0xA0A0,0x2323,0x2323,0x2323,0x2323,
	0x2323,0x2323,0x2323,0x2323,0x2323,0x2323,0x2323,0x2323,
	0x2323,0x2323,0x2323,0x2323,0x2323,0x2323,0x2323,0x2323,

	0xA8A8,0xA8A8,0xA8A8,0xA8A8,0x2323,0x2323,0x2323,0x2323,
	0xA0A0,0xA0A0,0xA0A0,0xA0A0,0x2323,0x2323,0x2323,0x2323,
	0x2323,0x2323,0x2323,0x2323,0x2323,0x2323,0x2323,0x2323,
	0x2323,0x2323,0x2323,0x2323,0x7923,0x2323,0x2323,0x2323,
	0xA8A8,0xA8A8,0xA8A8,0xA8A8,0x2323,0x2323,0x2323,0x2323,
	0xA0A0,0xA0A0,0xA0A0,0xA0A0,0x2323,0x2323,0x2323,0x2323,
	0x2323,0x2323,0x2323,0x2323,0x2323,0x2323,0x2323,0x2323,
	0x2323,0x2323,0x2323,0x2323,0x2323,0x2323,0x2323,0x2323,

	0xA8A8,0x23A8,0x4BA0,0x4B4B,0x2323,0x7923,0x4BA0,0x4B4B,
	0xA0A0,0xA0A0,0x4BA0,0x4B4B,0x2323,0x7923,0x4BA0,0x4B4B,
	0x2323,0x7923,0x4BA0,0x4B4B,0x2323,0x7923,0x4BA0,0x4B4B,
	0x2323,0x7923,0x4BA0,0x4B4B,0x2323,0x7923,0x4BA0,0x4B4B,
	0x4B4B,0x4B4B,0x4B4B,0x0A0A,0x4B4B,0x4B4B,0x4B4B,0x0A0A,
	0x4B4B,0x4B4B,0x4B4B,0x0A0A,0x4B4B,0x4B4B,0x4B4B,0x0A0A,
	0x4B4B,0x4B4B,0x4B4B,0x0A0A,0x4B4B,0x4B4B,0x4B4B,0x0A0A,
	0x4B4B,0x4B4B,0x4B4B,0x0A0A,0x4B4B,0x4B4B,0x4B4B,0x0A0A,

	0x0A0A,0x0A0A,0x0A0A,0x0A0A,0x0A0A,0x0A0A,0x0A0A,0x0A0A,
	0x0A0A,0x0A0A,0x0A0A,0x0A0A,0x0A0A,0x0A0A,0x0A0A,0x0A0A,
	0x0A0A,0x0A0A,0x0A0A,0x0A0A,0x0A0A,0x0A0A,0x0A0A,0x0A0A,
	0x0A0A,0x0A0A,0x0A0A,0x0A0A,0x0A0A,0x0A0A,0x0A0A,0x0A0A,
	0x5757,0x5252,0x2525,0x5252,0x570A,0x5252,0x5757,0x2525,
	0x5252,0x5252,0x2525,0x5725,0x5C5C,0x5225,0x5225,0x2525,
	0x5C0A,0x2525,0x2525,0x2525,0x0A0A,0x840A,0x5C5C,0x5C84,
	0x0A0A,0x0A0A,0x8484,0x8484,0x0A0A,0x0A0A,0x450A,0x4545,

	0x8525,0x8585,0x2525,0x5252,0x255C,0x8585,0x5252,0x2525,
	0x5C5C,0x8552,0x2525,0x5757,0x5225,0x2525,0x5252,0x2525,
	0x255C,0x2525,0x5225,0x2525,0x5C5C,0x5C5C,0x5C5C,0x255C,
	0x5C5C,0x5C84,0x8484,0x845C,0x8484,0x8484,0x4545,0x4584,
	0x2525,0x0A57,0x0A0A,0x0A0A,0x5752,0x5752,0x0A0A,0x0A0A,
	0x5752,0x0A52,0x0A0A,0x0A0A,0x2557,0x5752,0x0A0A,0x0A0A,
	0x2525,0x5752,0x0A0A,0x0A0A,0x5C52,0x0A0A,0x0A0A,0x0A0A,
	0x8484,0x0A0A,0x0A0A,0x0A0A,0x450A,0x0A45,0x0A0A,0x0A0A,

	0x0A0A,0x0A0A,0x0A0A,0x0A0A,0x0A0A,0x0A0A,0x0A0A,0x0A0A,
	0x0A0A,0x0A0A,0x0A0A,0x0A0A,0x0A0A,0x0A0A,0x0A0A,0x0A0A,
	0x0A0A,0x0A0A,0x0A0A,0x0A0A,0x0A0A,0x0A0A,0x0A0A,0x0A0A,
	0x0A0A,0x0A0A,0x0A0A,0x0A0A,0x0A18,0x0A18,0x460A,0x0A0A,
	0x0A0A,0x0A0A,0x0A0A,0x0A0A,0x0A0A,0x0A0A,0x0A0A,0x0A0A,
	0x0A0A,0x0A0A,0x0A0A,0x0A0A,0x0A0A,0x0A0A,0x0A0A,0x0A0A,
	0x0A0A,0x0A0A,0x0A0A,0x0A0A,0x0A0A,0x0A0A,0x0A0A,0x0A0A,
	0x0A0A,0x0A0A,0x0A0A,0x0A0A,0x0A0A,0x0A0A,0x0A0A,0x0A0A,

	0x0A0A,0x3232,0x0A32,0x0A32,0x0A0A,0x320A,0x0A0A,0x0A0A,
	0x0A0A,0x0A0A,0x0A0A,0x0A0A,0x0A0A,0x0A0A,0x0A0A,0x0A0A,
	0x0A0A,0x0A0A,0x0A0A,0x0A0A,0x0A0A,0x3232,0x3232,0x320A,
	0x320A,0x320A,0x320A,0x320A,0x0A0A,0x0A32,0x0A0A,0x0A0A,
	0x0A0A,0x0A0A,0x0A0A,0x0A0A,0x0A0A,0x0A0A,0x0A0A,0x0A0A,
	0x0A0A,0x0A0A,0x0A0A,0x0A0A,0x0A0A,0x0A0A,0x0A0A,0x0A0A,
	0x0A0A,0x320A,0x0A0A,0x0A0A,0x320A,0x0A0A,0x0A0A,0x0A0A,
	0x320A,0x320A,0x0A0A,0x0A0A,0x0A0A,0x0A32,0x0A0A,0x0A0A,

	0x0A0A,0x0A0A,0x0A0A,0x0A0A,0x0A0A,0x0A0A,0x0A0A,0x0A0A,
	0x0A0A,0x0A0A,0x0A0A,0x0A0A,0x0A0A,0x0A0A,0x0A0A,0x0A0A,
	0x0A0A,0x0A0A,0x0A0A,0x0A18,0x0A0A,0x0A0A,0x0A0A,0x0A0A,
	0x0A0A,0x0A0A,0x0A0A,0x0A0A,0x0A0A,0x0A0A,0x0A0A,0x0A0A,
	0x0A0A,0x0A0A,0x0A0A,0x0A0A,0x0A0A,0x0A0A,0x0A0A,0x0A0A,
	0x0A0A,0x0A0A,0x0A0A,0x0A0A,0x3B3B,0x0A0A,0x0A0A,0x0A0A,
	0x3B3B,0x0A0A,0x180A,0x0A0A,0x0A0A,0x0A0A,0x1A1A,0x3B0A,
	0x0A0A,0x0A0A,0x0A0A,0x3B0A,0x3B0A,0x0A0A,0x0A0A,0x0A0A,

	0x0A0A,0x0A0A,0x0A0A,0x0A0A,0x0A0A,0x0A0A,0x0A0A,0x0A0A,
	0x0A0A,0x0A0A,0x0A0A,0x0A0A,0x0A0A,0x0A0A,0x0A0A,0x0A0A,
	0x0A0A,0x0A0A,0x0A0A,0x0A0A,0x0A0A,0x0A0A,0x0A0A,0x0A0A,
	0x0A1A,0x0A0A,0x0A0A,0x0A0A,0x0A0A,0x0A0A,0x0A0A,0x0A0A,
	0x0A0A,0x0A0A,0x0A0A,0x0A0A,0x0A0A,0x0A0A,0x0A0A,0x0A0A,
	0x0A0A,0x0A0A,0x0A0A,0x0A0A,0x0A0A,0x0A0A,0x0A0A,0x0A0A,
	0x0A0A,0x0A0A,0x0A0A,0x0A0A,0x0A0A,0x0A0A,0x0A0A,0x0A0A,
	0x0A0A,0x0A0A,0x0A0A,0x0A0A,0x0A0A,0x0A0A,0x0A0A,0x0A0A,

	0x0A0A,0x0A0A,0x0A18,0x0A3B,0x0A0A,0x0A0A,0x3B0A,0x0A1A,
	0x0A0A,0x0A0A,0x0A0A,0x0A0A,0x0A0A,0x0A0A,0x0A0A,0x0A0A,
	0x0A0A,0x0A0A,0x0A0A,0x0A0A,0x460A,0x0A0A,0x0A0A,0x460A,
	0x460A,0x0A0A,0x0A0A,0x0A46,0x0A0A,0x0A0A,0x180A,0x0A0A,
	0x0A0A,0x0A0A,0x0A3B,0x0A0A,0x0A0A,0x0A0A,0x0A0A,0x0A0A,
	0x0A0A,0x0A0A,0x0A0A,0x0A0A,0x0A0A,0x0A0A,0x0A0A,0x0A0A,
	0x0A0A,0x3232,0x3232,0x0A0A,0x0A0A,0x0A0A,0x0A0A,0x0A0A,
	0x0A0A,0x0A0A,0x320A,0x0A0A,0x0A0A,0x0A0A,0x0A0A,0x0A0A,

	0x0A0A,0x0A0A,0x0A0A,0x0A0A,0x0A0A,0x0A0A,0x0A0A,0x0A0A,
	0x0A0A,0x0A0A,0x0A0A,0x0A0A,0x0A0A,0x0A0A,0x0A0A,0x0A0A,
	0x0A0A,0x0A0A,0x0A0A,0x0A0A,0x0A0A,0x0A0A,0x0A0A,0x0A0A,
	0x0A0A,0x0A0A,0x0A0A,0x0A0A,0x0A0A,0x0A0A,0x0A0A,0x0A0A,
	0x0A0A,0x0A0A,0x0A0A,0x0A0A,0x0A0A,0x0A0A,0x0A0A,0x0A0A,
	0x0A0A,0x0A0A,0x0A0A,0x0A0A,0x0A0A,0x0A0A,0x0A0A,0x3B3B,
	0x0A0A,0x0A0A,0x0A3B,0x3B3B,0x0A0A,0x0A0A,0x3B1A,0x0A0A,
	0x0A0A,0x0A0A,0x0A0A,0x0A0A,0x0A0A,0x0A0A,0x0A0A,0x0A0A,

	0x181A,0x3B0A,0x0A0A,0x1A1A,0x0A0A,0x0A0A,0x0A0A,0x0A1A,
	0x0A0A,0x0A0A,0x0A0A,0x0A0A,0x0A0A,0x0A0A,0x0A0A,0x0A0A,
	0x0A0A,0x0A0A,0x0A0A,0x1818,0x0A0A,0x180A,0x0A1A,0x1A1A,
	0x0A0A,0x0A0A,0x0A0A,0x0A0A,0x0A0A,0x0A0A,0x0A0A,0x0A0A,
	0x0A0A,0x0A0A,0x0A0A,0x0A0A,0x1A1A,0x1A1A,0x1A1A,0x1A1A,
	0x0A0A,0x1A1A,0x1A1A,0x1A1A,0x0A0A,0x1A0A,0x1A1A,0x1A1A,
	0x1A0A,0x1A0A,0x0A1A,0x1A1A,0x180A,0x0A0A,0x0A0A,0x0A0A,
	0x180A,0x0A1A,0x0A0A,0x0A0A,0x0A0A,0x1A1A,0x0A0A,0x0A0A,

	0x1A1A,0x1A1A,0x1A1A,0x1A1A,0x1A1A,0x1A1A,0x1A1A,0x1A1A,
	0x1A1A,0x1A1A,0x1A1A,0x1A1A,0x1A1A,0x1A1A,0x1A1A,0x1A1A,
	0x1A1A,0x1A1A,0x1A1A,0x1A1A,0x1A1A,0x1A1A,0x1A1A,0x1A1A,
	0x1A1A,0x1A1A,0x1A1A,0x1A1A,0x0A0A,0x1A1A,0x1A1A,0x1A1A,
	0x1A1A,0x1A1A,0x1A1A,0x1A1A,0x1A1A,0x1A1A,0x1A1A,0x1A1A,
	0x1A1A,0x1A1A,0x1A1A,0x1A1A,0x1A1A,0x1A1A,0x1A1A,0x1A1A,
	0x1A1A,0x1A1A,0x1A1A,0x1A1A,0x1A1A,0x1A1A,0x1A1A,0x1A1A,
	0x1A1A,0x1A1A,0x1A1A,0x1A1A,0x1A1A,0x1A1A,0x1A1A,0x1A1A,

	0x1A1A,0x1A1A,0xA60C,0x4B4B,0x1A1A,0x1A1A,0xA60C,0x4B4B,
	0x1A1A,0x1A1A,0xA60C,0x4B4B,0x1A1A,0x1A1A,0xA60C,0x4B4B,
	0x1A1A,0x1A1A,0xA60C,0x4B0C,0x1A1A,0x1A1A,0xA60C,0x4B4B,
	0x1A1A,0x1A1A,0xA60C,0x4B4B,0x1A1A,0x1A1A,0xA60C,0x4B4B,
	0x4B4B,0x4B4B,0x0C0C,0x0A0C,0x4B4B,0x4B4B,0x4B4B,0x0A0C,
	0x4B4B,0x4B4B,0x4B4B,0x0A0C,0x4B4B,0x4B4B,0x4B4B,0x0A0C,
	0x4B4B,0x4B4B,0x4B4B,0x0A0C,0x4B4B,0x0C0C,0x4B4B,0x1A0C,
	0x4B4B,0x4B0C,0x4B4B,0x1A0C,0x4B4B,0x4B4B,0x4B4B,0x1A0C,

	0x0A0A,0x0A0A,0x0A0A,0x0A0A,0x0A0A,0x0A0A,0x0A0A,0x1A0A,
	0x0A0A,0x0A0A,0x0A0A,0x0A0A,0x0A0A,0x0A0A,0x690A,0x0A0A,
	0x6969,0x0A0A,0x690A,0x0A0A,0x691A,0x0A0A,0x0A0A,0x0A0A,
	0x1A0A,0x0A1A,0x0A0A,0x0A0A,0x0A0A,0x0A0A,0x0A0A,0x0A18,
	0x4646,0x4618,0x0A0A,0x0A0A,0x0A46,0x0A0A,0x0A0A,0x0A0A,
	0x0A0A,0x0A0A,0x0A0A,0x0A0A,0x0A0A,0x0A0A,0x0A0A,0x0A0A,
	0x0A0A,0x0A0A,0x0A0A,0x0A0A,0x0A0A,0x0A0A,0x0A0A,0x0A0A,
	0x0A0A,0x0A0A,0x0A0A,0x0A0A,0x0A0A,0x1A0A,0x1A0A,0x0A0A,

	0x181A,0x180A,0x0B0B,0x010B,0x0A0A,0x0A0A,0x0B0B,0x0B0B,
	0x0A0A,0x0A0A,0x0A0B,0x0B0A,0x0A0A,0x0A0A,0x0A0A,0x0A0A,
	0x0A0A,0x0A0A,0x0A0A,0x0A0A,0x0A0A,0x0A0A,0x0A0A,0x0A1A,
	0x0A0A,0x0A0A,0x1A0A,0x0A1A,0x0A1A,0x0A0A,0x1A0A,0x1A1A,
	0x560B,0x0101,0x0101,0x0B01,0x560B,0x0101,0x0101,0x0B01,
	0x560B,0x0101,0x0101,0x0B01,0x560B,0x0101,0x0101,0x0B01,
	0x560A,0x0101,0x011A,0x0B01,0x0A0A,0x0A0A,0x0A0A,0x0B0A,
	0x1A0A,0x0A0A,0x0A0A,0x0A0A,0x1A1A,0x0A1A,0x1A0A,0x0A1A,

	0x4242,0x4242,0x0A42,0x5656,0x0A0B,0x0A42,0x4242,0x0B0B,
	0x0101,0x0A56,0x420A,0x7F0B,0x0101,0x0101,0x0101,0x0B7F,
	0x0101,0x0101,0x0101,0x7F7F,0x7F01,0x010A,0x0101,0x0B0B,
	0x7F7F,0x7F0A,0x7B0A,0x0B0B,0x7F7F,0x0A7F,0x7F0A,0x0B0A,
	0x0A66,0x660A,0x5666,0x6666,0x7F7F,0x0A56,0x4242,0x660A,
	0x7F7F,0x7F7F,0x420B,0x660A,0x7F7F,0x0B0B,0x560B,0x0101,
	0x7F7F,0x0B7F,0x560B,0x0101,0x0B7F,0x0B0B,0x560B,0x4242,
	0x0B0B,0x0B0B,0x560B,0x4242,0x0A0A,0x0B0B,0x560B,0x4242,

	0x6666,0x6666,0x7056,0x6666,0x6666,0x6666,0x6656,0x6666,
	0x6666,0x6666,0x6656,0x6666,0x0A01,0x0A66,0x6656,0x0A0A,
	0x0101,0x0101,0x4242,0x5656,0x0A01,0x0A0A,0x0B56,0x0B0B,
	0x4242,0x4242,0x0B56,0x0B0B,0x4242,0x4242,0x0B56,0x0B0B,
	0x6666,0x0A0A,0x5454,0x5454,0x6666,0x0A66,0x6666,0x6666,
	0x6666,0x6666,0x6666,0x6666,0x0A0A,0x660A,0x6666,0x6666,
	0x0A66,0x0A0A,0x6666,0x6666,0x0B0B,0x0B0B,0x6666,0x6666,
	0x0B0B,0x0B0B,0x6666,0x6666,0x0B0B,0x0B0B,0x0A0A,0x0A0A,

	0x5454,0x5454,0x5454,0x5693,0x5454,0x5454,0x5654,0x4256,
	0x6666,0x5454,0x5656,0x4256,0x6666,0x5666,0x5656,0x4256,
	0x6666,0x5666,0x5656,0x4256,0x6666,0x5666,0x5656,0x4256,
	0x6666,0x5666,0x5656,0x4201,0x0A66,0x0A66,0x0101,0x5642,
	0x9393,0x9393,0x0A93,0x0A0A,0x9393,0x9393,0x5656,0x0A0A,
	0x9393,0x5693,0x5656,0x270A,0x5656,0x5656,0x5656,0x2727,
	0x5656,0x5656,0x5656,0x2727,0x0101,0x5656,0x2727,0x27BD,
	0x5601,0x5656,0x2727,0x2727,0x5656,0x2756,0x2727,0x2727,

	0x0A0A,0x0A0A,0x0A0A,0x0A0A,0x0A0A,0x0A27,0x0A0A,0x0A0A,
	0x0A27,0x0A27,0x0A27,0x0A0A,0x2727,0x2727,0x2727,0x0A0A,
	0x2727,0x2727,0x2727,0x2727,0x2727,0x2727,0x2727,0x2727,
	0x2727,0x2727,0x2727,0x2727,0x2727,0x2727,0x2727,0xBD27,
	0x0A0A,0x100A,0x1045,0x1A10,0x0A0A,0x0A0A,0x1A2F,0x1A10,
	0x0A0A,0x0A0A,0x1A2F,0x1A1A,0x0A0A,0x1A0A,0x2F0A,0x1A1A,
	0x0A0A,0x1A0A,0x2F0A,0x0A1A,0x0A27,0x0A0A,0x0A0A,0x2F2F,
	0x0A27,0x0A0A,0x0A0A,0x2F2F,0x2727,0x1827,0x1A27,0x2F1A,

	0x6F2F,0x1010,0x1010,0x1010,0x1A2F,0x2F2F,0x1010,0x6F6F,
	0x1A2F,0x1A1A,0x1A10,0x1010,0x2F2F,0x1A0A,0x1A1A,0x101A,
	0x2F2F,0x1A1A,0x1A1A,0x101A,0x0A2F,0x1A1A,0x1A1A,0x1A1A,
	0x1A0A,0x1A1A,0x1A1A,0x1A68,0x1A1A,0x1A1A,0x1A1A,0x6868,
	0x106F,0x1010,0x1010,0x1A10,0x6F6F,0x1010,0x101A,0x1A1A,
	0x106F,0x101A,0x101A,0x6868,0x1A10,0x1A1A,0x1A1A,0x681A,
	0x1A10,0x1A1A,0x1A1A,0x1A1A,0x1A1A,0x681A,0x681A,0x681A,
	0x681A,0x681A,0x681A,0x681A,0x681A,0x681A,0x6868,0x6868,

	0x1A68,0x1A1A,0x1A1A,0x1A1A,0x681A,0x1A1A,0x6868,0x1A1A,
	0x1A1A,0x1A1A,0x1A68,0x1A1A,0x1A68,0x6868,0x1A1A,0x1A68,
	0x1A68,0x6868,0x681A,0x1A1A,0x6868,0x6868,0x6868,0x681A,
	0x6868,0x6868,0x6868,0x6868,0x1A68,0x681A,0x6868,0x1A4D,
	0x1A1A,0x1A1A,0x2F1A,0x1A1A,0x1A1A,0x1A1A,0x2F9E,0x1A1A,
	0x9E1A,0x1A1A,0x9E9E,0x1A1A,0x1A1A,0x9E9E,0x9E1A,0x1A2F,
	0x1A1A,0x9E9E,0x1A1A,0x1A2F,0x1A1A,0x1A1A,0x9E9E,0x1A9E,
	0x1A1A,0x1A1A,0x9E9E,0x9E9E,0x1A1A,0x4D1A,0x9E9E,0x9E9E,

	0x1A1A,0x1A1A,0x2727,0x2727,0x1A1A,0x9E1A,0x271A,0x2727,
	0x1A1A,0x1A9E,0x2727,0x2727,0x9E9E,0x2727,0x2727,0x2727,
	0x9E9E,0x2727,0x2727,0x2727,0x1A9E,0x271A,0x2727,0x2727,
	0x1A1A,0x2727,0x2727,0x2727,0x9E1A,0x1A1A,0x2727,0x2727,
	0x2727,0x2727,0x2727,0x2727,0xBD27,0x27BD,0x2727,0x2727,
	0x2727,0xBD27,0x2727,0x2727,0x2727,0x2727,0x2727,0x2727,
	0x2727,0x2727,0x2727,0x2727,0x2727,0x2727,0x2727,0x2727,
	0x2727,0x2727,0x2727,0x2727,0x2727,0x2727,0x2727,0xBD27,

	0x2727,0x2727,0xBD27,0x4545,0x2727,0x2727,0xBDBD,0x4545,
	0x2727,0x2727,0x2727,0xBD62,0x2727,0x2727,0xBD27,0xBDBD,
	0x2727,0x2727,0x2727,0x2727,0x2727,0x2727,0x2727,0x2727,
	0x2727,0x2727,0x2727,0x2727,0x27BD,0x2727,0x2727,0x2727,
	0x1045,0x1010,0x101A,0x1A10,0x2727,0x1A1A,0x1A1A,0x1A1A,
	0x2727,0x271A,0x1A1A,0x1A1A,0x2727,0x2727,0x2727,0x271A,
	0x2727,0x2727,0xBD27,0x2727,0x2727,0x2727,0x2727,0x2727,
	0x2727,0xBDBD,0x2727,0x2727,0x2727,0x2727,0x27BD,0x2727,

	0x1A1A,0x1A1A,0x1A1A,0x1A1A,0x1A1A,0x1A1A,0x1A1A,0x3E1A,
	0x1A1A,0x1A1A,0x1A1A,0x1A1A,0x1A27,0x1A1A,0x1A1A,0x1A1A,
	0x2727,0x1A1A,0x1A1A,0x1A1A,0x2727,0x2727,0x1A1A,0x1A1A,
	0xBDBD,0x2727,0x1A1A,0x1A1A,0x2727,0x2727,0x1A1A,0x3E1A,
	0x3E3E,0xC83E,0x84B1,0xB11D,0x3E3E,0xC8C8,0xC83E,0xB1B1,
	0x3E3E,0x3E3E,0xC83E,0xB1B1,0xC83E,0x3E3E,0xC8C8,0xB1C8,
	0x3EB1,0x3EC8,0xC8C8,0xB1C8,0xB11A,0xC8C8,0xC8C8,0xB1B1,
	0x1A1A,0xC8B1,0xC8C8,0xB1B1,0x3EC8,0xB1B1,0xB1B1,0xC884,

	0xB11D,0x84B1,0xB1B1,0xB1B1,0xB11D,0x1D1D,0x8484,0xC8C8,
	0x1D1D,0x1D1D,0xC8C8,0xC8B1,0xC8C8,0x1D1D,0x84C8,0x3E3E,
	0xC8C8,0x8484,0x8484,0xB1B1,0x0000,0x1D84,0xC8C8,0xB13E,
	0x0000,0x1D1D,0xC8B1,0xB1C8,0x8484,0xB11D,0xC884,0xB1C8,
	0xC8C8,0x3E3E,0x3E3E,0xA524,0x3E3E,0x3EC8,0x1A3E,0x0A0A,
	0x3E3E,0x3E3E,0x0A3E,0x0A0A,0xC83E,0x3E3E,0x0A3E,0x0A0A,
	0xC8C8,0x3E3E,0x0A3E,0x450A,0xB1B1,0xB1C8,0x0A0A,0x4545,
	0xB1C8,0xB1B1,0x0A0A,0x450A,0xB184,0x3E3E,0x0A0A,0x4545,

	0x1A0A,0x1A0A,0x460A,0x1A1A,0x1A1A,0x0A0A,0x1A0A,0x1A46,
	0x1A1A,0x1A0A,0x1A0A,0x0A1A,0x1A1A,0x1A1A,0x1A1A,0x1A1A,
	0x1A1A,0x1A1A,0x1A1A,0x1A1A,0x1A1A,0x1A1A,0x1A1A,0x1A1A,
	0x1A1A,0x1A1A,0x1A1A,0x1A1A,0x1A1A,0x1A1A,0x1A1A,0x1A1A,
	0x1A46,0x1A46,0x0A0A,0x0A0A,0x1A1A,0x1A1A,0x1A1A,0x1A0A,
	0x1A1A,0x1A1A,0x1A1A,0x1A1A,0x1A1A,0x1A1A,0x1A0A,0x1A0A,
	0x1A1A,0x1A1A,0x0A1A,0x0A0A,0x1A1A,0x1A1A,0x1A1A,0x0A0A,
	0x1A1A,0x1A1A,0x0A18,0x1A0A,0x1A1A,0x1A1A,0x1A1A,0x1A1A,

	0x181A,0x1A0A,0x1A1A,0x0A0A,0x0A0A,0x1A1A,0x1A1A,0x1A1A,
	0x0A1A,0x0A0A,0x1A1A,0x1A1A,0x0A0A,0x1A0A,0x1A1A,0x1A0A,
	0x1A1A,0x0A0A,0x1A1A,0x0A0A,0x0A0A,0x1A1A,0x1A1A,0x1A1A,
	0x0A0A,0x1A1A,0x1A1A,0x1A1A,0x1A1A,0x0A0A,0x1A1A,0x1A1A,
	0x1A0A,0x0A0A,0x4B4B,0x4B4B,0x0A0A,0x0A18,0x4B4B,0x4B4B,
	0x1A1A,0x0A1A,0x4B4B,0x4B4B,0x0A1A,0x1A0A,0x4B4B,0x4B4B,
	0x0A0A,0x0A0A,0x4B4B,0x4B4B,0x0A1A,0x1A0A,0x4B4B,0x4B4B,
	0x0A1A,0x1A1A,0x4B4B,0x4B4B,0x1A1A,0x1A1A,0x4B4B,0x4B4B,

	0x4B4B,0x4B4B,0xA04B,0x2379,0x4B4B,0x4B4B,0xA04B,0x2379,
	0x4B4B,0x4B4B,0xA04B,0x2379,0x4B4B,0x4B4B,0xA04B,0x2379,
	0x4B4B,0x4B4B,0xA04B,0x2379,0x4B4B,0x4B4B,0xA04B,0x2379,
	0x4B4B,0x4B4B,0xA04B,0x2379,0x4B4B,0x4B4B,0xA04B,0x2379,
	0x2323,0x2323,0x7923,0x2323,0x2323,0x2323,0x7923,0x2323,
	0x2323,0x2323,0x7923,0x2323,0x2323,0x7A7A,0x7A7A,0x7A7A,
	0x2323,0x2323,0x2323,0x2323,0x2323,0x2323,0x2323,0x2323,
	0x2323,0x2323,0x2323,0x2323,0x2323,0x2323,0x2323,0x2323,

	0x2323,0x2323,0x2323,0x2323,0x2323,0x2323,0x2323,0x2323,
	0x2323,0x2323,0xA023,0xA0A0,0x237A,0x7923,0x71BB,0x7171,
	0x2323,0x7923,0x71BB,0x7171,0x2323,0x7923,0xBB71,0xBBBB,
	0x2323,0x7923,0xBB71,0xBB71,0x2323,0x7923,0x7171,0x7171,
	0x2323,0x2323,0x2323,0x2323,0x2323,0x2323,0xA023,0xA0A0,
	0xA0A0,0xA0A0,0x0AA0,0x7171,0x7171,0xBB71,0xBB0A,0x71BB,
	0x7171,0xBB71,0xBB71,0x71BB,0x7171,0xBB71,0x7171,0x7171,
	0x7171,0xBB71,0x7171,0x7171,0x7171,0x7171,0x7171,0x7171,

	0x2323,0x2323,0x2323,0x2323,0xA0A0,0xA0A0,0xA0A0,0xA0A0,
	0x4F4F,0x4F4F,0x4F4F,0x4F4F,0x4F4F,0x4F4F,0x4F4F,0x4F4F,
	0x4F4F,0x4F4F,0x4F4F,0x4F4F,0x4F71,0x4F4F,0x4F71,0x714F,
	0xA071,0x71A0,0xA071,0x71A0,0x7171,0x7171,0x4F71,0x4F4F,
	0x2323,0x2323,0x2323,0x2323,0xA0A0,0xA0A0,0xA0A0,0xA0A0,
	0x714F,0x4F4F,0x4F4F,0x4F4F,0x714F,0x4F4F,0x4F4F,0x4F4F,
	0x714F,0x4F4F,0x4F4F,0x4F4F,0x714F,0x4FB4,0x4F4F,0x4F4F,
	0x71A0,0xA0A0,0x7171,0xA0A0,0x4F4F,0x4F4F,0x4F4F,0x4F71,

	0x2323,0xA023,0x2323,0x2323,0xA0A0,0xA0A0,0x7171,0x4F4F,
	0x4F4F,0x4F4F,0x7171,0x4F4F,0x4F4F,0x4F4F,0x7171,0x4F4F,
	0x4F4F,0x4F4F,0x7171,0x714F,0x4F4F,0x714F,0x7171,0x71A0,
	0xA071,0x7171,0x7171,0x7171,0x4F4F,0x4F4F,0x4F4F,0x4F4F,
	0x2323,0x2323,0x2323,0x2323,0x4F4F,0x4F4F,0x4F4F,0x4F4F,
	0x4F4F,0x4F4F,0x4F4F,0x4F4F,0x4F4F,0x714F,0x4F4F,0x4F4F,
	0x714F,0x714F,0x4F71,0x4F71,0x71A0,0x4F4F,0x4F4F,0xA04F,
	0x7171,0x4F4F,0x4F4F,0x4F4F,0x4F4F,0x4F4F,0x4F4F,0x4F4F,

	0x2323,0x2323,0x2323,0x2323,0x4F4F,0x4F71,0xA04F,0xA0A0,
	0x4F4F,0x4F71,0x4F4F,0x4F4F,0x4F4F,0x4F71,0x4F4F,0x4F4F,
	0x4F4F,0x4F71,0x4F4F,0x4F4F,0xA0A0,0x4F71,0x4F71,0x714F,
	0xA04F,0xA071,0xA071,0x71A0,0x4F4F,0x4F4F,0x7171,0x7171,
	0x2323,0x2323,0x2323,0x7979,0xA0A0,0xA0A0,0xA0A0,0xA0A0,
	0x4F4F,0x4F71,0x4F4F,0x4F4F,0x4F4F,0x4F71,0x4F4F,0x4F4F,
	0x4F4F,0x4F71,0x4F4F,0x4F4F,0x4F71,0xA071,0x71A0,0xA0A0,
	0xA071,0x4F4F,0x4F4F,0xA04F,0x4F4F,0x4F4F,0x4F4F,0x4F4F,

	0x2379,0x2323,0x2323,0x2323,0x2323,0x2323,0x2323,0x2323,
	0xA0A0,0xA0A0,0xA0A0,0x2323,0x4F4F,0x4F4F,0x714F,0x794F,
	0x4F4F,0x4F4F,0x714F,0x794F,0x4F71,0x4F71,0x714F,0x794F,
	0xA071,0x7171,0x7171,0x79A0,0x4F4F,0x4F4F,0x4F4F,0x794F,
	0x2323,0x2323,0x2323,0x2323,0x2323,0x2323,0x2323,0x2323,
	0x2323,0x2323,0x2323,0x2323,0x7A23,0x7A7A,0x7A7A,0x7A7A,
	0x2323,0x2323,0x2323,0x2323,0x2323,0x2323,0x2323,0x2323,
	0x2323,0x2323,0x2323,0x2323,0x2323,0x2323,0x2323,0x2323,

	0x2323,0x7923,0x4BA0,0x4B4B,0x2323,0x7923,0x4BA0,0x4B4B,
	0x2323,0x7923,0x4BA0,0x4B4B,0x2323,0x7923,0x4BA0,0x4B4B,
	0x2323,0x7923,0x4BA0,0x4B4B,0x2323,0x7923,0x4BA0,0x4B4B,
	0x2323,0x7923,0x4BA0,0x4B4B,0x2323,0x7923,0x4BA0,0x4B4B,
	0x4B4B,0x4B4B,0x4B4B,0x0A0A,0x4B4B,0x4B4B,0x4B4B,0x1818,
	0x4B4B,0x4B4B,0x4B4B,0x180A,0x4B4B,0x4B4B,0x4B4B,0x0A0A,
	0x4B4B,0x4B4B,0x4B4B,0x0A0A,0x4B4B,0x4B4B,0x4B4B,0x0A0A,
	0x4B4B,0x4B4B,0x4B4B,0x0A0A,0x4B4B,0x4B4B,0x4B4B,0x0A0A,

	0x0A0A,0x0A18,0x0A0A,0x0A0A,0x180A,0x0A1A,0x0A0A,0x0A0A,
	0x0A0A,0x0A0A,0x0A0A,0x3B3B,0x180A,0x0A18,0x0A0A,0x1A1A,
	0x1A0A,0x1818,0x0A0A,0x0A0A,0x0A0A,0x0A0A,0x0A0A,0x0A0A,
	0x0A0A,0x0A0A,0x0A0A,0x0A0A,0x0A0A,0x0A0A,0x0A0A,0x0A0A,
	0x180A,0x0A0A,0x4545,0x450A,0xAF45,0x4545,0x450A,0x4545,
	0x1A1A,0x0A45,0x450A,0x4545,0x4545,0x9C45,0x4545,0x0A45,
	0x0A45,0x9C45,0x4510,0x4545,0x0A0A,0x450A,0x4545,0x4545,
	0x0A0A,0x0A0A,0x450A,0x0A45,0x0A0A,0x0A0A,0x0A0A,0x0A0A,

	0x4584,0x8484,0x4545,0x4545,0x4545,0xB5B5,0x4545,0x4545,
	0x4545,0xB5B5,0x4585,0x4545,0x4545,0x4545,0x4545,0x450A,
	0x4545,0x4545,0x4545,0x4545,0x4545,0x4545,0x4545,0x4545,
	0x0A45,0x0A45,0x4545,0x0A45,0x0A0A,0x0A0A,0x450A,0x0A0A,
	0x450A,0x4545,0x0A45,0x0A0A,0x4545,0x4545,0x0AAF,0x0A0A,
	0x4545,0x450A,0x320A,0x320A,0x4545,0x4545,0x0AAF,0x0A32,
	0x4545,0x4545,0x3232,0x0A0A,0x4545,0x0A45,0x0A0A,0x0A0A,
	0x4545,0x0A0A,0x0A0A,0x0A0A,0x0A0A,0x0A0A,0x0A0A,0x0A0A,

	0x1818,0x0A18,0x460A,0x460A,0x0A0A,0x0A0A,0x0A0A,0x4618,
	0x0A0A,0x0A0A,0x0A0A,0x4618,0x0A32,0x0A0A,0x1A0A,0x4646,
	0x0A0A,0x0A0A,0x0A0A,0x0A46,0x0A0A,0x0A0A,0x0A0A,0x0A0A,
	0x0A0A,0x0A0A,0x0A0A,0x0A0A,0x1818,0x0A0A,0x0A0A,0x0A0A,
	0x460A,0x460A,0x0A0A,0x0A0A,0x460A,0x0A46,0x460A,0x0A0A,
	0x4646,0x1846,0x4646,0x0A0A,0x180A,0x4646,0x0A46,0x0A0A,
	0x0A0A,0x4646,0x0A0A,0x0A0A,0x0A0A,0x460A,0x1A1A,0x0A0A,
	0x0A0A,0x460A,0x0A0A,0x0A0A,0x0A0A,0x0A0A,0x0A0A,0x0A0A,

	0x0A0A,0x0A32,0x0A0A,0x0A0A,0x0A0A,0x0A0A,0x0A18,0x0A0A,
	0x3B3B,0x1A0A,0x0A18,0x0A0A,0x1A1A,0x0A3B,0x0A0A,0x0A3B,
	0x0A0A,0x0A0A,0x0A0A,0x1A1A,0x0A0A,0x0A0A,0x0A0A,0x0A0A,
	0x0A0A,0x0A0A,0x0A0A,0x0A0A,0x0A0A,0x0A0A,0x0A0A,0x0A0A,
	0x0A0A,0x0A0A,0x0A0A,0x0A0A,0x0A0A,0x0A0A,0x0A0A,0x0A0A,
	0x0A0A,0x0A0A,0x0A0A,0x320A,0x0A0A,0x0A0A,0x0A0A,0x320A,
	0x0A0A,0x0A0A,0x0A0A,0x0A0A,0x0A0A,0x0A0A,0x0A0A,0x0A0A,
	0x0A0A,0x0A0A,0x0A32,0x0A0A,0x3232,0x3232,0x320A,0x0A0A,

	0x0A0A,0x0A0A,0x0A0A,0x0A0A,0x0A32,0x320A,0x0A0A,0x0A0A,
	0x0A32,0x320A,0x0A0A,0x0A0A,0x320A,0x3232,0x0A0A,0x0A0A,
	0x320A,0x0A32,0x0A0A,0x0A0A,0x0A0A,0x0A0A,0x0A0A,0x0A0A,
	0x0A0A,0x0A0A,0x0A0A,0x0A0A,0x0A0A,0x0A0A,0x0A0A,0x0A0A,
	0x1A1A,0x3B0A,0x0A3B,0x0A0A,0x0A0A,0x3B0A,0x0A1A,0x0A0A,
	0x0A0A,0x0A0A,0x180A,0x3B0A,0x0A0A,0x0A0A,0x0A0A,0x1A3B,
	0x0A0A,0x0A0A,0x0A0A,0x0A0A,0x0A0A,0x0A0A,0x0A0A,0x0A0A,
	0x0A0A,0x0A0A,0x0A69,0x0A0A,0x0A0A,0x0A0A,0x0A1A,0x690A,

	0x0A0A,0x0A0A,0x0A0A,0x0A0A,0x0A0A,0x0A0A,0x0A0A,0x0A0A,
	0x0A0A,0x0A0A,0x0A0A,0x0A0A,0x0A0A,0x0A0A,0x0A0A,0x0A0A,
	0x0A0A,0x0A0A,0x0A0A,0x0A0A,0x0A0A,0x690A,0x0A0A,0x0A0A,
	0x0A0A,0x1A0A,0x0A0A,0x0A0A,0x0A0A,0x0A0A,0x0A0A,0x0A0A,
	0x0A0A,0x0A0A,0x460A,0x0A0A,0x0A0A,0x0A0A,0x0A0A,0x0A46,
	0x0A0A,0x0A0A,0x0A0A,0x1846,0x0A0A,0x0A0A,0x0A0A,0x460A,
	0x0A0A,0x0A0A,0x0A0A,0x460A,0x0A0A,0x0A0A,0x0A0A,0x1A0A,
	0x0A0A,0x0A0A,0x0A0A,0x0A0A,0x0A0A,0x0A0A,0x0A0A,0x0A0A,

	0x0A0A,0x0A0A,0x460A,0x320A,0x1846,0x1846,0x4618,0x0A32,
	0x1846,0x4646,0x0A46,0x320A,0x0A46,0x460A,0x1A46,0x0A0A,
	0x0A0A,0x0A0A,0x0A0A,0x0A0A,0x0A0A,0x0A0A,0x0A0A,0x0A0A,
	0x0A0A,0x1A0A,0x1A0A,0x1A0A,0x0A0A,0x1A0A,0x1A1A,0x1A1A,
	0x0A0A,0x0A0A,0x0A0A,0x0A0A,0x3232,0x3232,0x0A0A,0x0A0A,
	0x320A,0x320A,0x0A0A,0x0A0A,0x0A0A,0x0A32,0x0A32,0x0A0A,
	0x320A,0x320A,0x0A0A,0x0A0A,0x0A0A,0x0A0A,0x3232,0x0A0A,
	0x1A0A,0x0A0A,0x0A32,0x0A1A,0x1A1A,0x0A1A,0x1A0A,0x0A0A,

	0x0A0A,0x0A0A,0x0A0A,0x0A0A,0x0A0A,0x0A0A,0x0A0A,0x3B0A,
	0x0A0A,0x0A0A,0x3B0A,0x3B0A,0x0A0A,0x0A0A,0x1A1A,0x0A0A,
	0x0A0A,0x0A0A,0x0A0A,0x0A0A,0x0A0A,0x0A0A,0x0A0A,0x0A0A,
	0x0A0A,0x0A0A,0x0A0A,0x0A0A,0x0A0A,0x0A0A,0x0A0A,0x0A0A,
	0x0A0A,0x0A0A,0x0A0A,0x0A0A,0x0A0A,0x0A0A,0x0A0A,0x0A0A,
	0x0A0A,0x0A0A,0x0A0A,0x0A18,0x0A0A,0x0A0A,0x0A0A,0x181A,
	0x0A0A,0x0A0A,0x0A0A,0x0A0A,0x0A0A,0x0A0A,0x0A0A,0x0A0A,
	0x0A0A,0x0A0A,0x0A0A,0x0A0A,0x0A32,0x0A0A,0x0A0A,0x0A3B,

	0x180A,0x0A0A,0x0A0A,0x0A0A,0x1818,0x0A0A,0x0A0A,0x0A0A,
	0x1A18,0x0A0A,0x0A0A,0x0A0A,0x0A0A,0x0A0A,0x0A0A,0x0A0A,
	0x0A0A,0x0A3B,0x0A0A,0x0A0A,0x1A3B,0x0A3B,0x0A0A,0x0A0A,
	0x0A3B,0x0A0A,0x0A0A,0x0A0A,0x0A0A,0x0A0A,0x0A0A,0x0A0A,
	0x0A0A,0x0A0A,0x1A0A,0x0A0A,0x0A0A,0x0A0A,0x1A1A,0x1A1A,
	0x0A0A,0x0A0A,0x1A0A,0x1A1A,0x0A0A,0x0A0A,0x1A0A,0x1A18,
	0x0A0A,0x0A0A,0x0A0A,0x1A1A,0x0A0A,0x0A0A,0x1818,0x1A1A,
	0x0A0A,0x0A0A,0x1A1A,0x0A0A,0x0A0A,0x0A0A,0x0A0A,0x0A0A,

	0x1A1A,0x1A1A,0x1A1A,0x1A1A,0x1A1A,0x1A1A,0x1A1A,0x1A1A,
	0x1A1A,0x1A1A,0x1A1A,0x1A1A,0x1A1A,0x1A1A,0x1A1A,0x1A1A,
	0x1A1A,0x1A1A,0x1A1A,0x1A1A,0x1A1A,0x1A1A,0x1A1A,0x1A1A,
	0x0A0A,0x1A1A,0x1A1A,0x1A1A,0x1A1A,0x1A1A,0x1A1A,0x1A1A,
	0x1A1A,0x1A1A,0x1A1A,0x1A1A,0x1A1A,0x1A1A,0x1A1A,0x1A1A,
	0x1A1A,0x1A1A,0x1A1A,0x1A1A,0x1A1A,0x1A1A,0x1A1A,0x1A1A,
	0x1A1A,0x1A1A,0x1A1A,0x1A1A,0x1A1A,0x1A1A,0x1A1A,0x1A1A,
	0x1A1A,0x1A1A,0x1A1A,0x1A1A,0x1A1A,0x1A1A,0x1A1A,0x1A1A,

	0x1A1A,0x1A1A,0xA60C,0x4B4B,0x1A1A,0x1A1A,0xA60C,0x4B4B,
	0x1A1A,0x1A1A,0xA60C,0x4B4B,0x1A1A,0x1A1A,0xA60C,0x4B4B,
	0x1A1A,0x1A1A,0xA60C,0x4B4B,0x1A1A,0x1A1A,0xA60C,0x4B0C,
	0x1A1A,0x1A1A,0xA60C,0x4B4B,0x1A1A,0x1A1A,0xA60C,0x4B4B,
	0x4B4B,0x4B4B,0x904B,0x1A0C,0x0C0C,0x4B4B,0x4B4B,0x1A0C,
	0x4B0C,0x4B4B,0x4B4B,0x1A0C,0x4B4B,0x4B4B,0x4B4B,0x1A0C,
	0x4B4B,0x4B4B,0x4B4B,0x1A0C,0x4B4B,0x4B4B,0x4B4B,0x1A0C,
	0x4B4B,0x0C0C,0x4B4B,0x1A0C,0x4B4B,0x4B4B,0x0C0C,0x1A0C,

	0x0A0A,0x0A0A,0x0A1A,0x0A18,0x0A1A,0x1A0A,0x1A1A,0x0A1A,
	0x0A1A,0x1A0A,0x1A1A,0x0A1A,0x1A1A,0x1A1A,0x1A1A,0x1A0A,
	0x1A1A,0x1A1A,0x1A1A,0x1A1A,0x1A1A,0x1A1A,0x1A1A,0x1A1A,
	0x1A1A,0x1A1A,0x1A1A,0x1A1A,0x1A1A,0x1A1A,0x1A1A,0x1A1A,
	0x0A0A,0x1A0A,0x1A1A,0x0A0A,0x0A1A,0x0A0A,0x0A0A,0x0A0A,
	0x0A0A,0x0A0A,0x0A0A,0x181A,0x0A0A,0x0A1A,0x1A1A,0x1A1A,
	0x0A0A,0x0A1A,0x1A1A,0x1A1A,0x0A1A,0x0A0A,0x1A0A,0x1A1A,
	0x0A1A,0x1A0A,0x1A0A,0x1A1A,0x1A1A,0x1A1A,0x1A1A,0x1A1A,

	0x0A1A,0x0A1A,0x1A0A,0x1A1A,0x1A18,0x0A1A,0x1A1A,0x1A0A,
	0x1A18,0x0A0A,0x1A1A,0x1A0A,0x0A0A,0x1A0A,0x1A1A,0x1A1A,
	0x0A0A,0x0A0A,0x1A1A,0x1A1A,0x1A0A,0x1A1A,0x1A1A,0x1A1A,
	0x1A0A,0x1A1A,0x1A1A,0x1A1A,0x1A1A,0x1A1A,0x1A1A,0x1A1A,
	0x1A0A,0x1A1A,0x1A1A,0x0A1A,0x1A1A,0x0A18,0x0A0A,0x1A1A,
	0x1A1A,0x1A1A,0x0A0A,0x0A0A,0x1A1A,0x1A1A,0x1A0A,0x0A1A,
	0x1A1A,0x1A1A,0x1A1A,0x0A1A,0x1A1A,0x1A1A,0x1A0A,0x0A1A,
	0x1A1A,0x0A1A,0x0A0A,0x0A1A,0x1A1A,0x1A1A,0x0A0A,0x0A1A,

	0x7F7F,0x7B7B,0x7B0A,0x7F0A,0x1A7F,0x0A7F,0x7B7B,0x0A0A,
	0x0A0A,0x0A0A,0x7F7F,0x0A3B,0x0A69,0x0A0A,0x3B0A,0x3B7B,
	0x0A1A,0x0A0A,0x1A1A,0x0A7B,0x1A0A,0x0A0A,0x0A0A,0x7B7B,
	0x1A1A,0x0A1A,0x0A0A,0x7B7B,0x1A1A,0x0A1A,0x7F0A,0x0A7B,
	0x7F0A,0x0A0B,0x560A,0x420A,0x7F7F,0x7F7F,0x1A1A,0x0A0A,
	0x7F7F,0x1A0A,0x1A1A,0x0A0A,0x0A7B,0x0A0A,0x0A1A,0x0A0A,
	0x0A0A,0x0A0A,0x0A0A,0x0A0A,0x0A7F,0x0A0A,0x0A0A,0x0A0A,
	0x0A0A,0x0A0A,0x0A0A,0x0A0A,0x0A0A,0x1A1A,0x1A1A,0x0A0A,

	0x420A,0x4242,0x0B56,0x0B0B,0x0A0A,0x421A,0x0B56,0x0B0B,
	0x0A0A,0x1A1A,0x0B0A,0x0B0B,0x1A1A,0x1A1A,0x0A1A,0x0A0A,
	0x1A1A,0x1A1A,0x0A1A,0x0A0A,0x0A0A,0x0A0A,0x0A0A,0x1A3B,
	0x0A0A,0x0A0A,0x0A0A,0x1A1A,0x0A0A,0x0A0A,0x0A0A,0x1A0A,
	0x0B0B,0x0B0B,0x5642,0x0A0A,0x0B0B,0x0B0B,0x0101,0xBD01,
	0x0B1A,0x0B0B,0x0101,0x0101,0x1A1A,0x0B1A,0x011A,0x0101,
	0x1A1A,0x1A1A,0x011A,0x1A01,0x0A1A,0x0A0A,0x1A0A,0x1A1A,
	0x3B1A,0x0A3B,0x1A0A,0x1A1A,0x1A1A,0x0A1A,0x1A1A,0x1A1A,

	0x0A0A,0x0A0A,0x4201,0x0101,0x56BD,0x4256,0x5656,0x2727,
	0x0101,0x5601,0x5656,0x2727,0x0101,0x5601,0x2727,0x2727,
	0x011A,0x5601,0x2727,0xBDBD,0x1A1A,0x271A,0x2727,0xBD27,
	0x1A1A,0x1A1A,0x2727,0x2727,0x1A1A,0x2727,0x2727,0x2727,
	0x5656,0x5656,0x2727,0x2727,0x2727,0x2727,0xBDBD,0x27BD,
	0x2727,0x2727,0x27BD,0x27BD,0x2727,0x2727,0x2727,0xBD27,
	0x2727,0x2727,0x2727,0xBDBD,0x2727,0x2727,0x2727,0x2727,
	0x2727,0x2727,0x2727,0x2727,0x2727,0x2727,0x2727,0x2727,

	0x2727,0x2727,0x2727,0xBD27,0x2727,0xBDBD,0xBD27,0xBDBD,
	0x27BD,0xBDBD,0xBD27,0xBD27,0xBD27,0x2727,0x2727,0x2727,
	0x2727,0x2727,0x2727,0x2727,0xBD27,0xBDBD,0x2727,0x2727,
	0xBDBD,0x2727,0x2727,0x2727,0xBD27,0x2727,0x2727,0x2727,
	0x2727,0x2727,0x1A27,0x2F1A,0x2727,0x2727,0x1A62,0x2F1A,
	0x2727,0x2727,0x62BD,0x2F1A,0x2727,0x2727,0x6227,0x1A1A,
	0x2727,0x2727,0x62BD,0x1A1A,0x2727,0x2727,0x2727,0x1A1A,
	0x2727,0x2727,0x2727,0x1A27,0x2727,0x2727,0x2727,0x1A1A,

	0x1A1A,0x1A1A,0x1A1A,0x681A,0x1A1A,0x1A1A,0x1A1A,0x1A1A,
	0x1A2F,0x1A1A,0x1A1A,0x1A1A,0x1A2F,0x1A1A,0x1A1A,0x1A1A,
	0x1A1A,0x1A1A,0x1A1A,0x1A68,0x1A1A,0x1A1A,0x6810,0x6868,
	0x1A1A,0x1A1A,0x1A1A,0x1A1A,0x1A1A,0x1A1A,0x1A1A,0x1A1A,
	0x681A,0x6810,0x6868,0x6868,0x6868,0x6868,0x681A,0x6868,
	0x6868,0x684D,0x6868,0x6868,0x6868,0x4D68,0x1A68,0x4D68,
	0x6868,0x4D68,0x1A68,0x4D68,0x4D1A,0x1A1A,0x1A4D,0x4D4D,
	0x4D1A,0x4D1A,0x4D4D,0x4D4D,0x1A1A,0x4D1A,0x4D4D,0x4D4D,

	0x1A1A,0x4D1A,0x6868,0x4D4D,0x1A4D,0x1A1A,0x4D4D,0x4D1A,
	0x1A4D,0x1A1A,0x4D1A,0x1A1A,0x9E1A,0x1A1A,0x1A1A,0x4D4D,
	0x1010,0x1A1A,0x1A1A,0x9E4D,0x4D9E,0x9E9E,0x1A1A,0x9E9E,
	0x4D9E,0x9E9E,0x4D1A,0x4D9E,0x9E9E,0x9E9E,0x9E4D,0x1A1A,
	0x1A68,0x4D4D,0x9E9E,0x9E9E,0x1A68,0x1A4D,0x9E9E,0x9E4D,
	0x1A4D,0x9E4D,0x4D9E,0x9E9E,0x4D4D,0x4D4D,0x4D4D,0x9E1A,
	0x4D4D,0x4D4D,0x4D4D,0x1A1A,0x4D1A,0x4D4D,0x2727,0xBD27,
	0x1A1A,0x2727,0x2727,0xBD27,0x1A9E,0x2727,0x2727,0x2727,

	0x9E9E,0x271A,0x2727,0x2727,0x9E9E,0xBD1A,0x2727,0x2727,
	0x9E27,0xBD27,0xBD27,0x2727,0x2727,0xBDBD,0xBDBD,0xBD27,
	0x2727,0x27BD,0xBDBD,0xBDBD,0x27BD,0x2727,0x2727,0xBD27,
	0xBD27,0x2727,0x2727,0x2727,0x2727,0x2727,0xBD27,0xBD27,
	0x2727,0x2727,0x2727,0xBDBD,0x2727,0x2727,0xBDBD,0xBDBD,
	0x2727,0x2727,0x2727,0xBD27,0x2727,0x2727,0x2727,0x2727,
	0xBD27,0x2727,0x2727,0x2727,0xBDBD,0xBDBD,0x2727,0x2727,
	0xBDBD,0xBDBD,0xBDBD,0x2727,0xBD27,0x2727,0xBDBD,0x2727,

	0x2727,0x2727,0x2727,0x2727,0x2727,0x2727,0xBDBD,0x2727,
	0x2727,0x2727,0xBDBD,0x2727,0x2727,0x2727,0x27BD,0x2727,
	0x2727,0x2727,0xBDBD,0x2727,0xBD27,0xBDBD,0xBDBD,0xBD27,
	0x2727,0xBDBD,0xBD27,0xBDBD,0x2727,0x2727,0xBDBD,0xBDBD,
	0x2727,0x2727,0x2727,0x2727,0x2727,0x2727,0x2727,0x2727,
	0x2727,0x2727,0x2727,0x2727,0x2727,0x2727,0x2727,0x2727,
	0x2727,0x2727,0x2727,0x2727,0x2727,0x2727,0x2727,0xBDBD,
	0x2727,0x27BD,0x2727,0xBDBD,0xBDBD,0x2727,0x2727,0x2727,

	0x2727,0x2727,0x1A1A,0x1A1A,0x2727,0x2727,0x1A27,0x3E1A,
	0x2727,0x2727,0x1A27,0x1A1A,0xBD27,0x2727,0x1A1A,0x3E1A,
	0x2727,0x0A1A,0x1A1A,0x1A1A,0x2EBD,0x1A62,0x1A0A,0x1A1A,
	0x6262,0xBD62,0x1A27,0x1A1A,0x2727,0x2727,0x2727,0x1A1A,
	0x3E3E,0xB13E,0xB1B1,0x8484,0x3E3E,0xC8C8,0xC8C8,0xC83E,
	0x3E3E,0x3E3E,0xB1C8,0xC83E,0xC8C8,0xC83E,0x3E3E,0xC8B1,
	0xC8C8,0xC8C8,0xC8C8,0xB1C8,0x0084,0xC8C8,0xB184,0xB1C8,
	0x1A1A,0x8484,0xC8C8,0xB1B1,0x1A1A,0x0084,0xC800,0x00C8,

	0x8400,0x1D1D,0xC8B1,0xB1C8,0x84B1,0x1DC8,0xC884,0xB1B1,
	0xB1B1,0x1DC8,0xC884,0x3E3E,0xC8B1,0x1D84,0xB1B1,0xC8C8,
	0xC83E,0x1D00,0xB1B1,0xC8C8,0xC8C8,0x00C8,0xB1C8,0xC8C8,
	0xB1C8,0x84C8,0xC8B1,0xB184,0x8484,0x0084,0x0084,0x8484,
	0xB1B1,0x3E3E,0x0A3E,0x450A,0xC8C8,0x3E3E,0x1A0A,0x0A0A,
	0x3EB1,0x3E3E,0x3E3E,0x0A0A,0x3E3E,0x3E84,0x0AC8,0x0A0A,
	0x3E3E,0xB184,0xC8C8,0x0A0A,0xB1B1,0x8484,0x8400,0x0A0A,
	0xB184,0x8484,0x1A00,0x0A0A,0x8484,0x8400,0x0A0A,0x0A0A,

	0x1A1A,0x1A1A,0x1A1A,0x1A1A,0x1A1A,0x1A1A,0x1A1A,0x1A1A,
	0x1A1A,0x1A1A,0x1A1A,0x1A1A,0x1A1A,0x1A1A,0x1A1A,0x1A1A,
	0x1A1A,0x1A1A,0x1A1A,0x1A1A,0x1A1A,0x1A1A,0x1A1A,0x1A1A,
	0x1A1A,0x1A1A,0x1A1A,0x1A1A,0x1A1A,0x1A1A,0x1A1A,0x1A1A,
	0x1A1A,0x1A1A,0x1A1A,0x1A1A,0x1A1A,0x1A1A,0x1A1A,0x1A1A,
	0x1A1A,0x1A1A,0x1A1A,0x1A1A,0x1A1A,0x1A1A,0x1A1A,0x1A1A,
	0x1A1A,0x1A1A,0x1A1A,0x1A1A,0x1A1A,0x1A1A,0x1A1A,0x1A1A,
	0x1A1A,0x1A1A,0x1A1A,0x1A1A,0x1A1A,0x1A1A,0x1A1A,0x1A1A,

	0x1A1A,0x1A1A,0x1A1A,0x1A1A,0x1A1A,0x1A1A,0x1A1A,0x1A1A,
	0x1A1A,0x1A1A,0x1A1A,0x1A1A,0x1A1A,0x1A1A,0x1A1A,0x1A1A,
	0x1A1A,0x1A1A,0x1A1A,0x1A1A,0x1A1A,0x1A1A,0x1A1A,0x1A1A,
	0x1A1A,0x1A1A,0x1A1A,0x1A1A,0x1A1A,0x1A1A,0x1A1A,0x1A1A,
	0x1A1A,0x1A1A,0x4B4B,0x4B4B,0x1A1A,0x321A,0x4B4B,0x4B4B,
	0x1A1A,0x1A1A,0x4B4B,0x4B4B,0x1A1A,0x1A1A,0x4B4B,0x4B4B,
	0x1A1A,0x1A1A,0x4B4B,0x4B4B,0x1A1A,0x1A1A,0x4B4B,0x4B4B,
	0x1A1A,0x1A1A,0x4B4B,0x4B4B,0x1A1A,0x1A1A,0x4B4B,0x4B4B,

	0x4B4B,0x4B4B,0xA04B,0x2379,0x4B4B,0x4B4B,0xA04B,0x7979,
	0x4B4B,0x4B4B,0xA04B,0x7979,0x4B4B,0x4B4B,0xA04B,0x7979,
	0x4B4B,0x4B4B,0xA04B,0x7979,0x4B4B,0x4B4B,0xA04B,0x7979,
	0x4B4B,0x4B4B,0xA04B,0x7979,0x4B4B,0x4B4B,0xA04B,0x7979,
	0x2323,0x2323,0x2323,0x2323,0x7979,0x7979,0x7171,0x7171,
	0x7979,0x7979,0x7171,0x7171,0x7979,0x7979,0x2D2D,0x2D71,
	0x7979,0xA079,0x2D2D,0x2D2D,0x7979,0x2D2D,0x2D2D,0x2D2D,
	0xA079,0x2D2D,0x2D2D,0x2D2D,0x2D2D,0x2D2D,0x2D2D,0x2D2D,

	0x2323,0x7923,0x7171,0x7171,0x7171,0x7171,0x7171,0x7171,
	0x7171,0x7171,0x7171,0x7171,0x2D2D,0x2D2D,0x2D71,0x2D2D,
	0x2D2D,0x2D2D,0x2D2D,0x2D2D,0x2D2D,0x2D2D,0x2D2D,0x2D2D,
	0x2D2D,0x2D2D,0x2D2D,0x2D2D,0x2D2D,0x2D2D,0x2D2D,0x2D2D,
	0x7171,0x7171,0x7171,0x7171,0x712D,0x2D71,0x2D71,0x7171,
	0x712D,0x2D71,0x2D2D,0x7171,0x2D2D,0x2D2D,0x2D2D,0x2D2D,
	0x2D2D,0x2D2D,0x2D2D,0x2D2D,0x2D2D,0x2D2D,0x2D2D,0x2D2D,
	0x2D2D,0x2D2D,0x2D2D,0x2D2D,0x2D2D,0x2D2D,0x2D2D,0x2D2D,

	0x7171,0x7171,0x4F71,0x4F4F,0x2D71,0x2D71,0x4971,0x4F4F,
	0x2D2D,0x2D2D,0x492D,0x494F,0x2D2D,0x2D2D,0x492D,0x4949,
	0x2D2D,0x2D2D,0x492D,0x4949,0x2D2D,0x2D2D,0x2E2D,0x492D,
	0x2D2D,0x2D2D,0x2E2D,0x2E2D,0x2D2D,0x2D2D,0x2D2D,0x2D2D,
	0x4F4F,0x4F4F,0x4F4F,0x4F71,0x4F49,0x4F4F,0x4F4F,0x4F2D,
	0x4949,0x4F4F,0x494F,0x492D,0x4949,0x4949,0x4949,0x492D,
	0x4949,0x4949,0x4949,0x492D,0x4949,0x492D,0x2D49,0x492D,
	0x2D2E,0x2E2D,0x2D2D,0x492D,0x2D2D,0x2D2D,0x2D2D,0x0F2D,

	0x4F4F,0x4F4F,0x4F4F,0x4F4F,0x494F,0x4F49,0x494F,0x4F4F,
	0x4949,0x4949,0x494F,0x4F49,0x4949,0x4949,0x4949,0x4949,
	0x4949,0x4949,0x4949,0x4949,0x4949,0x4949,0x4949,0x4949,
	0x4949,0x4949,0x4949,0x4949,0x2D0F,0x2D0F,0x2D2D,0x2D2D,
	0x4F4F,0x4F4F,0x4F4F,0x4F4F,0x4F4F,0x4F49,0x4F4F,0x4F4F,
	0x4F49,0x4949,0x494F,0x4F49,0x4949,0x4949,0x4949,0x4949,
	0x4949,0x4949,0x4949,0x4949,0x4949,0x4949,0x4949,0x4949,
	0x492D,0x4949,0x2D49,0x4949,0x2D2D,0x2E2D,0x2D2D,0x2D2D,

	0x4F4F,0x4F4F,0x7171,0x7171,0x4F4F,0x4F4F,0x712D,0x712D,
	0x494F,0x4F49,0x2D2D,0x2D2D,0x4949,0x4949,0x0D0D,0x2D2D,
	0x4949,0x4949,0x190D,0x2D2D,0x4949,0x4949,0x2D2D,0x2D2D,
	0x4949,0x4949,0x2D2D,0x2D2D,0x2D2D,0x2D2D,0x2D2D,0x2D2D,
	0x4F4F,0x4F4F,0x4F4F,0x4F4F,0x4F4F,0x494F,0x4F4F,0x4F4F,
	0x4F4F,0x4949,0x4F4F,0x4949,0x4949,0x4949,0x4949,0x4949,
	0x4949,0x4949,0x4949,0x4949,0x4949,0x4949,0x4949,0x4949,
	0x4949,0x4949,0x4949,0x4949,0x2D2E,0x2D2D,0x0F2D,0x0F0F,

	0x4F4F,0x4F4F,0x4F4F,0x794F,0x4F4F,0x4F49,0x4F4F,0x4F4F,
	0x4F4F,0x4949,0x4F4F,0x4F4F,0x4949,0x4949,0x4949,0x4949,
	0x4949,0x4949,0x4949,0x4949,0x4949,0x4949,0x4949,0x4949,
	0x4949,0x4949,0x2D49,0x492D,0x2E2E,0x2E2D,0x2D2D,0x2D2D,
	0x2323,0x2323,0x2323,0x2323,0x714F,0x7171,0x7171,0x7979,
	0x7149,0x2D71,0x7171,0x7979,0x2D49,0x2D2D,0x2D2D,0x7979,
	0x2D49,0x2D2D,0x2D2D,0x79A0,0x2D49,0x2D2D,0x2D2D,0x2D2D,
	0x2D49,0x2D2D,0x2D2D,0x2D2D,0x2D2E,0x2D2D,0x2D2D,0x2D2D,

	0x2323,0x7923,0x4BA0,0x4B4B,0x7979,0x7979,0x4BA0,0x4B4B,
	0x7979,0x7979,0x4BA0,0x4B4B,0x7979,0x7979,0x4BA0,0x4B4B,
	0x7979,0x7979,0x4BA0,0x4B4B,0x7979,0x7979,0x4BA0,0x4B4B,
	0x79A0,0x7979,0x4BA0,0x4B4B,0x2D2D,0x7979,0x4BA0,0x4B4B,
	0x4B4B,0x4B4B,0x4B4B,0x0A0A,0x4B4B,0x4B4B,0x4B4B,0x0A0A,
	0x4B4B,0x4B4B,0x4B4B,0x0A1A,0x4B4B,0x4B4B,0x4B4B,0x180A,
	0x4B4B,0x4B4B,0x4B4B,0x1A1A,0x4B4B,0x4B4B,0x4B4B,0x0A0A,
	0x4B4B,0x4B4B,0x4B4B,0x1A0A,0x4B4B,0x4B4B,0x4B4B,0x0A0A,

	0x0A0A,0x0A0A,0x0A0A,0x0A0A,0x0A0A,0x0A0A,0x0A0A,0x0A0A,
	0x180A,0x0A0A,0x0A0A,0x0A0A,0x180A,0x0A1A,0x0A0A,0x0A0A,
	0x0A0A,0x0A0A,0x0A0A,0x0A0A,0x0A0A,0x0A0A,0x0A0A,0x0A0A,
	0x0A0A,0x0A0A,0x0A0A,0x0A0A,0x0A0A,0x0A0A,0x0A0A,0x0A0A,
	0x0A0A,0x0A0A,0x0A0A,0x0A0A,0x0A0A,0x0A0A,0x0A0A,0x0A0A,
	0x0A0A,0x0A0A,0x0A0A,0x0A0A,0x0A0A,0x0A0A,0x0A0A,0x0A0A,
	0x0A0A,0x0A0A,0x0A0A,0x0A0A,0x0A0A,0x0A0A,0x0A0A,0x0A0A,
	0x0A0A,0x0A0A,0x0A0A,0x0A0A,0x0A0A,0x0A0A,0x0A0A,0x0A0A,

	0x0A0A,0x0A0A,0x0A0A,0x0A0A,0x0A0A,0x0A0A,0x0A0A,0x3B0A,
	0x0A0A,0x0A0A,0x3B3B,0x3B0A,0x0A0A,0x0A0A,0x1A1A,0x0A0A,
	0x0A0A,0x0A0A,0x0A0A,0x0A0A,0x0A0A,0x0A0A,0x0A0A,0x0A0A,
	0x0A0A,0x0A0A,0x0A0A,0x0A0A,0x0A0A,0x0A0A,0x0A0A,0x0A0A,
	0x0A0A,0x0A0A,0x1818,0x0A0A,0x0A0A,0x0A0A,0x1A1A,0x180A,
	0x0A1A,0x0A0A,0x0A0A,0x181A,0x0A0A,0x0A0A,0x0A0A,0x1A0A,
	0x0A0A,0x0A0A,0x0A0A,0x0A0A,0x0A0A,0x0A0A,0x0A0A,0x0A0A,
	0x0A0A,0x0A0A,0x0A0A,0x0A0A,0x0A0A,0x0A0A,0x0A0A,0x0A0A,

	0x1A1A,0x0A0A,0x0A0A,0x0A0A,0x0A0A,0x0A0A,0x0A0A,0x0A0A,
	0x0A0A,0x0A0A,0x0A0A,0x180A,0x0A0A,0x0A0A,0x0A0A,0x1A0A,
	0x0A0A,0x0A0A,0x0A0A,0x0A0A,0x0A0A,0x0A0A,0x0A0A,0x0A0A,
	0x0A0A,0x0A0A,0x0A0A,0x0A0A,0x0A0A,0x0A0A,0x0A0A,0x0A0A,
	0x0A0A,0x0A18,0x0A0A,0x0A0A,0x0A0A,0x0A18,0x0A0A,0x0A0A,
	0x0A0A,0x1A1A,0x0A0A,0x0A0A,0x0A18,0x1818,0x0A0A,0x0A0A,
	0x0A0A,0x181A,0x0A18,0x0A0A,0x0A0A,0x0A0A,0x0A0A,0x0A0A,
	0x0A0A,0x0A0A,0x0A0A,0x0A0A,0x0A0A,0x0A0A,0x0A0A,0x0A0A,

	0x0A0A,0x0A0A,0x0A0A,0x0A0A,0x0A0A,0x0A0A,0x0A0A,0x0A0A,
	0x0A0A,0x0A0A,0x0A0A,0x0A0A,0x0A0A,0x0A0A,0x0A0A,0x0A32,
	0x0A0A,0x0A32,0x0A0A,0x0A32,0x0A0A,0x3232,0x0A32,0x0A32,
	0x0A0A,0x320A,0x0A32,0x0A0A,0x0A0A,0x0A0A,0x0A0A,0x0A0A,
	0x0A32,0x0A32,0x0A32,0x0A0A,0x0A0A,0x0A0A,0x0A0A,0x0A0A,
	0x0A0A,0x0A0A,0x0A0A,0x3B3B,0x0A0A,0x0A0A,0x0A0A,0x1A0A,
	0x0A0A,0x0A0A,0x0A0A,0x0A0A,0x0A0A,0x0A0A,0x0A0A,0x0A0A,
	0x0A0A,0x0A0A,0x0A0A,0x0A0A,0x0A0A,0x0A0A,0x0A0A,0x0A0A,

	0x0A0A,0x0A0A,0x0A0A,0x0A0A,0x0A0A,0x0A3B,0x0A0A,0x0A0A,
	0x0A0A,0x1A1A,0x0A0A,0x0A0A,0x0A3B,0x0A0A,0x0A0A,0x0A0A,
	0x0A0A,0x0A0A,0x0A0A,0x0A0A,0x0A0A,0x0A0A,0x0A0A,0x0A0A,
	0x0A0A,0x0A0A,0x0A0A,0x0A0A,0x0A0A,0x0A0A,0x0A0A,0x0A0A,
	0x0A0A,0x0A0A,0x0A0A,0x1A69,0x0A0A,0x0A0A,0x0A0A,0x0A1A,
	0x0A0A,0x0A0A,0x0A0A,0x0A0A,0x0A0A,0x0A0A,0x0A0A,0x0A0A,
	0x0A0A,0x0A0A,0x0A0A,0x0A0A,0x0A0A,0x0A0A,0x0A0A,0x0A0A,
	0x0A0A,0x0A0A,0x0A0A,0x0A0A,0x0A0A,0x0A0A,0x0A0A,0x0A0A,

	0x0A0A,0x0A0A,0x0A0A,0x0A0A,0x0A0A,0x0A0A,0x0A0A,0x0A0A,
	0x0A0A,0x0A0A,0x0A0A,0x0A0A,0x0A0A,0x0A0A,0x0A0A,0x0A0A,
	0x0A0A,0x0A0A,0x0A0A,0x0A0A,0x0A0A,0x0A0A,0x0A0A,0x0A0A,
	0x0A0A,0x0A0A,0x0A0A,0x0A0A,0x0A0A,0x0A0A,0x0A0A,0x0A0A,
	0x0A0A,0x0A0A,0x0A0A,0x0A0A,0x0A0A,0x0A0A,0x1A0A,0x1A0A,
	0x0A0A,0x0A0A,0x1A0A,0x1A1A,0x0A0A,0x0A0A,0x0A0A,0x0A0A,
	0x0A0A,0x0A0A,0x0A0A,0x0A0A,0x0A0A,0x0A0A,0x0A0A,0x0A0A,
	0x0A0A,0x0A0A,0x0A0A,0x0A0A,0x0A0A,0x0A0A,0x0A0A,0x0A0A,

	0x0A0A,0x1A1A,0x1A1A,0x1A1A,0x1A1A,0x461A,0x0A1A,0x1A1A,
	0x1A1A,0x461A,0x4618,0x1A0A,0x0A46,0x4646,0x0A46,0x0A0A,
	0x4646,0x4646,0x0A0A,0x0A0A,0x0A46,0x0A0A,0x0A0A,0x0A0A,
	0x0A0A,0x0A0A,0x0A0A,0x0A0A,0x0A0A,0x0A0A,0x0A0A,0x0A0A,
	0x1A1A,0x0A1A,0x1A0A,0x0A0A,0x1A0A,0x1A0A,0x0A0A,0x0A0A,
	0x1A0A,0x1A0A,0x0A0A,0x0A0A,0x0A0A,0x0A0A,0x0A0A,0x0A0A,
	0x0A0A,0x0A0A,0x0A0A,0x0A0A,0x0A1A,0x0A0A,0x0A0A,0x0A0A,
	0x0A1A,0x0A0A,0x0A0A,0x0A0A,0x0A0A,0x0A0A,0x0A0A,0x0A0A,

	0x0A0A,0x0A0A,0x0A0A,0x0A0A,0x0A0A,0x0A0A,0x0A0A,0x0A0A,
	0x0A0A,0x0A0A,0x0A0A,0x0A0A,0x0A0A,0x0A0A,0x0A0A,0x0A32,
	0x0A0A,0x0A32,0x0A0A,0x0A32,0x0A0A,0x3232,0x0A32,0x0A32,
	0x0A0A,0x320A,0x0A32,0x0A0A,0x0A0A,0x0A0A,0x0A0A,0x0A0A,
	0x320A,0x320A,0x0A0A,0x0A0A,0x0A32,0x0A32,0x0A32,0x0A32,
	0x3232,0x0A0A,0x320A,0x320A,0x0A0A,0x0A0A,0x0A0A,0x0A0A,
	0x0A0A,0x0A0A,0x0A0A,0x0A0A,0x0A0A,0x0A0A,0x0A0A,0x0A0A,
	0x0A0A,0x0A0A,0x0A0A,0x0A0A,0x0A0A,0x0A0A,0x0A0A,0x0A0A,

	0x0A0A,0x0A0A,0x0A0A,0x0A0A,0x0A32,0x0A0A,0x0A0A,0x320A,
	0x0A0A,0x0A0A,0x0A0A,0x3232,0x3232,0x0A0A,0x0A0A,0x0A0A,
	0x0A32,0x0A0A,0x0A0A,0x0A0A,0x0A0A,0x0A0A,0x0A0A,0x0A0A,
	0x0A0A,0x0A0A,0x0A0A,0x0A0A,0x0A0A,0x0A0A,0x0A0A,0x0A0A,
	0x0A0A,0x0A0A,0x0A0A,0x0A0A,0x320A,0x0A0A,0x1A0A,0x0A0A,
	0x3232,0x320A,0x1A0A,0x0A1A,0x0A0A,0x0A32,0x0A0A,0x0A0A,
	0x0A0A,0x0A0A,0x0A0A,0x0A0A,0x0A0A,0x1A0A,0x0A1A,0x0A1A,
	0x0A0A,0x1A0A,0x1A1A,0x0A1A,0x0A0A,0x0A0A,0x1A1A,0x1A1A,

	0x1A1A,0x0A0A,0x1A1A,0x1A1A,0x0A0A,0x1A1A,0x1A1A,0x1A1A,
	0x0A0A,0x1A1A,0x1A0A,0x1A1A,0x0A0A,0x1A0A,0x1A0A,0x1A1A,
	0x0A0A,0x1A0A,0x1A1A,0x1A1A,0x0A1A,0x0A1A,0x1A1A,0x1A1A,
	0x0A0A,0x321A,0x1A1A,0x1A1A,0x1A1A,0x1A1A,0x1A1A,0x1A1A,
	0x1A1A,0x1A1A,0x1A1A,0x1A1A,0x1A1A,0x1A1A,0x1A1A,0x1A1A,
	0x1A1A,0x1A1A,0x1A1A,0x1A1A,0x1A1A,0x1A1A,0x1A1A,0x1A1A,
	0x1A1A,0x1A1A,0x1A1A,0x1A1A,0x1A1A,0x1A1A,0x1A1A,0x1A1A,
	0x1A1A,0x1A1A,0x1A1A,0x1A1A,0x1A1A,0x1A1A,0x1A1A,0x1A1A,

	0x1A1A,0x1A1A,0xA60C,0x4B4B,0x1A1A,0x1A1A,0xA60C,0x4B4B,
	0x1A1A,0x1A1A,0xA60C,0x4B4B,0x1A1A,0x1A1A,0xA60C,0x4B4B,
	0x1A1A,0x1A1A,0xA60C,0x4B4B,0x1A1A,0x1A1A,0xA60C,0x4B4B,
	0x1A1A,0x1A1A,0xA60C,0x4B0C,0x1A1A,0x1A1A,0xA60C,0x4B4B,
	0x4B4B,0x4B4B,0x0C0C,0x1A0C,0x4B4B,0x0C4B,0x4B4B,0x1A0C,
	0x0C0C,0x4B4B,0x4B4B,0x1A0C,0x4B4B,0x4B4B,0x4B4B,0x1A0C,
	0x4B4B,0x4B4B,0x4B4B,0x1A0C,0x4B4B,0x4B4B,0x0C0C,0x1A0C,
	0x4B4B,0x4B4B,0x4B4B,0x1A0C,0x4B4B,0x4B4B,0x4B4B,0x1A0C,

	0x1A1A,0x1A1A,0x1A1A,0x1A1A,0x1A1A,0x1A1A,0x1A1A,0x1A1A,
	0x1A1A,0x1A1A,0x1A1A,0x1A1A,0x1A1A,0x1A1A,0x1A1A,0x1A1A,
	0x1A1A,0x1A1A,0x1A1A,0x1A1A,0x1A1A,0x1A1A,0x1A1A,0x1A1A,
	0x1A1A,0x1A1A,0x1A1A,0x1A1A,0x1A1A,0x1A1A,0x1A1A,0x1A1A,
	0x1A1A,0x1A1A,0x1A1A,0x1A1A,0x1A1A,0x1A1A,0x1A1A,0x1A1A,
	0x1A1A,0x1A1A,0x1A1A,0x1A1A,0x1A1A,0x1A1A,0x1A1A,0x1A1A,
	0x1A1A,0x1A1A,0x1A1A,0x1A1A,0x1A1A,0x1A1A,0x1A1A,0x1A1A,
	0x1A1A,0x1A1A,0x1A1A,0x1A1A,0x1A1A,0x1A1A,0x1A1A,0x1A1A,

	0x1A1A,0x1A1A,0x1A1A,0x1A1A,0x1A1A,0x1A1A,0x1A1A,0x1A1A,
	0x1A1A,0x1A1A,0x1A1A,0x1A1A,0x1A1A,0x1A1A,0x1A1A,0x1A1A,
	0x1A1A,0x1A1A,0x1A1A,0x1A1A,0x1A1A,0x1A1A,0x1A1A,0x1A1A,
	0x1A1A,0x1A1A,0x1A1A,0x1A1A,0x1A1A,0x1A1A,0x1A1A,0x1A1A,
	0x1A1A,0x1A0A,0x0A1A,0x0A1A,0x0A1A,0x0A1A,0x1A1A,0x1A1A,
	0x1A1A,0x1A1A,0x1A1A,0x1A1A,0x1A1A,0x1A1A,0x1A1A,0x1A1A,
	0x1A1A,0x1A1A,0x1A1A,0x1A1A,0x1A1A,0x1A1A,0x1A1A,0x1A1A,
	0x1A1A,0x1A1A,0x1A1A,0x1A1A,0x1A1A,0x1A1A,0x1A1A,0x1A1A,

	0x1A1A,0x0A1A,0x0A0A,0x0A0A,0x1A1A,0x1010,0x4510,0x9C1A,
	0x1A1A,0x4545,0x9C9C,0x109C,0x0A1A,0x1A10,0x4510,0x1045,
	0x1A1A,0x1A1A,0x4510,0x109C,0x1A1A,0x1A1A,0x0A1A,0x3B3B,
	0x1A1A,0x1A1A,0x0A1A,0x3B1A,0x1A1A,0x1A1A,0x0A0A,0x0A0A,
	0x0A0A,0x0A0A,0x1A1A,0x0A0A,0x4545,0x0A45,0x0A0A,0x1A0A,
	0x4545,0x0A45,0x0A0A,0x1A0A,0x0A45,0x0A0A,0x0A0A,0x0A0A,
	0x0A45,0x0A0A,0x0A0A,0x0A0A,0x0A0A,0x0A0A,0x0A0A,0x0A0A,
	0x0A0A,0x0A0A,0x0A0A,0x0A0A,0x0A0A,0x0A0A,0x0A0A,0x0A0A,

	0x0A0A,0x0A0A,0x1A1A,0x1A1A,0x1A1A,0x1A1A,0x0A1A,0x0A0A,
	0x1A1A,0x0A1A,0x0A0A,0x1A0A,0x1A1A,0x1A1A,0x0A1A,0x3B1A,
	0x1A1A,0x1A1A,0x0A1A,0x1A1A,0x1A1A,0x1A1A,0x1A1A,0x1A1A,
	0x0A0A,0x1A1A,0x1A1A,0x1A1A,0x1A0A,0x1A1A,0x1A1A,0x1A1A,
	0x1A1A,0x1A1A,0x1A1A,0x1A1A,0x1A1A,0x1A1A,0x1A1A,0x1A1A,
	0x1A1A,0x1A1A,0x1A1A,0x1A1A,0x1A1A,0x1A1A,0x1A1A,0x1A1A,
	0x1A1A,0x1A1A,0x1A1A,0x1A1A,0x1A1A,0x1A1A,0x1A1A,0x1A1A,
	0x1A1A,0x1A1A,0x1A1A,0x1A1A,0x1A1A,0x1A1A,0x1A1A,0x1A1A,

	0x1A1A,0x2727,0x2727,0x2727,0x1A1A,0xBDBD,0xBDBD,0xBDBD,
	0x1A1A,0x62BD,0xBDBD,0x27BD,0x1A1A,0xBD1A,0x6262,0x27BD,
	0x1A1A,0x271A,0x27BD,0xBDBD,0x1A1A,0x2727,0x2727,0x2727,
	0x271A,0x271A,0x2727,0x2727,0x2727,0x2727,0x2727,0x2727,
	0x2727,0x2727,0x2727,0x2727,0x2727,0x2727,0x2727,0x2727,
	0xBDBD,0x2727,0x2727,0x2727,0x2727,0x2727,0xBD27,0x2727,
	0x2727,0xBD27,0xBDBD,0x2727,0x2727,0xBD27,0x2727,0xBDBD,
	0x2727,0xBD27,0x2727,0xBDBD,0x2727,0xBDBD,0x2727,0xBDBD,

	0xBD27,0x2727,0x2727,0x2727,0x2727,0x2727,0x2727,0x2727,
	0x2727,0x2727,0x2727,0x27BD,0x27BD,0x2727,0x2727,0xBD27,
	0x27BD,0x2727,0x2727,0x2727,0x27BD,0x27BD,0x2727,0x2727,
	0xBDBD,0xBDBD,0x2727,0xBD27,0x2727,0x2727,0x2727,0x2727,
	0x2727,0x2727,0x2727,0x2727,0x2727,0x2727,0x27BD,0x1ABD,
	0x2727,0x27BD,0x27BD,0x1ABD,0xBD27,0xBD27,0xBD27,0x1A62,
	0xBD27,0xBDBD,0x62BD,0x1A62,0xBD27,0xBD27,0x6262,0x1A62,
	0xBD27,0x622E,0x62BD,0x1A2E,0xBDBD,0xBDBD,0x2E2E,0x1A1A,

	0x1A1A,0x1A1A,0x1A1A,0x1A1A,0x1A1A,0x1A1A,0x1A1A,0x101A,
	0x1A1A,0x1A1A,0x1A1A,0x1A1A,0x1A1A,0x1A1A,0x1A1A,0x1A1A,
	0x1A1A,0x1A1A,0x1A1A,0x1A1A,0x1A1A,0x1A1A,0x1A1A,0x1A1A,
	0x1A1A,0x1A1A,0x1A1A,0x1A1A,0x1A1A,0x1A1A,0x1A1A,0x1A1A,
	0x1A1A,0x4D4D,0x4D4D,0x4D4D,0x104D,0x1A4D,0x4D1A,0x4D1A,
	0x1A1A,0x1A1A,0x4D1A,0x4D1A,0x1A1A,0x1A1A,0x1A1A,0x1A1A,
	0x1A1A,0x1A1A,0x1A1A,0x1010,0x1A1A,0x1A1A,0x1A1A,0x1A1A,
	0x1A1A,0x1A1A,0x1A1A,0x1A1A,0x1A1A,0x1A1A,0x1A1A,0x1A1A,

	0x9E4D,0x9E9E,0x9E9E,0x1A1A,0x9E10,0x9E9E,0x9E9E,0x9E9E,
	0x9E1A,0x9E9E,0x9E9E,0x9E9E,0x9E9E,0x9E9E,0x1A9E,0x1A9E,
	0x9E9E,0x9E9E,0x1A1A,0x0A1A,0x1A1A,0x1A0A,0x1A1A,0x1A1A,
	0x1A1A,0x0A1A,0x1A1A,0x0A1A,0x1A1A,0x1A1A,0x0A0A,0x1A1A,
	0x9E9E,0x2727,0x2727,0x2727,0x279E,0x2727,0x2727,0x2727,
	0xBD9E,0x2727,0x2727,0x2727,0x271A,0x2727,0x27BD,0x2727,
	0x2727,0x2727,0x2727,0x2727,0x270A,0x2727,0x2727,0x2727,
	0x2727,0x2727,0x2727,0x2727,0x2727,0x2727,0x2727,0x2727,

	0x2727,0x2727,0x2727,0x27BD,0x2727,0x2727,0x2727,0x2727,
	0x2727,0x2727,0x2727,0x2727,0x2727,0x2727,0x2727,0x2727,
	0x2727,0x2727,0x2727,0x2727,0x2727,0xBD27,0x2727,0x2727,
	0x2727,0x27BD,0x2727,0x2727,0x2727,0xBD27,0x27BD,0xBDBD,
	0x2727,0x2727,0x2727,0x2727,0x2727,0x2727,0x2727,0x2727,
	0x2727,0x2727,0x2727,0x2727,0x2727,0x2727,0x2727,0x2727,
	0x2727,0x2727,0x2727,0x2727,0x2727,0x2727,0x2727,0x2727,
	0x2727,0x2727,0x2727,0x2727,0x2727,0x2727,0x2727,0x2727,

	0x2727,0x2727,0x2727,0xBDBD,0x2727,0x2727,0xBDBD,0x2727,
	0x2727,0x2727,0x2727,0x2727,0x2727,0x2727,0x2727,0x2727,
	0x2727,0x2727,0x2727,0x2727,0x2727,0x2727,0x2727,0x27BD,
	0x2727,0x2727,0xBD27,0x27BD,0x2727,0x2727,0x2727,0xBD27,
	0x2727,0x2727,0x2727,0x2727,0x2727,0x2727,0x2727,0x2727,
	0x2727,0x2727,0x2727,0x2727,0x2727,0x2727,0x2727,0x2727,
	0x2727,0x2727,0x2727,0x2727,0x2727,0x27BD,0x2727,0x2727,
	0x2727,0x2727,0x2727,0x2727,0x27BD,0xBDBD,0x2727,0x2727,

	0x2727,0x2727,0x2727,0x0A0A,0x2727,0x2727,0xBDBD,0x0A3B,
	0x2727,0xBD27,0x2727,0x0A27,0x2727,0xBDBD,0x2727,0x2727,
	0x2727,0xBD27,0x2727,0x2727,0x2727,0x2727,0x2727,0x2727,
	0x2727,0x2727,0x2727,0x2727,0x2727,0x2727,0x2727,0x2727,
	0x1A1A,0x001A,0xC81A,0x8484,0x0A0A,0x1A0A,0x450A,0x0000,
	0x0A0A,0x0A45,0x450A,0xAF10,0x450A,0x4545,0x4545,0x0A45,
	0x4545,0x0A45,0x4545,0x0A45,0x4545,0x4545,0x0A45,0x4545,
	0x4545,0x4545,0x4545,0x4545,0x0A27,0x0A0A,0x0A45,0x0A45,

	0x0000,0x8484,0x0084,0x0000,0x0000,0x001D,0x0000,0xAF00,
	0x0000,0x001D,0x4545,0x4500,0x4545,0x6767,0x4545,0x4545,
	0x4545,0x6767,0x4545,0x4545,0x1D45,0x0A0A,0x451D,0x4545,
	0x4545,0x4545,0x4545,0x4545,0x450A,0x4545,0x4545,0x4545,
	0x8484,0x0A00,0x0A0A,0x0A0A,0x0000,0x1A10,0x0A0A,0x0A0A,
	0x45AF,0x0A45,0x0A0A,0x0A0A,0x4545,0xAF10,0x45AF,0x0A0A,
	0x4545,0x1045,0x0A0A,0x0A0A,0x450A,0x4545,0x0A45,0x6845,
	0x4545,0x0A45,0x9D0A,0x689D,0x0A45,0x0A0A,0x0A0A,0x0A0A,

	0x1A1A,0x1A1A,0x1A1A,0x1A1A,0x1A1A,0x1A1A,0x1A1A,0x1A1A,
	0x1A1A,0x1A1A,0x1A1A,0x1A1A,0x1A1A,0x1A1A,0x0A1A,0x1A1A,
	0x1A1A,0x1A1A,0x1A1A,0x1A1A,0x1A1A,0x1A1A,0x1A1A,0x0A0A,
	0x1A1A,0x1A1A,0x0A1A,0x0A0A,0x1A1A,0x1A1A,0x0A18,0x684D,
	0x1A1A,0x1A1A,0x1A1A,0x1A1A,0x1A1A,0x1A1A,0x1A1A,0x1A1A,
	0x1A1A,0x1A1A,0x1A1A,0x0A1A,0x1A1A,0x0A0A,0x0A1A,0x0A0A,
	0x1A1A,0x0A0A,0x0A0A,0x0A0A,0x0A68,0x0A0A,0x0A1A,0x680A,
	0x680A,0x1A1A,0x1A1A,0x6868,0x0A0A,0x1A68,0x681A,0x0A68,

	0x1A1A,0x1A1A,0x1A1A,0x1A1A,0x1A1A,0x1A1A,0x1A1A,0x0D0D,
	0x1A1A,0x1A1A,0x1A1A,0x0D1A,0x0A0A,0x0A1A,0x1A1A,0x1A1A,
	0x0A0A,0x0A0A,0x1A1A,0x1A1A,0x0A1A,0x1A0A,0x1A1A,0x0A1A,
	0x1A1A,0x1A1A,0x1A1A,0x1A1A,0x1A1A,0x1A1A,0x1A1A,0x0A1A,
	0x1A1A,0x1A1A,0x7979,0x7979,0x1A1A,0x1A1A,0x4B4B,0x4B4B,
	0x1A1A,0x1A1A,0x4B4B,0x4B4B,0x951A,0x1A19,0x4B4B,0x4B4B,
	0x1A1A,0x1A1A,0x4B4B,0x4B4B,0x1A1A,0x1A1A,0x4B4B,0x4B4B,
	0x1A0A,0x1A0A,0x4B4B,0x4B4B,0x0A1A,0x0A1A,0x4B4B,0x4B4B,

	0x7979,0x7979,0xA079,0xA079,0x4B4B,0x4B4B,0xA04B,0x2D2D,
	0x4B4B,0x4B4B,0xA04B,0x2D2D,0x4B4B,0x4B4B,0x2D4B,0x2D2D,
	0x4B4B,0x4B4B,0x2D4B,0x2D2D,0x4B4B,0x4B4B,0x9C4B,0x2D9C,
	0x4B4B,0x4B4B,0x9C4B,0x2D9C,0x4B4B,0x4B4B,0x2D4B,0x2D2D,
	0x2D2D,0x2D2D,0x2D2D,0x2D2D,0x2D2D,0x2D2D,0x2D2D,0x2D2D,
	0x2D2D,0x2D2D,0x2D2D,0x2D2D,0x2D9C,0x2D2D,0x2D2D,0x2D2D,
	0x2D9C,0x2D2D,0x2D2D,0x2D2D,0x2D2D,0x2D2D,0x2D2D,0x2D2D,
	0x2D2D,0x2D2D,0x2D2D,0x2D2D,0x2D2D,0x2D2D,0x2D2D,0x2D2D,

	0x2D2D,0x2D2D,0x2D2D,0x2D2D,0x2D2D,0x2D2D,0x2D2D,0x2D2D,
	0x2D2D,0x2D2D,0x2D2D,0x2D2D,0x2D2D,0x2D2D,0x2D2D,0x2D2D,
	0x2D2D,0x2D2D,0x2D2D,0x2D2D,0x2D2D,0x2D2D,0x2D2D,0x2D2D,
	0x2D2D,0x2D2D,0x2D2D,0x2D2D,0x2D2D,0x2D2D,0x2D2D,0x2D2D,
	0x2D2D,0x2D2D,0x2D2D,0x2D2D,0x2D2D,0x2D2D,0x2D2D,0x2D2D,
	0x2D2D,0x2D2D,0x2D2D,0x2D2D,0x2D2D,0x2D2D,0x2D2D,0x2D2D,
	0x2D2D,0x2D2D,0x2D2D,0x2D2D,0x2D2D,0x2D2D,0x2D2D,0x2D2D,
	0x2D2D,0x2D2D,0x2D2D,0x2D2D,0x2D2D,0x2D2D,0x2D2D,0x2D2D,

	0x2D2D,0x2D2D,0x2D2D,0x2D2D,0x2D2D,0x2D2D,0x2D2D,0x2D2D,
	0x2D2D,0x2D2D,0x2D2D,0x2D2D,0x2D2D,0x2D2D,0x2D2D,0x2D2D,
	0x2D2D,0x2D2D,0x2D2D,0x2D2D,0x2D2D,0x2D2D,0x2D2D,0x2D2D,
	0x2D2D,0x2D2D,0x2D2D,0x2D2D,0x2D2D,0x2D2D,0x2D2D,0x2D2D,
	0x2D2D,0x2D2D,0x2D2D,0x2D2D,0x492D,0x4949,0x4949,0x4949,
	0x492D,0x4949,0x4949,0x4949,0x4949,0x4949,0x4949,0x4949,
	0x4949,0x4949,0x4949,0x4949,0x4949,0x4949,0x4949,0x4949,
	0x4949,0x4949,0x4949,0x4949,0x2D49,0x4949,0x4949,0x4949,

	0x2E2E,0x2D2E,0x2E2D,0x2D2D,0x4949,0x4949,0x4949,0x4949,
	0x4949,0x4949,0x4949,0x4949,0x4949,0x4949,0x4949,0x4949,
	0x4949,0x4949,0x4949,0x4949,0x4949,0x4949,0x4949,0x4949,
	0x4949,0x4949,0x4949,0x4949,0x4949,0x492D,0x4949,0x4949,
	0x2D2D,0x2D2D,0x4949,0x0F0F,0x2D49,0x4949,0x4949,0x4949,
	0x2D49,0x4949,0x4949,0x4949,0x2D49,0x4949,0x4949,0x4949,
	0x2D49,0x4949,0x4949,0x4949,0x2D49,0x4949,0x4949,0x4949,
	0x2D49,0x4949,0x4949,0x4949,0x2D49,0x4949,0x4949,0x4949,

	0x0F0F,0x2E2E,0x2D2E,0x2D2D,0x4949,0x4949,0x4949,0x2D2D,
	0x4949,0x4949,0x4949,0x2D2D,0x4949,0x4949,0x4949,0x2D49,
	0x4949,0x4949,0x4949,0x2D49,0x4949,0x4949,0x4949,0x2D49,
	0x4949,0x4949,0x4949,0x2D49,0x4949,0x4949,0x4949,0x2D49,
	0x2D2E,0x0A0A,0x4949,0x4949,0x4949,0x4949,0x4949,0x4949,
	0x4949,0x4949,0x4949,0x4949,0x4949,0x4949,0x4949,0x4949,
	0x4949,0x4949,0x4949,0x4949,0x4949,0x4949,0x4949,0x4949,
	0x4949,0x4949,0x4949,0x4949,0x492D,0x2E2D,0x4949,0x4949,

	0x4949,0x4949,0x4949,0x4949,0x4949,0x4949,0x4949,0x4949,
	0x4949,0x4949,0x4949,0x4949,0x4949,0x4949,0x4949,0x4949,
	0x4949,0x4949,0x4949,0x4949,0x4949,0x4949,0x4949,0x4949,
	0x4949,0x4949,0x4949,0x4949,0x4949,0x4949,0x492D,0x2D49,
	0x2D2D,0x2D2D,0x2D2D,0x2D2D,0x2D2D,0x2D2D,0x2D2D,0x2D2D,
	0x2D2D,0x2D2D,0x2D2D,0x2D2D,0x2D2D,0x2D2D,0x2D2D,0x2D2D,
	0x2D2D,0x2D2D,0x2D2D,0x2D2D,0x2D2D,0x2D2D,0x2D2D,0x2D2D,
	0x2D2D,0x2D2D,0x2D2D,0x2D2D,0x2D2D,0x2D2D,0x2D2D,0x2D2D,

	0x2D2D,0x79A0,0x79A0,0x7979,0x2D2D,0x2D2D,0x4BA0,0x4B4B,
	0x2D2D,0x2D2D,0x4BA0,0x4B4B,0x2D2D,0x2D2D,0x4B2D,0x4B4B,
	0x2D2D,0x2D2D,0x4B2D,0x4B4B,0x2D2D,0x2D2D,0x4B2D,0x4B4B,
	0x2D2D,0x2D2D,0x4B2D,0x4B4B,0x2D2D,0x2D2D,0x4B2D,0x4B4B,
	0x7979,0x7979,0x7979,0x1A1A,0x4B4B,0x4B4B,0x4B4B,0x1A1A,
	0x4B4B,0x4B4B,0x4B4B,0x1A1A,0x4B4B,0x4B4B,0x4B4B,0x1A1A,
	0x4B4B,0x4B4B,0x4B4B,0x0A1A,0x4B4B,0x4B4B,0x4B4B,0x1A1A,
	0x4B4B,0x4B4B,0x4B4B,0x1A1A,0x4B4B,0x4B4B,0x4B4B,0x1A1A,

	0x0A0A,0x0A0A,0x0A0A,0x0A0A,0x0A1A,0x1A0A,0x0A0A,0x0A0A,
	0x1A1A,0x0A0A,0x0A0A,0x0A1A,0x321A,0x0A0A,0x1A1A,0x0A1A,
	0x0A0A,0x0A0A,0x1A1A,0x1A1A,0x1A1A,0x1A1A,0x1A1A,0x1A1A,
	0x1A1A,0x1A1A,0x1A1A,0x1A1A,0x1A1A,0x1A1A,0x1A1A,0x1A0A,
	0x0A0A,0x0A0A,0x0A0A,0x0A0A,0x0A0A,0x1A1A,0x1A1A,0x0A0A,
	0x0A0A,0x0A0A,0x1A0A,0x0A0A,0x1A0A,0x0A0A,0x0A0A,0x0A0A,
	0x1A1A,0x0A1A,0x1A0A,0x0A0A,0x1A0A,0x1A1A,0x1A1A,0x0A1A,
	0x1A0A,0x0A1A,0x0A0A,0x1A1A,0x1A1A,0x691A,0x0A0A,0x0A0A,

	0x0A0A,0x0A0A,0x0A0A,0x0A0A,0x0A0A,0x0A0A,0x0A0A,0x0A0A,
	0x0A0A,0x0A0A,0x3B0A,0x0A0A,0x1A0A,0x0A0A,0x1A0A,0x0A3B,
	0x1A0A,0x0A0A,0x0A0A,0x0A1A,0x0A0A,0x0A0A,0x0A0A,0x0A0A,
	0x0A1A,0x0A0A,0x0A0A,0x180A,0x0A0A,0x0A0A,0x0A3B,0x1A18,
	0x0A0A,0x0A0A,0x0A0A,0x0A0A,0x0A0A,0x0A0A,0x0A0A,0x0A0A,
	0x0A0A,0x0A0A,0x0A0A,0x0A0A,0x0A0A,0x0A0A,0x0A0A,0x0A0A,
	0x0A0A,0x0A0A,0x0A0A,0x0A0A,0x0A0A,0x0A0A,0x0A0A,0x0A0A,
	0x0A0A,0x0A0A,0x0A0A,0x0A0A,0x0A0A,0x0A0A,0x0A0A,0x0A0A,

	0x0A0A,0x0A0A,0x0A0A,0x0A0A,0x0A0A,0x0A0A,0x0A0A,0x0A0A,
	0x0A0A,0x0A0A,0x0A0A,0x0A0A,0x0A0A,0x0A0A,0x1818,0x0A0A,
	0x0A0A,0x0A0A,0x181A,0x180A,0x0A0A,0x1818,0x0A0A,0x0A0A,
	0x0A0A,0x1A1A,0x180A,0x0A0A,0x0A0A,0x0A0A,0x180A,0x0A1A,
	0x0A0A,0x0A0A,0x0A0A,0x0A0A,0x0A0A,0x0A32,0x0A32,0x0A0A,
	0x320A,0x320A,0x0A0A,0x0A0A,0x0A0A,0x0A0A,0x3232,0x0A0A,
	0x0A18,0x0A0A,0x0A32,0x0A0A,0x0A1A,0x0A0A,0x0A0A,0x0A0A,
	0x0A0A,0x0A0A,0x0A0A,0x0A0A,0x0A0A,0x0A0A,0x0A0A,0x0A0A,

	0x0A0A,0x0A0A,0x0A0A,0x0A0A,0x0A0A,0x0A0A,0x0A0A,0x0A0A,
	0x0A0A,0x0A0A,0x0A0A,0x0A0A,0x0A0A,0x0A0A,0x0A0A,0x0A0A,
	0x0A0A,0x0A0A,0x0A0A,0x0A0A,0x0A0A,0x0A0A,0x0A18,0x0A0A,
	0x0A0A,0x0A0A,0x1818,0x0A0A,0x0A0A,0x0A0A,0x0A0A,0x3B0A,
	0x0A0A,0x0A0A,0x0A0A,0x0A0A,0x0A0A,0x0A0A,0x0A0A,0x0A0A,
	0x0A0A,0x0A0A,0x0A0A,0x0A0A,0x0A0A,0x0A0A,0x0A0A,0x0A0A,
	0x0A0A,0x0A0A,0x0A0A,0x0A0A,0x0A0A,0x0A0A,0x0A0A,0x0A0A,
	0x3B3B,0x0A0A,0x0A0A,0x0A0A,0x1A1A,0x0A0A,0x0A0A,0x180A,

	0x0A0A,0x0A0A,0x0A0A,0x0A0A,0x0A0A,0x0A0A,0x0A0A,0x0A0A,
	0x0A0A,0x0A0A,0x0A0A,0x690A,0x0A0A,0x0A0A,0x0A0A,0x1A0A,
	0x0A0A,0x0A0A,0x0A0A,0x0A0A,0x0A0A,0x0A3B,0x0A0A,0x0A0A,
	0x0A0A,0x0A3B,0x0A0A,0x0A0A,0x0A18,0x0A0A,0x0A0A,0x0A0A,
	0x0A0A,0x0A0A,0x0A0A,0x0A0A,0x0A0A,0x0A0A,0x0A0A,0x0A0A,
	0x0A0A,0x0A0A,0x0A0A,0x0A0A,0x0A0A,0x0A0A,0x0A0A,0x0A0A,
	0x0A0A,0x180A,0x0A0A,0x0A0A,0x180A,0x180A,0x0A0A,0x0A0A,
	0x0A0A,0x1A18,0x0A0A,0x0A0A,0x0A0A,0x0A0A,0x0A0A,0x0A0A,

	0x0A0A,0x0A0A,0x0A0A,0x0A0A,0x0A0A,0x0A0A,0x0A0A,0x0A0A,
	0x0A0A,0x0A0A,0x0A0A,0x0A0A,0x0A0A,0x0A0A,0x0A0A,0x0A0A,
	0x0A0A,0x0A0A,0x0A0A,0x0A0A,0x0A0A,0x0A0A,0x0A0A,0x0A0A,
	0x0A0A,0x0A0A,0x0A0A,0x0A0A,0x0A0A,0x0A0A,0x1818,0x0A0A,
	0x0A0A,0x0A0A,0x0A0A,0x0A0A,0x0A0A,0x0A0A,0x0A0A,0x0A0A,
	0x0A0A,0x0A0A,0x0A0A,0x0A0A,0x0A0A,0x0A0A,0x0A0A,0x0A0A,
	0x0A0A,0x0A0A,0x0A0A,0x0A0A,0x0A0A,0x0A0A,0x0A0A,0x1818,
	0x0A0A,0x0A0A,0x0A0A,0x180A,0x0A0A,0x0A0A,0x0A0A,0x0A0A,

	0x0A0A,0x0A0A,0x0A0A,0x0A0A,0x0A0A,0x0A0A,0x0A0A,0x0A0A,
	0x0A0A,0x0A0A,0x0A0A,0x0A0A,0x0A0A,0x0A0A,0x0A0A,0x0A0A,
	0x0A18,0x0A0A,0x3232,0x3232,0x1818,0x0A0A,0x0A0A,0x0A0A,
	0x181A,0x0A0A,0x0A0A,0x320A,0x0A0A,0x0A0A,0x0A0A,0x0A0A,
	0x0A0A,0x0A0A,0x0A0A,0x0A0A,0x0A0A,0x0A0A,0x0A0A,0x0A0A,
	0x0A0A,0x0A0A,0x0A0A,0x0A0A,0x0A0A,0x0A0A,0x0A0A,0x0A0A,
	0x0A0A,0x0A0A,0x0A0A,0x0A0A,0x0A0A,0x0A0A,0x0A0A,0x0A0A,
	0x0A0A,0x0A0A,0x0A0A,0x0A0A,0x0A0A,0x1818,0x0A0A,0x0A0A,

	0x0A0A,0x0A0A,0x0A0A,0x0A0A,0x0A0A,0x0A0A,0x0A0A,0x0A0A,
	0x0A0A,0x0A0A,0x0A0A,0x0A0A,0x0A0A,0x0A0A,0x0A0A,0x0A0A,
	0x0A0A,0x0A0A,0x0A0A,0x0A0A,0x0A0A,0x0A0A,0x0A0A,0x0A0A,
	0x0A0A,0x0A0A,0x0A18,0x0A0A,0x0A0A,0x0A0A,0x181A,0x1818,
	0x0A0A,0x0A0A,0x0A0A,0x0A0A,0x0A0A,0x0A0A,0x0A0A,0x0A0A,
	0x460A,0x0A0A,0x460A,0x0A0A,0x0A0A,0x0A0A,0x0A46,0x0A46,
	0x0A46,0x1846,0x1846,0x0A46,0x460A,0x4618,0x4646,0x0A1A,
	0x0A0A,0x4618,0x4618,0x460A,0x1A0A,0x0A46,0x4618,0x4618,

	0x0A0A,0x0A0A,0x0A0A,0x0A0A,0x0A0A,0x0A0A,0x0A0A,0x1818,
	0x0A0A,0x0A0A,0x0A0A,0x180A,0x0A0A,0x0A0A,0x0A0A,0x0A0A,
	0x0A0A,0x0A0A,0x0A0A,0x0A0A,0x0A46,0x0A0A,0x0A0A,0x0A0A,
	0x0A46,0x0A0A,0x0A0A,0x0A0A,0x0A46,0x0A0A,0x0A0A,0x0A0A,
	0x0A0A,0x0A0A,0x1A1A,0x1A1A,0x1A0A,0x1A0A,0x0A1A,0x1A1A,
	0x1A0A,0x0A0A,0x0A1A,0x1A1A,0x3B0A,0x0A1A,0x0A0A,0x0A0A,
	0x0A0A,0x1A1A,0x0A0A,0x0A0A,0x0A0A,0x0A0A,0x1A0A,0x0A0A,
	0x0A0A,0x0A0A,0x1A1A,0x0A0A,0x0A0A,0x0A0A,0x1A0A,0x1A1A,

	0x1A1A,0x1A1A,0x1A1A,0x1A1A,0x1A1A,0x1A1A,0x1A1A,0x1A1A,
	0x1A0A,0x1A1A,0x1A1A,0x1A1A,0x1A1A,0x1A1A,0x1A1A,0x1A1A,
	0x1A0A,0x1A1A,0x1A1A,0x1A1A,0x1A1A,0x1A1A,0x1A1A,0x1A1A,
	0x1A1A,0x1A1A,0x1A1A,0x1A1A,0x1A1A,0x1A1A,0x1A1A,0x1A1A,
	0x1A1A,0x1A1A,0x1A1A,0x1A1A,0x1A1A,0x1A1A,0x1A1A,0x1A1A,
	0x1A1A,0x1A1A,0x1A1A,0x1A1A,0x1A1A,0x1A1A,0x1A1A,0x1A1A,
	0x1A1A,0x1A1A,0x1A1A,0x1A1A,0x1A1A,0x1A1A,0x1A1A,0x1A1A,
	0x1A1A,0x1A1A,0x1A1A,0x1A1A,0x1A1A,0x1A1A,0x1A1A,0x1A1A,

	0x1A1A,0x1A1A,0xA60C,0x4B4B,0x1A1A,0x1A1A,0xA60C,0x4B4B,
	0x1A1A,0x1A1A,0xA60C,0x4B4B,0x1A1A,0x1A1A,0xA60C,0x4B4B,
	0x1A1A,0x1A1A,0xA60C,0x4B4B,0x1A1A,0x1A1A,0xA60C,0x4B0C,
	0x1A1A,0x1A95,0xA60C,0x4B4B,0x1A1A,0x1A95,0xA60C,0x4B4B,
	0x4B4B,0x4B4B,0x4B4B,0x1A0C,0x4B4B,0x4B4B,0x4B4B,0x1A0C,
	0x4B4B,0x4B0C,0x4B4B,0x1A0C,0x0C4B,0x4B4B,0x4B4B,0x1A0C,
	0x4B4B,0x4B4B,0x4B4B,0x1A05,0x4B4B,0x4B4B,0x4B4B,0x0C4B,
	0x4B4B,0x4B4B,0x4B4B,0x4B4B,0x4B4B,0x4B4B,0x4B4B,0x4B4B,

	0x1A1A,0x1A1A,0x1A1A,0x1A1A,0x1A1A,0x1A1A,0x1A1A,0x1A1A,
	0x1A1A,0x1A1A,0x1A1A,0x1A1A,0x1A1A,0x1A1A,0x1A1A,0x1A1A,
	0x1A1A,0x1A1A,0x1A1A,0x1A1A,0x4B4B,0x4B4B,0x4B4B,0x4B0C,
	0x4B0C,0x4B4B,0x4B4B,0x4B4B,0x0C0C,0x4B4B,0x4B4B,0x4B4B,
	0x1A1A,0x1A1A,0x1A1A,0x1A1A,0x1A1A,0x1A60,0x601A,0x601A,
	0x601A,0x601A,0x601A,0x6060,0x1A1A,0x0D60,0x6060,0x1919,
	0x1A1A,0x0D60,0x0D60,0x1A1A,0x4B4B,0x4B4B,0x4B4B,0x4B4B,
	0x4B4B,0x4B4B,0x4B4B,0x4B4B,0x4B4B,0x4B4B,0x4B4B,0x4B4B,

	0x1A1A,0x1A1A,0x1A1A,0x1A1A,0x1A1A,0x1A1A,0x1A1A,0x1A1A,
	0x1A1A,0x1A1A,0x1A1A,0x1A1A,0x1A1A,0x1A1A,0x1A1A,0x1A1A,
	0x1A1A,0x1A1A,0x1A1A,0x1A1A,0x4B4B,0x4B4B,0x0C4B,0x0C0C,
	0x4B4B,0x4B4B,0x0C4B,0x4B4B,0x4B4B,0x4B4B,0x4B0C,0x4B4B,
	0x1A1A,0x1A1A,0x1A1A,0x1A1A,0x1A1A,0x1A1A,0x1A1A,0x1A1A,
	0x1A1A,0x1A1A,0x1A1A,0x1A1A,0x1A1A,0x1A1A,0x1A1A,0x1A1A,
	0x1A1A,0x1A1A,0x1A1A,0x1A1A,0x4B4B,0x4B4B,0x0C4B,0x4B4B,
	0x4B4B,0x4B4B,0x4B4B,0x4B4B,0x0C4B,0x4B4B,0x4B4B,0x4B4B,

	0x1A1A,0x0A0A,0x0A0A,0x0A0A,0x0A0A,0x0A0A,0x0A1A,0x0A0A,
	0x1A0A,0x0A0A,0x0A18,0x0A0A,0x1A1A,0x1A1A,0x181A,0x181A,
	0x1A1A,0x1A1A,0x181A,0x1A0A,0x4B4B,0x4B4B,0x4B4B,0x4B4B,
	0x4B4B,0x4B4B,0x4B4B,0x4B4B,0x4B4B,0x4B4B,0x4B4B,0x4B4B,
	0x0A0A,0x0A0A,0x0A0A,0x1A0A,0x0A0A,0x0A0A,0x0A0A,0x1A0A,
	0x0A0A,0x0A0A,0x0A0A,0x1A1A,0x0A18,0x0A0A,0x1A0A,0x1A0A,
	0x0A0A,0x0A0A,0x0A0A,0x0A0A,0x4B4B,0x4B4B,0x4B4B,0x0C0C,
	0x4B4B,0x4B4B,0x4B4B,0x0C0C,0x4B4B,0x4B4B,0x4B4B,0x0C0C,

	0x1A1A,0x1A1A,0x1A1A,0x1A1A,0x0A1A,0x1A1A,0x1A1A,0x1A1A,
	0x0A1A,0x1A1A,0x1A1A,0x1A1A,0x1A1A,0x0A1A,0x0A1A,0x1A1A,
	0x1A0A,0x0A0A,0x0A0A,0x1A1A,0x4B4B,0x4B0C,0x4B4B,0x4B4B,
	0x4B4B,0x4B4B,0x4B4B,0x4B4B,0x4B4B,0x4B4B,0x4B4B,0x4B4B,
	0x1A1A,0x1A1A,0x1A1A,0x271A,0x1A1A,0x1A1A,0x1A1A,0xBD1A,
	0x1A1A,0x1A1A,0x1A1A,0x62BD,0x1A1A,0x2727,0x2727,0x2727,
	0x1A1A,0x2727,0x2727,0x2727,0x4B4B,0x2727,0x2727,0x2727,
	0x4B4B,0x2727,0x2727,0x2727,0x4B4B,0x27BD,0x27BD,0x2727,

	0x2727,0x2727,0x2727,0x2727,0x2727,0x2727,0x2727,0x2727,
	0x2762,0x2727,0x2727,0x2727,0xBD27,0x2727,0x2727,0x2727,
	0x2727,0x27BD,0x2727,0x2727,0x2727,0x2727,0x2727,0x2727,
	0x2727,0x2727,0x2727,0x2727,0x2727,0x2727,0x2727,0xBD27,
	0xBD27,0x2727,0x2727,0xBDBD,0x2727,0x2727,0x2727,0x2727,
	0x2727,0x2727,0x2727,0x2727,0x2727,0x2727,0x2727,0x2727,
	0x2727,0x2727,0x2727,0x2727,0x27BD,0xBD27,0x2727,0xBD27,
	0xBDBD,0xBD27,0x2727,0xBD27,0xBD27,0xBDBD,0x2727,0x2727,

	0x27BD,0x2727,0x2727,0x2727,0x27BD,0x2727,0x2727,0x2727,
	0x2727,0x2727,0x2727,0x2727,0x2727,0x27BD,0x2727,0x2727,
	0x2727,0xBD27,0x2727,0x2727,0x2727,0xBD27,0x2727,0x2727,
	0x2727,0xBD27,0x27BD,0x2727,0xBDBD,0x27BD,0x2727,0x2727,
	0xBD27,0xBDBD,0xBDBD,0x1A1A,0x2727,0xBDBD,0x2727,0x1A27,
	0x2727,0x2727,0x2727,0x27BD,0x2727,0x27BD,0x2727,0x2727,
	0x2727,0x2727,0x2727,0x2727,0x2727,0x2727,0xBDBD,0xBDBD,
	0x2727,0x2727,0xBDBD,0xBDBD,0xBD27,0xBD27,0xBD27,0x2727,

	0x1A1A,0x1A1A,0x1A1A,0x1A1A,0x1A1A,0x1A1A,0x1A1A,0x1A1A,
	0x1A1A,0x1A1A,0x1A1A,0x1A1A,0x1A1A,0x1A1A,0x1A1A,0x1A1A,
	0x1A27,0x1A1A,0x1A1A,0x1A1A,0x4B4B,0x4B4B,0x4B4B,0x4B4B,
	0x4B4B,0x4B4B,0x4B4B,0x4B4B,0x2727,0x4B4B,0x4B4B,0x4B4B,
	0x1A1A,0x1A1A,0x1A1A,0x1A1A,0x1A1A,0x1A1A,0x1A1A,0x1A1A,
	0x1A1A,0x1A1A,0x1A1A,0x1A1A,0x1A1A,0x1A1A,0x1A1A,0x1A1A,
	0x1A1A,0x1A1A,0x1A1A,0x1A1A,0x4B4B,0x4B4B,0x4B4B,0x0C0C,
	0x4B4B,0x4B4B,0x4B4B,0x0C0C,0x4B4B,0x4B4B,0x4B4B,0x2727,

	0x1A1A,0x1A1A,0x1A1A,0x1A1A,0x1A1A,0x0A0A,0x1A1A,0x3B1A,
	0x1A1A,0x0A1A,0x1A1A,0x3B0A,0x1A1A,0x1A1A,0x1A1A,0x0A1A,
	0x1A1A,0x1A1A,0x1A1A,0x0A1A,0x4B4B,0x2727,0x4B4B,0x4B4B,
	0x4B4B,0x2727,0x274B,0xBD27,0x2727,0x2727,0x2727,0x2727,
	0x2727,0xBD27,0xBD27,0x2727,0x3B0A,0x0A27,0xBD62,0xBDBD,
	0x3B0A,0x621A,0x6262,0x6262,0x0A0A,0x2727,0xBDBD,0xBDBD,
	0x270A,0x2727,0xBDBD,0xBD27,0x2727,0x2727,0x2727,0xBDBD,
	0x27BD,0x2727,0x2727,0xBDBD,0x2727,0xBDBD,0xBDBD,0x27BD,

	0xBD27,0xBD27,0xBDBD,0xBDBD,0xBDBD,0xBDBD,0xBDBD,0x2727,
	0xBDBD,0xBDBD,0xBDBD,0x2727,0xBD62,0xBD27,0x2727,0x27BD,
	0xBDBD,0x2727,0x2727,0x2727,0xBDBD,0x2727,0x2727,0x2727,
	0xBDBD,0x2727,0x2727,0x2727,0x2727,0x2727,0x2727,0x2727,
	0x2727,0x2727,0x2727,0x2727,0x27BD,0x2727,0x2727,0x2727,
	0x2727,0x2727,0x2727,0x2727,0x2727,0x2727,0x2727,0x2727,
	0x2727,0xBDBD,0x2727,0xBDBD,0x2727,0x2727,0x2727,0xBDBD,
	0x2727,0x2727,0x2727,0x27BD,0x2727,0x2727,0x2727,0x2727,

	0x2727,0x2727,0x2727,0x27BD,0x2727,0x2727,0x2727,0xBDBD,
	0x2727,0x2727,0xBDBD,0xBDBD,0x2727,0xBDBD,0xBDBD,0xBD62,
	0xBDBD,0xBD27,0x62BD,0xBD62,0xBDBD,0x6262,0x62BD,0x27BD,
	0xBDBD,0x2727,0xBDBD,0xBDBD,0x27BD,0xBDBD,0xBDBD,0xBDBD,
	0x27BD,0x2727,0x2727,0x2727,0x2727,0x2727,0x2727,0x2727,
	0xBDBD,0x2727,0x2727,0x2727,0x2727,0xBDBD,0x2727,0x2727,
	0x2727,0x2727,0x2727,0x2727,0x2727,0x27BD,0x2727,0x2727,
	0x2727,0xBDBD,0x2727,0x2727,0xBDBD,0x2727,0xBD27,0x2727,

	0x2727,0x2727,0x2727,0x27BD,0x2727,0x2727,0xBDBD,0x2727,
	0x2727,0xBD27,0x2727,0x2727,0x2727,0x2727,0x2727,0x2727,
	0x2727,0x2727,0x2727,0x2727,0x2727,0x2727,0x2727,0x2727,
	0x2727,0x2727,0x2727,0x2727,0x2727,0xBD27,0x2727,0x2727,
	0x0A27,0x0A0A,0x0A0A,0x0A45,0x27BD,0x270A,0x0A0A,0x0A0A,
	0x2727,0x2727,0x0A27,0x0A0A,0x2727,0x2727,0x0A27,0x0A0A,
	0x2727,0x2727,0x0A0A,0x0A0A,0x2727,0xBDBD,0x2727,0x4B4B,
	0xBD27,0x2727,0x2727,0x4B27,0x2727,0x2727,0x2727,0x4B4B,

	0x450A,0x4545,0x0A45,0x4545,0x0A0A,0x0A0A,0x0A0A,0x0A0A,
	0x0A0A,0x0A0A,0x0A0A,0x0A0A,0x0A0A,0x4B4B,0x0C0C,0x0C0C,
	0x490A,0x4B4B,0x4B4B,0x4B4B,0x494B,0x4B4B,0x4B4B,0x4B4B,
	0x494B,0x4B4B,0x4B4B,0x4B4B,0x494B,0x4B4B,0x4B4B,0x4B4B,
	0x0A45,0x0A0A,0x0A0A,0x0A0A,0x0A46,0x0A0A,0x0A0A,0x0A46,
	0x0A46,0x0A0A,0x0A0A,0x0A0A,0x4B0C,0x4B4B,0x4B4B,0x0C4B,
	0x4B0C,0x4B4B,0x4B4B,0x0C4B,0x4B4B,0x4B4B,0x4B4B,0x0C0C,
	0x4B4B,0x4B4B,0x4B4B,0x0C0C,0x4B4B,0x4B4B,0x4B4B,0x4B4B,

	0x4D1A,0x1A18,0x0A0A,0x181A,0x1A1A,0x4D4D,0x4D1A,0x1A1A,
	0x1A4D,0x4D4D,0x4D4D,0x4D0A,0x4D1A,0x4D9E,0x1A4D,0x4D4D,
	0x9E1A,0x4D4D,0x1A4D,0x4D4D,0x9E9E,0x4D4D,0x4D4D,0x4D4D,
	0x4D9E,0x4D4D,0x9E4D,0x4D4D,0x4D4D,0x9E4D,0x4D1A,0x1A9E,
	0x0A1A,0x1A68,0x681A,0x0A1A,0x684D,0x6868,0x6868,0x1A1A,
	0x6868,0x6868,0x6868,0x1A1A,0x6868,0x6868,0x4D68,0x6868,
	0x6868,0x6868,0x6868,0x684D,0x4D68,0x1A68,0x1A9E,0x4D1A,
	0x4D4D,0x1A4D,0x1A1A,0x681A,0x9E4D,0x9E4D,0x1010,0x1A1A,

	0x1A1A,0x1A1A,0x1A1A,0x0A1A,0x1A1A,0x1A1A,0x1A1A,0x1A1A,
	0x1A68,0x1A1A,0x4D1A,0x1A1A,0x4D4D,0x1A68,0x4D4D,0x1A1A,
	0x4D68,0x1A68,0x1A4D,0x1A1A,0x6868,0x684D,0x104D,0x4D1A,
	0x1A4D,0x684D,0x4D4D,0x4D1A,0x4D4D,0x4D4D,0x4D4D,0x4D4D,
	0x1A1A,0x1A1A,0x4B4B,0x4B4B,0x1A1A,0x1A1A,0x4B4B,0x4B4B,
	0x1A1A,0x1A1A,0x4B4B,0x4B4B,0x1A1A,0x1A1A,0x4B4B,0x4B4B,
	0x4D4D,0x1A1A,0x4B4B,0x4B4B,0x1A1A,0x1A1A,0x4B4B,0x4B4B,
	0x1A1A,0x1A1A,0x4B4B,0x4B4B,0x1A1A,0x1A1A,0x4B4B,0x4B4B,

	0x4B4B,0x4B4B,0x2D4B,0x2D2D,0x4B4B,0x4B4B,0x2D4B,0x2D2D,
	0x4B4B,0x4B4B,0x2D4B,0x2D2D,0x4B4B,0x4B4B,0x2D4B,0x2D2D,
	0x4B4B,0x4B4B,0x2D4B,0x2D2D,0x4B4B,0x4B4B,0x2D4B,0x2D2D,
	0x4B4B,0x4B4B,0x2D4B,0x2D2D,0x4B4B,0x4B4B,0x2D4B,0x2D2D,
	0x2D2D,0x2D2D,0x2D2D,0x2D2D,0x2D2D,0x2D2D,0x2D2D,0x2D2D,
	0x2D2D,0x2D2D,0x2D2D,0x2D2D,0x2D2D,0x2D2D,0x2D2D,0x2D2D,
	0x2D2D,0x2D2D,0x2D2D,0x2D2D,0x2D2D,0x2D2D,0x2D2D,0x1A2D,
	0x1A2D,0x2D1A,0x2D1A,0x1A1A,0x1A1A,0x1A1A,0x1A1A,0x1A1A,

	0x2D2D,0x2D2D,0x2D2D,0x2D2D,0x2D2D,0x2D2D,0x2D2D,0x2D2D,
	0x2D2D,0x2D2D,0x2D2D,0x2D2D,0x2D2D,0x2D2D,0x1A1A,0x1A2D,
	0x2D2D,0x2D2D,0x1A1A,0x1A1A,0x2D2D,0x1A1A,0x1A1A,0x1A1A,
	0x1A1A,0x1A1A,0x1A1A,0x1A1A,0x1A1A,0x1A1A,0x1A1A,0x1A1A,
	0x2D2D,0x2D2D,0x2D2D,0x2D2D,0x2D2D,0x2D2D,0x2D2D,0x2D2D,
	0x2D2D,0x2D2D,0x2D2D,0x2D2D,0x2D1A,0x1A1A,0x2D2D,0x1A2D,
	0x1A1A,0x1A1A,0x2D2D,0x1A1A,0x1A1A,0x1A1A,0x1A1A,0x0A1A,
	0x1A1A,0x1A1A,0x1A1A,0x1A1A,0x1A1A,0x1A1A,0x1A1A,0x0A1A,

	0x2D2D,0x2D2D,0x2D0A,0x0A2D,0x2D2D,0x2D2D,0x2D0A,0x0A0A,
	0x2D2D,0x2D2D,0x2D2D,0x0A2D,0x2D2D,0x0A0A,0x0A0A,0x0A0A,
	0x0A1A,0x0A0A,0x3B2D,0x0A0A,0x0A0A,0x1A1A,0x1A1A,0x0A3B,
	0x0A0A,0x0A0A,0x0A1A,0x0A0A,0x0A0A,0x0A0A,0x0A0A,0x0A0A,
	0x2D2D,0x492D,0x4949,0x492D,0x0A0A,0x2E0A,0x4949,0x4949,
	0x0A0A,0x2D0A,0x4949,0x4949,0x0A0A,0x1A0A,0x5449,0x4949,
	0x1A1A,0x1A3B,0x5454,0x4949,0x3B0A,0x1A1A,0x5454,0x5454,
	0x0A0A,0x0A0A,0x5454,0x5454,0x0A0A,0x1A0A,0x5454,0x5454,

	0x2E2E,0x2E2D,0x2E2E,0x2E2E,0x4949,0x4949,0x2D2D,0x2D2D,
	0x4949,0x4949,0x2D2D,0x2D2D,0x5449,0x4949,0x1A2D,0x1A2D,
	0x5454,0x5449,0x1A1A,0x1A1A,0x5454,0x5454,0x0A1A,0x1A1A,
	0x5454,0x5454,0x0A0A,0x1A1A,0x5454,0x5454,0x0A0A,0x0A0A,
	0x2D2E,0x2D49,0x4949,0x4949,0x2D0A,0x2D2D,0x2E2D,0x2D2E,
	0x2D2D,0x2D2D,0x2D2D,0x2D2E,0x1A2D,0x1A2D,0x1A1A,0x2D1A,
	0x1A1A,0x1A1A,0x1A1A,0x1A1A,0x1A1A,0x1A1A,0x1A1A,0x1A1A,
	0x1A1A,0x1A1A,0x1A1A,0x1A1A,0x0A1A,0x0A0A,0x1A0A,0x1A1A,

	0x4949,0x4949,0x4949,0x2D49,0x2E2D,0x2D2D,0x2E2D,0x2D2E,
	0x2E2D,0x4949,0x4949,0x4949,0x542D,0x4949,0x4954,0x4949,
	0x541A,0x4949,0x5454,0x5449,0x541A,0x5454,0x5454,0x5454,
	0x541A,0x5454,0x5454,0x5454,0x1A1A,0x5454,0x5454,0x5454,
	0x2E2D,0x2E2D,0x4949,0x4949,0x2D2D,0x2D2D,0x2D2D,0x192D,
	0x4949,0x2D2D,0x2D2D,0x2D2D,0x4949,0x2D2D,0x2D1A,0x1A2D,
	0x5449,0x2D1A,0x2D1A,0x5449,0x5454,0x541A,0x5454,0x5454,
	0x5454,0x5454,0x5454,0x5454,0x5454,0x1A58,0x5454,0x5454,

	0x4949,0x4949,0x2D2D,0x2D2D,0x2E5F,0x2D2D,0x2D2D,0x4949,
	0x2D19,0x2D2D,0x2D2D,0x4949,0x5449,0x2D2D,0x1A1A,0x4954,
	0x5454,0x1A1A,0x1A1A,0x4954,0x5454,0x1A54,0x1A1A,0x5454,
	0x5454,0x1A54,0x1A1A,0x5454,0x5454,0x5454,0x1A1A,0x5454,
	0x2D2D,0x2D0D,0x2D0D,0x2D2D,0x4949,0x4949,0x2D2D,0x2D2D,
	0x4949,0x4949,0x4949,0x2D2D,0x4949,0x4949,0x4949,0x2D49,
	0x4949,0x4949,0x4949,0x2D49,0x4949,0x4954,0x5454,0x1A49,
	0x5454,0x5454,0x5454,0x1A54,0x5454,0x5454,0x5454,0x1A54,

	0x2D2D,0x2D2D,0x4B2D,0x4B4B,0x2D2D,0x2D2D,0x4B2D,0x4B4B,
	0x2D2D,0x2D2D,0x4B2D,0x4B4B,0x2D2D,0x2D2D,0x4B2D,0x4B4B,
	0x2D2D,0x2D2D,0x4B2D,0x4B4B,0x2D2D,0x2D2D,0x4B2D,0x4B4B,
	0x1A2D,0x2D2D,0x4B2D,0x4B4B,0x1A1A,0x2D1A,0x4B1A,0x4B4B,
	0x4B4B,0x4B4B,0x4B4B,0x1A1A,0x4B4B,0x4B4B,0x4B4B,0x1A1A,
	0x4B4B,0x4B4B,0x4B4B,0x1A1A,0x4B4B,0x4B4B,0x4B4B,0x1A1A,
	0x4B4B,0x4B4B,0x4B4B,0x1A1A,0x4B4B,0x4B4B,0x4B4B,0x1A1A,
	0x4B4B,0x4B4B,0x4B4B,0x1A1A,0x4B4B,0x4B4B,0x4B4B,0x1A1A,

	0x1A1A,0x1A1A,0x1A1A,0x1A1A,0x1A1A,0x1A1A,0x1A1A,0x1A1A,
	0x1A1A,0x1A1A,0x1A1A,0x1A1A,0x1A1A,0x1A1A,0x1A1A,0x1A1A,
	0x1A1A,0x1A1A,0x1A1A,0x1A1A,0x1A1A,0x1A1A,0x1A1A,0x1A1A,
	0x1A1A,0x1A1A,0x1A1A,0x1A1A,0x1A1A,0x1A1A,0x1A1A,0x1A1A,
	0x1A1A,0x691A,0x0A0A,0x0A0A,0x1A1A,0x1A1A,0x1A1A,0x0A1A,
	0x1A1A,0x1A1A,0x1A1A,0x0A0A,0x1A1A,0x0A1A,0x0A0A,0x0A1A,
	0x1A1A,0x0A1A,0x0A0A,0x1A1A,0x1A1A,0x1A0A,0x0A1A,0x0A1A,
	0x0A1A,0x0A0A,0x0A1A,0x1A1A,0x1A1A,0x1A1A,0x1A1A,0x1A1A,

	0x0A0A,0x0A0A,0x3B3B,0x0A0A,0x0A0A,0x0A0A,0x0A0A,0x3B3B,
	0x0A0A,0x0A0A,0x0A0A,0x3B1A,0x1A1A,0x0A1A,0x0A0A,0x0A0A,
	0x1A1A,0x0A1A,0x0A1A,0x0A0A,0x1A1A,0x0A1A,0x0A0A,0x0A0A,
	0x1A1A,0x0A0A,0x0A1A,0x0A1A,0x1A1A,0x0A0A,0x0A0A,0x180A,
	0x0A0A,0x0A0A,0x0A0A,0x0A0A,0x0A0A,0x0A0A,0x0A0A,0x0A0A,
	0x0A3B,0x0A0A,0x0A0A,0x0A0A,0x0A0A,0x0A0A,0x0A18,0x0A18,
	0x0A0A,0x0A0A,0x0A18,0x1A1A,0x0A0A,0x0A0A,0x0A0A,0x0A0A,
	0x0A0A,0x0A0A,0x0A0A,0x0A0A,0x0A0A,0x0A0A,0x0A0A,0x0A0A,

	0x0A0A,0x0A0A,0x0A0A,0x0A0A,0x0A0A,0x0A0A,0x0A0A,0x0A0A,
	0x0A0A,0x0A0A,0x0A0A,0x0A0A,0x0A0A,0x0A0A,0x0A0A,0x0A0A,
	0x0A0A,0x0A0A,0x0A32,0x0A0A,0x0A0A,0x320A,0x0A32,0x320A,
	0x0A0A,0x320A,0x3232,0x3232,0x0A0A,0x0A0A,0x320A,0x0A32,
	0x0A0A,0x0A0A,0x0A32,0x0A0A,0x0A32,0x0A0A,0x0A32,0x0A0A,
	0x0A32,0x0A32,0x0A0A,0x0A0A,0x320A,0x0A32,0x0A0A,0x0A0A,
	0x320A,0x0A0A,0x0A0A,0x0A0A,0x0A0A,0x0A0A,0x320A,0x0A0A,
	0x0A0A,0x0A32,0x0A32,0x0A0A,0x320A,0x320A,0x320A,0x0A0A,

	0x0A0A,0x0A0A,0x0A0A,0x0A0A,0x0A0A,0x0A0A,0x0A32,0x0A0A,
	0x0A32,0x0A0A,0x0A32,0x0A0A,0x3232,0x0A32,0x0A32,0x320A,
	0x320A,0x0A32,0x0A0A,0x0A0A,0x0A0A,0x0A0A,0x0A0A,0x0A0A,
	0x0A0A,0x0A0A,0x0A0A,0x0A0A,0x0A0A,0x0A0A,0x0A0A,0x0A0A,
	0x0A0A,0x0A0A,0x0A0A,0x1818,0x0A0A,0x320A,0x0A0A,0x0A0A,
	0x0A32,0x0A32,0x0A0A,0x0A0A,0x320A,0x320A,0x0A0A,0x0A0A,
	0x0A0A,0x3232,0x0A0A,0x0A0A,0x0A0A,0x0A0A,0x0A0A,0x0A0A,
	0x0A0A,0x0A0A,0x0A0A,0x0A0A,0x0A0A,0x0A0A,0x0A0A,0x0A0A,

	0x0A1A,0x0A0A,0x0A0A,0x0A0A,0x0A0A,0x0A0A,0x0A0A,0x0A0A,
	0x0A0A,0x0A0A,0x0A0A,0x0A0A,0x0A0A,0x0A0A,0x0A0A,0x0A0A,
	0x0A0A,0x0A0A,0x0A0A,0x0A0A,0x0A0A,0x0A0A,0x0A0A,0x0A0A,
	0x0A0A,0x0A0A,0x0A0A,0x0A0A,0x0A0A,0x0A0A,0x0A0A,0x0A0A,
	0x0A0A,0x0A0A,0x0A0A,0x0A0A,0x0A0A,0x0A0A,0x0A0A,0x0A0A,
	0x0A0A,0x0A0A,0x0A0A,0x0A0A,0x0A0A,0x0A0A,0x0A0A,0x0A0A,
	0x0A0A,0x0A0A,0x0A0A,0x6969,0x690A,0x0A69,0x0A0A,0x1A1A,
	0x1A0A,0x0A69,0x0A0A,0x0A0A,0x0A0A,0x0A0A,0x0A0A,0x0A0A,

	0x0A0A,0x0A0A,0x1A18,0x0A1A,0x0A0A,0x0A0A,0x0A0A,0x0A0A,
	0x0A0A,0x0A0A,0x0A0A,0x0A0A,0x0A0A,0x0A0A,0x0A0A,0x0A0A,
	0x0A0A,0x0A0A,0x0A0A,0x0A0A,0x0A0A,0x0A0A,0x0A0A,0x0A0A,
	0x0A0A,0x0A0A,0x0A0A,0x0A0A,0x0A0A,0x0A0A,0x0A0A,0x0A0A,
	0x0A0A,0x0A0A,0x0A0A,0x0A0A,0x0A0A,0x0A0A,0x0A0A,0x0A0A,
	0x0A0A,0x0A0A,0x0A0A,0x460A,0x0A0A,0x0A0A,0x460A,0x0A0A,
	0x0A0A,0x0A0A,0x0A0A,0x0A0A,0x0A0A,0x0A0A,0x0A0A,0x1846,
	0x0A0A,0x0A0A,0x0A0A,0x4646,0x0A3B,0x0A0A,0x0A0A,0x460A,

	0x460A,0x0A0A,0x0A0A,0x0A0A,0x460A,0x0A0A,0x0A0A,0x0A46,
	0x460A,0x0A0A,0x0A0A,0x0A0A,0x0A0A,0x0A0A,0x460A,0x0A0A,
	0x1846,0x180A,0x4618,0x0A0A,0x1846,0x4646,0x0A46,0x0A0A,
	0x0A46,0x4646,0x1A46,0x0A0A,0x0A0A,0x460A,0x460A,0x460A,
	0x0A0A,0x1A1A,0x0A0A,0x0A0A,0x0A0A,0x0A0A,0x0A0A,0x0A0A,
	0x0A0A,0x0A0A,0x0A0A,0x0A0A,0x0A0A,0x0A0A,0x0A0A,0x0A0A,
	0x0A0A,0x0A0A,0x0A0A,0x0A0A,0x0A0A,0x0A0A,0x0A0A,0x0A0A,
	0x0A0A,0x0A0A,0x0A0A,0x0A0A,0x0A0A,0x0A0A,0x0A0A,0x0A0A,

	0x0A0A,0x0A0A,0x0A0A,0x1818,0x0A0A,0x0A0A,0x0A0A,0x0A0A,
	0x0A0A,0x0A0A,0x0A0A,0x0A0A,0x0A0A,0x0A0A,0x0A0A,0x0A0A,
	0x0A0A,0x0A0A,0x0A0A,0x0A0A,0x0A0A,0x0A0A,0x0A0A,0x0A0A,
	0x0A0A,0x0A0A,0x0A0A,0x0A0A,0x0A0A,0x0A0A,0x0A0A,0x0A0A,
	0x0A0A,0x0A0A,0x4618,0x1846,0x0A0A,0x0A0A,0x180A,0x4618,
	0x0A0A,0x0A0A,0x0A0A,0x460A,0x0A0A,0x0A0A,0x0A0A,0x0A0A,
	0x0A0A,0x0A0A,0x0A0A,0x0A0A,0x180A,0x180A,0x0A1A,0x0A0A,
	0x1A1A,0x0A0A,0x0A0A,0x0A0A,0x0A0A,0x0A0A,0x0A0A,0x0A0A,

	0x1818,0x0A0A,0x0A0A,0x0A0A,0x4646,0x0A0A,0x0A0A,0x0A0A,
	0x4646,0x0A0A,0x0A0A,0x0A0A,0x1A46,0x0A0A,0x0A0A,0x0A0A,
	0x0A0A,0x0A0A,0x0A0A,0x0A0A,0x0A0A,0x0A0A,0x0A0A,0x0A0A,
	0x0A0A,0x0A0A,0x0A0A,0x0A0A,0x0A0A,0x0A0A,0x0A0A,0x0A0A,
	0x0A0A,0x0A0A,0x1A0A,0x1A1A,0x0A0A,0x0A0A,0x0A0A,0x1A1A,
	0x0A0A,0x0A0A,0x3B3B,0x1A1A,0x0A0A,0x0A0A,0x1A1A,0x0A0A,
	0x0A0A,0x0A0A,0x0A0A,0x0A0A,0x0A0A,0x0A0A,0x0A0A,0x0A0A,
	0x0A0A,0x0A0A,0x0A0A,0x0A0A,0x0A0A,0x0A0A,0x1A0A,0x0A1A,

	0x1A1A,0x1A1A,0x1A1A,0x1A1A,0x1A1A,0x1A1A,0x1A1A,0x1A1A,
	0x1A1A,0x1A1A,0x1A1A,0x1A1A,0x0A0A,0x1A1A,0x1A1A,0x1A1A,
	0x0A1A,0x1A1A,0x1A1A,0x1A1A,0x1A1A,0x0A0A,0x1A1A,0x1A1A,
	0x0A0A,0x1A0A,0x1A1A,0x1A1A,0x0A0A,0x1A1A,0x1A0A,0x1A1A,
	0x1A1A,0x1A1A,0x1A1A,0x1A1A,0x1A1A,0x1A1A,0x1A1A,0x1A1A,
	0x1A1A,0x1A1A,0x1A1A,0x1A1A,0x1A1A,0x1A1A,0x1A1A,0x1A1A,
	0x1A1A,0x1A1A,0x1A1A,0x1A1A,0x1A1A,0x1A1A,0x1A1A,0x1A1A,
	0x1A1A,0x1A1A,0x1A1A,0x1A1A,0x1A1A,0x1A1A,0x1A1A,0x1A1A,

	0x1A95,0x1919,0xA60C,0x4B4B,0x1A1A,0x1A1A,0xA60C,0x0C4B,
	0x1A1A,0x1A1A,0xA60C,0x4B0C,0x1A1A,0x1A1A,0xA60C,0x4B4B,
	0x1A1A,0x1A1A,0xA60C,0x4B4B,0x1A1A,0x1A1A,0xA60C,0x4B4B,
	0x1A1A,0x1A0A,0xA60C,0xA6A6,0x1A1A,0x0A1A,0x8E8E,0x8E8E,
	0x4B4B,0x4B4B,0x4B4B,0x4B4B,0x4B4B,0x4B4B,0x4B4B,0x4B4B,
	0x4B4B,0x4B4B,0x4B4B,0x4B4B,0x4B4B,0x4B4B,0x4B4B,0x4B4B,
	0x4B4B,0x4B4B,0x4B4B,0x4B4B,0x4B0C,0x4B4B,0x4B4B,0x0C4B,
	0xA6A6,0xA6A6,0xA6A6,0xA6A6,0x8E8E,0x8E8E,0x8E8E,0x8E8E,

	0x4B0C,0x4B4B,0x4B4B,0x4B4B,0x4B4B,0x4B4B,0x4B4B,0x4B4B,
	0x4B4B,0x4B4B,0x4B4B,0x4B4B,0x4B4B,0x4B4B,0x4B0C,0x4B4B,
	0x4B4B,0x4B4B,0x4B4B,0x4B4B,0x4B4B,0x9090,0x4B4B,0x4B4B,
	0xA6A6,0xA6A6,0xA6A6,0xA6A6,0x8E8E,0x8E8E,0x8E8E,0x8E8E,
	0x4B4B,0x4B4B,0x4B4B,0x4B4B,0x4B4B,0x4B4B,0x4B4B,0x4B4B,
	0x4B4B,0x4B4B,0x4B4B,0x4B4B,0x4B4B,0x4B4B,0x0C4B,0x4B4B,
	0x4B4B,0x4B4B,0x0C0C,0x4B4B,0x4B4B,0x4B4B,0x4B4B,0x4B4B,
	0xA6A6,0xA6A6,0xA6A6,0xA6A6,0x8E8E,0x8E8E,0x8E8E,0x8E8E,

	0x4B4B,0x4B4B,0x4B4B,0x4B4B,0x4B4B,0x4B4B,0x4B4B,0x4B4B,
	0x4B4B,0x4B4B,0x4B4B,0x4B4B,0x4B4B,0x4B4B,0x4B4B,0x4B4B,
	0x4B4B,0x4B4B,0x4B4B,0x4B4B,0x4B4B,0x904B,0x4B90,0x4B4B,
	0xA6A6,0xA6A6,0xA6A6,0xA6A6,0x8E8E,0x8E8E,0x8E8E,0x8E8E,
	0x4B4B,0x4B4B,0x4B4B,0x4B4B,0x4B4B,0x4B4B,0x4B4B,0x4B4B,
	0x4B4B,0x4B4B,0x4B4B,0x4B4B,0x4B4B,0x4B4B,0x4B4B,0x4B4B,
	0x4B4B,0x4B4B,0x4B4B,0x4B4B,0x0C4B,0x904B,0x0C4B,0x0C0C,
	0xA6A6,0xA6A6,0xA6A6,0xA6A6,0x8E8E,0x8E8E,0x8E8E,0x8E8E,

	0x4B4B,0x4B4B,0x4B4B,0x4B4B,0x4B4B,0x4B4B,0x4B4B,0x4B4B,
	0x4B4B,0x4B4B,0x4B4B,0x4B4B,0x4B4B,0x4B4B,0x4B4B,0x4B4B,
	0x4B4B,0x4B0C,0x4B4B,0x4B4B,0x0C0C,0x4B4B,0x0C0C,0x4B0C,
	0xA6A6,0xA6A6,0xA6A6,0xA6A6,0x8E8E,0x8E8E,0x8E8E,0x8E8E,
	0x4B4B,0x4B4B,0x4B4B,0x4B4B,0x4B4B,0x4B4B,0x4B4B,0x4B4B,
	0x4B4B,0x4B4B,0x4B4B,0x4B4B,0x4B4B,0x4B4B,0x4B4B,0x4B4B,
	0x4B4B,0x4B4B,0x4B4B,0x4B4D,0x9090,0x4B4B,0x4B4D,0x4D4B,
	0xA6A6,0xA6A6,0x4D4D,0x4DA6,0x4D8E,0x9A9A,0x4D9A,0x9A9A,

	0x4B4B,0x4B4B,0x4B4B,0x4B4B,0x4B4B,0x4B4B,0x4B4B,0x274B,
	0x4B4B,0x4B4B,0x4B4B,0x274B,0x4B4B,0x4B4B,0x4B4B,0x2727,
	0x4B4B,0x4D4D,0x4B4B,0x272E,0x4D4B,0x4B4B,0x2E0C,0x2727,
	0x4DA6,0xA6A6,0x2E4D,0x622E,0x4D4D,0x4D4D,0x2E2E,0xBD27,
	0x4B4B,0xBDBD,0x2727,0x2727,0x274B,0x2727,0x2727,0x2727,
	0x2727,0x2727,0x2727,0x2727,0x2727,0x2727,0x2727,0x2727,
	0x2727,0x2727,0x2727,0xBD27,0x2727,0xBD27,0x2727,0x2727,
	0x2727,0xBDBD,0xBD27,0x2727,0xBDBD,0xBDBD,0xBDBD,0xBD27,

	0x2727,0x2727,0x27BD,0xBD27,0x2727,0x2727,0xBD27,0x2727,
	0x2727,0x2727,0x2727,0x2727,0x27BD,0x2727,0x2727,0x2727,
	0x2727,0x2727,0x2727,0x2727,0x2727,0x2727,0xBD27,0x2727,
	0xBDBD,0x2727,0xBD27,0x27BD,0x2727,0xBDBD,0xBDBD,0xBDBD,
	0xBDBD,0x2727,0x27BD,0x2727,0xBDBD,0xBD27,0x2727,0x2727,
	0xBDBD,0x2727,0x2727,0x2727,0xBD27,0x2727,0x2727,0xBD27,
	0x27BD,0x2727,0x2727,0x2727,0x2727,0x2727,0x2727,0x2727,
	0x2727,0x2727,0x2727,0x2727,0x2727,0x2727,0x2727,0x2727,

	0x27BD,0x27BD,0xBDBD,0xBD27,0x2727,0x27BD,0xBDBD,0x27BD,
	0x2727,0x2727,0xBDBD,0x27BD,0xBD27,0xBD27,0x27BD,0xBDBD,
	0x27BD,0xBDBD,0x27BD,0xBDBD,0x2727,0x2727,0xBDBD,0xBD27,
	0x2727,0x2727,0xBDBD,0xBDBD,0x27BD,0x2727,0xBDBD,0xBDBD,
	0xBD27,0x2727,0x2727,0x2727,0xBDBD,0x2727,0x2727,0x2727,
	0x27BD,0xBD27,0x2727,0x2727,0xBDBD,0x2727,0x27BD,0x2727,
	0xBDBD,0x2727,0x2727,0x2727,0xBDBD,0x2727,0x2727,0x2727,
	0xBD27,0x2727,0x2727,0x2727,0xBDBD,0x2727,0x27BD,0x2727,

	0xBD27,0x4B27,0x4B27,0x4B4B,0x2727,0x2727,0x27BD,0x4B4B,
	0x2727,0x2727,0x2727,0x4B4B,0x2727,0x2727,0x6227,0x4B62,
	0x2727,0x2727,0x6227,0x624B,0x2727,0x2727,0x2727,0x6262,
	0x2727,0x2727,0x6227,0x6262,0xBDBD,0x2727,0x622E,0x2E2E,
	0x4B4B,0x4B4B,0x4B4B,0x274B,0x4B4B,0x4B4B,0x4B4B,0x2727,
	0x4B4B,0x4B4B,0x4B4B,0x2727,0x4B4B,0x274B,0xBDBD,0xBDBD,
	0x4B4B,0x274B,0x2727,0xBDBD,0x9062,0x2727,0x2727,0x2727,
	0xA6A6,0x2727,0x2727,0x2727,0x2E2E,0x2727,0x2727,0x2727,

	0x2727,0x2727,0x2727,0x2727,0x2727,0x2727,0x2727,0x2727,
	0x2727,0x2727,0x2727,0x2727,0xBDBD,0x27BD,0xBDBD,0x2727,
	0x2727,0x27BD,0xBDBD,0x2727,0x2727,0xBDBD,0xBD27,0x2727,
	0x2727,0x2727,0x2727,0x2727,0x2727,0x2727,0x2727,0x2727,
	0x2727,0xBD27,0xBDBD,0x27BD,0x2727,0x2727,0x2727,0xBDBD,
	0x2727,0x2727,0x2727,0xBD27,0x2727,0x2727,0x2727,0x2727,
	0x2727,0x2727,0xBD27,0x27BD,0x2727,0x2727,0x2727,0xBDBD,
	0x2727,0x2727,0x2727,0xBD27,0x2727,0x2727,0x2727,0xBDBD,

	0x27BD,0x2727,0x2727,0x2727,0x2727,0x2727,0x2727,0x2727,
	0x2727,0x2727,0x2727,0x2727,0x2727,0x2727,0x2727,0x2727,
	0xBD27,0x2727,0x2727,0x2727,0x2727,0x27BD,0x2727,0x2727,
	0x2727,0x2727,0x2727,0x2727,0x2727,0x2727,0x2727,0x2727,
	0x2727,0x2727,0x2727,0xBDBD,0x2727,0x2727,0x2727,0xBDBD,
	0x2727,0x2727,0x27BD,0xBDBD,0x2727,0x2727,0xBD27,0x27BD,
	0x2727,0x2727,0x2727,0x27BD,0x2727,0x2727,0x2727,0x2727,
	0x2727,0x2727,0x2727,0x2727,0x2727,0x2727,0x2727,0x2727,

	0x27BD,0xBD27,0xBDBD,0xBDBD,0xBDBD,0xBDBD,0xBDBD,0xBDBD,
	0xBDBD,0xBDBD,0xBDBD,0xBDBD,0xBDBD,0x27BD,0xBDBD,0xBDBD,
	0xBDBD,0x27BD,0xBD27,0x27BD,0x2727,0xBD27,0xBDBD,0xBDBD,
	0x2727,0xBDBD,0xBDBD,0xBDBD,0xBDBD,0xBDBD,0xBD27,0xBDBD,
	0xBD27,0xBD27,0xBDBD,0x2727,0x2727,0xBDBD,0x27BD,0x27BD,
	0xBDBD,0xBDBD,0xBDBD,0x27BD,0xBD27,0xBD62,0xBD62,0xBDBD,
	0xBD27,0x6262,0x6262,0x27BD,0xBDBD,0xBD62,0xBD62,0xBDBD,
	0xBDBD,0x62BD,0xBD62,0xBD62,0xBDBD,0x6262,0x6262,0xBD62,

	0x2727,0x27BD,0x2727,0x2727,0xBDBD,0x2727,0x2727,0x2727,
	0xBDBD,0xBD27,0x2727,0x2727,0xBDBD,0x27BD,0xBDBD,0x2727,
	0xBDBD,0xBDBD,0xBDBD,0xBD27,0xBD27,0x27BD,0x2727,0x2727,
	0xBDBD,0x27BD,0xBDBD,0x27BD,0x6262,0xBDBD,0xBDBD,0xBDBD,
	0x2727,0x2727,0x2727,0x2727,0x2727,0x2727,0x2727,0x2727,
	0xBD27,0x2727,0x2727,0x0C27,0x2727,0xBDBD,0x27BD,0x2727,
	0x2727,0xBDBD,0xBDBD,0x2E2E,0x2727,0xBD27,0xBD27,0x2E62,
	0xBD27,0xBD27,0xBD27,0x2E2E,0xBD27,0x6227,0x62BD,0x8E2E,

	0x494B,0x4B4B,0x4B4B,0x4B4B,0x494B,0x4B4B,0x4B4B,0x4B4B,
	0x494B,0x4B4B,0x4B4B,0x4B4B,0x494B,0x4B4B,0x4B4B,0x4B4B,
	0x494B,0x4B4B,0x9090,0x4B4B,0xA64B,0x0C0C,0x0C0C,0x0C0C,
	0x0CA6,0x8E8E,0x8E8E,0x8E8E,0x8E8E,0x8E8E,0x8E8E,0x8E8E,
	0x4B4B,0x4B4B,0x4B4B,0x4B4B,0x4B4B,0x4B4B,0x4B4B,0x4B4B,
	0x4B4B,0x0C0C,0x4B4B,0x4B4B,0x4B0C,0x4B4B,0x4B4B,0x4B4B,
	0x4B4B,0x904B,0x4B90,0x4B4B,0x0C0C,0x0C0C,0x0C0C,0x0C0C,
	0x8E8E,0x8E8E,0x9E8E,0x8E8E,0x8E8E,0x8E8E,0x8E8E,0xC59E,

	0x4D1A,0x1A9E,0x1A1A,0x9E9E,0x9E1A,0x1A1A,0x1A1A,0x9E1A,
	0x9E9E,0x9E1A,0x9E9E,0x9E1A,0x9E9E,0x9E9E,0x9E9E,0x9E9E,
	0x9E9E,0x1A45,0x9E1A,0x9E9E,0x1A1A,0x1A1A,0x9E10,0x9E9E,
	0x1A1A,0x1010,0x9E10,0x9E1A,0x1A1A,0x1A1A,0x1A1A,0x1A1A,
	0x9E1A,0x9E9E,0x1A1A,0x1A1A,0x9E1A,0x9E9E,0x1A9E,0x4D1A,
	0x9E1A,0x9E9E,0x109E,0x4D10,0x9E9E,0x9E9E,0x109E,0x1A1A,
	0x9E9E,0x9E9E,0x109E,0x1A1A,0x9E9E,0x1A9E,0x1A1A,0x1A1A,
	0x9E9E,0x109E,0x1A1A,0x1A1A,0x1A1A,0x1A1A,0x1A1A,0x1A1A,

	0x4D4D,0x4D4D,0x4D4D,0x4D4D,0x4D4D,0x1A1A,0x4D4D,0x4D1A,
	0x4D1A,0x1A1A,0x1A1A,0x4D1A,0x1A1A,0x1A1A,0x1A1A,0x1A1A,
	0x1A1A,0x1A1A,0x1A1A,0x1A1A,0x1A1A,0x1A1A,0x1A1A,0x1A1A,
	0x1A1A,0x1A1A,0x1A1A,0x1A1A,0x1A1A,0x1A1A,0x1A1A,0x1A1A,
	0x4D1A,0x1A1A,0x4B4B,0x4B4B,0x4D4D,0x1A10,0x4B4B,0x4B4B,
	0x1A1A,0x1A1A,0x4B4B,0x4B4B,0x1A1A,0x1A1A,0x4B4B,0x4B4B,
	0x1A1A,0x1A1A,0x4B4B,0x4B4B,0x1A1A,0x1A1A,0x5A5A,0x5A5A,
	0x1A1A,0x1A1A,0x3F3F,0x3F3F,0x1A1A,0x1A1A,0x4B4B,0x4B4B,

	0x4B4B,0x4B4B,0x2D4B,0x1A2D,0x4B4B,0x4B4B,0x1A4B,0x1A1A,
	0x4B4B,0x4B4B,0x1A4B,0x1A0A,0x4B4B,0x4B4B,0x0A4B,0x0A1A,
	0x4B4B,0x4B4B,0x1A4B,0x1A1A,0x5A5A,0x5A5A,0x1A5A,0x1A1A,
	0x3F3F,0x3F3F,0x1A3F,0x1A1A,0x4B4B,0x4B4B,0x1A79,0x1A1A,
	0x1A1A,0x1A1A,0x1A1A,0x1A1A,0x1A1A,0x1A1A,0x1A1A,0x1A1A,
	0x1A1A,0x1A1A,0x1A1A,0x1A1A,0x1A1A,0x1A1A,0x1A1A,0x1A1A,
	0x1A1A,0x1A1A,0x1A1A,0x1A1A,0x1A1A,0x1A1A,0x1A1A,0x1A1A,
	0x1A1A,0x1A1A,0x1A1A,0x1A1A,0x1A1A,0x1A1A,0x1A1A,0x1A1A,

	0x1A1A,0x1A1A,0x1A1A,0x1A1A,0x1A1A,0x1A1A,0x1A1A,0x1A1A,
	0x1A1A,0x1A1A,0x1A1A,0x0A1A,0x1A1A,0x1A1A,0x1A0A,0x1A1A,
	0x1A1A,0x1A1A,0x1A1A,0x1A1A,0x1A1A,0x1A1A,0x1A1A,0x0A1A,
	0x1A1A,0x1A1A,0x1A1A,0x0A1A,0x1A1A,0x1A1A,0x0A1A,0x1A0A,
	0x1A1A,0x1A1A,0x1A1A,0x0A1A,0x1A0A,0x1A1A,0x1A18,0x0A0A,
	0x0A0A,0x181A,0x0A0A,0x0A0A,0x0A1A,0x0A0A,0x0A0A,0x0A0A,
	0x0A1A,0x0A0A,0x0A1A,0x0A0A,0x0A0A,0x0A0A,0x0A0A,0x0A0A,
	0x0A0A,0x0A0A,0x0A0A,0x0A0A,0x0A0A,0x0A0A,0x0A0A,0x0A0A,

	0x0A0A,0x0A0A,0x0A0A,0x0A0A,0x0A0A,0x0A0A,0x0A0A,0x0A0A,
	0x0A0A,0x0A0A,0x0A0A,0x0A0A,0x0A0A,0x0A0A,0x0A0A,0x0A0A,
	0x0A0A,0x0A0A,0x0A0A,0x0A0A,0x0A0A,0x0A0A,0x0A0A,0x0A0A,
	0x0A0A,0x0A0A,0x0A0A,0x0A0A,0x0A0A,0x0A0A,0x0A0A,0x5454,
	0x0A0A,0x1A0A,0x5454,0x5454,0x0A0A,0x0A0A,0x5858,0x3258,
	0x0A0A,0x0A0A,0x0A58,0x320A,0x0A0A,0x0A0A,0x0A32,0x320A,
	0x0A0A,0x0A0A,0x0A0A,0x0A0A,0x0A0A,0x0A0A,0x0A0A,0x0A0A,
	0x540A,0x0A0A,0x0A0A,0x0A0A,0x5454,0x5454,0x0A0A,0x0A0A,

	0x5454,0x5454,0x0A0A,0x0A0A,0x5858,0x0A58,0x0A0A,0x0A0A,
	0x0A58,0x0A0A,0x0A0A,0x0A0A,0x0A0A,0x0A0A,0x0A0A,0x0A1A,
	0x0A0A,0x0A0A,0x0A0A,0x0A0A,0x0A0A,0x0A0A,0x0A0A,0x0A0A,
	0x0A0A,0x0A0A,0x0A0A,0x0A0A,0x0A0A,0x0A0A,0x0A0A,0x5454,
	0x0A1A,0x0A0A,0x1A0A,0x1A1A,0x0A0A,0x0A1A,0x1A1A,0x1A1A,
	0x1A0A,0x0A1A,0x1A1A,0x1A1A,0x1A0A,0x1A1A,0x1A1A,0x1A1A,
	0x1A0A,0x1A1A,0x1A1A,0x1A1A,0x0A0A,0x1A0A,0x1A1A,0x1A1A,
	0x0A0A,0x1A0A,0x1A1A,0x1A1A,0x5454,0x5454,0x5454,0x0A54,

	0x1A1A,0x5454,0x5454,0x5454,0x1A1A,0x541A,0x5454,0x5454,
	0x1A1A,0x581A,0x5858,0x5858,0x1A1A,0x1A1A,0x1A1A,0x1A1A,
	0x1A1A,0x1A1A,0x1A1A,0x1A1A,0x1A1A,0x1A1A,0x5454,0x1A1A,
	0x1A1A,0x541A,0x5454,0x1A1A,0x540A,0x5454,0x5454,0x5454,
	0x5454,0x1A1A,0x5454,0x5454,0x5454,0x1A1A,0x5454,0x5454,
	0x1A58,0x1A1A,0x541A,0x5454,0x1A1A,0x1A1A,0x541A,0x541A,
	0x1A1A,0x1A1A,0x1A1A,0x1A1A,0x1A1A,0x1A1A,0x1A1A,0x1A1A,
	0x1A1A,0x1A1A,0x1A1A,0x1A1A,0x1A1A,0x1A1A,0x1A1A,0x1A1A,

	0x5454,0x5454,0x1A1A,0x5454,0x5454,0x1A54,0x1A58,0x5858,
	0x5454,0x1A54,0x1A58,0x1A1A,0x581A,0x1A1A,0x9519,0x1A1A,
	0x1A1A,0x1A1A,0x951A,0x1A19,0x1A1A,0x1A1A,0x1A1A,0x1A1A,
	0x1A1A,0x1A1A,0x1A1A,0x1A1A,0x1A1A,0x1A1A,0x1A1A,0x1A1A,
	0x5454,0x5454,0x5454,0x1A54,0x1A58,0x1A58,0x541A,0x1A54,
	0x1A58,0x1A58,0x1A95,0x1A1A,0x1A1A,0x191A,0x1A95,0x1A1A,
	0x1A1A,0x1A1A,0x1A1A,0x1A1A,0x1A1A,0x1A1A,0x1A1A,0x1A1A,
	0x1A1A,0x1A1A,0x1A1A,0x1A1A,0x1A1A,0x1A1A,0x1A1A,0x1A1A,

	0x1A1A,0x1A1A,0x4B1A,0x4B4B,0x1A1A,0x1A1A,0x4B1A,0x4B4B,
	0x1A1A,0x1A1A,0x4B1A,0x4B4B,0x1A1A,0x1A1A,0x4B1A,0x4B4B,
	0x1A1A,0x1A1A,0x4B1A,0x4B4B,0x1A1A,0x1A1A,0x791A,0x7979,
	0x1A1A,0x1A1A,0x4B1A,0x4B4B,0x1A1A,0x1A1A,0x4B1A,0x4B4B,
	0x4B4B,0x4B4B,0x4B4B,0x1A1A,0x4B4B,0x4B4B,0x4B4B,0x1A1A,
	0x4B4B,0x4B4B,0x4B4B,0x1A1A,0x4B4B,0x4B4B,0x4B4B,0x1A1A,
	0x4B4B,0x4B4B,0x4B4B,0x1A1A,0x7979,0x7979,0x7979,0x1A1A,
	0x4B4B,0x4B4B,0x4B4B,0x1A1A,0x4B4B,0x4B4B,0x4B4B,0x1A1A,

	0x1A1A,0x1A1A,0x1A1A,0x1A1A,0x1A1A,0x1A1A,0x1A1A,0x1A1A,
	0x1A1A,0x1A1A,0x1A1A,0x1A1A,0x1A1A,0x1A1A,0x1A1A,0x1A1A,
	0x1A1A,0x1A1A,0x1A1A,0x1A1A,0x1A1A,0x1A1A,0x1A1A,0x1A1A,
	0x1A1A,0x1A1A,0x1A1A,0x1A1A,0x1A1A,0x1A1A,0x1A1A,0x1A1A,
	0x1A1A,0x1A1A,0x1A1A,0x1A1A,0x1A1A,0x1A1A,0x1A1A,0x1A1A,
	0x1A1A,0x1A1A,0x1A1A,0x1A1A,0x1A1A,0x1A1A,0x1A1A,0x1A1A,
	0x1A1A,0x1A1A,0x1A1A,0x1A1A,0x1A1A,0x1A1A,0x1A1A,0x1A1A,
	0x1A1A,0x1A1A,0x1A1A,0x1A1A,0x1A1A,0x1A1A,0x1A1A,0x1A1A,

	0x0A1A,0x1A0A,0x0A0A,0x1818,0x1A1A,0x1A1A,0x181A,0x1A18,
	0x1A1A,0x1A1A,0x1A1A,0x0A0A,0x1A1A,0x1A1A,0x0A1A,0x0A0A,
	0x1A1A,0x0A1A,0x0A1A,0x0A0A,0x1A1A,0x0A0A,0x0A0A,0x0A0A,
	0x1A1A,0x0A0A,0x0A0A,0x0A0A,0x0A0A,0x0A1A,0x0A0A,0x0A0A,
	0x0A0A,0x0A0A,0x0A0A,0x0A0A,0x0A0A,0x0A0A,0x0A0A,0x0A0A,
	0x0A0A,0x0A0A,0x0A0A,0x0A18,0x0A0A,0x0A0A,0x0A0A,0x0A0A,
	0x0A0A,0x0A0A,0x0A0A,0x0A0A,0x0A0A,0x0A0A,0x0A0A,0x0A0A,
	0x0A0A,0x0A0A,0x0A0A,0x0A0A,0x0A0A,0x0A0A,0x0A0A,0x0A0A,

	0x0A0A,0x0A0A,0x0A0A,0x0A32,0x0A0A,0x0A0A,0x0A0A,0x0A0A,
	0x1818,0x0A0A,0x0A0A,0x0A0A,0x1A1A,0x0A0A,0x0A0A,0x0A0A,
	0x0A0A,0x0A0A,0x0A0A,0x0A0A,0x0A0A,0x0A0A,0x0A0A,0x0A0A,
	0x0A0A,0x0A0A,0x0A0A,0x320A,0x0A0A,0x320A,0x320A,0x0A0A,
	0x0A0A,0x0A0A,0x3232,0x0A0A,0x0A0A,0x0A0A,0x0A0A,0x0A0A,
	0x0A0A,0x0A0A,0x0A0A,0x0A0A,0x0A0A,0x0A0A,0x0A0A,0x0A0A,
	0x0A0A,0x0A0A,0x0A0A,0x0A0A,0x0A0A,0x0A0A,0x0A0A,0x0A0A,
	0x0A0A,0x0A0A,0x0A0A,0x0A0A,0x0A0A,0x0A0A,0x0A0A,0x0A0A,

	0x0A0A,0x0A0A,0x0A0A,0x0A0A,0x0A0A,0x0A0A,0x0A0A,0x0A0A,
	0x0A0A,0x0A0A,0x0A0A,0x0A0A,0x0A0A,0x0A0A,0x0A0A,0x0A0A,
	0x0A0A,0x0A0A,0x0A0A,0x0A0A,0x0A0A,0x0A0A,0x0A0A,0x0A0A,
	0x0A0A,0x0A0A,0x0A0A,0x0A0A,0x0A0A,0x0A0A,0x0A0A,0x0A0A,
	0x0A0A,0x0A0A,0x0A0A,0x0A0A,0x0A0A,0x3B0A,0x1A3B,0x3B0A,
	0x0A0A,0x0A0A,0x0A1A,0x0A0A,0x0A0A,0x0A0A,0x0A0A,0x0A0A,
	0x0A0A,0x0A0A,0x0A0A,0x0A0A,0x0A0A,0x0A0A,0x0A0A,0x0A0A,
	0x0A0A,0x0A0A,0x0A0A,0x0A0A,0x0A0A,0x0A0A,0x0A0A,0x0A0A,

	0x0A3B,0x0A0A,0x0A0A,0x0A0A,0x0A1A,0x0A0A,0x0A0A,0x0A0A,
	0x0A0A,0x0A0A,0x0A0A,0x0A0A,0x0A0A,0x0A0A,0x0A0A,0x0A0A,
	0x0A0A,0x0A0A,0x0A0A,0x0A0A,0x0A0A,0x0A0A,0x0A0A,0x0A0A,
	0x0A0A,0x0A0A,0x0A0A,0x0A0A,0x0A0A,0x0A0A,0x0A0A,0x0A0A,
	0x0A0A,0x0A0A,0x0A0A,0x0A0A,0x0A0A,0x0A0A,0x0A0A,0x0A0A,
	0x0A0A,0x0A0A,0x0A0A,0x0A0A,0x0A0A,0x0A0A,0x0A0A,0x0A0A,
	0x0A0A,0x0A0A,0x0A0A,0x0A0A,0x0A0A,0x0A0A,0x0A0A,0x0A0A,
	0x0A0A,0x0A0A,0x0A0A,0x0A0A,0x0A0A,0x0A0A,0x0A0A,0x0A0A,

	0x0A0A,0x0A0A,0x0A0A,0x0A0A,0x0A0A,0x0A0A,0x180A,0x0A0A,
	0x0A0A,0x0A0A,0x0A0A,0x0A18,0x0A0A,0x0A0A,0x0A0A,0x0A0A,
	0x0A0A,0x0A0A,0x0A0A,0x0A0A,0x0A0A,0x0A0A,0x0A0A,0x0A0A,
	0x0A0A,0x0A0A,0x0A0A,0x0A0A,0x0A0A,0x0A0A,0x0A0A,0x0A0A,
	0x0A3B,0x0A0A,0x0A0A,0x1A1A,0x1A1A,0x0A0A,0x0A0A,0x0A0A,
	0x3B0A,0x0A0A,0x0A0A,0x0A0A,0x1A3B,0x0A0A,0x0A0A,0x0A0A,
	0x0A0A,0x0A0A,0x0A0A,0x0A0A,0x0A0A,0x0A0A,0x0A0A,0x0A0A,
	0x0A0A,0x0A0A,0x0A0A,0x0A0A,0x0A0A,0x0A0A,0x0A0A,0x0A0A,

	0x0A0A,0x460A,0x1846,0x0A46,0x0A0A,0x1846,0x0A46,0x0A18,
	0x0A0A,0x1846,0x1846,0x0A0A,0x0A0A,0x4618,0x180A,0x1A1A,
	0x0A0A,0x461A,0x0A0A,0x0A0A,0x0A0A,0x0A0A,0x0A46,0x0A0A,
	0x0A0A,0x0A0A,0x460A,0x0A0A,0x0A0A,0x0A0A,0x0A0A,0x0A18,
	0x0A0A,0x0A0A,0x180A,0x0A0A,0x0A0A,0x1818,0x180A,0x0A1A,
	0x0A0A,0x180A,0x0A0A,0x1818,0x0A0A,0x0A0A,0x0A0A,0x1A1A,
	0x0A0A,0x0A0A,0x0A0A,0x0A0A,0x0A46,0x0A0A,0x0A0A,0x0A0A,
	0x0A0A,0x0A46,0x0A0A,0x0A0A,0x4618,0x0A0A,0x0A0A,0x0A0A,

	0x0A0A,0x0A0A,0x0A0A,0x0A0A,0x0A0A,0x0A0A,0x0A0A,0x0A0A,
	0x0A0A,0x0A0A,0x0A0A,0x0A0A,0x0A0A,0x0A0A,0x0A0A,0x0A0A,
	0x0A0A,0x0A0A,0x0A0A,0x0A0A,0x0A0A,0x0A0A,0x0A0A,0x0A0A,
	0x0A0A,0x0A0A,0x0A0A,0x0A0A,0x0A0A,0x0A0A,0x0A0A,0x0A46,
	0x0A0A,0x0A0A,0x0A0A,0x0A0A,0x0A0A,0x0A0A,0x0A0A,0x0A0A,
	0x0A0A,0x0A0A,0x0A0A,0x0A0A,0x0A0A,0x0A0A,0x0A0A,0x0A0A,
	0x0A0A,0x0A0A,0x0A0A,0x0A0A,0x0A0A,0x0A0A,0x0A0A,0x0A0A,
	0x0A0A,0x0A0A,0x0A0A,0x0A0A,0x0A0A,0x0A46,0x0A0A,0x0A0A,

	0x0A0A,0x0A0A,0x0A0A,0x0A0A,0x0A0A,0x0A0A,0x0A0A,0x0A0A,
	0x0A0A,0x0A0A,0x0A0A,0x0A0A,0x0A0A,0x0A0A,0x0A0A,0x0A0A,
	0x0A0A,0x0A0A,0x0A0A,0x0A0A,0x0A0A,0x0A0A,0x0A0A,0x0A0A,
	0x0A0A,0x0A0A,0x0A0A,0x0A0A,0x0A0A,0x0A32,0x0A0A,0x0A0A,
	0x0A0A,0x0A0A,0x0A0A,0x0A1A,0x0A0A,0x0A0A,0x0A0A,0x0A0A,
	0x0A0A,0x0A0A,0x0A1A,0x0A0A,0x0A0A,0x1A0A,0x1A1A,0x0A1A,
	0x0A0A,0x0A0A,0x1A1A,0x0A0A,0x0A0A,0x1A0A,0x1A1A,0x1A1A,
	0x0A0A,0x1A0A,0x1A1A,0x1A1A,0x0A0A,0x1A1A,0x1A1A,0x0A0A,

	0x0A0A,0x0A0A,0x1A0A,0x1A1A,0x0A0A,0x1A0A,0x1A1A,0x1A1A,
	0x0A1A,0x0A0A,0x1A1A,0x1A1A,0x0A0A,0x0A1A,0x1A1A,0x1A1A,
	0x0A1A,0x1A1A,0x1A1A,0x1A1A,0x1A1A,0x1A1A,0x1A1A,0x1A1A,
	0x1A1A,0x1A1A,0x1A1A,0x1A1A,0x0A0A,0x0A0A,0x1A1A,0x1A1A,
	0x1A1A,0x1A1A,0x1A1A,0x1A0A,0x1A1A,0x1A1A,0x0A1A,0x1A0A,
	0x1A1A,0x1A1A,0x0A1A,0x0A0A,0x1A1A,0x1A1A,0x1A1A,0x0A1A,
	0x1A1A,0x1A1A,0x1A1A,0x1A1A,0x1A1A,0x1A1A,0x1A1A,0x1A1A,
	0x1A1A,0x1A1A,0x1A1A,0x1A1A,0x1A1A,0x1A1A,0x1A1A,0x1A1A,

	0x1A1A,0x1A1A,0x8E8E,0x8E8E,0x0A1A,0x1A1A,0x9A9A,0x9A9A,
	0x0A0A,0x1A1A,0x1A9A,0x9A9A,0x1A0A,0x1A1A,0x1A1A,0x1A1A,
	0x1A0A,0x1A1A,0x1A1A,0x1A1A,0x1A1A,0x1A1A,0x1A1A,0x1A1A,
	0x1A1A,0x1A1A,0x1A1A,0x1A1A,0x1A1A,0x1A1A,0x1A1A,0x1A1A,
	0x8E8E,0x8E8E,0x8E8E,0x8E8E,0x9A9A,0x9A9A,0x9A9A,0x9A1A,
	0x9A9A,0x9A9A,0x1A9A,0x9A1A,0x1A1A,0x1A1A,0x1A1A,0x1A1A,
	0x1A1A,0x1A1A,0x1A1A,0x1A1A,0x1A1A,0x1A1A,0x1A1A,0x1A1A,
	0x1A1A,0x1A1A,0x1A1A,0x1A1A,0x1A1A,0x1A1A,0x1A1A,0x1A1A,

	0x8E8E,0x8E8E,0x8E8E,0x8E8E,0x9A8E,0x8E8E,0x8E9A,0x8E8E,
	0x9A8E,0x9A8E,0x8E9A,0x8E9A,0x1A9A,0x9A1A,0x8E1A,0x8E9A,
	0x1A1A,0x9A1A,0x9A1A,0x9A1A,0x1A1A,0x1A1A,0x1A1A,0x1A1A,
	0x1A1A,0x1A1A,0x1A1A,0x1A1A,0x1A1A,0x1A1A,0x1A1A,0x1A1A,
	0x8E8E,0x8E8E,0x8E8E,0x8E8E,0x8E9A,0x8E8E,0x8E9A,0x8E8E,
	0x9A9A,0x9A9A,0x8E9A,0x9A9A,0x1A1A,0x9A1A,0x8E9A,0x1A9A,
	0x1A1A,0x1A1A,0x9A1A,0x1A1A,0x1A1A,0x1A1A,0x1A1A,0x1A1A,
	0x1A1A,0x1A1A,0x1A1A,0x1A1A,0x1A1A,0x1A1A,0x1A1A,0x1A1A,

	0x8E8E,0x8E8E,0x8E8E,0x8E8E,0x8E8E,0x8E8E,0x9A8E,0x8E9A,
	0x8E9A,0x8E9A,0x9A9A,0x1A1A,0x1A1A,0x1A9A,0x1A1A,0x1A1A,
	0x1A1A,0x1A1A,0x1A1A,0x1A1A,0x1A1A,0x1A1A,0x1A1A,0x1A1A,
	0x1A1A,0x1A1A,0x1A1A,0x1A1A,0x1A1A,0x1A1A,0x1A1A,0x1A1A,
	0x8E8E,0x8E8E,0x8E8E,0x8E8E,0x8E8E,0x9A8E,0x8E8E,0x8E9A,
	0x9A1A,0x9A8E,0x9A1A,0x8E9A,0x1A1A,0x1A9A,0x1A1A,0x9A1A,
	0x1A1A,0x1A1A,0x1A1A,0x1A1A,0x1A1A,0x1A1A,0x1A1A,0x1A1A,
	0x1A1A,0x1A1A,0x1A1A,0x1A1A,0x1A1A,0x1A1A,0x1A1A,0x1A1A,

	0x8E8E,0x8E8E,0x8E8E,0x8E9A,0x8E9A,0x4D4D,0x9A8E,0x8E9A,
	0x8E9A,0x4D9A,0x9A9A,0x4D0A,0x9A1A,0x1A0A,0x0A9A,0x4D4D,
	0x4D1A,0x1A1A,0x0A4D,0x4D4D,0x4D1A,0x4D1A,0x4D4D,0x9E4D,
	0x1A1A,0x4D9E,0x4D4D,0x9E9E,0x109E,0x9E9E,0x4D1A,0x4D9E,
	0x9A4D,0x9A68,0x4D9A,0x9A4D,0x9A4D,0x684D,0x4D4D,0x684D,
	0x6868,0x4D4D,0x4D68,0x689A,0x4D4D,0x4D68,0x6868,0x689E,
	0x4D9E,0x6868,0x6868,0x9E68,0x4D4D,0x6868,0x6868,0x6868,
	0x4D4D,0x6868,0x6868,0x6868,0x0A18,0x6868,0x0A68,0x6868,

	0x4D4D,0x4D4D,0x2E2E,0xBD27,0x4D4D,0x1A4D,0x2768,0x2727,
	0x9E4D,0x684D,0x272E,0x2727,0x4D4D,0x2E9E,0x2727,0x27BD,
	0x0A4D,0x4D9E,0x2727,0xBDBD,0x9E9E,0x9E9E,0x2727,0x2727,
	0x9E9E,0x9E68,0x2727,0x2727,0x9E9E,0x9E9E,0x2727,0x2727,
	0xBD27,0xBDBD,0xBDBD,0xBD27,0x2727,0xBD27,0xBD27,0xBDBD,
	0x2727,0xBD27,0xBD27,0xBDBD,0x27BD,0x2727,0x2727,0x2727,
	0x2727,0x2727,0x2727,0x2727,0xBDBD,0x2727,0x2727,0x2727,
	0x2727,0x2727,0x2727,0xBDBD,0x2727,0x2727,0x2727,0xBDBD,

	0x2727,0xBDBD,0xBDBD,0xBDBD,0x62BD,0xBD62,0xBDBD,0xBDBD,
	0xBDBD,0x6262,0x6262,0xBDBD,0xBDBD,0xBD27,0x2E62,0xBDBD,
	0xBDBD,0xBD27,0x6262,0x27BD,0xBDBD,0x27BD,0xBD62,0x27BD,
	0xBDBD,0x2727,0x27BD,0x27BD,0xBD27,0xBD27,0xBDBD,0x2727,
	0x2727,0x27BD,0x2727,0x2727,0xBDBD,0x2727,0x27BD,0x2727,
	0x27BD,0x2727,0x27BD,0x2727,0xBDBD,0xBDBD,0x27BD,0x27BD,
	0xBD27,0x2727,0xBDBD,0x27BD,0xBDBD,0x2727,0xBDBD,0xBDBD,
	0xBDBD,0x2727,0x2727,0xBDBD,0x2727,0x2727,0x2727,0xBD27,

	0x27BD,0xBD27,0xBDBD,0x27BD,0xBD27,0x2727,0xBDBD,0xBDBD,
	0x2727,0xBDBD,0xBDBD,0xBDBD,0xBD27,0x27BD,0x6227,0x2727,
	0x27BD,0x27BD,0x6262,0x2727,0xBDBD,0xBDBD,0x62BD,0xBD62,
	0xBD62,0xBD62,0x2E62,0xBDBD,0xBDBD,0x6262,0x6262,0xBD62,
	0xBDBD,0xBD27,0x2727,0x2727,0x2727,0xBDBD,0xBDBD,0x27BD,
	0xBDBD,0xBDBD,0xBDBD,0x2727,0x27BD,0x2727,0x2727,0x2727,
	0x2727,0xBD27,0x2727,0x2727,0x2727,0x2727,0x2727,0x2727,
	0x2727,0x2727,0x2727,0x2727,0x2727,0x2727,0x2727,0x2727,

	0x2727,0x2727,0x2E2E,0x2E2E,0x2727,0x6262,0x622E,0x2E2E,
	0x2727,0x2762,0x2E62,0x2E2E,0x2727,0x2727,0x2727,0x0A2E,
	0x2727,0x2727,0x2727,0x2E2E,0x2727,0x2727,0xBDBD,0x2727,
	0x2727,0x2727,0x27BD,0x2727,0x2727,0x2727,0x2727,0x2E27,
	0x9A2E,0x2727,0x2727,0x2727,0x2E2E,0x2727,0x2727,0x2727,
	0x0A9A,0x2727,0x2727,0x2727,0x0A0A,0x62BD,0x27BD,0xBD27,
	0x0A2E,0x6262,0xBDBD,0xBD27,0x0A0A,0x2E62,0xBD62,0x2727,
	0x0A0A,0x2E2E,0x6262,0x27BD,0x0A0A,0x622E,0x6262,0x62BD,

	0x2727,0x2727,0x2727,0x2727,0x2727,0x2727,0x2727,0x2727,
	0x2727,0x2727,0x2727,0x2727,0x2727,0x2727,0x2727,0x2727,
	0x2727,0x2727,0x2727,0xBD27,0xBDBD,0x2727,0x2727,0xBDBD,
	0x27BD,0x2727,0x2727,0xBD27,0xBDBD,0x2727,0xBD27,0xBDBD,
	0x2727,0x2727,0x2727,0xBD27,0xBDBD,0xBD27,0xBDBD,0xBDBD,
	0xBDBD,0xBD27,0xBDBD,0xBDBD,0x2727,0x2727,0x2727,0xBDBD,
	0xBD27,0x2727,0x2727,0x27BD,0xBDBD,0xBDBD,0xBD27,0xBDBD,
	0x2727,0xBDBD,0x2727,0xBDBD,0xBDBD,0xBD27,0xBDBD,0xBDBD,

	0x2727,0x2727,0x2727,0x2727,0x27BD,0x27BD,0x2727,0x2727,
	0x27BD,0x27BD,0x2727,0x2727,0xBD27,0x2727,0x2727,0x2727,
	0xBDBD,0x2727,0x2727,0x2727,0x2727,0xBDBD,0xBDBD,0xBDBD,
	0xBDBD,0xBDBD,0xBDBD,0xBD27,0xBDBD,0xBD27,0xBDBD,0xBDBD,
	0x2727,0x2727,0x2727,0x2727,0x2727,0x2727,0xBD27,0x2727,
	0x2727,0x2727,0xBD27,0x2727,0x2727,0x2727,0xBDBD,0x2727,
	0x2727,0x2727,0x2727,0x2727,0xBDBD,0xBD27,0x2727,0x27BD,
	0xBDBD,0xBD27,0x27BD,0xBDBD,0xBDBD,0xBDBD,0xBDBD,0xBDBD,

	0xBDBD,0x2727,0xBD27,0xBDBD,0x2727,0x2727,0x2727,0xBDBD,
	0x2727,0x2727,0xBDBD,0x2727,0x2727,0xBDBD,0x2727,0xBDBD,
	0x2727,0x2727,0x2727,0xBDBD,0xBDBD,0xBD27,0xBDBD,0xBDBD,
	0xBDBD,0xBDBD,0xBDBD,0xBDBD,0x6262,0x6262,0xBDBD,0xBDBD,
	0xBDBD,0xBDBD,0x2E2E,0x6262,0xBDBD,0x62BD,0x6262,0x6262,
	0x6262,0x62BD,0xBD62,0x62BD,0xBDBD,0x6262,0x6262,0xBDBD,
	0xBDBD,0x62BD,0x6262,0xBDBD,0x62BD,0x6262,0xBD62,0x2727,
	0x6262,0x6262,0xBDBD,0x2727,0x62BD,0xBD62,0xBDBD,0x2727,

	0x6262,0xBDBD,0xBDBD,0x27BD,0x6262,0x2E2E,0x6262,0x2727,
	0x6262,0x6262,0x62BD,0x2727,0xBDBD,0xBDBD,0x2727,0x27BD,
	0xBDBD,0xBDBD,0x2727,0x2727,0xBDBD,0x2727,0x2727,0x2727,
	0xBDBD,0x2727,0x2727,0x2727,0x2727,0x2727,0xBDBD,0x27BD,
	0x6227,0x6227,0x6227,0x2E2E,0x2727,0x2727,0x2727,0x2E2E,
	0x2727,0x2727,0x2727,0x2727,0x2727,0x2727,0x2727,0x2727,
	0x2727,0x2727,0x2727,0x2727,0x2727,0x2727,0x2727,0xBD27,
	0x2727,0x2727,0x2727,0xBD27,0x2727,0xBDBD,0xBD27,0xBDBD,

	0x8E8E,0x8E8E,0x8E8E,0x8E8E,0x8E8E,0x8E9A,0x8E8E,0x8E9A,
	0x9A9A,0x8E9A,0x9A9A,0x9A9A,0x0A27,0x0A9A,0x9A0A,0x0A0A,
	0x0A27,0x0A0A,0x0A0A,0x0A0A,0x2727,0x0A27,0x0A27,0x0A0A,
	0x2727,0x2727,0x0A27,0x0A0A,0x2727,0x2727,0x0A62,0x0A0A,
	0x8E8E,0x8E8E,0x8E8E,0x9E9E,0x8E8E,0x8E9A,0x8E8E,0x9E8E,
	0x9A9A,0x8E9A,0x8E9E,0x9E8E,0x0A9A,0x9A0A,0x9E9E,0x9E9E,
	0x0A0A,0x9A0A,0x9E0A,0x9E9E,0x0A0A,0x0A0A,0x9E45,0x9E9E,
	0x0A0A,0x4545,0x9E45,0x9E0A,0x0A46,0x0A0A,0x0A0A,0x0A0A,

	0x1A1A,0x1A1A,0x1A1A,0x1A1A,0x1A1A,0x1A1A,0x1A1A,0x1A1A,
	0x1A1A,0x1A1A,0x1A1A,0x1A1A,0x1A1A,0x1A1A,0x1A1A,0x1A1A,
	0x1A1A,0x1A1A,0x1A1A,0x1A1A,0x1A1A,0x1A1A,0x1A1A,0x1A1A,
	0x1A1A,0x1A1A,0x1A1A,0x4B4B,0x1A1A,0x1A1A,0x1A1A,0x4B4B,
	0x1A1A,0x1A1A,0x1A1A,0x1A1A,0x1A1A,0x1A1A,0x1A1A,0x1A1A,
	0x1A1A,0x1A1A,0x1A1A,0x1A1A,0x1A1A,0x1A1A,0x1A1A,0x1A1A,
	0x1A1A,0x1A1A,0x1A1A,0x1A1A,0x1A1A,0x1A1A,0x1A1A,0x1A1A,
	0x4B4B,0x4B4B,0x4B4B,0x4B4B,0x4B4B,0x4B4B,0x4B4B,0x4B4B,

	0x1A1A,0x1A1A,0x1A1A,0x1A1A,0x1A1A,0x1A1A,0x1A1A,0x1A1A,
	0x1A1A,0x1A1A,0x1A1A,0x1A1A,0x1A1A,0x1A1A,0x1A1A,0x1A1A,
	0x1A1A,0x1A1A,0x1A1A,0x1A1A,0x1A1A,0x1A1A,0x1A1A,0x1A1A,
	0x4B4B,0x4B4B,0x1A79,0x1A1A,0x4B4B,0x4B4B,0x1A79,0x4B99,
	0x1A1A,0x1A1A,0x4B4B,0x4B4B,0x1A1A,0x1A1A,0x4B4B,0x4B4B,
	0x1A1A,0x1A1A,0x4B4B,0x4B4B,0x1A1A,0x1A1A,0x4B4B,0x4B4B,
	0x1A1A,0x1A1A,0x4B4B,0x4B4B,0x1A1A,0x1A1A,0x4B4B,0x4B4B,
	0x1A1A,0x4B4B,0x4B4B,0x4B4B,0x4B4B,0x4B4B,0x4B4B,0x4B4B,

	0x4B4B,0x4B4B,0x1A79,0x1A1A,0x4B4B,0x4B4B,0x1A79,0x1A1A,
	0x4B4B,0x9999,0x1A79,0x1A1A,0x4B4B,0x4B4B,0x1A99,0x1A1A,
	0x4B4B,0x4B4B,0x1A99,0x1A1A,0x4B4B,0x4B4B,0x1A4B,0x1A1A,
	0x4B4B,0x4B4B,0x1A4B,0x1A1A,0x4B4B,0x4B4B,0x1A4B,0x1A1A,
	0x1A1A,0x1A1A,0x1A1A,0x1A1A,0x1A1A,0x1A1A,0x1A1A,0x1A1A,
	0x1A1A,0x1A1A,0x1A1A,0x1A1A,0x1A1A,0x1A1A,0x1A1A,0x1A1A,
	0x1A1A,0x1A1A,0x1A1A,0x1A1A,0x1A1A,0x1A1A,0x1A1A,0x1A1A,
	0x1A1A,0x1A1A,0x1A1A,0x1A1A,0x1A1A,0x1A1A,0x1A1A,0x1A1A,

	0x1A1A,0x1A0A,0x1A1A,0x0A0A,0x0A1A,0x1A1A,0x1A1A,0x0A0A,
	0x1A1A,0x1A1A,0x1A1A,0x0A0A,0x0A0A,0x0A0A,0x0A0A,0x0A0A,
	0x0A1A,0x0A0A,0x0A0A,0x0A1A,0x1A0A,0x691A,0x0A1A,0x1A1A,
	0x1A1A,0x1A1A,0x1A1A,0x0A1A,0x1A1A,0x1A1A,0x1A1A,0x1A1A,
	0x0A0A,0x0A0A,0x0A0A,0x0A0A,0x0A0A,0x0A0A,0x0A0A,0x0A0A,
	0x0A0A,0x0A0A,0x0A0A,0x0A0A,0x0A0A,0x0A0A,0x0A18,0x0A0A,
	0x180A,0x0A0A,0x1A1A,0x0A0A,0x1A0A,0x0A18,0x0A0A,0x0A0A,
	0x0A0A,0x0A0A,0x1818,0x0A0A,0x0A0A,0x0A0A,0x1A1A,0x0A0A,

	0x0A0A,0x0A0A,0x540A,0x5454,0x0A0A,0x5454,0x5454,0x5454,
	0x540A,0x5454,0x5454,0x5454,0x5454,0x5454,0x5454,0x5454,
	0x5454,0x5454,0x5454,0x5454,0x0A58,0x540A,0x5454,0x5454,
	0x0A0A,0x540A,0x5454,0x5454,0x0A0A,0x0A0A,0x5454,0x580A,
	0x5454,0x5454,0x0A0A,0x0A0A,0x5454,0x5454,0x1854,0x0A0A,
	0x5454,0x5454,0x5454,0x0A18,0x5454,0x5454,0x0A0A,0x0A0A,
	0x5454,0x5454,0x0A54,0x0A0A,0x5454,0x0A54,0x0A58,0x0A0A,
	0x540A,0x0A58,0x0A0A,0x0A0A,0x0A0A,0x0A0A,0x0A0A,0x0A0A,

	0x0A0A,0x0A0A,0x0A0A,0x5454,0x0A0A,0x0A0A,0x0A0A,0x5454,
	0x0A0A,0x0A0A,0x0A0A,0x5454,0x0A0A,0x0A0A,0x0A0A,0x5454,
	0x0A0A,0x6969,0x0A0A,0x5454,0x690A,0x1A1A,0x0A0A,0x5454,
	0x690A,0x0A0A,0x0A0A,0x5454,0x0A0A,0x0A0A,0x0A0A,0x9F0A,
	0x5454,0x5454,0x5454,0x0A54,0x5454,0x5454,0x5454,0x1A54,
	0x5454,0x5454,0x5454,0x1A54,0x5454,0x5454,0x5454,0x1A54,
	0x5454,0x5454,0x5454,0x1A54,0x5454,0x5454,0x5454,0x1A54,
	0x5454,0x5454,0x5454,0x1A54,0x0A9F,0x5446,0x5446,0x0A54,

	0x5454,0x5454,0x5454,0x5454,0x5454,0x9F54,0x5454,0x5454,
	0x541A,0x5454,0x549F,0x5454,0x541A,0x5454,0x9F54,0x549F,
	0x1A1A,0x5454,0x5454,0x9F9F,0x1A1A,0x541A,0x5454,0x581A,
	0x0A0A,0x581A,0x5454,0x581A,0x5454,0x1A1A,0x5858,0x4646,
	0x1A1A,0x1A1A,0x1A1A,0x1A1A,0x5454,0x1A1A,0x1A1A,0x1A1A,
	0x5454,0x1A1A,0x1A1A,0x1A1A,0x5454,0x1A1A,0x1A1A,0x1A1A,
	0x5854,0x1A1A,0x1A1A,0x1A1A,0x0A0A,0x1A1A,0x1A1A,0x1A1A,
	0x0A1A,0x1A1A,0x1A1A,0x1A1A,0x0A0A,0x1A1A,0x1A1A,0x1A1A,

	0x1A1A,0x1A1A,0x1A1A,0x1A1A,0x1A1A,0x1A1A,0x1A1A,0x1A1A,
	0x1A1A,0x1A1A,0x1A1A,0x1A1A,0x1A1A,0x1A1A,0x1A1A,0x1A1A,
	0x1A1A,0x1A1A,0x1A1A,0x1A1A,0x1A1A,0x1A1A,0x1A1A,0x1A1A,
	0x1A1A,0x1A1A,0x1A1A,0x1A1A,0x1A1A,0x1A1A,0x1A1A,0x1A1A,
	0x1A1A,0x1A1A,0x1A1A,0x1A1A,0x1A1A,0x1A1A,0x1A1A,0x1A1A,
	0x1A1A,0x1A1A,0x1A1A,0x1A1A,0x1A1A,0x1A1A,0x1A1A,0x1A1A,
	0x1A1A,0x1A1A,0x1A1A,0x1A1A,0x1A1A,0x1A1A,0x1A1A,0x1A1A,
	0x1A1A,0x1A1A,0x1A1A,0x1A1A,0x1A1A,0x1A1A,0x1A1A,0x1A1A,

	0x1A1A,0x1A1A,0x4B1A,0x4B4B,0x1A1A,0x1A1A,0x4B1A,0x4B4B,
	0x1A1A,0x1A1A,0x4B0D,0x4B4B,0x1A1A,0x1A1A,0x4B19,0x4B4B,
	0x1A1A,0x1A1A,0x4B1A,0x4B4B,0x1A1A,0x1A1A,0x4B1A,0x4B4B,
	0x1A1A,0x1A1A,0x4B1A,0x4B4B,0x1A1A,0x1A1A,0x4B1A,0x4B4B,
	0x4B4B,0x4B4B,0x4B4B,0x1A1A,0x4B4B,0x4B4B,0x4B4B,0x1A1A,
	0x4B4B,0x4B4B,0x4B4B,0x1A1A,0x4B4B,0x4B4B,0x4B4B,0x1A1A,
	0x4B4B,0x4B4B,0x4B4B,0x0D1A,0x4B4B,0x4B4B,0x4B4B,0x1919,
	0x4B4B,0x4B4B,0x4B4B,0x4B4B,0x4B4B,0x4B4B,0x4B4B,0x4B4B,

	0x1A1A,0x1A1A,0x1A1A,0x1A1A,0x1A1A,0x1A1A,0x1A1A,0x1A1A,
	0x1A1A,0x1A0D,0x1A1A,0x1A1A,0x191A,0x1A0D,0x1A1A,0x1A1A,
	0x1A0D,0x1A1A,0x1A1A,0x1A1A,0x1A1A,0x1A1A,0x1A1A,0x1A1A,
	0x4B4B,0x4B4B,0x4B79,0x4B4B,0x4B4B,0x4B4B,0x4B79,0x4B4B,
	0x1A1A,0x1A1A,0x0A1A,0x1A1A,0x1A1A,0x1A1A,0x1A0A,0x1A3B,
	0x1A1A,0x1A1A,0x1A3B,0x1A0A,0x1A1A,0x0A1A,0x0A0A,0x0A0A,
	0x1A1A,0x1A1A,0x0A0A,0x0A0A,0x1A1A,0x0A1A,0x1A1A,0x1A1A,
	0x4B4B,0x4B4B,0x4B4B,0x4B4B,0x4B4B,0x4B4B,0x4B4B,0x4B4B,

	0x0A0A,0x0A0A,0x0A0A,0x3B0A,0x0A1A,0x0A0A,0x0A0A,0x3B0A,
	0x0A0A,0x0A0A,0x0A0A,0x1A1A,0x0A0A,0x180A,0x1818,0x0A0A,
	0x1A1A,0x0A0A,0x1A1A,0x0A0A,0x1A1A,0x0A0A,0x0A0A,0x0A0A,
	0x4B4B,0x4B4B,0x0A0A,0x0A0A,0x4B4B,0x4B4B,0x0A0A,0x0A0A,
	0x0A0A,0x0A0A,0x0A0A,0x0A0A,0x0A0A,0x0A0A,0x0A0A,0x0A0A,
	0x0A0A,0x0A0A,0x0A0A,0x0A32,0x0A0A,0x0A0A,0x0A0A,0x320A,
	0x0A0A,0x0A0A,0x0A0A,0x0A0A,0x0A0A,0x0A0A,0x0A0A,0x0A0A,
	0x0A0A,0x0A0A,0x0A0A,0x0A0A,0x0A0A,0x0A0A,0x0A0A,0x0A0A,

	0x0A0A,0x320A,0x320A,0x320A,0x0A32,0x0A32,0x0A0A,0x0A32,
	0x3232,0x3232,0x0A0A,0x0A0A,0x0A0A,0x0A0A,0x0A0A,0x0A0A,
	0x0A0A,0x0A0A,0x0A0A,0x1818,0x0A0A,0x0A0A,0x0A0A,0x0A1A,
	0x0A0A,0x0A0A,0x0A0A,0x0A0A,0x0A0A,0x0A0A,0x0A0A,0x0A0A,
	0x0A0A,0x0A18,0x1818,0x0A0A,0x1A0A,0x0A18,0x1A1A,0x0A0A,
	0x0A0A,0x0A0A,0x0A0A,0x0A0A,0x0A0A,0x0A0A,0x0A0A,0x0A0A,
	0x0A0A,0x0A0A,0x0A0A,0x0A0A,0x0A0A,0x0A32,0x0A32,0x0A32,
	0x0A0A,0x0A0A,0x0A0A,0x0A0A,0x0A0A,0x0A0A,0x320A,0x0A0A,

	0x0A0A,0x0A0A,0x0A0A,0x0A0A,0x0A0A,0x0A0A,0x0A0A,0x0A0A,
	0x0A0A,0x0A0A,0x0A0A,0x0A0A,0x0A0A,0x0A0A,0x0A18,0x0A0A,
	0x0A0A,0x0A0A,0x1818,0x0A0A,0x0A0A,0x0A0A,0x0A0A,0x1818,
	0x0A0A,0x0A0A,0x0A0A,0x1A18,0x0A0A,0x0A0A,0x0A0A,0x0A0A,
	0x0A0A,0x0A0A,0x0A0A,0x0A0A,0x0A0A,0x0A0A,0x0A0A,0x0A0A,
	0x0A0A,0x0A0A,0x0A0A,0x0A0A,0x0A0A,0x0A0A,0x0A0A,0x0A0A,
	0x0A0A,0x0A0A,0x0A0A,0x0A0A,0x0A0A,0x0A0A,0x0A0A,0x0A0A,
	0x0A0A,0x0A0A,0x0A0A,0x0A0A,0x0A0A,0x0A0A,0x0A0A,0x0A0A,

	0x0A0A,0x0A0A,0x0A0A,0x0A0A,0x0A0A,0x0A0A,0x0A0A,0x0A0A,
	0x0A0A,0x0A0A,0x0A0A,0x0A0A,0x0A0A,0x0A0A,0x0A0A,0x0A0A,
	0x0A0A,0x0A0A,0x0A0A,0x0A0A,0x0A0A,0x0A0A,0x0A0A,0x0A0A,
	0x0A0A,0x0A0A,0x0A0A,0x0A0A,0x0A0A,0x0A0A,0x0A0A,0x0A0A,
	0x0A0A,0x0A0A,0x0A0A,0x1818,0x0A0A,0x0A0A,0x0A0A,0x1A1A,
	0x0A0A,0x0A0A,0x3B0A,0x0A3B,0x0A0A,0x0A0A,0x1A0A,0x0A0A,
	0x0A0A,0x0A0A,0x0A0A,0x0A0A,0x0A0A,0x0A0A,0x0A0A,0x0A0A,
	0x0A0A,0x0A0A,0x0A0A,0x0A0A,0x0A0A,0x0A0A,0x0A0A,0x0A0A,

	0x0A0A,0x0A0A,0x0A0A,0x0A0A,0x0A0A,0x3B3B,0x0A0A,0x0A0A,
	0x0A0A,0x3B3B,0x0A0A,0x0A0A,0x0A3B,0x0A0A,0x0A0A,0x0A0A,
	0x0A3B,0x0A0A,0x0A0A,0x0A0A,0x0A0A,0x0A0A,0x0A0A,0x0A0A,
	0x0A0A,0x0A0A,0x0A0A,0x0A0A,0x0A0A,0x0A0A,0x0A0A,0x0A0A,
	0x0A0A,0x0A0A,0x0A0A,0x0A0A,0x0A0A,0x0A0A,0x0A0A,0x0A0A,
	0x0A0A,0x0A0A,0x0A0A,0x0A0A,0x0A0A,0x0A0A,0x0A0A,0x180A,
	0x0A0A,0x0A0A,0x0A0A,0x1A1A,0x0A0A,0x0A0A,0x0A0A,0x0A0A,
	0x0A0A,0x0A0A,0x0A0A,0x0A0A,0x0A0A,0x0A0A,0x320A,0x320A,

	0x0A0A,0x0A0A,0x1846,0x4618,0x0A0A,0x0A0A,0x460A,0x4646,
	0x0A0A,0x0A0A,0x460A,0x460A,0x0A0A,0x1818,0x0A0A,0x0A0A,
	0x0A0A,0x1818,0x0A0A,0x0A0A,0x0A0A,0x0A0A,0x0A0A,0x0A0A,
	0x0A0A,0x0A0A,0x0A0A,0x0A0A,0x0A0A,0x0A0A,0x0A0A,0x0A0A,
	0x4646,0x0A0A,0x0A0A,0x0A0A,0x0A46,0x0A0A,0x0A0A,0x0A0A,
	0x0A0A,0x0A0A,0x0A18,0x0A0A,0x0A0A,0x0A0A,0x1818,0x0A0A,
	0x0A0A,0x0A0A,0x181A,0x0A0A,0x1818,0x1A18,0x0A0A,0x0A0A,
	0x1A0A,0x0A1A,0x0A0A,0x0A0A,0x0A0A,0x0A0A,0x0A0A,0x0A0A,

	0x0A0A,0x1A0A,0x0A0A,0x460A,0x0A0A,0x1A1A,0x0A0A,0x0A0A,
	0x0A0A,0x0A0A,0x0A0A,0x1846,0x0A0A,0x0A0A,0x0A0A,0x460A,
	0x0A0A,0x0A0A,0x0A0A,0x460A,0x0A0A,0x0A0A,0x0A0A,0x0A0A,
	0x0A0A,0x0A0A,0x0A0A,0x0A0A,0x0A0A,0x0A0A,0x0A1A,0x1A0A,
	0x0A0A,0x0A0A,0x0A46,0x0A32,0x0A18,0x4618,0x0A0A,0x3232,
	0x4618,0x4646,0x0A0A,0x320A,0x4646,0x0A46,0x0A0A,0x0A0A,
	0x460A,0x0A0A,0x0A0A,0x0A46,0x0A0A,0x0A0A,0x0A0A,0x1A46,
	0x0A0A,0x0A0A,0x0A46,0x1A46,0x1A1A,0x1A46,0x461A,0x460A,

	0x0A0A,0x0A32,0x0A0A,0x0A0A,0x0A32,0x0A0A,0x0A0A,0x0A0A,
	0x0A32,0x0A0A,0x0A0A,0x0A0A,0x0A0A,0x0A0A,0x0A0A,0x0A0A,
	0x0A0A,0x0A0A,0x0A0A,0x1A0A,0x0A0A,0x0A0A,0x0A0A,0x0A0A,
	0x0A0A,0x460A,0x0A0A,0x0A0A,0x460A,0x0A46,0x0A0A,0x0A0A,
	0x0A0A,0x1A0A,0x1A0A,0x0A69,0x0A0A,0x0A0A,0x1A0A,0x1A1A,
	0x0A0A,0x0A0A,0x1A0A,0x1A1A,0x0A1A,0x0A0A,0x1A1A,0x1A1A,
	0x0A1A,0x0A0A,0x0A0A,0x1A1A,0x1A0A,0x0A0A,0x1A1A,0x1A1A,
	0x0A1A,0x0A0A,0x1A0A,0x1A1A,0x0A0A,0x0A0A,0x0A0A,0x0A0A,

	0x0A0A,0x1A1A,0x1A1A,0x1A1A,0x1A0A,0x1A0A,0x1A1A,0x1A1A,
	0x1A1A,0x1A1A,0x1A1A,0x1A1A,0x1A1A,0x1A1A,0x1A1A,0x1A1A,
	0x1A1A,0x1A1A,0x1A1A,0x1A1A,0x1A1A,0x1A1A,0x1A1A,0x1A1A,
	0x0A0A,0x1A1A,0x1A1A,0x1A1A,0x0A0A,0x1A1A,0x1A1A,0x1A1A,
	0x1A1A,0x1A1A,0x1A1A,0x1A1A,0x1A1A,0x1A1A,0x1A1A,0x1A1A,
	0x1A1A,0x1A1A,0x1A1A,0x1A1A,0x1A1A,0x1A1A,0x1A1A,0x1A1A,
	0x1A1A,0x1A1A,0x1A1A,0x1A1A,0x0A0A,0x1A1A,0x1A1A,0x0A1A,
	0x0A1A,0x1A1A,0x1A1A,0x0A1A,0x0A0A,0x1A1A,0x1A1A,0x1A1A,

	0x1A1A,0x1A1A,0x1A1A,0x1A1A,0x1A1A,0x1A1A,0x1A1A,0x1A1A,
	0x1A1A,0x1A1A,0x1A1A,0x1A1A,0x1A1A,0x1A1A,0x1A1A,0x1A1A,
	0x1A1A,0x1A1A,0x1A1A,0x1A1A,0x1A0A,0x0A1A,0x1A1A,0x1A1A,
	0x0A0A,0x0A0A,0x1A0A,0x1A1A,0x1A0A,0x0A0A,0x0A1A,0x1A1A,
	0x1A1A,0x1A1A,0x1A1A,0x1A1A,0x1A1A,0x1A1A,0x1A1A,0x1A1A,
	0x1A1A,0x1A1A,0x1A1A,0x1A1A,0x1A1A,0x1A1A,0x1A1A,0x1A1A,
	0x1A1A,0x1A1A,0x1A1A,0x1A1A,0x1A1A,0x1A1A,0x1A1A,0x1A1A,
	0x0A1A,0x1A1A,0x1A1A,0x1A1A,0x0A1A,0x1A0A,0x0A1A,0x1A1A,

	0x1A1A,0x1A1A,0x1A1A,0x1A1A,0x1A1A,0x1A1A,0x1A1A,0x1A1A,
	0x1A1A,0x1A1A,0x1A1A,0x1A1A,0x1A1A,0x1A1A,0x1A1A,0x1A1A,
	0x1A1A,0x1A1A,0x1A1A,0x1A1A,0x1A1A,0x1A1A,0x1A1A,0x1A1A,
	0x1A1A,0x1A1A,0x1A1A,0x1A1A,0x1A1A,0x1A1A,0x1A1A,0x1A1A,
	0x1A1A,0x1A1A,0x1A1A,0x1A1A,0x1A1A,0x1A1A,0x1A1A,0x1A1A,
	0x1A1A,0x1A1A,0x1A1A,0x1A1A,0x1A1A,0x1A1A,0x1A1A,0x1A1A,
	0x1A1A,0x1A1A,0x1A1A,0x1A1A,0x1A1A,0x1A1A,0x1A1A,0x1A1A,
	0x1A1A,0x1A1A,0x1A1A,0x1A1A,0x1A1A,0x1A1A,0x1A1A,0x1A1A,

	0x1A1A,0x1A1A,0x1A1A,0x1A1A,0x1A1A,0x1A1A,0x1A1A,0x1A1A,
	0x1A1A,0x1A1A,0x1A1A,0x1A1A,0x1A1A,0x1A1A,0x1A1A,0x1A1A,
	0x1A1A,0x1A1A,0x1A1A,0x1A1A,0x1A1A,0x1A1A,0x1A1A,0x1A1A,
	0x1A1A,0x1A1A,0x1A1A,0x1A1A,0x1A1A,0x1A1A,0x1A1A,0x1A1A,
	0x1A1A,0x1A1A,0x1A1A,0x101A,0x1A1A,0x1A1A,0x1A1A,0x1A1A,
	0x1A1A,0x1A1A,0x1A1A,0x1A1A,0x1A1A,0x1A1A,0x1A1A,0x1A1A,
	0x1A1A,0x1A1A,0x1A1A,0x1A1A,0x1A1A,0x1A1A,0x1A1A,0x1010,
	0x1A1A,0x1A1A,0x1A1A,0x1A1A,0x1A1A,0x1A1A,0x1A1A,0x1A1A,

	0x9E9E,0x9E9E,0x9E1A,0x4D9E,0x9E1A,0x9E9E,0x9E9E,0x0A18,
	0x9E1A,0x9E9E,0x9E9E,0x0A18,0x9E1A,0x9E9E,0x9E9E,0x9E9E,
	0x9E1A,0x9E9E,0x1A9E,0x1A9E,0x9E9E,0x9E9E,0x1A1A,0x1A1A,
	0x9E9E,0x9E1A,0x1A1A,0x1A1A,0x1A1A,0x1A1A,0x1A1A,0x1A1A,
	0x109E,0x0A68,0x0A0A,0x0A9E,0x9E9E,0x1A1A,0x9E1A,0x9E9E,
	0x9E9E,0x1010,0x9E9E,0x9E9E,0x9E9E,0x9E1A,0x1A1A,0x0A0A,
	0x9E9E,0x9E9E,0x0A1A,0x1A0A,0x1A1A,0x9E9E,0x1A10,0x1A1A,
	0x0A1A,0x1A1A,0x1A1A,0x1A1A,0x1A1A,0x1A1A,0x1A3B,0x181A,

	0x9E9E,0x2E9E,0x272E,0x2727,0x9E1A,0x0A9E,0x2727,0xBDBD,
	0x1A0A,0x2E9E,0x2E2E,0xBDBD,0x0A0A,0x2E2E,0x622E,0x2762,
	0x0A0A,0x2E2E,0x2727,0x6262,0x1A1A,0x2727,0x2727,0xBDBD,
	0x270A,0x270A,0x2727,0xBDBD,0x270A,0x2727,0x2727,0x2727,
	0x2727,0x2727,0x2727,0xBDBD,0xBDBD,0x2727,0xBDBD,0x2727,
	0xBD27,0x2727,0xBDBD,0xBD27,0xBD62,0x2727,0x2727,0xBDBD,
	0xBD62,0xBDBD,0x2727,0x6262,0x62BD,0x6262,0x6262,0x6262,
	0xBDBD,0x62BD,0xBDBD,0x6262,0x2727,0xBDBD,0x62BD,0x6262,

	0xBD27,0xBDBD,0xBDBD,0x2727,0xBDBD,0x6262,0x27BD,0xBDBD,
	0xBD27,0xBD62,0xBDBD,0xBDBD,0x62BD,0x6262,0xBDBD,0x2727,
	0xBDBD,0xBD62,0xBDBD,0x2727,0x2E2E,0x2762,0x2727,0x2727,
	0x6262,0x2762,0x2727,0x27BD,0xBD62,0x6262,0xBDBD,0x2727,
	0x2727,0x2727,0x2727,0xBDBD,0x2727,0x2727,0x2727,0x2727,
	0x2727,0x2727,0x2727,0x2727,0x2727,0x2727,0x2727,0xBD27,
	0x2727,0x2727,0x2727,0x2727,0x2727,0x2727,0x2727,0x2727,
	0x2727,0x2727,0x2727,0x2727,0xBD27,0x2727,0x2727,0x2727,

	0xBDBD,0x62BD,0xBDBD,0xBDBD,0xBDBD,0xBD27,0xBDBD,0xBD62,
	0x2727,0x2727,0x27BD,0xBDBD,0x2727,0x2727,0xBD27,0x62BD,
	0x27BD,0x2727,0xBD27,0xBDBD,0x2727,0x2727,0x27BD,0xBD27,
	0x2727,0x2727,0x2727,0x27BD,0x2727,0xBD27,0xBD27,0xBD27,
	0x27BD,0x2727,0x2727,0x2727,0x2727,0xBDBD,0x2727,0x2727,
	0xBD27,0x2727,0x2727,0x2727,0x27BD,0xBDBD,0xBDBD,0x2727,
	0x27BD,0xBDBD,0xBDBD,0x2727,0x62BD,0xBD27,0x27BD,0x2727,
	0xBDBD,0x2727,0xBDBD,0xBDBD,0xBDBD,0xBDBD,0x2727,0xBDBD,

	0x2727,0x2727,0x2727,0x2727,0x2727,0x2727,0x2727,0x2E27,
	0x2727,0x2727,0xBDBD,0xBDBD,0x2727,0xBD27,0xBD27,0x6262,
	0x2727,0xBD27,0xBDBD,0x6262,0xBDBD,0x6262,0xBDBD,0x6262,
	0xBDBD,0x6227,0xBD27,0x6262,0x27BD,0x27BD,0x2727,0xBDBD,
	0x2E0A,0x2E2E,0x6262,0x6262,0x2E2E,0x0A2E,0xBDBD,0xBDBD,
	0x2E2E,0xBD0A,0xBD2E,0xBDBD,0x6262,0x2E2E,0x2E2E,0x27BD,
	0x62BD,0x2E2E,0x2E2E,0xBDBD,0xBDBD,0x2E2E,0x2E2E,0x272E,
	0x6262,0x6262,0x2E2E,0x2727,0xBDBD,0x6262,0x2E2E,0x272E,

	0x6262,0x2727,0xBDBD,0xBDBD,0xBDBD,0xBDBD,0xBDBD,0x27BD,
	0xBDBD,0x27BD,0x27BD,0xBDBD,0xBDBD,0x2727,0x2727,0xBDBD,
	0xBDBD,0xBD27,0x2727,0x2727,0x2727,0x2727,0xBDBD,0xBDBD,
	0x2727,0x2727,0x2727,0xBD27,0x2727,0xBDBD,0xBDBD,0xBDBD,
	0xBDBD,0xBD27,0xBDBD,0xBDBD,0xBDBD,0xBDBD,0xBDBD,0xBDBD,
	0xBDBD,0xBDBD,0x27BD,0xBDBD,0xBDBD,0xBDBD,0x2727,0x2727,
	0xBDBD,0xBDBD,0x2727,0x2727,0xBDBD,0x2727,0x2727,0x2727,
	0xBDBD,0x2727,0x2727,0x2727,0xBD62,0x27BD,0x2727,0x2727,

	0xBDBD,0xBDBD,0xBDBD,0x27BD,0xBD27,0x27BD,0xBDBD,0xBDBD,
	0xBD27,0x27BD,0x2727,0x2727,0xBDBD,0xBDBD,0x2727,0x2727,
	0x2727,0x2727,0x2727,0x2727,0x2727,0x2727,0x2727,0x2727,
	0x2727,0x2727,0x2727,0x2727,0x2727,0x2727,0x2727,0x2727,
	0xBDBD,0xBDBD,0xBDBD,0x6262,0x2727,0x2727,0xBD27,0x2727,
	0x2727,0x2727,0x2727,0x2727,0x2727,0x2727,0x2727,0x2727,
	0x2727,0x2727,0x2727,0x2727,0x2727,0x2727,0x2727,0x2727,
	0x2727,0x2727,0x2727,0x2727,0x2727,0x2727,0x2727,0x2727,

	0x6262,0x6262,0x62BD,0xBD62,0xBD27,0xBDBD,0x6262,0xBDBD,
	0xBD27,0xBDBD,0x6262,0x6262,0xBDBD,0xBD62,0x6262,0x622E,
	0xBDBD,0x6262,0x6262,0x6262,0xBD27,0x6262,0x6262,0xBD62,
	0xBDBD,0x6262,0x6262,0xBD62,0x2727,0x2E2E,0x6262,0x6262,
	0x62BD,0x6262,0xBD62,0x2727,0x6262,0x62BD,0x2727,0x2727,
	0x6262,0x62BD,0x2727,0xBDBD,0xBD62,0x2762,0x2727,0xBD27,
	0xBDBD,0x6262,0x2727,0x2727,0xBDBD,0x2727,0x2727,0x2727,
	0x6262,0x2727,0x2727,0x2727,0xBD62,0xBDBD,0xBDBD,0xBDBD,

	0x2727,0x2727,0x27BD,0x27BD,0x2727,0x2727,0x2727,0xBD27,
	0x2727,0x2727,0x2727,0xBDBD,0x2727,0x2727,0x2727,0x2727,
	0x2727,0x2727,0x2727,0x2727,0x2727,0x2727,0x2727,0x2727,
	0x2727,0x2727,0x2727,0x2727,0x2727,0x2727,0x2727,0x2727,
	0x27BD,0xBDBD,0xBD27,0xBD27,0xBD27,0x2727,0x2727,0x2727,
	0x2727,0x2727,0x2727,0x2727,0xBD27,0xBDBD,0x2727,0x2727,
	0xBDBD,0x2727,0x2727,0x2727,0xBD27,0x2727,0x2727,0x2727,
	0xBD27,0x2727,0x2727,0x2727,0x2727,0x2727,0x2727,0x2727,

	0x2727,0x2727,0x62BD,0x0A0A,0x2727,0x2727,0x6227,0x0A46,
	0x2727,0x2727,0x62BD,0x460A,0x2727,0x2727,0x2727,0x0A0A,
	0x2727,0x2727,0x2727,0x1827,0x2727,0x2727,0x2727,0x4646,
	0x2727,0x2727,0x2727,0x2727,0x2727,0x2727,0x27BD,0x46BD,
	0x0A46,0x0A0A,0x0A0A,0x0A46,0x0A46,0x0A0A,0x460A,0x0A0A,
	0x460A,0x460A,0x4618,0x0A0A,0x4618,0x4618,0x0A46,0x0A0A,
	0x4618,0x4618,0x0A46,0x0A0A,0x180A,0x4646,0x1A1A,0x0A0A,
	0x0A0A,0x0A46,0x0A1A,0x0A0A,0x0A0A,0x4D0A,0x0A0A,0x4D4D,

	0x1A1A,0x1A1A,0x1A1A,0x4B4B,0x1A1A,0x1A1A,0x1A1A,0x4B4B,
	0x1A1A,0x1A1A,0x1A1A,0x4B4B,0x1A0A,0x1A1A,0x0A1A,0x4B4B,
	0x0A0A,0x1A1A,0x0A1A,0x4B4B,0x0A0A,0x1A1A,0x0A1A,0x4B4B,
	0x1A0A,0x0A0A,0x0A1A,0x4B4B,0x1A1A,0x0A0A,0x1A1A,0x4B4B,
	0x4B4B,0x4B4B,0x4B4B,0x4B4B,0x4B4B,0x4B4B,0x4B4B,0x4B4B,
	0x4B4B,0x4B4B,0x4B4B,0x4B4B,0x4B4B,0x4B4B,0x4B4B,0x4B4B,
	0x4B4B,0x4B4B,0x4B4B,0x4B4B,0x4B4B,0x4B4B,0x4B4B,0x4B4B,
	0x4B4B,0x4B4B,0x4B4B,0x4B4B,0x4B4B,0x4B4B,0x4B4B,0x4B4B,

	0x4B4B,0x4B4B,0x9979,0x4B4B,0x4B4B,0x4B4B,0x4B79,0x4B4B,
	0x4B4B,0x4B4B,0x4B79,0x4B4B,0x904B,0x4B4B,0x9979,0x4B4B,
	0x5A5A,0x5A5A,0x9972,0x9999,0x5A5A,0x5A5A,0x9972,0x5A5A,
	0x5A5A,0x5A5A,0x5A72,0x5A5A,0x7272,0x7272,0x7272,0x7272,
	0x4B4B,0x4B4B,0x4B4B,0x4B4B,0x4B4B,0x4B4B,0x4B4B,0x4B4B,
	0x4B4B,0x4B4B,0x4B4B,0x4B4B,0x4B4B,0x4B4B,0x4B4B,0x9090,
	0x4B4B,0x5A5A,0x5A5A,0x5A5A,0x5A5A,0x5A5A,0x5A5A,0x5A5A,
	0x5A5A,0x5A5A,0x5A5A,0x5A5A,0x7272,0x7272,0x7272,0x7272,

	0x4B4B,0x4B4B,0x1A4B,0x1A1A,0x4B4B,0x4B4B,0x1A4B,0x1A1A,
	0x4B4B,0x4B4B,0x1A99,0x1A1A,0x9090,0x994B,0x1A99,0x1A1A,
	0x5A5A,0x9999,0x1A99,0x1A1A,0x5A5A,0x995A,0x1A99,0x1A1A,
	0x5A5A,0x995A,0x1A99,0x1A1A,0x7272,0x7272,0x1A81,0x1A1A,
	0x1A1A,0x1A1A,0x1A1A,0x1A1A,0x1A1A,0x1A1A,0x1A1A,0x1A1A,
	0x1A1A,0x1A1A,0x1A1A,0x1A1A,0x1A1A,0x1A1A,0x1A1A,0x1A1A,
	0x1A1A,0x1A1A,0x1A1A,0x1A1A,0x1A1A,0x1A1A,0x1A1A,0x1A1A,
	0x1A1A,0x1A1A,0x1A1A,0x1A1A,0x1A1A,0x1A1A,0x1A1A,0x1A1A,

	0x1A1A,0x1A1A,0x1A1A,0x1A1A,0x1A1A,0x1A1A,0x1A1A,0x1A1A,
	0x1A1A,0x1A1A,0x1A1A,0x1A1A,0x1A1A,0x1A1A,0x1A1A,0x0A0A,
	0x1A1A,0x0A1A,0x0A1A,0x0A0A,0x1A1A,0x0A1A,0x1A1A,0x0A0A,
	0x1A1A,0x1A1A,0x1A1A,0x1A0A,0x1A1A,0x1A1A,0x1A0A,0x0A0A,
	0x0A0A,0x0A0A,0x0A0A,0x0A0A,0x0A1A,0x0A0A,0x0A0A,0x0A0A,
	0x0A0A,0x0A0A,0x0A0A,0x0A0A,0x0A0A,0x0A0A,0x0A0A,0x0A0A,
	0x0A0A,0x0A0A,0x0A18,0x0A0A,0x1A1A,0x0A0A,0x0A18,0x0A0A,
	0x0A0A,0x0A18,0x1A1A,0x0A0A,0x0A0A,0x0A0A,0x0A0A,0x0A0A,

	0x180A,0x0A0A,0x5454,0x580A,0x180A,0x180A,0x0A1A,0x0A0A,
	0x1A1A,0x0A0A,0x0A0A,0x0A0A,0x0A0A,0x0A0A,0x0A0A,0x540A,
	0x0A0A,0x0A0A,0x0A0A,0x540A,0x0A0A,0x0A0A,0x0A0A,0x540A,
	0x0A0A,0x0A0A,0x0A0A,0x540A,0x0A0A,0x180A,0x0A0A,0x9F18,
	0x0A0A,0x0A0A,0x0A0A,0x0A0A,0x5454,0x5454,0x5454,0x5454,
	0x5454,0x5454,0x5454,0x5454,0x5454,0x5454,0x5454,0x5454,
	0x5454,0x5454,0x5454,0x5454,0x5454,0x5454,0x5454,0x5454,
	0x5454,0x5454,0x5454,0x5454,0x5454,0x5454,0x5454,0x5454,

	0x0A0A,0x0A0A,0x0A0A,0x0A0A,0x0A0A,0x0A0A,0x540A,0x5454,
	0x0A0A,0x0A0A,0x5454,0x5454,0x0A0A,0x0A54,0x5454,0x5454,
	0x0A54,0x5454,0x5454,0x5454,0x0A54,0x5454,0x5454,0x5454,
	0x5454,0x5454,0x5454,0x5454,0x5454,0x5454,0x5454,0x5454,
	0x0A58,0x5846,0x580A,0x5458,0x5454,0x0A0A,0x1A0A,0x5454,
	0x5454,0x0A0A,0x5454,0x5454,0x5454,0x540A,0x5454,0x5454,
	0x5454,0x5454,0x5454,0x5454,0x5454,0x5458,0x5454,0x5454,
	0x5454,0x5858,0x5454,0x5454,0x5454,0x0A1A,0x540A,0x5454,

	0x5454,0x1A1A,0x1A1A,0x4618,0x5454,0x5454,0x1A1A,0x0A0A,
	0x5454,0x5454,0x1A1A,0x0A1A,0x5454,0x5454,0x5454,0x0A0A,
	0x5454,0x5454,0x5454,0x0A0A,0x5454,0x5454,0x0A54,0x3B0A,
	0x5454,0x5454,0x3B0A,0x3B0A,0x5454,0x580A,0x1A0A,0x0A1A,
	0x0A1A,0x1A1A,0x1A1A,0x1A1A,0x1A1A,0x1A1A,0x1A1A,0x1A1A,
	0x1A1A,0x1A1A,0x1A1A,0x1A1A,0x1A1A,0x0A0A,0x0A1A,0x1A1A,
	0x0A0A,0x0A0A,0x1A0A,0x1A1A,0x0A3B,0x0A0A,0x690A,0x0A1A,
	0x0A0A,0x690A,0x1A0A,0x0A69,0x0A0A,0x1A0A,0x0A1A,0x1A0A,

	0x1A1A,0x1A1A,0x1A1A,0x1A1A,0x1A1A,0x1A1A,0x1A1A,0x1A1A,
	0x1A1A,0x1A1A,0x1A1A,0x1A1A,0x0A0A,0x1A1A,0x1A1A,0x1A1A,
	0x1A0A,0x1A1A,0x1A1A,0x1A1A,0x0A0A,0x1A1A,0x1A1A,0x1A1A,
	0x0A0A,0x1A1A,0x1A1A,0x1A1A,0x1A1A,0x1A1A,0x1A1A,0x1A1A,
	0x1A1A,0x1A1A,0x1A1A,0x1A1A,0x1A1A,0x1A1A,0x1A1A,0x1A1A,
	0x1A1A,0x1A1A,0x1A1A,0x1A1A,0x1A1A,0x1A1A,0x1A1A,0x1A1A,
	0x1A1A,0x1A1A,0x1A1A,0x1A1A,0x1A1A,0x1A1A,0x1A1A,0x1A1A,
	0x1A1A,0x1A1A,0x1A1A,0x1A1A,0x1A1A,0x1A1A,0x1A1A,0x1A1A,

	0x1A1A,0x1A1A,0x4B1A,0x4B4B,0x1A1A,0x1A1A,0x4B1A,0x4B4B,
	0x1A1A,0x1A1A,0x4B1A,0x4B4B,0x1A1A,0x1A1A,0x901A,0x4B4B,
	0x1A1A,0x1A1A,0x5A1A,0x5A5A,0x1A1A,0x1A1A,0x5A1A,0x5A5A,
	0x1A1A,0x1A1A,0x5A1A,0x5A5A,0x1A1A,0x1A1A,0x721A,0x7272,
	0x4B4B,0x4B4B,0x4B4B,0x4B4B,0x4B4B,0x4B4B,0x4B4B,0x4B4B,
	0x4B4B,0x4B4B,0x4B4B,0x4B4B,0x4B4B,0x904B,0x4B90,0x4B4B,
	0x5A5A,0x5A5A,0x5A5A,0x5A5A,0x5A5A,0x5A5A,0x5A5A,0x5A5A,
	0x5A5A,0x5A5A,0x5A5A,0x5A5A,0x7272,0x7272,0x7272,0x7272,

	0x4B4B,0x4B4B,0x4B79,0x4B4B,0x4B4B,0x4B4B,0x4B79,0x4B4B,
	0x4B4B,0x4B4B,0x4B79,0x4B4B,0x4B4B,0x4B4B,0x4B79,0x4B4B,
	0x5A5A,0x5A5A,0x5A72,0x5A5A,0x5A5A,0x5A5A,0x5A72,0x5A5A,
	0x5A5A,0x5A5A,0x5A72,0x5A5A,0x7272,0x7272,0x7272,0x7272,
	0x4B4B,0x4B4B,0x4B4B,0x4B4B,0x4B4B,0x4B4B,0x4B4B,0x4B4B,
	0x4B4B,0x4B4B,0x4B4B,0x4B4B,0x4B90,0x4B4B,0x4B4B,0x4B4B,
	0x5A5A,0x4B4B,0x4B4B,0x4B4B,0x5A5A,0x4B4B,0x4B4B,0x4B4B,
	0x5A5A,0x4B4B,0x4B4B,0x4B4B,0x7272,0x4B4B,0x4B4B,0x4B4B,

	0x4B4B,0x4B4B,0x0A0A,0x0A0A,0x4B4B,0x4B4B,0x0A0A,0x0A0A,
	0x4B4B,0x4B4B,0x0A0A,0x0A0A,0x4B4B,0x4B4B,0x3B0A,0x0A0A,
	0x4B4B,0x4B4B,0x3B3B,0x0A0A,0x4B4B,0x4B4B,0x0A0A,0x0A0A,
	0x4B4B,0x4B4B,0x0A0A,0x0A0A,0x4B4B,0x4B4B,0x0A32,0x320A,
	0x460A,0x0A0A,0x0A0A,0x0A0A,0x0A0A,0x0A0A,0x0A0A,0x0A0A,
	0x0A0A,0x0A0A,0x0A0A,0x0A0A,0x0A0A,0x0A0A,0x0A0A,0x0A0A,
	0x0A0A,0x0A0A,0x0A0A,0x0A0A,0x0A0A,0x0A0A,0x0A0A,0x0A0A,
	0x0A0A,0x0A0A,0x0A0A,0x180A,0x0A0A,0x0A0A,0x0A18,0x1A18,

	0x0A0A,0x0A0A,0x0A0A,0x0A0A,0x0A0A,0x0A0A,0x3232,0x0A32,
	0x0A0A,0x0A0A,0x320A,0x320A,0x0A0A,0x0A0A,0x0A0A,0x320A,
	0x0A0A,0x0A0A,0x0A0A,0x0A0A,0x0A0A,0x0A0A,0x0A0A,0x0A0A,
	0x0A0A,0x0A0A,0x0A0A,0x0A0A,0x0A0A,0x0A0A,0x0A0A,0x0A0A,
	0x320A,0x0A0A,0x0A0A,0x0A0A,0x3232,0x0A0A,0x0A0A,0x0A0A,
	0x0A32,0x0A0A,0x0A0A,0x0A0A,0x0A0A,0x0A0A,0x0A0A,0x0A0A,
	0x0A0A,0x0A0A,0x0A0A,0x0A0A,0x0A0A,0x0A0A,0x1818,0x0A0A,
	0x0A0A,0x0A18,0x1818,0x0A0A,0x0A0A,0x1818,0x0A0A,0x0A0A,

	0x0A0A,0x0A0A,0x0A0A,0x0A0A,0x0A0A,0x0A0A,0x0A0A,0x0A0A,
	0x0A0A,0x0A0A,0x0A0A,0x0A0A,0x0A0A,0x0A0A,0x0A0A,0x0A0A,
	0x0A0A,0x0A0A,0x0A0A,0x0A0A,0x0A0A,0x0A0A,0x0A0A,0x0A0A,
	0x0A0A,0x0A0A,0x0A0A,0x0A0A,0x0A0A,0x0A0A,0x0A0A,0x0A0A,
	0x0A0A,0x0A0A,0x0A0A,0x0A0A,0x0A0A,0x0A0A,0x0A0A,0x0A0A,
	0x180A,0x180A,0x0A0A,0x0A0A,0x1A1A,0x0A0A,0x0A0A,0x0A0A,
	0x0A0A,0x0A0A,0x0A0A,0x0A0A,0x0A0A,0x0A0A,0x0A0A,0x0A0A,
	0x0A0A,0x0A0A,0x0A0A,0x0A0A,0x0A0A,0x0A0A,0x0A0A,0x0A0A,

	0x0A0A,0x0A0A,0x0A0A,0x0A18,0x0A0A,0x0A0A,0x0A0A,0x1818,
	0x0A0A,0x0A0A,0x0A0A,0x181A,0x0A0A,0x0A0A,0x0A0A,0x0A0A,
	0x0A0A,0x0A0A,0x0A0A,0x0A0A,0x0A0A,0x0A0A,0x0A0A,0x0A0A,
	0x0A0A,0x0A0A,0x0A0A,0x0A0A,0x0A0A,0x0A0A,0x0A0A,0x0A0A,
	0x180A,0x0A0A,0x0A0A,0x0A0A,0x1A18,0x0A0A,0x0A0A,0x0A0A,
	0x0A0A,0x0A0A,0x0A0A,0x0A0A,0x0A0A,0x0A0A,0x0A0A,0x0A0A,
	0x0A0A,0x0A0A,0x0A0A,0x0A0A,0x0A0A,0x0A0A,0x0A0A,0x0A0A,
	0x0A0A,0x0A0A,0x0A0A,0x0A0A,0x1818,0x3B0A,0x0A0A,0x0A0A,

	0x0A0A,0x0A0A,0x0A0A,0x0A0A,0x0A0A,0x0A0A,0x0A0A,0x0A0A,
	0x0A0A,0x0A0A,0x0A0A,0x0A0A,0x0A0A,0x0A0A,0x0A0A,0x0A0A,
	0x0A0A,0x0A0A,0x0A0A,0x0A0A,0x0A0A,0x0A0A,0x0A0A,0x0A0A,
	0x0A0A,0x0A0A,0x0A0A,0x0A0A,0x0A0A,0x0A0A,0x0A0A,0x0A0A,
	0x0A0A,0x0A0A,0x0A0A,0x0A32,0x0A0A,0x0A0A,0x3232,0x0A0A,
	0x0A0A,0x0A0A,0x320A,0x0A0A,0x0A0A,0x0A0A,0x0A0A,0x0A0A,
	0x0A0A,0x0A0A,0x0A0A,0x0A0A,0x0A0A,0x0A0A,0x0A0A,0x0A0A,
	0x0A0A,0x0A0A,0x0A0A,0x0A0A,0x0A0A,0x0A0A,0x0A0A,0x0A0A,

	0x0A32,0x0A0A,0x0A0A,0x0A0A,0x0A0A,0x0A0A,0x0A0A,0x0A0A,
	0x0A0A,0x0A0A,0x0A0A,0x0A0A,0x0A0A,0x0A0A,0x0A0A,0x0A0A,
	0x0A0A,0x0A0A,0x0A0A,0x0A0A,0x0A0A,0x0A0A,0x0A0A,0x0A0A,
	0x0A0A,0x0A0A,0x0A0A,0x1818,0x0A0A,0x0A0A,0x0A0A,0x1A1A,
	0x0A0A,0x0A0A,0x0A0A,0x0A0A,0x0A0A,0x0A32,0x0A32,0x0A32,
	0x0A0A,0x0A0A,0x0A0A,0x0A0A,0x0A0A,0x0A0A,0x320A,0x0A0A,
	0x0A0A,0x0A0A,0x0A0A,0x0A0A,0x0A0A,0x1818,0x0A0A,0x0A0A,
	0x0A0A,0x0A18,0x0A0A,0x0A0A,0x0A0A,0x0A0A,0x0A0A,0x0A0A,

	0x0A0A,0x0A0A,0x0A1A,0x1A1A,0x0A0A,0x0A0A,0x0A0A,0x0A1A,
	0x0A0A,0x0A0A,0x0A0A,0x0A0A,0x0A0A,0x0A0A,0x0A0A,0x0A0A,
	0x0A0A,0x0A0A,0x1A0A,0x0A0A,0x0A32,0x0A0A,0x0A0A,0x0A0A,
	0x0A0A,0x0A0A,0x0A0A,0x0A0A,0x0A0A,0x0A0A,0x3232,0x3232,
	0x1A1A,0x461A,0x1A1A,0x4618,0x1A0A,0x0A1A,0x1818,0x4618,
	0x0A0A,0x0A1A,0x4646,0x180A,0x0A0A,0x0A0A,0x4646,0x0A0A,
	0x0A0A,0x1A0A,0x461A,0x0A0A,0x0A0A,0x0A0A,0x0A0A,0x3232,
	0x0A0A,0x0A0A,0x320A,0x320A,0x0A0A,0x0A0A,0x0A0A,0x0A32,

	0x4618,0x0A46,0x0A0A,0x0A0A,0x4646,0x0A0A,0x0A0A,0x690A,
	0x4646,0x1A1A,0x0A0A,0x1A0A,0x0A0A,0x0A0A,0x690A,0x0A69,
	0x0A0A,0x0A0A,0x1A0A,0x0A69,0x3232,0x0A0A,0x0A0A,0x0A0A,
	0x320A,0x0A0A,0x0A0A,0x0A0A,0x0A0A,0x3232,0x0A32,0x3B3B,
	0x0A0A,0x0A0A,0x0A0A,0x0A0A,0x0A0A,0x0A0A,0x1A0A,0x0A1A,
	0x0A0A,0x0A0A,0x1A1A,0x0A1A,0x0A0A,0x0A0A,0x0A0A,0x1A0A,
	0x0A0A,0x0A0A,0x0A0A,0x0A0A,0x0A0A,0x0A0A,0x0A0A,0x0A0A,
	0x0A0A,0x0A18,0x0A0A,0x0A0A,0x180A,0x0A1A,0x0A0A,0x0A0A,

	0x0A0A,0x1A1A,0x1A1A,0x0A0A,0x0A0A,0x1A1A,0x1A1A,0x0A0A,
	0x0A0A,0x1A1A,0x1A1A,0x0A1A,0x0A0A,0x0A0A,0x0A1A,0x0A0A,
	0x0A0A,0x0A0A,0x0A0A,0x0A0A,0x1A0A,0x0A0A,0x0A0A,0x3B0A,
	0x1A0A,0x0A0A,0x3B0A,0x3B0A,0x0A0A,0x0A0A,0x1A0A,0x0A1A,
	0x0A0A,0x1A1A,0x0A1A,0x0A0A,0x1A1A,0x1A1A,0x0A1A,0x1A0A,
	0x1A1A,0x1A0A,0x0A0A,0x1A0A,0x1A1A,0x0A0A,0x3B3B,0x1A0A,
	0x0A0A,0x0A0A,0x1A1A,0x3B0A,0x0A3B,0x0A0A,0x0A0A,0x3B1A,
	0x0A0A,0x0A0A,0x0A0A,0x1A0A,0x0A0A,0x0A0A,0x0A0A,0x0A0A,

	0x1A0A,0x0A0A,0x1A1A,0x1A1A,0x3B1A,0x0A0A,0x0A0A,0x0A0A,
	0x3B1A,0x0A0A,0x0A0A,0x0A0A,0x0A0A,0x0A0A,0x0A0A,0x0A0A,
	0x0A0A,0x0A0A,0x0A0A,0x0A0A,0x0A0A,0x0A0A,0x0A1A,0x0A0A,
	0x0A0A,0x0A0A,0x0A0A,0x1A0A,0x0A0A,0x0A0A,0x0A0A,0x0A0A,
	0x1A1A,0x1A0A,0x0A0A,0x1A1A,0x0A1A,0x1A0A,0x1A1A,0x1A1A,
	0x0A0A,0x1A0A,0x1A1A,0x1A1A,0x0A0A,0x0A18,0x0A0A,0x0A1A,
	0x0A0A,0x0A18,0x0A0A,0x0A0A,0x0A3B,0x1A0A,0x0A0A,0x0A0A,
	0x0A3B,0x3B3B,0x0A0A,0x0A0A,0x0A0A,0x1A0A,0x0A0A,0x0A0A,

	0x1A1A,0x1A1A,0x1A1A,0x1A1A,0x1A1A,0x1A1A,0x1A1A,0x1A1A,
	0x1A1A,0x1A1A,0x1A1A,0x1A1A,0x1A0A,0x1A0A,0x0A1A,0x1A0A,
	0x0A0A,0x1A1A,0x0A1A,0x1A1A,0x0A0A,0x1A0A,0x0A0A,0x0A0A,
	0x0A0A,0x0A0A,0x0A0A,0x1A0A,0x1A1A,0x0A0A,0x1A1A,0x1A1A,
	0x1A1A,0x1A1A,0x1A1A,0x1A1A,0x1A1A,0x1A1A,0x1A1A,0x1A1A,
	0x1A1A,0x1A1A,0x1A1A,0x1A1A,0x1A1A,0x1A1A,0x1A1A,0x1A1A,
	0x1A1A,0x1A1A,0x1A1A,0x1A1A,0x1A1A,0x1A1A,0x1A1A,0x1A1A,
	0x1A1A,0x1A1A,0x1A1A,0x1A1A,0x1A1A,0x1A1A,0x1A1A,0x1A1A,

	0x1A1A,0x1A1A,0x1A1A,0x1A1A,0x1A1A,0x1A1A,0x1A1A,0x1A1A,
	0x1A1A,0x1A1A,0x1A1A,0x1A1A,0x1A1A,0x1A1A,0x1A1A,0x1A1A,
	0x1A1A,0x1A1A,0x1A1A,0x1A1A,0x1A1A,0x1A1A,0x1A1A,0x1A1A,
	0x1A1A,0x1A1A,0x1A1A,0x1A1A,0x1A1A,0x1A1A,0x1A1A,0x1A1A,
	0x1A1A,0x1A1A,0x1A1A,0x1A1A,0x1A1A,0x1A1A,0x1A1A,0x1A1A,
	0x1A1A,0x1A1A,0x1A1A,0x1A1A,0x1A1A,0x1A1A,0x1A1A,0x1A1A,
	0x1A1A,0x1A1A,0x1A1A,0x1A1A,0x1A1A,0x1A1A,0x1A1A,0x1A1A,
	0x1A1A,0x1A1A,0x1A1A,0x1A1A,0x1A1A,0x1A1A,0x1A1A,0x1A1A,

	0x1A1A,0x1A1A,0x1A1A,0x1A1A,0x1A1A,0x1A1A,0x1A1A,0x1A1A,
	0x1A1A,0x1A1A,0x1A1A,0x1A1A,0x1A1A,0x1A1A,0x1A1A,0x1A1A,
	0x1A1A,0x1A1A,0x1A1A,0x1A1A,0x1A1A,0x1A1A,0x1A1A,0x1A1A,
	0x1A1A,0x1A1A,0x1A1A,0x1A1A,0x1A1A,0x1A1A,0x1A1A,0x1A1A,
	0x1A1A,0x1A1A,0x1A1A,0x1A1A,0x1A1A,0x1A1A,0x1A1A,0x1A1A,
	0x1A1A,0x1A1A,0x1A1A,0xBD1A,0x1A1A,0x1A1A,0x1A1A,0x620A,
	0x1A1A,0x1A1A,0x1A1A,0x0A0A,0x1A1A,0x1A1A,0x1A1A,0x1A1A,
	0x1A1A,0x1A1A,0x1A1A,0x1A1A,0x1A1A,0x1A1A,0x1A1A,0x9B9B,

	0x2727,0x2727,0x2727,0x2727,0xBD27,0xBD27,0x2727,0xBD27,
	0xBDBD,0xBDBD,0x2727,0xBD27,0xBDBD,0x27BD,0xBDBD,0xBDBD,
	0xBD62,0xBDBD,0xBDBD,0xBDBD,0x6262,0xBDBD,0xBDBD,0xBDBD,
	0x629B,0x6262,0x6262,0xBDBD,0x9B9B,0x6262,0x6262,0x6262,
	0xBDBD,0xBDBD,0xBD62,0xBD62,0xBD27,0xBDBD,0x62BD,0x6262,
	0xBD27,0xBDBD,0x62BD,0x6262,0xBDBD,0x62BD,0x6262,0x6262,
	0xBDBD,0xBDBD,0x6262,0xBD62,0xBDBD,0x6262,0x6262,0xBDBD,
	0xBD62,0x6262,0x62BD,0xBDBD,0x62BD,0xBDBD,0x6262,0x6262,

	0x6262,0x6262,0xBDBD,0x2727,0xBDBD,0xBD62,0xBD62,0xBDBD,
	0xBDBD,0x6262,0xBDBD,0xBDBD,0x6262,0xBDBD,0xBDBD,0xBDBD,
	0x6262,0xBD62,0xBDBD,0xBDBD,0x2E62,0xBDBD,0x2727,0xBD62,
	0x2E2E,0x62BD,0x2762,0xBD62,0x0F0F,0x0F0F,0x6262,0x62BD,
	0x27BD,0x2727,0x2727,0x2727,0x27BD,0x2727,0x2727,0x2727,
	0xBD27,0x2727,0x2727,0x2727,0x2727,0x2727,0x2727,0x2727,
	0x2727,0x2727,0x2727,0x2727,0x2727,0x2727,0x2727,0x2727,
	0x2727,0x2727,0x2727,0x2727,0xBDBD,0x27BD,0x2727,0x2727,

	0x2727,0xBDBD,0xBDBD,0xBD27,0xBDBD,0xBD27,0xBD27,0xBDBD,
	0xBDBD,0xBD27,0xBD27,0x62BD,0x2727,0xBDBD,0xBD27,0x62BD,
	0x2727,0x2727,0xBD27,0xBDBD,0xBD27,0x2727,0xBDBD,0x6262,
	0xBD27,0xBD27,0x6227,0x6262,0x27BD,0xBDBD,0xBDBD,0x6262,
	0xBDBD,0xBDBD,0x2727,0x27BD,0x27BD,0x2727,0x27BD,0x2727,
	0xBDBD,0x2727,0xBDBD,0x2727,0xBDBD,0x2727,0x27BD,0xBDBD,
	0xBDBD,0x27BD,0x2727,0x27BD,0xBDBD,0xBD27,0x2727,0x2727,
	0xBDBD,0xBD27,0x2727,0x2727,0xBD62,0x27BD,0x2727,0x2727,

	0x27BD,0x2727,0x2727,0x2727,0x2727,0x2727,0x2727,0x2727,
	0x2727,0x2727,0x2727,0x2727,0x2727,0x2727,0x2727,0x2727,
	0x2727,0x2727,0x2727,0x2727,0x2727,0x2727,0x2727,0x2727,
	0x2727,0x2727,0x2727,0x2727,0x2727,0x2727,0x27BD,0x2727,
	0xBDBD,0x6262,0x2E2E,0x2727,0xBD27,0x2E62,0x2E2E,0xBD2E,
	0xBD27,0x2E62,0x2E2E,0x2727,0x2727,0x6262,0x9B2E,0x279B,
	0x6227,0x2E62,0x9B2E,0x2E2E,0x2727,0x2E2E,0x2E2E,0x9B9B,
	0x2E27,0x2E2E,0x9B9B,0xBD9B,0x2E2E,0x9B2E,0x9B2E,0x9B9B,

	0x2727,0x2727,0xBDBD,0x6262,0xBDBD,0x2727,0xBDBD,0x62BD,
	0x2727,0xBDBD,0xBDBD,0x6262,0x2727,0x6262,0x6262,0x6262,
	0x2727,0x6262,0xBDBD,0x6262,0x6262,0x2E62,0x622E,0x6262,
	0x6262,0x6262,0x2E2E,0x6262,0xBDBD,0x6262,0xBDBD,0x6262,
	0xBDBD,0x2727,0x27BD,0x2727,0xBDBD,0x27BD,0x2727,0x2727,
	0xBDBD,0xBDBD,0x2727,0x2727,0x6262,0x27BD,0x2727,0xBDBD,
	0xBD62,0x2727,0x2727,0xBDBD,0xBDBD,0xBDBD,0xBDBD,0x27BD,
	0x6262,0xBDBD,0xBDBD,0xBDBD,0x62BD,0xBDBD,0xBDBD,0xBDBD,

	0x2727,0x2727,0x2727,0x2727,0x2727,0x2727,0x2727,0x2727,
	0x2727,0x2727,0x2727,0x2727,0x2727,0x27BD,0x2727,0x2727,
	0xBD27,0x2727,0x2727,0x2727,0x27BD,0x2727,0x2727,0x2727,
	0x2727,0x2727,0x2727,0x2727,0xBDBD,0xBD27,0x2727,0x2727,
	0x2727,0x2727,0x2727,0x2727,0x2727,0x2727,0xBDBD,0x27BD,
	0x2727,0x2727,0xBDBD,0x2727,0x2727,0xBD27,0x2727,0xBDBD,
	0x2727,0xBD27,0x2727,0xBD27,0x2727,0x2727,0x2727,0xBDBD,
	0x2727,0x2727,0xBDBD,0xBD27,0x2727,0x2727,0xBD27,0xBDBD,

	0x2727,0x2E62,0x622E,0xBD62,0x62BD,0x2E2E,0x6262,0xBDBD,
	0x62BD,0x2E62,0x6262,0xBDBD,0xBDBD,0x2E62,0x622E,0xBDBD,
	0xBD62,0x2E62,0x6262,0xBDBD,0x62BD,0x2E2E,0xBD62,0xBDBD,
	0x62BD,0x2E2E,0x622E,0x27BD,0x6262,0x2E62,0x6262,0xBD62,
	0xBD62,0x62BD,0xBDBD,0x27BD,0xBDBD,0xBD62,0x6262,0x27BD,
	0xBDBD,0x2762,0x27BD,0xBDBD,0xBDBD,0x2727,0x2727,0x2727,
	0x27BD,0x2762,0x2727,0x2727,0x2727,0x2727,0x2727,0x2727,
	0x2727,0x2727,0x2727,0x2727,0x2727,0x2727,0x2727,0x2727,

	0xBDBD,0x2727,0x2727,0x2727,0x2727,0x2727,0xBD27,0x2727,
	0x2727,0xBD27,0xBDBD,0x2727,0x2727,0xBD27,0x2727,0xBDBD,
	0x2727,0xBD27,0x2727,0xBDBD,0x2727,0xBDBD,0x2727,0xBDBD,
	0xBD27,0x2727,0x2727,0xBDBD,0x2727,0x2727,0x2727,0x2727,
	0x2727,0x2727,0x2727,0x27BD,0x27BD,0x2727,0x2727,0xBD27,
	0x27BD,0x2727,0x2727,0x2727,0x27BD,0x27BD,0x2727,0x2727,
	0xBDBD,0xBDBD,0x2727,0xBD27,0x2727,0x2727,0x2727,0x2727,
	0x27BD,0x2727,0x2727,0x2727,0x27BD,0x2727,0x2727,0x2727,

	0x2727,0x27BD,0x27BD,0x46BD,0xBD27,0xBD27,0xBD27,0x0A62,
	0xBD27,0xBDBD,0x62BD,0x0A62,0xBD27,0xBD27,0x6262,0x0A62,
	0xBD27,0x622E,0x62BD,0x0A2E,0xBDBD,0xBDBD,0x2E2E,0x4D0A,
	0xBD27,0xBDBD,0xBDBD,0x4D4D,0x2727,0xBDBD,0x2727,0x4D27,
	0x0A0A,0x0A0A,0x0A4D,0x4D0A,0x0A0A,0x0A0A,0x4D4D,0x4D0A,
	0x4D0A,0x0A0A,0x4D0A,0x0A0A,0x0A4D,0x684D,0x4D4D,0x4D4D,
	0x0A4D,0x684D,0x4D4D,0x684D,0x684D,0x4D4D,0x0A68,0x6868,
	0x4D4D,0x4D68,0x6868,0x689E,0x4D4D,0x6868,0x6868,0x6868,

	0x1A1A,0x0A0A,0x1A1A,0x4B4B,0x0A0A,0x0A0A,0x1A1A,0x4B4B,
	0x0A0A,0x0A0A,0x1A1A,0x4B4B,0x0A0A,0x0A0A,0x0A0A,0x9999,
	0x0A0A,0x0A0A,0x0A1A,0x4B99,0x0A0A,0x0A0A,0x0A0A,0x4B4B,
	0x0A0A,0x0A0A,0x0A0A,0x4B4B,0x0A0A,0x0A0A,0x1A0A,0x4B4B,
	0x4B4B,0x4B4B,0x4B4B,0x4B4B,0x4B4B,0x4B4B,0x4B4B,0x4B4B,
	0x4B4B,0x4B4B,0x4B4B,0x4B4B,0x4B4B,0x4B4B,0x4B4B,0x7999,
	0x4B4B,0x4B4B,0x4B4B,0x9999,0x4B4B,0x4B4B,0x4B4B,0x4B4B,
	0x4B4B,0x4B4B,0x4B4B,0x4B4B,0x4B4B,0x4B4B,0x4B4B,0x4B4B,

	0x2323,0xA8A8,0xA8A8,0xA8A8,0x2323,0x2323,0x2323,0x2323,
	0xA0A0,0xA0A0,0xA0A0,0xA0A0,0x7979,0x2323,0x2323,0x2323,
	0x7979,0x2323,0x2323,0x2323,0x7979,0x2323,0x2323,0x2323,
	0x7979,0x2323,0x2323,0x2323,0x7979,0x2323,0x2323,0x2323,
	0xA8A8,0xA8A8,0xA8A8,0xA8A8,0x2323,0x2323,0x2323,0x2323,
	0xA0A0,0xA0A0,0xA0A0,0xA0A0,0x2323,0x2323,0x2323,0x2323,
	0x2323,0x2323,0x2323,0x2323,0x2323,0x2323,0x2323,0x2323,
	0x2323,0x2323,0x2323,0x2323,0x2323,0x2323,0x2323,0x2323,

	0xA8A8,0xA8A8,0x1A79,0x1A1A,0x2323,0x2323,0x1A79,0x1A1A,
	0xA0A0,0xA0A0,0x1A79,0x1A1A,0x2323,0x81A0,0x1A79,0x1A1A,
	0x2323,0x81A0,0x1A79,0x1A1A,0x2323,0x8181,0x1A81,0x1A1A,
	0x2323,0x8181,0x1A91,0x1A1A,0x2323,0x8181,0x1A91,0x1A1A,
	0x1A1A,0x1A1A,0x1A1A,0x1A1A,0x1A1A,0x1A1A,0x1A1A,0x1A1A,
	0x1A1A,0x1A1A,0x1A1A,0x1A1A,0x1A1A,0x1A1A,0x1A1A,0x1A1A,
	0x1A1A,0x1A1A,0x1A1A,0x1A1A,0x1A1A,0x1A1A,0x1A1A,0x1A1A,
	0x1A1A,0x1A1A,0x1A1A,0x1A1A,0x1A1A,0x1A1A,0x1A1A,0x1A1A,

	0x1A1A,0x1A1A,0x1A0A,0x0A0A,0x1A1A,0x1A1A,0x1A1A,0x1A1A,
	0x1A1A,0x1A1A,0x1A1A,0x1A1A,0x1A1A,0x1A1A,0x1A1A,0x0A1A,
	0x1A1A,0x1A1A,0x0A1A,0x0A0A,0x1A1A,0x1A1A,0x1A1A,0x0A1A,
	0x1A0A,0x0A1A,0x1A1A,0x0A1A,0x1A0A,0x0A0A,0x1A0A,0x0A0A,
	0x0A1A,0x0A0A,0x0A0A,0x0A0A,0x0A0A,0x0A1A,0x0A0A,0x0A0A,
	0x0A0A,0x0A0A,0x0A0A,0x0A0A,0x0A0A,0x0A0A,0x0A0A,0x0A0A,
	0x0A0A,0x0A0A,0x0A0A,0x0A0A,0x0A0A,0x0A0A,0x0A0A,0x0A0A,
	0x0A0A,0x0A0A,0x0A0A,0x0A0A,0x0A0A,0x0A0A,0x0A0A,0x0A0A,

	0x0A0A,0x1A1A,0x180A,0x9F0A,0x0A0A,0x0A0A,0x0A0A,0x0A0A,
	0x0A0A,0x0A0A,0x0A0A,0x0A0A,0x0A0A,0x0A0A,0x540A,0x5454,
	0x540A,0x5454,0x5454,0x5454,0x540A,0x5454,0x5454,0x5454,
	0x540A,0x5454,0x5454,0x5454,0x5454,0x5454,0x5454,0x5454,
	0x540A,0x5454,0x5454,0x5454,0x580A,0x580A,0x0A58,0x580A,
	0x0A0A,0x0A0A,0x0A0A,0x0A0A,0x5454,0x5454,0x0A54,0x5454,
	0x5454,0x5454,0x0A54,0x5454,0x5454,0x5454,0x0A54,0x5454,
	0x5454,0x5454,0x0A54,0x5454,0x5454,0x5454,0x0A54,0x5454,

	0x5454,0x549F,0x5454,0x0A0A,0x5858,0x0A9F,0x540A,0x0A54,
	0x0A0A,0x0A9F,0x9F0A,0x0A0A,0x5454,0x5454,0x9F54,0x5454,
	0x5454,0x5454,0x9F54,0x5454,0x5454,0x5454,0x9F54,0x5454,
	0x5454,0x5454,0x9F54,0x5454,0x5454,0x5454,0x9F54,0x5454,
	0x0A54,0x0A0A,0x540A,0x5454,0x0A0A,0x0A0A,0x580A,0x5858,
	0x0A0A,0x0A0A,0x0A0A,0x5858,0x5454,0x5454,0x5454,0x5454,
	0x5454,0x5454,0x5454,0x5454,0x5454,0x5454,0x5454,0x5454,
	0x5454,0x5454,0x5454,0x5454,0x5454,0x5454,0x5454,0x5454,

	0x5454,0x580A,0x1A1A,0x0A1A,0x580A,0x0A0A,0x0A0A,0x0A0A,
	0x0A0A,0x0A0A,0x0A0A,0x0A0A,0x0A0A,0x0A0A,0x0A0A,0x320A,
	0x0A0A,0x0A32,0x0A32,0x320A,0x0A0A,0x320A,0x320A,0x0A32,
	0x0A0A,0x320A,0x320A,0x0A32,0x0A0A,0x0A0A,0x0A0A,0x180A,
	0x0A0A,0x1A0A,0x0A0A,0x1A0A,0x0A0A,0x0A0A,0x0A0A,0x1A1A,
	0x0A0A,0x0A0A,0x0A0A,0x1A1A,0x0A0A,0x0A0A,0x0A0A,0x0A0A,
	0x0A0A,0x0A0A,0x0A0A,0x0A0A,0x0A0A,0x0A0A,0x0A0A,0x0A0A,
	0x0A0A,0x0A0A,0x0A0A,0x1A0A,0x0A0A,0x0A0A,0x0A0A,0x0A0A,

	0x1A1A,0x1A1A,0x1A1A,0x1A1A,0x1A1A,0x1A1A,0x1A1A,0x1A1A,
	0x1A1A,0x1A1A,0x1A1A,0x1A1A,0x0A0A,0x1A1A,0x1A1A,0x1A1A,
	0x0A0A,0x1A1A,0x1A1A,0x1A1A,0x1A1A,0x1A1A,0x1A1A,0x1A1A,
	0x0A1A,0x1A0A,0x0A1A,0x1A1A,0x0A0A,0x0A0A,0x0A0A,0x1A1A,
	0x1A1A,0x1A1A,0x1A1A,0x1A1A,0x1A1A,0x1A1A,0x1A1A,0x1A1A,
	0x1A1A,0x1A1A,0x1A1A,0x1A1A,0x1A1A,0x1A1A,0x1A1A,0x1A1A,
	0x1A1A,0x1A1A,0x1A1A,0x1A1A,0x1A1A,0x1A1A,0x1A1A,0x1A1A,
	0x1A1A,0x1A1A,0x1A1A,0x1A1A,0x1A1A,0x1A1A,0x1A1A,0x1A1A,

	0x1A1A,0x1A1A,0x791A,0xA8A8,0x1A1A,0x1A1A,0x791A,0x2323,
	0x1A1A,0x1A1A,0x791A,0xA0A0,0x1A1A,0x1A1A,0x911A,0x9179,
	0x1A1A,0x1A1A,0x911A,0x9179,0x1A1A,0x1A1A,0x791A,0x9179,
	0x1A1A,0x1A1A,0x911A,0x9179,0x1A1A,0x1A1A,0xA81A,0x9179,
	0xA8A8,0xA8A8,0xA8A8,0xA8A8,0x2323,0x2323,0x2323,0x2323,
	0xA0A0,0xA0A0,0xA0A0,0xA0A0,0x2379,0x2323,0x2323,0x2323,
	0x2379,0x2323,0x2323,0x2323,0x2379,0x2323,0x2323,0x2323,
	0x2379,0x2323,0x2323,0x2323,0x2379,0x2323,0x2323,0x2323,

	0xA8A8,0xA8A8,0xA8A8,0xA8A8,0x2323,0x2323,0x2323,0x2323,
	0xA0A0,0xA0A0,0xA0A0,0xA0A0,0x2323,0x2323,0x2379,0x2323,
	0x2323,0x2323,0x2379,0x2323,0x2323,0x2323,0x2379,0x2323,
	0x2323,0x2323,0x2379,0x2323,0x2323,0x2323,0x2379,0x2323,
	0x2323,0x4B4B,0x4B4B,0x4B4B,0x2323,0x4B4B,0x4B4B,0x4B4B,
	0xA0A0,0x4B4B,0x4B4B,0x4B4B,0x7979,0x4B4B,0x4B4B,0x4B4B,
	0x7979,0x4B4B,0x4B4B,0x4B4B,0x7979,0x4B4B,0x4B4B,0x4B4B,
	0x7979,0x4B4B,0x4B4B,0x4B4B,0x7979,0x4B4B,0x4B4B,0x4B4B,

	0x4B4B,0x4B4B,0x0A32,0x3232,0x4B4B,0x4B4B,0x1A1A,0x0A32,
	0x4B4B,0x4B4B,0x320A,0x0A0A,0x4B4B,0x4B4B,0x0A1A,0x0A0A,
	0x4B4B,0x4B4B,0x0A1A,0x0A0A,0x4B4B,0x4B4B,0x0A0A,0x0A0A,
	0x4B4B,0x4B4B,0x0A1A,0x0A0A,0x4B4B,0x4B4B,0x0A0A,0x0A0A,
	0x0A0A,0x0A0A,0x1818,0x0A0A,0x0A0A,0x0A0A,0x0A0A,0x0A0A,
	0x0A0A,0x0A0A,0x0A0A,0x0A0A,0x0A0A,0x0A0A,0x0A0A,0x0A0A,
	0x0A0A,0x0A0A,0x0A0A,0x0A0A,0x0A0A,0x0A0A,0x0A0A,0x0A0A,
	0x0A0A,0x0A0A,0x0A0A,0x0A0A,0x0A0A,0x0A0A,0x0A0A,0x0A0A,

	0x0A0A,0x0A0A,0x0A0A,0x0A0A,0x0A0A,0x0A0A,0x0A0A,0x0A0A,
	0x0A0A,0x0A0A,0x0A0A,0x0A0A,0x0A0A,0x0A0A,0x0A0A,0x0A0A,
	0x0A0A,0x0A0A,0x0A0A,0x0A0A,0x0A0A,0x0A0A,0x0A0A,0x0A0A,
	0x0A0A,0x0A0A,0x0A0A,0x0A0A,0x0A0A,0x0A0A,0x0A0A,0x0A0A,
	0x0A0A,0x181A,0x0A0A,0x0A0A,0x0A0A,0x0A0A,0x0A0A,0x0A0A,
	0x0A0A,0x0A0A,0x0A0A,0x0A0A,0x0A0A,0x0A0A,0x0A0A,0x0A0A,
	0x0A0A,0x0A0A,0x0A0A,0x0A0A,0x6969,0x0A0A,0x0A0A,0x0A0A,
	0x1A1A,0x0A0A,0x0A0A,0x0A0A,0x0A0A,0x0A0A,0x690A,0x0A0A,

	0x0A0A,0x0A0A,0x0A0A,0x0A0A,0x0A0A,0x0A0A,0x0A0A,0x0A0A,
	0x0A0A,0x0A0A,0x0A0A,0x0A0A,0x0A0A,0x0A0A,0x0A0A,0x0A0A,
	0x0A0A,0x0A0A,0x0A0A,0x0A0A,0x0A0A,0x0A0A,0x0A0A,0x0A0A,
	0x0A0A,0x0A0A,0x0A0A,0x0A0A,0x0A0A,0x0A0A,0x0A0A,0x0A0A,
	0x0A0A,0x0A0A,0x0A0A,0x0A0A,0x0A0A,0x0A0A,0x0A0A,0x0A0A,
	0x0A0A,0x0A0A,0x0A0A,0x0A0A,0x0A0A,0x0A0A,0x0A0A,0x0A0A,
	0x0A0A,0x0A0A,0x0A0A,0x0A0A,0x0A0A,0x0A0A,0x0A0A,0x0A0A,
	0x0A0A,0x0A0A,0x0A0A,0x0A0A,0x0A0A,0x0A0A,0x0A0A,0x0A0A,

	0x0A0A,0x0A0A,0x0A0A,0x0A0A,0x0A0A,0x0A0A,0x0A0A,0x0A0A,
	0x0A0A,0x0A0A,0x0A0A,0x0A0A,0x0A0A,0x0A0A,0x0A0A,0x0A0A,
	0x0A0A,0x0A0A,0x0A0A,0x0A0A,0x0A0A,0x0A0A,0x0A0A,0x0A0A,
	0x0A0A,0x0A0A,0x0A0A,0x0A0A,0x0A0A,0x0A0A,0x0A0A,0x0A0A,
	0x181A,0x3B3B,0x0A0A,0x0A0A,0x0A0A,0x0A0A,0x0A0A,0x0A0A,
	0x0A0A,0x0A0A,0x0A0A,0x0A0A,0x0A0A,0x0A0A,0x0A0A,0x0A0A,
	0x0A0A,0x0A0A,0x0A0A,0x0A0A,0x0A0A,0x0A0A,0x0A0A,0x0A0A,
	0x0A0A,0x0A0A,0x0A0A,0x0A0A,0x0A0A,0x0A0A,0x0A0A,0x0A0A,

	0x0A0A,0x0A0A,0x0A0A,0x0A0A,0x0A0A,0x0A0A,0x0A0A,0x0A0A,
	0x0A0A,0x0A0A,0x0A0A,0x0A0A,0x0A0A,0x0A0A,0x0A0A,0x0A0A,
	0x0A0A,0x0A0A,0x0A0A,0x0A0A,0x0A0A,0x0A0A,0x0A0A,0x0A0A,
	0x0A0A,0x0A0A,0x0A0A,0x0A0A,0x0A0A,0x0A0A,0x0A0A,0x320A,
	0x0A0A,0x0A0A,0x0A0A,0x0A0A,0x0A0A,0x0A0A,0x0A0A,0x0A0A,
	0x0A0A,0x0A0A,0x0A0A,0x0A0A,0x0A0A,0x0A0A,0x0A0A,0x0A0A,
	0x0A0A,0x0A0A,0x0A0A,0x0A0A,0x0A0A,0x0A0A,0x0A0A,0x0A0A,
	0x0A0A,0x0A0A,0x0A0A,0x0A0A,0x0A0A,0x0A0A,0x0A0A,0x0A0A,

	0x0A0A,0x0A0A,0x0A0A,0x0A0A,0x0A0A,0x0A0A,0x0A0A,0x0A0A,
	0x0A0A,0x0A0A,0x0A0A,0x0A0A,0x0A0A,0x0A0A,0x0A0A,0x0A0A,
	0x0A0A,0x0A0A,0x0A0A,0x0A0A,0x0A0A,0x0A0A,0x0A0A,0x0A0A,
	0x0A0A,0x0A0A,0x0A0A,0x0A0A,0x0A18,0x0A18,0x0A0A,0x0A0A,
	0x0A0A,0x0A0A,0x0A0A,0x0A0A,0x0A0A,0x0A0A,0x0A0A,0x0A0A,
	0x0A0A,0x0A0A,0x0A0A,0x0A0A,0x0A0A,0x0A0A,0x0A0A,0x0A0A,
	0x0A0A,0x0A0A,0x0A0A,0x0A0A,0x0A0A,0x0A0A,0x0A0A,0x0A0A,
	0x0A0A,0x0A0A,0x0A0A,0x0A0A,0x0A0A,0x0A0A,0x0A0A,0x0A0A,

	0x0A0A,0x320A,0x320A,0x320A,0x0A0A,0x0A0A,0x0A32,0x0A0A,
	0x0A0A,0x0A0A,0x0A32,0x0A0A,0x0A0A,0x0A0A,0x0A0A,0x0A0A,
	0x0A0A,0x0A0A,0x0A0A,0x0A0A,0x0A0A,0x0A0A,0x0A0A,0x0A0A,
	0x0A0A,0x0A0A,0x0A0A,0x0A0A,0x0A0A,0x0A0A,0x1818,0x3B0A,
	0x0A0A,0x0A0A,0x0A0A,0x0A32,0x0A0A,0x0A0A,0x0A0A,0x0A0A,
	0x0A0A,0x0A0A,0x0A0A,0x0A0A,0x0A0A,0x0A0A,0x0A0A,0x0A0A,
	0x0A0A,0x0A0A,0x0A0A,0x0A0A,0x0A0A,0x0A0A,0x0A0A,0x0A0A,
	0x0A0A,0x0A0A,0x0A0A,0x0A0A,0x0A0A,0x0A0A,0x0A18,0x0A0A,

	0x0A0A,0x0A32,0x0A32,0x3B0A,0x0A0A,0x0A0A,0x0A0A,0x0A0A,
	0x0A0A,0x0A0A,0x0A0A,0x0A0A,0x0A0A,0x0A0A,0x0A0A,0x0A0A,
	0x0A0A,0x0A0A,0x0A0A,0x0A0A,0x0A0A,0x0A0A,0x0A0A,0x0A0A,
	0x0A0A,0x0A0A,0x0A0A,0x0A0A,0x0A0A,0x0A0A,0x0A0A,0x0A0A,
	0x0A0A,0x0A0A,0x0A0A,0x0A0A,0x0A0A,0x0A0A,0x0A0A,0x0A0A,
	0x0A0A,0x0A0A,0x0A0A,0x0A0A,0x0A0A,0x0A0A,0x0A0A,0x0A0A,
	0x0A0A,0x0A0A,0x0A0A,0x0A0A,0x0A0A,0x0A0A,0x0A0A,0x0A0A,
	0x0A0A,0x0A0A,0x0A0A,0x0A0A,0x0A0A,0x0A0A,0x0A0A,0x0A0A,

	0x0A0A,0x0A0A,0x1A1A,0x0A1A,0x0A0A,0x0A0A,0x0A0A,0x0A0A,
	0x0A0A,0x0A0A,0x0A0A,0x0A0A,0x0A0A,0x0A0A,0x0A0A,0x0A0A,
	0x0A0A,0x0A0A,0x0A0A,0x0A0A,0x0A0A,0x0A0A,0x0A0A,0x0A0A,
	0x0A0A,0x0A0A,0x0A0A,0x0A0A,0x0A0A,0x0A0A,0x0A0A,0x320A,
	0x0A0A,0x0A0A,0x0A0A,0x0A0A,0x0A0A,0x0A0A,0x0A0A,0x0A0A,
	0x0A0A,0x0A0A,0x0A0A,0x0A0A,0x0A0A,0x0A0A,0x0A0A,0x0A0A,
	0x0A0A,0x0A0A,0x0A18,0x0A0A,0x0A0A,0x0A0A,0x181A,0x3B3B,
	0x0A0A,0x0A0A,0x0A0A,0x1A3B,0x0A0A,0x0A0A,0x0A0A,0x0A0A,

	0x0A0A,0x0A0A,0x0A0A,0x0A0A,0x0A0A,0x0A0A,0x0A0A,0x0A0A,
	0x0A0A,0x0A0A,0x0A0A,0x0A0A,0x0A0A,0x0A0A,0x0A0A,0x0A0A,
	0x0A0A,0x0A0A,0x0A0A,0x0A0A,0x0A0A,0x0A0A,0x0A0A,0x0A0A,
	0x0A0A,0x0A0A,0x0A0A,0x0A0A,0x0A0A,0x0A0A,0x0A0A,0x0A0A,
	0x0A0A,0x0A0A,0x0A0A,0x0A0A,0x0A0A,0x0A0A,0x0A0A,0x0A0A,
	0x0A0A,0x0A0A,0x0A0A,0x0A0A,0x0A0A,0x0A0A,0x0A0A,0x0A0A,
	0x0A0A,0x0A0A,0x0A0A,0x0A0A,0x0A0A,0x0A0A,0x0A0A,0x0A0A,
	0x0A0A,0x0A0A,0x0A0A,0x0A0A,0x0A0A,0x0A0A,0x0A32,0x0A0A,

	0x1A1A,0x0A0A,0x1A1A,0x1A1A,0x0A0A,0x0A0A,0x1A1A,0x1A1A,
	0x0A0A,0x0A0A,0x1A1A,0x1A1A,0x0A18,0x3B0A,0x1A1A,0x1A1A,
	0x1818,0x1A3B,0x1A1A,0x1A0A,0x0A0A,0x1A0A,0x0A1A,0x1A1A,
	0x0A0A,0x1A1A,0x1A1A,0x0A1A,0x0A0A,0x0A0A,0x1A3B,0x0A0A,
	0x1A1A,0x1A1A,0x1A1A,0x1A1A,0x1A1A,0x1A1A,0x1A1A,0x1A1A,
	0x1A1A,0x1A1A,0x1A1A,0x1A1A,0x1A1A,0x1A1A,0x1A1A,0x1A1A,
	0x1A1A,0x1A1A,0x1A1A,0x1A1A,0x0A1A,0x1A1A,0x1A1A,0x1A1A,
	0x0A0A,0x1A1A,0x1A1A,0x1A1A,0x0A0A,0x1A0A,0x1A1A,0x1A1A,

	0x1A1A,0x1A1A,0x1A1A,0x1A1A,0x1A1A,0x1A1A,0x1A1A,0x1A1A,
	0x1A1A,0x1A1A,0x1A1A,0x1A1A,0x1A1A,0x1A1A,0x1A1A,0x1A1A,
	0x1A1A,0x1A1A,0x1A1A,0x1A1A,0x1A1A,0x1A1A,0x1A1A,0x1A1A,
	0x1A1A,0x1A1A,0x1A1A,0x1A1A,0x1A1A,0x1A1A,0x1A1A,0x1A1A,
	0x1A1A,0x1A1A,0x1A1A,0x1A1A,0x1A1A,0x1A1A,0x1A1A,0x1A1A,
	0x1A1A,0x1A1A,0x1A1A,0x1A1A,0x1A1A,0x1A1A,0x1A1A,0x1A1A,
	0x1A1A,0x1A1A,0x1A1A,0x1A1A,0x1A1A,0x1A1A,0x1A1A,0x1A1A,
	0x1A1A,0x1A1A,0x1A1A,0x1A1A,0x1A1A,0x1A1A,0x1A1A,0x1A1A,

	0x1A1A,0x1A1A,0x1A1A,0x1A1A,0x1A1A,0x1A1A,0x1A1A,0x1A1A,
	0x1A1A,0x1A1A,0x1A1A,0x1A1A,0x1A1A,0x1A1A,0x1A1A,0x1A1A,
	0x1A1A,0x1A1A,0x1A1A,0x1A1A,0x1A1A,0x1A1A,0x1A1A,0x1A1A,
	0x1A1A,0x1A1A,0x1A1A,0x1A1A,0x1A1A,0x1A1A,0x1A1A,0x1A1A,
	0x1A1A,0x1A1A,0x1A1A,0x9B9B,0x1A1A,0x1A1A,0x9B1A,0x2E9B,
	0x1A1A,0x1A1A,0x9B1A,0x9B9B,0x1A1A,0x1A1A,0x2E1A,0x9B9B,
	0x1A1A,0x1A1A,0x1A1A,0x9B1A,0x1A1A,0x1A1A,0x1A1A,0x9B9B,
	0x1A1A,0x1A1A,0x1A1A,0x9B9B,0x1A1A,0x1A1A,0x1A1A,0x1A1A,

	0x2E2E,0x9B62,0x6262,0x6262,0x2E2E,0x6262,0x6262,0x6262,
	0x2E2E,0x2E2E,0x2727,0x2762,0x2E9B,0x6262,0x2762,0x2727,
	0x2E2E,0x272E,0x2727,0x0FBD,0x2E2E,0x2E62,0x2727,0x0F0F,
	0x2E2E,0x2762,0x2727,0x3737,0x9B9B,0x0F62,0x3737,0x0F0F,
	0x6262,0x0F62,0x0F62,0x6262,0x0F62,0x0F0F,0x0F0F,0x0F37,
	0xBD27,0x0F0F,0x0F0F,0x3737,0x0F0F,0x0F0F,0x0F0F,0x0F0F,
	0x0F0F,0x0F0F,0x0F0F,0x0F0F,0x370F,0x0F0F,0x0F0F,0x0F0F,
	0x370F,0x0F0F,0x0F0F,0x0F0F,0x0F0F,0x0F0F,0x0F0F,0x0F0F,

	0x0F0F,0x0F0F,0x622E,0x6262,0x0F0F,0x3737,0x620F,0x6262,
	0x0F0F,0x3737,0x0F0F,0x0F2E,0x0F0F,0x0F0F,0x3737,0x0F0F,
	0x0F0F,0x0F0F,0x0F37,0x0F37,0x0F0F,0x0F0F,0x0F0F,0x0F0F,
	0x0F0F,0x0F0F,0x0F0F,0x0F0F,0x0F0F,0x0F0F,0x0F0F,0x0F0F,
	0xBDBD,0x2727,0x2727,0x2727,0x62BD,0x62BD,0x2727,0x6227,
	0x2E62,0x6262,0x6227,0x6262,0x0F0F,0x6237,0xBDBD,0x62BD,
	0x0F0F,0x3737,0xBDBD,0xBDBD,0x0F0F,0x0F37,0x2737,0xBDBD,
	0x0F0F,0x0F0F,0x3737,0xBDBD,0x370F,0x0F0F,0xB10F,0x3737,

	0x6262,0x62BD,0x62BD,0x6262,0x6262,0x2E2E,0x622E,0xBD62,
	0xBD62,0x2E62,0x6262,0x6262,0x62BD,0x6262,0x6262,0xBDBD,
	0x6262,0x6262,0x6262,0xBDBD,0xBDBD,0x62BD,0x6262,0x6262,
	0xBDBD,0xBDBD,0x6262,0x6262,0x0F0F,0x0F0F,0x0F0F,0xBD62,
	0xBD62,0xBDBD,0x2727,0x2727,0x2727,0x27BD,0xBDBD,0xBD27,
	0x27BD,0xBDBD,0xBDBD,0xBD27,0xBDBD,0x2727,0x2727,0x27BD,
	0xBDBD,0x2727,0x2727,0x2727,0xBDBD,0xBDBD,0xBD27,0xBDBD,
	0x62BD,0xBDBD,0xBDBD,0x62BD,0x2E2E,0x6262,0x622E,0x62BD,

	0x2727,0x2727,0x27BD,0x2727,0x2727,0x2727,0x6227,0x6262,
	0x2727,0x2727,0x2727,0x6262,0xBD27,0x2727,0xBD27,0x6262,
	0xBD27,0x2727,0x6227,0x6262,0x27BD,0x62BD,0x6262,0x62BD,
	0x6262,0x6262,0x6262,0x6262,0x6262,0x6262,0xBDBD,0x62BD,
	0x2E2E,0x9B9B,0x9B9B,0x9B9B,0x6262,0x2E9B,0x9B9B,0x9B9B,
	0x6262,0x9B9B,0x9B9B,0x9B9B,0x6262,0x6262,0x2762,0xBD27,
	0x6262,0x6262,0xBD62,0xBDBD,0xBDBD,0xBD62,0x9B62,0xBDBD,
	0xBD62,0xBDBD,0x9B62,0xBDBD,0xBDBD,0x6262,0x9B9B,0xBDBD,

	0xBDBD,0xBDBD,0xBDBD,0x62BD,0xBDBD,0xBDBD,0x6262,0x6262,
	0xBD27,0x6262,0x6262,0x6262,0xBDBD,0xBDBD,0x62BD,0xBD62,
	0xBDBD,0xBDBD,0xBDBD,0xBDBD,0xBDBD,0xBDBD,0xBDBD,0xBD62,
	0xBDBD,0xBDBD,0xBDBD,0x6262,0x62BD,0xBDBD,0xBD62,0x6262,
	0xBD62,0x62BD,0xBDBD,0x6262,0x2E62,0x622E,0x62BD,0x62BD,
	0x6262,0x2E62,0x6262,0x62BD,0x6262,0x2E2E,0x2E2E,0xBD62,
	0x62BD,0x6262,0x2E2E,0xBDBD,0x6262,0x6262,0x6262,0x6262,
	0x6262,0x2E62,0xBD2E,0x6262,0xBDBD,0x6262,0xBDBD,0xBDBD,

	0xBDBD,0xBDBD,0x2727,0x2727,0xBDBD,0xBDBD,0xBDBD,0xBDBD,
	0xBDBD,0xBDBD,0xBDBD,0xBDBD,0xBDBD,0xBDBD,0x62BD,0x62BD,
	0xBDBD,0xBDBD,0x62BD,0x62BD,0x6262,0xBDBD,0xBDBD,0x6262,
	0xBDBD,0xBDBD,0xBDBD,0xBDBD,0xBDBD,0x2727,0x2727,0xBDBD,
	0x27BD,0x2727,0x62BD,0x6262,0xBDBD,0xBDBD,0xBDBD,0x6262,
	0xBDBD,0xBDBD,0x6262,0x6262,0x6262,0x6262,0x62BD,0x2E2E,
	0x6262,0x6262,0x2E62,0x2E62,0x6262,0xBDBD,0x6262,0x2E2E,
	0x6262,0xBDBD,0x2E62,0x2E62,0x6262,0x6262,0x2E2E,0x27BD,

	0x622E,0x2E2E,0x622E,0x62BD,0x2E2E,0x2727,0x2727,0x2727,
	0x2E2E,0x2727,0x2727,0x2727,0x622E,0x2727,0x2727,0x2727,
	0x622E,0x2727,0x2727,0x2727,0x622E,0x27BD,0x27BD,0x2727,
	0x622E,0xBDBD,0x2727,0x2727,0x2762,0x2727,0x2727,0x2727,
	0x2762,0x2727,0x2727,0x2727,0xBD27,0x2727,0x2727,0x2727,
	0x2727,0x27BD,0x2727,0x2727,0x2727,0x2727,0x2727,0x2727,
	0x2727,0x2727,0x2727,0x2727,0x2727,0x2727,0x2727,0xBD27,
	0x2727,0x2727,0x27BD,0xBD27,0x2727,0x2727,0xBD27,0x2727,

	0x2727,0x2727,0x2727,0x2727,0x2727,0x2727,0x2727,0x2727,
	0x2727,0x2727,0x2727,0x2727,0x27BD,0xBD27,0x2727,0xBD27,
	0xBDBD,0xBD27,0x2727,0xBD27,0xBD27,0xBDBD,0x2727,0x2727,
	0xBDBD,0x2727,0x27BD,0x2727,0xBDBD,0xBD27,0x2727,0x2727,
	0x2727,0x2727,0x2727,0x2727,0x2727,0x27BD,0x2727,0x2727,
	0x2727,0xBD27,0x2727,0x2727,0x2727,0xBD27,0x2727,0x2727,
	0x2727,0xBD27,0x27BD,0x2727,0xBDBD,0x27BD,0x2727,0x2727,
	0x27BD,0x27BD,0xBDBD,0xBD27,0x2727,0x27BD,0xBDBD,0x27BD,

	0x2727,0x2727,0x2727,0x27BD,0x2727,0x27BD,0x2727,0x2727,
	0x2727,0x2727,0x2727,0x2727,0x2727,0x2727,0xBDBD,0xBDBD,
	0x2727,0x2727,0xBDBD,0xBDBD,0xBD27,0xBD27,0xBD27,0x2727,
	0xBD27,0x2727,0x2727,0x2727,0xBDBD,0x2727,0x2727,0x2727,
	0x4D4D,0x6868,0x6868,0x6868,0x454D,0x6868,0x0A68,0x6868,
	0x0A27,0x6868,0x0A68,0x6868,0x689E,0x0A68,0x9E0A,0x9E9E,
	0x9E9E,0x0A1A,0x9E0A,0x9E9E,0x2727,0x9E0A,0x9E0A,0x0A9E,
	0xBD27,0x9E27,0x0A27,0x0A0A,0x2727,0x2727,0x27BD,0x0A0A,

	0x0A0A,0x0A0A,0x0A0A,0x4B4B,0x0A0A,0x0A0A,0x0A0A,0x9999,
	0x0A0A,0x0A0A,0x0A0A,0x9999,0x0A0A,0x0A0A,0x0A0A,0x4B4B,
	0x4B4B,0x4B4B,0x4B99,0x4B4B,0x4B4B,0x4B4B,0x4B4B,0x4B4B,
	0x4B4B,0x4B4B,0x4B4B,0x4B4B,0x4B4B,0x4B4B,0x4B4B,0x4B4B,
	0x4B4B,0x4B4B,0x4B4B,0x4B4B,0x4B4B,0x4B4B,0x4B4B,0x4B4B,
	0x4B4B,0x4B4B,0x4B4B,0x4B4B,0x4B4B,0x4B4B,0x4B4B,0x4B4B,
	0x4B4B,0x4B4B,0x4B4B,0x4B4B,0x4B4B,0x4B4B,0x4B4B,0x4B4B,
	0x4B4B,0x4B4B,0x4B4B,0x4B4B,0x4B4B,0x4B4B,0x4B4B,0x9999,

	0x7979,0x2323,0x2323,0x2323,0x8181,0x7981,0x7981,0x7979,
	0x7979,0x7A7A,0x7A7A,0x7A7A,0x7979,0x2323,0x2323,0x2323,
	0x7979,0x2323,0x2323,0x2323,0x7979,0x2323,0x2323,0x2323,
	0x7979,0x2323,0x2323,0x2323,0x7979,0x2323,0x2323,0x2323,
	0x2323,0x2323,0x2323,0x2323,0x7981,0x7979,0x7979,0x8179,
	0x7A7A,0x7979,0x9723,0x7A7A,0x2323,0x7923,0x2323,0x2323,
	0x2323,0x2323,0x2323,0x2323,0x2323,0x2323,0x2323,0x2323,
	0x2323,0x2323,0x2323,0x2323,0x2323,0x2323,0x2323,0x2323,

	0x2323,0x8181,0x1A91,0x1A1A,0x8181,0x7979,0x1A91,0x1A1A,
	0x797A,0x7979,0x1AA8,0x1A1A,0x7923,0x7979,0x1A91,0x1A1A,
	0x7923,0x7979,0x1A91,0x1A1A,0x7923,0x7979,0x1AA8,0x1A1A,
	0x7923,0x7979,0x1AA8,0x1A1A,0x7923,0x7979,0x1AA8,0x1A1A,
	0x1A1A,0x1A1A,0x1A1A,0x1A1A,0x1A1A,0x1A1A,0x1A1A,0x1A1A,
	0x1A1A,0x1A1A,0x1A1A,0x1A1A,0x1A1A,0x1A1A,0x1A1A,0x1A1A,
	0x1A1A,0x1A1A,0x1A1A,0x1A1A,0x1A1A,0x1A1A,0x1A1A,0x1A1A,
	0x1A1A,0x1A1A,0x1A1A,0x1A1A,0x1A1A,0x1A1A,0x1A1A,0x1A1A,

	0x1A1A,0x0A1A,0x0A0A,0x0A0A,0x1A1A,0x0A1A,0x1A0A,0x0A1A,
	0x0A1A,0x0A0A,0x1A0A,0x0A1A,0x1A1A,0x1A1A,0x1A1A,0x0A1A,
	0x1A1A,0x1A1A,0x1A1A,0x1A1A,0x1A1A,0x1A1A,0x1A1A,0x0A1A,
	0x1A1A,0x1A1A,0x0A1A,0x1A1A,0x1A1A,0x1A1A,0x0A1A,0x1A0A,
	0x0A0A,0x0A0A,0x0A0A,0x0A0A,0x0A0A,0x0A0A,0x0A0A,0x0A0A,
	0x0A0A,0x0A0A,0x0A0A,0x0A0A,0x0A0A,0x0A0A,0x0A0A,0x0A0A,
	0x0A0A,0x0A0A,0x0A0A,0x0A0A,0x0A1A,0x0A0A,0x0A0A,0x0A0A,
	0x0A1A,0x0A0A,0x0A0A,0x0A0A,0x0A0A,0x0A0A,0x0A0A,0x0A0A,

	0x5454,0x5454,0x5454,0x5454,0x5454,0x5454,0x5454,0x5454,
	0x5454,0x5454,0x5454,0x5454,0x5454,0x5454,0x0A54,0x0A54,
	0x5858,0x580A,0x0A58,0x1A58,0x0A0A,0x0A0A,0x0A0A,0x0A0A,
	0x0A0A,0x540A,0x5454,0x0A54,0x0A0A,0x5454,0x5454,0x5454,
	0x5454,0x5454,0x0A54,0x5454,0x5454,0x5454,0x0A54,0x5454,
	0x5454,0x5454,0x0A54,0x5454,0x0A54,0x0A58,0x0A58,0x540A,
	0x0A58,0x0A1A,0x0A58,0x5469,0x0A0A,0x0A0A,0x0A0A,0x1A1A,
	0x0A0A,0x0A0A,0x0A0A,0x0A0A,0x5454,0x0A0A,0x0A0A,0x0A0A,

	0x5454,0x5454,0x9F54,0x5454,0x5454,0x5454,0x9F54,0x5454,
	0x5454,0x5454,0x9F54,0x5454,0x5454,0x5454,0x9F54,0x5454,
	0x540A,0x540A,0x9F54,0x5454,0x5454,0x5454,0x5454,0x0A0A,
	0x5454,0x5454,0x5454,0x5454,0x5454,0x5454,0x5454,0x5454,
	0x5454,0x5454,0x5454,0x5454,0x5454,0x5454,0x5454,0x5454,
	0x5454,0x5454,0x5454,0x5454,0x5454,0x5454,0x5454,0x5454,
	0x0A54,0x540A,0x5454,0x5454,0x0A0A,0x580A,0x580A,0x5858,
	0x0A0A,0x580A,0x580A,0x5858,0x3254,0x320A,0x320A,0x5454,

	0x0A0A,0x0A0A,0x0A0A,0x180A,0x0A0A,0x0A0A,0x0A0A,0x1A1A,
	0x0A0A,0x0A0A,0x1818,0x0A0A,0x0A0A,0x0A0A,0x1A1A,0x0A0A,
	0x0A0A,0x0A0A,0x0A0A,0x0A0A,0x320A,0x0A0A,0x5454,0x0A0A,
	0x3232,0x5454,0x5454,0x0A54,0x5454,0x5454,0x5454,0x5454,
	0x0A0A,0x0A0A,0x0A0A,0x0A0A,0x0A0A,0x0A0A,0x0A0A,0x0A0A,
	0x0A0A,0x0A0A,0x0A0A,0x0A0A,0x0A0A,0x0A0A,0x0A0A,0x0A0A,
	0x0A0A,0x0A0A,0x0A0A,0x0A0A,0x0A0A,0x0A0A,0x0A0A,0x0A0A,
	0x0A0A,0x0A0A,0x0A0A,0x0A0A,0x0A0A,0x0A0A,0x0A0A,0x0A0A,

	0x0A0A,0x0A0A,0x0A0A,0x1A1A,0x0A0A,0x0A0A,0x0A0A,0x0A0A,
	0x0A0A,0x0A0A,0x0A0A,0x0A1A,0x180A,0x180A,0x0A0A,0x1A1A,
	0x1A0A,0x1A18,0x1A0A,0x1A1A,0x0A0A,0x0A0A,0x1A1A,0x1A1A,
	0x0A0A,0x0A0A,0x1A0A,0x1A1A,0x0A0A,0x0A1A,0x0A0A,0x1A0A,
	0x1A1A,0x1A1A,0x1A1A,0x1A1A,0x1A1A,0x1A1A,0x1A1A,0x1A1A,
	0x1A1A,0x1A1A,0x1A1A,0x1A1A,0x1A1A,0x1A1A,0x1A1A,0x1A1A,
	0x1A1A,0x1A1A,0x1A1A,0x1A1A,0x1A1A,0x1A1A,0x1A1A,0x1A1A,
	0x1A1A,0x1A1A,0x1A1A,0x1A1A,0x1A1A,0x1A1A,0x1A1A,0x1A1A,

	0x1A1A,0x1A1A,0xA80D,0x7979,0x1A1A,0x1A1A,0x9119,0x9179,
	0x1A1A,0x1A1A,0xA81A,0x9179,0x1A1A,0x1A1A,0xA81A,0x9179,
	0x1A1A,0x1A1A,0xA81A,0x9179,0x1A1A,0x1A1A,0xA81A,0xA879,
	0x1A1A,0x1A1A,0xA81A,0x9179,0x1A1A,0x1A1A,0xA81A,0xA879,
	0x2379,0x2323,0x2323,0x2323,0x8181,0x7979,0x7979,0x7979,
	0x9779,0x7A7A,0x2397,0x9723,0x2379,0x2323,0x2323,0x2323,
	0x2379,0x2323,0x2323,0x2323,0x2379,0x2323,0x2323,0x2323,
	0x2379,0x2323,0x2323,0x2323,0x2379,0x2323,0x2323,0x2323,

	0x2323,0x2323,0x2379,0x2323,0x7981,0x7979,0x8181,0x8179,
	0x7A7A,0x7A7A,0x7A7A,0x9797,0x2323,0x2323,0x2323,0x2323,
	0x2323,0x2323,0x2323,0x2323,0x2323,0x2323,0x2323,0x2323,
	0x2323,0x2323,0x2323,0x2323,0x2323,0x2323,0x2323,0x2323,
	0x7979,0x4B4B,0x4B4B,0x4B4B,0x8181,0x4B4B,0x4B4B,0x4B4B,
	0x7979,0x4B4B,0x4B4B,0x4B4B,0x7979,0x4B4B,0x4B4B,0x4B4B,
	0x7979,0x4B4B,0x4B4B,0x4B4B,0x7979,0x4B4B,0x4B4B,0x4B4B,
	0x7979,0x4B4B,0x4B4B,0x4B4B,0x7979,0x4B4B,0x4B4B,0x4B4B,

	0x4B4B,0x4B4B,0x0A0A,0x180A,0x4B4B,0x4B4B,0x0A18,0x1A1A,
	0x4B4B,0x4B4B,0x1818,0x0A0A,0x4B4B,0x4B4B,0x4B4B,0x4B4B,
	0x4B4B,0x4B4B,0x4B4B,0x4B4B,0x4B4B,0x4B4B,0x4B4B,0x4B4B,
	0x4B4B,0x4B4B,0x4B4B,0x4B4B,0x4B4B,0x4B4B,0x4B4B,0x4B4B,
	0x0A0A,0x0A0A,0x0A0A,0x0A18,0x0A0A,0x0A0A,0x0A0A,0x1818,
	0x0A0A,0x3B0A,0x0A3B,0x181A,0x4B4B,0x1A0A,0x3B1A,0x0A0A,
	0x4B4B,0x0A0A,0x0A0A,0x0A0A,0x4B4B,0x0A0A,0x0A0A,0x0A0A,
	0x4B4B,0x4B0A,0x4B4B,0x4B4B,0x4B4B,0x4B4B,0x4B4B,0x4B4B,

	0x0A0A,0x0A0A,0x0A0A,0x0A0A,0x0A0A,0x0A0A,0x0A0A,0x0A0A,
	0x0A0A,0x0A0A,0x0A0A,0x0A0A,0x3B3B,0x0A0A,0x0A0A,0x0A0A,
	0x1A3B,0x0A0A,0x0A0A,0x0A0A,0x0A0A,0x0A0A,0x4B0A,0x4B4B,
	0x4B4B,0x4B4B,0x4B4B,0x4B4B,0x4B4B,0x4B4B,0x4B4B,0x4B4B,
	0x0A0A,0x0A0A,0x690A,0x0A69,0x0A0A,0x0A0A,0x0A0A,0x0A1A,
	0x0A0A,0x0A0A,0x0A0A,0x0A0A,0x0A0A,0x0A0A,0x0A0A,0x0A0A,
	0x0A0A,0x0A0A,0x0A0A,0x0A0A,0x4B4B,0x4B4B,0x4B4B,0x0A4B,
	0x4B4B,0x4B4B,0x4B4B,0x0A4B,0x4B4B,0x4B4B,0x4B4B,0x3F99,

	0x0A0A,0x0A0A,0x0A0A,0x0A0A,0x0A0A,0x180A,0x0A0A,0x0A0A,
	0x0A0A,0x180A,0x3B0A,0x0A0A,0x4B4B,0x4B4B,0x4B4B,0x4B4B,
	0x4B4B,0x4B4B,0x4B4B,0x4B4B,0x4B4B,0x4B4B,0x4B4B,0x4B4B,
	0x4B4B,0x4B4B,0x4B4B,0x4B4B,0x4B4B,0x4B4B,0x4B4B,0x4B4B,
	0x0A0A,0x0A0A,0x0A0A,0x3232,0x0A0A,0x180A,0x0A0A,0x0A0A,
	0x0A0A,0x1818,0x0A0A,0x0A0A,0x4B4B,0x4B4B,0x4B4B,0x4B4B,
	0x4B4B,0x4B4B,0x4B4B,0x4B4B,0x4B4B,0x4B4B,0x4B4B,0x4B4B,
	0x4B4B,0x4B4B,0x4B4B,0x4B4B,0x4B4B,0x4B4B,0x4B4B,0x4B4B,

	0x3232,0x0A0A,0x0A0A,0x0A0A,0x0A0A,0x0A0A,0x0A0A,0x0A0A,
	0x320A,0x0A0A,0x0A0A,0x0A0A,0x4B4B,0x4B4B,0x4B3F,0x4B4B,
	0x4B4B,0x4B4B,0x4B3F,0x4B4B,0x4B4B,0x4B4B,0x4B3F,0x4B4B,
	0x4B4B,0x4B4B,0x4B3F,0x4B4B,0x4B4B,0x4B4B,0x4B3F,0x4B4B,
	0x0A0A,0x0A0A,0x0A0A,0x0A0A,0x1818,0x3B0A,0x0A0A,0x0A0A,
	0x1818,0x3B3B,0x0A0A,0x0A0A,0x4B4B,0x4B4B,0x4B4B,0x4B4B,
	0x4B4B,0x4B4B,0x4B4B,0x4B4B,0x4B4B,0x4B4B,0x4B4B,0x4B4B,
	0x4B4B,0x4B4B,0x4B4B,0x4B4B,0x4B4B,0x4B4B,0x4B4B,0x4B4B,

	0x0A0A,0x0A0A,0x0A32,0x0A32,0x0A18,0x320A,0x320A,0x320A,
	0x0A18,0x0A0A,0x0A0A,0x3232,0x4B4B,0x4B4B,0x4B4B,0x4B4B,
	0x4B4B,0x4B4B,0x4B4B,0x4B4B,0x4B4B,0x4B4B,0x4B4B,0x4B4B,
	0x4B4B,0x4B4B,0x4B4B,0x4B4B,0x4B4B,0xA34B,0x4B4B,0x4B4B,
	0x0A0A,0x0A0A,0x0A0A,0x0A0A,0x0A0A,0x0A0A,0x0A0A,0x0A0A,
	0x0A0A,0x0A0A,0x0A0A,0x0A0A,0x4B4B,0x4B4B,0x4B4B,0x4B4B,
	0x4B4B,0x4B4B,0x4B4B,0x4B4B,0x4B4B,0x4B4B,0x4B4B,0x4B4B,
	0x4B4B,0x4B4B,0x4B4B,0x4B4B,0x4B4B,0x4B4B,0x4B4B,0x4B4B,

	0x1818,0x0A18,0x0A0A,0x0A0A,0x0A0A,0x0A0A,0x0A0A,0x0A0A,
	0x0A0A,0x0A0A,0x0A0A,0x0A0A,0x4B4B,0x4B4B,0x4B4B,0x4B4B,
	0x4B4B,0x4B4B,0x4B4B,0x4B4B,0x4B4B,0x4B4B,0x4B4B,0x4B4B,
	0x4B4B,0x4B4B,0x4B4B,0x4B4B,0x4B4B,0x4B4B,0x4B4B,0x4B4B,
	0x0A0A,0x0A0A,0x0A0A,0x0A0A,0x0A0A,0x0A0A,0x0A0A,0x0A0A,
	0x0A0A,0x0A0A,0x0A0A,0x0A0A,0x4B4B,0x4B4B,0x4B4B,0x3F4B,
	0x4B4B,0x4B4B,0x4B4B,0x3F4B,0x4B4B,0x4B4B,0x4B4B,0x3F4B,
	0x4B4B,0x4B4B,0x4B4B,0x3F4B,0x4B4B,0x4B4B,0x4B4B,0x4B4B,

	0x0A0A,0x0A0A,0x1818,0x3B3B,0x0A0A,0x0A0A,0x0A0A,0x1A3B,
	0x0A0A,0x3B3B,0x0A0A,0x0A0A,0x4B4B,0x4B4B,0x4B4B,0x4B4B,
	0x4B4B,0x4B4B,0x4B4B,0x4B4B,0x4B4B,0x4B4B,0x4B4B,0x4B4B,
	0x4B4B,0x4B4B,0x4B4B,0x4B4B,0x4B4B,0x4B4B,0xA3A3,0x4B4B,
	0x0A0A,0x0A0A,0x0A18,0x0A0A,0x0A0A,0x0A0A,0x0A0A,0x0A0A,
	0x0A0A,0x0A0A,0x0A0A,0x0A0A,0x4B4B,0x4B4B,0x4B4B,0x4B4B,
	0x4B4B,0x4B4B,0x4B4B,0x4B4B,0x4B4B,0x4B4B,0x4B4B,0x4B4B,
	0x4B4B,0x4B4B,0x4B4B,0x4B4B,0x4B4B,0x4B4B,0x4B4B,0x4B4B,

	0x0A0A,0x0A0A,0x0A0A,0x0A0A,0x0A0A,0x0A0A,0x0A0A,0x0A0A,
	0x0A0A,0x0A0A,0x0A0A,0x0A0A,0x4B4B,0x4B4B,0x0A79,0x0A0A,
	0x4B4B,0x4B4B,0x0A79,0x3B3B,0x4B4B,0x4B4B,0x0A79,0x4B4B,
	0x4B4B,0x4B4B,0x0A79,0x4B4B,0x4B4B,0x4B4B,0x4B79,0x4B4B,
	0x0A0A,0x0A0A,0x0A0A,0x0A0A,0x1818,0x3B0A,0x0A0A,0x0A0A,
	0x1818,0x3B3B,0x0A0A,0x0A0A,0x0A0A,0x1A3B,0x0A0A,0x0A0A,
	0x0A0A,0x0A0A,0x0A0A,0x0A0A,0x4B4B,0x4B4B,0x0A0A,0x0A0A,
	0x4B4B,0x4B4B,0x994B,0x9999,0x4B4B,0x4B4B,0x4B4B,0x9999,

	0x0A0A,0x0A0A,0x0A32,0x0A32,0x0A18,0x320A,0x320A,0x320A,
	0x0A18,0x0A0A,0x0A0A,0x3232,0x0A0A,0x0A0A,0x0A0A,0x0A0A,
	0x0A0A,0x0A0A,0x0A0A,0x0A0A,0x0A0A,0x0A18,0x0A3B,0x0A0A,
	0x9999,0x0A18,0x0A3B,0x0A0A,0x9999,0x4B4B,0x4B4B,0x4B4B,
	0x0A0A,0x0A0A,0x0A0A,0x0A0A,0x0A0A,0x0A0A,0x0A0A,0x0A0A,
	0x0A0A,0x0A0A,0x0A0A,0x0A0A,0x0A0A,0x4B4B,0x4B4B,0x4B4B,
	0x0A0A,0x4B4B,0x4B4B,0x4B4B,0x0A0A,0x4B4B,0x4B4B,0x4B4B,
	0x0A0A,0x4B4B,0x4B4B,0x4B4B,0x0A0A,0x4B4B,0x4B4B,0x4B4B,

	0x0A0A,0x0A0A,0x0A0A,0x0A0A,0x0A0A,0x0A0A,0x0A0A,0x0A0A,
	0x0A0A,0x0A0A,0x0A0A,0x0A0A,0x4B4B,0x4B4B,0x4B4B,0x4B4B,
	0x4B4B,0x4B4B,0x4B4B,0x4B4B,0x4B4B,0x4B4B,0x4B4B,0x4B4B,
	0x4B4B,0x4B4B,0x4B4B,0x4B4B,0x4B4B,0x4B4B,0x4B4B,0x4B4B,
	0x0A32,0x0A0A,0x0A32,0x0A0A,0x3232,0x0A32,0x0A0A,0x0A0A,
	0x320A,0x0A32,0x0A0A,0x0A0A,0x0A4B,0x0A0A,0x0A0A,0x0A0A,
	0x0A4B,0x0A0A,0x0A0A,0x0A0A,0x0A4B,0x0A0A,0x0A0A,0x0A0A,
	0x0A4B,0x0A0A,0x0A0A,0x0A0A,0x0A4B,0x0A0A,0x0A0A,0x0A0A,

	0x0A0A,0x1A0A,0x0A3B,0x3B1A,0x0A0A,0x0A0A,0x1A0A,0x1A1A,
	0x0A0A,0x0A0A,0x1A0A,0x1A1A,0x0A0A,0x0A0A,0x0A0A,0x1A0A,
	0x0A0A,0x0A0A,0x0A0A,0x0A0A,0x0A0A,0x1A0A,0x0A1A,0x0A0A,
	0x1A0A,0x1A0A,0x1A1A,0x0A0A,0x0A0A,0x0A0A,0x0A0A,0x0A0A,
	0x0A1A,0x1A1A,0x1A1A,0x1A1A,0x1A1A,0x1A1A,0x1A1A,0x1A1A,
	0x1A1A,0x1A1A,0x1A1A,0x1A1A,0x1A1A,0x1A1A,0x1A1A,0x1A1A,
	0x1A1A,0x1A1A,0x1A1A,0x1A1A,0x1A0A,0x1A1A,0x1A1A,0x1A1A,
	0x1A0A,0x1A1A,0x1A1A,0x0A1A,0x0A0A,0x0A32,0x0A32,0x0A0A,

	0x1A1A,0x1A1A,0x1A1A,0x1A1A,0x1A1A,0x1A1A,0x1A1A,0x1A1A,
	0x1A1A,0x1A1A,0x1A1A,0x1A1A,0x1A1A,0x1A1A,0x1A1A,0x1A1A,
	0x1A1A,0x1A1A,0x1A1A,0x1A1A,0x1A1A,0x1A1A,0x1A1A,0x1A1A,
	0x1A1A,0x1A1A,0x1A1A,0x1A1A,0x1A0A,0x1A1A,0x1A0A,0x1A0A,
	0x1A1A,0x1A1A,0x1A1A,0x1A1A,0x1A1A,0x1A1A,0x1A1A,0x1A1A,
	0x1A1A,0x1A1A,0x1A1A,0x1A1A,0x1A0A,0x1A1A,0x1A1A,0x1A1A,
	0x1A0A,0x1A1A,0x1A1A,0x1A1A,0x1A1A,0x1A1A,0x1A1A,0x1A1A,
	0x1A1A,0x1A1A,0x1A1A,0x1A1A,0x1A1A,0x1A1A,0x1A1A,0x1A1A,

	0x1A1A,0x1A1A,0x1A1A,0x1A1A,0x1A1A,0x1A1A,0x1A1A,0x1A1A,
	0x1A1A,0x1A1A,0x1A1A,0x1A1A,0x1A1A,0x1A1A,0x1A1A,0x1A1A,
	0x1A1A,0x1A1A,0x1A1A,0x1A1A,0x1A1A,0x1A1A,0x1A1A,0x1A1A,
	0x1A1A,0x1A1A,0x1A1A,0x1A1A,0x1A1A,0x1A1A,0x1A1A,0x1A1A,
	0x1A1A,0x1A1A,0x1A1A,0x1A1A,0x1A1A,0x1A1A,0x1A1A,0x1A1A,
	0x1A1A,0x1A1A,0x1A1A,0x1A1A,0x1A1A,0x1A1A,0x1A1A,0x9B9B,
	0x1A1A,0x1A1A,0x1A1A,0x9B9B,0x1A1A,0x1A1A,0x1A1A,0x1A1A,
	0x1A1A,0x1A1A,0x1A1A,0x9B1A,0x1A1A,0x1A1A,0x1A1A,0x1A1A,

	0x9B9B,0x0F62,0x370F,0x0F0F,0x1A1A,0x0F0F,0x0F0F,0x0F0F,
	0x1A9B,0x0F62,0x0F0F,0x0F0F,0x2E2E,0x0F0F,0x0F0F,0x0F0F,
	0x2E2E,0x0F0F,0x0F0F,0x0F0F,0x2E9B,0x0F9B,0x370F,0x0F0F,
	0x9B9B,0x379B,0x37B1,0x370F,0x9B9B,0x2E2E,0x8484,0xB1B1,
	0x0F0F,0x0F0F,0x0F0F,0x0F0F,0x0F0F,0x0F0F,0x0F0F,0x0F0F,
	0x0F0F,0x0F0F,0x0F0F,0x0F0F,0x0F0F,0x0F0F,0x0F0F,0x0F0F,
	0x0F0F,0x0F0F,0x0F0F,0x0F0F,0x0F0F,0x0F0F,0x0F0F,0x0F0F,
	0x0F0F,0x0F0F,0x0F0F,0x0F0F,0x0F37,0x3737,0x370F,0x3737,

	0x0F0F,0x0F0F,0x0F0F,0x0F0F,0x0F0F,0x0F0F,0x0F0F,0x0F0F,
	0x0F0F,0x0F0F,0x0F0F,0x0F0F,0x0F0F,0x0F0F,0x0F0F,0x0F0F,
	0x0F0F,0x0F0F,0x0F0F,0x0F0F,0x0F0F,0x0F0F,0x0F0F,0x370F,
	0x0F0F,0x0F0F,0x0F0F,0x0F0F,0x0F0F,0x0F0F,0x0F0F,0x0F0F,
	0x370F,0x0F37,0xB10F,0x0F37,0x0F0F,0x3737,0x3737,0x0F0F,
	0x370F,0xB1B1,0x3737,0x0F0F,0x0F0F,0x3737,0x0F0F,0x0F0F,
	0x3737,0x3737,0x0F0F,0x0F0F,0x0F0F,0x370F,0x3737,0x0F37,
	0x0F0F,0x370F,0x3737,0x0F0F,0x0F0F,0x0F0F,0x370F,0x0F0F,

	0x0F0F,0x0F0F,0x0F0F,0x622E,0x0F0F,0x0F0F,0x0F0F,0x6262,
	0x0F0F,0x0F0F,0x0F0F,0xBD37,0x0F0F,0x0F0F,0x0F37,0x3737,
	0x0F0F,0x0F0F,0x0F0F,0x0F0F,0x0F0F,0x0F0F,0x0F0F,0x0F0F,
	0x0F0F,0x0F0F,0x0F0F,0x0F0F,0x0F0F,0x0F0F,0x0F0F,0x0F0F,
	0x62BD,0xBDBD,0x2E2E,0xBD62,0xBDBD,0x62BD,0x6262,0xBD62,
	0xBDBD,0xBDBD,0xBD62,0x2E62,0xBDBD,0xBDBD,0x62BD,0xBDBD,
	0x0F0F,0xBDBD,0xBD62,0x62BD,0x0F0F,0xBDBD,0xBDBD,0xBDBD,
	0x370F,0xBDBD,0xBDBD,0xBDBD,0x0F0F,0xBD0F,0xBDBD,0x62BD,

	0xBDBD,0xBDBD,0xBDBD,0xBDBD,0xBD62,0xBDBD,0xBDBD,0xBDBD,
	0x6262,0x62BD,0xBDBD,0xBDBD,0x2E2E,0xBD62,0x62BD,0xBDBD,
	0x6262,0xBDBD,0xBDBD,0xBDBD,0x62BD,0xBD62,0x6262,0x2E62,
	0xBDBD,0x6262,0x6262,0x9B62,0x6262,0x6262,0x6262,0x2E2E,
	0xBDBD,0x9B62,0x9B9B,0xBD62,0xBDBD,0x1A62,0x0A0A,0x6262,
	0xBDBD,0xBDBD,0x621A,0x6262,0xBDBD,0x1A62,0x1A1A,0xBD62,
	0xBDBD,0x2E2E,0x621A,0x6262,0x9BBD,0x9B2E,0x1A1A,0x1A62,
	0x9B2E,0x9B9B,0x4D4D,0x1A1A,0x9B9B,0x9B9B,0x1A9B,0x1A1A,

	0x6262,0x6262,0x6262,0x6262,0xBDBD,0x6262,0x6262,0x6262,
	0x62BD,0x6262,0x6262,0x2E2E,0xBD62,0xBD62,0x6262,0x2E62,
	0x6262,0x6262,0x6262,0x2E62,0x6262,0x6262,0x9B2E,0x2E2E,
	0x1A62,0x622E,0x9B2E,0x9B9B,0x9B1A,0x9B9B,0x9B9B,0x2E2E,
	0x62BD,0x2E2E,0xBDBD,0xBD62,0x2E62,0x2E2E,0xBDBD,0xBDBD,
	0x2E62,0x2E2E,0xBDBD,0x62BD,0x622E,0xBD62,0x62BD,0xBDBD,
	0x622E,0xBD62,0x6262,0xBDBD,0x6262,0x6262,0xBDBD,0xBD62,
	0x6262,0x6262,0xBDBD,0xBDBD,0x2E9B,0x6262,0xBD62,0x6262,

	0xBDBD,0xBDBD,0x2727,0xBDBD,0xBDBD,0x2727,0xBDBD,0xBDBD,
	0xBDBD,0xBDBD,0xBDBD,0xBDBD,0xBDBD,0xBDBD,0xBDBD,0xBDBD,
	0xBDBD,0xBDBD,0xBDBD,0xBDBD,0xBDBD,0xBDBD,0xBDBD,0xBDBD,
	0xBDBD,0xBDBD,0xBDBD,0xBDBD,0xBDBD,0x62BD,0xBDBD,0xBD62,
	0x6262,0x2E62,0x6262,0x27BD,0x6262,0x6262,0x6262,0x2727,
	0x6262,0x62BD,0x6262,0x272E,0xBDBD,0xBDBD,0x2E62,0x2727,
	0xBD62,0x6262,0x2EBD,0x622E,0x62BD,0x62BD,0x2E2E,0xBD27,
	0x62BD,0x6262,0x2E2E,0xBD27,0xBD62,0xBD62,0x27BD,0x2727,

	0x2727,0x2727,0x2727,0x2727,0x2727,0x2727,0x2727,0x2727,
	0x2727,0x2727,0x2727,0xBD27,0x2727,0xBD27,0x2727,0x2727,
	0x2727,0xBDBD,0xBD27,0x2727,0xBDBD,0xBDBD,0xBDBD,0xBD27,
	0xBD27,0xBDBD,0xBDBD,0xBD27,0x2727,0xBD27,0xBD27,0xBDBD,
	0x2727,0x2727,0x2727,0x2727,0x27BD,0x2727,0x2727,0x2727,
	0x2727,0x2727,0x2727,0x2727,0x2727,0x2727,0xBD27,0x2727,
	0xBDBD,0x2727,0xBD27,0x27BD,0x2727,0xBDBD,0xBDBD,0xBDBD,
	0x2727,0xBDBD,0xBDBD,0xBDBD,0x62BD,0xBD62,0xBDBD,0xBDBD,

	0xBDBD,0x2727,0x2727,0x2727,0xBD27,0x2727,0x2727,0xBD27,
	0x27BD,0x2727,0x2727,0x2727,0x2727,0x2727,0x2727,0x2727,
	0x2727,0x2727,0x2727,0x2727,0x2727,0x2727,0x2727,0x2727,
	0x2727,0x27BD,0x2727,0x2727,0xBDBD,0x2727,0x27BD,0x2727,
	0x2727,0x2727,0xBDBD,0x27BD,0xBD27,0xBD27,0x27BD,0xBDBD,
	0x27BD,0xBDBD,0x27BD,0xBDBD,0x2727,0x2727,0xBDBD,0xBD27,
	0x2727,0x2727,0xBDBD,0xBDBD,0x27BD,0x2727,0xBDBD,0xBDBD,
	0x27BD,0xBD27,0xBDBD,0x27BD,0xBD27,0x2727,0xBDBD,0xBDBD,

	0x27BD,0xBD27,0x2727,0x2727,0xBDBD,0x2727,0x27BD,0x2727,
	0xBDBD,0x2727,0x2727,0x2727,0xBDBD,0x2727,0x2727,0x2727,
	0xBD27,0x2727,0x2727,0x2727,0xBDBD,0x2727,0x27BD,0x2727,
	0xBDBD,0xBD27,0x2727,0x2727,0x2727,0xBDBD,0xBDBD,0x27BD,
	0x2727,0x2727,0x2727,0x0A0A,0x2727,0x2727,0x6227,0x0A62,
	0x2727,0x2727,0x6227,0x620A,0x2727,0x2727,0x2727,0x6262,
	0x2727,0x2727,0x6227,0x6262,0xBDBD,0x2727,0x622E,0x2E2E,
	0x2727,0x2727,0x2E2E,0x2E2E,0x2727,0x6262,0x622E,0x2E2E,

	0x4B4B,0x4B4B,0x9090,0x4B4B,0x5A5A,0x9999,0x9999,0x9999,
	0x5A5A,0x5A5A,0x9999,0x9999,0x5A5A,0x5A5A,0x5A5A,0x5A5A,
	0x5A5A,0x5A5A,0x5A5A,0x5A5A,0xA8A8,0xA8A8,0xA8A8,0xA8A8,
	0x2323,0x2323,0x2323,0x2323,0xA0A0,0xA0A0,0xA0A0,0xA0A0,
	0x4B4B,0x4B4B,0x904B,0x9999,0x9999,0x5A5A,0x9999,0x9999,
	0x5A5A,0x5A5A,0x5A5A,0x9999,0x5A5A,0x5A5A,0x5A5A,0x5A5A,
	0x5A5A,0x5A5A,0x5A5A,0x5A5A,0xA8A8,0xA8A8,0xA8A8,0x79A8,
	0x2323,0x2323,0x2323,0x7923,0xA0A0,0xA0A0,0xA0A0,0x79A0,

	0x7979,0x2323,0x2323,0x2323,0x7979,0x2323,0x2323,0x2323,
	0x7979,0x2323,0x2323,0x2323,0x7979,0x2323,0x2323,0x2323,
	0x8181,0x7979,0x7979,0x7979,0x7979,0x2323,0x2323,0x2323,
	0x7979,0x2323,0x2323,0x2323,0x7979,0x2323,0x2323,0x2323,
	0x2323,0x2323,0x2323,0x2323,0x2323,0x2323,0x2323,0x2323,
	0x2323,0x2323,0x2323,0x2323,0x2323,0x2323,0x2323,0x2323,
	0x8181,0x8181,0x8181,0x7981,0x2323,0x2323,0x2323,0x2323,
	0x2323,0x2323,0x2323,0x2323,0x2323,0x2323,0x2323,0x2323,

	0x7923,0x7979,0x1AA8,0x1A1A,0x7923,0x7979,0x1AA8,0x1A1A,
	0x7923,0x7979,0x1AA8,0x1A1A,0x7923,0x7979,0x1AA8,0x1A1A,
	0x8179,0x7979,0x1AA8,0x1A1A,0x2323,0x7979,0x1AA8,0x1A1A,
	0x2323,0x7979,0x1AA8,0x1A1A,0x2323,0x7979,0x1AA8,0x1A1A,
	0x1A1A,0x1A1A,0x1A1A,0x1A1A,0x1A1A,0x1A1A,0x1A1A,0x1A1A,
	0x1A1A,0x1A1A,0x1A1A,0x1A1A,0x1A1A,0x1A1A,0x1A1A,0x1A1A,
	0x1A1A,0x1A1A,0x1A1A,0x1A1A,0x1A1A,0x1A1A,0x1A1A,0x1A1A,
	0x1A1A,0x1A1A,0x1A1A,0x1A1A,0x1A1A,0x1A1A,0x1A1A,0x1A1A,

	0x1A1A,0x1A1A,0x1A1A,0x0A3B,0x1A1A,0x1A1A,0x3B1A,0x0A1A,
	0x1A1A,0x1A1A,0x0A1A,0x0A0A,0x1A1A,0x1A1A,0x1A1A,0x0A0A,
	0x1A1A,0x1A1A,0x1A1A,0x0A1A,0x1A1A,0x1A1A,0x0A0A,0x0A0A,
	0x1A1A,0x1A1A,0x0A1A,0x1A0A,0x1A1A,0x1A1A,0x1A1A,0x1A1A,
	0x0A0A,0x0A0A,0x0A0A,0x0A0A,0x0A0A,0x0A0A,0x0A0A,0x0A0A,
	0x1A0A,0x3B0A,0x0A0A,0x0A0A,0x1A1A,0x0A0A,0x0A0A,0x0A0A,
	0x0A0A,0x0A0A,0x0A0A,0x0A0A,0x0A1A,0x0A0A,0x0A0A,0x0A0A,
	0x0A1A,0x0A0A,0x0A0A,0x0A0A,0x0A0A,0x0A0A,0x0A0A,0x0A0A,

	0x0A0A,0x5454,0x5454,0x5454,0x540A,0x5454,0x5454,0x5454,
	0x540A,0x5454,0x5454,0x5454,0x5454,0x5454,0x540A,0x5454,
	0x5858,0x0A54,0x540A,0x5454,0x0A0A,0x0A0A,0x0A0A,0x0A54,
	0x0A0A,0x0A0A,0x0A0A,0x0A0A,0x0A0A,0x0A0A,0x0A0A,0x0A0A,
	0x5454,0x5454,0x0A54,0x0A0A,0x5454,0x5454,0x0A58,0x0A0A,
	0x5454,0x5454,0x0A58,0x1818,0x5454,0x5454,0x0A0A,0x1A0A,
	0x5454,0x5854,0x0A0A,0x0A0A,0x540A,0x5858,0x0A0A,0x0A0A,
	0x540A,0x0A58,0x0A0A,0x0A0A,0x580A,0x0A0A,0x0A0A,0x0A0A,

	0x5454,0x5454,0x5454,0x5454,0x5454,0x5454,0x5454,0x5454,
	0x5454,0x5454,0x5454,0x5454,0x5454,0x5454,0x5454,0x5454,
	0x5454,0x5454,0x5454,0x5454,0x5454,0x5454,0x5454,0x3254,
	0x5454,0x0A54,0x5454,0x3254,0x0A9F,0x0A0A,0x540A,0x0A54,
	0x0A54,0x0A0A,0x0A0A,0x5458,0x0A54,0x0A32,0x0A0A,0x0A58,
	0x0A54,0x0A0A,0x0A0A,0x0A0A,0x0A54,0x0A32,0x0A0A,0x0A0A,
	0x0A54,0x0A32,0x0A0A,0x0A0A,0x0A58,0x0A32,0x0A0A,0x0A0A,
	0x0A32,0x0A0A,0x0A0A,0x0A0A,0x0A0A,0x0A0A,0x0A0A,0x0A0A,

	0x5454,0x5454,0x5454,0x5454,0x5454,0x5454,0x5454,0x5454,
	0x5454,0x5454,0x5454,0x5454,0x540A,0x5454,0x5454,0x5454,
	0x5454,0x5454,0x5454,0x540A,0x5458,0x540A,0x0A58,0x580A,
	0x5858,0x580A,0x0A0A,0x0A0A,0x0A0A,0x0A0A,0x0A0A,0x0A0A,
	0x0A0A,0x0A0A,0x0A0A,0x0A0A,0x0A0A,0x0A0A,0x0A0A,0x0A0A,
	0x0A0A,0x0A0A,0x0A0A,0x0A0A,0x0A54,0x0A0A,0x0A0A,0x0A0A,
	0x0A54,0x0A0A,0x0A0A,0x0A0A,0x0A0A,0x0A0A,0x0A0A,0x0A0A,
	0x0A0A,0x0A0A,0x0A0A,0x0A0A,0x0A0A,0x0A0A,0x0A0A,0x0A0A,

	0x1A0A,0x0A1A,0x0A18,0x1A0A,0x180A,0x180A,0x0A1A,0x1A1A,
	0x1A0A,0x0A0A,0x0A0A,0x0A1A,0x0A0A,0x1A1A,0x1A1A,0x3B1A,
	0x0A0A,0x1A1A,0x1A1A,0x1A1A,0x1A1A,0x1A1A,0x1A1A,0x1A1A,
	0x0A1A,0x1A1A,0x1A1A,0x1A1A,0x0A0A,0x1A1A,0x1A1A,0x1A1A,
	0x1A1A,0x1A1A,0x1A1A,0x1A1A,0x1A1A,0x1A1A,0x1A1A,0x1A1A,
	0x1A1A,0x1A1A,0x1A1A,0x1A1A,0x1A1A,0x1A1A,0x1A1A,0x1A1A,
	0x1A1A,0x1A1A,0x1A1A,0x1A1A,0x1A1A,0x1A1A,0x1A1A,0x1A1A,
	0x1A1A,0x1A1A,0x1A1A,0x1A1A,0x1A1A,0x1A1A,0x1A1A,0x1A1A,

	0x1A1A,0x1A1A,0xA81A,0xA879,0x1A1A,0x1A1A,0xA81A,0xA879,
	0x1A1A,0x1A1A,0xA81A,0xA879,0x1A1A,0x1A1A,0xA81A,0xA879,
	0x1A1A,0x1A1A,0xA81A,0xA879,0x1A1A,0x1A1A,0xA81A,0xA879,
	0x1A1A,0x1A1A,0xA81A,0xA879,0x1A1A,0x1A1A,0xA81A,0xA879,
	0x2379,0x2323,0x2323,0x2323,0x2379,0x2323,0x2323,0x2323,
	0x2379,0x2323,0x2323,0x2323,0x2381,0x2323,0x2323,0x2323,
	0x8179,0x7981,0x7979,0x8181,0x2379,0x2323,0x2323,0x2323,
	0x2379,0x2323,0x2323,0x2323,0x2379,0x2323,0x2323,0x2323,

	0x2323,0x2323,0x2323,0x2323,0x2323,0x2323,0x2323,0x2323,
	0x2323,0x2323,0x2323,0x2323,0x2323,0x2323,0x2323,0x2323,
	0x8181,0x7979,0x7979,0x7979,0x7923,0x2323,0x2323,0x2323,
	0x7923,0x2323,0x2323,0x2323,0x7923,0x2323,0x2323,0x2323,
	0x7979,0x4B4B,0x4B4B,0x4B4B,0x7979,0x5A5A,0x5A5A,0x5A5A,
	0x7979,0x5A5A,0x5A5A,0x5A5A,0x7979,0x5A5A,0x5A5A,0x5A5A,
	0x8181,0x5A5A,0x5A5A,0x5A5A,0x7979,0xA879,0xA8A8,0xA8A8,
	0x7979,0x2379,0x2323,0x2323,0x7979,0xA079,0xA0A0,0xA0A0,

	0x4B4B,0x4B4B,0x4B4B,0x4B4B,0x5A5A,0x5A5A,0x5A5A,0x5A5A,
	0x5A5A,0x5A5A,0x5A5A,0x5A5A,0x5A5A,0x5A5A,0x5A5A,0x5A5A,
	0x5A5A,0x5A5A,0x5A5A,0x5A5A,0xA8A8,0xA8A8,0xA8A8,0xA8A8,
	0x2323,0x2323,0x2323,0x2323,0xA0A0,0xA0A0,0xA0A0,0xA0A0,
	0x4B4B,0x4B4B,0x4B4B,0x4B4B,0x5A5A,0x5A99,0x4B5A,0x4B4B,
	0x5A5A,0x5A5A,0x5A5A,0x5A5A,0x5A5A,0x5A5A,0x5A5A,0x5A5A,
	0x5A5A,0x7979,0x7979,0x7979,0xA8A8,0xA8A8,0xA8A8,0xA8A8,
	0x2323,0x2323,0x2323,0x2323,0xA0A0,0xA0A0,0xA0A0,0xA0A0,

	0x4B4B,0x4B4B,0x4B4B,0x904B,0x5A4B,0x5A5A,0x5A5A,0x5A5A,
	0x5A5A,0x5A5A,0x5A5A,0x5A5A,0x795A,0x7979,0x5A79,0x5A5A,
	0x7979,0x7979,0x7979,0x7979,0xA8A8,0xA8A8,0xA8A8,0xA8A8,
	0x2323,0x2323,0x2323,0x2323,0xA0A0,0xA0A0,0xA0A0,0xA0A0,
	0x9090,0x4B4B,0x9999,0x3F99,0x5A5A,0x5A5A,0x9999,0x3F99,
	0x5A5A,0x5A5A,0x5A5A,0x3F99,0x795A,0x7979,0x5A5A,0x725A,
	0x7979,0x7979,0x7979,0x7279,0xA8A8,0xA8A8,0xA8A8,0xA8A8,
	0x2323,0x2323,0x2323,0x2323,0xA0A0,0xA0A0,0xA0A0,0xA0A0,

	0x4B4B,0x4B4B,0x4B4B,0x4B4B,0x5A5A,0x5A5A,0x5A5A,0x5A5A,
	0x5A5A,0x5A5A,0x5A5A,0x5A5A,0x5A5A,0x5A5A,0x5A5A,0x5A5A,
	0x5A5A,0x5A5A,0x5A5A,0x5A5A,0xA8A8,0xA8A8,0xA8A8,0xA8A8,
	0x2323,0x2323,0x2323,0x2323,0xA0A0,0xA0A0,0xA0A0,0xA0A0,
	0x4B4B,0x4B4B,0x4B4B,0x4B4B,0x5A5A,0x995A,0x5A5A,0x5A5A,
	0x5A5A,0x5A5A,0x5A5A,0x5A5A,0x5A5A,0x5A5A,0x5A5A,0x5A5A,
	0x5A5A,0x5A5A,0x5A5A,0x5A5A,0xA8A8,0xA8A8,0xA8A8,0xA8A8,
	0x2323,0x2323,0x2323,0x2323,0xA0A0,0xA0A0,0xA0A0,0xA0A0,

	0x4B4B,0x4B4B,0x4B3F,0x4B4B,0x5A5A,0x995A,0x5A3F,0x5A5A,
	0x5A5A,0x5A5A,0x5A3F,0x5A5A,0x5A5A,0x5A5A,0x5A72,0x5A5A,
	0x5A5A,0x5A5A,0x5A72,0x5A5A,0xA8A8,0xA8A8,0xA8A8,0xA8A8,
	0x2323,0x2323,0x2323,0x2323,0xA0A0,0xA0A0,0xA0A0,0xA0A0,
	0x4B4B,0x4B4B,0x4B4B,0x4B4B,0x5A5A,0xA3A3,0xA3A3,0xA3A3,
	0x5A5A,0xA3A3,0xA3A3,0xA3A3,0x5A5A,0xA3A3,0xA3A3,0xA3A3,
	0x5A5A,0xA3A3,0xA3A3,0xA3A3,0xA8A8,0xA3A3,0xA3A3,0xA3A3,
	0x2323,0xA3A3,0xA3A3,0xA3A3,0xA0A0,0xA3A3,0xA3A3,0xA3A3,

	0x4B4B,0xA34B,0x4B4B,0x4B4B,0xA3A3,0x1AA3,0x4B4B,0x4B4B,
	0xA3A3,0x1AA3,0x0A0A,0x4B4B,0xA3A3,0x1AA3,0x0A0A,0x0A0A,
	0xA3A3,0x72A3,0x1A1A,0x1A1A,0xA3A3,0x1AA3,0x0A0A,0x0A0A,
	0xA3A3,0x1AA3,0x0A0A,0x0A0A,0xA3A3,0x1AA3,0x0A0A,0x4B0A,
	0x994B,0x4B4B,0x4B4B,0x4B4B,0x994B,0x4B99,0x4B4B,0x4B4B,
	0x4B4B,0x4B4B,0x4B4B,0x4B4B,0x0A0A,0x0A4B,0x0A4B,0x4B4B,
	0x1A1A,0x1A1A,0x1A1A,0x2323,0x4B0A,0x4B0A,0x4B4B,0x4B4B,
	0x0A0A,0x4B4B,0x4B4B,0x4B4B,0x4B4B,0x4B4B,0x0A4B,0x4B4B,

	0x4B4B,0x4B4B,0x4B4B,0x4B4B,0x4B4B,0x4B4B,0x4B4B,0x4B4B,
	0x4B4B,0x4B4B,0x4B4B,0x4B4B,0x4B4B,0x4B4B,0x4B4B,0x4B4B,
	0x2323,0x1A23,0x1A1A,0x0A0A,0x4B4B,0x4B0A,0x0A4B,0x0A0A,
	0x4B4B,0x4B0A,0x0A4B,0x4B0A,0x4B4B,0x4B0A,0x4B4B,0x4B4B,
	0x4B4B,0x4B4B,0x4B4B,0x4B4B,0x4B4B,0x4B4B,0x4B4B,0x0A4B,
	0x4B4B,0x4B4B,0x4B4B,0x0A4B,0x4B4B,0x0A4B,0x0A0A,0x0A0A,
	0x0A0A,0x1A0A,0x1A1A,0x1A1A,0x4B4B,0x4B4B,0x4B4B,0x4B4B,
	0x4B4B,0x4B4B,0x4B4B,0x4B4B,0x4B4B,0x4B4B,0x4B4B,0x4B4B,

	0x4B4B,0x4B4B,0xA3A3,0x4B4B,0x0A4B,0x4B4B,0x1A1A,0xA3A3,
	0x0A4B,0x0A0A,0x1A1A,0xA3A3,0x0A0A,0x0A0A,0x1A1A,0xA3A3,
	0x1A1A,0x1A1A,0x7272,0xA3A3,0x4B4B,0x0A4B,0x1A1A,0xA3A3,
	0x0A4B,0x0A4B,0x1A1A,0xA3A3,0x4B4B,0x4B0A,0x1A1A,0xA3A3,
	0x4B4B,0x4B4B,0x4B4B,0x4B4B,0xA3A3,0xA3A3,0xA3A3,0x5AA3,
	0xA3A3,0xA3A3,0xA3A3,0x5AA3,0xA3A3,0xA3A3,0xA3A3,0x5AA3,
	0xA3A3,0xA3A3,0xA3A3,0x5AA3,0xA3A3,0xA3A3,0xA3A3,0xA8A3,
	0xA3A3,0xA3A3,0xA3A3,0x23A3,0xA3A3,0xA3A3,0xA3A3,0xA0A3,

	0x4B4B,0x4B4B,0x4B79,0x4B4B,0x5A5A,0x5A5A,0x9972,0x9999,
	0x5A5A,0x5A5A,0x9972,0x9999,0x5A5A,0x5A5A,0x7972,0x7979,
	0x5A5A,0x5A5A,0x7972,0x7979,0xA8A8,0xA8A8,0xA8A8,0xA8A8,
	0x2323,0x2323,0x2323,0x2323,0xA0A0,0xA0A0,0xA0A0,0xA0A0,
	0x4B4B,0x4B4B,0x4B4B,0x4B4B,0x5A5A,0x5A5A,0x5A5A,0x4B5A,
	0x5A5A,0x5A5A,0x5A5A,0x5A5A,0x7979,0x7979,0x7979,0x7979,
	0x7979,0x7979,0x7979,0x7979,0xA8A8,0xA8A8,0xA8A8,0xA8A8,
	0x2323,0x2323,0x2323,0x2323,0xA0A0,0xA0A0,0xA0A0,0xA0A0,

	0x4B4B,0x4B4B,0x4B4B,0x4B4B,0x4B4B,0x4B90,0x994B,0x9999,
	0x5A5A,0x9999,0x9999,0x9999,0x7979,0x5A79,0x5A5A,0x795A,
	0x7979,0x7979,0x7979,0x7979,0xA8A8,0xA8A8,0xA8A8,0xA8A8,
	0x2323,0x2323,0x2323,0x2323,0xA0A0,0xA0A0,0xA0A0,0xA0A0,
	0x994B,0x4B4B,0x4B4B,0x4B4B,0x5A99,0x5A5A,0x5A5A,0x5A5A,
	0x7999,0x5A5A,0x5A5A,0x5A5A,0x7279,0x5A5A,0x5A5A,0x5A5A,
	0x7979,0x5A5A,0x5A5A,0x5A5A,0xA8A8,0xA8A8,0x23A8,0x2323,
	0x2323,0x2323,0x2323,0x2323,0xA0A0,0xA0A0,0xA0A0,0xA0A0,

	0x4B4B,0x4B4B,0x4B4B,0x4B4B,0x4B4B,0x4B4B,0x4B4B,0x4B4B,
	0x4B4B,0x4B4B,0x4B4B,0x4B4B,0x4B4B,0x4B4B,0x4B4B,0x4B4B,
	0x4B4B,0x4B4B,0x4B4B,0x4B4B,0x4B4B,0x4B4B,0x4B4B,0x4B4B,
	0x4B4B,0x4B4B,0x4B4B,0x4B4B,0x4B4B,0x4B4B,0x4B4B,0x4B4B,
	0x0A4B,0x0A0A,0x0A0A,0x0A0A,0x464B,0x460A,0x460A,0x0A0A,
	0x464B,0x1846,0x0A46,0x0A0A,0x184B,0x0A46,0x0A18,0x0A0A,
	0x184B,0x1846,0x0A0A,0x0A0A,0x464B,0x180A,0x1A1A,0x0A0A,
	0x464B,0x0A0A,0x0A0A,0x0A0A,0x0A4B,0x0A0A,0x0A0A,0x0A0A,

	0x0A0A,0x0A0A,0x0A0A,0x0A0A,0x0A0A,0x0A0A,0x0A0A,0x0A0A,
	0x0A0A,0x0A0A,0x0A0A,0x0A0A,0x0A0A,0x320A,0x320A,0x1A1A,
	0x0A0A,0x0A0A,0x0A0A,0x1A0A,0x0A0A,0x0A0A,0x0A32,0x0A0A,
	0x0A0A,0x0A0A,0x0A0A,0x0A0A,0x0A0A,0x0A0A,0x0A0A,0x0A0A,
	0x320A,0x320A,0x0A0A,0x0A0A,0x0A0A,0x0A0A,0x3232,0x0A0A,
	0x0A0A,0x0A0A,0x0A32,0x0A0A,0x0A1A,0x0A0A,0x0A0A,0x0A1A,
	0x0A1A,0x0A0A,0x1A0A,0x1A1A,0x0A0A,0x0A0A,0x0A0A,0x1A0A,
	0x0A0A,0x0A0A,0x0A0A,0x1A0A,0x0A0A,0x0A0A,0x0A0A,0x0A0A,

	0x0A0A,0x0A1A,0x0A0A,0x1A1A,0x0A0A,0x0A0A,0x0A0A,0x1A0A,
	0x0A0A,0x0A0A,0x0A0A,0x0A0A,0x1A1A,0x0A0A,0x0A0A,0x0A0A,
	0x1A1A,0x0A1A,0x0A0A,0x0A0A,0x1A0A,0x0A0A,0x0A0A,0x0A0A,
	0x0A0A,0x0A0A,0x0A0A,0x0A1A,0x0A0A,0x0A0A,0x0A0A,0x0A0A,
	0x1A1A,0x1A1A,0x1A1A,0x1A1A,0x1A1A,0x0A1A,0x1A1A,0x1A1A,
	0x0A1A,0x0A0A,0x1A0A,0x1A1A,0x0A0A,0x0A0A,0x1A1A,0x1A1A,
	0x0A0A,0x0A1A,0x1A1A,0x1A1A,0x1A0A,0x1A1A,0x1A1A,0x1A1A,
	0x1A0A,0x1A1A,0x1A1A,0x1A1A,0x0A0A,0x1A1A,0x1A1A,0x1A1A,

	0x1A1A,0x1A1A,0x1A1A,0x1A1A,0x1A1A,0x1A1A,0x1A1A,0x1A1A,
	0x1A1A,0x1A1A,0x1A1A,0x1A1A,0x1A1A,0x1A1A,0x1A1A,0x1A1A,
	0x1A1A,0x1A1A,0x1A1A,0x1A1A,0x1A1A,0x1A1A,0x1A1A,0x1A1A,
	0x1A1A,0x1A1A,0x1A1A,0x1A1A,0x1A1A,0x1A1A,0x1A1A,0x1A1A,
	0x1A1A,0x1A1A,0x1A1A,0x1A1A,0x1A1A,0x1A1A,0x1A1A,0x1A1A,
	0x1A1A,0x1A1A,0x1A1A,0x1A1A,0x1A1A,0x1A1A,0x1A1A,0x1A1A,
	0x1A1A,0x1A1A,0x1A1A,0x1A1A,0x1A1A,0x1A1A,0x1A1A,0x1A1A,
	0x1A1A,0x1A1A,0x1A1A,0x1A1A,0x1A1A,0x1A1A,0x1A1A,0x1A1A,

	0x1A1A,0x0F9B,0xB137,0x3737,0x1A1A,0x0F0F,0x0F0F,0x0F0F,
	0x0F1A,0x0F0F,0x0F0F,0x0F0F,0x1A1A,0x370F,0x0F0F,0x0F0F,
	0x0F0F,0x370F,0x370F,0x0F0F,0x3737,0x0F0F,0x0F0F,0x0F0F,
	0x0F37,0x0F0F,0x0F0F,0x0F0F,0x0F0F,0x0F0F,0x0F37,0x0F0F,
	0x3737,0x3737,0x3737,0x0F0F,0x0F0F,0x0F0F,0x3737,0x0F0F,
	0x0F0F,0x0F0F,0x370F,0x0F0F,0x0F0F,0x0F37,0x0F0F,0x0F0F,
	0x0F0F,0x0F37,0x0F0F,0x0F0F,0x0F0F,0x370F,0x0F0F,0x0F0F,
	0x0F0F,0x370F,0x0F37,0x3737,0x0F0F,0x0F37,0x3737,0x0F0F,

	0x0F0F,0x0F0F,0x0F0F,0x0F0F,0x0F0F,0x0F0F,0x0F0F,0x0F0F,
	0x0F0F,0x0F0F,0x0F0F,0x0F0F,0x0F0F,0x0F0F,0x0F0F,0x0F0F,
	0x0F37,0x0F0F,0x0F0F,0x0F0F,0x0F0F,0x0F0F,0x0F0F,0x0F0F,
	0x0F0F,0x0F0F,0x0F0F,0x0F0F,0x0F0F,0x0F0F,0x0F0F,0x0F0F,
	0x0F0F,0x0F0F,0x0F0F,0x0F0F,0x0F0F,0x0F0F,0x0F0F,0x0F0F,
	0x0F0F,0x0F0F,0x0F0F,0x0F0F,0x0F0F,0x0F0F,0x0F0F,0x0F37,
	0x0F0F,0x0F0F,0x0F0F,0x370F,0x0F0F,0x370F,0x0F0F,0x0F37,
	0x0F0F,0x370F,0x370F,0x3737,0x370F,0x0F0F,0x0F37,0x0F0F,

	0x0F0F,0x0F0F,0x0F0F,0x0F0F,0x0F0F,0x0F0F,0x0F0F,0x0F0F,
	0x370F,0x0F0F,0x0F0F,0x0F0F,0x0F0F,0x0F0F,0x0F0F,0x0F0F,
	0x0F0F,0x0F0F,0x0F0F,0x0F0F,0x0F0F,0x0F0F,0x0F0F,0x0F0F,
	0x3737,0x0F0F,0x0F0F,0x0F0F,0x0F0F,0x0F37,0x3737,0x0F0F,
	0x0F0F,0xBDB1,0x6262,0xBDBD,0x370F,0x0F0F,0x0F0F,0x6262,
	0x0F0F,0x0F0F,0x0F0F,0xBDBD,0x0F0F,0x0F0F,0x0F0F,0x0F0F,
	0x0F0F,0x0F0F,0x0F0F,0x0F0F,0x0F0F,0x0F0F,0x0F0F,0x0F0F,
	0x0F0F,0x0F0F,0x0F0F,0x0F0F,0x0F37,0x3737,0x0F0F,0xB1B1,

	0x2E62,0x2E2E,0x9B2E,0x2E2E,0x6262,0x9B62,0x2E2E,0x9B9B,
	0x622E,0x2E9B,0x9B9B,0x9B9B,0x9B2E,0x9B9B,0x9B9B,0x9B9B,
	0x9B9B,0x9B9B,0x4D9B,0x9B9B,0x2E2E,0x9B9B,0x9B9B,0x6868,
	0x9B2E,0x9B9E,0x6868,0x6868,0x9B9B,0x4D4D,0x6868,0x6868,
	0x2E2E,0x9B9B,0x1A1A,0x1A4D,0x9B2E,0x9B9B,0x4D9B,0x1A1A,
	0x9B9B,0x4D9B,0x4D4D,0x1A1A,0x9B4D,0x9B9B,0x1A4D,0x1A68,
	0x681A,0x9E9B,0x684D,0x1A4D,0x689E,0x4D4D,0x4D9E,0x9E4D,
	0x9E68,0x1A4D,0x4D9E,0x9E9E,0x6868,0x9E9E,0x9E9E,0x1A9E,

	0x9B1A,0x9B9B,0x9B9B,0x2E9B,0x1A1A,0x1A1A,0x9B9B,0x9B9B,
	0x1A1A,0x1A1A,0x9B9B,0x9B9B,0x1A1A,0x1A1A,0x1A1A,0x9B9B,
	0x1A1A,0x1A1A,0x1A1A,0x9B9B,0x4D1A,0x1A1A,0x1A1A,0x9B9B,
	0x4D4D,0x1A10,0x1A1A,0x1A1A,0x9E9E,0x1A1A,0x1A1A,0x1A1A,
	0x9B9B,0x9B62,0x62BD,0xBDBD,0x9B9B,0x629B,0x6262,0x62BD,
	0x9B9B,0x622E,0x9B2E,0x6262,0x9B9B,0x9B2E,0x9B9B,0x9B9B,
	0x9B9B,0x9B9B,0x9B9B,0x9B9B,0x9B1A,0x1A9B,0x9B9B,0x9B9B,
	0x1A1A,0x1A1A,0x9B9B,0x9B9B,0x1A1A,0x1A1A,0x9B1A,0x9B9B,

	0xBDBD,0xBD62,0x62BD,0x6262,0xBDBD,0x62BD,0xBD62,0xBD62,
	0x62BD,0x62BD,0x6262,0x6262,0x9B2E,0x6262,0x6262,0x6262,
	0x9B2E,0x8484,0x625C,0x5C9B,0x9B9B,0x9B9B,0x7B7B,0x2E9B,
	0x9B9B,0x9B9B,0x7B7B,0x2E51,0x9B9B,0x9B9B,0x519B,0x6767,
	0xBD62,0x6262,0x272E,0x2727,0x2E62,0x2E62,0x2727,0x27BD,
	0x6262,0x6262,0x2727,0xBDBD,0x5C5C,0x5C5C,0x2727,0x2727,
	0x6767,0x7B5C,0x2727,0x2727,0xB5B5,0x7BB5,0x2727,0x2727,
	0xB57B,0x2EB5,0x272E,0x2727,0x7B67,0xB5B5,0x2727,0xBDBD,

	0x2727,0xBD27,0xBD27,0xBDBD,0x27BD,0x2727,0x2727,0x2727,
	0x2727,0x2727,0x2727,0x2727,0xBDBD,0x2727,0x2727,0x2727,
	0x2727,0x2727,0x2727,0xBDBD,0x2727,0x2727,0x2727,0xBDBD,
	0x2727,0x2727,0x2727,0xBDBD,0xBDBD,0x2727,0xBDBD,0x2727,
	0xBDBD,0x6262,0x6262,0xBDBD,0xBDBD,0xBD27,0x2E62,0xBDBD,
	0xBDBD,0xBD27,0x6262,0x27BD,0xBDBD,0x27BD,0xBD62,0x27BD,
	0xBDBD,0x2727,0x27BD,0x27BD,0xBD27,0xBD27,0xBDBD,0x2727,
	0xBD27,0xBDBD,0xBDBD,0x2727,0xBDBD,0x6262,0x27BD,0xBDBD,

	0x27BD,0x2727,0x27BD,0x2727,0xBDBD,0xBDBD,0x27BD,0x27BD,
	0xBD27,0x2727,0xBDBD,0x27BD,0xBDBD,0x2727,0xBDBD,0xBDBD,
	0xBDBD,0x2727,0x2727,0xBDBD,0x2727,0x2727,0x2727,0xBD27,
	0x2727,0x2727,0x2727,0xBDBD,0x2727,0x2727,0x2727,0x2727,
	0x2727,0xBDBD,0xBDBD,0xBDBD,0xBD27,0x27BD,0x6227,0x2727,
	0x27BD,0x27BD,0x6262,0x2727,0xBDBD,0xBDBD,0x62BD,0xBD62,
	0xBD62,0xBD62,0x2E62,0xBDBD,0xBDBD,0x6262,0x6262,0xBD62,
	0xBDBD,0x62BD,0xBDBD,0xBDBD,0xBDBD,0xBD27,0xBDBD,0xBD62,

	0xBDBD,0xBDBD,0xBDBD,0x2727,0x27BD,0x2727,0x2727,0x2727,
	0x2727,0xBD27,0x2727,0x2727,0x2727,0x2727,0x2727,0x2727,
	0x2727,0x2727,0x2727,0x2727,0x2727,0x2727,0x2727,0x2727,
	0x27BD,0x2727,0x2727,0x2727,0x2727,0xBDBD,0x2727,0x2727,
	0x2727,0x2762,0x2E62,0x2E2E,0x2727,0x2727,0x2727,0x9E2E,
	0x2727,0x2727,0x2727,0x2E2E,0x2727,0x2727,0xBDBD,0x2727,
	0x2727,0x2727,0x27BD,0x2727,0x2727,0x2727,0x2727,0x2E27,
	0x2727,0x2727,0x2727,0x2727,0x2727,0x2727,0x2727,0x2E27,

	0x7979,0x7979,0x7979,0x7979,0x2323,0x2323,0x2323,0x2323,
	0x2323,0x2323,0x2323,0x2323,0x2323,0x2323,0x2323,0x2323,
	0x2323,0x2323,0x2323,0x2323,0x2323,0x2323,0x2323,0x2323,
	0x2323,0x2323,0x2323,0x2323,0x9797,0x8123,0x9723,0x9797,
	0x7979,0x7979,0x8179,0x7979,0x2323,0x2323,0x8179,0x7979,
	0x2323,0x2323,0x8179,0x7979,0x2323,0x2323,0x8179,0x7979,
	0x2323,0x2323,0x8179,0x7979,0x2323,0x2323,0x8179,0x7979,
	0x2323,0x2323,0x8181,0x7979,0x7A97,0x977A,0x9179,0xA891,

	0x7979,0x2323,0x2323,0x2323,0x7979,0x2323,0x2323,0x2323,
	0x7979,0x2323,0x2323,0x2323,0x7979,0x2323,0x2323,0x2323,
	0x7979,0x2323,0x2323,0x2323,0x7979,0x2323,0x2323,0x2323,
	0x7979,0x2323,0x2323,0x2323,0xA8A8,0xA8A8,0xA8A8,0xA8A8,
	0x2323,0x2323,0x2323,0x2323,0x2323,0x2323,0x2323,0x2323,
	0x2323,0x2323,0x2323,0x2323,0x2323,0x2323,0x2323,0x2323,
	0x2323,0x2323,0x2323,0x2323,0x2323,0x2323,0x2323,0x2323,
	0x2323,0x2323,0x2323,0x2323,0xA8A8,0xA8A8,0xA8A8,0xA8A8,

	0x2323,0x7979,0x1AA8,0x1A1A,0x2323,0x7979,0x1AA8,0x1A1A,
	0x2323,0x7979,0x1AA8,0x1A1A,0x2323,0x7979,0x1AA8,0x1A1A,
	0x2323,0x7979,0x1AA8,0x1A1A,0x2323,0x7981,0x1AA8,0x1A1A,
	0x2323,0x7981,0x1A79,0x1A1A,0xA8A8,0x79A8,0x1AA8,0x1A1A,
	0x1A1A,0x1A1A,0x1A1A,0x1A1A,0x1A1A,0x1A1A,0x1A1A,0x1A1A,
	0x1A1A,0x1A1A,0x1A1A,0x1A1A,0x1A1A,0x1A1A,0x1A1A,0x1A1A,
	0x1A1A,0x1A1A,0x1A1A,0x1A1A,0x1A1A,0x1A1A,0x1A1A,0x1A1A,
	0x1A1A,0x1A1A,0x1A1A,0x1A1A,0x1A1A,0x1A1A,0x1A1A,0x0A0A,

	0x1A1A,0x1A1A,0x1A1A,0x1A1A,0x1A1A,0x0A0A,0x1A1A,0x0A1A,
	0x1A1A,0x0A1A,0x1A1A,0x0A0A,0x5454,0x5454,0x5454,0x5454,
	0x5454,0x5454,0x5454,0x5454,0x5454,0x5454,0x5454,0x5454,
	0x5454,0x5454,0x5454,0x5454,0x5454,0x5454,0x5454,0x5454,
	0x0A1A,0x0A0A,0x0A0A,0x0A0A,0x0A0A,0x0A0A,0x320A,0x0A0A,
	0x0A32,0x0A1A,0x320A,0x0A0A,0x320A,0x320A,0x1A1A,0x0A0A,
	0x5454,0x3254,0x0A32,0x0A0A,0x5454,0x0A54,0x0A0A,0x0A0A,
	0x5454,0x0A54,0x0A0A,0x0A0A,0x5454,0x1A54,0x0A0A,0x460A,

	0x5454,0x540F,0x5454,0x5454,0x5454,0x549F,0x5454,0x5454,
	0x5454,0x5454,0x5454,0x5454,0x5454,0x5454,0x5454,0x5454,
	0x5454,0x5454,0x5454,0x5454,0x5454,0x5454,0x5454,0x5454,
	0x5454,0x5454,0x5454,0x5454,0x5454,0x9F58,0x5454,0x5454,
	0x5454,0x5454,0x589F,0x5858,0x5454,0x5454,0x549F,0x5454,
	0x5454,0x5454,0x549F,0x5454,0x5454,0x5454,0x5454,0x5454,
	0x5454,0x5454,0x5454,0x5454,0x5454,0x5454,0x549F,0x5454,
	0x5454,0x5454,0x549F,0x5454,0x5454,0x5454,0x540F,0x0A54,

	0x5858,0x5858,0x5858,0x5458,0x5454,0x5454,0x5454,0x5418,
	0x5454,0x5454,0x5454,0x540A,0x5454,0x5454,0x5454,0x540A,
	0x5454,0x5454,0x5454,0x540A,0x5454,0x5454,0x5454,0x540A,
	0x5454,0x0A54,0x5454,0x540A,0x5454,0x0A0A,0x5858,0x580A,
	0x5454,0x5454,0x5454,0x5454,0x5454,0x5454,0x5454,0x5454,
	0x5454,0x5454,0x5454,0x5454,0x5454,0x5454,0x5454,0x5454,
	0x5454,0x5454,0x5454,0x5454,0x5454,0x5454,0x5454,0x5454,
	0x5454,0x5454,0x5454,0x5454,0x0A58,0x580A,0x580A,0x5818,

	0x5454,0x0A0A,0x0A0A,0x0A0A,0x5454,0x0A0A,0x0A0A,0x0A0A,
	0x5454,0x0A0A,0x0A0A,0x0A0A,0x5454,0x0A0A,0x0A0A,0x0A0A,
	0x5454,0x0A0A,0x0A0A,0x0A0A,0x5454,0x5454,0x5454,0x5454,
	0x5454,0x5454,0x5454,0x5454,0x5858,0x5454,0x5454,0x5454,
	0x0A0A,0x0A0A,0x0A0A,0x1A0A,0x0A0A,0x1A1A,0x0A0A,0x1A1A,
	0x0A0A,0x0A0A,0x1A1A,0x1A0A,0x0A32,0x0A0A,0x1A0A,0x1A1A,
	0x0A32,0x0A0A,0x1A0A,0x1A0A,0x5454,0x0A0A,0x0A0A,0x1A0A,
	0x5454,0x0A0A,0x0A0A,0x0A0A,0x5454,0x0A0A,0x0A0A,0x0A0A,

	0x1A1A,0x1A1A,0x1A1A,0x1A1A,0x1A1A,0x1A1A,0x1A1A,0x1A1A,
	0x1A1A,0x1A1A,0x1A1A,0x1A1A,0x1A1A,0x1A0A,0x1A1A,0x1A1A,
	0x1A1A,0x1A0A,0x1A0A,0x1A1A,0x0A0A,0x0A0A,0x1A1A,0x1A1A,
	0x1A0A,0x1A0A,0x0A0A,0x1A1A,0x1A1A,0x1A1A,0x1A1A,0x1A1A,
	0x1A1A,0x1A1A,0x1A1A,0x1A1A,0x1A1A,0x1A1A,0x1A1A,0x1A1A,
	0x1A1A,0x1A1A,0x1A1A,0x1A1A,0x1A1A,0x1A1A,0x1A1A,0x1A1A,
	0x1A1A,0x1A1A,0x1A1A,0x1A1A,0x1A1A,0x1A1A,0x1A1A,0x1A1A,
	0x1A1A,0x1A1A,0x1A1A,0x1A1A,0x1A1A,0x1A1A,0x1A1A,0x1A1A,

	0x1A1A,0x1A1A,0xA81A,0xA879,0x1A1A,0x1A1A,0xA81A,0xA879,
	0x1A1A,0x1A1A,0xA81A,0xA879,0x1A1A,0x1A1A,0xA81A,0xA879,
	0x1A1A,0x1A1A,0xA81A,0xA879,0x1A1A,0x1A1A,0xA81A,0xA879,
	0x1A1A,0x1A1A,0x791A,0xA879,0x1A1A,0x1A1A,0xA81A,0xA879,
	0x2379,0x2323,0x2323,0x2323,0x2379,0x2323,0x2323,0x2323,
	0x2379,0x2323,0x2323,0x2323,0x2379,0x2323,0x2323,0x2323,
	0x2379,0x2323,0x2323,0x2323,0x2381,0x2323,0x2323,0x2323,
	0x8181,0x2323,0x2323,0x2323,0xA8A8,0xA8A8,0xA8A8,0xA8A8,

	0x7923,0x2323,0x2323,0x2323,0x7923,0x2323,0x2323,0x2323,
	0x7923,0x2323,0x2323,0x2323,0x7923,0x2323,0x2323,0x2323,
	0x7923,0x2323,0x2323,0x2323,0x7923,0x2323,0x2323,0x2323,
	0x7923,0x2323,0x2323,0x2323,0xA8A8,0xA8A8,0xA8A8,0xA8A8,
	0x7979,0x7979,0x7981,0x7979,0x7979,0x7979,0x2381,0x2323,
	0x7979,0x7979,0x2381,0x2323,0x7979,0x7979,0x2381,0x2323,
	0x7979,0x7979,0x2381,0x2323,0x7979,0x7979,0x2381,0x2323,
	0x7979,0x7979,0x8181,0x2323,0xA8A8,0x91A8,0x7991,0x7A97,

	0x7979,0x7979,0x7979,0x7979,0x2323,0x2323,0x2323,0x2323,
	0x2323,0x2323,0x2323,0x2323,0x2323,0x2323,0x2323,0x2323,
	0x2323,0x2323,0x2323,0x2323,0x2323,0x2323,0x2323,0x2323,
	0x2323,0x2323,0x2323,0x2323,0x977A,0x2379,0x9797,0x7A7A,
	0x7979,0x7979,0x7979,0x7979,0x2323,0x2323,0x2323,0x2323,
	0x2323,0x2323,0x2323,0x2323,0x2323,0x2323,0x2323,0x2323,
	0x2323,0x2323,0x2323,0x2323,0x2323,0x2323,0x2323,0x2323,
	0x2323,0x2323,0x2323,0x2323,0x7A7A,0x7A7A,0x7A7A,0x7A7A,

	0x7979,0x7979,0x7979,0x7979,0x2323,0x2323,0x2323,0x2323,
	0x2323,0x2323,0x2323,0x2323,0x2323,0x2323,0x2323,0x2323,
	0x2323,0x2323,0x2323,0x2323,0x2323,0x2323,0x2323,0x2323,
	0x2323,0x2323,0x2323,0x2323,0x7A7A,0x7A7A,0x7A7A,0x7A7A,
	0x7979,0x7979,0x7979,0x7979,0x2323,0x2323,0x2323,0x2323,
	0x2323,0x2323,0x2323,0x2323,0x2323,0x2323,0x2323,0x2323,
	0x2323,0x2323,0x2323,0x2323,0x2323,0x2323,0x2323,0x2323,
	0x2323,0x2323,0x2323,0x2323,0x7997,0x7A97,0x7A7A,0x7A7A,

	0x7979,0x7979,0x7979,0x8179,0x2323,0x2323,0x2323,0x7923,
	0x2323,0x2323,0x2323,0x7923,0x2323,0x2323,0x2323,0x7923,
	0x2323,0x2323,0x2323,0x7923,0x2323,0x2323,0x2323,0x7923,
	0x2323,0x2323,0x2323,0x8123,0x7A7A,0x7A7A,0x7A79,0x7A7A,
	0x7979,0x7979,0x7979,0x7979,0x2323,0x2323,0x2323,0x2323,
	0x2323,0x2323,0x2323,0x2323,0x2323,0x2323,0x2323,0x2323,
	0x2323,0x2323,0x2323,0x2323,0x2323,0x2323,0x2323,0x2323,
	0x2323,0x2323,0x2323,0x2323,0xA87A,0xA8A8,0xA8A8,0xA8A8,

	0x7979,0x7979,0x7979,0x7979,0x2323,0x2323,0x2323,0x2323,
	0x2323,0x2323,0x2323,0x2323,0x2323,0x2323,0x2323,0x2323,
	0x2323,0x2323,0x2323,0x2323,0x2323,0x2323,0x2323,0x2323,
	0x2323,0x2323,0x2323,0x2323,0xA8A8,0x797A,0x7A7A,0x7A7A,
	0x7979,0xA3A3,0xA3A3,0xA3A3,0x7979,0xA3A3,0xA3A3,0xA3A3,
	0x7979,0xA3A3,0xA3A3,0xA3A3,0x7979,0x7979,0x7979,0x7979,
	0x7979,0xA3A3,0xA3A3,0xA3A3,0x7979,0xA3A3,0xA3A3,0xA3A3,
	0x7979,0xA3A3,0xA3A3,0xA3A3,0x7979,0xA3A3,0xA3A3,0xA3A3,

	0xA3A3,0x1AA3,0x4B0A,0x4B0A,0xA3A3,0x1AA3,0x0A0A,0x0A0A,
	0xA3A3,0x72A3,0x1A1A,0x1A1A,0x7979,0x1A79,0x0A0A,0x0A4B,
	0xA3A3,0x1AA3,0x0A0A,0x4B4B,0xA3A3,0x1AA3,0x0A0A,0x0A0A,
	0xA3A3,0x1AA3,0x0A0A,0x0A0A,0xA3A3,0x1AA3,0x0A0A,0x0A4B,
	0x4B4B,0x4B4B,0x4B4B,0x4B4B,0x0A0A,0x0A1A,0x0A4B,0x0A0A,
	0x1A1A,0x1A1A,0x2323,0x2323,0x4B4B,0x4B4B,0x0A0A,0x0A0A,
	0x4B0A,0x4B0A,0x0A0A,0x4B4B,0x0A0A,0x4B4B,0x0A4B,0x4B4B,
	0x0A0A,0x0A0A,0x4B4B,0x4B4B,0x0A4B,0x0A0A,0x0A0A,0x4B0A,

	0x0A4B,0x0A0A,0x4B4B,0x4B4B,0x0A0A,0x0A0A,0x0A0A,0x0A0A,
	0x2323,0x2323,0x2323,0x2323,0x4B4B,0x0A0A,0x0A0A,0x0A4B,
	0x0A4B,0x0A0A,0x4B0A,0x4B4B,0x4B4B,0x0A4B,0x4B4B,0x4B4B,
	0x4B4B,0x4B4B,0x4B4B,0x4B4B,0x4B0A,0x0A0A,0x4B4B,0x4B4B,
	0x4B4B,0x4B4B,0x4B4B,0x4B4B,0x4B0A,0x4B4B,0x0A4B,0x0A0A,
	0x2323,0x2323,0x2323,0x2323,0x0A4B,0x0A0A,0x0A0A,0x0A0A,
	0x4B4B,0x4B4B,0x4B4B,0x4B4B,0x4B4B,0x4B4B,0x4B4B,0x4B4B,
	0x4B4B,0x4B4B,0x4B4B,0x4B0A,0x4B4B,0x4B0A,0x0A0A,0x0A0A,

	0x0A4B,0x0A0A,0x1A1A,0xA3A3,0x0A0A,0x0A0A,0x1A1A,0xA3A3,
	0x2323,0x2323,0x7272,0xA3A3,0x0A4B,0x0A0A,0x1A1A,0x7979,
	0x4B0A,0x0A0A,0x1A1A,0xA3A3,0x0A0A,0x0A0A,0x1A1A,0xA3A3,
	0x0A0A,0x4B0A,0x1A1A,0xA3A3,0x0A4B,0x0A0A,0x1A1A,0xA3A3,
	0xA3A3,0xA3A3,0xA3A3,0x79A3,0xA3A3,0xA3A3,0xA3A3,0x79A3,
	0xA3A3,0xA3A3,0xA3A3,0x79A3,0x7979,0x7979,0x7979,0x7979,
	0xA3A3,0xA3A3,0xA3A3,0x79A3,0xA3A3,0xA3A3,0xA3A3,0x79A3,
	0xA3A3,0xA3A3,0xA3A3,0x79A3,0xA3A3,0xA3A3,0xA3A3,0x79A3,

	0x7979,0x7979,0x7979,0x7979,0x2323,0x2323,0x2323,0x2323,
	0x2323,0x2323,0x2323,0x2323,0x2323,0x2323,0x2323,0x2323,
	0x2323,0x2323,0x2323,0x2323,0x2323,0x2323,0x2323,0x2323,
	0x2323,0x2323,0x2323,0x2323,0x7A7A,0x7A7A,0x7A7A,0x7A7A,
	0x7979,0x7979,0x7979,0x7979,0x2323,0x2323,0x2323,0x2323,
	0x2323,0x2323,0x2323,0x2323,0x2323,0x2323,0x2323,0x2323,
	0x2323,0x2323,0x2323,0x2323,0x2323,0x2323,0x2323,0x7A23,
	0x2323,0x2323,0x2323,0x2323,0x7A7A,0x7A7A,0x7A7A,0x7997,

	0x7979,0x7979,0x7981,0x7979,0x2323,0x2323,0x2379,0x2323,
	0x2323,0x2323,0x2379,0x2323,0x2323,0x2323,0x2379,0x2323,
	0x2323,0x2323,0x2379,0x2323,0x2323,0x2323,0x2379,0x2323,
	0x2323,0x2323,0x2381,0x2323,0x7A7A,0x7A7A,0x7A7A,0x7A7A,
	0x7979,0x7979,0x7979,0x7979,0x2323,0x2323,0x2323,0x7979,
	0x2323,0x2323,0x2323,0x7979,0x2323,0x2323,0x2323,0x7979,
	0x2323,0x2323,0x2323,0x7979,0x2323,0x2323,0x2323,0x7979,
	0x2323,0x2323,0x2323,0x7979,0x7A7A,0x7A7A,0x7A7A,0x7979,

	0x7979,0x7979,0x7979,0x7979,0x4B4B,0x4B4B,0x4B4B,0x4B4B,
	0x4B4B,0x4B4B,0x4B4B,0x4B4B,0x4B4B,0x4B4B,0x4B4B,0x4B4B,
	0x4B4B,0x4B4B,0x4B4B,0x4B4B,0x4B4B,0x4B4B,0x4B4B,0x4B4B,
	0x4B4B,0x4B4B,0x4B4B,0x4B4B,0x4B4B,0x4B4B,0x4B4B,0x4B4B,
	0x0A79,0x0A0A,0x0A0A,0x0A0A,0x3B4B,0x0A0A,0x0A0A,0x0A18,
	0x3B4B,0x0A1A,0x1A0A,0x0A18,0x1A4B,0x1A1A,0x0A0A,0x0A0A,
	0x1A4B,0x0A1A,0x0A0A,0x0A0A,0x0A4B,0x0A0A,0x1A0A,0x1A1A,
	0x0A4B,0x180A,0x1A0A,0x1A1A,0x184B,0x1A0A,0x1A1A,0x1A1A,

	0x0A0A,0x0A0A,0x0A0A,0x0A1A,0x0A0A,0x0A0A,0x1A1A,0x1A1A,
	0x1A0A,0x0A0A,0x1A1A,0x0A1A,0x1A1A,0x0A1A,0x0A0A,0x180A,
	0x1A1A,0x1A1A,0x1A0A,0x0A0A,0x1A1A,0x0A1A,0x1A1A,0x1A0A,
	0x1A0A,0x0A0A,0x1A0A,0x0A0A,0x0A1A,0x1A1A,0x1A0A,0x0A0A,
	0x0A0A,0x0A0A,0x0A0A,0x0A0A,0x0A1A,0x0A0A,0x0A0A,0x0A0A,
	0x0A18,0x0A0A,0x0A0A,0x0A0A,0x0A1A,0x0A1A,0x0A1A,0x0A0A,
	0x0A0A,0x0A0A,0x0A0A,0x0A0A,0x1A1A,0x0A0A,0x0A0A,0x0A0A,
	0x1A0A,0x1A0A,0x0A0A,0x0A0A,0x0A0A,0x0A1A,0x0A0A,0x0A0A,

	0x0A0A,0x0A0A,0x0A0A,0x0A0A,0x0A0A,0x0A0A,0x0A0A,0x1818,
	0x0A0A,0x180A,0x0A0A,0x180A,0x0A18,0x1818,0x0A0A,0x0A0A,
	0x1818,0x1A18,0x0A0A,0x0A0A,0x181A,0x0A0A,0x0A0A,0x0A0A,
	0x0A0A,0x0A0A,0x0A0A,0x1A0A,0x0A0A,0x0A0A,0x0A0A,0x0A1A,
	0x0A0A,0x1A0A,0x1A1A,0x1A1A,0x0A0A,0x1A0A,0x1A1A,0x1A1A,
	0x0A0A,0x1A1A,0x1A0A,0x1A1A,0x181A,0x0A1A,0x0A0A,0x1A0A,
	0x0A0A,0x0A0A,0x0A0A,0x1A0A,0x0A0A,0x0A0A,0x1A0A,0x1A1A,
	0x0A1A,0x0A0A,0x1A0A,0x1A1A,0x1A1A,0x1A0A,0x1A1A,0x1A1A,

	0x1A1A,0x1A1A,0x1A1A,0x1A1A,0x1A1A,0x1A1A,0x1A1A,0x1A1A,
	0x1A1A,0x1A1A,0x1A1A,0x1A1A,0x1A0A,0x1A1A,0x1A1A,0x1A1A,
	0x1A1A,0x1A1A,0x1A1A,0x1A1A,0x1A1A,0x1A1A,0x1A1A,0x1A1A,
	0x1A1A,0x1A1A,0x1A1A,0x1A1A,0x1A1A,0x1A1A,0x1A1A,0x1A1A,
	0x1A1A,0x1A1A,0x1A1A,0x1A1A,0x1A1A,0x1A1A,0x1A1A,0x1A1A,
	0x1A1A,0x1A1A,0x1A1A,0x1A1A,0x1A1A,0x1A1A,0x1A1A,0x1A1A,
	0x1A1A,0x1A1A,0x1A1A,0x1A1A,0x1A1A,0x1A1A,0x1A1A,0x1A1A,
	0x1A1A,0x1A1A,0x1A1A,0x371A,0x1A1A,0x1A1A,0x1A1A,0xB11A,

	0x3737,0x0F0F,0x0F37,0x0F0F,0x0F0F,0x0F0F,0x370F,0x0F0F,
	0x0F0F,0x0F37,0x0F37,0x0F0F,0x0F1A,0x370F,0x3737,0x0F37,
	0xB11A,0x370F,0x370F,0x0F0F,0xB137,0xB184,0xB1B1,0x3737,
	0x3737,0x84B1,0xB1B1,0xB1B1,0x3737,0xB1B1,0xB1B1,0x370F,
	0x0F0F,0x370F,0x0F37,0x0F0F,0x370F,0x3737,0x3737,0x370F,
	0x370F,0x370F,0x3737,0x3737,0x0F37,0x3737,0x3737,0x3737,
	0x0F37,0x3737,0x3737,0x3737,0x0F37,0x3737,0x0F0F,0x0F0F,
	0x0F0F,0x3737,0x0F0F,0x0F0F,0x0F37,0x0F0F,0x0F0F,0x0F0F,

	0x0F0F,0x0F0F,0x0F0F,0x0F0F,0x0F0F,0x3737,0x0F0F,0x0F0F,
	0x370F,0x0F0F,0x0F37,0x0F0F,0x0F37,0x0F0F,0x0F0F,0x0F0F,
	0x370F,0x0F0F,0x0F0F,0x0F0F,0x0F0F,0x0F0F,0x0F0F,0x0F0F,
	0x0F0F,0x0F37,0x0F0F,0x370F,0x0F0F,0x0F0F,0x0F0F,0x3737,
	0x370F,0x0F0F,0x0F37,0x3737,0x0F0F,0x0F0F,0x3737,0x370F,
	0x0F0F,0x370F,0x3737,0x370F,0x0F0F,0x0F0F,0x0F0F,0x3737,
	0x0F0F,0x370F,0x0F0F,0x3737,0x0F0F,0x3737,0x3737,0xB1B1,
	0x0F0F,0x370F,0xB137,0xB137,0x3737,0x3737,0xB1B1,0x37B1,

	0x0F0F,0x3737,0x3737,0x3737,0x37B1,0x3737,0x3737,0x3737,
	0xB1B1,0x3737,0x37B1,0xB1B1,0x84B1,0xB1B1,0x3737,0x3737,
	0xB184,0xB1B1,0x3737,0x0F37,0xB1B1,0x3737,0x370F,0x370F,
	0x37B1,0x0F37,0x370F,0x3737,0x37B1,0x3737,0x0F37,0x3737,
	0x3737,0x3737,0x370F,0xB1B1,0x3737,0x3737,0x0F37,0x0F0F,
	0x3737,0x0F0F,0x0F37,0x0F0F,0x3737,0x0F37,0x0F0F,0x0F0F,
	0x3737,0x0F0F,0x0F0F,0x0F0F,0x0F0F,0x370F,0x0F0F,0x0F0F,
	0x370F,0x0F37,0x0F0F,0x0F0F,0x0F0F,0x370F,0x0F0F,0x0F0F,

	0x0F37,0x4D4D,0x6868,0x6868,0x0F0F,0x0F0F,0x6868,0x1A68,
	0x0F0F,0x0F0F,0x1A0F,0x1A1A,0x0F0F,0x0F0F,0x0D37,0x9E19,
	0x0F37,0x0F0F,0x7137,0x9E9E,0x370F,0x3737,0x9E37,0x1A1A,
	0x370F,0x370F,0x3737,0x1A1A,0x0F0F,0x0F0F,0x0F0F,0x0A10,
	0x6868,0x9E9E,0x9E68,0x1A9E,0x6868,0x9E9E,0x9E9E,0x9E9E,
	0x1A9E,0x9E9E,0x9E9E,0x9E9E,0x9E9E,0x9E1A,0x1A9E,0x9E9E,
	0x9E9E,0x1A1A,0x1A9E,0x9E9E,0x1A1A,0x1A1A,0x1A1A,0x1A1A,
	0x1A1A,0x1A1A,0x1A1A,0x1A1A,0x1A1A,0x1A1A,0x1A1A,0x1A1A,

	0x1A9E,0x1A1A,0x1A1A,0x1A1A,0x1A1A,0x1A9E,0x1A1A,0x1A1A,
	0x9E1A,0x1A1A,0x1A1A,0x1A1A,0x9E9E,0x1A1A,0x1A1A,0x1A1A,
	0x9E9E,0x9E1A,0x1A9E,0x1A1A,0x1A9E,0x9E9E,0x109E,0x1A1A,
	0x1A1A,0x1A1A,0x1A1A,0x1A1A,0x1A1A,0x1A1A,0x1A1A,0x1A1A,
	0x1A1A,0x1A1A,0x9B1A,0x9B9B,0x1A1A,0x1A1A,0x1A1A,0x9B9B,
	0x1A1A,0x1A1A,0x1A1A,0x1A1A,0x1A1A,0x1A1A,0x1A1A,0x1A1A,
	0x1A1A,0x1A1A,0x1A1A,0x1A1A,0x1A1A,0x1A1A,0x1A1A,0x1A1A,
	0x1A1A,0x1A1A,0x1A1A,0x1A1A,0x1A1A,0x1A1A,0x1A1A,0x1A1A,

	0x9B9B,0x9B9B,0x9B9B,0xB5B5,0x9B9B,0x9B9B,0x9B9B,0xB551,
	0x9B9B,0x9B9B,0x9B9B,0x679B,0x1A1A,0x9B9B,0x1A1A,0x8484,
	0x1A1A,0x1A1A,0x1A1A,0x8484,0x1A1A,0x1A1A,0x1A1A,0x8484,
	0x1A1A,0x1A1A,0x1A1A,0x1A1A,0x101A,0x1A1A,0x1010,0x101A,
	0x7B67,0x2EB5,0x2E2E,0xBDBD,0xB5B5,0x2E2E,0x622E,0x2762,
	0xB567,0x2E2E,0x2727,0x6262,0x7B84,0x2727,0x2727,0xBDBD,
	0x2784,0x27B5,0x2727,0xBDBD,0x271A,0x2727,0x2727,0x2727,
	0x2727,0x2727,0x2727,0x2727,0xBD27,0xBD27,0x2727,0xBD27,

	0xBD27,0x2727,0xBDBD,0xBD27,0xBD62,0x2727,0x2727,0xBDBD,
	0xBD62,0xBDBD,0x2727,0x6262,0x62BD,0x6262,0x6262,0x6262,
	0xBDBD,0x62BD,0xBDBD,0x6262,0x2727,0xBDBD,0x62BD,0x6262,
	0xBDBD,0xBDBD,0xBD62,0xBD62,0xBD27,0xBDBD,0x62BD,0x6262,
	0xBD27,0xBD62,0xBDBD,0xBDBD,0x62BD,0x6262,0xBDBD,0x2727,
	0xBDBD,0xBD62,0xBDBD,0x2727,0x2E2E,0x2762,0x2727,0x2727,
	0x6262,0x2762,0x2727,0x27BD,0xBD62,0x6262,0xBDBD,0x2727,
	0x6262,0x6262,0xBDBD,0x2727,0xBDBD,0xBD62,0xBD62,0xBDBD,

	0x2727,0x2727,0x2727,0x2727,0x2727,0x2727,0x2727,0xBD27,
	0x2727,0x2727,0x2727,0x2727,0x2727,0x2727,0x2727,0x2727,
	0x2727,0x2727,0x2727,0x2727,0xBD27,0x2727,0x2727,0x2727,
	0x27BD,0x2727,0x2727,0x2727,0x27BD,0x2727,0x2727,0x2727,
	0x2727,0x2727,0x27BD,0xBDBD,0x2727,0x2727,0xBD27,0x62BD,
	0x27BD,0x2727,0xBD27,0xBDBD,0x2727,0x2727,0x27BD,0xBD27,
	0x2727,0x2727,0x2727,0x27BD,0x2727,0xBD27,0xBD27,0xBD27,
	0x2727,0xBDBD,0xBDBD,0xBD27,0xBDBD,0xBD27,0xBD27,0xBDBD,

	0xBD27,0x2727,0x2727,0x2727,0x27BD,0xBDBD,0xBDBD,0x2727,
	0x27BD,0xBDBD,0xBDBD,0x2727,0x62BD,0xBD27,0x27BD,0x2727,
	0xBDBD,0x2727,0xBDBD,0xBDBD,0xBDBD,0xBDBD,0x2727,0xBDBD,
	0xBDBD,0xBDBD,0x2727,0x27BD,0x27BD,0x2727,0x27BD,0x2727,
	0x2727,0x2727,0xBDBD,0xBDBD,0x2727,0xBD27,0xBD27,0x6262,
	0x2727,0xBD27,0xBDBD,0x6262,0xBDBD,0x6262,0xBDBD,0x6262,
	0xBDBD,0x6227,0xBD27,0x6262,0x27BD,0x27BD,0x2727,0xBDBD,
	0x27BD,0x2727,0x2727,0x2727,0x2727,0x2727,0x2727,0x2727,

	0x2323,0x7923,0x2323,0x2323,0x2323,0x7923,0x2323,0x2323,
	0x2323,0x2323,0x2323,0x2323,0x2323,0x2323,0x2323,0x2323,
	0x2323,0x2323,0x2323,0x2323,0x2323,0x7923,0x2323,0x2323,
	0x2323,0x7923,0x2323,0x2323,0x2323,0x7923,0x2323,0x2323,
	0x2323,0x2323,0x9179,0xA891,0x2323,0x2323,0x9179,0x7979,
	0x2323,0x2323,0x9179,0xA8A8,0x2323,0x2323,0x9179,0xA8A8,
	0x2323,0x2323,0x9179,0xA8A8,0x2323,0x2323,0x9179,0xA8A8,
	0x2323,0x2323,0x9179,0xA8A8,0x2323,0x2323,0x9179,0xA8A8,

	0xA8A8,0xA8A8,0xA8A8,0xA8A8,0x7979,0x7979,0x7979,0x7979,
	0xA8A8,0xA8A8,0xA879,0xA8A8,0x7979,0x7979,0x79A0,0x7979,
	0x7979,0x7979,0x79A0,0x7979,0x7979,0x7979,0x79A0,0x7979,
	0x7979,0x7979,0x79A0,0x7979,0x7979,0x7979,0x79A0,0x1A79,
	0xA8A8,0xA8A8,0xA8A8,0xA8A8,0x7979,0x7979,0x7979,0x7979,
	0xA8A8,0xA8A8,0x79A8,0xA8A8,0x7979,0x7979,0xA079,0x7979,
	0x7979,0x7979,0xA079,0x7979,0x7979,0x7979,0xA079,0x7979,
	0x7979,0x7979,0xA079,0x7979,0x7979,0x7979,0xA079,0x7979,

	0xA8A8,0x79A8,0x1AA8,0x1A1A,0x7979,0x7979,0x1AA8,0x1A1A,
	0xA8A8,0xA8A8,0x1AA8,0x1A1A,0x7979,0x7979,0x1A79,0x1A1A,
	0x7979,0x7979,0x1A79,0x1A1A,0x7979,0x7979,0x1A79,0x1A1A,
	0x7979,0x7979,0x1A79,0x1A1A,0x7979,0x1A79,0x1A79,0x1A1A,
	0x1A1A,0x1A1A,0x0A1A,0x1A1A,0x1A1A,0x1A1A,0x1A1A,0x1A1A,
	0x1A1A,0x1A1A,0x1A1A,0x1A1A,0x1A1A,0x1A1A,0x1A1A,0x1A1A,
	0x1A1A,0x1A1A,0x5454,0x5454,0x1A1A,0x1A1A,0x5454,0x5454,
	0x1A1A,0x1A1A,0x5454,0x5454,0x1A1A,0x1A1A,0x5454,0x5454,

	0x5454,0x5454,0x5454,0x5454,0x5454,0x5454,0x5454,0x5454,
	0x5454,0x5454,0x5454,0x5454,0x1A58,0x581A,0x1A54,0x0A54,
	0x1A58,0x0A1A,0x1A58,0x1846,0x5454,0x0A1A,0x1A1A,0x460A,
	0x5454,0x0A1A,0x0A0A,0x1A0A,0x5454,0x0A1A,0x0A0A,0x1A0A,
	0x5454,0x1A54,0x0A0A,0x0A46,0x5454,0x0A54,0x180A,0x0A0A,
	0x5454,0x0A54,0x460A,0x0A0A,0x5446,0x1854,0x4618,0x0A0A,
	0x5846,0x4658,0x0A46,0x0A0A,0x0A46,0x5454,0x5454,0x5454,
	0x0A1A,0x5454,0x5454,0x5454,0x1A32,0x5454,0x5454,0x5454,

	0x5454,0x9F0A,0x5454,0x5454,0x5454,0x0F0A,0x0A54,0x5454,
	0x9F9F,0x0F0A,0x0A54,0x540A,0x5454,0x5454,0x0A0A,0x0A0A,
	0x5454,0x5454,0x0A0A,0x5454,0x5454,0x5454,0x0A0A,0x5454,
	0x5454,0x5454,0x0A0A,0x5454,0x5454,0x5454,0x0A0A,0x5454,
	0x5454,0x5454,0x5858,0x0A58,0x540A,0x0A54,0x3B0A,0x5454,
	0x0A0A,0x0A0A,0x1A1A,0x5454,0x0A0A,0x0A0A,0x0A0A,0x5454,
	0x5454,0x5454,0x5454,0x5454,0x5454,0x5454,0x5454,0x5454,
	0x5454,0x5454,0x5454,0x5454,0x5454,0x5454,0x5454,0x0A58,

	0x0A58,0x0A0A,0x5858,0x580A,0x5454,0x5454,0x0A0A,0x0A0A,
	0x5454,0x5454,0x0A0A,0x5454,0x5454,0x5454,0x0A0A,0x5454,
	0x5454,0x5454,0x0A0A,0x5454,0x5454,0x5454,0x0A0A,0x5454,
	0x5454,0x5454,0x0A0A,0x5454,0x0A58,0x0A58,0x0A0A,0x5454,
	0x0A0A,0x0A0A,0x0A0A,0x1818,0x0A0A,0x540A,0x5454,0x5454,
	0x5454,0x5454,0x5454,0x5454,0x5454,0x5454,0x5454,0x5454,
	0x5454,0x5454,0x5454,0x5454,0x5454,0x5454,0x5454,0x5454,
	0x5454,0x5454,0x5454,0x5454,0x5454,0x5454,0x5454,0x5454,

	0x0A58,0x5454,0x5454,0x5454,0x1854,0x5454,0x5454,0x5454,
	0x1854,0x5454,0x5454,0x5454,0x0A54,0x5454,0x5454,0x5454,
	0x0A54,0x5454,0x5454,0x5454,0x0A54,0x0A54,0x5454,0x5454,
	0x0A54,0x0A58,0x580A,0x580A,0x0A54,0x0A0A,0x0A0A,0x0A0A,
	0x5454,0x0A0A,0x0A0A,0x0A0A,0x5454,0x0A0A,0x0A0A,0x0A0A,
	0x5454,0x0A0A,0x0A0A,0x1A0A,0x5454,0x0A0A,0x0A0A,0x0A1A,
	0x5454,0x0A0A,0x0A0A,0x1A1A,0x5454,0x0A0A,0x0A0A,0x0A0A,
	0x580A,0x0A0A,0x0A0A,0x0A0A,0x0A0A,0x0A0A,0x0A0A,0x0A0A,

	0x1A1A,0x1A1A,0x1A1A,0x1A1A,0x1A0A,0x1A1A,0x1A0A,0x1A1A,
	0x1A0A,0x1A0A,0x1A0A,0x1A1A,0x0A0A,0x0A0A,0x1A1A,0x1A1A,
	0x0A0A,0x0A0A,0x1A1A,0x1A1A,0x1A0A,0x0A0A,0x1A1A,0x1A1A,
	0x0A0A,0x0A0A,0x1A1A,0x1A1A,0x0A18,0x0A0A,0x0A0A,0x0A0A,
	0x1A1A,0x1A1A,0x1A1A,0x1A1A,0x0A0A,0x0A1A,0x1A1A,0x1A1A,
	0x0A0A,0x1A0A,0x1A1A,0x1A1A,0x0A1A,0x1A1A,0x1A1A,0x1A1A,
	0x0A0A,0x0A0A,0x1A1A,0x1A1A,0x1A1A,0x0A0A,0x0A0A,0x0A1A,
	0x0A0A,0x0A0A,0x0A0A,0x0A0A,0x0A0A,0x0A0A,0x0A18,0x0A0A,

	0x1A1A,0x1A1A,0xA81A,0xA879,0x1A1A,0x1A1A,0xA81A,0x7979,
	0x1A1A,0x1A1A,0xA81A,0xA8A8,0x1A1A,0x1A1A,0x791A,0x7979,
	0x1A1A,0x1A1A,0x791A,0x7979,0x1A0A,0x1A1A,0x791A,0x7979,
	0x1A0A,0x1A0A,0x791A,0x7979,0x0A0A,0x1A1A,0x791A,0x791A,
	0xA8A8,0xA8A8,0xA8A8,0xA8A8,0x7979,0x7979,0x7979,0x7979,
	0xA8A8,0xA8A8,0xA879,0xA8A8,0x7979,0x7979,0x79A0,0x7979,
	0x7979,0x7979,0x79A0,0x7979,0x7979,0x7979,0x79A0,0x7979,
	0x7979,0x7979,0x79A0,0x7979,0x7979,0x7979,0x79A0,0x7979,

	0xA8A8,0xA8A8,0xA8A8,0xA8A8,0x7979,0x7979,0x7979,0x7979,
	0xA8A8,0xA8A8,0x79A8,0xA8A8,0x7979,0x7979,0xA079,0x7979,
	0x7979,0x7979,0xA079,0x7979,0x7979,0x7979,0xA079,0x7979,
	0x7979,0x7979,0xA079,0x7979,0x7979,0x7979,0xA079,0x7979,
	0xA8A8,0x91A8,0x7991,0x2323,0x7979,0x7979,0x7991,0x2323,
	0xA8A8,0xA8A8,0x7991,0x2323,0x7979,0xA8A8,0x7991,0x2323,
	0x7979,0xA8A8,0x7991,0x2323,0x7979,0xA8A8,0x7991,0x2323,
	0x7979,0xA8A8,0x7991,0x2323,0x7979,0xA8A8,0x7991,0x2323,

	0x2323,0x2379,0x2323,0x2323,0x2323,0x2379,0x2323,0x2323,
	0x2323,0x2323,0x2323,0x2323,0x2323,0x2323,0x2323,0x2323,
	0x2323,0x2323,0x2323,0x2323,0x2323,0x2379,0x2323,0x2323,
	0x2323,0x2379,0x2323,0x2323,0x2323,0x2379,0x2323,0x2323,
	0x2323,0x2323,0x2323,0x2323,0x2323,0x2323,0x2323,0x2323,
	0x2323,0x2323,0x2323,0x2323,0x2323,0x2323,0x2323,0x2323,
	0x2323,0x2323,0x2323,0x2323,0x2323,0x2323,0x2323,0x2323,
	0x2323,0x2323,0x2323,0x2323,0x2323,0x2323,0x2323,0x2323,

	0x2323,0x2323,0x2323,0x2323,0x2323,0x2323,0x2323,0x2323,
	0x2323,0x2323,0x2323,0x2323,0x2323,0x2323,0x2323,0x2323,
	0x2323,0x2323,0x2323,0x2323,0x2323,0x2323,0x2323,0x2323,
	0x2323,0x2323,0x2323,0x2323,0x2323,0x2323,0x2323,0x2323,
	0x7923,0x2323,0x2323,0x2323,0x7923,0x2323,0x2323,0x2323,
	0x2323,0x2323,0x2323,0x2323,0x2323,0x2323,0x2323,0x2323,
	0x7923,0x2323,0x2323,0x2323,0x7923,0x2323,0x2323,0x2323,
	0x2323,0x2323,0x2323,0x2323,0x7923,0x2323,0x2323,0x2323,

	0x7A7A,0x7A7A,0x7A79,0x7A7A,0x2323,0x2323,0x2381,0x2323,
	0x2323,0x2323,0x2381,0x2323,0x2323,0x2323,0x2381,0x2323,
	0x2323,0x2323,0x2381,0x2323,0x2323,0x2323,0x2381,0x2323,
	0x2323,0x2323,0x2381,0x2323,0x2323,0x2323,0x2381,0x2323,
	0xA8A8,0xA8A8,0xA8A8,0xA8A8,0x2323,0x2323,0x2323,0x2323,
	0x2323,0x2323,0x2323,0x2323,0x2323,0x2323,0x2323,0x2323,
	0x2323,0x2323,0x2323,0x2323,0x2323,0x2323,0x2323,0x2323,
	0x2323,0x2323,0x2323,0x2323,0x2323,0x2323,0x2323,0x2323,

	0x7AA8,0x797A,0x237A,0x2323,0x2323,0x8123,0x2323,0x2323,
	0x2323,0x8123,0x2323,0x2323,0x2323,0x8123,0x2323,0x2323,
	0x2323,0x8123,0x2323,0x2323,0x2323,0x8123,0x2323,0x2323,
	0x2323,0x8123,0x2323,0x2323,0x2323,0x8123,0x2323,0x2323,
	0x7979,0xA3A3,0xA3A3,0xA3A3,0x7979,0xA3A3,0xA3A3,0xA3A3,
	0x7979,0xA3A3,0xA3A3,0xA3A3,0x7979,0xA3A3,0xA3A3,0xA3A3,
	0x7979,0xA3A3,0xA3A3,0xA3A3,0x7979,0xA3A3,0xA3A3,0xA3A3,
	0x7979,0xA3A3,0xA3A3,0xA3A3,0x7979,0xA3A3,0xA3A3,0xA3A3,

	0xA3A3,0x72A3,0x1A1A,0x2323,0xA3A3,0x1AA3,0x4B4B,0x4B4B,
	0xA3A3,0x1AA3,0x4B0A,0x4B4B,0xA3A3,0x1AA3,0x4B0A,0x4B4B,
	0xA3A3,0x1AA3,0x0A0A,0x0A4B,0xA3A3,0x1A4B,0x0A0A,0x0A0A,
	0xA3A3,0x724B,0x1A1A,0x1A1A,0xA3A3,0x1AA3,0x4B0A,0x0A0A,
	0x2323,0x1A1A,0x231A,0x2323,0x4B4B,0x4B4B,0x4B0A,0x4B4B,
	0x4B4B,0x4B4B,0x4B4B,0x4B4B,0x4B0A,0x4B4B,0x4B4B,0x4B4B,
	0x4B0A,0x0A4B,0x4B4B,0x4B4B,0x0A0A,0x0A0A,0x0A0A,0x4B0A,
	0x1A1A,0x1A1A,0x1A1A,0x2323,0x0A0A,0x0A0A,0x0A0A,0x4B0A,

	0x2323,0x2323,0x1A23,0x1A1A,0x0A0A,0x4B4B,0x0A0A,0x4B0A,
	0x4B0A,0x4B4B,0x4B4B,0x4B4B,0x4B4B,0x4B4B,0x4B4B,0x4B4B,
	0x4B4B,0x4B4B,0x4B4B,0x4B4B,0x4B4B,0x4B4B,0x4B4B,0x4B4B,
	0x2323,0x2323,0x2323,0x2323,0x4B4B,0x4B4B,0x4B4B,0x4B4B,
	0x1A1A,0x1A1A,0x1A1A,0x231A,0x4B0A,0x4B4B,0x4B4B,0x4B4B,
	0x4B0A,0x4B4B,0x4B4B,0x0A4B,0x4B4B,0x4B4B,0x4B4B,0x4B4B,
	0x4B4B,0x4B4B,0x4B4B,0x0A0A,0x4B4B,0x0A4B,0x0A0A,0x0A0A,
	0x1A1A,0x1A1A,0x1A1A,0x1A1A,0x4B4B,0x4B4B,0x4B4B,0x4B4B,

	0x2323,0x1A1A,0x7272,0xA3A3,0x0A0A,0x4B4B,0x1A1A,0xA3A3,
	0x0A0A,0x4B4B,0x1A1A,0xA3A3,0x0A0A,0x0A0A,0x1A1A,0xA3A3,
	0x0A0A,0x0A0A,0x1A1A,0xA3A3,0x0A0A,0x0A0A,0x1A1A,0xA3A3,
	0x1A1A,0x1A1A,0x7272,0xA3A3,0x0A4B,0x0A0A,0x1A1A,0xA3A3,
	0xA3A3,0xA3A3,0xA3A3,0x79A3,0xA3A3,0xA3A3,0xA3A3,0x79A3,
	0xA3A3,0xA3A3,0xA3A3,0x79A3,0xA3A3,0xA3A3,0xA3A3,0x79A3,
	0xA3A3,0xA3A3,0xA3A3,0x79A3,0xA3A3,0xA3A3,0xA3A3,0x79A3,
	0xA3A3,0xA3A3,0xA3A3,0x79A3,0xA3A3,0xA3A3,0xA3A3,0x79A3,

	0x2323,0x2323,0x2323,0x2323,0x2323,0x2323,0x2323,0x2323,
	0x2323,0x2323,0x2323,0x2323,0x2323,0x2323,0x2323,0x2323,
	0x2323,0x2323,0x2323,0x2323,0x2323,0x2323,0x2323,0x2323,
	0x2323,0x2323,0x2323,0x2323,0x2323,0x2323,0x2323,0x2323,
	0x2323,0x2323,0x2323,0x7923,0x2323,0x2323,0x2323,0x7923,
	0x2323,0x2323,0x2323,0x7923,0x2323,0x2323,0x2323,0x7923,
	0x2323,0x2323,0x2323,0x7923,0x2323,0x2323,0x2323,0x7923,
	0x2323,0x2323,0x2323,0x7923,0x2323,0x2323,0x2323,0x7923,

	0x2323,0x2323,0x2323,0x2323,0x2323,0x2323,0x2323,0x2323,
	0x2323,0x2323,0x2323,0x2323,0x2323,0x2323,0x2323,0x2323,
	0x2323,0x2323,0x2323,0x2323,0x2323,0x2323,0x2323,0x2323,
	0x2323,0x2323,0x2323,0x2323,0x2323,0x2323,0x2323,0x2323,
	0x2323,0x2323,0x2323,0x7979,0x2323,0x2323,0x2323,0x7979,
	0x2323,0x2323,0x2323,0x7979,0x2323,0x2323,0x2323,0x7979,
	0x2323,0x2323,0x2323,0x7979,0x2323,0x2323,0x2323,0x7979,
	0x2323,0x2323,0x2323,0x7979,0x2323,0x2323,0x2323,0x7979,

	0x4B4B,0x4B4B,0x4B4B,0x4B4B,0x4B4B,0x4B4B,0x4B4B,0x4B4B,
	0x4B4B,0x4B4B,0x4B4B,0x4B4B,0x4B4B,0x4B4B,0x4B4B,0x4B4B,
	0x4B4B,0x4B4B,0x4B4B,0x4B4B,0x4B4B,0x4B4B,0x4B4B,0x4B4B,
	0x4B4B,0x4B4B,0x4B4B,0x4B4B,0x4B4B,0x4B4B,0x4B4B,0x4B4B,
	0x184B,0x0A0A,0x0A1A,0x1A1A,0x0A4B,0x0A0A,0x3B1A,0x1A1A,
	0x1A4B,0x0A0A,0x1A1A,0x1A1A,0x1A4B,0x3B1A,0x1A1A,0x1A1A,
	0x1A4B,0x1A1A,0x1A1A,0x1A1A,0x1A4B,0x0A0A,0x1A1A,0x1A1A,
	0x0A4B,0x1A0A,0x1A1A,0x1A1A,0x1A4B,0x1A1A,0x1A1A,0x1A1A,

	0x1A1A,0x1A1A,0x1A1A,0x0A1A,0x1A1A,0x1A0A,0x1A1A,0x1A1A,
	0x1A1A,0x1A1A,0x1A0A,0x1A1A,0x1A1A,0x1A1A,0x1A1A,0x0A1A,
	0x1A1A,0x1A1A,0x1A1A,0x180A,0x1A1A,0x1A1A,0x0A1A,0x1A0A,
	0x1A1A,0x1A1A,0x0A1A,0x1A1A,0x1A1A,0x1A1A,0x1A1A,0x1A1A,
	0x0A0A,0x0A0A,0x0A0A,0x320A,0x1A0A,0x320A,0x320A,0x0A0A,
	0x0A0A,0x320A,0x320A,0x320A,0x1A0A,0x1A1A,0x1A18,0x0A1A,
	0x1A18,0x1A1A,0x1A0A,0x1A1A,0x1A1A,0x1A1A,0x1A0A,0x0A32,
	0x1A1A,0x1A1A,0x0A0A,0x1A0A,0x1A0A,0x1A1A,0x0A1A,0x0A0A,

	0x0A0A,0x0A0A,0x0A0A,0x0A0A,0x0A0A,0x0A0A,0x0A0A,0x0A0A,
	0x0A0A,0x0A0A,0x0A0A,0x0A0A,0x0A0A,0x0A0A,0x0A0A,0x0A0A,
	0x0A1A,0x0A0A,0x0A0A,0x0A0A,0x0A32,0x0A32,0x0A0A,0x0A0A,
	0x1A0A,0x0A0A,0x0A0A,0x0A0A,0x320A,0x0A0A,0x0A0A,0x3232,
	0x0A0A,0x1A0A,0x1A1A,0x181A,0x0A0A,0x0A0A,0x0A1A,0x181A,
	0x0A0A,0x0A0A,0x1818,0x0A0A,0x0A0A,0x0A0A,0x1A1A,0x0A0A,
	0x0A0A,0x0A0A,0x1A0A,0x1A0A,0x0A0A,0x0A1A,0x1A1A,0x1A1A,
	0x0A0A,0x0A32,0x1A1A,0x1A1A,0x3232,0x320A,0x1A0A,0x0A0A,

	0x1A1A,0x1A1A,0x1A1A,0x1A1A,0x1A18,0x1A1A,0x1A1A,0x1A1A,
	0x1A1A,0x1A1A,0x1A1A,0x1A1A,0x0A0A,0x1A1A,0x1A1A,0x1A1A,
	0x0A0A,0x1A1A,0x1A1A,0x1A1A,0x1A1A,0x0A1A,0x0A1A,0x0F0F,
	0x0A1A,0x0A0A,0x0A0A,0x0F0F,0x0A0A,0x0A0A,0x0F0A,0x0F0F,
	0x1A1A,0x1A1A,0x3737,0x3737,0x1A1A,0x1A1A,0x3737,0x3737,
	0x1A1A,0x1A1A,0x3737,0x3737,0x1A1A,0x1A1A,0xB11A,0xB1B1,
	0x1A1A,0xB11A,0x3737,0x84B1,0x0F0F,0x3737,0xB1B1,0xB1B1,
	0x0F0F,0x3737,0x3737,0x3737,0x0F0F,0x0F0F,0x0F0F,0x0F37,

	0x3737,0xB1B1,0x0F0F,0x370F,0x3737,0x3737,0x0FB1,0x0F0F,
	0x37B1,0x37B1,0x3737,0x0F0F,0xB184,0x3737,0x0F0F,0x0F0F,
	0xB1B1,0x3737,0x0F0F,0x0F0F,0xB1B1,0x0F37,0x370F,0x0F0F,
	0xB1B1,0x0F37,0x3737,0x0F37,0x370F,0x37B1,0x3737,0x3737,
	0x0F0F,0x0F0F,0x0F0F,0x0F0F,0x0F0F,0x0F0F,0x0F0F,0x0F0F,
	0x0F0F,0x0F0F,0x0F0F,0x0F0F,0x370F,0x0F0F,0x0F0F,0x0F0F,
	0x370F,0x0F0F,0x0F0F,0x0F0F,0x0F37,0x0F0F,0x0F0F,0x0F0F,
	0x0F37,0x0F0F,0x0F0F,0x0F0F,0x3737,0x0F0F,0x0F0F,0x3737,

	0x0F0F,0x0F0F,0x0F0F,0x0F0F,0x0F0F,0x0F0F,0x0F0F,0x370F,
	0x0F0F,0x0F0F,0x0F0F,0x0F0F,0x0F0F,0x0F0F,0x0F0F,0x0F0F,
	0x0F0F,0x0F0F,0x0F0F,0x0F0F,0x0F0F,0x370F,0x0F0F,0x0F0F,
	0x0F0F,0x0F0F,0x0F0F,0x0F0F,0x3737,0x3737,0x0F0F,0x0F0F,
	0x3737,0xB1B1,0x37B1,0x37B1,0x3737,0x3737,0x3737,0x0F37,
	0x0F37,0x3737,0x0F37,0x0F37,0x3737,0x3737,0x0F0F,0x3737,
	0x3737,0x0F0F,0x0F0F,0x0F37,0x0F0F,0x0F0F,0x0F0F,0x0F0F,
	0x0F0F,0x0F0F,0x0F0F,0x0F0F,0x0F0F,0x0F0F,0x0F0F,0x370F,

	0xB137,0x0F37,0x370F,0x0F0F,0x3737,0x37B1,0x3737,0x0F0F,
	0x3737,0x3737,0x3737,0x0F37,0x0F37,0x0F37,0x3737,0x0F0F,
	0x0F37,0x3737,0x3737,0x3737,0x370F,0x0F0F,0x0F37,0x3737,
	0x0F37,0x0F0F,0x0F37,0x0F37,0x370F,0x0F0F,0x0F0F,0x370F,
	0x0F0F,0x0F0F,0x0F0F,0x0F0F,0x0F0F,0x0F0F,0x0F0F,0x0F0F,
	0x0F0F,0x0F0F,0x0F0F,0x0F0F,0x0F37,0x0F0F,0x0F0F,0x0F0F,
	0x0F37,0x0F0F,0x0F0F,0x0F0F,0x3737,0x3737,0x370F,0x0F0F,
	0x3737,0x0F0F,0x3737,0x370F,0x3737,0x3737,0x0F0F,0x3737,

	0x0F0F,0x0F0F,0x0F0F,0x0A0F,0x0F0F,0x0F0F,0x0F0F,0x8484,
	0x0F0F,0x0F0F,0x3737,0x8484,0x0F0F,0x0F0F,0x370F,0x8437,
	0x0F0F,0x370F,0x3737,0x0000,0x0F37,0x0F37,0x3737,0x3737,
	0x0F0F,0x370F,0x3737,0x3737,0x3737,0x3737,0x370F,0x370F,
	0x0A1A,0x1A1A,0x1A1A,0x1A1A,0x1A84,0x1A1A,0x1A1A,0x1A1A,
	0x1A84,0x1A1A,0x1A1A,0x1A1A,0x8484,0x1A1A,0x1A1A,0x1A1A,
	0x8484,0x1A00,0x1A1A,0x1A1A,0x0037,0x1A1A,0x1A1A,0x1A1A,
	0x0F00,0x0000,0x1A1A,0x1A1A,0x0F0F,0x0F0F,0x1A0F,0x1A1A,

	0x1A1A,0x1A1A,0x1A1A,0x1A1A,0x1A1A,0x1A1A,0x1A1A,0x101A,
	0x1A1A,0x1A1A,0x1A1A,0x1010,0x1A1A,0x1A1A,0x1A1A,0x1A1A,
	0x1A1A,0x1A1A,0x101A,0x1A1A,0x1A1A,0x1A1A,0x1010,0x1010,
	0x1A1A,0x1A1A,0x1010,0x1010,0x1A1A,0x1A1A,0x101A,0x101A,
	0x1A1A,0x1A1A,0x101A,0x101A,0x1010,0x101A,0x1010,0x0F0F,
	0x1010,0x101A,0x0F10,0x0F0F,0x101A,0x1010,0x1010,0x0F0F,
	0x1A1A,0x1010,0x0F0F,0x0F37,0x1010,0x0F10,0x0F0F,0x0F0F,
	0x1010,0x0F0F,0x0F0F,0x0F0F,0x1010,0x0F10,0x0F0F,0x0F0F,

	0x101A,0x1010,0x1010,0xBD10,0x0F10,0x0F45,0x1010,0x6245,
	0x0F0F,0x0F0F,0x0F0F,0x4510,0x0F0F,0x0F0F,0x370F,0x670F,
	0x0F0F,0x0F0F,0x3737,0x670F,0x0F0F,0x0F0F,0x0F0F,0x0F0F,
	0x0F0F,0x0F0F,0x0F0F,0x0F0F,0x0F0F,0x0F0F,0x0F0F,0x3737,
	0xBDBD,0xBDBD,0x2727,0xBD27,0xBDBD,0x27BD,0xBDBD,0xBDBD,
	0xBD62,0xBDBD,0xBDBD,0xBDBD,0x6262,0xBDBD,0xBDBD,0xBDBD,
	0x629B,0x6262,0x6262,0xBDBD,0x9B9B,0x6262,0x6262,0x6262,
	0x0F2E,0x9B62,0x6262,0x6262,0x0F0F,0x0F0F,0x6262,0x6262,

	0xBD27,0xBDBD,0x62BD,0x6262,0xBDBD,0x62BD,0x6262,0x6262,
	0xBDBD,0xBDBD,0x6262,0xBD62,0xBDBD,0x6262,0x6262,0xBDBD,
	0xBD62,0x6262,0x62BD,0xBDBD,0x62BD,0xBDBD,0x6262,0x6262,
	0x6262,0x6262,0x6262,0x6262,0x6262,0xBDBD,0xBDBD,0x6262,
	0xBDBD,0x6262,0xBDBD,0xBDBD,0x6262,0xBDBD,0xBDBD,0xBDBD,
	0x6262,0xBD62,0xBDBD,0xBDBD,0x2E62,0xBDBD,0x2727,0xBD62,
	0x2E2E,0x62BD,0x2762,0xBD62,0x6262,0x6262,0x6262,0x62BD,
	0x6262,0x6262,0x622E,0x6262,0xBDBD,0x62BD,0x6262,0x6262,

	0xBD27,0x2727,0x2727,0x2727,0x2727,0x2727,0x2727,0x2727,
	0x2727,0x2727,0x2727,0x2727,0x2727,0x2727,0x2727,0x2727,
	0x2727,0x2727,0x2727,0x2727,0xBDBD,0x27BD,0x2727,0x2727,
	0xBDBD,0x2727,0x2727,0x2727,0x62BD,0x62BD,0x2727,0x6227,
	0xBDBD,0xBD27,0xBD27,0x62BD,0x2727,0xBDBD,0xBD27,0x62BD,
	0x2727,0x2727,0xBD27,0xBDBD,0xBD27,0x2727,0xBDBD,0x6262,
	0xBD27,0xBD27,0x6227,0x6262,0x27BD,0xBDBD,0xBDBD,0x6262,
	0x6262,0x62BD,0x62BD,0x6262,0x6262,0x2E2E,0x622E,0xBD62,

	0xBDBD,0x2727,0xBDBD,0x2727,0xBDBD,0x2727,0x27BD,0xBDBD,
	0xBDBD,0x27BD,0x2727,0x27BD,0xBDBD,0xBD27,0x2727,0x2727,
	0xBDBD,0xBD27,0x2727,0x2727,0xBD62,0x27BD,0x2727,0x2727,
	0xBD62,0xBDBD,0x2727,0x2727,0x2727,0x27BD,0xBDBD,0xBD27,
	0x2727,0x2727,0x2727,0x2727,0x2727,0x2727,0x2727,0x2727,
	0x2727,0x2727,0x2727,0x2727,0x2727,0x2727,0x2727,0x2727,
	0x2727,0x2727,0x2727,0x2727,0x2727,0x2727,0x27BD,0x2727,
	0x2727,0x2727,0x27BD,0x2727,0x2727,0x2727,0x6227,0x6262,

	0x2323,0x8179,0x2323,0x2323,0x7979,0x8181,0x8181,0x8181,
	0x7A7A,0x9797,0x2397,0x9723,0x2323,0x2323,0x2323,0x2323,
	0x2323,0x2323,0x2323,0x2323,0x2323,0x2323,0x2323,0x2323,
	0x2323,0x2323,0x2323,0x2323,0x2323,0x2323,0x2323,0x2323,
	0x2323,0x2323,0x9179,0xA8A8,0x7979,0x8181,0x9191,0xA8A8,
	0x9797,0x7A7A,0x9191,0x7979,0x2323,0x2323,0xA8A8,0xA8A8,
	0x2323,0x2323,0xA8A8,0xA8A8,0x2323,0x2323,0xA8A8,0xA8A8,
	0x2323,0x2323,0x7979,0xA8A8,0x2323,0x2323,0xA8A8,0xA8A8,

	0x7979,0x1A79,0x79A0,0x1A1A,0x1A1A,0x1A1A,0x1A1A,0x1A1A,
	0x1A1A,0x1A1A,0x1A1A,0x1A1A,0x1A1A,0x1A1A,0x1A1A,0x1A1A,
	0x1A1A,0x1A1A,0x1A1A,0x1A1A,0x1A1A,0x1A1A,0x1A1A,0x1A1A,
	0x1A1A,0x1A1A,0x1A1A,0x1A1A,0x1A1A,0x1A1A,0x1A1A,0x1A1A,
	0x791A,0x7979,0xA079,0x1A79,0x1A1A,0x1A1A,0x1A1A,0x1A1A,
	0x1A1A,0x1A0A,0x1A1A,0x1A1A,0x1A1A,0x1A1A,0x1A1A,0x0A1A,
	0x1A1A,0x1A1A,0x1A1A,0x1A1A,0x1A1A,0x1A1A,0x1A1A,0x1A1A,
	0x1A1A,0x1A1A,0x1A1A,0x1A1A,0x1A1A,0x1A1A,0x1A1A,0x1A1A,

	0x7979,0x1A79,0x1A79,0x1A1A,0x1A0A,0x0A1A,0x1A0A,0x0A1A,
	0x1A0A,0x0A0A,0x1A0A,0x0A1A,0x1A1A,0x1A0A,0x0A0A,0x0A1A,
	0x1A1A,0x1A1A,0x0A1A,0x1A1A,0x1A1A,0x1A1A,0x0A0A,0x0A0A,
	0x1A1A,0x1A1A,0x0A1A,0x0A0A,0x1A0A,0x1A0A,0x0A0A,0x0A0A,
	0x1A0A,0x541A,0x5454,0x5454,0x0A0A,0x5432,0x5454,0x5454,
	0x0A0A,0x540A,0x5454,0x5454,0x0A1A,0x580A,0x580A,0x0A32,
	0x0A0A,0x0A0A,0x0A0A,0x3232,0x0A0A,0x0A0A,0x0A0A,0x0A0A,
	0x0A0A,0x0A0A,0x0A0A,0x0A0A,0x0A0A,0x0A0A,0x0A0A,0x0A0A,

	0x5454,0x0A0A,0x0A0A,0x0A0A,0x5454,0x0A0A,0x0A0A,0x0A0A,
	0x5454,0x0A0A,0x0A0A,0x0A0A,0x5832,0x0A32,0x0A0A,0x0A0A,
	0x580A,0x0A0A,0x0A0A,0x0A0A,0x0A0A,0x0A0A,0x0A0A,0x0A0A,
	0x0A0A,0x0A0A,0x0A0A,0x0A0A,0x0A0A,0x0A0A,0x5454,0x5454,
	0x1A0A,0x5454,0x5454,0x5454,0x0A32,0x5454,0x5454,0x5454,
	0x3232,0x5454,0x5454,0x5454,0x0A0A,0x5454,0x0A54,0x5454,
	0x0A0A,0x0A54,0x0A54,0x540A,0x0A0A,0x5858,0x580A,0x0A0A,
	0x5454,0x5454,0x5454,0x5454,0x5454,0x5454,0x5454,0x5454,

	0x5454,0x5454,0x0A0A,0x5454,0x5454,0x5454,0x0A0A,0x5454,
	0x5454,0x5454,0x0A0A,0x5454,0x5454,0x5454,0x0A0A,0x0A58,
	0x5454,0x5454,0x0A0A,0x0A58,0x5454,0x5858,0x5858,0x5858,
	0x5454,0x5458,0x5454,0x5454,0x5454,0x540A,0x5454,0x5454,
	0x5454,0x5454,0x5454,0x1A1A,0x5454,0x5454,0x5454,0x3B0A,
	0x540A,0x5454,0x5454,0x0A0A,0x0A0A,0x0A0A,0x5858,0x0A0A,
	0x0A0A,0x0A0A,0x580A,0x0A0A,0x5858,0x5858,0x5858,0x5858,
	0x5454,0x5454,0x589F,0x5858,0x5454,0x5454,0x0A9F,0x5454,

	0x3B3B,0x0A0A,0x0A0A,0x5454,0x1A1A,0x0A0A,0x0A0A,0x5454,
	0x0A0A,0x0A0A,0x0A0A,0x5454,0x0A0A,0x0A0A,0x0A0A,0x5858,
	0x0A0A,0x0A0A,0x0A0A,0x580A,0x5858,0x5858,0x0A54,0x0A0A,
	0x5858,0x5858,0x0A54,0x0A0A,0x5454,0x5454,0x0A54,0x5454,
	0x5454,0x5454,0x5454,0x5454,0x5454,0x5454,0x5454,0x5454,
	0x5454,0x5454,0x5454,0x5454,0x5858,0x5858,0x580A,0x0A58,
	0x0A0A,0x580A,0x0A0A,0x0A0A,0x0A0A,0x0A0A,0x0A0A,0x0A0A,
	0x0A0A,0x0A0A,0x0A0A,0x0A0A,0x5454,0x5454,0x5454,0x0A54,

	0x0A54,0x0A0A,0x0A0A,0x0A0A,0x0A54,0x0A0A,0x0A0A,0x0A32,
	0x0A54,0x0A32,0x0A0A,0x0A32,0x0A58,0x3232,0x0A32,0x0A0A,
	0x0A0A,0x320A,0x0A32,0x0A0A,0x0A0A,0x0A0A,0x5454,0x0A0A,
	0x0A0A,0x540A,0x5454,0x0A0A,0x540A,0x5454,0x5454,0x5454,
	0x0A0A,0x0A0A,0x180A,0x0A0A,0x0A0A,0x0A0A,0x1A0A,0x0A18,
	0x0A0A,0x0A0A,0x0A0A,0x0A0A,0x0A0A,0x0A0A,0x0A0A,0x0A0A,
	0x0A0A,0x0A0A,0x0A0A,0x0A0A,0x0A0A,0x0A0A,0x0A0A,0x0A0A,
	0x0A0A,0x0A0A,0x0A0A,0x0A0A,0x0A0A,0x0A0A,0x0A0A,0x0A0A,

	0x1A1A,0x0A0A,0x0A0A,0x0A0A,0x0A0A,0x0A1A,0x0A0A,0x0A0A,
	0x0A0A,0x0A0A,0x0A0A,0x0A0A,0x0A0A,0x0A0A,0x0A0A,0x0A0A,
	0x0A0A,0x0A0A,0x0A0A,0x0A0A,0x0A0A,0x0A0A,0x0A0A,0x0A0A,
	0x0A0A,0x0A0A,0x0A0A,0x0A0A,0x0A0A,0x0A0A,0x690A,0x0A0A,
	0x1A0A,0x0A0A,0x0A18,0x0A0A,0x1A1A,0x1A18,0x0A1A,0x0A0A,
	0x1A1A,0x0A0A,0x0A1A,0x0A0A,0x0A0A,0x0A0A,0x0A0A,0x0A0A,
	0x0A0A,0x0A0A,0x0A0A,0x0A0A,0x0A0A,0x0A0A,0x0A0A,0x0A0A,
	0x0A69,0x0A0A,0x0A0A,0x0A0A,0x6969,0x0A0A,0x0A0A,0x0A0A,

	0x0A0A,0x1A0A,0x790A,0x790A,0x1A0A,0x180A,0x1A0A,0x1A0A,
	0x1A1A,0x1A1A,0x1A1A,0x1A1A,0x0A0A,0x0A0A,0x1A0A,0x1A1A,
	0x0A0A,0x0A0A,0x1A1A,0x1A1A,0x0A0A,0x0A0A,0x0A0A,0x1A1A,
	0x0A0A,0x0A0A,0x1A0A,0x1A1A,0x0A0A,0x1A1A,0x0A32,0x1A32,
	0x7979,0x791A,0x79A0,0x7979,0x1A1A,0x1A1A,0x1A1A,0x1A1A,
	0x1A1A,0x1A1A,0x1A1A,0x1A1A,0x1A1A,0x1A1A,0x1A1A,0x1A1A,
	0x1A1A,0x1A1A,0x1A1A,0x1A1A,0x1A1A,0x1A1A,0x1A1A,0x1A1A,
	0x1A1A,0x1A1A,0x1A1A,0x1A1A,0x1A1A,0x1A1A,0x1A1A,0x1A1A,

	0x791A,0x1A79,0xA01A,0x791A,0x1A1A,0x1A1A,0x1A1A,0x1A1A,
	0x1A1A,0x1A1A,0x1A1A,0x1A1A,0x1A1A,0x1A1A,0x1A1A,0x1A1A,
	0x1A1A,0x1A1A,0x1A1A,0x1A1A,0x1A1A,0x1A1A,0x1A1A,0x1A1A,
	0x1A1A,0x1A1A,0x1A1A,0x1A1A,0x1A1A,0x1A1A,0x1A1A,0x1A1A,
	0x7979,0xA8A8,0x7991,0x2323,0x1A1A,0xA8A8,0x9191,0x8181,
	0x1A1A,0x7979,0x9191,0x9723,0x1A1A,0xA8A8,0xA8A8,0x2323,
	0x1A1A,0xA8A8,0xA8A8,0x2323,0x1A1A,0xA8A8,0xA8A8,0x2323,
	0x1A1A,0xA8A8,0x7979,0x2323,0x1A1A,0xA8A8,0xA8A8,0x2323,

	0x2323,0x2381,0x2323,0x2323,0x7979,0x8181,0x8181,0x8181,
	0x7A7A,0x7A7A,0x7A7A,0x2379,0x2323,0x2323,0x2323,0x2379,
	0x2323,0x2323,0x2323,0x2379,0x2323,0x2323,0x2323,0x2379,
	0x2323,0x2323,0x2323,0x2379,0x2323,0x2323,0x2323,0x2379,
	0x2323,0x2323,0x2323,0x2323,0x8181,0x8181,0x7979,0x7979,
	0x7A7A,0x7A7A,0x7A7A,0x7A7A,0x2323,0x2323,0x2323,0x7A7A,
	0x2323,0x2323,0x2323,0x2323,0x2323,0x2323,0x2323,0x2323,
	0x2323,0x2323,0x2323,0x2323,0x2323,0x2323,0x2323,0x2323,

	0x2323,0x2323,0x2323,0x2323,0x7979,0x7981,0x7979,0x8181,
	0x7A7A,0xA8A8,0xA8A8,0xA8A8,0xA87A,0xA8A8,0xA8A8,0xA8A8,
	0x2323,0x2323,0x2323,0x2323,0x2323,0x2323,0x2323,0x2323,
	0x2323,0x2323,0x2323,0x2323,0x2323,0x2323,0x2323,0x2323,
	0x8123,0x2323,0x2323,0x2323,0x8181,0x7979,0x8179,0x8181,
	0xA8A8,0x7AA8,0x797A,0x7A7A,0x7AA8,0x7A7A,0x817A,0x2323,
	0x2323,0x2323,0x8123,0x2323,0x2323,0x2323,0x8123,0x2323,
	0x2323,0x2323,0x8123,0x2323,0x2323,0x2323,0x8123,0x2323,

	0x2323,0x2323,0x2381,0x2323,0x8181,0x8181,0x8181,0xA081,
	0x7979,0x7979,0x7979,0xA079,0x2323,0x2323,0x2323,0x8123,
	0x2323,0x2323,0x2323,0x7923,0x2323,0x2323,0x2323,0x8123,
	0x2323,0x2323,0x2323,0x8123,0x2323,0x2323,0x2323,0x7923,
	0x2323,0x2323,0x2323,0x2323,0x8181,0x8181,0x8181,0x8181,
	0x7979,0x7979,0x7979,0x7979,0x2323,0x2323,0x2323,0x2323,
	0x2323,0x2323,0x2323,0x2323,0x2323,0x2323,0x2323,0x2323,
	0x2323,0x2323,0x2323,0x2323,0x2323,0x2323,0x2323,0x2323,

	0x2323,0x8123,0x2323,0x2323,0x8181,0xA0A0,0x8181,0x7979,
	0x7979,0x7979,0x7A79,0x7A7A,0x2323,0x2323,0x2323,0x2323,
	0x2323,0x2323,0x2323,0x2323,0x2323,0x2323,0x2323,0x2323,
	0x2323,0x2323,0x2323,0x2323,0x2323,0x2323,0x2323,0x2323,
	0x7979,0xA3A3,0xA3A3,0xA3A3,0x8181,0xA3A3,0xA3A3,0xA3A3,
	0x7979,0xA3A3,0xA3A3,0xA3A3,0x7979,0xA3A3,0xA3A3,0xA3A3,
	0x7979,0xA3A3,0xA3A3,0xA3A3,0x7979,0xA3A3,0xA3A3,0xA3A3,
	0x7979,0x4B4B,0xA34B,0xA3A3,0x7979,0xA3A3,0xA3A3,0xA3A3,

	0xA3A3,0x1AA3,0x4B0A,0x0A4B,0xA3A3,0x1AA3,0x0A0A,0x0A0A,
	0xA3A3,0x93A3,0x0A0A,0x4B4B,0xA3A3,0x93A3,0x0A0A,0x0A0A,
	0xA3A3,0x72A3,0x1A1A,0x2323,0xA3A3,0x93A3,0x4B4B,0x4B4B,
	0xA3A3,0x93A3,0x4B4B,0x4B4B,0xA3A3,0x93A3,0x4B4B,0x4B4B,
	0x0A0A,0x0A0A,0x4B0A,0x4B4B,0x4B0A,0x0A4B,0x4B4B,0x4B4B,
	0x4B4B,0x4B4B,0x4B4B,0x4B4B,0x4B0A,0x4B4B,0x4B4B,0x4B4B,
	0x2323,0x2323,0x2323,0x2323,0x4B4B,0x4B4B,0x4B4B,0x4B4B,
	0x4B4B,0x4B4B,0x4B4B,0x4B4B,0x4B4B,0x4B4B,0x4B4B,0x4B4B,

	0x4B4B,0x4B4B,0x4B4B,0x4B4B,0x4B4B,0x4B4B,0x4B4B,0x4B4B,
	0x4B4B,0x4B4B,0x4B4B,0x4B4B,0x4B4B,0x4B4B,0x4B4B,0x4B4B,
	0x2323,0x2323,0x2323,0x2323,0x4B4B,0x4B4B,0x4B4B,0x4B4B,
	0x4B4B,0x4B4B,0x4B4B,0x4B4B,0x4B4B,0x4B4B,0x4B4B,0x4B4B,
	0x4B0A,0x4B4B,0x4B4B,0x4B4B,0x4B4B,0x4B4B,0x4B4B,0x4B4B,
	0x4B4B,0x4B4B,0x4B4B,0x4B4B,0x4B4B,0x4B4B,0x4B4B,0x4B4B,
	0x2323,0x2323,0x2323,0x2323,0x4B4B,0x4B4B,0x0A0A,0x4B0A,
	0x4B4B,0x4B4B,0x4B4B,0x4B4B,0x4B4B,0x4B4B,0x4B4B,0x4B4B,

	0x4B4B,0x4B0A,0x1A1A,0xA3A3,0x4B4B,0x4B4B,0x1A93,0xA3A3,
	0x4B4B,0x4B4B,0x9393,0xA3A3,0x4B0A,0x0A4B,0x9393,0xA3A3,
	0x2323,0x1A23,0x7272,0xA3A3,0x4B4B,0x4B4B,0x9393,0xA3A3,
	0x4B4B,0x4B4B,0x9393,0xA3A3,0x4B4B,0x4B4B,0x9393,0xA3A3,
	0xA3A3,0xA3A3,0xA3A3,0x79A3,0xA3A3,0xA3A3,0xA3A3,0x81A3,
	0xA3A3,0xA3A3,0xA3A3,0x79A3,0xA3A3,0xA3A3,0xA3A3,0x79A3,
	0xA3A3,0xA3A3,0xA3A3,0x79A3,0xA3A3,0xA3A3,0xA3A3,0x79A3,
	0xA3A3,0xA3A3,0xA3A3,0x79A3,0xA3A3,0xA3A3,0xA3A3,0x79A3,

	0x2323,0x2323,0x2323,0x2323,0x7979,0x8181,0x8181,0x7979,
	0x7A7A,0x7A7A,0x7A7A,0x7A7A,0x2323,0x2323,0x2323,0x2323,
	0x2323,0x2323,0x2323,0x2323,0x2323,0x2323,0x2323,0x2323,
	0x2323,0x2323,0x2323,0x2323,0x2323,0x2323,0x2323,0x2323,
	0x2323,0x2323,0x2323,0x7923,0x7979,0x7979,0x7979,0x8179,
	0x7A7A,0x7A7A,0xA8A8,0xA8A8,0x2323,0x2323,0x2323,0x2323,
	0x2323,0x2323,0x2323,0x2323,0x2323,0x2323,0x2323,0x2323,
	0x2323,0x2323,0x2323,0x2323,0x2323,0x2323,0x2323,0x2323,

	0x2323,0x2323,0x2323,0x2323,0x8179,0x8181,0x7981,0x7979,
	0x7AA8,0x7A79,0x7A7A,0x7A7A,0x2323,0x2381,0x2323,0x2323,
	0x2323,0x2381,0x2323,0x2323,0x2323,0x2381,0x2323,0x2323,
	0x2323,0x2381,0x2323,0x2323,0x2323,0x2381,0x2323,0x2323,
	0x2323,0x2323,0x2323,0x7979,0x8181,0x8181,0x7979,0x8181,
	0x7A7A,0x7A7A,0x7A7A,0x7979,0x2323,0x2323,0x2323,0x7979,
	0x2323,0x2323,0x2323,0x7979,0x2323,0x2323,0x2323,0x7979,
	0x2323,0x2323,0x2323,0x7979,0x2323,0x2323,0x2323,0x7979,

	0x4B4B,0x4B4B,0x4B4B,0x4B4B,0x4B4B,0x4B4B,0x4B4B,0x4B4B,
	0x4B4B,0x4B4B,0x4B4B,0x4B4B,0x4B4B,0x4B4B,0x4B4B,0x4B4B,
	0x4B4B,0x4B4B,0x4B4B,0x4B4B,0x7979,0x7979,0x7979,0x7979,
	0x4B4B,0x4B4B,0x4B4B,0x4B4B,0x4B4B,0x4B4B,0x4B4B,0x4B4B,
	0x1A4B,0x1A1A,0x1A1A,0x1A1A,0x1A4B,0x1A1A,0x1A1A,0x1A1A,
	0x1A4B,0x1A1A,0x1A1A,0x1A1A,0x1A4B,0x1A1A,0x1A1A,0x1A1A,
	0x1A4B,0x1A1A,0x1A1A,0x1A1A,0x1A79,0x1A1A,0x1A1A,0x1A1A,
	0x1A4B,0x1A1A,0x1A1A,0x1A1A,0x1A4B,0x1A1A,0x1A1A,0x1A1A,

	0x1A1A,0x1A1A,0x1A1A,0x1A1A,0x1A1A,0x1A1A,0x1A1A,0x1A1A,
	0x1A1A,0x1A1A,0x1A1A,0x1A1A,0x1A1A,0x1A1A,0x1A1A,0x1A1A,
	0x1A1A,0x1A1A,0x1A1A,0x1A1A,0x1A1A,0x1A1A,0x1A1A,0x1A1A,
	0x1A1A,0x1A1A,0x1A1A,0x1A1A,0x1A1A,0x1A1A,0x1A1A,0x0A0A,
	0x1A0A,0x1A1A,0x0A1A,0x0A0A,0x1A1A,0x1A1A,0x1A1A,0x1A0A,
	0x1A1A,0x1A1A,0x1A1A,0x1A1A,0x1A1A,0x1A1A,0x1A1A,0x1A1A,
	0x1A1A,0x1A1A,0x1A1A,0x1A0A,0x1A1A,0x0A0A,0x1A1A,0x0A1A,
	0x1A1A,0x1A46,0x1A1A,0x0A0A,0x1A0A,0x1A0A,0x1A1A,0x461A,

	0x0A0A,0x0A0A,0x0A0A,0x0A32,0x0A1A,0x0A0A,0x0A0A,0x0A0A,
	0x0A1A,0x0A0A,0x0A0A,0x0A0A,0x0A1A,0x0A0A,0x0A0A,0x0A0A,
	0x0A0A,0x0A0A,0x0A0A,0x0A0A,0x0A0A,0x0A0A,0x0A0A,0x0A0A,
	0x0A0A,0x0A0A,0x0A0A,0x0A0A,0x0A0A,0x0A0A,0x0A0A,0x0A0A,
	0x0A32,0x0A32,0x0A0A,0x0A0A,0x0A0A,0x0A0A,0x0A0A,0x0A0A,
	0x0A0A,0x0A0A,0x0A0A,0x0A0A,0x0A0A,0x0A0A,0x0A0A,0x0A0A,
	0x0A0A,0x0A0A,0x0A0A,0x0A0A,0x0A0A,0x0A0A,0x0A0A,0x0A0A,
	0x0A0A,0x0A0A,0x0A0A,0x0A0A,0x0A0A,0x0A0A,0x0A0A,0x0A0A,

	0x0A0A,0x0A0A,0x0F37,0x3737,0x0A0A,0x0F0F,0x370F,0x0F37,
	0x0A0A,0x0F0F,0x370F,0x370F,0x0A0A,0x0F32,0x0F0F,0x0F0F,
	0x0A0A,0x0F0F,0x0F0F,0x0F0F,0x0F0A,0x370F,0x0F0F,0x0F0F,
	0x0A0A,0x370F,0x0F37,0x0F0F,0x0F0A,0x0F37,0x0F37,0x0F0F,
	0x0F0F,0x0F0F,0x0F0F,0x3737,0x0F0F,0x0F37,0x370F,0x370F,
	0x0F0F,0x0F0F,0x0F0F,0x0F0F,0x0F0F,0x0F0F,0x0F0F,0x3737,
	0x0F0F,0x0F0F,0x0F0F,0x0F0F,0x0F0F,0x3737,0x370F,0x3737,
	0x0F0F,0x0F0F,0x3737,0xB1B1,0x0F0F,0x0F0F,0x370F,0xB137,

	0x3737,0x3737,0xB137,0xB1B1,0x37B1,0x0F37,0x3737,0x84B1,
	0xB137,0x3737,0xB137,0x3737,0xB137,0x3737,0x370F,0x0F0F,
	0xB1B1,0x0F37,0x3737,0x0F37,0xB137,0x3737,0x3737,0x3737,
	0xB1B1,0x0F0F,0x3737,0x370F,0x3737,0x0F0F,0x0F0F,0x0F0F,
	0x3737,0x0F0F,0x0F0F,0x3737,0x37B1,0x0F37,0x3737,0x0F37,
	0x37B1,0x0F0F,0x3737,0x3737,0x3737,0xB137,0x84B1,0xB1B1,
	0x0F37,0x3737,0x84B1,0xB137,0x0F0F,0x3737,0x3737,0x3737,
	0x0F0F,0x370F,0x3737,0x0F37,0x0F0F,0x0F37,0x370F,0x3737,

	0x370F,0x3737,0x370F,0x0F0F,0x3737,0x3737,0x0F0F,0x3737,
	0x3737,0x3737,0x0F0F,0x370F,0x37B1,0x370F,0x0F0F,0x0F0F,
	0x3737,0x370F,0x0F0F,0x0F0F,0x3737,0x3737,0x3737,0x3737,
	0x0F0F,0x3737,0x0F37,0x0F37,0x0F0F,0x0F0F,0x0F0F,0x0F0F,
	0x370F,0x0F0F,0x0F0F,0x0F0F,0x0F0F,0x0F0F,0x0F0F,0x0F0F,
	0x0F0F,0x0F0F,0x0F0F,0x0F0F,0x0F0F,0x0F0F,0x0F0F,0x0F0F,
	0x0F0F,0x0F0F,0x0F0F,0x0F0F,0x0F0F,0x0F0F,0x0F0F,0x0F0F,
	0x0F0F,0x0F0F,0x0F0F,0x0F0F,0x0F0F,0x0F0F,0x0F0F,0x0F0F,

	0x370F,0x0F0F,0x370F,0x370F,0x0F0F,0x0F0F,0x0F0F,0x0F0F,
	0x0F0F,0x0F0F,0x0F0F,0x0F0F,0x0F0F,0x370F,0x370F,0x0F0F,
	0x0F0F,0x370F,0x3737,0x0F37,0x0F0F,0x0F0F,0x0F0F,0x3737,
	0x0F0F,0x0F0F,0x0F0F,0x0F37,0x0F0F,0x0F0F,0x0F0F,0x0F0F,
	0x3737,0x3737,0x0F37,0x3737,0x0F37,0x3737,0x370F,0x3737,
	0x0F0F,0x3737,0x370F,0xB137,0x0F0F,0x3737,0xB137,0xB1B1,
	0x0F0F,0x3737,0xB137,0x37B1,0x3737,0x0F0F,0xB1B1,0x0F37,
	0x3737,0x3737,0x84B1,0x0F37,0x3737,0xB1B1,0xB184,0x3737,

	0x3737,0x3737,0x370F,0x0F0F,0x37B1,0x370F,0x0F0F,0x0F0F,
	0x3737,0x370F,0x0F0F,0x0F0F,0x3737,0x0F0F,0x0F0F,0x370F,
	0x0F37,0x0F0F,0x0F37,0x370F,0x3737,0x3737,0x3737,0x0F0F,
	0x370F,0x3737,0x0F0F,0x0F0F,0x3737,0x0F0F,0x0F0F,0x0F0F,
	0x0F0F,0x0F0F,0x0F37,0x1A1A,0x0F0F,0x0F0F,0x0F0F,0x1A0F,
	0x0F0F,0x0F0F,0x0F0F,0x1A37,0x0F0F,0x0F0F,0x0F37,0x3737,
	0x0F0F,0x0F0F,0x0F0F,0x0F37,0x3737,0x0F0F,0x0F0F,0x0F0F,
	0x0F0F,0x0F0F,0x0F0F,0x0F0F,0x0F0F,0x0F0F,0x0F0F,0x0F0F,

	0x1A1A,0x1A1A,0x1A1A,0x101A,0x1A1A,0x1A1A,0x0F10,0x0F0F,
	0x1A1A,0x1A1A,0x0F1A,0x0F0F,0x1A1A,0x0F1A,0x370F,0x0F37,
	0x1A1A,0x0F0F,0x0F0F,0x0F37,0x1A0F,0x0F1A,0x0F0F,0x0F0F,
	0x1A37,0x0F0F,0x0F0F,0x0F0F,0x1A1A,0x0F0F,0x0F0F,0x0F0F,
	0x0F0F,0x3737,0x370F,0x0F0F,0x0F0F,0x370F,0x370F,0x370F,
	0x0F0F,0x0F0F,0x0F0F,0x370F,0x0F0F,0x0F0F,0x0F0F,0x3737,
	0x0F0F,0x0F0F,0x0F0F,0x370F,0x0F0F,0x0F0F,0x0F0F,0x370F,
	0x0F0F,0x0F0F,0x0F0F,0x0F0F,0x0F0F,0x0F0F,0x0F0F,0x0F0F,

	0x0F0F,0x0F0F,0x0F0F,0x0F37,0x0F0F,0x0F37,0x3737,0x3737,
	0x3737,0x0F0F,0x0F37,0x0F0F,0x0F0F,0x0F0F,0x0F0F,0x0F0F,
	0x0F0F,0x0F0F,0x0F0F,0x0F0F,0x3737,0x0F0F,0x0F0F,0x0F0F,
	0x0F37,0x0F0F,0x0F0F,0x0F0F,0x0F37,0x0F0F,0x0F0F,0x0F0F,
	0x0F0F,0x0F0F,0x2727,0x2762,0x0F0F,0x0F0F,0x27B1,0x2727,
	0x0F0F,0x0F0F,0x27B1,0xBDBD,0x0F0F,0x0F0F,0xB1B1,0x2727,
	0x0F0F,0x0F0F,0x370F,0x2727,0x0F0F,0x0F0F,0x0F0F,0x27BD,
	0x0F0F,0x0F0F,0x0F0F,0xBDBD,0x0F0F,0x0F0F,0x0F0F,0xBD0F,

	0xBD27,0x2727,0xBDBD,0xBDBD,0x27BD,0xBDBD,0x27BD,0xBDBD,
	0xBD27,0x2727,0xBDBD,0xBDBD,0x2727,0xBDBD,0x27BD,0xBDBD,
	0x2727,0xBDBD,0x27BD,0xBDBD,0xBDBD,0x27BD,0xBDBD,0xBDBD,
	0xBDBD,0xBDBD,0xBDBD,0xBDBD,0xBDBD,0xBDBD,0xBDBD,0xBDBD,
	0x6262,0x6262,0x62BD,0x622E,0xBDBD,0x6262,0x6262,0x2E2E,
	0xBDBD,0xBD62,0xBDBD,0x2E62,0xBDBD,0x62BD,0x6262,0x6262,
	0xBDBD,0x6262,0x62BD,0x622E,0xBDBD,0xBDBD,0x6262,0x622E,
	0xBDBD,0x6262,0xBDBD,0x622E,0x6262,0xBD62,0x6262,0x6262,

	0x2E62,0x6262,0x6227,0x6262,0x6262,0x6262,0xBDBD,0x62BD,
	0xBDBD,0xBDBD,0xBDBD,0xBDBD,0xBDBD,0xBDBD,0x2727,0xBDBD,
	0xBDBD,0xBDBD,0x2727,0xBDBD,0xBD62,0xBDBD,0xBDBD,0x2727,
	0xBD62,0xBDBD,0xBDBD,0x2727,0xBDBD,0xBDBD,0xBDBD,0xBDBD,
	0xBD62,0x2E62,0x6262,0x6262,0x62BD,0x6262,0x6262,0xBDBD,
	0x6262,0x6262,0x6262,0xBDBD,0xBDBD,0x62BD,0x6262,0x6262,
	0xBDBD,0xBDBD,0x6262,0x6262,0xBD27,0xBD27,0x6262,0xBD62,
	0x2727,0xBDBD,0x6262,0x622E,0xBDBD,0xBDBD,0x2E62,0x6262,

	0x27BD,0xBDBD,0xBDBD,0xBD27,0xBDBD,0x2727,0x2727,0x27BD,
	0xBDBD,0x2727,0x2727,0x2727,0xBDBD,0xBDBD,0xBD27,0xBDBD,
	0x62BD,0xBDBD,0xBDBD,0x62BD,0x2E2E,0x6262,0x622E,0x62BD,
	0x62BD,0xBDBD,0x2E2E,0xBD62,0xBDBD,0x62BD,0x6262,0xBD62,
	0x2727,0x2727,0x2727,0x6262,0xBD27,0x2727,0xBD27,0x6262,
	0xBD27,0x2727,0x6227,0x6262,0x27BD,0x62BD,0x6262,0x62BD,
	0x6262,0x6262,0x6262,0x6262,0x6262,0x6262,0xBDBD,0x62BD,
	0xBDBD,0xBDBD,0xBDBD,0xBDBD,0xBD62,0xBDBD,0xBDBD,0xBDBD,

	0x2323,0x2323,0x2323,0x2323,0x2323,0x2323,0x2323,0x7923,
	0x2323,0x2323,0x2323,0x7981,0x2323,0x2323,0x2323,0x7979,
	0x8181,0x8181,0x8181,0x8181,0xA8A8,0xA8A8,0xA8A8,0xA8A8,
	0x7979,0x7979,0x7979,0x7979,0xA8A8,0xA8A8,0xA8A8,0xA8A8,
	0x2323,0x2323,0xA8A8,0xA8A8,0x2323,0x2323,0xA8A8,0xA8A8,
	0x2323,0x2323,0xA8A8,0xA8A8,0x2323,0x8123,0xA8A8,0x7979,
	0x8181,0x8181,0xA8A8,0xA8A8,0xA8A8,0xA8A8,0xA8A8,0xA8A8,
	0x7979,0x7979,0x7979,0xA8A8,0xA8A8,0xA8A8,0xA8A8,0xA8A8,

	0x1A1A,0x0A1A,0x1A1A,0x1A1A,0x1A0A,0x0A0A,0x1A1A,0x1A1A,
	0x0A1A,0x1A0A,0x1A1A,0x1A1A,0x0A1A,0x1A1A,0x1A1A,0x1A1A,
	0x1A1A,0x1A1A,0x1A1A,0x1A1A,0x1A1A,0x1A1A,0x1A1A,0x1A1A,
	0x1A1A,0x1A1A,0x1A1A,0x1A1A,0x1A1A,0x1A1A,0x1A1A,0x1A1A,
	0x1A1A,0x1A1A,0x1A1A,0x1A0A,0x1A1A,0x1A1A,0x1A1A,0x321A,
	0x1A1A,0x1A1A,0x1A1A,0x320A,0x1A1A,0x1A1A,0x1A1A,0x1A1A,
	0x1A1A,0x1A1A,0x0A0A,0x0A1A,0x1A1A,0x1A1A,0x0A0A,0x0A0A,
	0x1A1A,0x1A1A,0x0A0A,0x0A0A,0x1A1A,0x1A1A,0x0A1A,0x0A1A,

	0x0A0A,0x1A0A,0x0A0A,0x0A1A,0x1A1A,0x0A0A,0x1A0A,0x0A0A,
	0x320A,0x320A,0x0A0A,0x0A0A,0x0A0A,0x0A32,0x0A0A,0x0A0A,
	0x0A0A,0x0A1A,0x1A1A,0x0A18,0x1A0A,0x1A1A,0x1A18,0x0A1A,
	0x0A0A,0x1A1A,0x0A0A,0x0A0A,0x0A0A,0x0A0A,0x0A0A,0x0A0A,
	0x0A0A,0x0A0A,0x0A0A,0x0A0A,0x0A0A,0x0A0A,0x0A0A,0x180A,
	0x0A0A,0x0A0A,0x0A0A,0x180A,0x0A0A,0x0A0A,0x0A0A,0x1A1A,
	0x0A0A,0x0A0A,0x0A0A,0x0A0A,0x0A0A,0x0A0A,0x3B3B,0x0A1A,
	0x0A0A,0x0A0A,0x1A0A,0x0A0A,0x0A0A,0x0A0A,0x0A0A,0x0A0A,

	0x0A0A,0x0A0A,0x5454,0x5454,0x0A0A,0x540A,0x5454,0x5454,
	0x0A0A,0x540A,0x5454,0x5454,0x3B0A,0x540A,0x5454,0x5454,
	0x3B0A,0x541A,0x5454,0x5454,0x0A0A,0x0A0A,0x0A54,0x540A,
	0x0A0A,0x0A0A,0x0A58,0x580A,0x0A0A,0x0A0A,0x3B3B,0x540A,
	0x5454,0x5454,0x5454,0x5454,0x5454,0x5454,0x5454,0x5454,
	0x5454,0x5454,0x5454,0x5454,0x5454,0x5454,0x5454,0x5454,
	0x5454,0x5454,0x5454,0x5454,0x0A54,0x5854,0x0A58,0x580A,
	0x1858,0x583B,0x0A58,0x0A0A,0x5454,0x5454,0x5454,0x0A54,

	0x5454,0x540A,0x5454,0x5454,0x5454,0x540A,0x5454,0x5454,
	0x5454,0x540A,0x5454,0x5454,0x5454,0x5446,0x5454,0x5454,
	0x5454,0x540A,0x5454,0x5454,0x540A,0x540A,0x5454,0x5454,
	0x580A,0x540A,0x5454,0x5454,0x0A18,0x5446,0x5454,0x5454,
	0x5454,0x5454,0x0A9F,0x5454,0x5454,0x5454,0x0A54,0x5454,
	0x5454,0x5454,0x0A54,0x5454,0x5454,0x5454,0x0A54,0x5454,
	0x5454,0x5454,0x0A54,0x5454,0x5454,0x5454,0x0A9F,0x5454,
	0x5454,0x5454,0x0A9F,0x5454,0x5454,0x5454,0x0A0F,0x0F0A,

	0x5454,0x5454,0x0A54,0x5454,0x5454,0x5454,0x0A54,0x5454,
	0x5454,0x5454,0x0A54,0x5454,0x5454,0x5454,0x0A54,0x5454,
	0x5454,0x5454,0x0A54,0x5454,0x5454,0x5454,0x0A54,0x5454,
	0x5454,0x5454,0x0A54,0x5454,0x9F9F,0x5454,0x0A54,0x9F0A,
	0x5454,0x5454,0x5454,0x0A54,0x5454,0x5454,0x5454,0x0A54,
	0x5454,0x5454,0x5454,0x0A54,0x5454,0x5454,0x5454,0x0A54,
	0x5454,0x5454,0x5454,0x0A54,0x5454,0x5454,0x5454,0x0A54,
	0x5454,0x5454,0x5454,0x0A54,0x0A9F,0x5446,0x5446,0x0A54,

	0x5454,0x5454,0x5454,0x5454,0x5454,0x9F54,0x5454,0x5454,
	0x540A,0x5454,0x549F,0x5454,0x540A,0x5454,0x9F54,0x549F,
	0x0A0A,0x5454,0x5454,0x9F9F,0x0A0A,0x540A,0x5454,0x580A,
	0x460A,0x580A,0x5454,0x580A,0x5454,0x0A0A,0x5858,0x0A0A,
	0x0A0A,0x0A0A,0x0A0A,0x0A3B,0x5454,0x0A0A,0x1A0A,0x0A3B,
	0x5454,0x0A0A,0x0A0A,0x0A0A,0x5454,0x0A0A,0x0A0A,0x0A0A,
	0x5854,0x0A0A,0x0A0A,0x0A0A,0x0A0A,0x0A0A,0x0A0A,0x1818,
	0x0A0A,0x3B0A,0x0A0A,0x0A18,0x0A0A,0x1A0A,0x0A3B,0x0A0A,

	0x0A0A,0x0A0A,0x690A,0x0A0A,0x0A3B,0x0A0A,0x0A0A,0x0A0A,
	0x1A1A,0x0A0A,0x0A0A,0x0A0A,0x0A0A,0x0A0A,0x0A0A,0x0A0A,
	0x0A0A,0x1818,0x0A0A,0x0A0A,0x0A0A,0x1A1A,0x3B0A,0x0A0A,
	0x0A0A,0x0A0A,0x3B0A,0x0A1A,0x0A0A,0x0A3B,0x0A0A,0x0A0A,
	0x6969,0x0A0A,0x0A0A,0x0A0A,0x0A0A,0x0A0A,0x0A0A,0x0A0A,
	0x0A0A,0x0A0A,0x690A,0x0A0A,0x0A0A,0x0A0A,0x1A0A,0x0A0A,
	0x0A0A,0x0A0A,0x0A0A,0x0A0A,0x0A0A,0x0A0A,0x0A0A,0x0A0A,
	0x0A0A,0x0A0A,0x0A0A,0x0A0A,0x3B0A,0x3B0A,0x0A1A,0x0A0A,

	0x0A0A,0x1A1A,0x0A0A,0x1A1A,0x0A0A,0x3232,0x3232,0x0A0A,
	0x320A,0x320A,0x320A,0x0A0A,0x0A0A,0x0A32,0x1A1A,0x1A0A,
	0x0A0A,0x0A32,0x1A1A,0x0A0A,0x0A0A,0x0A0A,0x0A0A,0x1A0A,
	0x0A0A,0x0A0A,0x0A0A,0x0A0A,0x0A0A,0x0A0A,0x0A0A,0x1A0A,
	0x1A1A,0x1A1A,0x1A1A,0x1A1A,0x1A1A,0x1A1A,0x1A1A,0x1A1A,
	0x1A1A,0x1A1A,0x1A1A,0x1A1A,0x1A1A,0x1A1A,0x1A1A,0x1A1A,
	0x1A1A,0x1A1A,0x1A0A,0x1A1A,0x1A0A,0x0A0A,0x1A1A,0x1A1A,
	0x1A0A,0x0A1A,0x1A0A,0x1A1A,0x0A0A,0x0A0A,0x0A1A,0x1A1A,

	0x1A1A,0x1A1A,0x1A1A,0x1A1A,0x1A1A,0x1A1A,0x1A1A,0x1A1A,
	0x1A1A,0x1A1A,0x1A1A,0x1A1A,0x1A1A,0x1A1A,0x1A1A,0x1A1A,
	0x1A1A,0x1A1A,0x1A1A,0x1A1A,0x1A1A,0x1A1A,0x1A1A,0x1A1A,
	0x1A1A,0x1A1A,0x1A1A,0x1A1A,0x1A1A,0x1A1A,0x1A1A,0x1A1A,
	0x1A1A,0xA8A8,0xA8A8,0x2323,0x1A1A,0xA8A8,0xA8A8,0x2323,
	0x1A1A,0xA8A8,0xA8A8,0x2323,0x1A1A,0x7979,0xA8A8,0x2381,
	0x1A1A,0xA8A8,0xA8A8,0x8181,0x1A1A,0xA8A8,0xA8A8,0xA8A8,
	0x1A1A,0xA8A8,0x7979,0x7979,0x1A1A,0xA8A8,0xA8A8,0xA8A8,

	0x2323,0x2323,0x2323,0x2379,0x2323,0x2323,0x2323,0x2379,
	0x2323,0x2323,0x2323,0x2379,0x2323,0x2323,0x2323,0x2379,
	0x8181,0x8181,0x8181,0x8181,0xA8A8,0xA8A8,0xA8A8,0xA8A8,
	0x7979,0x7979,0x7979,0x7979,0xA8A8,0xA8A8,0xA8A8,0xA8A8,
	0x2323,0x2323,0x2323,0x2323,0x2323,0x2323,0x2323,0x2323,
	0x2323,0x2323,0x2323,0x2323,0x2323,0x2323,0x2323,0x2323,
	0x8181,0x8181,0x8181,0x2323,0xA8A8,0xA8A8,0xA8A8,0xA8A8,
	0x7979,0x7979,0x7979,0x7979,0xA8A8,0xA8A8,0xA8A8,0xA8A8,

	0x2323,0x2323,0x2323,0x2323,0x2323,0x2323,0x2323,0x2323,
	0x2323,0x2323,0x2323,0x2323,0x2323,0x2323,0x2323,0x2323,
	0x2323,0x2323,0x2323,0x2323,0xA8A8,0xA8A8,0x79A8,0xA8A8,
	0x7979,0x7979,0xA079,0x7979,0xA8A8,0xA8A8,0xA8A8,0xA8A8,
	0x2323,0x2323,0x8123,0x2323,0x2323,0x2323,0x8123,0x2323,
	0x2323,0x2323,0x8123,0x2323,0x2323,0x2323,0x8179,0x2323,
	0x2323,0x7923,0x8179,0xA0A0,0xA8A8,0xA8A8,0xA8A8,0xA8A8,
	0x7979,0x7979,0x7979,0x7979,0xA8A8,0xA8A8,0x79A8,0xA8A8,

	0x2323,0x2323,0x2323,0x7923,0x2323,0x2323,0x2323,0x7923,
	0x2323,0x2323,0x2323,0x7923,0x2323,0x2323,0x2323,0x8123,
	0x8181,0x8181,0x8181,0xA0A0,0xA8A8,0xA8A8,0xA8A8,0xA8A8,
	0x7979,0x7979,0x7979,0x7979,0xA8A8,0xA8A8,0x79A8,0xA8A8,
	0x2323,0x2323,0x2323,0x2323,0x2323,0x7A7A,0x2323,0x2323,
	0x2323,0x2323,0x2323,0x2323,0x2323,0x2323,0x2323,0x2323,
	0x81A0,0x8181,0x8181,0x7979,0xA8A8,0xA879,0xA8A8,0xA8A8,
	0x7979,0x79A0,0x7979,0x7979,0xA8A8,0xA8A8,0xA8A8,0xA8A8,

	0x2323,0x2323,0x2323,0x2323,0x2323,0x2323,0x2323,0x2323,
	0x2323,0x2323,0x2323,0x2323,0x2323,0x2323,0x2323,0x2323,
	0x8181,0x8181,0x8181,0x8181,0xA8A8,0xA8A8,0xA8A8,0xA8A8,
	0x7979,0x7979,0x7979,0x7979,0xA8A8,0xA879,0xA8A8,0xA8A8,
	0x7979,0xA3A3,0xA3A3,0xA3A3,0x7979,0xA3A3,0xA3A3,0xA3A3,
	0x7979,0xA3A3,0xA3A3,0xA3A3,0x7979,0xA3A3,0xA3A3,0xA3A3,
	0x8181,0xA3A3,0xA3A3,0xA3A3,0x7923,0xA3A3,0xA3A3,0xA3A3,
	0x7979,0xA3A3,0xA3A3,0xA3A3,0x7923,0xA3A3,0xA3A3,0xA3A3,

	0xA3A3,0x93A3,0x4B4B,0x4B4B,0xA3A3,0x93A3,0x4B4B,0x4B4B,
	0xA3A3,0x93A3,0x4B4B,0x4B4B,0xA3A3,0x72A3,0x2372,0x2323,
	0xA3A3,0x934B,0x4B4B,0x4B4B,0xA3A3,0x934B,0x4B4B,0x4B4B,
	0xA3A3,0x934B,0x4B4B,0x4B4B,0xA3A3,0x93A3,0x4B4B,0x4B4B,
	0x4B4B,0x4B4B,0x4B4B,0x4B4B,0x4B4B,0x4B4B,0x4B4B,0x0A4B,
	0x4B4B,0x4B4B,0x4B4B,0x0A0A,0x2323,0x2323,0x1A23,0x1A1A,
	0x4B4B,0x4B4B,0x4B4B,0x4B4B,0x4B4B,0x4B4B,0x4B4B,0x4B4B,
	0x4B4B,0x4B4B,0x4B4B,0x4B4B,0x4B4B,0x4B4B,0x4B4B,0x4B4B,

	0x4B4B,0x4B4B,0x4B4B,0x4B4B,0x0A4B,0x4B4B,0x4B4B,0x4B4B,
	0x0A4B,0x4B4B,0x4B4B,0x4B4B,0x231A,0x2323,0x2323,0x2323,
	0x4B4B,0x4B4B,0x4B4B,0x4B4B,0x4B4B,0x4B4B,0x4B4B,0x4B4B,
	0x4B4B,0x4B4B,0x4B4B,0x4B4B,0x4B4B,0x4B4B,0x4B4B,0x4B4B,
	0x4B4B,0x4B4B,0x4B4B,0x4B4B,0x4B4B,0x4B4B,0x4B4B,0x4B4B,
	0x4B4B,0x4B4B,0x4B4B,0x4B4B,0x2323,0x2323,0x2323,0x2323,
	0x4B4B,0x4B4B,0x4B4B,0x4B4B,0x4B4B,0x4B4B,0x4B4B,0x4B4B,
	0x4B4B,0x4B4B,0x4B4B,0x4B4B,0x4B4B,0x4B4B,0x4B4B,0x4B4B,

	0x4B4B,0x4B4B,0x9393,0xA3A3,0x4B4B,0x4B0A,0x1A93,0xA3A3,
	0x0A4B,0x0A0A,0x1A1A,0xA3A3,0x2323,0x2323,0x7272,0xA3A3,
	0x4B4B,0x4B4B,0x9393,0xA3A3,0x4B4B,0x4B4B,0x9393,0xA3A3,
	0x4B4B,0x4B4B,0x9393,0xA3A3,0x4B4B,0x4B4B,0x9393,0xA3A3,
	0xA3A3,0xA3A3,0xA3A3,0x79A3,0xA3A3,0xA3A3,0xA3A3,0x79A3,
	0xA3A3,0xA3A3,0xA3A3,0x79A3,0xA3A3,0xA3A3,0xA3A3,0x79A3,
	0xA3A3,0xA3A3,0xA3A3,0x81A3,0xA3A3,0xA3A3,0xA3A3,0x79A3,
	0xA3A3,0xA3A3,0xA3A3,0x79A3,0xA3A3,0xA3A3,0xA3A3,0x794B,

	0x2323,0x2323,0x2323,0x2323,0x2323,0x2323,0x2323,0x2323,
	0x2323,0x2323,0x2323,0x2323,0x2323,0x2323,0x2323,0x2323,
	0x8181,0x8181,0x8181,0xA0A0,0xA8A8,0xA8A8,0xA8A8,0xA8A8,
	0x7979,0x7979,0x7979,0x7979,0xA8A8,0xA879,0xA8A8,0xA8A8,
	0x2323,0x2323,0x2323,0x2323,0x2323,0x2323,0x2323,0x2323,
	0x2323,0x2323,0x2323,0x2323,0x2323,0x2323,0x2323,0x2323,
	0xA0A0,0xA0A0,0xA0A0,0x8181,0xA8A8,0xA8A8,0xA8A8,0xA8A8,
	0x7979,0x7979,0x7979,0x7979,0xA8A8,0xA879,0xA8A8,0xA8A8,

	0x2323,0x2381,0x2323,0x2323,0x2323,0x2381,0x2323,0x2323,
	0x2323,0x2381,0x2323,0x2323,0x2323,0x2381,0x2323,0x2323,
	0x8181,0x8181,0x8181,0x8181,0xA8A8,0xA8A8,0xA8A8,0xA8A8,
	0x7979,0x7979,0x7979,0x7979,0xA8A8,0xA8A8,0xA8A8,0xA8A8,
	0x2323,0x2323,0x2323,0x7979,0x2323,0x2323,0x2323,0x7979,
	0x2323,0x2323,0x2323,0x7979,0x2323,0x2323,0x2323,0x7979,
	0x8181,0x8181,0x8181,0x8181,0xA8A8,0xA8A8,0xA8A8,0x2323,
	0x7979,0x7979,0x7979,0x8181,0xA8A8,0xA8A8,0xA8A8,0x2323,

	0x4B4B,0x4B4B,0x4B4B,0x4B4B,0x4B4B,0x4B4B,0x4B4B,0x4B4B,
	0x4B4B,0x4B4B,0x4B4B,0x4B4B,0x4B4B,0x4B4B,0x4B4B,0x4B4B,
	0x4B4B,0x4B4B,0x4B4B,0x4B4B,0x4B4B,0x4B4B,0x4B4B,0x4B4B,
	0x4B4B,0x4B4B,0x4B4B,0x4B4B,0x4B4B,0x4B4B,0x4B4B,0x4B4B,
	0x1A4B,0x1A1A,0x1A1A,0x1A1A,0x1A4B,0x1A1A,0x1A1A,0x1A1A,
	0x1A4B,0x1A1A,0x1A1A,0x1A1A,0x1A4B,0x1A1A,0x1A1A,0x1A1A,
	0x1A4B,0x1A1A,0x1A1A,0x1A1A,0x1A4B,0x1A1A,0x1A1A,0x1A1A,
	0x1A4B,0x1A1A,0x1A1A,0x1A1A,0x1A4B,0x1A1A,0x1A1A,0x1A1A,

	0x1A1A,0x1A1A,0x1A1A,0x1A1A,0x1A1A,0x1A1A,0x1A1A,0x1A1A,
	0x1A1A,0x1A1A,0x1A1A,0x1A1A,0x1A1A,0x1A1A,0x1A1A,0x1A1A,
	0x1A1A,0x1A1A,0x1A1A,0x1A1A,0x1A1A,0x1A1A,0x1A1A,0x1A1A,
	0x1A1A,0x1A0A,0x1A1A,0x1A1A,0x1A1A,0x1A1A,0x321A,0x0A1A,
	0x0A1A,0x4618,0x1A1A,0x0A1A,0x0A1A,0x1A46,0x1A46,0x0A1A,
	0x1A1A,0x1A1A,0x1A46,0x0A0A,0x1A1A,0x1A1A,0x0A1A,0x1A1A,
	0x1A1A,0x1A1A,0x0A1A,0x0A1A,0x1A1A,0x1A0A,0x0A1A,0x1818,
	0x1A0A,0x0A0A,0x0A1A,0x1A1A,0x0A0A,0x0A0A,0x0A0A,0x0A1A,

	0x0A0A,0x0A0A,0x0A0A,0x0A0A,0x0A0A,0x0A0A,0x0A0A,0x0A0A,
	0x0A1A,0x0A0A,0x0A0A,0x0A0A,0x1A0A,0x1A1A,0x0A0A,0x0A0A,
	0x1A0A,0x0A1A,0x0A0A,0x0A0A,0x0A1A,0x0A0A,0x0A0A,0x0A0A,
	0x0A0A,0x0A0A,0x0A0A,0x0A0A,0x0A0A,0x0A0A,0x0A0A,0x3232,
	0x0A0A,0x0A0A,0x0A0A,0x0A0A,0x0A0A,0x0A0A,0x0A0A,0x0A0A,
	0x0A0A,0x0A0A,0x0A0A,0x0A32,0x0A0A,0x0A0A,0x320A,0x320A,
	0x0A0A,0x0A0A,0x0A0A,0x0A0A,0x0A0A,0x0A0A,0x0A0A,0x0A0A,
	0x0A0A,0x320A,0x0A0A,0x0A0A,0x0A32,0x3232,0x0A0A,0x0A0A,

	0x0F0A,0x0F0F,0x0F0F,0x0F0F,0x0F0F,0x0F0F,0x0F0F,0x0F0F,
	0x0F0F,0x0F37,0x3737,0x0F0F,0x320A,0x3737,0x3737,0x370F,
	0x3232,0x8484,0x3737,0x3737,0x840A,0x8484,0xB1B1,0x3737,
	0x0A0A,0x8484,0xB1B1,0xB137,0x840A,0x0000,0xB184,0xB184,
	0x0F0F,0x0F0F,0x370F,0xB137,0x0F0F,0x0F0F,0x0F37,0xB1B1,
	0x0F0F,0x3737,0x3737,0xB137,0x0F0F,0x0F0F,0x0F37,0x3737,
	0x370F,0x370F,0x0F0F,0x3737,0x3737,0x3737,0x3737,0x3737,
	0x3737,0x3737,0xB137,0x3737,0xB1B1,0xB1B1,0x37B1,0x3737,

	0x0F37,0x0F0F,0x0F0F,0x0F0F,0x3737,0x0F0F,0x0F0F,0x0F37,
	0x3737,0x0F0F,0x3737,0x0F0F,0x0F37,0x0F37,0x0F0F,0x0F0F,
	0x3737,0x3737,0x0F0F,0x0F0F,0x3737,0x0F37,0x0F0F,0x0F0F,
	0x3737,0x0F0F,0x0F0F,0x0F0F,0x0F0F,0x0F0F,0x0F0F,0x0F0F,
	0x0F0F,0x0F37,0x0F0F,0x0F0F,0x0F0F,0x0F0F,0x0F0F,0x0F37,
	0x0F0F,0x0F0F,0x0F0F,0x0F0F,0x0F0F,0x0F0F,0x0F0F,0x0F0F,
	0x0F0F,0x0F0F,0x0F0F,0x0F0F,0x0F0F,0x0F0F,0x0F0F,0x0F0F,
	0x0F0F,0x0F0F,0x0F0F,0x0F0F,0x0F0F,0x0F0F,0x0F0F,0x0F0F,

	0x0F0F,0x0F0F,0x0F0F,0x0F0F,0x0F0F,0x0F0F,0x0F0F,0x0F0F,
	0x0F0F,0x0F0F,0x0F0F,0x0F0F,0x0F0F,0x0F0F,0x0F0F,0x0F0F,
	0x0F0F,0x0F0F,0x0F0F,0x0F0F,0x0F0F,0x0F0F,0x0F0F,0x0F0F,
	0x0F0F,0x0F0F,0x0F0F,0x0F0F,0x0F37,0x0F0F,0x0F37,0x0F0F,
	0x0F0F,0x0F0F,0x0F37,0x0F0F,0x0F0F,0x0F0F,0x370F,0x3737,
	0x0F0F,0x0F0F,0x0F0F,0x0F0F,0x0F0F,0x0F0F,0x0F0F,0x0F0F,
	0x0F0F,0x0F0F,0x0F0F,0x0F0F,0x0F0F,0x0F0F,0x0F0F,0x0F0F,
	0x0F0F,0x0F0F,0x0F0F,0x0F0F,0x0F0F,0x0F0F,0x0F0F,0x0F0F,

	0x0F0F,0x0F0F,0x0F0F,0x370F,0x0F0F,0x0F0F,0x0F0F,0x3737,
	0x0F0F,0x0F0F,0x0F0F,0x0F0F,0x0F0F,0x0F0F,0x0F0F,0x0F0F,
	0x0F0F,0x0F0F,0x0F0F,0x0F0F,0x0F0F,0x0F0F,0x0F0F,0x0F0F,
	0x370F,0x0F0F,0x0F0F,0x0F0F,0x0F37,0x0F0F,0x0F0F,0x0F37,
	0x3737,0x84B1,0xB184,0x3737,0x3737,0x3737,0x84B1,0x0F37,
	0x0F37,0x3737,0xB1B1,0x3737,0x3737,0x3737,0x3737,0x37B1,
	0x3737,0x3737,0xB137,0x3737,0x0F0F,0x370F,0x3737,0x37B1,
	0x0F0F,0x370F,0x3737,0x37B1,0x3737,0x3737,0x3737,0x37B1,

	0x3737,0x0F0F,0x0F0F,0x0F0F,0x3737,0x3737,0x0F37,0x3737,
	0x3737,0x3737,0x3737,0x3737,0x3737,0x3737,0x0F37,0x370F,
	0x0F37,0x0F0F,0x0F37,0x0F0F,0x3737,0x0F37,0x0F0F,0x0F0F,
	0x3737,0x0F37,0x0F0F,0x0F0F,0x3737,0x370F,0x370F,0x0F37,
	0x0F0F,0x0F0F,0x0F0F,0x0F0F,0x0F0F,0x0F0F,0x0F0F,0x3737,
	0x0F0F,0x0F37,0x370F,0x0F37,0x0F37,0x0F0F,0x0F0F,0x0F0F,
	0x0F37,0x0F0F,0x0F0F,0x0F0F,0x370F,0x0F0F,0x370F,0x0F0F,
	0x0F0F,0x0F0F,0x370F,0x3737,0x3737,0x0F0F,0x3737,0x0F0F,

	0x1A1A,0x0F37,0x3737,0x3737,0x3737,0x37B1,0x3737,0x0F0F,
	0x1A37,0xB1B1,0x37B1,0x0F0F,0x0F0F,0x370F,0x0F0F,0x3737,
	0x0F0F,0x0F0F,0x0F0F,0x0F37,0x0F0F,0x0F0F,0x0F0F,0x0F0F,
	0x0F0F,0x0F0F,0x0F0F,0x0F0F,0x0F0F,0x0F0F,0x0F0F,0x0F0F,
	0x0F0F,0x0F0F,0x0F0F,0x0F0F,0x3737,0x0F0F,0x0F0F,0x0F0F,
	0x0F37,0x0F0F,0x0F0F,0x0F0F,0x0F0F,0x3737,0x3737,0x370F,
	0x0F0F,0x0F0F,0x3737,0x3737,0x0F0F,0x3737,0x370F,0x3737,
	0x0F0F,0x0F0F,0x0F0F,0x3737,0x3737,0x0F0F,0x0F0F,0x3737,

	0x0F0F,0x0F0F,0x0F0F,0x0F0F,0x0F0F,0x0F0F,0x0F0F,0x0F0F,
	0x0F0F,0x0F0F,0x0F0F,0x3737,0x0F0F,0x0F0F,0x0F0F,0x0F0F,
	0x0F0F,0x0F0F,0x0F0F,0x0F0F,0x3737,0x0F37,0x0F0F,0x3737,
	0x0F37,0x0F0F,0x370F,0x3737,0x0F0F,0x0F0F,0x0F0F,0x0F0F,
	0x0F0F,0x0F0F,0x0F0F,0x620F,0x370F,0x370F,0x370F,0xBD62,
	0x370F,0x0F0F,0x3737,0xBD62,0x3737,0x3737,0xB1B1,0xBDBD,
	0x0F0F,0x3737,0xB1B1,0x6262,0x3737,0x37B1,0x84B1,0x622E,
	0xB1B1,0xB184,0x8484,0x2E2E,0x3737,0x3737,0x8437,0x2E2E,

	0xBDBD,0xBD27,0xBDBD,0xBDBD,0xBDBD,0xBDBD,0xBDBD,0xBD62,
	0xBDBD,0xBDBD,0xBDBD,0xBDBD,0xBD62,0x6262,0xBDBD,0x6262,
	0x6262,0x6262,0x62BD,0x6262,0xBD2E,0x6262,0x6262,0xBDBD,
	0x622E,0x6262,0x6262,0xBDBD,0x6262,0x2E62,0x2E2E,0x6262,
	0xBDBD,0xBD62,0x6262,0x6262,0x6262,0x62BD,0xBD62,0x6262,
	0x6262,0x6262,0x6262,0x622E,0xBDBD,0x6262,0x2E2E,0x622E,
	0xBDBD,0x622E,0x2E2E,0x2E2E,0x6262,0x2E2E,0x2E2E,0x2E2E,
	0x6262,0x2E2E,0x2E2E,0x2E9B,0x6262,0x2E2E,0x5C2E,0x2E84,

	0x6262,0xBDBD,0xBDBD,0xBDBD,0xBD62,0x62BD,0xBDBD,0xBDBD,
	0xBD62,0xBD62,0xBDBD,0xBDBD,0x6262,0xBDBD,0xBD62,0xBDBD,
	0x6262,0xBDBD,0xBD62,0x6262,0x6262,0xBDBD,0x2E2E,0x622E,
	0x6262,0x9B2E,0x2E2E,0x6262,0x842E,0x842E,0x842E,0x629B,
	0xBDBD,0xBDBD,0x6262,0xBD62,0x6262,0x6262,0xBD62,0x6262,
	0xBDBD,0x6262,0xBDBD,0xBDBD,0xBDBD,0x62BD,0x6262,0xBDBD,
	0x6262,0x6262,0xBDBD,0xBDBD,0x62BD,0x6262,0xBDBD,0xBDBD,
	0x6262,0x6262,0xBDBD,0xBDBD,0x6262,0x6262,0x62BD,0xBDBD,

	0xBDBD,0xBDBD,0xBD62,0x2E62,0xBDBD,0xBDBD,0x62BD,0xBDBD,
	0x6262,0xBDBD,0xBD62,0x62BD,0xBDBD,0xBDBD,0xBDBD,0xBDBD,
	0xBDBD,0xBDBD,0xBDBD,0xBDBD,0x27BD,0xBDBD,0xBDBD,0x62BD,
	0x27BD,0xBDBD,0x6262,0xBDBD,0xBD27,0xBDBD,0xBDBD,0x6262,
	0x6262,0x62BD,0xBDBD,0xBDBD,0x2E2E,0xBD62,0x62BD,0xBDBD,
	0x6262,0xBDBD,0xBDBD,0xBDBD,0x62BD,0xBD62,0x6262,0x2E62,
	0xBDBD,0x6262,0x6262,0x9B62,0x6262,0x6262,0x6262,0x2E2E,
	0x2E62,0x2E2E,0x9B2E,0x2E2E,0x6262,0x9B62,0x2E2E,0x9B9B,

	0xA8A8,0xA8A8,0xA8A8,0xA8A8,0x7979,0x7979,0x7979,0x7979,
	0x7979,0x7979,0x7979,0x7979,0x7979,0x7979,0x7979,0x7979,
	0x7979,0x7979,0x7979,0x7979,0x1A79,0x1A79,0x7979,0x791A,
	0x1A1A,0x1A1A,0x7979,0x791A,0x1A1A,0x1A1A,0x1A1A,0x1A1A,
	0xA8A8,0xA8A8,0xA8A8,0xA8A8,0x7979,0x7979,0x7979,0x7979,
	0x7979,0x7979,0x7979,0x7979,0x7979,0x7979,0x7979,0x7979,
	0x7979,0x7979,0x7979,0x7979,0x791A,0x7979,0x791A,0x7979,
	0x1A1A,0x1A79,0x1A1A,0x791A,0x1A1A,0x1A1A,0x1A1A,0x0A0A,

	0x1A1A,0x1A1A,0x1A1A,0x1A1A,0x1A1A,0x1A1A,0x1A1A,0x1A1A,
	0x1A1A,0x1A1A,0x1A1A,0x1A1A,0x1A1A,0x1A1A,0x1A1A,0x1A1A,
	0x1A1A,0x1A1A,0x1A1A,0x1A1A,0x1A1A,0x1A1A,0x1A1A,0x1A1A,
	0x1A1A,0x1A1A,0x1A1A,0x1A1A,0x0A0A,0x1A1A,0x1A1A,0x1A1A,
	0x1A1A,0x1A1A,0x1A1A,0x0A1A,0x1A1A,0x1A1A,0x1A1A,0x1A1A,
	0x1A1A,0x1A1A,0x1A1A,0x1A1A,0x1A1A,0x1A1A,0x0A0A,0x0A1A,
	0x1A1A,0x1A1A,0x1A1A,0x0A0A,0x1A1A,0x1A1A,0x321A,0x320A,
	0x1A1A,0x1A1A,0x1A0A,0x1A0A,0x1A1A,0x1A1A,0x1A1A,0x1A1A,

	0x0A1A,0x0A0A,0x0A0A,0x0A0A,0x0A1A,0x0A0A,0x0A0A,0x0A0A,
	0x0A1A,0x1A0A,0x0A0A,0x0A0A,0x1A1A,0x1A1A,0x0A0A,0x0A0A,
	0x321A,0x0A0A,0x0A0A,0x0A0A,0x0A0A,0x0A0A,0x1A1A,0x0A0A,
	0x320A,0x0A0A,0x1A1A,0x0A0A,0x0A1A,0x0A0A,0x0A0A,0x0A18,
	0x0A0A,0x0A0A,0x0A0A,0x0A0A,0x0A0A,0x0A0A,0x0A0A,0x0A0A,
	0x0A0A,0x0A0A,0x0A0A,0x0A0A,0x0A0A,0x0A0A,0x0A0A,0x0A0A,
	0x0A0A,0x0A0A,0x0A0A,0x0A0A,0x0A3B,0x0A0A,0x690A,0x0A69,
	0x0A3B,0x690A,0x1A0A,0x0A69,0x3B0A,0x1A0A,0x0A0A,0x0A0A,

	0x0A0A,0x0A0A,0x3B1A,0x543B,0x0A0A,0x0A0A,0x0A3B,0x540A,
	0x0A0A,0x0A0A,0x0A3B,0x540A,0x0A0A,0x0A0A,0x0A0A,0x540A,
	0x0A0A,0x0A0A,0x0A0A,0x540A,0x0A0A,0x0A0A,0x0A0A,0x540A,
	0x0A0A,0x0A0A,0x0A0A,0x540A,0x0A0A,0x0A0A,0x0A0A,0x580A,
	0x5454,0x5454,0x5454,0x0A54,0x5454,0x5454,0x5454,0x0A54,
	0x5454,0x5454,0x5454,0x0A54,0x5454,0x5454,0x5454,0x0A54,
	0x5454,0x5454,0x5454,0x0A54,0x5454,0x5454,0x5454,0x0A54,
	0x540A,0x540A,0x540A,0x0A54,0x0A0A,0x580A,0x0A0A,0x0A58,

	0x1846,0x4646,0x5454,0x0A54,0x4618,0x5846,0x0A1A,0x0A0A,
	0x4618,0x4646,0x0A0A,0x0A0A,0x0A46,0x0A0A,0x0A0A,0x0A0A,
	0x0A0A,0x0A0A,0x0A0A,0x0A0A,0x0A0A,0x0A0A,0x3B0A,0x0A0A,
	0x0A0A,0x3B3B,0x3B0A,0x0A1A,0x0A0A,0x1A1A,0x0A0A,0x0A0A,
	0x5454,0x9F9F,0x0A0F,0x580A,0x5454,0x5454,0x5454,0x0A0A,
	0x5454,0x5454,0x5454,0x0A0A,0x5454,0x5454,0x5454,0x0A0A,
	0x5454,0x5454,0x5454,0x0A0A,0x5454,0x5454,0x5454,0x0A54,
	0x5454,0x5454,0x5454,0x1854,0x0A58,0x0A0A,0x0A0A,0x1A58,

	0x5454,0x5454,0x0A54,0x0A0A,0x5454,0x5454,0x5454,0x5454,
	0x5454,0x5454,0x5454,0x5454,0x5454,0x5454,0x5454,0x5454,
	0x5454,0x5454,0x5454,0x5454,0x5454,0x5454,0x5454,0x5454,
	0x5454,0x5454,0x5454,0x5454,0x5454,0x5454,0x5454,0x5454,
	0x0A58,0x580A,0x5846,0x5458,0x5454,0x460A,0x4646,0x5454,
	0x5454,0x1A1A,0x5454,0x5454,0x5454,0x540A,0x5454,0x5454,
	0x5454,0x5454,0x5454,0x5454,0x5454,0x5458,0x5454,0x5454,
	0x5454,0x5858,0x5454,0x5454,0x5454,0x460A,0x5446,0x5454,

	0x5454,0x0A0A,0x0A0A,0x0A0A,0x5454,0x5454,0x0A0A,0x0A0A,
	0x5454,0x5454,0x0A0A,0x0A0A,0x5454,0x5454,0x5454,0x0A0A,
	0x5454,0x5454,0x5454,0x0A0A,0x5454,0x5454,0x0A54,0x0A0A,
	0x5454,0x5454,0x0A0A,0x0A0A,0x5454,0x5832,0x0A32,0x320A,
	0x460A,0x0A0A,0x0A0A,0x0A0A,0x0A0A,0x0A0A,0x0A0A,0x0A0A,
	0x0A0A,0x0A0A,0x0A0A,0x1A1A,0x0A0A,0x0A0A,0x0A0A,0x0A0A,
	0x0A0A,0x0A0A,0x0A0A,0x0A0A,0x0A0A,0x0A0A,0x0A0A,0x0A0A,
	0x0A0A,0x0A0A,0x0A0A,0x0A0A,0x0A0A,0x0A0A,0x0A0A,0x0A0A,

	0x0A0A,0x0A3B,0x0A0A,0x0A0A,0x0A3B,0x1A1A,0x0A0A,0x0A0A,
	0x0A3B,0x0A0A,0x0A0A,0x0A0A,0x0A0A,0x0A0A,0x0A0A,0x0A0A,
	0x0A0A,0x0A0A,0x0A0A,0x0A0A,0x0A0A,0x0A0A,0x0A0A,0x0A69,
	0x0A0A,0x0A0A,0x0A0A,0x0A1A,0x0A0A,0x0A0A,0x0A0A,0x0A0A,
	0x1A1A,0x0A0A,0x0A0A,0x0A0A,0x0A0A,0x0A0A,0x0A0A,0x0A0A,
	0x0A0A,0x0A0A,0x0A0A,0x0A0A,0x0A0A,0x0A0A,0x0A0A,0x0A0A,
	0x0A0A,0x0A0A,0x0A0A,0x0A0A,0x0A0A,0x0A0A,0x0A0A,0x0A0A,
	0x0A0A,0x0A0A,0x0A0A,0x0A0A,0x0A0A,0x0A0A,0x0A0A,0x0A0A,

	0x180A,0x0A0A,0x0A0A,0x1A1A,0x180A,0x180A,0x0A1A,0x0A0A,
	0x1A1A,0x0A0A,0x0A0A,0x0A0A,0x0A0A,0x0A0A,0x0A0A,0x0A0A,
	0x0A0A,0x0A0A,0x1A0A,0x0A0A,0x0A0A,0x0A0A,0x0A0A,0x0A1A,
	0x0A0A,0x0A0A,0x0A0A,0x0A0A,0x0A0A,0x180A,0x0A0A,0x0A3B,
	0x0A0A,0x0A1A,0x1A1A,0x1A1A,0x1A0A,0x1A1A,0x1A1A,0x1A1A,
	0x0A0A,0x1A1A,0x1A1A,0x1A1A,0x1A1A,0x1A1A,0x1A1A,0x1A1A,
	0x0A0A,0x1A1A,0x1A1A,0x1A1A,0x1A1A,0x1A1A,0x1A1A,0x1A1A,
	0x1A1A,0x1A1A,0x1A1A,0x1A1A,0x1A0A,0x1A1A,0x1A1A,0x1A1A,

	0x1A1A,0x1A1A,0x1A1A,0x1A0D,0x1A1A,0x1A1A,0x1A1A,0x0D0D,
	0x1A1A,0x1A1A,0x1A1A,0x0D19,0x1A1A,0x1A1A,0x1A1A,0x1A1A,
	0x1A1A,0x1A1A,0x1A1A,0x1A1A,0x1A1A,0x1A1A,0x1A1A,0x1A1A,
	0x1A1A,0x1A1A,0x1A1A,0x1A1A,0x1A1A,0x1A1A,0x1A1A,0x1A1A,
	0x0D1A,0xA8A8,0xA8A8,0xA8A8,0x190D,0x7979,0x7979,0x7979,
	0x1A1A,0x7979,0x7979,0x7979,0x1A1A,0x7979,0x7979,0x7979,
	0x1A1A,0x7979,0x7979,0x7979,0x1A1A,0x7979,0x7979,0x1A1A,
	0x1A1A,0x1A79,0x1A79,0x1A1A,0x0D0D,0x0D1A,0x1A1A,0x1A1A,

	0xA8A8,0xA8A8,0xA8A8,0xA8A8,0x7979,0x7979,0x7979,0x7979,
	0x7979,0x7979,0x7979,0x7979,0x7979,0x7979,0x7979,0x7979,
	0x7979,0x7979,0x7979,0x7979,0x791A,0x791A,0x7979,0x1A79,
	0x1A1A,0x1A1A,0x7979,0x1A1A,0x1A1A,0x1A1A,0x1A1A,0x1A1A,
	0xA8A8,0xA8A8,0xA8A8,0xA8A8,0x7979,0x7979,0x7979,0x7979,
	0x7979,0x7979,0x7979,0x7979,0x7979,0x7979,0x7979,0x7979,
	0x7979,0x7979,0x7979,0x7979,0x791A,0x7979,0x7979,0x791A,
	0x1A1A,0x791A,0x791A,0x791A,0x1A1A,0x1A1A,0x1A1A,0x1A1A,

	0xA8A8,0xA8A8,0xA8A8,0xA8A8,0x7979,0x7979,0x7979,0x7979,
	0x7979,0x7979,0x7979,0x7979,0x7979,0x7979,0x7979,0x7979,
	0x7979,0x7979,0x7979,0x7979,0x1A1A,0x1A1A,0x7979,0x791A,
	0x791A,0x1A1A,0x7979,0x1A1A,0x1A1A,0x1A1A,0x1A1A,0x1A1A,
	0xA8A8,0xA8A8,0x79A8,0xA8A8,0x7979,0x7979,0xA079,0x7979,
	0x7979,0x7979,0xA079,0x7979,0x7979,0x7979,0xA079,0x7979,
	0x7979,0x7979,0xA079,0x7979,0x791A,0x7979,0xA01A,0x791A,
	0x791A,0x1A1A,0x1A1A,0x791A,0x1A1A,0x1A1A,0x1A1A,0x1A1A,

	0xA8A8,0xA8A8,0x79A8,0xA8A8,0x7979,0x7979,0xA079,0x7979,
	0x7979,0x7979,0xA079,0x7979,0x7979,0x7979,0xA079,0x7979,
	0x7979,0x7979,0xA079,0x7979,0x1A79,0x1A79,0xA079,0x791A,
	0x1A79,0x1A79,0x1A79,0x7979,0x1A1A,0x1A1A,0x1A1A,0x1A1A,
	0xA8A8,0xA8A8,0xA8A8,0xA8A8,0x7979,0x7979,0x7979,0x7979,
	0x7979,0x7979,0x7979,0x7979,0x7979,0x7979,0x7979,0x7979,
	0x7979,0x7979,0x7979,0x7979,0x791A,0x1A79,0x1A79,0x1A79,
	0x791A,0x1A79,0x1A1A,0x1A79,0x1A1A,0x1A1A,0x1A1A,0x1A1A,

	0xA8A8,0xA879,0xA8A8,0xA8A8,0x7979,0x79A0,0x7979,0x7979,
	0x7979,0x79A0,0x7979,0x7979,0x7979,0x79A0,0x7979,0x7979,
	0x7979,0x79A0,0x7979,0x7979,0x1A79,0x79A0,0x7979,0x791A,
	0x1A1A,0x1A1A,0x1A79,0x1A1A,0x1A1A,0x1A1A,0x1A1A,0x1A1A,
	0x7923,0xA3A3,0xA3A3,0xA3A3,0x7979,0xA3A3,0xA3A3,0xA3A3,
	0x7979,0xA3A3,0xA3A3,0xA3A3,0x7979,0xA3A3,0xA3A3,0xA3A3,
	0x7979,0xA3A3,0xA3A3,0xA3A3,0x1A1A,0xA3A3,0xA3A3,0xA3A3,
	0x1A1A,0xA3A3,0xA3A3,0xA3A3,0x1A1A,0xA3A3,0xA3A3,0xA3A3,

	0xA3A3,0x93A3,0x4B4B,0x4B4B,0xA3A3,0x72A3,0x2372,0x2323,
	0xA3A3,0x72A3,0x2372,0x2323,0xA3A3,0x93A3,0x4B4B,0x4B4B,
	0xA3A3,0x93A3,0x4B4B,0x4B4B,0xA3A3,0x93A3,0x4B4B,0x4B4B,
	0xA3A3,0x93A3,0x4B4B,0x4B4B,0xA3A3,0x72A3,0x2372,0x2323,
	0x4B4B,0x4B4B,0x4B4B,0x4B4B,0x1A1A,0x2323,0x2323,0x2323,
	0x2323,0x2323,0x2323,0x2323,0x4B4B,0x4B4B,0x4B4B,0x4B4B,
	0x4B4B,0x4B4B,0x4B4B,0x4B4B,0x4B4B,0x4B4B,0x4B4B,0x4B4B,
	0x4B4B,0x4B4B,0x4B4B,0x4B4B,0x2323,0x2323,0x2323,0x2323,

	0x4B4B,0x4B4B,0x4B4B,0x4B4B,0x2323,0x2323,0x2323,0x2323,
	0x2323,0x2323,0x2323,0x2323,0x4B4B,0x4B4B,0x4B4B,0x4B4B,
	0x4B4B,0x4B4B,0x4B4B,0x4B4B,0x4B4B,0x4B4B,0x4B4B,0x4B4B,
	0x4B4B,0x4B4B,0x4B4B,0x4B4B,0x2323,0x2323,0x2323,0x2323,
	0x4B4B,0x4B4B,0x4B4B,0x4B4B,0x2323,0x2323,0x2323,0x2323,
	0x2323,0x2323,0x2323,0x2323,0x4B4B,0x4B4B,0x4B4B,0x4B4B,
	0x4B4B,0x4B4B,0x4B4B,0x4B4B,0x4B4B,0x4B4B,0x4B4B,0x4B4B,
	0x4B4B,0x4B4B,0x4B4B,0x4B4B,0x2323,0x2323,0x2323,0x2323,

	0x4B4B,0x4B4B,0x9393,0xA3A3,0x2323,0x2323,0x7272,0xA3A3,
	0x2323,0x2323,0x7272,0xA3A3,0x4B4B,0x4B4B,0x9393,0xA3A3,
	0x4B4B,0x4B4B,0x9393,0xA3A3,0x4B4B,0x4B4B,0x0A93,0xA3A3,
	0x4B4B,0x4B4B,0x0A0A,0xA3A3,0x2323,0x2323,0x7272,0xA3A3,
	0xA3A3,0xA3A3,0xA3A3,0x794B,0xA3A3,0xA3A3,0xA3A3,0x79A3,
	0xA3A3,0xA3A3,0xA3A3,0x79A3,0xA3A3,0xA3A3,0xA3A3,0x79A3,
	0xA3A3,0xA3A3,0xA3A3,0x79A3,0xA3A3,0xA3A3,0xA3A3,0x79A3,
	0xA3A3,0xA3A3,0xA3A3,0x79A3,0xA3A3,0xA3A3,0xA3A3,0x1AA3,

	0xA8A8,0xA879,0xA8A8,0xA8A8,0x7979,0x79A0,0x7979,0x7979,
	0x7979,0x79A0,0x7979,0x7979,0x7979,0x79A0,0x7979,0x7979,
	0x7979,0x79A0,0x7979,0x7979,0x7979,0x79A0,0x7979,0x1919,
	0x1A1A,0x1A1A,0x1A79,0x191A,0x1A1A,0x1A1A,0x1A1A,0x1A1A,
	0xA8A8,0xA879,0xA8A8,0xA8A8,0x7979,0x79A0,0x7979,0x7979,
	0x7979,0x79A0,0x7979,0x7979,0x7960,0x79A0,0x1A79,0x7979,
	0x0D60,0x0DA0,0x1A79,0x7979,0x6060,0x1A0D,0x6060,0x1A1A,
	0x601A,0x1A1A,0x6060,0x1A1A,0x1A1A,0x1A1A,0x1960,0x1A19,

	0xA8A8,0xA8A8,0xA8A8,0xA8A8,0x7979,0x7979,0x7979,0x7979,
	0x7979,0x7979,0x7979,0x7979,0x791A,0x1A79,0x7979,0x7979,
	0x1A1A,0x1A1A,0x791A,0x7979,0x0A1A,0x0A1A,0x1A1A,0x1A1A,
	0x1A1A,0x1A0A,0x1A0A,0x1A1A,0x0A0A,0x1A1A,0x1A1A,0x1A1A,
	0xA8A8,0xA8A8,0xA8A8,0x2323,0x7979,0x7979,0x7979,0x8181,
	0x7979,0x7979,0x7979,0x8181,0x7979,0x7979,0x7979,0x8181,
	0x7979,0x7979,0x7979,0x8181,0x1A79,0x7979,0x7979,0x811A,
	0x1A1A,0x791A,0x791A,0x811A,0x1A1A,0x1A1A,0x1A1A,0x1A1A,

	0x4B4B,0x4B4B,0x4B4B,0x4B4B,0x4B4B,0x4B4B,0x4B4B,0x4B4B,
	0x4B4B,0x4B4B,0x4B4B,0x4B4B,0x4B4B,0x4B4B,0x4B4B,0x4B4B,
	0x4B4B,0x4B4B,0x4B4B,0x4B4B,0x4B4B,0x4B4B,0x4B4B,0x4B4B,
	0x4B4B,0x4B4B,0x4B4B,0x4B4B,0x4B4B,0x4B4B,0x4B4B,0x4B4B,
	0x1A4B,0x1A1A,0x1A1A,0x1A1A,0x1A4B,0x1A1A,0x1A1A,0x1A1A,
	0x1A4B,0x1A1A,0x1A1A,0x1A1A,0x1A4B,0x1A1A,0x1A1A,0x1A1A,
	0x1A4B,0x1A1A,0x1A1A,0x1A1A,0x1A4B,0x1A1A,0x1A1A,0x0A0A,
	0x1A4B,0x1A1A,0x1A0A,0x0A0A,0x0A4B,0x1A1A,0x0A0A,0x0A0A,

	0x1A1A,0x1A1A,0x321A,0x0A1A,0x0A1A,0x0A1A,0x0A0A,0x0A0A,
	0x1A1A,0x1A1A,0x0A0A,0x0A0A,0x0A1A,0x0A0A,0x0A0A,0x0A0A,
	0x0A1A,0x0A0A,0x0A0A,0x0A0A,0x0A0A,0x1A0A,0x0A0A,0x0A0A,
	0x0A0A,0x1A0A,0x1A0A,0x0A0A,0x0A0A,0x0A0A,0x0A0A,0x0A0A,
	0x0A0A,0x0A0A,0x1A0A,0x0A1A,0x1A0A,0x0A1A,0x0A0A,0x320A,
	0x1A0A,0x1A1A,0x0A1A,0x320A,0x0A0A,0x0A0A,0x0A0A,0x0A0A,
	0x0A0A,0x0A0A,0x0A0A,0x0A0A,0x0A0A,0x0A0A,0x0A0A,0x0A0A,
	0x0A0A,0x0A0A,0x1818,0x180A,0x0A0A,0x0A0A,0x0A1A,0x0A0A,

	0x0A0A,0x1A0A,0x0A0A,0x320A,0x1A1A,0x0A1A,0x0A0A,0x0A0A,
	0x1A0A,0x320A,0x0A0A,0x0A0A,0x0A0A,0x0A32,0x0A0A,0x0A0A,
	0x0A0A,0x0A0A,0x0A0A,0x0A0A,0x0A18,0x0A0A,0x0A0A,0x0A0A,
	0x0A0A,0x0A0A,0x0A0A,0x0A0A,0x0A0A,0x0A0A,0x0A0A,0x0A0A,
	0x320A,0x0A32,0x0A0A,0x0A0A,0x320A,0x0A0A,0x0A0A,0x0A0A,
	0x0A0A,0x0A0A,0x0A0A,0x0A0A,0x0A0A,0x0A0A,0x0A0A,0x0A0A,
	0x0A0A,0x0A0A,0x0A0A,0x0A0A,0x0A0A,0x3B3B,0x0A0A,0x0A0A,
	0x0A3B,0x1A3B,0x0A0A,0x0A0A,0x3B1A,0x0A0A,0x0A0A,0x0A0A,

	0x0A0A,0x8400,0x8484,0x8484,0x000A,0x0000,0x8484,0xB1B1,
	0x0A0A,0x0000,0x8484,0xB1B1,0x0A0A,0x0000,0x0000,0xB1B1,
	0x000A,0x0000,0x0000,0x3737,0x0A0A,0x0A00,0x8400,0x3784,
	0x0A0A,0x0A0A,0x0000,0x3700,0x0A0A,0x004D,0x001A,0x3737,
	0x84B1,0x84B1,0x37B1,0x3737,0xB184,0x8484,0x3737,0x3737,
	0xB1B1,0xB1B1,0xB1B1,0x3737,0xB137,0xB137,0xB1B1,0x3737,
	0xB137,0xB1B1,0xB1B1,0xB137,0x3737,0x37B1,0xB1B1,0xB1B1,
	0x3737,0x37B1,0xB1B1,0xB1B1,0x3737,0x3737,0xB1B1,0x3737,

	0x0F0F,0x0F0F,0x0F0F,0x0F0F,0x370F,0x0F0F,0x0F0F,0x0F0F,
	0x3737,0x0F37,0x0F0F,0x0F0F,0x3737,0x0F0F,0x0F0F,0x0F0F,
	0x3737,0x3737,0x0F0F,0x0F0F,0x3737,0x0F37,0x0F0F,0x0F0F,
	0xB1B1,0x37B1,0x0F37,0x0F0F,0xB1B1,0x3737,0x0F0F,0x0F37,
	0x0F0F,0x0F37,0x0F0F,0x0F0F,0x0F0F,0x370F,0x370F,0x370F,
	0x0F0F,0x370F,0x0F0F,0x3737,0x0F0F,0x0F0F,0x0F0F,0x370F,
	0x0F0F,0x0F0F,0x0F0F,0x370F,0x370F,0x0F0F,0x3737,0x0F0F,
	0x370F,0x3737,0x0F0F,0x0F0F,0x3737,0x3737,0x0F0F,0x3737,

	0x3737,0x0F0F,0x0F37,0x0F0F,0x0F37,0x0F0F,0x3737,0x0F0F,
	0x3737,0x370F,0x0F0F,0x0F0F,0x3737,0x3737,0x0F0F,0x0F37,
	0x370F,0x3737,0x0F37,0x0F37,0x3737,0x37B1,0xB1B1,0x3737,
	0x3737,0x37B1,0xB1B1,0xB1B1,0x3737,0xB1B1,0x84B1,0xB1B1,
	0x0F0F,0x0F0F,0x0F0F,0x0F0F,0x0F0F,0x0F0F,0x0F0F,0x3737,
	0x0F0F,0x0F0F,0x0F0F,0x370F,0x0F0F,0x3737,0x0F0F,0x0F0F,
	0x3737,0x370F,0x0F0F,0x370F,0x3737,0x0F37,0x3737,0x0F0F,
	0x3737,0x0F0F,0x0F37,0x0F0F,0x3737,0x370F,0x370F,0x0F37,

	0x0F37,0x0F0F,0x0F0F,0x3737,0x0F0F,0x3737,0x0F0F,0x0F0F,
	0x0F0F,0x3737,0x0F37,0x0F0F,0x3737,0x3737,0x0F0F,0x3737,
	0x3737,0x3737,0x370F,0x3737,0x370F,0x3737,0x3737,0x370F,
	0x0F37,0x3737,0x0F0F,0x3737,0x3737,0x3737,0x0F37,0x3737,
	0x3737,0x3737,0xB137,0xB1B1,0x3737,0x0F0F,0x3737,0xB1B1,
	0x3737,0x0F0F,0x3737,0xB1B1,0x370F,0x3737,0xB1B1,0x84B1,
	0x3737,0x37B1,0x3737,0x84B1,0xB137,0x3737,0xB1B1,0x8484,
	0x37B1,0xB1B1,0xB1B1,0xB184,0xB1B1,0xB1B1,0xB1B1,0xB1B1,

	0x3737,0x3737,0x3737,0x0F37,0xB1B1,0x3737,0x3737,0x370F,
	0xB1B1,0xB1B1,0x3737,0x0F0F,0xB184,0xB1B1,0x37B1,0xB1B1,
	0xB184,0xB184,0xB137,0xB1B1,0xB1B1,0x8484,0xB1B1,0x3737,
	0xB1B1,0xB1B1,0xB1B1,0xB1B1,0x3737,0xB137,0xB1B1,0xB1B1,
	0x3737,0x0F0F,0x3737,0x0F0F,0x0F37,0x370F,0x3737,0xB1B1,
	0x3737,0x0F0F,0x0F0F,0xB137,0x0F37,0x0F0F,0x0F0F,0x0F0F,
	0xB1B1,0x0F0F,0x0F0F,0x0F0F,0x0FB1,0x0F0F,0x0F0F,0x0F0F,
	0x0FB1,0x0F0F,0x0F0F,0x0F0F,0xB1B1,0x3737,0x0F0F,0x0F0F,

	0x0F0F,0x0F0F,0x0F0F,0x0F0F,0x0F0F,0x0F0F,0x0F0F,0x0F0F,
	0x0F37,0x0F0F,0x0F0F,0x0F0F,0x370F,0x0F0F,0x0F0F,0x0F0F,
	0x0F0F,0x0F37,0x0F0F,0x0F0F,0x0F0F,0x0F0F,0x0F0F,0x370F,
	0x0F0F,0x0F0F,0x370F,0x0F0F,0x0F0F,0x370F,0x0F0F,0x3737,
	0x0F0F,0x0F0F,0x0F0F,0x370F,0x0F0F,0x0F0F,0x0F0F,0x370F,
	0x0F0F,0x0F0F,0x0F0F,0x0F0F,0x0F0F,0x0F0F,0x0F0F,0x0F0F,
	0x0F0F,0x0F0F,0x0F0F,0x0F0F,0x3737,0x3737,0x0F0F,0x3737,
	0x3737,0x0F37,0x0F0F,0x3737,0x3737,0x370F,0x0F0F,0x370F,

	0x0F0F,0x0F0F,0x0F0F,0x0F0F,0x0F0F,0x0F0F,0x0F0F,0x0F0F,
	0x0F0F,0x0F0F,0x0F0F,0x0F0F,0x0F0F,0x0F37,0x0F0F,0x0F0F,
	0x0F0F,0x0F37,0x0F0F,0x0F0F,0x0F0F,0x3737,0x0F0F,0x0F0F,
	0x3737,0x0F0F,0x0F0F,0x0F0F,0x0F0F,0x0F0F,0x0F37,0x3737,
	0x0F0F,0x0F37,0x0F37,0x9B9B,0x370F,0x0F0F,0x0F0F,0x0F0F,
	0x3737,0x0F0F,0x0F0F,0x0F0F,0x0F0F,0x0F0F,0x0F0F,0x0F0F,
	0x0F0F,0x0F0F,0x0F0F,0x0F0F,0x0F0F,0x0F0F,0x3737,0x3737,
	0x0F0F,0x370F,0x3737,0x3737,0x3737,0x0F0F,0x0F0F,0x0F0F,

	0x2E2E,0x2E62,0x2E2E,0x6262,0x2E2E,0x2E9B,0x9B9B,0x2E2E,
	0x9B9B,0x2E9B,0x9B9B,0x9B2E,0x9B9B,0x9B9B,0x5C5C,0x5C5C,
	0x9B9B,0x9B9B,0x5C5C,0x5C5C,0x1A1A,0x9B9B,0x9B9B,0x9B9B,
	0x1A0F,0x1A1A,0x9B9B,0x9B9B,0x0F37,0x0F1A,0x9B9B,0x9B9B,
	0x622E,0x2E84,0x2E84,0x2E84,0x8484,0x8484,0x5C5C,0x7B7B,
	0x7B84,0x847B,0x5C5C,0x7B9B,0x7B84,0x7B7B,0x5C9B,0x9B9B,
	0x7B84,0x7B7B,0x9B9B,0x1A1A,0x9B5C,0x6767,0x1A7B,0x9B1A,
	0x9B9B,0x6767,0x1A7B,0x1A1A,0x9B9B,0xB567,0x7BB5,0x7B1A,

	0x2E9B,0x8484,0x8484,0x2E2E,0x9B9B,0x6767,0x7B51,0x2E84,
	0x2E7B,0x6767,0x7B51,0x8484,0x6767,0xB5B5,0x677B,0x8484,
	0x679B,0xAEB5,0xB57B,0x9B9B,0x679B,0xB5B5,0x6767,0x6767,
	0x6751,0xAEB5,0x67B5,0x6767,0xAEB5,0x67AE,0x5167,0x9B9B,
	0x6262,0x6262,0xBD62,0xBDBD,0x622E,0x6262,0xBDBD,0xBDBD,
	0x2E2E,0x6262,0xBD62,0xBD62,0x7B7B,0x2E2E,0x6262,0x6262,
	0x7B7B,0x9B2E,0x2E62,0x6262,0x9B67,0x0A0A,0x5C84,0x2E9B,
	0x9B9B,0x9B0A,0x5C84,0x845C,0x180A,0x7B7B,0x6767,0x9B7B,

	0x2727,0xBDBD,0xBDBD,0xBDBD,0xBDBD,0xBDBD,0xBDBD,0xBDBD,
	0xBDBD,0xBDBD,0xBDBD,0xBDBD,0xBDBD,0xBDBD,0xBDBD,0xBDBD,
	0xBD62,0x2E2E,0xBDBD,0x9B9B,0x9B9B,0x9B2E,0x9B9B,0x9B9B,
	0x9B9B,0x9B9B,0x9B9B,0x0A9B,0x9B9B,0x1A0A,0x9B9B,0x9B9B,
	0x622E,0x2E9B,0x9B9B,0x9B9B,0x9B2E,0x9B9B,0x9B9B,0x9B9B,
	0x9B9B,0x9B9B,0x0A9B,0x9B9B,0x2E2E,0x9B9B,0x9B9B,0x0A0A,
	0x9B2E,0x9B0A,0x0A0A,0x0A0A,0x9B9B,0x0A0A,0x0A0A,0x0A0A,
	0x9B9B,0x0A0A,0x0A0A,0x0A0A,0x0A0A,0x0A0A,0x0A0A,0x0A0A,

	0x1A1A,0x1A1A,0x1A1A,0x1A1A,0x1A1A,0x1A1A,0x1A1A,0x1A1A,
	0x1A1A,0x1A1A,0x1A1A,0x1A1A,0x1A1A,0x1A1A,0x1A1A,0x1A1A,
	0x1A1A,0x1A1A,0x1A1A,0x1A1A,0x1A1A,0x1A1A,0x1A1A,0x1A1A,
	0x1A1A,0x1A1A,0x1A1A,0x1A1A,0x1A1A,0x1A1A,0x1A1A,0x1A1A,
	0x1A1A,0x1A1A,0x0A1A,0x0A1A,0x1A1A,0x1A1A,0x1A1A,0x1A0A,
	0x1A1A,0x1A1A,0x1A1A,0x1A0A,0x1A1A,0x1A1A,0x1A1A,0x1A1A,
	0x1A1A,0x1A1A,0x1A1A,0x1A1A,0x1A1A,0x1A1A,0x1A1A,0x1A1A,
	0x1A1A,0x1A1A,0x1A1A,0x1A1A,0x1A1A,0x1A1A,0x1A1A,0x1A1A,

	0x0A1A,0x1A1A,0x1A1A,0x1A1A,0x1A1A,0x1A1A,0x1A1A,0x1A1A,
	0x1A1A,0x1A1A,0x1A1A,0x1A1A,0x1A1A,0x1A1A,0x1A1A,0x1A1A,
	0x1A1A,0x1A1A,0x1A1A,0x1A1A,0x1A1A,0x1A1A,0x1A1A,0x1A1A,
	0x1A1A,0x1A1A,0x1A1A,0x1A1A,0x1A1A,0x1A1A,0x1A1A,0x1A1A,
	0x1A1A,0x1A1A,0x1A1A,0x1A1A,0x1A1A,0x1A1A,0x1A1A,0x1A1A,
	0x1A1A,0x1A1A,0x1A1A,0x1A1A,0x1A1A,0x1A1A,0x0A1A,0x1A1A,
	0x1A1A,0x1A1A,0x0A1A,0x1A1A,0x1A1A,0x1A1A,0x1A1A,0x1A1A,
	0x1A1A,0x1A1A,0x1A1A,0x1A1A,0x1A1A,0x1A1A,0x1A1A,0x1A1A,

	0x1A1A,0x0A1A,0x1A0A,0x0A18,0x1A1A,0x0A0A,0x0A0A,0x0A0A,
	0x1A1A,0x1A1A,0x0A0A,0x0A0A,0x1A1A,0x1A1A,0x0A0A,0x0A0A,
	0x1A0A,0x461A,0x0A0A,0x0A0A,0x1A1A,0x460A,0x1A0A,0x1A0A,
	0x1A1A,0x0A0A,0x0A0A,0x1A1A,0x1A0A,0x1846,0x180A,0x4618,
	0x3B3B,0x0A0A,0x0A0A,0x0A0A,0x0A0A,0x0A0A,0x0A0A,0x0A0A,
	0x0A0A,0x0A0A,0x0A0A,0x0A0A,0x0A0A,0x0A0A,0x0A0A,0x0A0A,
	0x460A,0x0A0A,0x0A0A,0x0A0A,0x0A1A,0x0A0A,0x0A0A,0x0A3B,
	0x0A0A,0x0A0A,0x0A0A,0x0A3B,0x0A0A,0x0A0A,0x0A0A,0x0A0A,

	0x0A0A,0x0A0A,0x0A0A,0x0A0A,0x0A0A,0x0A0A,0x0A0A,0x0A0A,
	0x0A0A,0x0A0A,0x0A0A,0x0A0A,0x0A0A,0x0A0A,0x0A0A,0x0A0A,
	0x0A0A,0x0A0A,0x0A0A,0x0A0A,0x0A0A,0x0A0A,0x690A,0x0A0A,
	0x3B3B,0x0A0A,0x1A0A,0x0A0A,0x1A1A,0x0A0A,0x0A0A,0x0A0A,
	0x0A0A,0x0A0A,0x0A0A,0x0A0A,0x0A0A,0x0A0A,0x0A0A,0x0A0A,
	0x0A0A,0x0A0A,0x0A0A,0x0A0A,0x0A69,0x0A0A,0x0A0A,0x0A0A,
	0x0A69,0x0A0A,0x0A0A,0x0A0A,0x6969,0x0A0A,0x0A0A,0x0A0A,
	0x1A1A,0x0A0A,0x0A0A,0x0A0A,0x0A0A,0x0A0A,0x690A,0x0A0A,

	0x0A0A,0x0A0A,0x0A0A,0x0A0A,0x0A0A,0x0A0A,0x0A0A,0x0A0A,
	0x0A0A,0x0A0A,0x0A0A,0x0A0A,0x0A0A,0x0A0A,0x540A,0x5454,
	0x540A,0x5454,0x5454,0x5454,0x540A,0x5454,0x5454,0x5454,
	0x540A,0x5454,0x5454,0x5454,0x5454,0x5454,0x5454,0x5454,
	0x0A0A,0x0A0A,0x0A0A,0x0A0A,0x0A0A,0x0A0A,0x0A0A,0x0A0A,
	0x0A0A,0x0A0A,0x0A0A,0x0A0A,0x5454,0x5454,0x0A54,0x5454,
	0x5454,0x5454,0x0A54,0x5454,0x5454,0x5454,0x0A54,0x5454,
	0x5454,0x5454,0x0A54,0x5454,0x5454,0x5454,0x0A54,0x5454,

	0x5454,0x5454,0x5454,0x0A0A,0x5454,0x5454,0x5454,0x0A54,
	0x5454,0x5454,0x9F54,0x0A0A,0x5454,0x5454,0x9F54,0x5454,
	0x5454,0x5454,0x9F54,0x5454,0x5454,0x5454,0x9F54,0x5454,
	0x5454,0x5454,0x9F54,0x5454,0x5454,0x5454,0x9F54,0x5454,
	0x0A54,0x0A0A,0x5446,0x5454,0x0A0A,0x1A0A,0x5818,0x5858,
	0x0A0A,0x0A0A,0x460A,0x5858,0x5454,0x5454,0x5454,0x5454,
	0x5454,0x5454,0x5454,0x5454,0x5454,0x5454,0x5454,0x5454,
	0x5454,0x5454,0x5454,0x5454,0x5454,0x5454,0x5454,0x5454,

	0x5454,0x5832,0x0A32,0x3232,0x580A,0x320A,0x320A,0x0A32,
	0x0A0A,0x0A0A,0x320A,0x0A0A,0x0A0A,0x0A0A,0x0A0A,0x0A0A,
	0x0A0A,0x0A0A,0x0A0A,0x0A0A,0x0A0A,0x0A0A,0x0A0A,0x0A0A,
	0x0A0A,0x0A0A,0x0A0A,0x0A0A,0x0A0A,0x0A0A,0x0A0A,0x0A0A,
	0x0A0A,0x0A0A,0x0A0A,0x0A0A,0x0A0A,0x0A0A,0x0A0A,0x0A0A,
	0x0A0A,0x0A0A,0x0A0A,0x0A0A,0x0A0A,0x0A0A,0x0A0A,0x0A0A,
	0x0A0A,0x0A0A,0x0A0A,0x0A0A,0x0A0A,0x0A0A,0x0A0A,0x0A0A,
	0x0A0A,0x0A0A,0x0A0A,0x0A0A,0x0A0A,0x0A0A,0x0A0A,0x0A0A,

	0x0A0A,0x0A0A,0x0A0A,0x0A0A,0x0A0A,0x0A0A,0x0A0A,0x0A0A,
	0x0A0A,0x0A0A,0x0A0A,0x0A0A,0x0A0A,0x0A0A,0x0A0A,0x0A0A,
	0x0A0A,0x0A0A,0x0A0A,0x0A0A,0x0A0A,0x0A0A,0x0A0A,0x0A0A,
	0x0A0A,0x0A0A,0x0A0A,0x0A0A,0x0A0A,0x0A0A,0x0A0A,0x0A0A,
	0x0A0A,0x0A0A,0x0A0A,0x0A0A,0x0A0A,0x0A0A,0x0A0A,0x0A0A,
	0x0A0A,0x0A0A,0x0A0A,0x0A0A,0x0A0A,0x0A0A,0x0A0A,0x0A0A,
	0x0A0A,0x0A0A,0x0A0A,0x0A0A,0x0A0A,0x0A0A,0x0A0A,0x0A0A,
	0x0A0A,0x0A0A,0x0A0A,0x0A0A,0x0A0A,0x0A0A,0x0A0A,0x0A0A,

	0x0A0A,0x1A1A,0x3B0A,0x1A0A,0x0A0A,0x0A0A,0x1A0A,0x1A1A,
	0x0A0A,0x0A0A,0x1A0A,0x1A1A,0x0A0A,0x0A0A,0x0A0A,0x1A1A,
	0x0A0A,0x0A0A,0x461A,0x1A1A,0x0A0A,0x0A0A,0x460A,0x0A0A,
	0x0A46,0x0A0A,0x460A,0x460A,0x460A,0x0A46,0x1A46,0x0A46,
	0x1A0A,0x1A0A,0x1A1A,0x1A1A,0x0A1A,0x1A1A,0x1A1A,0x1A1A,
	0x1A1A,0x1A1A,0x1A1A,0x1A1A,0x1A1A,0x1A1A,0x1A1A,0x1A1A,
	0x1A1A,0x1A0A,0x1A1A,0x1A1A,0x180A,0x1A1A,0x1A1A,0x1A1A,
	0x0A0A,0x1A1A,0x1A1A,0x1A1A,0x3B3B,0x0A0A,0x1A1A,0x1A1A,

	0x1A1A,0x1A1A,0x1A1A,0x1A1A,0x1A1A,0x1A1A,0x1A1A,0x1A1A,
	0x1A1A,0x1A1A,0x1A1A,0x1A1A,0x1A1A,0x1A1A,0x1A1A,0x1A1A,
	0x1A1A,0x1A1A,0x1A1A,0x1A1A,0x1A1A,0x1A1A,0x1A1A,0x1A1A,
	0x1A1A,0x1A1A,0x1A1A,0x1A1A,0x1A1A,0x1A1A,0x1A1A,0x1A1A,
	0x0D19,0x0D0D,0x1A1A,0x1A1A,0x1A1A,0x1A1A,0x1A1A,0x1A1A,
	0x1A1A,0x1A1A,0x1A1A,0x1A1A,0x1A1A,0x1A1A,0x1A1A,0x1A1A,
	0x1A1A,0x1A1A,0x1A1A,0x1A1A,0x1A1A,0x1A1A,0x1A1A,0x1A1A,
	0x1A1A,0x1A1A,0x1A1A,0x1A1A,0x1A1A,0x0D0D,0x0D0D,0x1A1A,

	0x1A1A,0x1A1A,0x1A1A,0x1A1A,0x1A1A,0x1A1A,0x1A1A,0x1A1A,
	0x1A1A,0x1A1A,0x1A1A,0x1A1A,0x1A1A,0x1A1A,0x1A1A,0x1A1A,
	0x1A1A,0x1A1A,0x1A1A,0x1A1A,0x1A1A,0x1A1A,0x1A1A,0x1A1A,
	0x1A1A,0x1A1A,0x1A1A,0x1A1A,0x1A1A,0x1A1A,0x1A1A,0x1A1A,
	0x1A1A,0x1A1A,0x1A1A,0x1A1A,0x1A1A,0x1A1A,0x1A1A,0x1A1A,
	0x1A1A,0x1A1A,0x1A1A,0x1A1A,0x1A1A,0x1A1A,0x1A1A,0x1A1A,
	0x1A1A,0x1A1A,0x1A1A,0x1A1A,0x1A1A,0x1A1A,0x1A1A,0x1A1A,
	0x1A1A,0x1A1A,0x1A1A,0x1A1A,0x1A1A,0x1A1A,0x1A1A,0x1A1A,

	0x1A1A,0x1A1A,0x1A1A,0x1A1A,0x1A1A,0x1A1A,0x1A1A,0x1A1A,
	0x1A1A,0x1A1A,0x1A1A,0x1A1A,0x1A1A,0x1A1A,0x1A1A,0x1A1A,
	0x1A1A,0x1A1A,0x1A1A,0x1A1A,0x1A1A,0x1A1A,0x1A1A,0x1A1A,
	0x1A1A,0x1A1A,0x1A1A,0x1A1A,0x1A1A,0x1A1A,0x1A1A,0x1A1A,
	0x1A1A,0x1A1A,0x1A1A,0x1A1A,0x1A1A,0x1A1A,0x1A1A,0x1A1A,
	0x1A1A,0x1A1A,0x1A1A,0x1A1A,0x1A1A,0x1A1A,0x1A1A,0x1A1A,
	0x1A1A,0x1A1A,0x1A1A,0x1A1A,0x1A1A,0x1A1A,0x1A1A,0x1A1A,
	0x1A1A,0x1A1A,0x1A1A,0x1A1A,0x1A1A,0x1A1A,0x1A1A,0x1A1A,

	0x1A1A,0x1A1A,0x1A1A,0x1A1A,0x1A1A,0x1A1A,0x1A1A,0x1A1A,
	0x1A1A,0x1A1A,0x1A1A,0x1A1A,0x1A1A,0x1A1A,0x1A1A,0x1A1A,
	0x1A1A,0x1A1A,0x1A1A,0x1A1A,0x1A1A,0x1A1A,0x1A1A,0x1A1A,
	0x1A1A,0x1A1A,0x1A1A,0x1A1A,0x1A1A,0x1A1A,0x1A1A,0x1A1A,
	0x1A1A,0x1A1A,0x1A1A,0x1A1A,0x1A1A,0x1A1A,0x1A1A,0x1A1A,
	0x1A1A,0x1A1A,0x1A1A,0x1A1A,0x1A1A,0x1A1A,0x1A1A,0x1A1A,
	0x1A1A,0x1A1A,0x1A1A,0x1A1A,0x1A1A,0x1A1A,0x1A1A,0x1A1A,
	0x1A1A,0x1A1A,0x1A1A,0x1A1A,0x1A1A,0x1A1A,0x1A1A,0x1A1A,

	0x1A1A,0x1A1A,0x1A1A,0x1A1A,0x1A1A,0x1A1A,0x1A1A,0x1A1A,
	0x1A1A,0x1A1A,0x1A1A,0x1A1A,0x1A1A,0x1A1A,0x1A1A,0x1A1A,
	0x1A1A,0x1A1A,0x1A1A,0x1A1A,0x1A1A,0x1A1A,0x1A1A,0x1A1A,
	0x1A1A,0x1A1A,0x1A1A,0x1A1A,0x1A1A,0x1A1A,0x1A1A,0x1A1A,
	0x1A1A,0xA3A3,0xA3A3,0xA3A3,0x1A1A,0xA3A3,0xA3A3,0xA3A3,
	0x1A1A,0xA3A3,0xA3A3,0xA3A3,0x1A1A,0x7979,0x7979,0x7979,
	0x1A1A,0xA3A3,0xA3A3,0xA3A3,0x1A1A,0xA3A3,0xA3A3,0xA3A3,
	0x1A1A,0xA3A3,0xA3A3,0xA3A3,0x1A1A,0xA3A3,0xA3A3,0xA3A3,

	0xA3A3,0x72A3,0x2372,0x2323,0xA3A3,0x0AA3,0x4B4B,0x4B4B,
	0xA3A3,0x0AA3,0x4B4B,0x4B4B,0x7979,0x0A79,0x4B4B,0x4B4B,
	0xA3A3,0x1AA3,0x4B4B,0x4B4B,0xA3A3,0x72A3,0x2372,0x2323,
	0xA3A3,0x72A3,0x2372,0x2323,0xA3A3,0x1AA3,0x4B0A,0x4B4B,
	0x2323,0x2323,0x2323,0x2323,0x4B4B,0x4B4B,0x4B4B,0x4B4B,
	0x4B4B,0x4B4B,0x4B4B,0x4B4B,0x4B4B,0x4B4B,0x4B4B,0x4B4B,
	0x4B4B,0x4B4B,0x4B4B,0x4B4B,0x2323,0x2323,0x2323,0x2323,
	0x2323,0x2323,0x2323,0x2323,0x4B4B,0x4B4B,0x4B4B,0x4B4B,

	0x2323,0x2323,0x2323,0x2323,0x4B4B,0x4B4B,0x4B4B,0x4B4B,
	0x4B4B,0x4B4B,0x4B4B,0x4B4B,0x4B4B,0x4B4B,0x4B4B,0x4B4B,
	0x4B4B,0x4B4B,0x4B4B,0x4B4B,0x2323,0x2323,0x1A1A,0x1A1A,
	0x2323,0x2323,0x1A1A,0x1A1A,0x4B4B,0x4B4B,0x4B4B,0x4B4B,
	0x2323,0x2323,0x2323,0x2323,0x4B4B,0x4B4B,0x4B4B,0x4B4B,
	0x4B4B,0x4B4B,0x4B4B,0x4B4B,0x4B4B,0x4B4B,0x4B4B,0x4B4B,
	0x4B4B,0x4B4B,0x4B4B,0x4B4B,0x1A1A,0x1A1A,0x231A,0x2323,
	0x231A,0x2323,0x2323,0x2323,0x4B4B,0x4B4B,0x4B4B,0x4B4B,

	0x2323,0x2323,0x7272,0xA3A3,0x4B4B,0x4B4B,0x1A1A,0xA3A3,
	0x4B4B,0x4B4B,0x1A1A,0xA3A3,0x4B4B,0x0A0A,0x1A1A,0x7979,
	0x0A4B,0x0A4B,0x1A1A,0xA3A3,0x2323,0x2323,0x7272,0xA3A3,
	0x2323,0x2323,0x7272,0xA3A3,0x4B4B,0x0A4B,0x1A1A,0xA3A3,
	0xA3A3,0xA3A3,0xA3A3,0x1AA3,0xA3A3,0xA3A3,0xA3A3,0x1AA3,
	0xA3A3,0xA3A3,0xA3A3,0x1AA3,0x7979,0x7979,0x7979,0x1A79,
	0xA3A3,0xA3A3,0xA3A3,0x1AA3,0xA3A3,0xA3A3,0xA3A3,0x1AA3,
	0xA3A3,0xA3A3,0xA3A3,0x1AA3,0xA3A3,0xA3A3,0xA3A3,0x1AA3,

	0x1A1A,0x1A1A,0x1A1A,0x1A1A,0x1A1A,0x1A1A,0x1A1A,0x1A1A,
	0x1A1A,0x1A1A,0x1A1A,0x0A1A,0x1A1A,0x1A1A,0x1A1A,0x1A1A,
	0x1A1A,0x1A1A,0x1A1A,0x1A1A,0x1A1A,0x1A1A,0x1A1A,0x0A1A,
	0x1A1A,0x1A1A,0x1A1A,0x0A1A,0x1A1A,0x1A1A,0x1A1A,0x0A0A,
	0x1A1A,0x1A1A,0x1960,0x1A1A,0x1A1A,0x1A0A,0x1A1A,0x1A1A,
	0x0A1A,0x1A1A,0x1A1A,0x1A1A,0x1A1A,0x0A1A,0x1A1A,0x0A1A,
	0x1A0A,0x0A0A,0x1A1A,0x1A0A,0x0A0A,0x0A0A,0x0A0A,0x1A1A,
	0x0A0A,0x0A0A,0x0A0A,0x1A0A,0x0A0A,0x0A0A,0x1A0A,0x0A1A,

	0x0A1A,0x1A1A,0x1A1A,0x1A1A,0x1A1A,0x1A1A,0x1A1A,0x1A1A,
	0x1A1A,0x1A1A,0x1A1A,0x1A1A,0x1A0A,0x1A1A,0x1A1A,0x1A1A,
	0x0A0A,0x1A1A,0x1A1A,0x1A1A,0x0A1A,0x1A0A,0x0A0A,0x0A0A,
	0x0A1A,0x1A0A,0x0A0A,0x0A0A,0x0A0A,0x1818,0x0A0A,0x1A0A,
	0x1A1A,0x1A1A,0x1A1A,0x1A1A,0x1A1A,0x1A1A,0x1A1A,0x1A1A,
	0x1A1A,0x1A1A,0x1A1A,0x1A1A,0x1A1A,0x1A1A,0x1A1A,0x1A1A,
	0x1A1A,0x1A1A,0x1A1A,0x1A1A,0x1A0A,0x1A1A,0x1A1A,0x1A1A,
	0x0A0A,0x1A1A,0x1A1A,0x1A1A,0x1A1A,0x1A1A,0x1A1A,0x1A1A,

	0x4B4B,0x4B4B,0x4B4B,0x4B4B,0x4B4B,0x4B4B,0x4B4B,0x4B4B,
	0x4B4B,0x4B4B,0x4B4B,0x4B4B,0x4B4B,0x4B4B,0x4B4B,0x4B4B,
	0x4B4B,0x4B4B,0x4B4B,0x4B4B,0x4B4B,0x4B4B,0x4B4B,0x4B4B,
	0x4B4B,0x4B4B,0x4B4B,0x4B4B,0x4B4B,0x4B4B,0x4B4B,0x4B4B,
	0x0A4B,0x0A0A,0x0A0A,0x0A1A,0x1A4B,0x0A0A,0x1A0A,0x0A0A,
	0x1A4B,0x0A0A,0x0A0A,0x0A0A,0x0A4B,0x0A0A,0x0A0A,0x0A0A,
	0x0A4B,0x0A0A,0x0A0A,0x0A0A,0x0A4B,0x0A0A,0x0A0A,0x0A0A,
	0x0A4B,0x0A0A,0x0A0A,0x0A0A,0x0A4B,0x0A0A,0x0A0A,0x0A0A,

	0x0A0A,0x0A0A,0x0A0A,0x0A0A,0x0A0A,0x0A0A,0x0A0A,0x0A0A,
	0x0A0A,0x0A0A,0x0A0A,0x0A0A,0x0A0A,0x0A0A,0x0A0A,0x0A0A,
	0x0A0A,0x0A0A,0x0A0A,0x0A0A,0x0A0A,0x0A0A,0x0A0A,0x0A0A,
	0x0A0A,0x0A0A,0x0A0A,0x0A0A,0x0A0A,0x0A0A,0x0A0A,0x0A0A,
	0x0A0A,0x0A0A,0x0A0A,0x0A0A,0x0A0A,0x0A0A,0x0A0A,0x0A0A,
	0x0A0A,0x0A0A,0x0A0A,0x0A0A,0x0A0A,0x0A0A,0x0A0A,0x0A0A,
	0x0A0A,0x0A0A,0x0A0A,0x0A0A,0x0A0A,0x0A0A,0x0A0A,0x0A0A,
	0x0A0A,0x0A0A,0x0A0A,0x0A0A,0x0A0A,0x0A0A,0x0A46,0x0A46,

	0x0A0A,0x0A0A,0x0A0A,0x0A0A,0x0A0A,0x0A0A,0x0A0A,0x0A0A,
	0x0A0A,0x0A0A,0x0A0A,0x0A0A,0x0A0A,0x0A0A,0x0A0A,0x0A0A,
	0x0A0A,0x0A0A,0x0A0A,0x0A0A,0x0A0A,0x0A0A,0x0A0A,0x0A0A,
	0x0A0A,0x460A,0x0A0A,0x0A0A,0x0A46,0x0A46,0x0A0A,0x0A0A,
	0x0A0A,0x0A0A,0x0A0A,0x0A0A,0x0A0A,0x0A0A,0x0A68,0x0A0A,
	0x0A0A,0x0A0A,0x680A,0x0A0A,0x0A0A,0x6868,0x0A0A,0x3232,
	0x0A0A,0x680A,0x0A0A,0x0A68,0x0A0A,0x0A32,0x0A68,0x689E,
	0x680A,0x0A32,0x689E,0x9E9E,0x680A,0x6832,0x9E68,0x9E68,

	0x0A0A,0x4D0A,0x0A0A,0x8484,0x0A0A,0x0A0A,0x0A00,0x3737,
	0x680A,0x0A00,0x8400,0x8484,0x3268,0x0000,0x0084,0xB1B1,
	0x0A68,0x0000,0x0000,0xB1B1,0x680A,0x001A,0x8400,0x8400,
	0x6868,0x0000,0x0000,0x8484,0x6868,0x9E9E,0x4D00,0x0000,
	0xB1B1,0x3737,0xB1B1,0xB137,0x3737,0x37B1,0x3737,0x3737,
	0xB1B1,0x37B1,0x3737,0x3737,0xB1B1,0xB137,0x3737,0xB1B1,
	0xB1B1,0xB1B1,0xB1B1,0xB1B1,0xB1B1,0x84B1,0xB1B1,0xB1B1,
	0xB1B1,0xB1B1,0xB1B1,0x84B1,0x8484,0x0000,0xB1B1,0xB1B1,

	0x37B1,0x3737,0x3737,0x0F37,0xB1B1,0x3737,0xB1B1,0x3737,
	0xB1B1,0x3737,0x3737,0x3737,0xB1B1,0xB1B1,0xB1B1,0x3737,
	0xB1B1,0x8484,0x37B1,0xB1B1,0x84B1,0x84B1,0xB1B1,0xB1B1,
	0x84B1,0xB1B1,0xB1B1,0xB1B1,0xB1B1,0x37B1,0x3737,0x3737,
	0x3737,0x3737,0x0F0F,0x3737,0x370F,0x3737,0x3737,0x3737,
	0x3737,0x3737,0x3737,0xB1B1,0x3737,0x37B1,0x37B1,0x37B1,
	0x3737,0xB137,0x37B1,0xB1B1,0xB1B1,0x3737,0xB137,0x3737,
	0xB1B1,0xB137,0xB137,0x3737,0xB1B1,0x3737,0xB1B1,0x8484,

	0x3737,0xB137,0xB137,0xB1B1,0xB1B1,0xB1B1,0x37B1,0x0F37,
	0x3737,0xB1B1,0x3737,0x3737,0x84B1,0xB1B1,0x0F37,0x0F0F,
	0x8484,0xB1B1,0x3737,0x0F0F,0xB184,0x37B1,0x3737,0x3737,
	0x37B1,0x37B1,0x0F37,0x0F0F,0xB1B1,0x3737,0x3737,0x0F0F,
	0x3737,0x3737,0x3737,0x3737,0x0F0F,0x0F37,0x0F37,0x0F0F,
	0x0F0F,0x0F0F,0x0F0F,0x0F0F,0x0F0F,0x3737,0x0F0F,0x0F0F,
	0x0F0F,0x0F0F,0x3737,0x0F0F,0x0F0F,0x0F0F,0x0F37,0x0F0F,
	0x0F0F,0x0F0F,0x0F37,0x370F,0x0F37,0x0F0F,0x370F,0x3737,

	0x3737,0x0F37,0x0F37,0x3737,0x0F0F,0x0F37,0x0F0F,0x3737,
	0x0F0F,0x3737,0x3737,0x370F,0x0F0F,0x0F37,0x370F,0x3737,
	0x0F0F,0x0F0F,0x370F,0x370F,0x0F0F,0x0F0F,0x0F0F,0x0F0F,
	0x370F,0x0F0F,0x0F37,0x0F0F,0x3737,0x0F37,0x0F0F,0x3737,
	0xB1B1,0xB1B1,0x37B1,0xB1B1,0xB1B1,0xB184,0xB1B1,0xB1B1,
	0xB1B1,0xB184,0xB1B1,0xB1B1,0xB137,0xB184,0x37B1,0xB1B1,
	0x0F37,0xB1B1,0x37B1,0xB1B1,0x0F0F,0xB10F,0xB1B1,0xB137,
	0x0F37,0x0F0F,0xB1B1,0xB1B1,0x0F0F,0xB137,0x84B1,0xB1B1,

	0x3737,0xB1B1,0xB1B1,0xB1B1,0xB1B1,0xB1B1,0x3737,0x0F0F,
	0xB1B1,0xB1B1,0x3737,0x0F0F,0x3737,0x3737,0x3737,0x0F0F,
	0x37B1,0x3737,0x8437,0x0F0F,0x3737,0xB1B1,0x8484,0xB1B1,
	0x3737,0x37B1,0x8437,0x84B1,0xB1B1,0xB137,0x8484,0x3737,
	0x0F0F,0x0F0F,0x0F0F,0x0F0F,0x0F0F,0x0F0F,0x0F0F,0x0F0F,
	0x0F0F,0x0F0F,0x0F0F,0x0F0F,0x0F0F,0x0F0F,0x0F0F,0x3737,
	0x0F0F,0x0F0F,0x0F0F,0x370F,0x370F,0x3737,0x3737,0x0F0F,
	0xB1B1,0x3737,0x3737,0x0F0F,0x3737,0x3737,0x3737,0x3737,

	0x0F0F,0x0F0F,0x3737,0x0F0F,0x0F0F,0x0F0F,0x0F0F,0x370F,
	0x0F37,0x0F0F,0x0F0F,0x0F0F,0x0F0F,0x0F0F,0x0F0F,0x0F0F,
	0x0F0F,0x0F0F,0x0F0F,0x0F0F,0x0F37,0x0F0F,0x3737,0x370F,
	0x0F37,0x3737,0x370F,0x370F,0x370F,0x3737,0x3737,0x0F37,
	0x3737,0x3737,0x0F0F,0x0F0F,0x3737,0x0F0F,0x0F0F,0x0F0F,
	0x3737,0x0F0F,0x0F0F,0x0F0F,0x0F0F,0x0F0F,0x0F0F,0x370F,
	0x0F0F,0x0F0F,0x0F0F,0x0F0F,0x0F0F,0x0F0F,0x0F0F,0x0F0F,
	0x0F37,0x0F0F,0x0F0F,0x0F0F,0x0F0F,0x0F0F,0x0F0F,0x370F,

	0x370F,0x3737,0x0F37,0x3737,0x0F0F,0x0F0F,0x3737,0x0F0F,
	0x3737,0x3737,0x3737,0x3737,0x0F0F,0x3737,0x0F0F,0x3737,
	0x0F0F,0x0F37,0x0F37,0x3737,0x0F0F,0x370F,0x3737,0x0F37,
	0x0F0F,0x370F,0x3737,0x0F37,0x0F0F,0x3737,0x3737,0x0F0F,
	0x0F37,0x0F0F,0x0F0F,0x0F0F,0x0F0F,0x0F37,0x0F0F,0x0F0F,
	0x0F0F,0x0F37,0x0F0F,0x0F0F,0x3737,0x0F0F,0x0F0F,0x0F0F,
	0x0F0F,0x0F0F,0x0F0F,0x0F0F,0x3737,0x0F0F,0x0F0F,0x0F0F,
	0x0F0F,0x0F0F,0x0F0F,0x0F0F,0x0F37,0x3737,0x0F0F,0x0F0F,

	0x0F0F,0x0F0F,0x1A1A,0x9B9B,0x0F0F,0x0F0F,0x0F0F,0x1A1A,
	0x0F0F,0x0F0F,0xB10F,0x1A1A,0x0F0F,0x0F0F,0xB1B1,0xB1B1,
	0x0F0F,0x0F0F,0xB10F,0xB1B1,0x370F,0x0F0F,0xB1B1,0xB1B1,
	0x0F37,0x0F37,0xB1B1,0x8484,0x370F,0xB10F,0x8484,0x8484,
	0x9B9B,0xB51A,0xB5B5,0x677B,0x1A1A,0x671A,0xAEB5,0xB5B5,
	0x1A1A,0x1A1A,0xAEAE,0xB5AE,0x1A1A,0x1A1A,0xB567,0xAEAE,
	0x1A1A,0x1A1A,0x6767,0xAEAE,0x1A1A,0x1A1A,0x671A,0xB567,
	0x1A84,0x1A1A,0x1A1A,0xAEB5,0x1A1A,0x1A1A,0x1A1A,0xAE67,

	0xAEB5,0xB5B5,0x5167,0x9B9B,0xAEB5,0x67B5,0x9B9B,0x9B9B,
	0xAEB5,0x67B5,0x9B9B,0x0A0A,0xB5B5,0x7BB5,0x3B51,0x0A0A,
	0xB5B5,0x7BB5,0x517B,0x0A0A,0xB567,0xB5AE,0x7B7B,0x7B7B,
	0xB567,0xAEAE,0xB5B5,0xB5B5,0x6767,0xB5B5,0xB5B5,0xB5B5,
	0x7B9B,0x677B,0x6767,0x9B9B,0x7B0A,0xB5B5,0x0A7B,0x0A0A,
	0x7B7B,0x67B5,0x0A0A,0x0A0A,0xB57B,0x67B5,0x0A0A,0x0A0A,
	0xB57B,0x0A67,0x0A0A,0x0A0A,0xAEAE,0x0AB5,0x0A0A,0x0A0A,
	0xAEAE,0x0AB5,0x0A0A,0x0A0A,0xAEB5,0x0A0A,0x0A0A,0x0A0A,

	0x9B9B,0x0A0A,0x0A0A,0x0A0A,0x0A0A,0x0A0A,0x0A0A,0x0A0A,
	0x0A0A,0x0A0A,0x0A0A,0x0A0A,0x0A0A,0x0A0A,0x0A0A,0x0A0A,
	0x0A0A,0x0A0A,0x0A0A,0x3E0A,0x0A0A,0x0A0A,0x0A0A,0x3E3E,
	0x0A0A,0x0A0A,0x0A0A,0x3EB6,0x0A0A,0x0A0A,0x0A0A,0xB6B6,
	0x0A0A,0x0A0A,0x0A0A,0x0A0A,0x0A0A,0x0A0A,0x0A0A,0x0A0A,
	0x0A0A,0x5050,0x5050,0x0AB6,0x5050,0x5050,0x5050,0x7750,
	0x5050,0x5050,0x5050,0xA450,0x5050,0x5050,0x5050,0xA406,
	0x5050,0xB6B6,0x4747,0x0606,0x0AB6,0x4747,0x470A,0x0A06,

	0x1A1A,0x1A1A,0x1A1A,0x1A1A,0x1A1A,0x1A1A,0x1A1A,0x1A1A,
	0x1A1A,0x1A1A,0x1A1A,0x1A1A,0x1A1A,0x1A1A,0x1A1A,0x1A1A,
	0x1A1A,0x1A1A,0x1A1A,0x1A1A,0x1A1A,0x1A1A,0x1A1A,0x1A1A,
	0x1A1A,0x1A1A,0x1A1A,0x1A1A,0x1A1A,0x1A1A,0x1A1A,0x1A1A,
	0x1A1A,0x1A1A,0x1A1A,0x1A1A,0x1A1A,0x1A1A,0x1A1A,0x1A1A,
	0x1A1A,0x1A1A,0x1A1A,0x1A1A,0x1A1A,0x1A1A,0x1A1A,0x1A1A,
	0x1A1A,0x1A1A,0x1A1A,0x1A1A,0x1A1A,0x1A1A,0x1A1A,0x1A1A,
	0x1A1A,0x1A1A,0x1A1A,0x1A1A,0x1A1A,0x1A1A,0x1A1A,0x1A1A,

	0x1A1A,0x1A1A,0x1A1A,0x1A1A,0x1A1A,0x1A1A,0x1A1A,0x1A1A,
	0x1A1A,0x1A1A,0x1A1A,0x1A1A,0x1A1A,0x1A1A,0x1A1A,0x1A1A,
	0x1A1A,0x1A1A,0x1A1A,0x1A1A,0x1A1A,0x1A1A,0x1A1A,0x1A1A,
	0x1A1A,0x1A1A,0x1A1A,0x1A1A,0x1A1A,0x1A1A,0x1A1A,0x1A1A,
	0x1A1A,0x1A1A,0x1A1A,0x1A0A,0x0A1A,0x0A1A,0x0A1A,0x0A0A,
	0x1A1A,0x0A3B,0x3B1A,0x0A0A,0x1A1A,0x1A1A,0x1A1A,0x1A0A,
	0x1A1A,0x1A1A,0x1A1A,0x1A1A,0x1A1A,0x1A1A,0x1A0A,0x1A0A,
	0x1A1A,0x1A1A,0x0A0A,0x0A0A,0x1A1A,0x1A1A,0x1A46,0x0A18,

	0x0A46,0x1846,0x1846,0x4618,0x4646,0x0A46,0x461A,0x1A46,
	0x460A,0x0A46,0x461A,0x1A1A,0x1A1A,0x1A1A,0x0A0A,0x0A0A,
	0x1A1A,0x0A1A,0x0A0A,0x0A0A,0x1A0A,0x0A0A,0x0A0A,0x0A0A,
	0x0A0A,0x0A0A,0x0A0A,0x0A0A,0x1818,0x0A0A,0x3232,0x3232,
	0x0A0A,0x0A0A,0x0A0A,0x0A0A,0x0A0A,0x0A0A,0x0A0A,0x0A0A,
	0x0A0A,0x0A0A,0x0A0A,0x0A0A,0x0A0A,0x3B0A,0x0A0A,0x0A18,
	0x0A0A,0x0A0A,0x0A3B,0x1A1A,0x0A0A,0x0A0A,0x0A0A,0x0A0A,
	0x0A0A,0x0A0A,0x0A0A,0x3B0A,0x0A0A,0x0A0A,0x0A0A,0x1A1A,

	0x0A0A,0x0A0A,0x0A0A,0x0A0A,0x0A0A,0x1818,0x0A0A,0x0A0A,
	0x0A0A,0x180A,0x0A0A,0x0A3B,0x0A0A,0x0A0A,0x3B0A,0x0A1A,
	0x0A0A,0x0A0A,0x0A0A,0x0A0A,0x0A0A,0x0A3B,0x0A0A,0x0A0A,
	0x0A0A,0x0A3B,0x0A0A,0x0A0A,0x0A3B,0x0A0A,0x0A0A,0x0A0A,
	0x0A0A,0x0A0A,0x690A,0x0A0A,0x0A0A,0x0A0A,0x0A0A,0x0A0A,
	0x0A0A,0x0A0A,0x0A0A,0x0A0A,0x0A0A,0x0A0A,0x0A0A,0x0A0A,
	0x3B0A,0x3B0A,0x0A0A,0x0A0A,0x1A1A,0x0A0A,0x0A0A,0x0A0A,
	0x0A0A,0x0A0A,0x0A0A,0x0A0A,0x0A0A,0x0A0A,0x0A0A,0x0A0A,

	0x5454,0x5454,0x5454,0x5454,0x5454,0x5454,0x5454,0x5454,
	0x5454,0x5454,0x5454,0x5454,0x5454,0x5454,0x3B54,0x0A54,
	0x5858,0x580A,0x0A58,0x0A58,0x0A0A,0x0A0A,0x0A0A,0x0A0A,
	0x0A0A,0x540A,0x5454,0x0A54,0x0A0A,0x5454,0x5454,0x5454,
	0x5454,0x5454,0x0A54,0x5454,0x5454,0x5454,0x0A54,0x5454,
	0x5454,0x5454,0x1854,0x5454,0x0A54,0x0A58,0x1A58,0x5418,
	0x0A58,0x0A0A,0x0A58,0x540A,0x0A0A,0x0A0A,0x0A0A,0x0A0A,
	0x0A0A,0x0A0A,0x3B0A,0x3B0A,0x5454,0x0A0A,0x1A0A,0x0A0A,

	0x5454,0x5454,0x9F54,0x5454,0x5454,0x5454,0x9F54,0x5454,
	0x5454,0x5454,0x9F54,0x5454,0x5454,0x5454,0x9F54,0x5454,
	0x540A,0x540A,0x9F54,0x5454,0x5454,0x5454,0x5454,0x0A0A,
	0x5454,0x5454,0x5454,0x5454,0x5454,0x5454,0x5454,0x5454,
	0x5454,0x5454,0x5454,0x5454,0x5454,0x5454,0x5454,0x5454,
	0x5454,0x5454,0x5454,0x5454,0x5454,0x5454,0x5454,0x5454,
	0x0A54,0x540A,0x5454,0x5454,0x0A0A,0x580A,0x5818,0x5858,
	0x0A0A,0x580A,0x581A,0x5858,0x0A54,0x0A0A,0x0A0A,0x5454,

	0x0A0A,0x0A0A,0x0A0A,0x0A0A,0x0A0A,0x0A0A,0x0A0A,0x0A0A,
	0x0A0A,0x0A0A,0x0A0A,0x0A0A,0x0A0A,0x0A0A,0x0A0A,0x0A0A,
	0x1818,0x0A0A,0x0A0A,0x0A0A,0x1A0A,0x0A0A,0x5454,0x0A0A,
	0x0A0A,0x5454,0x5454,0x0A54,0x5454,0x5454,0x5454,0x5454,
	0x0A0A,0x0A0A,0x0A0A,0x0A18,0x0A0A,0x0A0A,0x0A0A,0x1818,
	0x0A0A,0x3B0A,0x0A3B,0x181A,0x0A0A,0x1A0A,0x3B1A,0x0A0A,
	0x0A0A,0x0A0A,0x0A0A,0x0A0A,0x0A0A,0x0A0A,0x0A0A,0x0A0A,
	0x0A0A,0x0A0A,0x0A0A,0x0A0A,0x0A0A,0x0A0A,0x0A0A,0x0A0A,

	0x0A0A,0x0A0A,0x0A0A,0x460A,0x0A0A,0x0A0A,0x180A,0x460A,
	0x0A0A,0x0A0A,0x0A0A,0x460A,0x3B3B,0x0A0A,0x0A0A,0x1846,
	0x1A3B,0x0A0A,0x0A0A,0x4646,0x0A0A,0x0A0A,0x0A0A,0x461A,
	0x0A0A,0x0A0A,0x0A0A,0x461A,0x0A0A,0x0A0A,0x0A0A,0x0A0A,
	0x0A0A,0x460A,0x0A0A,0x0A0A,0x0A46,0x4618,0x0A0A,0x0A0A,
	0x1846,0x1846,0x0A0A,0x0A0A,0x4646,0x1A46,0x0A0A,0x0A0A,
	0x1846,0x0A18,0x0A0A,0x0A0A,0x0A46,0x0A0A,0x0A0A,0x0A0A,
	0x0A0A,0x0A0A,0x0A0A,0x0A0A,0x0A0A,0x0A0A,0x0A0A,0x0A0A,

	0x460A,0x1846,0x1846,0x3B0A,0x0A0A,0x4646,0x1846,0x1A18,
	0x1A1A,0x4646,0x0A18,0x4646,0x0A0A,0x0A0A,0x0A0A,0x4618,
	0x0A0A,0x460A,0x0A0A,0x4646,0x180A,0x0A46,0x0A0A,0x0A46,
	0x180A,0x1846,0x0A46,0x0A0A,0x1A1A,0x460A,0x4646,0x0A1A,
	0x1A1A,0x1A1A,0x1A1A,0x1A1A,0x1A1A,0x1A3B,0x1A1A,0x1A1A,
	0x1A1A,0x1A1A,0x1A1A,0x1A1A,0x0A1A,0x1A1A,0x1A1A,0x1A1A,
	0x0A1A,0x1A1A,0x1A1A,0x1A1A,0x1A0A,0x1A32,0x1A32,0x1A1A,
	0x0A0A,0x3232,0x1A1A,0x1A1A,0x0A0A,0x1A1A,0x1A0A,0x1A0A,

	0x1A1A,0x1A1A,0x1A1A,0x1A1A,0x1A1A,0x1A1A,0x1A1A,0x1A1A,
	0x1A1A,0x1A1A,0x1A1A,0x1A1A,0x1A1A,0x1A1A,0x1A1A,0x1A1A,
	0x1A1A,0x1A1A,0x1A1A,0x1A1A,0x1A1A,0x1A1A,0x1A1A,0x1A1A,
	0x1A1A,0x1A1A,0x1A1A,0x1A1A,0x1A1A,0x1A1A,0x1A1A,0x1A1A,
	0x1A1A,0x0D1A,0x0D19,0x1A1A,0x1A1A,0x1A1A,0x1A1A,0x1A1A,
	0x1A1A,0x1A1A,0x1A1A,0x1A1A,0x1A1A,0x1A1A,0x1A1A,0x1A1A,
	0x1A1A,0x1A1A,0x1A1A,0x1A1A,0x1A1A,0x1A1A,0x1A1A,0x1A1A,
	0x1A1A,0x1A1A,0x1A1A,0x1A1A,0x1A1A,0x0D0D,0x1A1A,0x1A1A,

	0x1A1A,0x1A1A,0x1A1A,0x1A1A,0x1A1A,0x1A1A,0x1A1A,0x1A1A,
	0x1A1A,0x1A1A,0x1A1A,0x1A1A,0x1A1A,0x1A1A,0x1A1A,0x1A1A,
	0x1A1A,0x1A1A,0x1A1A,0x1A1A,0x1A1A,0x1A1A,0x1A1A,0x1A1A,
	0x1A1A,0x1A1A,0x1A1A,0x1A1A,0x1A1A,0x1A1A,0x1A1A,0x1A1A,
	0x1A1A,0x1A1A,0x1A1A,0x1A1A,0x1A1A,0x1A1A,0x1A1A,0x1A1A,
	0x1A1A,0x1A1A,0x1A1A,0x1A1A,0x1A1A,0x1A1A,0x1A1A,0x1A1A,
	0x1A1A,0x1A1A,0x1A1A,0x1A1A,0x1A1A,0x1A1A,0x1A1A,0x1A1A,
	0x1A1A,0x1A1A,0x1A1A,0x1A1A,0x1A1A,0x1A1A,0x1A1A,0x1A1A,

	0x1A1A,0x1A1A,0x1A1A,0x1A1A,0x1A1A,0x1A1A,0x1A1A,0x1A1A,
	0x1A1A,0x1A1A,0x1A1A,0x1A1A,0x1A1A,0x1A1A,0x1A1A,0x1A1A,
	0x1A1A,0x1A1A,0x1A1A,0x1A1A,0x1A1A,0x1A1A,0x1A1A,0x1A1A,
	0x1A1A,0x1A1A,0x1A1A,0x1A1A,0x1A1A,0x1A1A,0x1A1A,0x1A1A,
	0x1A1A,0x1A1A,0x1A1A,0x1A1A,0x1A1A,0x1A1A,0x1A1A,0x1A1A,
	0x1A1A,0x1A1A,0x1A1A,0x1A1A,0x1A1A,0x1A1A,0x1A1A,0x1A1A,
	0x1A1A,0x1A1A,0x1A1A,0x1A1A,0x1A1A,0x1A1A,0x1A1A,0x1A1A,
	0x1A1A,0x1A1A,0x1A1A,0x1A1A,0x1A1A,0x1A1A,0x1A1A,0x1A1A,

	0x1A1A,0x1A1A,0x1A1A,0x1A1A,0x1A1A,0x1A1A,0x1A1A,0x1A1A,
	0x1A1A,0x1A1A,0x1A1A,0x1A1A,0x1A1A,0x1A1A,0x1A1A,0x1A1A,
	0x1A1A,0x1A1A,0x1A1A,0x1A1A,0x1A1A,0x1A1A,0x1A1A,0x1A1A,
	0x1A1A,0x1A1A,0x1A1A,0x1A1A,0x1A1A,0x1A1A,0x1A1A,0x1A1A,
	0x1A1A,0x1A1A,0x1A1A,0x1A1A,0x1A1A,0x1A1A,0x1A1A,0x1A1A,
	0x1A1A,0x1A1A,0x1A1A,0x1A1A,0x1A1A,0x1A1A,0x1A1A,0x1A1A,
	0x1A1A,0x1A1A,0x1A1A,0x1A1A,0x1A1A,0x1A1A,0x1A1A,0x1A1A,
	0x1A1A,0x1A1A,0x1A1A,0x1A1A,0x1A1A,0x1A1A,0x1A1A,0x1A1A,

	0x1A1A,0x1A1A,0x1A1A,0x1A1A,0x1A1A,0x1A1A,0x1A1A,0x1A1A,
	0x1A1A,0x1A1A,0x1A1A,0x1A1A,0x1A1A,0x1A1A,0x1A1A,0x1A1A,
	0x1A1A,0x1A1A,0x1A1A,0x1A1A,0x1A1A,0x1A1A,0x1A1A,0x1A69,
	0x1A1A,0x1A1A,0x1A1A,0x1A1A,0x1A1A,0x1A1A,0x0A0A,0x1A1A,
	0x1A0A,0xA3A3,0xA3A3,0xA3A3,0x1A1A,0xA3A3,0xA3A3,0xA3A3,
	0x1A1A,0xA3A3,0xA3A3,0xA3A3,0x1A1A,0xA3A3,0xA34B,0x4BA3,
	0x1A1A,0x7979,0x7979,0x7979,0x1A1A,0xA3A3,0xA3A3,0xA3A3,
	0x1A1A,0x7979,0x7979,0x7979,0x0A1A,0x0A79,0x0A0A,0x790A,

	0xA3A3,0x1AA3,0x4B0A,0x4B4B,0xA3A3,0x1AA3,0x4B0A,0x4B4B,
	0xA3A3,0x1AA3,0x0A0A,0x0A4B,0x4B4B,0x724B,0x1A72,0x231A,
	0x7979,0x7279,0x1A1A,0x231A,0xA3A3,0x0AA3,0x0A1A,0x1A0A,
	0x7979,0x0A79,0x0A0A,0x1A0A,0x791A,0x0A79,0x0A0A,0x1A0A,
	0x4B4B,0x4B4B,0x4B4B,0x4B4B,0x4B4B,0x4B4B,0x4B4B,0x4B4B,
	0x4B4B,0x4B4B,0x4B4B,0x4B4B,0x231A,0x1A23,0x2323,0x2323,
	0x1A1A,0x1A1A,0x2323,0x2323,0x1A1A,0x1A1A,0x1A1A,0x1A1A,
	0x1A1A,0x1A1A,0x1A1A,0x1A1A,0x0A1A,0x1A1A,0x1A1A,0x1A1A,

	0x4B4B,0x4B4B,0x4B4B,0x4B4B,0x4B4B,0x4B4B,0x4B4B,0x4B4B,
	0x4B4B,0x4B4B,0x4B4B,0x4B4B,0x2323,0x0A23,0x0A23,0x1A1A,
	0x231A,0x0A0A,0x0A1A,0x0A1A,0x0A1A,0x0A0A,0x1A1A,0x1A1A,
	0x0A1A,0x0A0A,0x0A0A,0x0A0A,0x1A1A,0x0A0A,0x0A0A,0x0A0A,
	0x4B4B,0x4B4B,0x4B4B,0x4B4B,0x4B4B,0x4B4B,0x4B4B,0x4B4B,
	0x4B4B,0x4B4B,0x4B4B,0x4B4B,0x231A,0x2323,0x0A23,0x2323,
	0x0A0A,0x0A0A,0x0A0A,0x230A,0x0A0A,0x0A0A,0x0A0A,0x0A0A,
	0x0A0A,0x0A0A,0x0A0A,0x0A0A,0x0A0A,0x0A0A,0x0A0A,0x0A0A,

	0x4B4B,0x0A4B,0x1A1A,0xA3A3,0x4B4B,0x4B4B,0x1A1A,0xA3A3,
	0x4B4B,0x4B4B,0x1A1A,0xA3A3,0x0A23,0x230A,0x7272,0x4B4B,
	0x0A23,0x0A0A,0x7272,0x7979,0x0A0A,0x0A0A,0x0A0A,0xA3A3,
	0x0A0A,0x0A0A,0x0A0A,0x7979,0x0A0A,0x0A0A,0x0A0A,0x0A79,
	0xA3A3,0xA3A3,0xA3A3,0x1AA3,0xA3A3,0xA3A3,0xA3A3,0x1AA3,
	0xA3A3,0xA3A3,0xA3A3,0x1AA3,0x4B4B,0xA3A3,0x4BA3,0x1AA3,
	0x7979,0x7979,0x7979,0x1A79,0xA3A3,0xA3A3,0xA3A3,0x1AA3,
	0x7979,0x0A79,0x7979,0x1A79,0x180A,0x1A1A,0x790A,0x1A79,

	0x1A1A,0x1A1A,0x1A1A,0x0A0A,0x1A1A,0x1A1A,0x0A1A,0x0A0A,
	0x1A1A,0x1A1A,0x1A1A,0x0A1A,0x1A1A,0x1A1A,0x1A1A,0x1A1A,
	0x1A1A,0x1A1A,0x1A1A,0x1A1A,0x1A1A,0x1A1A,0x1A1A,0x0A1A,
	0x1A1A,0x1A1A,0x1A1A,0x1A1A,0x1A1A,0x1A1A,0x1A1A,0x1A1A,
	0x1A1A,0x1A0A,0x1A18,0x0A1A,0x0A0A,0x0A1A,0x0A1A,0x0A0A,
	0x0A0A,0x0A0A,0x0A0A,0x0A0A,0x0A1A,0x0A0A,0x0A0A,0x1A0A,
	0x0A1A,0x0A0A,0x0A0A,0x0A0A,0x1A1A,0x1A1A,0x0A1A,0x0A0A,
	0x1A18,0x1A0A,0x0A1A,0x0A0A,0x1A1A,0x1A1A,0x0A1A,0x0A1A,

	0x0A18,0x1A1A,0x0A0A,0x1A0A,0x1A18,0x1A1A,0x1A0A,0x1A1A,
	0x1A1A,0x1A1A,0x1A1A,0x1A1A,0x1A1A,0x1A0A,0x0A0A,0x1A0A,
	0x0A1A,0x0A0A,0x0A0A,0x1A0A,0x0A1A,0x1A0A,0x0A1A,0x0A1A,
	0x0A0A,0x1A0A,0x1A1A,0x1A1A,0x0A0A,0x1A0A,0x1A1A,0x0A0A,
	0x1A1A,0x1A1A,0x1A1A,0x1A1A,0x1A1A,0x1A1A,0x1A1A,0x1A1A,
	0x1A0A,0x1A1A,0x1A1A,0x1A1A,0x1A1A,0x1A1A,0x1A1A,0x1A1A,
	0x1A1A,0x1A1A,0x1A1A,0x1A1A,0x1A1A,0x1A1A,0x1A1A,0x1A1A,
	0x1A1A,0x1A1A,0x1A1A,0x1A1A,0x1A1A,0x1A1A,0x1A1A,0x1A1A,

	0x4B4B,0x4B4B,0x4B4B,0x4B4B,0x4B4B,0x4B4B,0x4B4B,0x4B4B,
	0x4B4B,0x4B4B,0x4B4B,0x4B4B,0x4B4B,0x4B4B,0x4B4B,0x4B4B,
	0x4B4B,0x4B4B,0x4B4B,0x4B4B,0x4B4B,0x4B4B,0x4B4B,0x4B4B,
	0x4B4B,0x4B4B,0x4B4B,0x4B4B,0x4B4B,0x4B4B,0x4B4B,0x4B4B,
	0x0A4B,0x0A0A,0x0A0A,0x0A0A,0x0A4B,0x0A0A,0x0A0A,0x0A0A,
	0x0A4B,0x0A0A,0x0A0A,0x0A0A,0x0A4B,0x0A0A,0x0A0A,0x0A0A,
	0x0A4B,0x0A0A,0x0A0A,0x0A0A,0x694B,0x0A0A,0x0A0A,0x0A0A,
	0x1A4B,0x0A0A,0x0A0A,0x0A0A,0x0A4B,0x0A0A,0x0A0A,0x0A0A,

	0x0A0A,0x0A0A,0x0A0A,0x0A0A,0x0A0A,0x0A0A,0x0A18,0x0A0A,
	0x1818,0x1A0A,0x0A18,0x0A0A,0x1A1A,0x0A18,0x0A0A,0x0A18,
	0x0A0A,0x0A0A,0x0A0A,0x1A1A,0x0A0A,0x0A0A,0x0A0A,0x0A0A,
	0x0A0A,0x0A0A,0x0A0A,0x0A0A,0x0A0A,0x0A0A,0x0A0A,0x0A0A,
	0x0A0A,0x0A0A,0x0A46,0x0A46,0x0A0A,0x4646,0x4618,0x4646,
	0x0A0A,0x460A,0x4618,0x4646,0x0A0A,0x0A0A,0x4646,0x0A0A,
	0x0A0A,0x0A0A,0x0A46,0x0A0A,0x0A0A,0x0A0A,0x0A46,0x0A0A,
	0x0A0A,0x0A0A,0x0A0A,0x0A0A,0x0A0A,0x320A,0x0A0A,0x0A0A,

	0x0A46,0x0A0A,0x0A0A,0x0A0A,0x1846,0x0A0A,0x0A0A,0x6845,
	0x4646,0x0A0A,0x0A0A,0x0A0A,0x460A,0x0A0A,0x0A0A,0x0A0A,
	0x0A0A,0x0A0A,0x0A0A,0x0A0A,0x0A0A,0x0A0A,0x0A0A,0x0A0A,
	0x0A0A,0x0A0A,0x0A0A,0x0A0A,0x0A0A,0x0A0A,0x0A0A,0x0A0A,
	0x6868,0x6868,0x9E68,0x9E68,0x6868,0x6868,0x0A32,0x9E9E,
	0x0A68,0x0A0A,0x0A0A,0x9E9E,0x0A0A,0x1A0A,0x1A1A,0x9E9E,
	0x0A0A,0x0A0A,0x0A1A,0x9E9E,0x0A0A,0x450A,0x9E45,0x9E0A,
	0x0A0A,0x0A0A,0x9E45,0x0A0A,0x0A0A,0x0A0A,0x0A0A,0x0A0A,

	0x6868,0x9E9E,0x9E4D,0x8400,0x9E9E,0x689E,0x0000,0x0000,
	0x9E9E,0x689E,0x0000,0x0000,0x9E9E,0x9E9E,0x0000,0x0000,
	0x9E9E,0x9E9E,0x0000,0x0000,0x1A0A,0x1A0A,0x329E,0x171A,
	0x1A1A,0x1A1A,0x1A0A,0x001A,0x1A1A,0x1A1A,0x1A1A,0x1A1A,
	0x8484,0x8484,0xB1B1,0x8484,0x0000,0x8484,0x8484,0x0000,
	0x8400,0x8484,0x0000,0x0000,0x0000,0x0000,0x8484,0xB184,
	0x0000,0x0000,0x8484,0xB1B1,0x0000,0x0000,0x8400,0xB184,
	0x0000,0x0000,0x8400,0xB1B1,0x001A,0x0000,0x8400,0xB184,

	0xB1B1,0x37B1,0x3737,0xB137,0xB1B1,0xB1B1,0x3737,0x3737,
	0x37B1,0xB1B1,0x3737,0x3737,0xB1B1,0x3737,0x3737,0x3737,
	0x37B1,0x37B1,0x3737,0x3737,0xB1B1,0x3737,0x3737,0x3737,
	0xB1B1,0x3737,0x3737,0x3737,0x8484,0x37B1,0x3737,0x3737,
	0xB1B1,0xB137,0x84B1,0x8484,0xB137,0x3737,0x37B1,0x8484,
	0x3737,0x3737,0x3737,0x84B1,0x3737,0x3737,0xB137,0xB1B1,
	0x3737,0x3737,0x3737,0xB1B1,0xB137,0xB1B1,0xB1B1,0x84B1,
	0x3737,0xB1B1,0xB1B1,0x8484,0x3737,0xB1B1,0x84B1,0x0000,

	0xB1B1,0x3737,0x0F0F,0x0F0F,0xB1B1,0xB1B1,0x3737,0x3737,
	0x8484,0xB1B1,0x3737,0x3737,0xB1B1,0xB1B1,0x3737,0x3737,
	0xB1B1,0xB1B1,0x3737,0x37B1,0xB184,0xB1B1,0x37B1,0xB1B1,
	0xB1B1,0xB1B1,0xB1B1,0xB1B1,0x8484,0xB1B1,0xB1B1,0xB1B1,
	0x0F37,0x0F37,0x3737,0x3737,0x3737,0x3737,0x0F0F,0x0F0F,
	0x3737,0x0F37,0x0F0F,0x0F0F,0x3737,0x370F,0x0F0F,0x0F0F,
	0x3737,0x3737,0x0F0F,0x0F37,0x37B1,0x3737,0x3737,0x3737,
	0x3737,0x3737,0x3737,0x3737,0xB1B1,0x3737,0x3737,0xB1B1,

	0x3737,0x0F0F,0x0F0F,0x3737,0x0F0F,0x370F,0x0F37,0x3737,
	0x370F,0x370F,0x0F0F,0x3737,0x0F0F,0x3737,0x3737,0x3737,
	0x0F0F,0x0F37,0x3737,0x0F37,0x0F37,0x3737,0x0F37,0x3737,
	0x3737,0x3737,0x0F37,0x3737,0x37B1,0x3737,0x3737,0x3737,
	0x0F37,0x370F,0xB1B1,0xB184,0x0F0F,0x3737,0xB1B1,0x8484,
	0x0F0F,0x370F,0xB137,0xB184,0x3737,0x3737,0xB1B1,0x8484,
	0x3737,0x3737,0xB137,0xB184,0x3737,0xB1B1,0xB1B1,0xB184,
	0x3737,0xB137,0x84B1,0x8484,0x3737,0x3737,0x8437,0x0000,

	0x37B1,0x3737,0x0F84,0x0F0F,0xB1B1,0xB137,0x0F0F,0x0F0F,
	0x3737,0x8484,0x3784,0x0F0F,0x37B1,0x0FB1,0x0F0F,0x3737,
	0x37B1,0x0FB1,0x0F0F,0x370F,0xB184,0x0FB1,0x0F0F,0x0F0F,
	0xB184,0x0FB1,0x0F0F,0x0F0F,0x8484,0x8484,0x0F0F,0x0F0F,
	0x3737,0x370F,0x0F0F,0x3737,0x0F0F,0x3737,0x3737,0x3737,
	0x0F0F,0x0F0F,0x0F0F,0x0F37,0x0F0F,0x0F0F,0x0F0F,0x0F0F,
	0x0F0F,0x0F0F,0x0F0F,0x0F0F,0x0F0F,0x0F0F,0x0F0F,0x3737,
	0x0F0F,0x0F0F,0x0F0F,0x3737,0x0F0F,0x0F0F,0x0F0F,0x0F37,

	0x3737,0x0F37,0x3737,0x3737,0xB137,0x37B1,0x37B1,0x3737,
	0x3737,0xB137,0xB184,0x37B1,0x0F37,0x3737,0x37B1,0x0F0F,
	0x370F,0x3737,0x37B1,0x0F0F,0x0F37,0x0F0F,0x370F,0x370F,
	0x0F37,0x3737,0x0F0F,0x370F,0x3737,0x3737,0x3737,0x0F0F,
	0x3737,0x0F0F,0x0F0F,0x0F0F,0x0F0F,0x0F0F,0x0F0F,0x0F0F,
	0x0F37,0x3737,0x0F0F,0x0F0F,0x3737,0x370F,0x3737,0x370F,
	0x0F0F,0x0F0F,0x3737,0x3737,0x0F37,0x0F0F,0x370F,0xB137,
	0x0F0F,0x0F0F,0x370F,0x3737,0x0F0F,0x0F0F,0x0F0F,0x3737,

	0x3737,0x3737,0x3737,0x0F0F,0x370F,0x3737,0x3737,0x3737,
	0x3737,0x0F37,0x37B1,0x3737,0x370F,0x0F0F,0x37B1,0x370F,
	0x370F,0x3737,0xB1B1,0x0F37,0xB137,0xB137,0xB184,0x3737,
	0xB1B1,0xB1B1,0xB184,0x0F37,0x3737,0xB1B1,0xB137,0x3737,
	0x370F,0x3737,0x0F0F,0x0F0F,0x3737,0x0F37,0x0F37,0x0F0F,
	0x0F37,0x0F37,0x0F0F,0x0F0F,0x0F0F,0x3737,0x0F0F,0x0F0F,
	0x0F0F,0x0F0F,0x0F37,0x0F0F,0x0F0F,0x0F0F,0x0F0F,0x0F0F,
	0x0F0F,0x0F0F,0x0F0F,0x0F0F,0x0F0F,0x0F0F,0x0F0F,0x0F0F,

	0xB10F,0xB1B1,0xB1B1,0x8484,0x0F0F,0x0F0F,0x8484,0x8484,
	0x0F0F,0x0F0F,0x0F0F,0x8484,0x0F0F,0x0F0F,0x0F0F,0x8484,
	0x0F0F,0x3737,0x370F,0x840F,0x0F0F,0x0F0F,0x0F0F,0x0F0F,
	0x0F0F,0x0F0F,0x0F0F,0x0F0F,0x0F0F,0x0F0F,0x0F0F,0x840F,
	0x1A84,0x1A1A,0x1A1A,0xAEB5,0x1A1A,0x1A1A,0x1A1A,0xB5B5,
	0x1A1A,0x1A1A,0x1A1A,0x6767,0x1A1A,0x1A1A,0x1A1A,0xAEAE,
	0x1A1A,0x1A1A,0x1A1A,0xB5B5,0x1A1A,0x101A,0x101A,0xAEAE,
	0x1A10,0x1010,0x1010,0xAEAE,0x8484,0x101A,0xB510,0xB5AE,

	0x6767,0xB5B5,0x67B5,0x7B7B,0x6767,0x6767,0x7B67,0x0A1A,
	0xB567,0x67B5,0x0A7B,0x1A1A,0xB5B5,0x7B67,0x0A18,0x3B0A,
	0xB5B5,0x67B5,0x0A0A,0x3B0A,0xB5B5,0x4567,0x4545,0x101A,
	0xB5B5,0x1067,0x9C45,0x4545,0xB567,0x1067,0x0A45,0x4545,
	0xB567,0x0A0A,0x0A0A,0x0A0A,0x0A0A,0x0A0A,0x1818,0x180A,
	0x0A0A,0x0A0A,0x180A,0x180A,0x0A0A,0x0A0A,0x0A0A,0x180A,
	0x0A0A,0x0A0A,0x0A0A,0x1A0A,0x450A,0x0A45,0x4545,0x4545,
	0x4545,0x4545,0x4545,0x4545,0x4545,0x4545,0x4545,0x4545,

	0x0A0A,0x0A0A,0x0A0A,0xB60A,0x0A0A,0x0A0A,0x0A0A,0x0A0A,
	0x0A1A,0x0A0A,0x0A0A,0x0A0A,0x0A18,0x0A0A,0x0A0A,0x0A0A,
	0x1818,0x0A0A,0x0A0A,0x0A0A,0x0A45,0x0A0A,0x0A0A,0x0A0A,
	0x4545,0x450A,0x0A0A,0x0A0A,0x4545,0x4545,0x0A0A,0x0A0A,
	0x0AB6,0x0AB6,0x470A,0x0A06,0x0A0A,0x0A0A,0x0A0A,0x0A0A,
	0x0A0A,0x0A0A,0x0A0A,0x0A0A,0x0A0A,0x3B3B,0x0A3B,0x0A0A,
	0x0A0A,0x3B1A,0x0A0A,0x0A0A,0x0A0A,0x0A0A,0x0A0A,0x0A0A,
	0x0A0A,0x0A0A,0x0A0A,0x0A0A,0x730A,0x0A0A,0x0AC7,0xA60A,

	0x1A1A,0x1A1A,0x1A1A,0x1A1A,0x1A1A,0x1A1A,0x1A1A,0x1A1A,
	0x1A1A,0x1A1A,0x1A1A,0x1A1A,0x1A1A,0x1A1A,0x1A1A,0x1A1A,
	0x1A1A,0x1A1A,0x1A1A,0x1A1A,0x1A1A,0x1A1A,0x1A1A,0x1A1A,
	0x1A1A,0x1A1A,0x1A1A,0x1A1A,0x1A1A,0x1A1A,0x1A1A,0x1A1A,
	0x1A1A,0x1A1A,0x1A1A,0x1A1A,0x1A1A,0x1A1A,0x1A1A,0x1A1A,
	0x1A1A,0x1A1A,0x1A1A,0x1A1A,0x1A1A,0x1A1A,0x0A1A,0x0A1A,
	0x1A1A,0x1A1A,0x0A69,0x0A0A,0x1A1A,0x1A1A,0x691A,0x0A0A,
	0x0A0A,0x1A1A,0x6969,0x0A0A,0x0A1A,0x1A0A,0x1A1A,0x1A1A,

	0x1A1A,0x1A1A,0x1A1A,0x1A1A,0x1A1A,0x1A1A,0x1A1A,0x1A1A,
	0x1A1A,0x0A1A,0x1A1A,0x1A1A,0x1A1A,0x1A1A,0x0A0A,0x1A1A,
	0x1A1A,0x0A0A,0x0A0A,0x0A0A,0x0A0A,0x1A0A,0x0A0A,0x0A0A,
	0x0A0A,0x1A1A,0x0A0A,0x0A0A,0x0A0A,0x0A0A,0x0A0A,0x320A,
	0x1A46,0x1A1A,0x1A1A,0x461A,0x1A1A,0x1A1A,0x0A18,0x0A46,
	0x1A1A,0x1A1A,0x1A1A,0x0A0A,0x1A0A,0x1A0A,0x4646,0x0A0A,
	0x0A0A,0x0A0A,0x4646,0x0A0A,0x0A0A,0x0A0A,0x1A1A,0x1A1A,
	0x0A0A,0x0A0A,0x0A0A,0x0A0A,0x320A,0x0A0A,0x0A0A,0x0A0A,

	0x1A18,0x0A0A,0x0A32,0x0A32,0x0A0A,0x0A1A,0x0A0A,0x320A,
	0x0A32,0x0A1A,0x0A1A,0x320A,0x0A0A,0x0A32,0x0A32,0x0A0A,
	0x0A32,0x0A32,0x0A32,0x0A0A,0x321A,0x0A0A,0x0A0A,0x0A0A,
	0x0A0A,0x0A0A,0x0A0A,0x0A0A,0x0A0A,0x0A0A,0x0A0A,0x0A0A,
	0x0A32,0x0A0A,0x0A0A,0x0A0A,0x0A0A,0x0A0A,0x0A0A,0x0A0A,
	0x0A0A,0x0A0A,0x0A0A,0x0A0A,0x0A0A,0x0A0A,0x0A0A,0x0A0A,
	0x0A0A,0x0A0A,0x0A0A,0x0A0A,0x0A0A,0x0A0A,0x0A0A,0x0A0A,
	0x0A0A,0x0A0A,0x0A0A,0x0A0A,0x0A0A,0x0A0A,0x0A0A,0x0A0A,

	0x0A0A,0x0A0A,0x0A0A,0x0A0A,0x0A0A,0x0A0A,0x0A0A,0x0A0A,
	0x0A0A,0x0A0A,0x0A0A,0x0A69,0x0A0A,0x0A0A,0x0A0A,0x0A1A,
	0x0A0A,0x0A0A,0x0A0A,0x0A0A,0x0A0A,0x0A0A,0x0A0A,0x0A0A,
	0x0A0A,0x0A0A,0x0A0A,0x0A0A,0x0A0A,0x0A0A,0x0A0A,0x0A0A,
	0x0A0A,0x0A0A,0x0A0A,0x0A0A,0x0A0A,0x0A0A,0x0A0A,0x0A0A,
	0x0A0A,0x0A0A,0x0A0A,0x0A0A,0x0A0A,0x0A0A,0x0A0A,0x0A0A,
	0x0A0A,0x0A0A,0x0A0A,0x0A0A,0x0A0A,0x0A0A,0x0A0A,0x0A0A,
	0x0A0A,0x0A0A,0x0A0A,0x0A0A,0x0A0A,0x0A0A,0x0A0A,0x0A0A,

	0x0A0A,0x5454,0x5454,0x5454,0x540A,0x5454,0x5454,0x5454,
	0x540A,0x5454,0x5454,0x5454,0x5454,0x5454,0x540A,0x5454,
	0x5858,0x0A54,0x540A,0x5454,0x0A0A,0x0A0A,0x0A0A,0x0A54,
	0x0A0A,0x0A0A,0x0A0A,0x0A0A,0x0A0A,0x0A0A,0x0A0A,0x0A0A,
	0x5454,0x5454,0x0A54,0x0A0A,0x5454,0x5454,0x0A58,0x0A0A,
	0x5454,0x5454,0x0A58,0x0A0A,0x5454,0x5454,0x0A0A,0x0A0A,
	0x5454,0x5854,0x0A0A,0x0A0A,0x540A,0x5858,0x0A0A,0x0A0A,
	0x540A,0x0A58,0x0A0A,0x0A0A,0x580A,0x0A0A,0x0A0A,0x0A0A,

	0x5454,0x5454,0x5454,0x5454,0x5454,0x5454,0x5454,0x5454,
	0x5454,0x5454,0x5454,0x5454,0x5454,0x5454,0x5454,0x5454,
	0x5454,0x5454,0x5454,0x5454,0x5454,0x5454,0x5454,0x0A54,
	0x5454,0x0A54,0x5454,0x0A54,0x0A9F,0x0A0A,0x540A,0x0A54,
	0x0A54,0x0A0A,0x0A0A,0x5458,0x0A54,0x0A0A,0x0A0A,0x0A58,
	0x0A54,0x0A0A,0x0A0A,0x0A0A,0x0A54,0x0A0A,0x0A0A,0x0A0A,
	0x0A54,0x0A0A,0x0A0A,0x0A0A,0x0A58,0x0A0A,0x0A0A,0x0A0A,
	0x0A0A,0x0A0A,0x0A0A,0x0A0A,0x0A0A,0x0A0A,0x0A0A,0x0A0A,

	0x5454,0x5454,0x5454,0x5454,0x5454,0x5454,0x5454,0x5454,
	0x5454,0x5454,0x5454,0x5454,0x540A,0x5454,0x5454,0x5454,
	0x5454,0x5454,0x5454,0x540A,0x5458,0x540A,0x0A58,0x580A,
	0x5858,0x580A,0x0A0A,0x0A0A,0x0A0A,0x0A0A,0x0A0A,0x0A0A,
	0x0A0A,0x0A0A,0x0A0A,0x0A0A,0x0A0A,0x0A0A,0x0A0A,0x0A0A,
	0x0A0A,0x0A0A,0x0A0A,0x0A0A,0x0A54,0x0A0A,0x1A0A,0x1846,
	0x0A54,0x0A0A,0x0A0A,0x0A0A,0x0A0A,0x0A0A,0x0A0A,0x0A0A,
	0x0A0A,0x0A0A,0x0A0A,0x0A0A,0x0A0A,0x0A0A,0x0A0A,0x0A0A,

	0x0A0A,0x0A0A,0x0A0A,0x0A0A,0x0A46,0x0A46,0x0A0A,0x0A0A,
	0x0A46,0x0A46,0x0A0A,0x0A0A,0x1818,0x0A0A,0x0A0A,0x0A0A,
	0x4618,0x0A0A,0x0A0A,0x0A0A,0x0A0A,0x0A0A,0x0A0A,0x0A0A,
	0x0A0A,0x0A0A,0x0A0A,0x0A0A,0x0A0A,0x0A0A,0x0A0A,0x0A0A,
	0x0A0A,0x0A0A,0x0A0A,0x0A0A,0x0A0A,0x0A0A,0x3B3B,0x0A0A,
	0x3B0A,0x0A3B,0x1A3B,0x0A0A,0x0A0A,0x3B1A,0x0A0A,0x0A0A,
	0x0A0A,0x0A0A,0x0A0A,0x0A0A,0x0A0A,0x0A0A,0x0A0A,0x0A0A,
	0x0A0A,0x0A0A,0x0A0A,0x0A0A,0x0A0A,0x0A0A,0x0A0A,0x0A0A,

	0x0A0A,0x460A,0x0A46,0x0A0A,0x0A0A,0x0A0A,0x0A0A,0x0A0A,
	0x0A0A,0x0A0A,0x0A0A,0x0A0A,0x0A0A,0x0A0A,0x0A0A,0x0A0A,
	0x0A0A,0x180A,0x0A0A,0x0A0A,0x0A0A,0x1A1A,0x3B0A,0x1A1A,
	0x0A0A,0x0A0A,0x3B0A,0x1A1A,0x0A0A,0x0A0A,0x0A0A,0x1A1A,
	0x0A0A,0x1A0A,0x460A,0x1A1A,0x0A1A,0x0A0A,0x1A0A,0x1A1A,
	0x1A1A,0x0A0A,0x1A0A,0x0A18,0x0A0A,0x0A0A,0x0A0A,0x181A,
	0x0A0A,0x0A0A,0x0A0A,0x1A1A,0x1A1A,0x1A1A,0x1A1A,0x1A0A,
	0x1A1A,0x0A0A,0x1A1A,0x1A1A,0x1A1A,0x1A1A,0x1A1A,0x1A1A,

	0x1A1A,0x1A1A,0x1A1A,0x0D1A,0x1A1A,0x1A1A,0x1A1A,0x191A,
	0x1A1A,0x1A1A,0x1A1A,0x1A1A,0x1A1A,0x1A1A,0x1A1A,0x1A1A,
	0x1A1A,0x1A1A,0x1A1A,0x1A1A,0x1A1A,0x1A1A,0x1A1A,0x1A1A,
	0x1A1A,0x1A1A,0x1A1A,0x1A1A,0x1A1A,0x1A1A,0x1A1A,0x1A1A,
	0x1A0D,0x190D,0x1A19,0x1A1A,0x1A1A,0x1A1A,0x1A1A,0x1A1A,
	0x191A,0x1A0D,0x1A1A,0x1A1A,0x1A1A,0x1A0D,0x1A1A,0x1A1A,
	0x1A1A,0x1A1A,0x1A1A,0x1A1A,0x1A1A,0x1A1A,0x1A1A,0x1A1A,
	0x1A1A,0x1A1A,0x1A1A,0x1A1A,0x1A1A,0x1A1A,0x1A1A,0x1A1A,

	0x1A1A,0x1A1A,0x0D1A,0x1A1A,0x1A1A,0x1A1A,0x0D0D,0x1A1A,
	0x1A1A,0x1A0D,0x190D,0x1A1A,0x1A1A,0x0D19,0x0D1A,0x1A0D,
	0x1A1A,0x1A1A,0x191A,0x0D0D,0x1A1A,0x1A1A,0x1A1A,0x1A1A,
	0x1A1A,0x1A1A,0x1A1A,0x1A1A,0x1A1A,0x1A1A,0x1A1A,0x1A1A,
	0x1A1A,0x1A1A,0x1A1A,0x1A1A,0x1A1A,0x1A1A,0x1A1A,0x1A1A,
	0x1A1A,0x1A1A,0x1A1A,0x1A1A,0x1A1A,0x1A1A,0x1A1A,0x1A1A,
	0x1A1A,0x1A1A,0x1A1A,0x1A1A,0x1A1A,0x1A1A,0x1A1A,0x1A1A,
	0x1A1A,0x1A1A,0x1A1A,0x1A1A,0x1A1A,0x1A1A,0x1A1A,0x1A1A,

	0x1A1A,0x1A1A,0x1A1A,0x1A1A,0x1A1A,0x1A1A,0x1A1A,0x1A1A,
	0x1A1A,0x1A1A,0x1A1A,0x1A1A,0x1A1A,0x1A1A,0x1A1A,0x1A1A,
	0x1A1A,0x1A1A,0x1A1A,0x1A1A,0x1A1A,0x1A1A,0x1A1A,0x1A1A,
	0x1A1A,0x1A1A,0x1A1A,0x1A1A,0x1A1A,0x1A1A,0x1A1A,0x1A1A,
	0x1A1A,0x1A1A,0x1A1A,0x1A1A,0x1A1A,0x1A1A,0x1A1A,0x1A1A,
	0x1A1A,0x1A1A,0x1A1A,0x1A1A,0x1A1A,0x1A1A,0x1A1A,0x1A1A,
	0x1A1A,0x1A1A,0x1A1A,0x1A1A,0x1A1A,0x1A1A,0x1A1A,0x1A1A,
	0x1A1A,0x1A1A,0x1A1A,0x1A1A,0x1A1A,0x1A1A,0x1A1A,0x1A1A,

	0x1A1A,0x1A1A,0x1A1A,0x1A1A,0x1A1A,0x1A1A,0x1A1A,0x1A1A,
	0x1A1A,0x1A1A,0x1A1A,0x1A1A,0x1A1A,0x1A1A,0x1A1A,0x1A1A,
	0x1A1A,0x1A1A,0x1A1A,0x1A1A,0x1A1A,0x1A1A,0x321A,0x1A1A,
	0x1A1A,0x1A1A,0x1A1A,0x1A1A,0x1A1A,0x1A1A,0x1A1A,0x1A1A,
	0x1A1A,0x1A1A,0x1A1A,0x1A1A,0x1A1A,0x1A1A,0x1A1A,0x1A1A,
	0x1A1A,0x1A1A,0x1A1A,0x1A1A,0x1A1A,0x1A1A,0x0A1A,0x1A1A,
	0x1A1A,0x0A1A,0x1A1A,0x0A1A,0x1A1A,0x1A1A,0x0A1A,0x0A0A,
	0x1A1A,0x1A1A,0x0A1A,0x0A0A,0x1A1A,0x1A1A,0x1A1A,0x1A1A,

	0x1A1A,0x1A1A,0x1A0A,0x0A1A,0x1A1A,0x1A1A,0x0A1A,0x0A0A,
	0x1A1A,0x1A1A,0x0A0A,0x0A0A,0x0A1A,0x0A1A,0x0A0A,0x0A0A,
	0x1A1A,0x0A0A,0x0A0A,0x0A0A,0x0A0A,0x1A0A,0x0A0A,0x0A0A,
	0x1A0A,0x1A0A,0x0A0A,0x0A0A,0x0A0A,0x0A0A,0x0A0A,0x0A0A,
	0x0A0A,0x0A0A,0x0A0A,0x0A0A,0x0A1A,0x0A0A,0x0A0A,0x0A1A,
	0x0A1A,0x0A0A,0x0A1A,0x0A0A,0x0A0A,0x0A0A,0x0A0A,0x0A0A,
	0x0A0A,0x0A0A,0x0A0A,0x0A0A,0x0A0A,0x0A0A,0x0A0A,0x0A0A,
	0x0A0A,0x0A0A,0x0A0A,0x0A0A,0x0A0A,0x0A0A,0x0A0A,0x0A0A,

	0x0A1A,0x0A1A,0x0A1A,0x0A0A,0x0A0A,0x0A0A,0x1A0A,0x1A1A,
	0x0A0A,0x0A0A,0x0A0A,0x1A1A,0x0A0A,0x0A0A,0x0A0A,0x0A0A,
	0x0A1A,0x0A1A,0x180A,0x0A0A,0x0A0A,0x0A0A,0x1A0A,0x0A18,
	0x0A0A,0x0A0A,0x0A0A,0x0A0A,0x0A0A,0x0A0A,0x0A0A,0x0A0A,
	0x0A0A,0x1A1A,0x1A1A,0x1A1A,0x0A0A,0x1A1A,0x1A1A,0x1A1A,
	0x0A18,0x1A1A,0x1A1A,0x1A1A,0x0A18,0x1A1A,0x1A0A,0x1A1A,
	0x1A1A,0x0A0A,0x0A0A,0x0A1A,0x1818,0x0A0A,0x0A0A,0x0A0A,
	0x1A18,0x0A0A,0x0A0A,0x0A0A,0x0A0A,0x0A0A,0x0A0A,0x0A0A,

	0x1A1A,0x1A0A,0x0A0A,0x0A0A,0x1A1A,0x0A0A,0x0A0A,0x0A0A,
	0x1A1A,0x0A0A,0x0A0A,0x3B0A,0x0A1A,0x0A0A,0x0A0A,0x1A0A,
	0x0A0A,0x0A0A,0x1A0A,0x0A0A,0x0A0A,0x1A0A,0x0A0A,0x0A1A,
	0x0A0A,0x1A1A,0x1A1A,0x0A0A,0x0A0A,0x0A0A,0x0A0A,0x0A0A,
	0x0A0A,0x0A18,0x0A0A,0x0A0A,0x0A0A,0x0A18,0x0A0A,0x0A0A,
	0x0A0A,0x1A1A,0x0A0A,0x0A0A,0x0A3B,0x3B3B,0x0A0A,0x0A0A,
	0x0A0A,0x3B1A,0x0A3B,0x0A0A,0x0A0A,0x0A0A,0x0A0A,0x0A0A,
	0x0A0A,0x0A0A,0x0A0A,0x0A0A,0x0A0A,0x0A0A,0x0A0A,0x0A0A,

	0x0A0A,0x0A0A,0x0A0A,0x0A0A,0x0A0A,0x0A0A,0x0A0A,0x0A0A,
	0x0A0A,0x0A0A,0x0A0A,0x0A0A,0x0A0A,0x0A0A,0x0A0A,0x0A0A,
	0x0A0A,0x0A0A,0x0A0A,0x0A0A,0x0A0A,0x0A0A,0x0A0A,0x1A1A,
	0x0A0A,0x0A0A,0x0A0A,0x1A1A,0x0A0A,0x0A0A,0x0A0A,0x1A1A,
	0x180A,0x1A0A,0x0A1A,0x1A1A,0x0A1A,0x0A0A,0x1A0A,0x1A1A,
	0x1A1A,0x0A0A,0x1A0A,0x0A0A,0x0A0A,0x0A0A,0x0A0A,0x0A1A,
	0x0A0A,0x0A0A,0x0A0A,0x1A1A,0x1A1A,0x1A1A,0x1A1A,0x1A0A,
	0x1A1A,0x0A0A,0x1A1A,0x1A1A,0x1A1A,0x1A1A,0x1A1A,0x1A1A,

	0x1A1A,0x1A1A,0x1A1A,0x1A1A,0x1A1A,0x1A1A,0x1A1A,0x1A1A,
	0x1A1A,0x1A1A,0x1A1A,0x1A1A,0x1A1A,0x1A1A,0x1A1A,0x0A0A,
	0x1A1A,0x1A1A,0x1A1A,0x1A1A,0x1A1A,0x1A1A,0x1A1A,0x1A1A,
	0x1A1A,0x1A1A,0x1A1A,0x1A1A,0x1A1A,0x1A1A,0x1A1A,0x1A1A,
	0x1A1A,0x0A1A,0x0A1A,0x0A0A,0x0A1A,0x0A1A,0x0A0A,0x0A0A,
	0x1A0A,0x0A0A,0x0A0A,0x0A0A,0x1A1A,0x1A1A,0x1A0A,0x1A0A,
	0x1A1A,0x1A1A,0x1A1A,0x1A1A,0x1A1A,0x1A1A,0x1A1A,0x1A1A,
	0x1A1A,0x1A1A,0x1A1A,0x1A1A,0x1A1A,0x1A1A,0x1A1A,0x1A1A,

	0x0A0A,0x1A0A,0x0A1A,0x1A0A,0x0A0A,0x0A0A,0x1A0A,0x1A1A,
	0x0A0A,0x1A0A,0x1A0A,0x1A0A,0x0A0A,0x1A1A,0x1A1A,0x1A1A,
	0x1A1A,0x1A1A,0x1A1A,0x1A1A,0x1A1A,0x1A1A,0x1A1A,0x1A1A,
	0x1A1A,0x1A1A,0x1A1A,0x1A1A,0x1A1A,0x1A1A,0x1A1A,0x1A1A,
	0x1A1A,0x1A1A,0x1A1A,0x1A1A,0x1A1A,0x1A1A,0x1A1A,0x1A1A,
	0x1A1A,0x1A1A,0x1A1A,0x1A1A,0x1A1A,0x1A1A,0x1A1A,0x1A1A,
	0x1A1A,0x1A1A,0x1A1A,0x1A1A,0x1A1A,0x1A1A,0x1A1A,0x1A1A,
	0x1A1A,0x1A1A,0x1A1A,0x1A1A,0x1A1A,0x1A1A,0x1A1A,0x1A1A,

	0x4B4B,0x4B4B,0x4B4B,0x4B4B,0x4B4B,0x4B4B,0x4B4B,0x4B4B,
	0x4B4B,0x4B4B,0x4B4B,0x4B4B,0x4B4B,0x4B4B,0x4B4B,0x4B4B,
	0x4B4B,0x4B4B,0x4B4B,0x4B4B,0x4B4B,0x4B4B,0x4B4B,0x4B4B,
	0x4B4B,0x4B4B,0x4B4B,0x4B4B,0x4B4B,0x4B4B,0x4B4B,0x4B4B,
	0x0A4B,0x0A0A,0x0A0A,0x0A0A,0x0A4B,0x0A0A,0x0A0A,0x0A0A,
	0x1A4B,0x0A0A,0x0A0A,0x0A0A,0x0A4B,0x0A0A,0x0A0A,0x0A0A,
	0x0A4B,0x0A0A,0x0A0A,0x0A0A,0x0A4B,0x0A0A,0x0A0A,0x0A0A,
	0x0A4B,0x0A1A,0x0A0A,0x0A0A,0x0A4B,0x0A0A,0x0A0A,0x0A0A,

	0x0A0A,0x0A0A,0x0A0A,0x0A0A,0x0A0A,0x0A0A,0x0A0A,0x320A,
	0x0A0A,0x0A0A,0x0A0A,0x0A0A,0x0A0A,0x0A0A,0x0A0A,0x0A0A,
	0x0A0A,0x0A0A,0x0A0A,0x0A0A,0x0A0A,0x0A0A,0x0A0A,0x0A0A,
	0x0A0A,0x0A0A,0x0A0A,0x0A0A,0x0A0A,0x0A0A,0x0A0A,0x0A0A,
	0x0A32,0x0A32,0x0A0A,0x0A0A,0x320A,0x320A,0x0A0A,0x0A0A,
	0x0A0A,0x3232,0x0A0A,0x1818,0x0A0A,0x0A0A,0x0A0A,0x1A0A,
	0x0A0A,0x0A0A,0x0A0A,0x0A0A,0x0A0A,0x0A0A,0x0A0A,0x0A0A,
	0x0A0A,0x0A0A,0x0A0A,0x0A0A,0x0A0A,0x0A0A,0x0A0A,0x0A0A,

	0x0A0A,0x0A0A,0x0A0A,0x0A0A,0x0A0A,0x0A18,0x0A0A,0x0A0A,
	0x0A0A,0x1A1A,0x0A0A,0x0A0A,0x0A18,0x0A0A,0x0A0A,0x1A0A,
	0x0A0A,0x0A0A,0x0A0A,0x0A0A,0x0A0A,0x0A0A,0x0A0A,0x3B0A,
	0x0A0A,0x0A0A,0x0A0A,0x1A1A,0x0A0A,0x0A0A,0x0A0A,0x0A0A,
	0x0A0A,0x0A0A,0x0A0A,0x0A0A,0x0A0A,0x1A0A,0x0A1A,0x0A0A,
	0x0A0A,0x1A0A,0x0A1A,0x0A0A,0x0A1A,0x1A18,0x1A1A,0x0A1A,
	0x180A,0x1A0A,0x1A1A,0x1A1A,0x0A0A,0x1A0A,0x0A1A,0x1A1A,
	0x1A0A,0x0A0A,0x1A1A,0x1A1A,0x0A0A,0x0A0A,0x1A1A,0x1A1A,

	0x1A0A,0x1A1A,0x1A0A,0x1A1A,0x1A1A,0x1A1A,0x1A1A,0x1A1A,
	0x0A0A,0x1A1A,0x1A1A,0x1A1A,0x1A1A,0x1A1A,0x1A1A,0x001A,
	0x1A1A,0x1A1A,0x1A1A,0x1A1A,0x1A1A,0x1A1A,0x1A1A,0x1A1A,
	0x1A1A,0x1A1A,0x1A1A,0x1A1A,0x1A1A,0x1A1A,0x1A1A,0x1A1A,
	0x0000,0x0000,0x0000,0x0000,0x001A,0x0000,0x8484,0x8484,
	0x001A,0x0000,0x8484,0x8484,0x0000,0x0000,0x0000,0x8484,
	0x1A00,0x0000,0x0000,0x0000,0x001A,0x0000,0x0000,0x8400,
	0x001A,0x0000,0x0000,0x8400,0x1A1A,0x0000,0x0000,0x0000,

	0xB1B1,0x37B1,0x37B1,0xB1B1,0xB184,0x84B1,0xB1B1,0xB137,
	0x8484,0xB1B1,0xB1B1,0xB1B1,0x8484,0x84B1,0x8484,0xB1B1,
	0x8484,0x8484,0x8484,0xB1B1,0x8484,0x8484,0x8484,0x0000,
	0x0084,0x0084,0x0084,0x8484,0x0000,0x0000,0x1A00,0x0000,
	0x3737,0xB1B1,0xB1B1,0x0000,0xB1B1,0xB1B1,0xB1B1,0xB100,
	0xB1B1,0xB1B1,0x0084,0x0000,0x8484,0xB1B1,0x8484,0x8400,
	0x8484,0xB1B1,0x0000,0x0000,0x8400,0x0084,0x8400,0x0000,
	0x0067,0x0000,0x8400,0x0000,0x6700,0x0067,0x0000,0x0000,

	0x84B1,0xB1B1,0xB1B1,0xB1B1,0x8484,0xB184,0x84B1,0xB1B1,
	0x8484,0xB1B1,0x84B1,0x8484,0x8484,0xB184,0x8484,0xB1B1,
	0x0084,0x8484,0x8400,0x0084,0x8484,0x8400,0x0084,0x0067,
	0x8484,0x0000,0x0084,0x6767,0x8467,0x6700,0x8484,0xB544,
	0xB1B1,0xB137,0x3737,0xB1B1,0xB137,0xB137,0x37B1,0xB1B1,
	0xB1B1,0xB1B1,0x3737,0xB1B1,0xB1B1,0x8484,0xB1B1,0xB184,
	0xB1B1,0x8484,0xB1B1,0xB184,0x8484,0xB100,0x8484,0x84B1,
	0x0084,0x8484,0x0000,0x8400,0x00B5,0x0000,0x6700,0x8400,

	0x37B1,0xB137,0x3737,0x3737,0xB1B1,0xB1B1,0x37B1,0x3737,
	0xB1B1,0xB184,0x3737,0x3737,0x8484,0xB1B1,0xB1B1,0x3737,
	0x8484,0x8484,0x8484,0x8484,0x8484,0x8400,0x8484,0x0000,
	0x6700,0x0000,0x8484,0x0084,0x0067,0x6700,0x0000,0x0000,
	0x3784,0x3784,0x8400,0x0084,0x8484,0x8484,0x0000,0x8484,
	0x8484,0x8484,0x0000,0x0000,0x8484,0x8484,0x8484,0x8484,
	0x8400,0x8484,0x8400,0x8400,0x0067,0x0067,0x0000,0x0000,
	0x6700,0x0067,0x0000,0x0000,0x6751,0x0000,0x0000,0x0F00,

	0x8484,0x8484,0x0F0F,0x0F0F,0x0000,0x8484,0x0F84,0x0F37,
	0x8484,0x8484,0xB100,0x370F,0x0000,0x0F84,0xB10F,0xB1B1,
	0x0000,0x0F0F,0x0F0F,0xB1B1,0x0F0F,0x0F0F,0x0F0F,0x3737,
	0x0F0F,0x0F0F,0x0F0F,0x3737,0x0F0F,0x0F0F,0x0F0F,0x0F0F,
	0x0F37,0x0F0F,0x0F0F,0x370F,0x3737,0x370F,0x0F37,0x0F37,
	0x3737,0x370F,0x370F,0x0F37,0x3737,0x0F37,0x370F,0x37B1,
	0xB1B1,0x0F37,0x37B1,0x37B1,0x3737,0xB1B1,0xB137,0x84B1,
	0x370F,0xB1B1,0xB1B1,0xB1B1,0x3737,0xB137,0xB137,0x3737,

	0x3737,0x3737,0x3737,0x0F0F,0xB137,0x3737,0x0F37,0x0F37,
	0x3737,0x37B1,0x0F37,0x0F0F,0xB137,0x3737,0x3737,0x0F0F,
	0xB184,0x3737,0x3737,0x0F0F,0xB1B1,0x0F0F,0x370F,0x0F0F,
	0x3737,0x3737,0x370F,0x0F0F,0xB1B1,0x37B1,0x3737,0x0F0F,
	0x0F0F,0x0F0F,0x0F0F,0x0F37,0x0F0F,0x0F0F,0x0F0F,0x370F,
	0x0F0F,0x0F0F,0x0F0F,0x370F,0x0F0F,0x0F0F,0x0F0F,0x0F0F,
	0x0F0F,0x0F0F,0x0F0F,0x0F0F,0x0F0F,0x0F0F,0x0F0F,0x0F0F,
	0x370F,0x0F0F,0x0F0F,0x0F0F,0x0F0F,0x0F0F,0x0F0F,0x0F0F,

	0x3737,0x3737,0xB137,0x3737,0x0F0F,0x370F,0x370F,0x3737,
	0x0F0F,0x0F0F,0x370F,0x3737,0x0F0F,0x0F0F,0x3737,0xB137,
	0x0F0F,0x370F,0x0F0F,0xB137,0x0F0F,0x0F0F,0x370F,0x0F0F,
	0x0F0F,0x0F0F,0x370F,0x0F0F,0x0F0F,0x3737,0x0F37,0x3737,
	0x0F0F,0x0F0F,0x0F0F,0x0F0F,0x3737,0x0F0F,0x0F0F,0x0F0F,
	0x3737,0x0F0F,0x0F0F,0x0F0F,0x0F0F,0x3737,0x0F37,0x0F0F,
	0x3737,0x3737,0x0F0F,0x0F0F,0x0F37,0x370F,0x3737,0x3737,
	0x3737,0x370F,0x3737,0x3737,0x3737,0x3737,0x370F,0x370F,

	0x0F0F,0x370F,0x0F0F,0x840F,0x0F0F,0x0F0F,0x0F37,0x3737,
	0x0F0F,0x0F0F,0x3737,0xB1B1,0x0F0F,0x3737,0xB137,0x37B1,
	0x0F0F,0x3737,0xB1B1,0x37B1,0x0F37,0x0FB1,0x3737,0xB1B1,
	0x3737,0x0F0F,0x0F0F,0xB1B1,0x0F0F,0x0F0F,0xB10F,0xB10F,
	0x8484,0x101A,0xB510,0xB5AE,0x8484,0x8410,0x6710,0xB5B5,
	0xB1B1,0x8484,0x6710,0x67B5,0xB1B1,0x8484,0x8484,0xB5B5,
	0xB137,0x8484,0x8484,0xB5B5,0xB1B1,0x84B1,0xAE84,0x1A67,
	0xB1B1,0x84B1,0x8484,0x1067,0xB137,0xB1B1,0x8484,0x1010,

	0xAE67,0x6767,0x4545,0x4545,0xAEAE,0x6767,0x4545,0x4545,
	0xB5B5,0x67AE,0x4545,0x4545,0xB5B5,0x7BB5,0x670A,0x4545,
	0xB567,0xAEAE,0x4545,0x4545,0x0A7B,0xAEAE,0x4545,0x4545,
	0x0A10,0x1AB5,0x4545,0x4545,0x1010,0x1045,0x4545,0x4545,
	0x0A45,0x4545,0x4545,0x4545,0x4545,0x450A,0x4545,0x4545,
	0x4545,0x450A,0x4545,0x4545,0x4545,0x4545,0x4545,0x450A,
	0x4545,0x4545,0x4545,0x450A,0x4545,0x4545,0x4545,0x4545,
	0x4545,0x4545,0x450A,0x4545,0x4545,0x0A45,0x4545,0x4545,

	0x4545,0x4545,0x0A0A,0x0A0A,0x0A45,0x4545,0x450A,0x0A0A,
	0x0A45,0x4545,0x4545,0xC745,0x4545,0x4545,0x45C5,0x73C5,
	0x450A,0x4545,0xC573,0x730A,0x4545,0x0A45,0x0A18,0x7373,
	0x4545,0x0A45,0x3B1A,0xC70A,0x0A0A,0x0A45,0x0A0A,0xA70A,
	0x730A,0xC70A,0x7373,0xA6A6,0xA6AD,0xADAD,0xA6AD,0xADA6,
	0xA6A6,0xADA6,0xA6A6,0xADA6,0x0A73,0x7373,0xA6A6,0x0505,
	0x0A73,0xA6A6,0x0505,0x7305,0x7373,0xA6A6,0xADAD,0x7373,
	0xADAD,0xA773,0xADAD,0x6B73,0xA6A6,0x730A,0xADAD,0x086B,

	0x1A1A,0x1A1A,0x1A1A,0x1A1A,0x1A1A,0x1A1A,0x1A1A,0x1A1A,
	0x1A1A,0x1A1A,0x1A1A,0x1A1A,0x1A1A,0x1A1A,0x1A1A,0x1A1A,
	0x1A1A,0x1A1A,0x1A1A,0x1A1A,0x1A1A,0x1A1A,0x1A1A,0x1A1A,
	0x1A1A,0x1A1A,0x1A1A,0x1A1A,0x1A1A,0x1A1A,0x1A1A,0x1A1A,
	0x1A1A,0x1A1A,0x0A1A,0x0A0A,0x1A1A,0x0A1A,0x0A0A,0x1A0A,
	0x1A1A,0x0A1A,0x0A0A,0x0A0A,0x1A1A,0x1A1A,0x1A1A,0x1A0A,
	0x1A1A,0x1A1A,0x1A1A,0x1A0A,0x1A1A,0x1A0A,0x0A1A,0x0A32,
	0x1A1A,0x0A32,0x0A1A,0x0A32,0x1A1A,0x1A1A,0x0A0A,0x0A32,

	0x0A0A,0x0A0A,0x0A0A,0x0A0A,0x0A1A,0x0A0A,0x0A0A,0x0A0A,
	0x0A0A,0x0A0A,0x0A0A,0x0A0A,0x0A0A,0x0A0A,0x0A0A,0x0A0A,
	0x0A0A,0x0A0A,0x0A0A,0x0A0A,0x0A0A,0x0A0A,0x0A0A,0x0A0A,
	0x1A0A,0x0A0A,0x0A0A,0x0A0A,0x0A32,0x0A0A,0x0A0A,0x0A0A,
	0x0A0A,0x0A0A,0x0A0A,0x0A0A,0x0A0A,0x0A0A,0x0A0A,0x0A0A,
	0x0A0A,0x0A0A,0x0A0A,0x0A0A,0x0A0A,0x0A0A,0x0A0A,0x0A0A,
	0x0A0A,0x0A0A,0x0A0A,0x0A0A,0x0A0A,0x0A0A,0x0A0A,0x0A0A,
	0x0A0A,0x0A0A,0x0A0A,0x0A0A,0x0A0A,0x0A0A,0x0A0A,0x0A0A,

	0x0A0A,0x0A0A,0x0A0A,0x0A0A,0x0A0A,0x0A0A,0x0A0A,0x0A0A,
	0x0A0A,0x0A0A,0x0A0A,0x0A0A,0x0A0A,0x0A0A,0x0A0A,0x0A0A,
	0x0A0A,0x0A0A,0x0A0A,0x0A0A,0x0A0A,0x0A0A,0x0A0A,0x0A0A,
	0x0A0A,0x0A0A,0x0A0A,0x0A0A,0x0A0A,0x0A0A,0x0A0A,0x0A0A,
	0x0A0A,0x0A0A,0x0A0A,0x0A0A,0x0A0A,0x0A0A,0x0A0A,0x0A0A,
	0x0A0A,0x0A0A,0x0A0A,0x0A0A,0x0A0A,0x0A0A,0x0A0A,0x0A0A,
	0x0A0A,0x0A0A,0x0A0A,0x0A0A,0x0A0A,0x0A0A,0x0A0A,0x0A0A,
	0x0A0A,0x0A0A,0x0A0A,0x0A0A,0x0A0A,0x0A0A,0x0A0A,0x0A0A,

	0x0A0A,0x0A0A,0x0A0A,0x0A0A,0x0A0A,0x0A0A,0x0A0A,0x0A0A,
	0x0A0A,0x0A0A,0x0A0A,0x0A0A,0x0A0A,0x0A0A,0x0A0A,0x0A0A,
	0x0A0A,0x0A0A,0x0A0A,0x0A0A,0x0A0A,0x0A0A,0x0A0A,0x0A0A,
	0x0A0A,0x0A0A,0x0A0A,0x0A0A,0x0A0A,0x0A0A,0x0A0A,0x0A3B,
	0x0A0A,0x0A0A,0x0A0A,0x0A0A,0x0A0A,0x0A0A,0x0A0A,0x0A0A,
	0x0A0A,0x0A0A,0x0A0A,0x0A0A,0x0A0A,0x0A0A,0x0A0A,0x0A0A,
	0x0A0A,0x0A0A,0x0A0A,0x0A0A,0x0A0A,0x0A0A,0x0A0A,0x0A0A,
	0x0A0A,0x0A0A,0x0A0A,0x0A0A,0x0A0A,0x0A0A,0x0A0A,0x0A0A,

	0x0A0A,0x0A0A,0x0A0A,0x0A0A,0x540A,0x5454,0x5454,0x0A54,
	0x540A,0x5454,0x5454,0x5454,0x540A,0x5454,0x5454,0x5454,
	0x5454,0x5454,0x5454,0x5454,0x5454,0x5454,0x5454,0x5454,
	0x5454,0x5454,0x5454,0x5454,0x5454,0x5454,0x5454,0x5454,
	0x0A0A,0x0A0A,0x5454,0x5454,0x0A0A,0x5454,0x5454,0x5454,
	0x4654,0x5454,0x5454,0x5454,0x0A54,0x5454,0x5454,0x5454,
	0x0A54,0x5454,0x5454,0x5454,0x4654,0x5454,0x5454,0x5454,
	0x0A54,0x5454,0x5454,0x5454,0x1A58,0x5454,0x5454,0x5454,

	0x5454,0x5454,0x5854,0x5458,0x5454,0x5454,0x5454,0x5418,
	0x5454,0x5454,0x5454,0x540A,0x5454,0x5454,0x5454,0x540A,
	0x5454,0x5454,0x5454,0x540A,0x5454,0x5454,0x5454,0x540A,
	0x5454,0x5454,0x5454,0x540A,0x5454,0x5454,0x5854,0x580A,
	0x5454,0x5454,0x5454,0x5454,0x5454,0x5454,0x5454,0x5454,
	0x5454,0x5454,0x5454,0x5454,0x5454,0x5454,0x5454,0x5454,
	0x5454,0x5454,0x5454,0x5454,0x5454,0x5454,0x5454,0x5454,
	0x5454,0x5454,0x5454,0x5454,0x3258,0x580A,0x580A,0x583B,

	0x5454,0x0A0A,0x0A0A,0x0A0A,0x5454,0x0A0A,0x0A0A,0x0A0A,
	0x5454,0x0A0A,0x0A0A,0x0A0A,0x5454,0x0A0A,0x0A0A,0x0A0A,
	0x5454,0x0A0A,0x0A32,0x0A0A,0x5454,0x5454,0x5454,0x5454,
	0x5454,0x5454,0x5454,0x5454,0x5858,0x5454,0x5454,0x5454,
	0x0A0A,0x0A0A,0x0A0A,0x0A0A,0x0A0A,0x0A0A,0x0A0A,0x0A0A,
	0x0A0A,0x0A0A,0x0A0A,0x0A0A,0x0A32,0x5454,0x5454,0x5454,
	0x0A32,0x5454,0x5454,0x5454,0x5454,0x5454,0x5454,0x5454,
	0x5454,0x5454,0x5454,0x5454,0x5454,0x5454,0x5454,0x5454,

	0x0A0A,0x0A0A,0x0A0A,0x0A0A,0x0A0A,0x0A0A,0x5432,0x5454,
	0x0A0A,0x320A,0x540A,0x5454,0x5454,0x5454,0x540A,0x5454,
	0x5454,0x5454,0x540A,0x5454,0x5454,0x5454,0x540A,0x5454,
	0x5454,0x5454,0x540A,0x5454,0x5454,0x5454,0x540A,0x5454,
	0x0A0A,0x0A0A,0x0A0A,0x0A0A,0x5454,0x5454,0x5454,0x0A0A,
	0x5454,0x5454,0x5454,0x0A0A,0x5454,0x5454,0x5454,0x0A54,
	0x5454,0x5454,0x5454,0x0A54,0x5454,0x5454,0x5454,0x0A54,
	0x5454,0x5454,0x5454,0x0A54,0x5454,0x5454,0x5454,0x0A54,

	0x0A0A,0x0A0A,0x0A0A,0x1A1A,0x180A,0x0A0A,0x0A1A,0x1A1A,
	0x5454,0x5454,0x5454,0x5454,0x5454,0x5454,0x5454,0x5454,
	0x5454,0x5454,0x5454,0x5454,0x5454,0x5454,0x5454,0x5454,
	0x5454,0x5454,0x5454,0x5454,0x5454,0x5454,0x5454,0x5454,
	0x1A0A,0x1A1A,0x1A1A,0x5454,0x1A1A,0x1A1A,0x5454,0x5454,
	0x5454,0x1A1A,0x5454,0x5454,0x5454,0x5454,0x5454,0x5454,
	0x5454,0x5454,0x5454,0x5454,0x5454,0x1A58,0x5454,0x9F54,
	0x5454,0x1A1A,0x541A,0x5454,0x5454,0x1A1A,0x1A58,0x5454,

	0x1A1A,0x1A1A,0x1A1A,0x1A1A,0x5454,0x1A1A,0x1A1A,0x1A1A,
	0x5454,0x1A1A,0x1A1A,0x1A1A,0x5454,0x5454,0x1A1A,0x1A1A,
	0x5454,0x5454,0x1A1A,0x1A1A,0x549F,0x5454,0x1A54,0x1A1A,
	0x9F9F,0x5454,0x1A58,0x1A1A,0x9F54,0x581A,0x1A1A,0x1A1A,
	0x1A1A,0x1A1A,0x1A1A,0x1A1A,0x1A1A,0x1A1A,0x1A1A,0x1A1A,
	0x1A1A,0x1A1A,0x1A1A,0x1A1A,0x1A1A,0x1A1A,0x1A1A,0x1A1A,
	0x1A1A,0x1A1A,0x1A1A,0x1A1A,0x1A1A,0x1A1A,0x1A1A,0x1A1A,
	0x1A1A,0x1A1A,0x1A1A,0x1A1A,0x1A1A,0x0A1A,0x1A1A,0x1A1A,

	0x1A1A,0x1A1A,0x1A1A,0x1A1A,0x1A1A,0x1A1A,0x1A1A,0x1A1A,
	0x1A1A,0x1A1A,0x1A1A,0x1A1A,0x1A1A,0x1A1A,0x1A1A,0x1A1A,
	0x1A1A,0x1A1A,0x1A1A,0x1A1A,0x1A1A,0x1A1A,0x1A1A,0x1A1A,
	0x1A1A,0x1A1A,0x1A1A,0x1A1A,0x1A1A,0x1A1A,0x1A1A,0x1A1A,
	0x1A1A,0x1A1A,0x1A1A,0x1A1A,0x1A1A,0x1A1A,0x1A1A,0x1A1A,
	0x1A1A,0x1A1A,0x1A1A,0x1A1A,0x1A1A,0x1A1A,0x1A1A,0x1A1A,
	0x1A1A,0x1A1A,0x1A1A,0x1A1A,0x1A1A,0x1A1A,0x1A1A,0x1A1A,
	0x1A1A,0x1A1A,0x1A1A,0x1A1A,0x1A1A,0x1A1A,0x1A1A,0x1A1A,

	0x1A1A,0x1A1A,0x1A1A,0x1A1A,0x1A1A,0x1A1A,0x1A1A,0x1A1A,
	0x1A1A,0x1A1A,0x1A1A,0x1A1A,0x1A1A,0x1A1A,0x1A1A,0x1A1A,
	0x1A1A,0x1A1A,0x1A1A,0x1A1A,0x1A1A,0x1A1A,0x1A1A,0x1A1A,
	0x1A1A,0x1A1A,0x1A1A,0x1A1A,0x1A1A,0x1A1A,0x1A1A,0x0A1A,
	0x1A1A,0x1A1A,0x1A1A,0x1A1A,0x1A1A,0x1A1A,0x1A1A,0x1A1A,
	0x1A1A,0x1A1A,0x1A1A,0x1A1A,0x1A1A,0x1A1A,0x1A1A,0x1A1A,
	0x1A1A,0x1A1A,0x1A1A,0x1A1A,0x1A1A,0x1A1A,0x1A1A,0x1A1A,
	0x1A1A,0x1A1A,0x1A1A,0x1A1A,0x1A1A,0x1A18,0x1A1A,0x1A1A,

	0x1A1A,0x1A1A,0x1A1A,0x1A1A,0x1A1A,0x1A1A,0x1A1A,0x1A1A,
	0x1A1A,0x1A1A,0x1A1A,0x1A1A,0x1A1A,0x1A1A,0x0A0A,0x1A0A,
	0x1A1A,0x1A1A,0x0A0A,0x0A0A,0x1A1A,0x1A1A,0x0A1A,0x0A0A,
	0x1A1A,0x1A1A,0x0A18,0x0A0A,0x1A1A,0x1A1A,0x0A1A,0x0A1A,
	0x1A1A,0x1A1A,0x1A1A,0x0A0A,0x1A1A,0x1A1A,0x0A0A,0x0A0A,
	0x1A1A,0x0A1A,0x0A0A,0x0A0A,0x1A1A,0x1A1A,0x0A0A,0x0A0A,
	0x1A0A,0x0A1A,0x0A0A,0x0A0A,0x1A1A,0x1A1A,0x0A46,0x0A46,
	0x1A1A,0x1A1A,0x460A,0x0A46,0x0A0A,0x460A,0x4618,0x4646,

	0x0A0A,0x0A0A,0x0A0A,0x0A0A,0x0A0A,0x0A0A,0x0A0A,0x0A0A,
	0x1A0A,0x0A0A,0x0A0A,0x0A0A,0x1A1A,0x460A,0x0A0A,0x0A0A,
	0x0A0A,0x0A46,0x0A0A,0x0A0A,0x0A46,0x0A0A,0x0A0A,0x0A0A,
	0x1846,0x0A0A,0x0A0A,0x0A0A,0x4646,0x0A0A,0x0A0A,0x650A,
	0x0A0A,0x0A0A,0x0A0A,0x0A0A,0x0A0A,0x0A0A,0x0A0A,0x3232,
	0x0A0A,0x0A0A,0x0A0A,0x0A32,0x0A0A,0x0A0A,0x0A0A,0x0A0A,
	0x0A0A,0x6565,0x6565,0x0A0A,0x650A,0x6565,0x6565,0x6565,
	0x6565,0x6565,0x6565,0x6565,0x6565,0x6565,0x6565,0x6565,

	0x0A0A,0x0A0A,0x0A0A,0x0A0A,0x3232,0x0A0A,0x0A0A,0x0A0A,
	0x0A32,0x0A32,0x0A18,0x0A0A,0x320A,0x0A0A,0x1818,0x181A,
	0x320A,0x0A0A,0x181A,0x1A0A,0x0A0A,0x0A0A,0x0A0A,0x0A0A,
	0x6565,0x0A0A,0x0A0A,0x0A0A,0x6565,0x6565,0x320A,0x320A,
	0x0A0A,0x0A0A,0x0A0A,0x0A0A,0x0A0A,0x0A0A,0x0A18,0x0A0A,
	0x0A0A,0x0A0A,0x1818,0x3B0A,0x0A18,0x0A0A,0x0A0A,0x1A3B,
	0x0A0A,0x0A0A,0x0A0A,0x0A0A,0x0A0A,0x0A0A,0x0A0A,0x650A,
	0x0A0A,0x0A0A,0x0A0A,0x6565,0x0A0A,0x0A0A,0x650A,0x6565,

	0x0A0A,0x0A0A,0x0A0A,0x0A0A,0x0A0A,0x0A0A,0x0A0A,0x0A0A,
	0x0A0A,0x0A0A,0x0A0A,0x0A0A,0x650A,0x6565,0x0A65,0x0A0A,
	0x6565,0x6565,0x6565,0x0A0A,0x6565,0x6565,0x0A65,0x650A,
	0x6565,0x6565,0x6565,0x0A0A,0x6565,0x6565,0x6565,0x6565,
	0x0A0A,0x0A0A,0x0A0A,0x0A0A,0x0A0A,0x0A0A,0x0A0A,0x0A0A,
	0x0A0A,0x0A0A,0x0A0A,0x0A0A,0x0A0A,0x0A0A,0x0A0A,0x0A0A,
	0x0A0A,0x0A0A,0x0A0A,0x0A0A,0x0A0A,0x0A0A,0x0A0A,0x0A0A,
	0x0A0A,0x0A0A,0x0A0A,0x0A0A,0x0A65,0x0A0A,0x0A0A,0x0A0A,

	0x0A0A,0x0A0A,0x0A0A,0x1A1A,0x0A0A,0x0A0A,0x0A1A,0x1A1A,
	0x0A0A,0x0A0A,0x0A1A,0x1A1A,0x0A0A,0x0A0A,0x0A0A,0x0A0A,
	0x0A0A,0x0A0A,0x1A0A,0x180A,0x0A0A,0x0A0A,0x0A0A,0x1A18,
	0x0A0A,0x0A0A,0x1A0A,0x1A18,0x0A0A,0x0A0A,0x0A0A,0x0A0A,
	0x1A1A,0x1A1A,0x1A1A,0x1A1A,0x1A1A,0x1A0A,0x1A1A,0x1A1A,
	0x1A0A,0x0A0A,0x1A1A,0x1A1A,0x0A0A,0x1A1A,0x1A1A,0x1A1A,
	0x0A0A,0x0A0A,0x1A1A,0x1A1A,0x0A1A,0x1A1A,0x1A1A,0x1A1A,
	0x0A1A,0x1A1A,0x1A1A,0x1A1A,0x1A1A,0x1A1A,0x1A1A,0x1A1A,

	0x1A1A,0x1A1A,0x1A1A,0x1A1A,0x1A1A,0x1A1A,0x1A1A,0x1A1A,
	0x1A1A,0x1A1A,0x1A1A,0x1A1A,0x1A1A,0x1A1A,0x1A1A,0x1A1A,
	0x1A1A,0x1A1A,0x1A1A,0x1A1A,0x1A1A,0x1A1A,0x1A1A,0x1A1A,
	0x1A1A,0x1A1A,0x1A1A,0x1A1A,0x1A1A,0x1A1A,0x1A1A,0x1A1A,
	0x1A1A,0x1A1A,0x1A1A,0x1A1A,0x1A1A,0x1A1A,0x1A1A,0x1A1A,
	0x1A1A,0x1A1A,0x1A1A,0x1A1A,0x1A1A,0x1A1A,0x1A1A,0x1A1A,
	0x951A,0x1A1A,0x1A1A,0x1A1A,0x951A,0x1A1A,0x1A95,0x1A1A,
	0x1919,0x951A,0x1A1A,0x1A1A,0x1A1A,0x1A1A,0x1A1A,0x1A1A,

	0x1A1A,0x1A1A,0x1A1A,0x1A1A,0x1A1A,0x1A1A,0x1A1A,0x1A1A,
	0x1A1A,0x1A1A,0x1A1A,0x1A1A,0x1A1A,0x1A1A,0x1A1A,0x1A1A,
	0x1A1A,0x1A1A,0x1A1A,0x1A1A,0x1A1A,0x1A1A,0x1A0A,0x1A1A,
	0x1A1A,0x1A1A,0x1A0A,0x1A0A,0x1A1A,0x1A1A,0x0A1A,0x1A0A,
	0x1A1A,0x1A1A,0x1A1A,0x1A1A,0x1A1A,0x1A1A,0x1A1A,0x1A1A,
	0x1A1A,0x1A1A,0x1A1A,0x1A1A,0x1A1A,0x1A1A,0x1A1A,0x1A1A,
	0x1A0A,0x1A1A,0x1A1A,0x1A1A,0x1A0A,0x1A1A,0x1A1A,0x1A1A,
	0x1A1A,0x1A1A,0x1A1A,0x1A1A,0x1A1A,0x1A1A,0x1A1A,0x1A1A,

	0x7979,0x7979,0x7979,0x7979,0x4B4B,0x4B4B,0x4B4B,0x4B4B,
	0x4B4B,0x4B4B,0x4B4B,0x4B4B,0x4B4B,0x4B4B,0x4B4B,0x4B4B,
	0x4B4B,0x4B4B,0x4B4B,0x4B4B,0x4B4B,0x4B4B,0x4B4B,0x4B4B,
	0x4B4B,0x4B4B,0x4B4B,0x4B4B,0x4B4B,0x4B4B,0x4B4B,0x4B4B,
	0x1A79,0x0A0A,0x0A0A,0x0A0A,0x1A4B,0x1A1A,0x0A1A,0x0A0A,
	0x1A4B,0x1A1A,0x0A1A,0x0A0A,0x1A4B,0x1A0A,0x180A,0x1A0A,
	0x1A4B,0x180A,0x180A,0x1A1A,0x1A4B,0x1A1A,0x1A0A,0x1A1A,
	0x1A4B,0x1A1A,0x1A0A,0x1A1A,0x1A4B,0x1A1A,0x1A1A,0x1A1A,

	0x0A0A,0x0A0A,0x0A0A,0x0A0A,0x0A0A,0x0A0A,0x0A0A,0x1A1A,
	0x0A1A,0x0A0A,0x0A0A,0x1A1A,0x1A1A,0x1A1A,0x1A0A,0x0A0A,
	0x1A1A,0x1A1A,0x1A0A,0x0A0A,0x1A1A,0x1A1A,0x1A1A,0x1A1A,
	0x1A1A,0x1A1A,0x461A,0x1A1A,0x1A1A,0x1A1A,0x1A1A,0x1A1A,
	0x320A,0x0A0A,0x0A0A,0x0A0A,0x0A0A,0x0A0A,0x460A,0x460A,
	0x0A0A,0x0A0A,0x460A,0x460A,0x1A1A,0x0A0A,0x0A0A,0x4618,
	0x1A1A,0x0A1A,0x0A0A,0x1846,0x1A1A,0x1A1A,0x1A0A,0x1846,
	0x1A1A,0x1A1A,0x0A0A,0x0A46,0x1A1A,0x1A1A,0x1A1A,0x0A0A,

	0x0A0A,0x0A0A,0x0A0A,0x0A0A,0x0A0A,0x0A0A,0x1A0A,0x0A0A,
	0x0A0A,0x460A,0x0A0A,0x1A0A,0x4618,0x4618,0x0A0A,0x0A0A,
	0x4646,0x4646,0x0A0A,0x0A0A,0x460A,0x1A46,0x0A0A,0x0A0A,
	0x460A,0x1A46,0x0A0A,0x0A0A,0x0A0A,0x0A0A,0x0A0A,0x0A0A,
	0x0A0A,0x1A1A,0x1A1A,0x1A1A,0x1A1A,0x1A1A,0x1A1A,0x1A1A,
	0x0A0A,0x1A1A,0x1A1A,0x1A1A,0x1A1A,0x1A1A,0x0A1A,0x1A1A,
	0x0A1A,0x1A1A,0x0A1A,0x0A1A,0x0A0A,0x0A1A,0x0A0A,0x1A0A,
	0x0A0A,0x0A0A,0x0A1A,0x0A1A,0x0A0A,0x1A0A,0x1A1A,0x1A1A,

	0x1A1A,0x1A1A,0x1A1A,0x1A1A,0x1A1A,0x1A1A,0x1A1A,0x1A1A,
	0x1A1A,0x1A1A,0x1A1A,0x1A1A,0x1A1A,0x1A1A,0x1A1A,0x1A1A,
	0x1A1A,0x1A1A,0x1A1A,0x1A1A,0x1A1A,0x1A1A,0x1A1A,0x1A1A,
	0x1A1A,0x1A1A,0x1A1A,0x1A1A,0x1A1A,0x1A1A,0x1A1A,0x1A1A,
	0x1A1A,0x0000,0x0000,0x0000,0x1A1A,0x1A1A,0x0000,0x1A1A,
	0x1A1A,0x1A1A,0x1A1A,0x1A1A,0x1A1A,0x1A1A,0x1A1A,0x1A1A,
	0x1A1A,0x1A1A,0x1A1A,0x1A1A,0x1A1A,0x1A1A,0x1A1A,0x1A1A,
	0x1A1A,0x1A1A,0x1A1A,0x1A1A,0x1A1A,0x1A1A,0x1A1A,0x1A1A,

	0x0000,0x1A1A,0x1A00,0x0000,0x1A1A,0x1A00,0x1A1A,0x0000,
	0x1A1A,0x1A1A,0x1A1A,0x1A1A,0x1A1A,0x1A1A,0x1A1A,0x1A1A,
	0x1A1A,0x1A1A,0x1A1A,0x1A1A,0x1A1A,0x1A1A,0x1A1A,0x1A1A,
	0x1A1A,0x1A1A,0x1A1A,0x0A1A,0x1A1A,0x0A1A,0x0A1A,0x0A0A,
	0x0000,0x0067,0x0000,0x0000,0x0000,0x0067,0x0000,0x0000,
	0x0000,0xB5B5,0x0000,0x0000,0x001A,0xB567,0xAEAE,0x5151,
	0x001A,0x6700,0xAEAE,0xB5B5,0x1A1A,0x1A1A,0x671A,0x6767,
	0x1A1A,0x1A1A,0x1A1A,0x1A1A,0x1A1A,0x1A1A,0x1A1A,0x1A1A,

	0x67B5,0x6700,0x0000,0x4444,0x00B5,0x0000,0x51B5,0x0020,
	0x00B5,0x0000,0x51B5,0x0000,0xB567,0x5151,0xB551,0x6767,
	0xAEB5,0xAE0A,0x5151,0x6767,0x6767,0x0A0A,0x7B20,0xAE00,
	0x441A,0x2044,0x7B20,0xAE1A,0x1A1A,0x7B44,0xB5B5,0x0A67,
	0x51B5,0x0000,0xB500,0x67B5,0x67B5,0xAEAE,0xB5B5,0x8484,
	0x6720,0x20AE,0x5151,0x8484,0x44B5,0x2020,0x4420,0x0000,
	0x4444,0x44B5,0x4451,0x5100,0xB567,0x51B5,0x677B,0xB520,
	0x2067,0x5120,0x7B7B,0x2020,0x67B5,0x5120,0x447B,0x0A44,

	0x0000,0x6767,0x0000,0x0000,0xB551,0x0051,0x001A,0x5151,
	0xB551,0x0000,0x1A1A,0xB5B5,0xAEAE,0x5100,0xAEAE,0x7B67,
	0x67AE,0x6751,0x67AE,0x1A1A,0x67B5,0x2044,0x1A67,0x1A1A,
	0x67B5,0x0AB5,0x1A1A,0x1A1A,0x1A20,0x2044,0x1A1A,0x1A1A,
	0x6751,0x0000,0x0000,0x0F00,0x6767,0x1A00,0x001A,0x3737,
	0x1A00,0x1A1A,0x001A,0x3737,0x1A1A,0x1A1A,0x1A1A,0xB11A,
	0x1A1A,0x1A1A,0x1A1A,0xB11A,0x1A1A,0x1A1A,0x1A1A,0x001A,
	0x1A1A,0x1A1A,0x1A1A,0x0000,0x1A1A,0x1A1A,0x1A1A,0x0000,

	0x0F0F,0x0F0F,0x0F0F,0x0F0F,0x3737,0x3737,0x0F0F,0x0F37,
	0x3737,0x0F0F,0x3737,0x3737,0x3737,0x3737,0x3737,0x3737,
	0x3737,0x3737,0x3737,0x3737,0xB1B1,0x37B1,0x37B1,0xB137,
	0x0000,0xB1B1,0x37B1,0xB1B1,0xB184,0xB100,0xB1B1,0xB1B1,
	0x3737,0xB137,0xB1B1,0x3737,0x3737,0x3737,0xB1B1,0xB1B1,
	0x3737,0xB1B1,0xB137,0xB1B1,0x3737,0x3737,0xB1B1,0x3737,
	0x3737,0xB137,0xB1B1,0x3737,0x3737,0x37B1,0xB1B1,0xB137,
	0x3737,0xB137,0xB137,0x84B1,0xB1B1,0xB1B1,0x37B1,0xB1B1,

	0xB1B1,0xB1B1,0x3737,0x0F0F,0xB137,0x37B1,0x3737,0x3737,
	0xB1B1,0x37B1,0x3737,0x3737,0xB1B1,0x3737,0x0F37,0x0F37,
	0xB184,0x3737,0x0F37,0x0F0F,0x3784,0xB1B1,0xB10F,0x3737,
	0xB184,0xB1B1,0xB1B1,0x3737,0xB1B1,0xB1B1,0xB1B1,0xB1B1,
	0x0F0F,0x0F0F,0x0F0F,0x0F0F,0x3737,0x0F0F,0x0F0F,0x0F0F,
	0x0F0F,0x0F0F,0x0F0F,0x0F0F,0x0F0F,0x0F0F,0x0F0F,0x0F0F,
	0x0F0F,0x0F0F,0x0F0F,0x0F0F,0x0F0F,0x0F0F,0x0F0F,0x0F0F,
	0x370F,0x0F0F,0x0F0F,0x370F,0x3737,0x0F0F,0x0F0F,0x0F0F,

	0x0F0F,0x3737,0x3737,0x3737,0x0F37,0x0F37,0x3737,0xB1B1,
	0x0F0F,0x3737,0x3737,0xB137,0x0F0F,0x0F0F,0x3737,0xB137,
	0x0F0F,0x0F0F,0x3737,0xB1B1,0x3737,0x3737,0xB1B1,0xB1B1,
	0x0F0F,0x3737,0xB1B1,0x37B1,0x37B1,0xB1B1,0x84B1,0xB1B1,
	0x0F0F,0x3737,0x0F37,0x0F0F,0x3737,0x370F,0x3737,0x0F0F,
	0x3737,0x3737,0x3737,0x0F0F,0x3737,0x0F0F,0x0F0F,0x0F0F,
	0x3737,0x0F0F,0x0F0F,0x0F0F,0x0F37,0x3737,0x0F0F,0x0F0F,
	0x3737,0x0F0F,0x0F0F,0x0F0F,0x3737,0x0F37,0x0F0F,0x370F,

	0x0F0F,0x0F0F,0x0F0F,0x370F,0x0F0F,0x0F0F,0x0F0F,0x0F0F,
	0x0F0F,0x0F0F,0x0F0F,0x0F0F,0x0F0F,0x0F0F,0x0F0F,0x0F0F,
	0x0F0F,0x0F0F,0x0F0F,0x0F0F,0x0F0F,0x0F0F,0x0F0F,0x0F0F,
	0x0F0F,0x0F0F,0x0F37,0x840F,0x0F0F,0x0F0F,0x0F0F,0x0F0F,
	0xB1B1,0x84B1,0x8484,0x1010,0x3737,0x8484,0x1084,0x1010,
	0xB10F,0xB1B1,0x0084,0x1010,0xB1B1,0x8484,0x0000,0x1084,
	0x840F,0x8484,0x8484,0x0000,0x8484,0x0084,0x0000,0x45AF,
	0x8484,0x8484,0x0000,0x4500,0x0084,0x0000,0x0000,0x0000,

	0x1010,0x4545,0x4545,0x4545,0x4510,0x451A,0x4545,0x4545,
	0x4545,0x4510,0x0A45,0x0A45,0x1010,0x4545,0x0A0A,0x0A45,
	0x100A,0x4545,0x0A45,0xAF45,0x0A0A,0x450A,0x0A0A,0xAF0A,
	0x0A45,0x0A0A,0x0A0A,0x1A1A,0x1A1A,0x180A,0x1818,0x0A0A,
	0x4545,0x0A45,0x4545,0x4545,0x4545,0x4545,0x450A,0x4545,
	0x4545,0x0A45,0x0A0A,0x450A,0x4545,0x4545,0x0A0A,0x0A0A,
	0x0A45,0x4545,0x0A0A,0x0A0A,0x0A45,0x0A45,0x0A0A,0x0A0A,
	0x0A0A,0x0A0A,0x0A0A,0x0A0A,0x0A0A,0x0A0A,0x0A0A,0x0A0A,

	0x0A45,0x0A45,0x0A0A,0x0A0A,0x4545,0x0A0A,0xC70A,0x0AC7,
	0x4545,0x450A,0xAD0A,0x0A73,0xC50A,0xA6C7,0xA6C7,0xADAD,
	0x730A,0xA6A6,0xADA6,0x0AAD,0x0A0A,0xA60A,0xADAD,0xA7AD,
	0x0A0A,0xA6C7,0xAD0A,0x0AA6,0x0AC7,0x7373,0xADC7,0xA7A6,
	0xA6A6,0xA60A,0x7373,0x0808,0xA60A,0xA6A6,0xA7A6,0xBFBF,
	0xAD0A,0xA6A6,0xA7A7,0xBFBF,0xA6A6,0xA6A6,0x6BA7,0x6B13,
	0x1AA6,0x05A6,0x086B,0x1313,0xA7A6,0x0505,0xBFC2,0xBFBF,
	0xA6AD,0xA705,0xBF6B,0xBFBF,0x73A6,0xA6AD,0xA6A6,0xBF6B,

	0x1A1A,0x1A1A,0x1A1A,0x1A1A,0x1A1A,0x1A1A,0x1A1A,0x1A1A,
	0x1A1A,0x1A1A,0x1A1A,0x1A1A,0x1A1A,0x1A1A,0x1A1A,0x1A1A,
	0x1A1A,0x1A1A,0x1A1A,0x1A1A,0x1A1A,0x1A1A,0x1A1A,0x1A1A,
	0x1A1A,0x1A1A,0x1A1A,0x1A1A,0x1A1A,0x1A1A,0x1A1A,0x1A1A,
	0x1A1A,0x0A1A,0x1A0A,0x320A,0x1A1A,0x1A1A,0x1A1A,0x0A0A,
	0x1A1A,0x1A1A,0x1A0A,0x0A0A,0x1A1A,0x1A1A,0x0A0A,0x0A0A,
	0x1A1A,0x1A3B,0x0A1A,0x0A0A,0x3B1A,0x1A1A,0x0A0A,0x0A0A,
	0x0A0A,0x0A0A,0x0A0A,0x0A0A,0x1A1A,0x0A0A,0x320A,0x0A0A,

	0x0A0A,0x0A0A,0x0A0A,0x0A0A,0x3232,0x0A0A,0x0A0A,0x0A0A,
	0x0A32,0x0A0A,0x0A0A,0x0A0A,0x0A0A,0x0A0A,0x0A0A,0x0A0A,
	0x0A0A,0x0A0A,0x0A0A,0x0A0A,0x0A0A,0x0A0A,0x0A0A,0x0A0A,
	0x0A0A,0x0A0A,0x0A0A,0x0A0A,0x0A0A,0x0A0A,0x0A0A,0x0A0A,
	0x0A0A,0x0A0A,0x0A0A,0x0A0A,0x0A0A,0x0A0A,0x1818,0x0A18,
	0x0A0A,0x0A0A,0x181A,0x0A0A,0x0A0A,0x0A0A,0x0A0A,0x0A0A,
	0x0A0A,0x0A0A,0x0A0A,0x0A0A,0x0A0A,0x0A0A,0x0A0A,0x1818,
	0x0A0A,0x0A0A,0x0A0A,0x0A18,0x0A0A,0x0A0A,0x0A18,0x0A0A,

	0x0A0A,0x0A3B,0x0A0A,0x0A0A,0x0A3B,0x3B3B,0x0A0A,0x0A0A,
	0x3B3B,0x3B1A,0x0A0A,0x0A0A,0x0A0A,0x0A0A,0x3B3B,0x0A0A,
	0x0A0A,0x0A0A,0x3B3B,0x0A0A,0x0A0A,0x0A0A,0x0A0A,0x0A0A,
	0x0A0A,0x0A0A,0x0A0A,0x0A0A,0x0A0A,0x180A,0x0A0A,0x0A0A,
	0x0A0A,0x0A0A,0x0A0A,0x0A0A,0x0A0A,0x0A0A,0x0A0A,0x0A18,
	0x0A0A,0x0A0A,0x3B3B,0x1818,0x0A0A,0x0A0A,0x1A1A,0x0A0A,
	0x0A0A,0x0A0A,0x0A0A,0x0A0A,0x0A0A,0x0A0A,0x0A0A,0x0A0A,
	0x0A0A,0x0A0A,0x0A0A,0x0A0A,0x0A0A,0x0A0A,0x0A0A,0x0A0A,

	0x0A0A,0x0A0A,0x0A0A,0x0A3B,0x0A0A,0x0A0A,0x0A0A,0x1A1A,
	0x0A0A,0x180A,0x0A18,0x0A0A,0x0A0A,0x1A0A,0x0A0A,0x3B3B,
	0x0A0A,0x0A0A,0x0A0A,0x1A1A,0x0A0A,0x0A0A,0x0A0A,0x0A0A,
	0x0A0A,0x180A,0x0A0A,0x3B3B,0x1818,0x1A18,0x3B0A,0x1A1A,
	0x0A0A,0x0A0A,0x0A0A,0x0A0A,0x0A0A,0x0A0A,0x0A0A,0x0A0A,
	0x0A0A,0x0A0A,0x0A0A,0x0A0A,0x0A0A,0x0A0A,0x0A0A,0x0A0A,
	0x0A0A,0x0A0A,0x0A0A,0x0A0A,0x0A0A,0x0A0A,0x0A0A,0x0A0A,
	0x0A0A,0x0A0A,0x0A0A,0x0A0A,0x0A0A,0x0A0A,0x0A0A,0x0A0A,

	0x5454,0x5454,0x5454,0x5454,0x0A58,0x580A,0x5458,0x5454,
	0x0A58,0x0A0A,0x580A,0x0A58,0x0A0A,0x0A0A,0x0A0A,0x5454,
	0x0A0A,0x0A0A,0x0A0A,0x5454,0x0A0A,0x0A0A,0x0A0A,0x5454,
	0x0A0A,0x0A0A,0x0A0A,0x5454,0x0A0A,0x0A0A,0x0A0A,0x5454,
	0x0A58,0x5454,0x5454,0x5454,0x0A0A,0x5858,0x580A,0x4618,
	0x0A0A,0x5454,0x5454,0x460A,0x5454,0x5454,0x5454,0x0A0A,
	0x5454,0x5454,0x5454,0x0A0A,0x5454,0x5454,0x5454,0x0A54,
	0x5454,0x5454,0x5454,0x0A54,0x5454,0x5454,0x5454,0x0A54,

	0x5454,0x5454,0x5854,0x580A,0x5846,0x0A58,0x0A58,0x0A0A,
	0x5846,0x0A0A,0x0A58,0x5454,0x1A46,0x0A0A,0x0A0A,0x5454,
	0x0A0A,0x0A0A,0x0A0A,0x5454,0x0A0A,0x0A0A,0x0A0A,0x5454,
	0x0A0A,0x0A0A,0x0A0A,0x5454,0x0A0A,0x0A0A,0x0A0A,0x5454,
	0x0A0A,0x0A0A,0x0A0A,0x3B3B,0x0A0A,0x540A,0x5454,0x5454,
	0x5454,0x5454,0x5454,0x5454,0x5454,0x5454,0x5454,0x5454,
	0x5454,0x5454,0x5454,0x5454,0x5454,0x5454,0x5454,0x5454,
	0x5454,0x5454,0x5454,0x5454,0x5454,0x5454,0x5454,0x5454,

	0x0A58,0x5454,0x5454,0x5454,0x1854,0x5454,0x5454,0x5454,
	0x1854,0x5454,0x5454,0x5454,0x0A54,0x5454,0x5454,0x5454,
	0x0A54,0x5454,0x5454,0x5454,0x0A54,0x0A54,0x5454,0x5454,
	0x0A54,0x0A58,0x580A,0x580A,0x0A54,0x0A0A,0x0A0A,0x0A0A,
	0x5454,0x5454,0x5454,0x5454,0x5454,0x5454,0x5454,0x5454,
	0x5454,0x0A54,0x5454,0x5454,0x5454,0x0A58,0x580A,0x0A58,
	0x5454,0x0A0A,0x0A0A,0x0A58,0x5454,0x0A0A,0x0A0A,0x0A0A,
	0x580A,0x0A0A,0x0A0A,0x0A0A,0x0A0A,0x0A0A,0x0A0A,0x0A0A,

	0x5454,0x5454,0x540A,0x5454,0x5454,0x5454,0x540A,0x5454,
	0x5454,0x5454,0x9F0A,0x5454,0x580A,0x5858,0x5832,0x0A32,
	0x5454,0x5454,0x5454,0x5454,0x5454,0x5454,0x5454,0x5454,
	0x5454,0x5454,0x5454,0x5454,0x5454,0x5454,0x5454,0x5454,
	0x5454,0x5454,0x5454,0x0A54,0x5454,0x5454,0x5454,0x0A54,
	0x5454,0x5454,0x5454,0x0A54,0x580A,0x0A0A,0x0A0A,0x0A0A,
	0x5854,0x5454,0x5454,0x5454,0x0A54,0x5454,0x5454,0x5454,
	0x0A54,0x5454,0x5454,0x5454,0x0A54,0x5454,0x5454,0x5454,

	0x5454,0x5454,0x5454,0x5454,0x5454,0x5454,0x5454,0x5454,
	0x0A9F,0x9F9F,0x0A9F,0x3B54,0x5454,0x5454,0x0A54,0x1A46,
	0x5454,0x5454,0x0A54,0x0A0A,0x5454,0x5454,0x1A54,0x5454,
	0x5454,0x5454,0x1A54,0x5454,0x5454,0x5454,0x5454,0x5454,
	0x5454,0x1A1A,0x1A58,0x5454,0x5454,0x180A,0x1A1A,0x581A,
	0x540A,0x5454,0x1A18,0x581A,0x543B,0x5454,0x5454,0x1A1A,
	0x5454,0x5454,0x5454,0x1A1A,0x5454,0x5454,0x5454,0x5454,
	0x5454,0x5454,0x5454,0x5454,0x5454,0x5454,0x5454,0x5454,

	0x1A54,0x1A1A,0x1A1A,0x1A1A,0x1A58,0x1A1A,0x1A1A,0x1A1A,
	0x1A58,0x1A1A,0x1A1A,0x1A1A,0x1A1A,0x1A1A,0x1A1A,0x1A1A,
	0x1A1A,0x1A1A,0x1A1A,0x1A0A,0x0A1A,0x1A0A,0x691A,0x0A0A,
	0x0A0A,0x0A0A,0x690A,0x0A69,0x0A58,0x0A0A,0x0A0A,0x0A1A,
	0x1A1A,0x0A1A,0x1A0A,0x1A1A,0x1A1A,0x0A1A,0x0A0A,0x0A0A,
	0x1A1A,0x0A1A,0x0A0A,0x1A0A,0x0A0A,0x0A0A,0x0A0A,0x1A0A,
	0x0A0A,0x1A0A,0x0A0A,0x0A0A,0x1A1A,0x1A0A,0x0A0A,0x0A0A,
	0x0A0A,0x0A0A,0x0A0A,0x0A0A,0x0A0A,0x0A0A,0x0A0A,0x0A0A,

	0x1A1A,0x1A1A,0x1A1A,0x1A1A,0x1A0A,0x0A1A,0x0A1A,0x1A1A,
	0x1A1A,0x1A1A,0x0A0A,0x1A1A,0x0A1A,0x1A0A,0x6969,0x1A0A,
	0x0A1A,0x1A0A,0x1A1A,0x1A0A,0x0A0A,0x0A0A,0x0A1A,0x0A0A,
	0x0A0A,0x0A0A,0x0A1A,0x0A0A,0x0A1A,0x0A0A,0x0A0A,0x0A0A,
	0x1A1A,0x1A1A,0x1A1A,0x1A1A,0x1A1A,0x1A1A,0x1A1A,0x1A1A,
	0x1A1A,0x1A1A,0x1A1A,0x1A1A,0x0A1A,0x1A1A,0x1A1A,0x1A1A,
	0x1A1A,0x1A1A,0x1A1A,0x1A1A,0x1A0A,0x1A1A,0x1A0A,0x1A0A,
	0x1A0A,0x0A1A,0x0A0A,0x0A0A,0x0A0A,0x0A0A,0x0A0A,0x1A0A,

	0x1A1A,0x1A1A,0x1A1A,0x0A1A,0x0A1A,0x0A1A,0x1A1A,0x1A1A,
	0x0A1A,0x1A1A,0x1A1A,0x0A1A,0x0A1A,0x1A1A,0x0A0A,0x0A0A,
	0x1A1A,0x0A1A,0x0A0A,0x0A0A,0x1A0A,0x0A0A,0x0A0A,0x0A0A,
	0x1A0A,0x1A0A,0x0A1A,0x0A0A,0x0A0A,0x1A0A,0x0A0A,0x0A0A,
	0x1A1A,0x1A1A,0x1A1A,0x1A1A,0x1A1A,0x1A1A,0x0A1A,0x1A1A,
	0x1A1A,0x1A0A,0x0A0A,0x1A1A,0x1A0A,0x1A0A,0x1A1A,0x1A1A,
	0x0A0A,0x1A0A,0x1A1A,0x1A0A,0x0A0A,0x0A0A,0x0A0A,0x1A0A,
	0x0A0A,0x0A1A,0x0A1A,0x0A0A,0x0A0A,0x0A0A,0x0A1A,0x0A0A,

	0x1A1A,0x0A1A,0x1A1A,0x181A,0x1A1A,0x1A1A,0x1A1A,0x1A1A,
	0x1A1A,0x1A1A,0x1A1A,0x1A1A,0x1A1A,0x1A1A,0x1A1A,0x0A0A,
	0x1A1A,0x1A1A,0x1A1A,0x0A0A,0x1A1A,0x1A1A,0x1A1A,0x0A1A,
	0x1A1A,0x1A1A,0x1A1A,0x320A,0x1A1A,0x1A1A,0x1A1A,0x1A1A,
	0x0A0A,0x460A,0x461A,0x0A1A,0x1A0A,0x1A0A,0x0A46,0x0A0A,
	0x0A0A,0x1A1A,0x0A1A,0x0A0A,0x0A0A,0x0A0A,0x0A0A,0x0A0A,
	0x0A0A,0x0A0A,0x0A0A,0x0A0A,0x1A1A,0x0A32,0x0A0A,0x0A0A,
	0x1A1A,0x0A0A,0x0A0A,0x0A0A,0x0A0A,0x3232,0x0A0A,0x1818,

	0x4646,0x0A1A,0x0A0A,0x6565,0x0A0A,0x0A0A,0x0A0A,0x6565,
	0x0A0A,0x0A0A,0x0A0A,0x0A65,0x0A0A,0x0A0A,0x0A0A,0x0A0A,
	0x0A0A,0x0A0A,0x0A0A,0x0A0A,0x0A0A,0x0A0A,0x0A0A,0x0A0A,
	0x0A0A,0x0A18,0x0A0A,0x0A0A,0x0A0A,0x1A1A,0x0A0A,0x0A0A,
	0x6565,0x6565,0x6565,0x6565,0x6565,0x6565,0x6565,0x6565,
	0x0A65,0x6565,0x6565,0x6565,0x650A,0x6565,0x6565,0x6565,
	0x580A,0x0A65,0x650A,0x6565,0x0A0A,0x0A0A,0x0A0A,0x6565,
	0x0A0A,0x0A0A,0x0A0A,0x650A,0x0A0A,0x0A0A,0x0A0A,0x0A0A,

	0x6565,0x6565,0x6565,0x3232,0x6565,0x6565,0x6565,0x6565,
	0x6565,0x6565,0x6565,0x6565,0x6565,0x6565,0x6565,0x0A65,
	0x6565,0x6565,0x6565,0x0A65,0x6565,0x6565,0x0A65,0x0A0A,
	0x6565,0x6565,0x0A0A,0x0A0A,0x650A,0x6565,0x0A0A,0x0A0A,
	0x320A,0x0A0A,0x6565,0x6565,0x0A32,0x0A0A,0x6558,0x0A65,
	0x0A65,0x0A0A,0x580A,0x0A65,0x0A0A,0x0A0A,0x0A0A,0x0A0A,
	0x0A0A,0x0A0A,0x0A0A,0x0A0A,0x0A0A,0x0A0A,0x0A0A,0x0A0A,
	0x0A0A,0x0A0A,0x0A0A,0x0A0A,0x0A0A,0x0A0A,0x0A0A,0x0A0A,

	0x6565,0x6565,0x6565,0x6565,0x0A65,0x6565,0x6565,0x6565,
	0x3B0A,0x653B,0x6565,0x6565,0x1A0A,0x651A,0x6565,0x6565,
	0x0A0A,0x0A0A,0x0A65,0x6565,0x0A0A,0x0A0A,0x0A0A,0x650A,
	0x0A0A,0x0A0A,0x0A0A,0x6565,0x0A0A,0x0A0A,0x0A0A,0x0A0A,
	0x0A65,0x0A0A,0x0A0A,0x0A0A,0x6565,0x650A,0x0A0A,0x0A0A,
	0x6565,0x6565,0x6565,0x0A0A,0x6565,0x6565,0x650A,0x0A0A,
	0x6565,0x0A65,0x0A0A,0x0A0A,0x6565,0x0A0A,0x0A0A,0x0A0A,
	0x650A,0x0A65,0x0A0A,0x0A0A,0x580A,0x0A0A,0x0A0A,0x0A0A,

	0x0A0A,0x0A0A,0x0A0A,0x0A0A,0x0A0A,0x0A0A,0x0A0A,0x0A0A,
	0x0A0A,0x0A0A,0x0A0A,0x0A0A,0x0A0A,0x0A0A,0x0A0A,0x0A0A,
	0x0A0A,0x0A0A,0x0A0A,0x3B3B,0x0A0A,0x3B3B,0x3B0A,0x1A1A,
	0x3B0A,0x1A3B,0x0A0A,0x0A0A,0x0A0A,0x0A0A,0x3B3B,0x0A0A,
	0x1A1A,0x1A1A,0x1A1A,0x1A1A,0x0A0A,0x1A1A,0x1A1A,0x1A1A,
	0x1A0A,0x1A1A,0x1A0A,0x1A1A,0x0A0A,0x0A0A,0x1A1A,0x1A1A,
	0x0A0A,0x1A1A,0x1A1A,0x1A1A,0x0A0A,0x1A0A,0x0A0A,0x1A1A,
	0x0A0A,0x0A0A,0x0A0A,0x1A1A,0x1A1A,0x0A0A,0x1A3B,0x180A,

	0x1A1A,0x1A1A,0x1A1A,0x1A1A,0x1A1A,0x1A1A,0x1A1A,0x1A1A,
	0x1A1A,0x1A1A,0x1A1A,0x1A1A,0x1A1A,0x1A1A,0x1A1A,0x951A,
	0x1A1A,0x1A1A,0x1A1A,0x1919,0x1A1A,0x1A1A,0x1A1A,0x1A1A,
	0x1A1A,0x1A1A,0x1A1A,0x1A1A,0x1A1A,0x1A1A,0x1A1A,0x1A1A,
	0x1A1A,0x1A1A,0x1A1A,0x1A1A,0x1A1A,0x1A1A,0x1A1A,0x0D0D,
	0x1A1A,0x1A0D,0x1A1A,0x0D19,0x0D1A,0x1A19,0x1A1A,0x1A1A,
	0x1A1A,0x1A1A,0x1A1A,0x1A1A,0x1A1A,0x9595,0x951A,0x1A1A,
	0x1A1A,0x951A,0x951A,0x1A19,0x1A1A,0x1A1A,0x1A1A,0x1A1A,

	0x1A1A,0x1A1A,0x0A1A,0x1A1A,0x951A,0x1A1A,0x1A1A,0x1A1A,
	0x9595,0x1A1A,0x1A1A,0x1A1A,0x1A1A,0x1A1A,0x1A95,0x9595,
	0x1A1A,0x1A1A,0x9595,0x1995,0x1A1A,0x1A1A,0x1A1A,0x1A1A,
	0x1A1A,0x1A1A,0x1A1A,0x1A1A,0x1A1A,0x1A1A,0x1A1A,0x1A1A,
	0x1A1A,0x1A1A,0x1A1A,0x1A1A,0x1A1A,0x1A1A,0x1A1A,0x1A1A,
	0x1A1A,0x1A1A,0x1A1A,0x1A1A,0x1A1A,0x1A1A,0x1A1A,0x1A1A,
	0x1A1A,0x1A1A,0x1A1A,0x1A1A,0x1A1A,0x1A1A,0x1A1A,0x1A1A,
	0x1A1A,0x1A1A,0x1A1A,0x1A1A,0x1A1A,0x1A1A,0x1A1A,0x1A1A,

	0x4B4B,0x4B4B,0x4B4B,0x4B4B,0x4B4B,0x4B4B,0x4B4B,0x4B4B,
	0x4B4B,0x4B4B,0x4B4B,0x4B4B,0x4B4B,0x4B4B,0x4B4B,0x4B4B,
	0x4B4B,0x4B4B,0x4B4B,0x4B4B,0x4B4B,0x4B4B,0x4B4B,0x4B4B,
	0x4B4B,0x4B4B,0x4B4B,0x4B4B,0x4B4B,0x4B4B,0x4B4B,0x4B4B,
	0x1A4B,0x1A1A,0x1A1A,0x1A1A,0x1A4B,0x1A1A,0x1A1A,0x1A0A,
	0x1A4B,0x1A1A,0x1A1A,0x1A1A,0x1A4B,0x1A1A,0x1A1A,0x1A1A,
	0x1A4B,0x1A1A,0x1A1A,0x1A1A,0x1A4B,0x1A1A,0x1A1A,0x1A1A,
	0x1A4B,0x1A1A,0x1A1A,0x1A1A,0x1A4B,0x1A1A,0x1A1A,0x1A1A,

	0x1A1A,0x1A1A,0x1A1A,0x1A1A,0x1A1A,0x1A1A,0x1A1A,0x1A1A,
	0x1A1A,0x1A1A,0x1A1A,0x1A1A,0x1A1A,0x1A1A,0x1A1A,0x0A18,
	0x1A1A,0x1A1A,0x1A1A,0x0A0A,0x1A1A,0x1A1A,0x1A1A,0x0A1A,
	0x1A1A,0x1A1A,0x1A1A,0x461A,0x1A1A,0x1A1A,0x1A1A,0x1A1A,
	0x461A,0x1A0A,0x1A1A,0x0A0A,0x1846,0x0A0A,0x1A1A,0x0A0A,
	0x0A46,0x0A46,0x1A0A,0x0A0A,0x1A46,0x1A46,0x0A0A,0x0A0A,
	0x0A46,0x1A1A,0x0A1A,0x461A,0x1A0A,0x1A1A,0x460A,0x1A1A,
	0x0A1A,0x1A1A,0x4618,0x0A46,0x1A1A,0x1A1A,0x1A1A,0x0A0A,

	0x0A0A,0x0A0A,0x0A0A,0x0A0A,0x0A0A,0x0A0A,0x0A0A,0x0A0A,
	0x0A0A,0x0A0A,0x0A0A,0x0A0A,0x1A0A,0x0A0A,0x0A0A,0x0A0A,
	0x1A1A,0x0A0A,0x0A0A,0x0A0A,0x0A0A,0x0A0A,0x0A0A,0x0A0A,
	0x0A0A,0x0A0A,0x0A0A,0x0A0A,0x1A1A,0x0A0A,0x0A0A,0x0A0A,
	0x0A0A,0x1A0A,0x1A1A,0x1A1A,0x0A0A,0x0A0A,0x1A1A,0x0A1A,
	0x0A0A,0x0A1A,0x0A1A,0x0A1A,0x1A1A,0x0A0A,0x0A0A,0x1A1A,
	0x1A1A,0x0A0A,0x0A0A,0x1A1A,0x0A0A,0x0A0A,0x0A1A,0x1A0A,
	0x0A0A,0x0A0A,0x0A0A,0x1A0A,0x0A0A,0x0A0A,0x0A0A,0x0A0A,

	0x1A1A,0x1A1A,0x1A1A,0x1A1A,0x1A1A,0x0A1A,0x1A1A,0x1A1A,
	0x1A1A,0x0A0A,0x0A0A,0x1A1A,0x1A1A,0x1A1A,0x1A0A,0x1A1A,
	0x1A1A,0x0A1A,0x0A0A,0x1A1A,0x1A1A,0x1A0A,0x0A0A,0x0A0A,
	0x1A0A,0x0A0A,0x0A0A,0x0A0A,0x0A0A,0x0A0A,0x0A0A,0x0A0A,
	0x1A1A,0x1A1A,0x1A1A,0x1A1A,0x1A1A,0x1A1A,0x0A1A,0x1A1A,
	0x1A1A,0x1A1A,0x1A1A,0x1A1A,0x1A1A,0x1A1A,0x0A0A,0x0A0A,
	0x1A1A,0x1A1A,0x0A0A,0x0A0A,0x1A1A,0x1A1A,0x0A1A,0x1A1A,
	0x0A0A,0x0A1A,0x0A0A,0x1A1A,0x0A0A,0x0A0A,0x0A0A,0x0A0A,

	0x1A1A,0x0A1A,0x0A0A,0x0A0A,0x1A1A,0x0A1A,0x0A0A,0x1A1A,
	0x1A1A,0x1A1A,0x0A0A,0x1A0A,0x1A1A,0x0A0A,0x1A0A,0x450A,
	0x1A1A,0x0A0A,0x0A0A,0x450A,0x0A0A,0x1A1A,0x0A0A,0x1A1A,
	0x0A0A,0x0A0A,0x0A0A,0x450A,0x0A0A,0x0A0A,0x0A0A,0x4545,
	0x1A1A,0x1A1A,0x1A1A,0x1A1A,0x1A1A,0x1A0A,0x1010,0x1010,
	0x1A1A,0x101A,0x1010,0x1010,0x1010,0x1010,0x1010,0x1045,
	0x1010,0x4545,0x1010,0x4510,0x0A0A,0x1045,0x1045,0x4545,
	0x4545,0x4545,0xAF45,0x4545,0xAF45,0x45AF,0x1AAF,0x4545,

	0x1A1A,0x1A1A,0xB5B5,0x0A0A,0x1A10,0x4510,0x7B10,0xB5AE,
	0x1010,0x1010,0x1010,0xAEAE,0x1010,0x1010,0x1010,0x2067,
	0x1010,0x1010,0x1010,0x2044,0x100A,0x1010,0x1010,0x7B10,
	0x100A,0x1010,0x100A,0x1010,0x4545,0x1A45,0x4545,0x4510,
	0x67B5,0x5120,0x7B7B,0x0A44,0x67B5,0x2020,0x1010,0x2010,
	0x67B5,0x2020,0x1010,0x2020,0xB567,0xAEAE,0x1010,0x201A,
	0xB567,0x0AAE,0x10B5,0x101A,0x4444,0x20B5,0x6720,0x1010,
	0x4444,0xB567,0x67B5,0x1010,0x6767,0xAE67,0x7BB5,0x1010,

	0x1A1A,0x201A,0x1A1A,0x1A1A,0x101A,0x2020,0x1A1A,0x1A1A,
	0x1010,0x2010,0x1010,0x1A10,0x1010,0x1010,0x1010,0x1010,
	0x1010,0x1010,0x1010,0x1010,0x1010,0x1010,0x1010,0x1010,
	0x1010,0x1010,0x1A10,0x1010,0x1010,0x1A10,0x1010,0x1010,
	0x1A1A,0x1A1A,0x1A1A,0x8484,0x1A1A,0x1A1A,0x0000,0x8400,
	0x101A,0x1A1A,0x0000,0x8400,0x1010,0x1A10,0x1A1A,0x8400,
	0x1010,0x1010,0x101A,0x8400,0x1010,0x1010,0x1010,0x0000,
	0x1010,0x1010,0x1010,0x0000,0x1010,0x1010,0x1010,0x1010,

	0xB184,0x0000,0xB1B1,0xB1B1,0x8484,0xB184,0xB10F,0x0F0F,
	0x8484,0xB1B1,0x0F0F,0x0F0F,0x8484,0x0F0F,0x0F0F,0x0F37,
	0xB184,0x0F0F,0x0F0F,0x0F37,0x8484,0x0F0F,0x0F0F,0x0F0F,
	0x8484,0x0F0F,0x370F,0x0F0F,0xB100,0xB1B1,0x3737,0x3737,
	0xB1B1,0x3737,0x37B1,0x37B1,0x3737,0x370F,0x3737,0x3737,
	0x0F0F,0x370F,0x0F0F,0x3737,0x3737,0x370F,0x3737,0x3737,
	0x370F,0x370F,0x3737,0x3737,0x0F0F,0x3737,0x0F0F,0x3737,
	0x3737,0x0F0F,0x3737,0x3737,0x3737,0x3737,0x3737,0x3737,

	0x37B1,0xB1B1,0x8484,0x37B1,0x37B1,0x37B1,0xB1B1,0xB1B1,
	0x37B1,0x37B1,0xB1B1,0x8484,0xB137,0x3737,0x3737,0xB184,
	0x3737,0xB1B1,0x37B1,0xB184,0x3737,0x37B1,0xB1B1,0x37B1,
	0x3737,0xB1B1,0xB1B1,0x37B1,0x3737,0x37B1,0xB137,0xB1B1,
	0x3737,0x0F0F,0x0F0F,0x3737,0xB184,0xB1B1,0xB1B1,0xB1B1,
	0xB1B1,0x37B1,0xB1B1,0xB1B1,0xB137,0x3737,0x3737,0x3737,
	0x3737,0x3737,0x3737,0x3737,0x3737,0x3737,0x370F,0x3737,
	0xB1B1,0x3737,0x3737,0x0F37,0x3737,0x3737,0x3737,0x370F,

	0xB1B1,0x84B1,0xB184,0x3737,0xB137,0x8484,0xB1B1,0x37B1,
	0x3737,0xB184,0xB1B1,0x37B1,0xB1B1,0x84B1,0x37B1,0x3737,
	0x37B1,0xB1B1,0x3737,0x37B1,0x3737,0x3737,0xB1B1,0xB1B1,
	0x0F37,0x3737,0xB1B1,0x84B1,0x370F,0x3737,0x84B1,0x37B1,
	0x370F,0x0F37,0x0F0F,0x0F37,0x0F0F,0x0F37,0x0F37,0x0F37,
	0x3737,0x3737,0x3737,0x0F0F,0x3737,0x370F,0x370F,0x0F0F,
	0x3737,0x0F37,0x3737,0x370F,0xB1B1,0x3737,0x3737,0xB1B1,
	0xB1B1,0xB1B1,0xB137,0xB1B1,0xB1B1,0xB137,0xB184,0xB137,

	0x0F0F,0x0F0F,0xB1B1,0x840F,0x0F0F,0x0F0F,0x0F0F,0xB1B1,
	0x0F0F,0x0F0F,0x0F0F,0xB1B1,0x3737,0x0F0F,0xB1B1,0xB1B1,
	0x0F0F,0x0F0F,0xB1B1,0xB1B1,0xB1B1,0xB1B1,0x37B1,0xB1B1,
	0xB1B1,0x37B1,0x37B1,0xB1B1,0x3737,0x3737,0x3737,0x3737,
	0x00B1,0x0000,0x0000,0x1000,0xB1B1,0x0000,0x0000,0x0000,
	0x00B1,0x00B1,0x1A1A,0x1A1A,0xB1B1,0xB1B1,0x1A1A,0x1A1A,
	0xB137,0xB1B1,0x0000,0x1A1A,0x3737,0xB137,0x1A00,0x1A1A,
	0xB137,0x00B1,0x0000,0x1A1A,0x3737,0x1A00,0x1A00,0x1A1A,

	0x1A1A,0x0A0A,0x1A1A,0x0A0A,0x1A1A,0x0A1A,0x0A0A,0x0A0A,
	0x1A1A,0x0A0A,0x6969,0x0A0A,0x1A1A,0x1A1A,0x1A1A,0x0A0A,
	0x0A0A,0x1A1A,0x0A0A,0x0A0A,0x0A1A,0x0A0A,0x0A0A,0x730A,
	0x0A1A,0x0A0A,0x0A73,0xADC7,0x0A0A,0xA773,0xA6A6,0xA6AD,
	0x0A0A,0x0A0A,0x0A0A,0xC70A,0x0A0A,0x0A0A,0x0A0A,0x730A,
	0x0A0A,0xC70A,0x0A0A,0x0A0A,0x0AC7,0xC773,0x0AC7,0x0A0A,
	0xC70A,0x7373,0x0A73,0x0A0A,0xA6AD,0xADAD,0x0505,0x730A,
	0xAD0A,0xA6A6,0xA673,0xA6A7,0xA6A7,0xA605,0x73A7,0x0505,

	0x7373,0xA6A6,0xADAD,0x0505,0x7373,0x0AA6,0xA673,0x0505,
	0x730A,0x0AA6,0xA673,0x0505,0xC70A,0xA6A6,0x7373,0x73A7,
	0xA7C7,0x05A6,0x73A6,0x73A7,0xA6C7,0x0505,0xADAD,0x0808,
	0xA673,0x7305,0xADAD,0x0808,0xAD73,0xC7AD,0xC2C2,0xBFBF,
	0xC705,0xA6A6,0xADA6,0x1313,0xC7AD,0x7373,0xADAD,0xA1A1,
	0xA773,0x7373,0x6BAD,0x1313,0xC273,0x6BC2,0xC36B,0xBFBF,
	0xC2C2,0x0808,0xBFC3,0xBFBF,0x0808,0xBF08,0xBFBF,0xBFBF,
	0xBFBF,0x6B6B,0xBFBF,0x13BF,0x6BBF,0xBFBF,0xBFBF,0xA16B,

	0x1A1A,0x1A1A,0x1A1A,0x1A1A,0x1A1A,0x1A1A,0x1A1A,0x0A1A,
	0x1A1A,0x1A1A,0x1A1A,0x1A1A,0x1A1A,0x1A1A,0x1A1A,0x1A1A,
	0x1A1A,0x1A1A,0x1A1A,0x1A1A,0x1A1A,0x1A1A,0x1A1A,0x1A1A,
	0x1A1A,0x1A1A,0x1A1A,0x1A1A,0x1A1A,0x1A1A,0x1A1A,0x1A1A,
	0x0A1A,0x0A0A,0x320A,0x0A0A,0x0A0A,0x0A1A,0x320A,0x320A,
	0x0A1A,0x0A0A,0x0A32,0x320A,0x1A1A,0x1A0A,0x0A1A,0x320A,
	0x1A1A,0x1A1A,0x1A1A,0x0A0A,0x1A1A,0x1A1A,0x0A0A,0x0A0A,
	0x1A1A,0x1A1A,0x0A0A,0x3B3B,0x1A1A,0x0A0A,0x1A1A,0x1A3B,

	0x0A0A,0x0A0A,0x0A0A,0x0A0A,0x0A0A,0x0A0A,0x0A0A,0x0A0A,
	0x0A0A,0x0A0A,0x0A0A,0x0A0A,0x0A0A,0x0A0A,0x0A0A,0x0A0A,
	0x0A0A,0x0A0A,0x0A0A,0x0A0A,0x0A0A,0x0A0A,0x0A0A,0x0A0A,
	0x0A0A,0x0A0A,0x0A0A,0x0A0A,0x0A0A,0x180A,0x0A0A,0x0A0A,
	0x0A0A,0x0A0A,0x0A0A,0x0A0A,0x0A0A,0x0A0A,0x0A0A,0x0A0A,
	0x0A0A,0x0A0A,0x0A0A,0x0A0A,0x0A0A,0x0A0A,0x0A0A,0x0A0A,
	0x0A0A,0x0A0A,0x0A0A,0x0A0A,0x0A0A,0x0A0A,0x0A0A,0x0A0A,
	0x0A0A,0x0A0A,0x0A0A,0x0A0A,0x0A0A,0x0A0A,0x0A0A,0x0A0A,

	0x3B3B,0x180A,0x3B1A,0x0A3B,0x1A1A,0x0A0A,0x1A3B,0x0A1A,
	0x0A0A,0x0A0A,0x0A0A,0x0A0A,0x0A0A,0x0A0A,0x0A0A,0x0A0A,
	0x0A0A,0x0A0A,0x0A0A,0x0A0A,0x0A0A,0x0A0A,0x0A0A,0x0A0A,
	0x0A0A,0x0A0A,0x0A0A,0x0A0A,0x0A0A,0x0A0A,0x0A0A,0x0A0A,
	0x0A0A,0x0A0A,0x0A0A,0x0A0A,0x0A0A,0x0A0A,0x0A0A,0x0A0A,
	0x0A0A,0x0A0A,0x0A0A,0x0A0A,0x0A0A,0x0A0A,0x0A0A,0x0A0A,
	0x0A0A,0x0A0A,0x0A0A,0x0A0A,0x0A0A,0x0A0A,0x0A0A,0x0A0A,
	0x0A0A,0x0A0A,0x0A0A,0x0A0A,0x0A0A,0x0A0A,0x0A0A,0x0A0A,

	0x181A,0x0A0A,0x0A0A,0x0A0A,0x0A0A,0x0A0A,0x0A0A,0x0A0A,
	0x0A0A,0x0A0A,0x0A0A,0x0A0A,0x0A0A,0x0A0A,0x0A0A,0x0A0A,
	0x0A0A,0x0A0A,0x0A0A,0x0A0A,0x0A0A,0x0A0A,0x0A0A,0x0A0A,
	0x0A0A,0x0A0A,0x0A0A,0x0A0A,0x0A0A,0x0A0A,0x0A0A,0x0A0A,
	0x0A0A,0x0A0A,0x0A0A,0x0A0A,0x0A0A,0x0A0A,0x0A0A,0x0A0A,
	0x0A0A,0x0A0A,0x0A0A,0x0A0A,0x0A0A,0x0A0A,0x0A0A,0x0A0A,
	0x0A0A,0x0A0A,0x0A0A,0x0A0A,0x0A0A,0x0A0A,0x0A0A,0x0A0A,
	0x0A0A,0x0A0A,0x0A0A,0x0A0A,0x0A0A,0x0A0A,0x0A0A,0x0A0A,

	0x0A0A,0x0A0A,0x0A0A,0x5454,0x0A0A,0x0A0A,0x0A0A,0x5858,
	0x0A0A,0x0A0A,0x0A0A,0x5858,0x0A0A,0x0A0A,0x0A0A,0x0A0A,
	0x0A0A,0x0A0A,0x0A0A,0x0A0A,0x0A0A,0x0A0A,0x0A0A,0x0A0A,
	0x0A0A,0x0A0A,0x0A0A,0x0A0A,0x0A0A,0x0A0A,0x0A0A,0x0A0A,
	0x5454,0x5454,0x540A,0x0A54,0x0A58,0x0A58,0x0A0A,0x0A0A,
	0x0A0A,0x0A0A,0x0A0A,0x0A0A,0x0A0A,0x0A0A,0x0A0A,0x0A0A,
	0x0A0A,0x0A0A,0x0A0A,0x0A0A,0x0A0A,0x0A0A,0x0A0A,0x0A0A,
	0x0A0A,0x0A0A,0x0A0A,0x0A0A,0x0A0A,0x0A0A,0x0A0A,0x0A0A,

	0x0A0A,0x0A0A,0x0A0A,0x5454,0x0A0A,0x0A0A,0x0A0A,0x5454,
	0x0A0A,0x0A0A,0x0A0A,0x5454,0x0A0A,0x0A0A,0x0A0A,0x5858,
	0x0A0A,0x0A0A,0x0A0A,0x580A,0x0A0A,0x0A0A,0x0A0A,0x0A0A,
	0x0A0A,0x0A0A,0x0A0A,0x0A0A,0x0A3B,0x0A0A,0x0A0A,0x0A0A,
	0x5454,0x5454,0x5454,0x5454,0x5454,0x5454,0x5454,0x5454,
	0x5454,0x5454,0x5454,0x5454,0x5858,0x5858,0x580A,0x0A58,
	0x0A0A,0x580A,0x0A0A,0x0A0A,0x0A0A,0x0A0A,0x0A0A,0x0A0A,
	0x0A0A,0x0A0A,0x0A0A,0x0A0A,0x0A32,0x0A32,0x0A0A,0x0A0A,

	0x0A54,0x0A0A,0x0A0A,0x0A0A,0x0A54,0x320A,0x0A0A,0x0A0A,
	0x0A54,0x0A0A,0x0A32,0x0A32,0x0A58,0x320A,0x320A,0x320A,
	0x0A0A,0x320A,0x0A0A,0x0A0A,0x0A0A,0x0A0A,0x0A0A,0x0A0A,
	0x0A0A,0x0A0A,0x0A0A,0x0A0A,0x0A0A,0x0A0A,0x0A0A,0x0A0A,
	0x0A0A,0x0A0A,0x0A0A,0x0A0A,0x0A0A,0x0A0A,0x0A0A,0x1818,
	0x0A0A,0x0A0A,0x0A18,0x1A18,0x0A0A,0x0A0A,0x181A,0x0A0A,
	0x0A0A,0x0A0A,0x0A0A,0x0A0A,0x0A0A,0x0A0A,0x0A0A,0x0A0A,
	0x0A0A,0x0A0A,0x0A0A,0x0A0A,0x0A0A,0x0A0A,0x0A0A,0x0A0A,

	0x5454,0x5454,0x5454,0x5454,0x5454,0x5454,0x5454,0x5454,
	0x5454,0x5454,0x5454,0x5454,0x0A58,0x580A,0x0A58,0x0A0A,
	0x0A58,0x580A,0x0A0A,0x0A0A,0x0A0A,0x0A0A,0x0A0A,0x0A0A,
	0x0A0A,0x0A0A,0x0A0A,0x0A0A,0x0A0A,0x0A0A,0x5454,0x5454,
	0x0A54,0x5454,0x5454,0x5454,0x0A54,0x5454,0x5454,0x5454,
	0x0A54,0x5454,0x5454,0x5454,0x0A0A,0x5454,0x5454,0x5454,
	0x0A0A,0x5454,0x5454,0x0A54,0x0A0A,0x5858,0x580A,0x0A0A,
	0x5454,0x5454,0x5454,0x5454,0x5454,0x5454,0x5454,0x5454,

	0x5454,0x5454,0x5854,0x5454,0x5454,0x5454,0x5854,0x0A58,
	0x5454,0x5454,0x0A54,0x0A0A,0x5454,0x540A,0x0A0A,0x0A0A,
	0x540A,0x0A0A,0x0A0A,0x0A0A,0x5858,0x5454,0x5454,0x5454,
	0x5854,0x5454,0x5454,0x5454,0x0A54,0x5454,0x5454,0x5454,
	0x5454,0x5454,0x5454,0x5446,0x5454,0x5454,0x540A,0x4618,
	0x5454,0x5454,0x0A0A,0x4646,0x580A,0x0A0A,0x1A58,0x0A46,
	0x580A,0x0A0A,0x0A58,0x0A0A,0x5454,0x5454,0x0A0A,0x0A0A,
	0x5454,0x5454,0x0A0A,0x0A0A,0x5454,0x5454,0x0A0A,0x0A0A,

	0x1858,0x1A0A,0x0A1A,0x0A0A,0x1A1A,0x0A1A,0x0A0A,0x0A0A,
	0x1A18,0x0A0A,0x0A0A,0x3B3B,0x0A0A,0x0A0A,0x0A0A,0x1A1A,
	0x0A0A,0x0A0A,0x0A0A,0x0A0A,0x0A0A,0x0A0A,0x0A0A,0x0A0A,
	0x0A0A,0x0A0A,0x0A0A,0x0A0A,0x0A0A,0x0A0A,0x1A0A,0x0A18,
	0x0A0A,0x0A0A,0x0A0A,0x1A0A,0x180A,0x0A0A,0x0A0A,0x0A0A,
	0x180A,0x0A1A,0x0A0A,0x0A0A,0x0A0A,0x0A0A,0x0A0A,0x0A0A,
	0x0A0A,0x0A0A,0x0A0A,0x0A0A,0x0A0A,0x0A0A,0x0A0A,0x0A0A,
	0x3B3B,0x0A0A,0x0A0A,0x0A0A,0x1A1A,0x0A0A,0x180A,0x0A0A,

	0x0A1A,0x0A0A,0x0A0A,0x3B0A,0x0A0A,0x0A0A,0x3B0A,0x3B0A,
	0x0A0A,0x0A0A,0x3B0A,0x0A0A,0x0A0A,0x0A0A,0x0A0A,0x0A0A,
	0x0A0A,0x0A0A,0x0A0A,0x0A0A,0x0A0A,0x0A0A,0x0A0A,0x0A0A,
	0x0A0A,0x0A0A,0x0A0A,0x0A0A,0x0A3B,0x0A0A,0x0A0A,0x0A0A,
	0x0A3B,0x0A0A,0x0A0A,0x1A0A,0x0A1A,0x0A0A,0x0A0A,0x0A0A,
	0x0A0A,0x0A0A,0x0A0A,0x0A0A,0x0A0A,0x0A0A,0x0A0A,0x0A0A,
	0x0A0A,0x0A0A,0x0A0A,0x0A0A,0x0A0A,0x0A0A,0x0A0A,0x0A0A,
	0x0A0A,0x0A0A,0x0A0A,0x0A0A,0x0A0A,0x0A0A,0x0A0A,0x0A0A,

	0x0A0A,0x0A0A,0x0A0A,0x0A0A,0x0A0A,0x0A0A,0x0A0A,0x1A3B,
	0x0A0A,0x0A0A,0x0A0A,0x1A1A,0x0A0A,0x0A0A,0x0A0A,0x0A0A,
	0x0A0A,0x0A0A,0x0A0A,0x0A0A,0x0A0A,0x0A0A,0x0A0A,0x0A0A,
	0x0A0A,0x0A0A,0x0A0A,0x0A0A,0x0A0A,0x0A0A,0x0A0A,0x0A0A,
	0x0A0A,0x3B3B,0x0A0A,0x0A0A,0x0A0A,0x1A1A,0x0A0A,0x0A0A,
	0x0A0A,0x0A0A,0x0A0A,0x0A0A,0x0A0A,0x0A0A,0x0A0A,0x0A0A,
	0x0A0A,0x0A0A,0x0A0A,0x0A0A,0x0A0A,0x0A0A,0x0A0A,0x0A0A,
	0x0A0A,0x0A0A,0x0A0A,0x0A0A,0x0A0A,0x0A0A,0x0A0A,0x0A0A,

	0x1A1A,0x1A1A,0x1A1A,0x0A0A,0x0A0A,0x1A0A,0x0A0A,0x0A0A,
	0x0A0A,0x0A0A,0x0A0A,0x0A0A,0x0A0A,0x0A0A,0x0A0A,0x0A0A,
	0x0A0A,0x0A0A,0x0A0A,0x0A0A,0x0A0A,0x0A0A,0x0A0A,0x0A0A,
	0x0A0A,0x0A0A,0x0A0A,0x0A0A,0x0A0A,0x0A0A,0x0A0A,0x0A0A,
	0x0A0A,0x0A32,0x0A0A,0x180A,0x0A0A,0x1A1A,0x0A0A,0x0A0A,
	0x0A0A,0x1A1A,0x0A0A,0x0A0A,0x1A1A,0x0A1A,0x0A0A,0x0A0A,
	0x0A1A,0x0A1A,0x0A0A,0x0A0A,0x0A0A,0x0A0A,0x0A0A,0x0A0A,
	0x0A0A,0x0A0A,0x0A0A,0x0A0A,0x0A0A,0x0A0A,0x0A0A,0x0A0A,

	0x0A18,0x0A0A,0x0A0A,0x0A0A,0x0A0A,0x0A0A,0x0A0A,0x0A0A,
	0x0A0A,0x0A0A,0x0A0A,0x1818,0x0A0A,0x0A0A,0x0A0A,0x1A1A,
	0x0A0A,0x0A0A,0x0A0A,0x0A0A,0x0A0A,0x0A0A,0x0A0A,0x0A0A,
	0x0A0A,0x0A0A,0x0A0A,0x0A0A,0x0A0A,0x0A0A,0x0A0A,0x0A0A,
	0x0A0A,0x0A0A,0x0A0A,0x0A0A,0x180A,0x0A0A,0x0A0A,0x0A0A,
	0x180A,0x0A1A,0x0A0A,0x0A0A,0x0A0A,0x0A0A,0x0A0A,0x0A0A,
	0x0A0A,0x0A0A,0x0A0A,0x0A0A,0x0A0A,0x0A0A,0x0A0A,0x0A0A,
	0x0A0A,0x0A0A,0x0A0A,0x0A0A,0x0A0A,0x0A0A,0x0A0A,0x0A0A,

	0x580A,0x5858,0x0A0A,0x180A,0x0A0A,0x0A0A,0x180A,0x180A,
	0x0A0A,0x0A0A,0x180A,0x0A0A,0x0A0A,0x0A0A,0x0A0A,0x0A0A,
	0x0A0A,0x0A0A,0x0A0A,0x0A0A,0x0A0A,0x0A0A,0x0A0A,0x0A0A,
	0x0A0A,0x540A,0x0A54,0x0A0A,0x0A0A,0x5454,0x5454,0x5454,
	0x0A18,0x0A0A,0x0A0A,0x0A0A,0x0A1A,0x0A0A,0x0A0A,0x0A0A,
	0x0A0A,0x0A0A,0x0A0A,0x0A0A,0x0A0A,0x0A0A,0x0A0A,0x0A0A,
	0x0A0A,0x0A0A,0x0A0A,0x0A0A,0x0A0A,0x0A0A,0x0A0A,0x0A0A,
	0x0A0A,0x0A0A,0x0A0A,0x0A0A,0x0A0A,0x0A0A,0x6969,0x0A0A,

	0x0A0A,0x0A0A,0x0A0A,0x0A0A,0x0A0A,0x0A0A,0x0A0A,0x0A0A,
	0x0A0A,0x0A0A,0x0A0A,0x0A0A,0x0A0A,0x0A0A,0x0A0A,0x0A0A,
	0x0A0A,0x0A0A,0x0A0A,0x0A0A,0x0A0A,0x0A0A,0x0A0A,0x0A0A,
	0x0A0A,0x0A0A,0x0A0A,0x0A0A,0x0A0A,0x0A0A,0x0A0A,0x0A0A,
	0x0A0A,0x0A0A,0x0A0A,0x0A0A,0x0A0A,0x0A0A,0x0A0A,0x0A0A,
	0x0A0A,0x0A0A,0x0A0A,0x0A0A,0x0A0A,0x0A0A,0x0A0A,0x0A0A,
	0x0A0A,0x0A0A,0x0A0A,0x0A0A,0x0A0A,0x0A0A,0x0A0A,0x0A0A,
	0x0A0A,0x0A0A,0x0A0A,0x0A0A,0x0A0A,0x0A0A,0x0A0A,0x0A0A,

	0x0A0A,0x0A0A,0x3B3B,0x0A0A,0x0A0A,0x0A0A,0x0A0A,0x0A0A,
	0x0A0A,0x0A0A,0x0A0A,0x1A1A,0x0A0A,0x0A0A,0x0A0A,0x1A1A,
	0x0A0A,0x0A0A,0x0A0A,0x1A1A,0x0A0A,0x0A0A,0x0A0A,0x1A1A,
	0x0A0A,0x0A0A,0x0A0A,0x1A1A,0x0A0A,0x0A0A,0x0A1A,0x1A1A,
	0x1A1A,0x0A0A,0x3B0A,0x0A0A,0x0A0A,0x0A0A,0x0A0A,0x1A1A,
	0x0A0A,0x1A1A,0x0A0A,0x1A1A,0x1A1A,0x0A0A,0x1A1A,0x1A1A,
	0x0A1A,0x1A1A,0x1A0A,0x1A1A,0x1A1A,0x1A1A,0x1A1A,0x1A1A,
	0x1A1A,0x1A1A,0x1A1A,0x1A1A,0x1A0A,0x0A0A,0x1A1A,0x1A1A,

	0x1A1A,0x1A1A,0x1A1A,0x1A1A,0x1A1A,0x1A1A,0x1A1A,0x1A1A,
	0x1A1A,0x1A1A,0x1A1A,0x1A1A,0x1A1A,0x1A1A,0x1A1A,0x1A1A,
	0x1A1A,0x1A1A,0x1A1A,0x1A1A,0x1A1A,0x1A1A,0x1A1A,0x1A1A,
	0x1A1A,0x1A1A,0x1A1A,0x1A1A,0x1A1A,0x1A1A,0x1A1A,0x1A1A,
	0x1A1A,0x1A1A,0x1A1A,0x1A1A,0x1A0A,0x1A1A,0x1A1A,0x1A1A,
	0x0A1A,0x0A1A,0x1A1A,0x1A1A,0x1A0A,0x1A0A,0x1A0A,0x1A1A,
	0x0A0A,0x1A1A,0x1A1A,0x1A1A,0x1A1A,0x1A1A,0x1A1A,0x1A1A,
	0x1A1A,0x1A1A,0x1A1A,0x1A1A,0x1A1A,0x1A1A,0x1A1A,0x1A1A,

	0x1A1A,0x1A1A,0x1A0A,0x1A1A,0x0A0A,0x0A0A,0x0A1A,0x1A1A,
	0x1A0A,0x1A0A,0x1A0A,0x1A1A,0x1A1A,0x1A1A,0x1A1A,0x1A1A,
	0x1A1A,0x1A1A,0x1A1A,0x1A1A,0x1A1A,0x1A1A,0x1A1A,0x1A1A,
	0x1A1A,0x601A,0x1A1A,0x1A1A,0x1A1A,0x601A,0x1A1A,0x1A1A,
	0x1A1A,0x1A1A,0x1A1A,0x1A1A,0x1A1A,0x1A1A,0x1A1A,0x1A1A,
	0x1A1A,0x1A1A,0x1A1A,0x1A1A,0x1A1A,0x1A1A,0x1A1A,0x1A1A,
	0x1A1A,0x1A1A,0x1A1A,0x1A1A,0x1A1A,0x1A1A,0x1A1A,0x1A1A,
	0x1A1A,0x1A1A,0x1A1A,0x1A1A,0x1A60,0x1A1A,0x1A1A,0x1A1A,

	0x4B4B,0x4B4B,0x4B4B,0x4B4B,0x4B4B,0x4B4B,0x4B4B,0x4B4B,
	0x4B4B,0x4B4B,0x4B4B,0x4B4B,0x4B4B,0x4B4B,0x4B4B,0x4B4B,
	0x4B4B,0x4B4B,0x4B4B,0x4B4B,0x7979,0x7979,0x7979,0x7979,
	0x4B4B,0x4B4B,0x4B4B,0x4B4B,0x4B4B,0x4B4B,0x4B4B,0x4B4B,
	0x1A4B,0x1A1A,0x1A1A,0x1A1A,0x1A4B,0x1A1A,0x1A1A,0x1A1A,
	0x1A4B,0x1A1A,0x1A1A,0x1A1A,0x1A4B,0x1A1A,0x1A1A,0x1A1A,
	0x1A4B,0x1A1A,0x1A1A,0x1A1A,0x1A79,0x1A1A,0x1A1A,0x1A1A,
	0x1A4B,0x1A1A,0x1A1A,0x1A1A,0x1A4B,0x1A1A,0x1A1A,0x1A1A,

	0x1A1A,0x1A1A,0x1A1A,0x1A1A,0x1A1A,0x1A1A,0x1A1A,0x1A1A,
	0x1A1A,0x1A1A,0x1A1A,0x1A1A,0x1A1A,0x1A1A,0x1A1A,0x1A1A,
	0x1A1A,0x1A1A,0x1A1A,0x1A1A,0x1A1A,0x1A1A,0x1A1A,0x1A1A,
	0x1A1A,0x1A1A,0x1A1A,0x1A1A,0x1A1A,0x1A1A,0x1A1A,0x1A1A,
	0x1A1A,0x1A1A,0x1A1A,0x1A1A,0x1A1A,0x1A1A,0x1A1A,0x0A0A,
	0x1A1A,0x1A1A,0x1A1A,0x0A0A,0x1A1A,0x1A1A,0x1A1A,0x0A1A,
	0x1A1A,0x1A1A,0x1A1A,0x0A0A,0x1A1A,0x1A1A,0x1A1A,0x0A1A,
	0x1A1A,0x1A1A,0x1A1A,0x0A1A,0x1A1A,0x1A1A,0x0A1A,0x180A,

	0x1A1A,0x0A0A,0x0A0A,0x0A0A,0x0A0A,0x0A0A,0x0A0A,0x0A0A,
	0x0A0A,0x0A0A,0x0A0A,0x1818,0x0A0A,0x0A0A,0x0A0A,0x1A1A,
	0x0A0A,0x0A0A,0x0A0A,0x0A0A,0x0A0A,0x0A0A,0x0A0A,0x0A0A,
	0x0A0A,0x0A0A,0x0A0A,0x0A0A,0x0A0A,0x0A0A,0x0A0A,0x320A,
	0x0A0A,0x0A0A,0x0A0A,0x0A0A,0x180A,0x0A0A,0x1A1A,0x0A0A,
	0x180A,0x0A1A,0x0A0A,0x0A0A,0x0A0A,0x0A0A,0x0A0A,0x0A0A,
	0x0A0A,0x0A0A,0x0A0A,0x0A0A,0x0A0A,0x0A0A,0x0A0A,0x0A0A,
	0x0A0A,0x0A0A,0x3232,0x3232,0x0A0A,0x0A0A,0x0A0A,0x0A0A,

	0x0A0A,0x0A0A,0x0A1A,0x180A,0x0A0A,0x1A1A,0x180A,0x1A1A,
	0x0A0A,0x1A0A,0x180A,0x1A1A,0x0A0A,0x0A0A,0x0A0A,0x0A0A,
	0x0A0A,0x0A0A,0x0A0A,0x0A0A,0x0A0A,0x0A0A,0x0A0A,0x0A0A,
	0x0A0A,0x0A0A,0x0A0A,0x0A0A,0x0A0A,0x0A0A,0x0A0A,0x0A0A,
	0x0A18,0x0A0A,0x0A0A,0x0A0A,0x0A1A,0x0A0A,0x0A0A,0x0A0A,
	0x0A0A,0x0A0A,0x0A0A,0x0A0A,0x0A0A,0x0A0A,0x0A0A,0x0A0A,
	0x0A0A,0x0A0A,0x0A0A,0x0A0A,0x0A0A,0x0A0A,0x0A0A,0x0A0A,
	0x0A0A,0x0A0A,0x0A0A,0x0A0A,0x0A0A,0x0A0A,0x0A0A,0x0A0A,

	0x0A0A,0x0A0A,0x0A0A,0x4545,0x0A0A,0x450A,0x450A,0x4545,
	0x0A0A,0x450A,0x4545,0x4545,0x0A0A,0x0A0A,0x4545,0x4545,
	0x0A0A,0x0A0A,0x450A,0x4545,0x0A0A,0x0A0A,0x0A46,0x0A0A,
	0x0A0A,0x0A0A,0x460A,0x4545,0x0A0A,0x0A0A,0x450A,0x45AF,
	0x4545,0x10AF,0x0A45,0x4545,0x4545,0x4545,0x4545,0x4545,
	0x4545,0x4545,0x4545,0x4545,0x4545,0x4545,0x4545,0x4545,
	0x4545,0x4545,0x4545,0x4545,0x45BB,0x4545,0x4545,0x4545,
	0x4545,0x45BB,0x4545,0x4545,0xBBAF,0x4545,0x4545,0x4545,

	0x4545,0x1A45,0x45AF,0x4545,0x4545,0x4545,0x10AF,0x1010,
	0x9C45,0x4545,0x1010,0x1010,0x1045,0x4510,0x1010,0x0A0A,
	0x4545,0x4545,0x0A0A,0x0A0A,0x4545,0x4545,0x0AB5,0x671A,
	0x0A45,0x4545,0x0A44,0x1010,0x4545,0x4545,0x1010,0xAEAE,
	0xB5B5,0xAEB5,0x7BB5,0x1010,0xB5AE,0xAEB5,0x0A0A,0x677B,
	0x67AE,0xAEAE,0xAE0A,0x1067,0xAE67,0xB50A,0xAEAE,0x0AAE,
	0x0A67,0xB50A,0x1A67,0xAEAE,0x20B5,0x67B5,0x1010,0x1A10,
	0xAEAE,0x1067,0x1010,0x1010,0x10B5,0x1010,0x1045,0x1010,

	0x1010,0x1A10,0x1010,0x1010,0x1010,0x1010,0x1010,0x1010,
	0x1010,0x1010,0x1010,0x1010,0x0A10,0x1010,0x1010,0x1010,
	0x0A0A,0x1010,0x1010,0x1010,0x0A0A,0x1010,0x1010,0x1010,
	0x0A0A,0x1010,0x109D,0x1010,0x1010,0x109D,0x9D10,0x1010,
	0x1010,0x1010,0x1010,0x1010,0x1010,0x1010,0x1010,0x001A,
	0x1010,0x1010,0x1010,0x0010,0x1010,0x1010,0x1010,0x0000,
	0x1010,0x1010,0x1010,0x0000,0x1010,0x1010,0x1A10,0x0000,
	0x1010,0x1010,0x1A10,0x0000,0x1010,0x1010,0x109D,0x101A,

	0x0010,0x3784,0x3737,0x3737,0x841A,0x84B1,0x3784,0xB1B1,
	0x8400,0xB1B1,0x3784,0xB1B1,0x8484,0x8484,0xB184,0x3737,
	0x8484,0x8400,0xB1B1,0xB137,0x0000,0x8484,0xB1B1,0xB1B1,
	0x0000,0x8484,0xB1B1,0xB1B1,0x001A,0x0000,0x0084,0x8484,
	0x3737,0x3737,0x3737,0x3737,0x0F37,0x3737,0x3737,0x3737,
	0x0F37,0x3737,0xB137,0x3737,0x3737,0xB137,0x3737,0xB137,
	0x3737,0xB137,0xB137,0xB137,0xB1B1,0x37B1,0xB1B1,0xB1B1,
	0x3737,0x3737,0x37B1,0xB1B1,0xB1B1,0xB1B1,0xB1B1,0xB137,

	0x37B1,0x37B1,0xB137,0xB1B1,0xB137,0x3737,0xB1B1,0xB1B1,
	0x37B1,0xB1B1,0xB137,0xB1B1,0xB1B1,0xB1B1,0xB1B1,0xB1B1,
	0x3737,0xB1B1,0xB1B1,0xB1B1,0xB137,0xB1B1,0x8484,0xB184,
	0x84B1,0x8484,0x8484,0xB184,0xB1B1,0x8484,0x8484,0x8484,
	0x3737,0x3737,0x3737,0x3737,0x37B1,0xB137,0x3737,0x3737,
	0x37B1,0xB137,0x3737,0x37B1,0xB137,0x3737,0x3737,0xB137,
	0xB1B1,0x3737,0x37B1,0x3737,0x37B1,0x3737,0x3737,0x37B1,
	0x37B1,0x3737,0x3737,0x37B1,0x84B1,0x8400,0xB184,0xB1B1,

	0x370F,0x3737,0x84B1,0xB1B1,0x3737,0xB137,0xB1B1,0x3737,
	0x3737,0x37B1,0xB1B1,0x37B1,0xB137,0x37B1,0x3737,0xB137,
	0xB137,0x37B1,0x3737,0xB137,0x37B1,0xB1B1,0x3737,0x3737,
	0xB1B1,0x3737,0x3737,0x3737,0xB1B1,0x37B1,0x3737,0x3737,
	0xB1B1,0xB1B1,0xB184,0x3737,0x3737,0xB137,0x3737,0xB184,
	0x3737,0x3737,0x3737,0x84B1,0x37B1,0x3737,0x3737,0xB1B1,
	0x3737,0x3737,0x3737,0xB1B1,0x3737,0x3737,0x3737,0x3737,
	0x3737,0x3737,0x3737,0xB1B1,0x0F0F,0x3737,0xB1B1,0xB137,

	0x3737,0x3737,0x3737,0x3737,0xB1B1,0xB1B1,0x3737,0x3737,
	0xB184,0x3737,0x3737,0x3737,0xB1B1,0x3737,0xB137,0x3737,
	0xB1B1,0x3737,0x37B1,0x3737,0xB137,0xB1B1,0xB1B1,0x8400,
	0xB137,0xB1B1,0xB1B1,0x0084,0x8484,0x8484,0x8400,0x0084,
	0xB137,0x1A00,0x1A1A,0x1A1A,0x3737,0x1A37,0x1A1A,0x731A,
	0x3737,0x1A37,0x1A1A,0x0A1A,0x3737,0x1A84,0x1A1A,0x1A1A,
	0x8484,0x8484,0x1A1A,0x1A1A,0x0000,0x1A00,0x1A1A,0x1A1A,
	0x0000,0x0000,0x1A1A,0x1A1A,0x0084,0x0000,0x1A1A,0x1A1A,

	0x180A,0xA618,0xA6A6,0xA6A6,0x1A0A,0x0A0A,0xA673,0x050A,
	0x1A0A,0xC70A,0xA6A6,0x050A,0x73A6,0xADC7,0x7373,0xADAD,
	0x1A1A,0xA6A6,0x73AD,0xADAD,0x1A1A,0x0A0A,0xA6C7,0xAD73,
	0x1A1A,0x0A0A,0xA6C7,0xADA6,0xC70A,0xADAD,0xA6AD,0xA6A6,
	0xA6A6,0x05AD,0xA7A7,0x0505,0x0505,0xADAD,0xA7C7,0xADAD,
	0x7305,0xADAD,0xA7C7,0xADAD,0x7373,0x6B55,0x6B6B,0x6B6B,
	0x6B73,0xC3C3,0xC3BF,0xC3C3,0x1313,0x1313,0x1313,0x1313,
	0x1313,0x1313,0x1313,0x1313,0xBFBF,0xBFBF,0x6BBF,0xA16B,

	0xADC7,0xC7AD,0xC3C2,0x6BBF,0xADC7,0x6BAD,0x6B08,0x136B,
	0x6B73,0x6B6B,0x6B8F,0xA16B,0xC36B,0x0808,0xBFBF,0xBFBF,
	0x6B08,0xA16B,0xBFBF,0xBFBF,0x1313,0x136B,0x1313,0xBFBF,
	0x6B13,0x1313,0xBFBF,0xBFBF,0xBF6B,0xBFBF,0x1313,0x6B6B,
	0x136B,0x1313,0x1313,0xA113,0x1313,0x1313,0xBFBF,0xBFBF,
	0x13A1,0x1313,0x1313,0xBFBF,0xBFBF,0xBF13,0xBFBF,0x6BBF,
	0xBFBF,0xBF6B,0xBFBF,0x6B6B,0xBFBF,0xBFBF,0x1313,0x1313,
	0xBFBF,0xBFBF,0x13BF,0x1313,0x1313,0x6B13,0xBF6B,0xBFBF,

	0x1A1A,0x1A1A,0x1A1A,0x1A1A,0x1A1A,0x1A1A,0x1A1A,0x0A0A,
	0x1A1A,0x1A1A,0x1A1A,0x0A1A,0x1A1A,0x1A1A,0x1A1A,0x0A0A,
	0x1A1A,0x1A1A,0x1A1A,0x3B0A,0x1A1A,0x1A1A,0x1A1A,0x1A1A,
	0x1A1A,0x1A1A,0x1A1A,0x1A1A,0x1A1A,0x1A1A,0x1A1A,0x1A1A,
	0x1A1A,0x0A1A,0x3B1A,0x0A0A,0x0A1A,0x1A1A,0x0A0A,0x0A0A,
	0x0A1A,0x0A1A,0x0A0A,0x0A0A,0x0A0A,0x0A0A,0x0A0A,0x0A0A,
	0x0A0A,0x1A0A,0x0A0A,0x0A0A,0x1A1A,0x1A0A,0x0A1A,0x1818,
	0x1A1A,0x1A1A,0x0A0A,0x181A,0x1A1A,0x1A1A,0x1A1A,0x0A0A,

	0x0A0A,0x180A,0x0A1A,0x0A0A,0x0A0A,0x0A0A,0x0A0A,0x0A0A,
	0x0A0A,0x0A0A,0x0A0A,0x0A0A,0x1818,0x0A0A,0x0A0A,0x0A0A,
	0x1818,0x0A0A,0x0A0A,0x0A0A,0x0A0A,0x0A0A,0x0A0A,0x0A0A,
	0x0A0A,0x0A0A,0x0A0A,0x0A0A,0x0A0A,0x0A3B,0x0A0A,0x0A0A,
	0x0A0A,0x0A0A,0x0A0A,0x0A0A,0x0A0A,0x180A,0x0A0A,0x320A,
	0x0A0A,0x180A,0x0A0A,0x3232,0x0A0A,0x1A18,0x0A0A,0x0A0A,
	0x1A0A,0x0A18,0x0A0A,0x0A0A,0x0A0A,0x0A0A,0x0A0A,0x0A0A,
	0x0A0A,0x0A0A,0x0A0A,0x0A0A,0x0A0A,0x0A0A,0x0A0A,0x0A0A,

	0x0A0A,0x0A0A,0x0A0A,0x0A0A,0x320A,0x0A0A,0x0A0A,0x0A0A,
	0x3232,0x320A,0x0A0A,0x0A0A,0x0A0A,0x0A32,0x0A0A,0x0A0A,
	0x0A0A,0x0A0A,0x180A,0x0A18,0x0A0A,0x0A0A,0x1A18,0x0A1A,
	0x0A0A,0x0A0A,0x0A0A,0x0A0A,0x0A46,0x0A0A,0x0A0A,0x0A0A,
	0x0A0A,0x0A0A,0x0A0A,0x0A0A,0x0A0A,0x0A0A,0x0A0A,0x0A0A,
	0x0A0A,0x0A0A,0x0A0A,0x0A0A,0x0A0A,0x0A0A,0x0A0A,0x0A0A,
	0x0A0A,0x0A0A,0x0A0A,0x0A0A,0x0A0A,0x0A0A,0x0A0A,0x0A0A,
	0x0A0A,0x0A0A,0x0A0A,0x0A0A,0x0A0A,0x0A0A,0x0A0A,0x0A0A,

	0x0A0A,0x0A0A,0x0A18,0x0A0A,0x0A0A,0x0A0A,0x181A,0x180A,
	0x0A0A,0x1818,0x0A0A,0x1A0A,0x0A0A,0x1A1A,0x180A,0x0A0A,
	0x0A0A,0x0A0A,0x180A,0x0A0A,0x0A0A,0x0A0A,0x0A0A,0x0A0A,
	0x0A0A,0x0A0A,0x0A0A,0x0A0A,0x0A0A,0x0A0A,0x0A0A,0x0A0A,
	0x0A0A,0x0A0A,0x0A0A,0x0A0A,0x0A18,0x0A0A,0x0A0A,0x0A0A,
	0x1818,0x0A0A,0x0A0A,0x0A0A,0x0A0A,0x0A0A,0x0A0A,0x0A0A,
	0x0A0A,0x0A0A,0x690A,0x0A0A,0x0A0A,0x0A0A,0x1A69,0x0A0A,
	0x0A0A,0x0A0A,0x0A69,0x0A0A,0x0A0A,0x0A0A,0x0A0A,0x0A0A,

	0x0A0A,0x0A0A,0x0A0A,0x0A0A,0x0A0A,0x0A0A,0x0A0A,0x0A0A,
	0x0A0A,0x0A0A,0x0A0A,0x0A0A,0x0A0A,0x0A0A,0x0A0A,0x0A0A,
	0x0A0A,0x0A0A,0x690A,0x0A0A,0x0A0A,0x0A0A,0x1A69,0x0A69,
	0x0A0A,0x0A0A,0x0A69,0x0A1A,0x0A0A,0x0A0A,0x0A0A,0x0A0A,
	0x0A0A,0x0A0A,0x0A0A,0x0A0A,0x0A0A,0x0A0A,0x0A0A,0x0A0A,
	0x0A0A,0x0A0A,0x0A0A,0x0A0A,0x0A0A,0x0A0A,0x0A0A,0x0A0A,
	0x0A0A,0x0A0A,0x0A0A,0x0A0A,0x0A0A,0x0A0A,0x0A0A,0x3B0A,
	0x0A0A,0x0A0A,0x0A0A,0x1A1A,0x0A0A,0x0A0A,0x0A0A,0x0A0A,

	0x3B3B,0x0A0A,0x0A0A,0x0A32,0x1A1A,0x0A0A,0x0A0A,0x320A,
	0x0A0A,0x0A0A,0x0A0A,0x0A0A,0x0A0A,0x0A18,0x0A0A,0x0A0A,
	0x180A,0x0A0A,0x0A0A,0x0A0A,0x0A0A,0x0A0A,0x0A0A,0x0A0A,
	0x0A0A,0x0A0A,0x0A0A,0x0A0A,0x1A0A,0x3B3B,0x0A0A,0x0A0A,
	0x3232,0x3232,0x0A0A,0x0A0A,0x0A0A,0x0A0A,0x0A0A,0x0A32,
	0x0A0A,0x0A0A,0x0A0A,0x0A0A,0x0A0A,0x0A0A,0x0A0A,0x0A0A,
	0x0A0A,0x0A18,0x0A0A,0x0A0A,0x0A0A,0x0A0A,0x0A18,0x0A0A,
	0x0A0A,0x0A0A,0x1A1A,0x0A0A,0x0A0A,0x0A0A,0x0A0A,0x0A0A,

	0x0A0A,0x0A0A,0x0A0A,0x0A0A,0x0A32,0x0A32,0x0A0A,0x0A0A,
	0x0A0A,0x0A0A,0x0A0A,0x0A0A,0x320A,0x0A0A,0x0A0A,0x0A0A,
	0x0A0A,0x0A0A,0x0A0A,0x0A0A,0x320A,0x320A,0x0A0A,0x0A0A,
	0x3232,0x3232,0x320A,0x0A0A,0x0A0A,0x0A0A,0x0A32,0x0A0A,
	0x0A0A,0x0A0A,0x0A0A,0x0A0A,0x0A0A,0x0A0A,0x0A0A,0x0A0A,
	0x0A0A,0x0A0A,0x0A0A,0x0A0A,0x0A0A,0x0A0A,0x0A0A,0x0A0A,
	0x0A0A,0x0A0A,0x0A32,0x0A0A,0x0A0A,0x0A0A,0x0A0A,0x0A32,
	0x0A0A,0x0A0A,0x0A32,0x0A32,0x0A0A,0x0A0A,0x320A,0x0A0A,

	0x0A0A,0x0A0A,0x5454,0x5454,0x0A0A,0x540A,0x5454,0x5454,
	0x0A18,0x5418,0x5454,0x5454,0x181A,0x540A,0x5454,0x5454,
	0x0A0A,0x540A,0x5454,0x5454,0x0A32,0x0A0A,0x0A54,0x5446,
	0x0A32,0x0A0A,0x1A58,0x5846,0x0A0A,0x0A0A,0x0A0A,0x540A,
	0x5454,0x5454,0x5454,0x5454,0x5454,0x5454,0x5454,0x5454,
	0x5454,0x5454,0x5454,0x5454,0x5454,0x5454,0x5454,0x5454,
	0x5454,0x5454,0x5454,0x5454,0x4654,0x5854,0x0A58,0x580A,
	0x1858,0x5846,0x0A58,0x0A0A,0x5454,0x5454,0x5454,0x0A54,

	0x0A54,0x5454,0x5454,0x5454,0x0A54,0x5454,0x5454,0x5454,
	0x0A54,0x5454,0x5454,0x5454,0x0A54,0x5454,0x5454,0x5454,
	0x0A54,0x5454,0x5454,0x0A54,0x1858,0x0A58,0x0A58,0x1858,
	0x1A1A,0x0A18,0x0A0A,0x0A18,0x5454,0x5454,0x5454,0x5454,
	0x5454,0x5454,0x0A0A,0x0A0A,0x5454,0x5454,0x3232,0x0A0A,
	0x5454,0x5454,0x540A,0x5454,0x5454,0x5454,0x540A,0x5454,
	0x0A54,0x540A,0x540A,0x5454,0x0A58,0x580A,0x540A,0x5454,
	0x0A0A,0x320A,0x540A,0x5454,0x5454,0x5454,0x540A,0x5454,

	0x0A0A,0x0A0A,0x0A0A,0x0A0A,0x0A0A,0x0A0A,0x0A0A,0x0A0A,
	0x5454,0x5454,0x0A54,0x0A0A,0x5454,0x5454,0x0A54,0x0A0A,
	0x5454,0x5454,0x0A54,0x0A0A,0x5454,0x5454,0x0A54,0x0A0A,
	0x5454,0x5454,0x0A54,0x0A0A,0x5454,0x5454,0x0A54,0x0A0A,
	0x0A0A,0x0A0A,0x1A1A,0x3B0A,0x3B3B,0x0A0A,0x0A0A,0x0A0A,
	0x3B0A,0x0A0A,0x0A0A,0x0A0A,0x0A0A,0x3B0A,0x0A0A,0x0A0A,
	0x0A0A,0x3B0A,0x0A1A,0x0A0A,0x0A0A,0x0A0A,0x180A,0x3B3B,
	0x0A0A,0x0A0A,0x0A0A,0x1A3B,0x0A0A,0x0A0A,0x0A0A,0x0A0A,

	0x0A0A,0x0A0A,0x0A0A,0x0A0A,0x0A0A,0x0A0A,0x0A0A,0x0A0A,
	0x0A0A,0x0A0A,0x0A0A,0x0A0A,0x0A0A,0x0A0A,0x0A0A,0x0A0A,
	0x0A0A,0x0A0A,0x0A0A,0x0A0A,0x0A0A,0x0A0A,0x0A0A,0x0A0A,
	0x0A0A,0x0A0A,0x0A0A,0x0A0A,0x0A0A,0x690A,0x0A0A,0x0A0A,
	0x0A0A,0x0A0A,0x0A0A,0x0A0A,0x0A0A,0x0A0A,0x0A0A,0x0A0A,
	0x0A0A,0x0A0A,0x0A0A,0x0A0A,0x0A0A,0x0A0A,0x0A0A,0x0A0A,
	0x0A0A,0x0A0A,0x320A,0x0A0A,0x0A0A,0x0A0A,0x320A,0x0A0A,
	0x0A0A,0x0A0A,0x320A,0x320A,0x0A0A,0x0A0A,0x0A32,0x320A,

	0x0A0A,0x0A0A,0x0A0A,0x0A0A,0x0A0A,0x0A0A,0x0A0A,0x0A0A,
	0x0A18,0x0A18,0x0A0A,0x0A0A,0x181A,0x0A0A,0x0A0A,0x0A0A,
	0x0A0A,0x0A0A,0x0A0A,0x0A0A,0x0A0A,0x0A0A,0x0A0A,0x0A0A,
	0x0A0A,0x0A0A,0x0A0A,0x0A0A,0x0A0A,0x0A0A,0x0A0A,0x0A0A,
	0x0A0A,0x0A0A,0x0A0A,0x0A0A,0x0A0A,0x0A0A,0x0A0A,0x0A0A,
	0x0A0A,0x0A0A,0x0A0A,0x0A0A,0x0A0A,0x0A0A,0x0A0A,0x0A0A,
	0x0A0A,0x0A0A,0x0A0A,0x0A0A,0x0A0A,0x0A0A,0x320A,0x0A0A,
	0x0A0A,0x0A32,0x0A32,0x0A0A,0x320A,0x320A,0x320A,0x0A0A,

	0x0A0A,0x0A0A,0x0A0A,0x5454,0x0A0A,0x0A0A,0x0A0A,0x5454,
	0x0A0A,0x0A0A,0x0A0A,0x5454,0x0A0A,0x0A0A,0x0A0A,0x5454,
	0x0A0A,0x0A0A,0x0A0A,0x5454,0x0A0A,0x0A0A,0x0A0A,0x5454,
	0x0A0A,0x0A0A,0x0A0A,0x5454,0x0A0A,0x0A0A,0x0A0A,0x5454,
	0x5454,0x0A0A,0x0A0A,0x0A0A,0x5454,0x5454,0x5454,0x5454,
	0x5454,0x5454,0x5454,0x5454,0x5454,0x5454,0x5454,0x5454,
	0x5454,0x5454,0x5454,0x5454,0x5454,0x5454,0x5454,0x5454,
	0x5454,0x5454,0x5454,0x5454,0x5454,0x5454,0x5454,0x5454,

	0x0A0A,0x0A0A,0x0A0A,0x0A0A,0x0A0A,0x0A0A,0x0A0A,0x5454,
	0x0A0A,0x0A0A,0x0A0A,0x5454,0x180A,0x0A0A,0x0A0A,0x5454,
	0x180A,0x0A1A,0x0A0A,0x5454,0x0A0A,0x0A0A,0x0A0A,0x5454,
	0x180A,0x0A18,0x0A0A,0x5454,0x0A0A,0x0A1A,0x0A0A,0x5454,
	0x0A0A,0x0A0A,0x0A0A,0x0A0A,0x5454,0x5454,0x5454,0x0A54,
	0x5454,0x5454,0x5454,0x0A54,0x5454,0x5454,0x5454,0x0A54,
	0x5454,0x5454,0x5454,0x0A54,0x5454,0x5454,0x5454,0x5454,
	0x5454,0x5454,0x5454,0x5454,0x5454,0x5454,0x5454,0x5454,

	0x0A0A,0x5454,0x5454,0x5454,0x540A,0x5454,0x5454,0x5454,
	0x540A,0x5454,0x5454,0x5454,0x5454,0x5454,0x5454,0x5454,
	0x5454,0x5454,0x5454,0x1A54,0x5858,0x1858,0x1854,0x5454,
	0x0A0A,0x0A58,0x1A1A,0x5454,0x0A0A,0x0A0A,0x0A0A,0x0A58,
	0x5454,0x0A0A,0x6969,0x0A0A,0x5454,0x0A0A,0x0A0A,0x0A0A,
	0x5454,0x0A0A,0x0A0A,0x0A0A,0x5854,0x0A0A,0x0A0A,0x6565,
	0x0A58,0x0A0A,0x0A0A,0x6565,0x0A0A,0x0A0A,0x0A0A,0x6565,
	0x0A0A,0x0A0A,0x0A0A,0x6565,0x0A0A,0x0A0A,0x0A0A,0x6565,

	0x0A0A,0x0A0A,0x0A0A,0x0A0A,0x0A18,0x6565,0x6565,0x6565,
	0x6565,0x6565,0x6565,0x6565,0x6565,0x6565,0x6565,0x6565,
	0x6565,0x6565,0x6565,0x6565,0x6565,0x6565,0x6565,0x6565,
	0x6565,0x6565,0x6565,0x6565,0x6565,0x6565,0x6565,0x0A0A,
	0x0A0A,0x0A0A,0x0A0A,0x0A0A,0x0A0A,0x0A0A,0x0A0A,0x0A0A,
	0x0A0A,0x0A0A,0x0A0A,0x0A0A,0x0A0A,0x0A0A,0x0A0A,0x0A0A,
	0x0A0A,0x1818,0x0A0A,0x0A0A,0x0A0A,0x1A1A,0x0A0A,0x0A0A,
	0x0A0A,0x0A0A,0x0A0A,0x0A0A,0x0A0A,0x0A0A,0x0A0A,0x0A0A,

	0x0A0A,0x0A0A,0x0A0A,0x0A0A,0x0A0A,0x0A0A,0x1A0A,0x180A,
	0x0A0A,0x0A0A,0x1A0A,0x180A,0x0A0A,0x0A0A,0x1A0A,0x1A18,
	0x0A0A,0x0A32,0x0A0A,0x1A0A,0x320A,0x0A32,0x320A,0x0A0A,
	0x320A,0x3232,0x3232,0x0A0A,0x0A0A,0x320A,0x0A32,0x0A0A,
	0x0A0A,0x1A1A,0x1A1A,0x1A1A,0x0A0A,0x0A0A,0x1A1A,0x1A1A,
	0x0A0A,0x0A0A,0x1A1A,0x1A1A,0x0A1A,0x1A1A,0x1A1A,0x1A1A,
	0x1A1A,0x1A0A,0x1A1A,0x1A1A,0x1A1A,0x1A1A,0x1A1A,0x1A1A,
	0x0A1A,0x1A1A,0x1A1A,0x1A1A,0x1A0A,0x1A1A,0x1A0A,0x1A1A,

	0x1A1A,0x1A1A,0x1A1A,0x1A1A,0x1A1A,0x1A1A,0x1A1A,0x1A1A,
	0x1A1A,0x1A1A,0x1A1A,0x1A1A,0x1A1A,0x1A1A,0x1A1A,0x1A1A,
	0x1A1A,0x1A1A,0x1A1A,0x1A1A,0x1A1A,0x1A1A,0x1A1A,0x1A1A,
	0x1A1A,0x1A1A,0x1A1A,0x1A1A,0x1A1A,0x1A1A,0x1A1A,0x1A1A,
	0x1A1A,0x1A1A,0x1A1A,0x1A1A,0x1A1A,0x1A1A,0x1A1A,0x601A,
	0x1A1A,0x1A1A,0x1A1A,0x1A1A,0x1A1A,0x1A1A,0x1A1A,0x1A1A,
	0x1A1A,0x1A95,0x1A1A,0x1A1A,0x1A1A,0x1A1A,0x1A95,0x1A1A,
	0x1A1A,0x1A1A,0x1919,0x1A1A,0x1A1A,0x1A1A,0x1A1A,0x1A1A,

	0x601A,0x601A,0x1A1A,0x1A1A,0x1A1A,0x1A1A,0x1A1A,0x601A,
	0x1A1A,0x0D60,0x0D1A,0x600D,0x0D60,0x0D60,0x6060,0x1A60,
	0x6060,0x1A60,0x601A,0x1960,0x601A,0x1A1A,0x1A1A,0x1A1A,
	0x1919,0x1A1A,0x1A1A,0x1A1A,0x1A1A,0x1A1A,0x1A1A,0x1A1A,
	0x1A1A,0x1A1A,0x1A1A,0x1A1A,0x1A1A,0x1A1A,0x1A0A,0x1A1A,
	0x1A1A,0x0A1A,0x0A0A,0x1A0A,0x1A1A,0x1A1A,0x1A1A,0x0A1A,
	0x1A1A,0x1A1A,0x1A1A,0x1A1A,0x1A1A,0x1A1A,0x1A1A,0x1A1A,
	0x1A1A,0x1A1A,0x1A1A,0x1A1A,0x1A1A,0x1A1A,0x1A1A,0x1A1A,

	0x4B4B,0x4B4B,0x4B4B,0x4B4B,0x4B4B,0x4B4B,0x4B4B,0x4B4B,
	0x4B4B,0x4B4B,0x4B4B,0x4B4B,0x4B4B,0x4B4B,0x4B4B,0x4B4B,
	0x4B4B,0x4B4B,0x4B4B,0x4B4B,0x4B4B,0x4B4B,0x4B4B,0x4B4B,
	0x4B4B,0x4B4B,0x4B4B,0x4B4B,0x4B4B,0x4B4B,0x4B4B,0x4B4B,
	0x1A4B,0x1A1A,0x1A1A,0x1A1A,0x1A4B,0x1A1A,0x1A1A,0x1A1A,
	0x1A4B,0x1A1A,0x1A1A,0x1A1A,0x1A4B,0x1A1A,0x1A1A,0x1A1A,
	0x1A4B,0x1A1A,0x1A1A,0x1A1A,0x1A4B,0x1A1A,0x1A1A,0x1A1A,
	0x4B4B,0x4B4B,0x4B4B,0x794B,0x4B4B,0x4B4B,0x4B4B,0x794B,

	0x1A1A,0x1A1A,0x1A1A,0x1A1A,0x1A1A,0x1A1A,0x1A1A,0x1A1A,
	0x1A1A,0x1A1A,0x1A1A,0x1A1A,0x1A1A,0x1A1A,0x1A1A,0x1A1A,
	0x1A1A,0x1A1A,0x1A1A,0x1A0A,0x1A1A,0x1A1A,0x0A0A,0x0A0A,
	0x4B4B,0x4B4B,0x4B4B,0x4B4B,0x4B4B,0x4B4B,0x4B4B,0x4B4B,
	0x691A,0x0A1A,0x0A0A,0x180A,0x1A1A,0x0A0A,0x0A0A,0x1A1A,
	0x1A1A,0x0A1A,0x0A0A,0x0A1A,0x1A1A,0x0A1A,0x1A0A,0x0A1A,
	0x1A1A,0x3B0A,0x1A3B,0x0A1A,0x1A0A,0x1A0A,0x1A0A,0x1A1A,
	0x4B4B,0x4B4B,0x4B4B,0x0A1A,0x4B4B,0x4B4B,0x4B4B,0x0A0A,

	0x180A,0x0A18,0x0A0A,0x0A0A,0x0A0A,0x0A1A,0x0A0A,0x320A,
	0x0A0A,0x0A0A,0x0A0A,0x320A,0x0A0A,0x0A0A,0x0A0A,0x0A0A,
	0x0A0A,0x0A0A,0x0A0A,0x0A0A,0x1A1A,0x0A0A,0x0A0A,0x0A0A,
	0x691A,0x0A0A,0x0A0A,0x0A0A,0x1A0A,0x0A0A,0x0A0A,0x0A0A,
	0x0A32,0x0A32,0x0A0A,0x320A,0x320A,0x320A,0x0A0A,0x0A0A,
	0x0A0A,0x0A0A,0x0A0A,0x0A0A,0x0A0A,0x0A0A,0x0A0A,0x0A0A,
	0x0A0A,0x0A0A,0x0A0A,0x0A0A,0x0A0A,0x3B3B,0x3B0A,0x0A0A,
	0x0A0A,0x3B1A,0x3B3B,0x0A0A,0x0A0A,0x0A0A,0x0A0A,0x0A18,

	0x0A0A,0x0A0A,0x0A0A,0x0A0A,0x0A0A,0x0A0A,0x0A0A,0x0A0A,
	0x0A0A,0x0A0A,0x0A0A,0x0A0A,0x0A0A,0x0A0A,0x0A0A,0x0A0A,
	0x0A0A,0x0A0A,0x0A0A,0x0A0A,0x0A0A,0x0A0A,0x0A0A,0x0A0A,
	0x3B0A,0x0A0A,0x0A0A,0x0A0A,0x3B3B,0x0A0A,0x0A0A,0x0A0A,
	0x0A0A,0x0A0A,0x0A0A,0x0A0A,0x0A0A,0x0A0A,0x0A0A,0x0A0A,
	0x0A0A,0x0A0A,0x0A0A,0x0A0A,0x0A0A,0x0A0A,0x0A0A,0x180A,
	0x0A0A,0x0A0A,0x0A0A,0x1A1A,0x0A0A,0x0A0A,0x0A0A,0x0A0A,
	0x0A0A,0x0A0A,0x0A0A,0x0A0A,0x0A0A,0x0A0A,0x320A,0x320A,

	0x0A0A,0x0A0A,0x1846,0xBBAF,0x0A0A,0x0A0A,0x460A,0xBB46,
	0x0A0A,0x0A0A,0x460A,0x460A,0x0A0A,0x1818,0x0A0A,0x0A0A,
	0x0A0A,0x1818,0x0A0A,0x0A0A,0x0A0A,0x0A0A,0x0A0A,0x0A0A,
	0x0A0A,0x0A0A,0x0A0A,0x0A0A,0x0A0A,0x0A0A,0x0A0A,0x0A0A,
	0xBBBB,0x4545,0x4545,0x4545,0x45BB,0x4545,0x4545,0x4545,
	0x450A,0x4545,0x45AF,0x4545,0x0A0A,0x4545,0xAFAF,0x4545,
	0x0A0A,0x450A,0x1810,0x450A,0x1818,0x1A18,0x0A0A,0x450A,
	0x1A0A,0x0A1A,0x0A0A,0x450A,0x0A0A,0x0A0A,0x0A0A,0x0A0A,

	0x4545,0x1045,0x1010,0x4510,0x4545,0x4545,0x4545,0xAF45,
	0x0A45,0x4545,0x4545,0x4545,0x4545,0x1045,0x4545,0xAF10,
	0x1045,0x1045,0x45B8,0x1010,0x0A45,0xB84D,0x4D0A,0x100A,
	0x0A45,0xB80A,0x4D0A,0x1A0A,0x0A0A,0x4D0A,0x4D4D,0x0A4D,
	0x4510,0x4545,0x1032,0x1010,0x4545,0x1010,0x1010,0x1010,
	0x10AF,0x1010,0x1010,0x1010,0x1010,0x10B8,0x1010,0x1010,
	0x1010,0x10B8,0x1010,0x1010,0xB84D,0x1A10,0x1010,0x1045,
	0xB84D,0x0A1A,0x1010,0x1A10,0x0A4D,0x4D32,0x1A9E,0x101A,

	0x1010,0x9D9D,0x6810,0x1010,0x1010,0x6810,0x1010,0x109D,
	0x1010,0x1A10,0x109D,0x109D,0x1010,0x1010,0x9D9D,0x9D68,
	0x1010,0x1010,0x689D,0x9D68,0x1A9D,0x1A1A,0x6868,0x6868,
	0x1A9D,0x1A1A,0x6868,0x6868,0x6868,0x6868,0x6868,0x6868,
	0x1010,0x9D10,0x1010,0x1A1A,0x109D,0x9D9D,0x1A10,0x1A1A,
	0x1068,0x1068,0x1A10,0x1A68,0x689D,0x1A1A,0x681A,0x1A0A,
	0x6868,0x1A1A,0x1A68,0x0A0A,0x4D68,0x681A,0x4D4D,0x0A1A,
	0x6868,0x684D,0x4D1A,0x4D1A,0x0A68,0x4D4D,0x4D68,0x4D4D,

	0x001A,0x0000,0x0084,0x8484,0x1A1A,0x0000,0x0000,0x0000,
	0x1A1A,0x1A68,0x681A,0x0000,0x0A68,0x6868,0x6868,0x0000,
	0x6868,0x6868,0x1A68,0x0000,0x684D,0x681A,0x6868,0x0A68,
	0x6868,0x6868,0x6868,0x0A1A,0x4D9E,0x6868,0x6868,0x6868,
	0xB1B1,0xB184,0xB184,0xB1B1,0xB184,0x8484,0x0084,0x84B1,
	0x0084,0x8484,0x0084,0x8484,0x0000,0x8484,0x8400,0x8400,
	0x0000,0x0000,0x0000,0x8484,0x0000,0x0000,0x0084,0x0084,
	0x1A00,0x0000,0x0000,0x8400,0x1A1A,0x1A1A,0x0000,0x0000,

	0x8484,0x8484,0x0000,0x8400,0xB1B1,0x8484,0x8484,0x0084,
	0x8484,0x0084,0x7B00,0x0000,0x7B7B,0x8400,0x0084,0x7B7B,
	0x7B7B,0x8400,0x8484,0x6700,0x7B7B,0x007B,0x0000,0x001A,
	0x7B00,0x7B67,0x0000,0x0000,0x0000,0x6767,0x1A1A,0x1A1A,
	0x8484,0x8484,0xB184,0x3737,0x0084,0x0000,0x8400,0x8484,
	0x0000,0x7B67,0x8484,0x8484,0x0084,0x7B67,0x7B7B,0x8400,
	0x7B67,0x7B67,0x7B67,0x0000,0x7B67,0x7BAE,0x67B5,0x0000,
	0x6700,0x67B5,0x67B5,0x6700,0xB567,0xB5AE,0x6767,0x5167,

	0xB1B1,0x3737,0x3737,0x3737,0xB1B1,0xB1B1,0x3737,0x0F37,
	0xB1B1,0xB1B1,0x3737,0x3737,0xB184,0xB1B1,0xB137,0x3737,
	0x8400,0xB1B1,0xB1B1,0x37B1,0x007B,0xB100,0xB184,0x84B1,
	0x007B,0x0000,0x8484,0x84B1,0x1A00,0x0000,0x8484,0x0000,
	0x3737,0x3737,0x3737,0xB1B1,0x0F0F,0x3737,0x3737,0x3737,
	0x0F0F,0x3737,0x3737,0x3737,0x3737,0x3737,0x8437,0x3737,
	0x3737,0x3737,0x3737,0x3737,0x3737,0x8484,0x0037,0x8400,
	0x3737,0x8484,0x0000,0x0000,0x0000,0x0000,0x0000,0x0A1A,

	0xB1B1,0x8400,0x0084,0x8400,0xB1B1,0x8484,0x0000,0x0000,
	0xB1B1,0x8484,0x0000,0x0000,0x0000,0x0000,0x1A1A,0x1A00,
	0x0084,0x0000,0x1A00,0x1A1A,0x1A00,0x0000,0x1A1A,0x1A1A,
	0x0000,0x0000,0x1A1A,0x1A1A,0x1A00,0x1A1A,0x1A1A,0x1A1A,
	0x0084,0x0000,0x0A1A,0x1A1A,0x0000,0x1A1A,0x1A0A,0x1A0A,
	0x0000,0x1A00,0x1A18,0x1A46,0x001A,0x0A1A,0x1846,0x1846,
	0x1A1A,0x1A1A,0x4646,0xC746,0x1A1A,0x0A1A,0x1A1A,0x1A73,
	0x1A1A,0x1A1A,0x1A1A,0x1A1A,0x1A1A,0x1A1A,0x1A1A,0xC71A,

	0x0A0A,0xAD0A,0xA6A6,0xA6A6,0xAD1A,0xADAD,0xA7C7,0xC273,
	0xADC7,0xC7C7,0x05A6,0xC205,0x0A0A,0xA6A6,0xA60A,0x05A6,
	0x1AA6,0xA6A6,0xA60A,0xA6A6,0xA61A,0x0AAD,0xADAD,0xADA7,
	0xA61A,0xA7A6,0x0505,0xAD05,0xC7C7,0xA6A6,0xA6A6,0x6B05,
	0x6B6B,0x6B6B,0x136B,0xBFBF,0x1313,0x6B13,0x1313,0x1313,
	0x1313,0x6B13,0x1313,0x1313,0xBFBF,0xBF6B,0x6BBF,0x6B6B,
	0xBFBF,0xBFBF,0xBFBF,0xBFBF,0x1313,0x1313,0x1313,0xBFBF,
	0x13A1,0x1313,0x1313,0x1313,0x1313,0x6BA1,0xA1A1,0xBF13,

	0x6B8F,0x1313,0x6B6B,0x136B,0xBFBF,0xBFBF,0x6BBF,0xBFBF,
	0x1313,0xBF13,0xBFBF,0xBF6B,0x1313,0x1313,0x1313,0xBFBF,
	0x6B6B,0x1313,0x1313,0xBFBF,0xBFBF,0xBF6B,0xBFBF,0x13BF,
	0x6B13,0xBFBF,0xBFBF,0x1313,0x6BBF,0xBFBF,0xBFBF,0xBFBF,
	0x1313,0x1313,0x6B6B,0x6B6B,0xBFBF,0xBFBF,0x1313,0x1313,
	0xBFBF,0x1313,0x1313,0x1313,0xBFBF,0xBFBF,0xBFBF,0xBFBF,
	0x6B6B,0xBF6B,0xBFBF,0x6BBF,0x1313,0x1313,0x6B6B,0x1313,
	0x1313,0x1313,0xA113,0x1313,0xBFBF,0x1313,0x138F,0x1313,

	0x1A1A,0x1A1A,0x1A1A,0x1A1A,0x1A1A,0x1A1A,0x1A1A,0x1A1A,
	0x1A1A,0x1A1A,0x1A1A,0x1A1A,0x1A1A,0x1A1A,0x1A1A,0x1A1A,
	0x1A1A,0x1A1A,0x1A1A,0x1A1A,0x1A1A,0x1A1A,0x1A1A,0x1A1A,
	0x1A1A,0x1A1A,0x1A1A,0x1A1A,0x1A1A,0x1A1A,0x1A1A,0x1A1A,
	0x1A1A,0x1A1A,0x0A1A,0x0A0A,0x1A1A,0x1A1A,0x1A1A,0x0A3B,
	0x1A1A,0x0A0A,0x1A1A,0x0A3B,0x1A1A,0x0A1A,0x0A32,0x0A0A,
	0x1A32,0x0A32,0x0A32,0x0A32,0x1A0A,0x0A1A,0x320A,0x321A,
	0x1A1A,0x0A1A,0x1A1A,0x0A0A,0x1A1A,0x1A1A,0x0A0A,0x0A0A,

	0x1A3B,0x0A3B,0x0A0A,0x0A0A,0x0A1A,0x0A0A,0x0A0A,0x0A0A,
	0x0A0A,0x0A0A,0x0A0A,0x0A0A,0x320A,0x0A0A,0x0A0A,0x0A0A,
	0x0A32,0x0A0A,0x0A0A,0x0A0A,0x320A,0x0A0A,0x0A0A,0x0A0A,
	0x3232,0x0A0A,0x0A0A,0x0A0A,0x0A0A,0x0A0A,0x0A0A,0x0A0A,
	0x0A0A,0x0A46,0x0A46,0x0A46,0x0A46,0x460A,0x0A46,0x1846,
	0x4646,0x4618,0x4646,0x1846,0x460A,0x4646,0x4618,0x4646,
	0x0A0A,0x4646,0x460A,0x460A,0x1A1A,0x0A46,0x0A46,0x4618,
	0x0A0A,0x0A46,0x1846,0x4618,0x0A0A,0x0A0A,0x460A,0x4646,

	0x0A46,0x0A0A,0x0A0A,0x0A0A,0x0A0A,0x0A0A,0x0A0A,0x0A0A,
	0x0A0A,0x0A0A,0x0A0A,0x0A0A,0x0A1A,0x0A0A,0x0A0A,0x0A0A,
	0x0A0A,0x0A0A,0x0A0A,0x0A0A,0x460A,0x0A0A,0x0A0A,0x0A0A,
	0x4618,0x0A0A,0x0A0A,0x0A0A,0x0A46,0x0A0A,0x0A0A,0x0A18,
	0x0A0A,0x0A0A,0x0A0A,0x0A18,0x0A0A,0x0A0A,0x0A18,0x1A1A,
	0x0A0A,0x1A0A,0x0A18,0x0A0A,0x0A0A,0x0A0A,0x0A0A,0x0A0A,
	0x0A0A,0x0A0A,0x0A0A,0x0A0A,0x0A18,0x0A0A,0x0A0A,0x0A0A,
	0x0A18,0x0A0A,0x0A0A,0x0A0A,0x180A,0x0A0A,0x0A0A,0x0A18,

	0x0A0A,0x0A0A,0x0A0A,0x0A0A,0x0A0A,0x0A0A,0x0A0A,0x0A0A,
	0x0A0A,0x0A0A,0x0A0A,0x0A0A,0x0A0A,0x0A0A,0x0A0A,0x0A0A,
	0x0A0A,0x0A0A,0x0A0A,0x0A0A,0x0A0A,0x0A0A,0x0A0A,0x0A0A,
	0x0A0A,0x0A0A,0x6969,0x0A0A,0x1818,0x0A0A,0x1A69,0x0A69,
	0x0A0A,0x0A0A,0x0A0A,0x0A0A,0x0A0A,0x0A0A,0x0A0A,0x0A0A,
	0x0A0A,0x0A0A,0x0A0A,0x0A0A,0x0A0A,0x0A0A,0x0A0A,0x0A0A,
	0x0A0A,0x0A0A,0x0A0A,0x0A0A,0x6969,0x0A0A,0x0A0A,0x0A0A,
	0x6969,0x0A0A,0x0A0A,0x0A0A,0x0A0A,0x0A0A,0x0A0A,0x0A0A,

	0x0A0A,0x0A0A,0x0A0A,0x0A0A,0x0A0A,0x0A0A,0x0A0A,0x0A0A,
	0x0A0A,0x0A0A,0x0A0A,0x0A0A,0x0A0A,0x0A0A,0x0A0A,0x0A0A,
	0x0A0A,0x0A0A,0x0A0A,0x0A0A,0x0A0A,0x0A0A,0x3B0A,0x0A0A,
	0x0A0A,0x3B3B,0x3B0A,0x0A1A,0x0A0A,0x1A1A,0x0A0A,0x0A0A,
	0x0A0A,0x0A0A,0x0A0A,0x0A0A,0x0A0A,0x0A0A,0x0A0A,0x0A0A,
	0x0A0A,0x0A0A,0x0A0A,0x0A0A,0x0A0A,0x0A0A,0x0A0A,0x0A0A,
	0x0A0A,0x0A0A,0x0A0A,0x0A0A,0x0A0A,0x0A0A,0x0A0A,0x0A0A,
	0x0A0A,0x0A0A,0x0A0A,0x180A,0x0A0A,0x0A0A,0x0A0A,0x1A1A,

	0x0A0A,0x0A1A,0x0A0A,0x0A0A,0x0A0A,0x0A0A,0x0A0A,0x0A0A,
	0x0A0A,0x0A0A,0x0A0A,0x0A0A,0x0A0A,0x0A0A,0x0A0A,0x320A,
	0x0A0A,0x0A0A,0x0A0A,0x320A,0x180A,0x0A0A,0x0A0A,0x0A0A,
	0x180A,0x0A0A,0x0A0A,0x0A0A,0x0A0A,0x0A0A,0x0A0A,0x0A0A,
	0x0A0A,0x0A0A,0x0A0A,0x0A0A,0x0A0A,0x0A0A,0x0A0A,0x0A0A,
	0x0A32,0x0A0A,0x0A0A,0x0A18,0x0A32,0x320A,0x0A0A,0x181A,
	0x3232,0x3232,0x0A0A,0x0A0A,0x320A,0x0A32,0x0A0A,0x0A0A,
	0x0A0A,0x0A32,0x0A0A,0x0A0A,0x0A0A,0x0A0A,0x0A0A,0x0A0A,

	0x0A0A,0x0A0A,0x0A0A,0x0A0A,0x180A,0x0A0A,0x0A0A,0x0A0A,
	0x1818,0x0A0A,0x0A0A,0x0A0A,0x0A0A,0x0A0A,0x0A0A,0x0A0A,
	0x0A0A,0x0A0A,0x0A0A,0x0A0A,0x0A0A,0x0A0A,0x0A0A,0x0A0A,
	0x0A0A,0x0A0A,0x0A0A,0x0A0A,0x0A0A,0x0A0A,0x0A0A,0x0A0A,
	0x0A0A,0x0A0A,0x0A0A,0x0A0A,0x0A0A,0x0A0A,0x0A0A,0x0A0A,
	0x0A0A,0x0A0A,0x0A0A,0x0A0A,0x0A0A,0x0A0A,0x1818,0x0A0A,
	0x0A0A,0x0A0A,0x1A1A,0x180A,0x0A0A,0x0A0A,0x0A0A,0x181A,
	0x0A0A,0x0A0A,0x0A0A,0x1A0A,0x0A0A,0x0A0A,0x0A0A,0x0A0A,

	0x0A0A,0x0A0A,0x0A0A,0x540A,0x1818,0x0A0A,0x0A0A,0x540A,
	0x1818,0x0A0A,0x0A0A,0x540A,0x0A0A,0x0A0A,0x0A0A,0x540A,
	0x0A0A,0x0A0A,0x0A0A,0x540A,0x0A0A,0x0A0A,0x0A0A,0x540A,
	0x0A0A,0x0A0A,0x0A0A,0x540A,0x0A0A,0x0A0A,0x0A0A,0x580A,
	0x5454,0x5454,0x5454,0x0A54,0x5454,0x5454,0x5454,0x0A54,
	0x5454,0x5454,0x5454,0x0A54,0x5454,0x5454,0x5454,0x0A54,
	0x5454,0x5454,0x5454,0x0A54,0x5454,0x5454,0x5454,0x0A54,
	0x5418,0x5418,0x540A,0x0A54,0x0A0A,0x580A,0x0A0A,0x0A58,

	0x5454,0x5454,0x5454,0x5454,0x5454,0x5454,0x5454,0x5454,
	0x5454,0x5454,0x5454,0x5454,0x5454,0x5454,0x5454,0x5454,
	0x5454,0x5454,0x5454,0x5454,0x5458,0x5454,0x5454,0x5454,
	0x5458,0x5454,0x5454,0x5454,0x540A,0x5454,0x5454,0x5454,
	0x5454,0x5454,0x540A,0x5454,0x5454,0x5454,0x540A,0x5454,
	0x5454,0x5454,0x540A,0x5454,0x5454,0x5454,0x580A,0x0A58,
	0x5454,0x5454,0x580A,0x0A0A,0x5454,0x5454,0x0A0A,0x180A,
	0x5454,0x5454,0x0A0A,0x1A0A,0x5454,0x5454,0x0A0A,0x0A0A,

	0x5454,0x5454,0x0A54,0x0A0A,0x5454,0x5454,0x0A54,0x0A0A,
	0x5454,0x5454,0x0A54,0x0A0A,0x0A58,0x0A58,0x0A58,0x0A0A,
	0x0A0A,0x0A58,0x0A58,0x0A0A,0x0A18,0x0A0A,0x0A0A,0x0A0A,
	0x0A18,0x0A0A,0x0A0A,0x0A0A,0x0A0A,0x0A0A,0x0A0A,0x0A0A,
	0x0A0A,0x0A0A,0x0A0A,0x0A0A,0x0A0A,0x0A0A,0x0A69,0x690A,
	0x0A0A,0x0A0A,0x0A1A,0x690A,0x0A0A,0x0A0A,0x0A0A,0x0A69,
	0x0A0A,0x0A0A,0x0A0A,0x0A1A,0x0A0A,0x0A0A,0x0A0A,0x0A0A,
	0x0A0A,0x0A0A,0x0A0A,0x0A0A,0x0A0A,0x0A0A,0x0A0A,0x0A0A,

	0x0A0A,0x690A,0x0A0A,0x0A0A,0x0A0A,0x0A0A,0x0A0A,0x0A0A,
	0x0A0A,0x0A0A,0x0A0A,0x0A0A,0x0A0A,0x0A0A,0x0A0A,0x0A0A,
	0x0A0A,0x0A0A,0x0A0A,0x0A0A,0x0A0A,0x0A0A,0x0A0A,0x0A0A,
	0x0A0A,0x0A0A,0x0A0A,0x0A0A,0x0A0A,0x0A0A,0x0A0A,0x0A0A,
	0x0A0A,0x0A0A,0x0A32,0x320A,0x0A0A,0x0A0A,0x0A0A,0x0A0A,
	0x0A0A,0x0A0A,0x0A0A,0x0A0A,0x0A0A,0x0A0A,0x1818,0x0A0A,
	0x0A0A,0x0A0A,0x1A1A,0x180A,0x0A0A,0x0A0A,0x0A0A,0x181A,
	0x0A0A,0x0A0A,0x0A0A,0x1A0A,0x0A0A,0x0A0A,0x0A0A,0x0A0A,

	0x0A0A,0x0A0A,0x0A0A,0x0A0A,0x1818,0x0A0A,0x0A0A,0x0A0A,
	0x1818,0x0A0A,0x0A0A,0x0A0A,0x0A0A,0x0A0A,0x0A0A,0x0A0A,
	0x0A0A,0x0A0A,0x0A0A,0x0A0A,0x0A0A,0x0A0A,0x0A0A,0x0A0A,
	0x0A0A,0x0A0A,0x0A0A,0x1A0A,0x0A0A,0x0A0A,0x0A0A,0x0A0A,
	0x0A0A,0x0A0A,0x3232,0x0A0A,0x0A0A,0x0A0A,0x0A0A,0x0A0A,
	0x0A0A,0x0A0A,0x0A0A,0x0A0A,0x0A0A,0x0A18,0x0A0A,0x0A0A,
	0x0A0A,0x0A18,0x0A0A,0x0A0A,0x0A18,0x0A0A,0x0A0A,0x0A0A,
	0x0A18,0x1818,0x0A0A,0x0A0A,0x0A0A,0x1A0A,0x0A0A,0x0A0A,

	0x0A0A,0x0A0A,0x0A0A,0x5454,0x540A,0x5454,0x0A54,0x580A,
	0x540A,0x5454,0x5454,0x5454,0x540A,0x5454,0x5454,0x5454,
	0x540A,0x5454,0x5454,0x5454,0x5454,0x5454,0x5454,0x5454,
	0x5454,0x5454,0x5454,0x5854,0x5454,0x5454,0x5454,0x0A54,
	0x5454,0x5454,0x5454,0x5454,0x580A,0x5869,0x5869,0x5858,
	0x0A0A,0x1A1A,0x1A1A,0x5458,0x0A0A,0x0A0A,0x0A0A,0x540A,
	0x0A0A,0x0A0A,0x0A0A,0x540A,0x0A0A,0x0A0A,0x0A0A,0x540A,
	0x0A0A,0x0A0A,0x0A0A,0x540A,0x0A0A,0x0A0A,0x0A0A,0x540A,

	0x0A0A,0x0A0A,0x0A0A,0x5454,0x0A0A,0x0A0A,0x540A,0x5454,
	0x5454,0x5454,0x5454,0x5454,0x5454,0x5454,0x5454,0x5454,
	0x5454,0x5454,0x5454,0x5454,0x5454,0x5454,0x5454,0x5454,
	0x5454,0x5454,0x5454,0x5454,0x5454,0x5454,0x5454,0x5454,
	0x5454,0x5454,0x5454,0x5454,0x5454,0x0A58,0x0A58,0x5869,
	0x5454,0x0A58,0x0A58,0x5454,0x5454,0x0A0A,0x0A0A,0x5454,
	0x5454,0x0A0A,0x0A0A,0x5454,0x5454,0x0A0A,0x0A0A,0x5454,
	0x5454,0x0A0A,0x0A0A,0x5454,0x5454,0x0A0A,0x0A0A,0x580A,

	0x0A0A,0x0A0A,0x0A0A,0x0A0A,0x0A0A,0x0A0A,0x0A0A,0x0A0A,
	0x5454,0x5454,0x5454,0x5454,0x5454,0x5454,0x5454,0x5454,
	0x5454,0x5454,0x5454,0x5454,0x5454,0x5454,0x5454,0x5454,
	0x5454,0x5454,0x5454,0x5454,0x5454,0x5454,0x5454,0x5454,
	0x0A0A,0x0A0A,0x0A0A,0x6565,0x0A0A,0x0A0A,0x0A0A,0x0A58,
	0x0A0A,0x0A0A,0x0A0A,0x6969,0x0A0A,0x0A0A,0x0A0A,0x691A,
	0x0A54,0x0A0A,0x0A0A,0x1A0A,0x0A54,0x0A0A,0x0A0A,0x0A0A,
	0x0A54,0x0A0A,0x0A0A,0x0A0A,0x0A54,0x0A0A,0x0A0A,0x0A0A,

	0x6565,0x0A65,0x0A65,0x0A0A,0x0A58,0x0A58,0x0A69,0x0A0A,
	0x0A0A,0x0A0A,0x0A69,0x0A0A,0x0A0A,0x0A0A,0x0A0A,0x0A0A,
	0x0A0A,0x0A0A,0x0A0A,0x0A0A,0x0A0A,0x0A0A,0x0A0A,0x0A0A,
	0x0A0A,0x0A0A,0x0A0A,0x0A0A,0x0A0A,0x0A0A,0x0A0A,0x0A0A,
	0x0A0A,0x0A0A,0x0A0A,0x0A0A,0x0A0A,0x0A0A,0x0A0A,0x0A0A,
	0x0A0A,0x0A0A,0x0A0A,0x0A0A,0x0A0A,0x0A0A,0x0A0A,0x0A0A,
	0x0A0A,0x0A0A,0x0A0A,0x0A0A,0x0A0A,0x0A0A,0x3B0A,0x0A0A,
	0x0A0A,0x0A0A,0x3B0A,0x0A0A,0x0A0A,0x180A,0x0A0A,0x3B3B,

	0x0A0A,0x0A0A,0x0A32,0x0A0A,0x0A0A,0x0A0A,0x0A0A,0x1818,
	0x0A0A,0x0A0A,0x180A,0x0A18,0x180A,0x1A18,0x0A0A,0x0A0A,
	0x0A0A,0x0A1A,0x0A18,0x0A0A,0x0A0A,0x0A0A,0x1818,0x0A0A,
	0x0A0A,0x0A0A,0x181A,0x0A0A,0x0A0A,0x0A0A,0x0A0A,0x1A1A,
	0x1A0A,0x1A0A,0x1A0A,0x1A1A,0x0A0A,0x1A1A,0x1A1A,0x1A1A,
	0x0A0A,0x1A1A,0x1A0A,0x1A0A,0x0A0A,0x0A0A,0x0A0A,0x1A1A,
	0x0A1A,0x0A0A,0x1A0A,0x1A1A,0x1A1A,0x0A0A,0x180A,0x0A0A,
	0x0A0A,0x0A0A,0x1A1A,0x0A1A,0x0A0A,0x1A1A,0x0A0A,0x1A1A,

	0x1A1A,0x1A1A,0x1A1A,0x601A,0x1A1A,0x1A1A,0x1A1A,0x1A1A,
	0x1A1A,0x1A1A,0x1A1A,0x0D1A,0x1A1A,0x1A1A,0x1A1A,0x601A,
	0x1A1A,0x1A1A,0x1A1A,0x601A,0x1A1A,0x1A1A,0x1A1A,0x1919,
	0x1A1A,0x1A1A,0x1A1A,0x191A,0x1A1A,0x1A1A,0x1A1A,0x1A1A,
	0x1A1A,0x1A1A,0x1A1A,0x1A1A,0x1A60,0x601A,0x601A,0x1A1A,
	0x1A60,0x1A60,0x1A60,0x1A0D,0x0D60,0x0D60,0x1A1A,0x0D60,
	0x0D60,0x0D60,0x1A0D,0x1A60,0x6060,0x1A0D,0x6060,0x1A1A,
	0x601A,0x1A1A,0x6060,0x1A1A,0x1A1A,0x1A1A,0x1960,0x1A19,

	0x1A1A,0x1A1A,0x1A1A,0x1A1A,0x0D1A,0x1A1A,0x1A1A,0x1A1A,
	0x0D0D,0x1A1A,0x0A0A,0x0A0A,0x1A1A,0x1A1A,0x1A1A,0x1A1A,
	0x1A1A,0x1A1A,0x1A1A,0x0A1A,0x0A1A,0x0A1A,0x1A1A,0x1A1A,
	0x1A1A,0x1A0A,0x1A0A,0x1A1A,0x0A0A,0x1A1A,0x1A1A,0x1A1A,
	0x1A1A,0x1A1A,0x1A1A,0x1A1A,0x1A1A,0x1A1A,0x1A1A,0x1A1A,
	0x1A1A,0x1A1A,0x1A1A,0x1A1A,0x1A1A,0x1A1A,0x1A1A,0x1A1A,
	0x1A1A,0x1A1A,0x1A1A,0x1A1A,0x1A1A,0x1A1A,0x1A1A,0x1A1A,
	0x1A1A,0x1A1A,0x0A1A,0x0A1A,0x1A1A,0x1A1A,0x0A0A,0x0A18,

	0x4B4B,0x4B4B,0x4B4B,0x4B4B,0x4B4B,0x4B4B,0x4B4B,0x4B4B,
	0x4B4B,0x4B4B,0x4B4B,0x4B4B,0x4B90,0x4B4B,0x4B4B,0x9090,
	0x5A5A,0x5A5A,0x5A5A,0x5A5A,0x5A5A,0x5A5A,0x5A5A,0x5A5A,
	0x5A5A,0x5A5A,0x5A5A,0x5A5A,0x7272,0x7272,0x7272,0x7272,
	0x4B4B,0x4B4B,0x4B4B,0x794B,0x4B4B,0x4B4B,0x4B4B,0x794B,
	0x4B4B,0x4B4B,0x4B4B,0x794B,0x4B4B,0x4B4B,0x4B4B,0x794B,
	0x5A5A,0x5A5A,0x5A5A,0x725A,0x5A5A,0x5A5A,0x5A5A,0x725A,
	0x5A5A,0x5A5A,0x5A5A,0x725A,0x7272,0x7272,0x7272,0x7272,

	0x4B4B,0x4B4B,0x4B4B,0x4B4B,0x4B4B,0x4B4B,0x4B4B,0x4B4B,
	0x4B4B,0x4B4B,0x4B4B,0x4B4B,0x4B4B,0x9090,0x4B4B,0x4B4B,
	0x5A5A,0x5A5A,0x4B5A,0x4B4B,0x5A5A,0x5A5A,0x4B5A,0x4B4B,
	0x5A5A,0x5A5A,0x4B5A,0x4B4B,0x7272,0x7272,0x4B72,0x4B4B,
	0x4B4B,0x4B4B,0x4B4B,0x690A,0x4B4B,0x4B4B,0x4B4B,0x1A0A,
	0x4B4B,0x4B4B,0x4B4B,0x0A0A,0x4B4B,0x4B4B,0x4B4B,0x0A0A,
	0x4B4B,0x4B4B,0x4B4B,0x0A0A,0x4B4B,0x4B4B,0x4B4B,0x0A0A,
	0x4B4B,0x4B4B,0x4B4B,0x0A1A,0x4B4B,0x4B4B,0x4B4B,0x1A0A,

	0x0A0A,0x0A0A,0x0A0A,0x0A0A,0x0A0A,0x0A0A,0x0A0A,0x0A0A,
	0x0A0A,0x0A0A,0x0A0A,0x180A,0x0A0A,0x0A0A,0x0A0A,0x0A0A,
	0x0A0A,0x0A0A,0x0A0A,0x0A0A,0x0A0A,0x3B3B,0x0A0A,0x0A0A,
	0x0A0A,0x0A3B,0x0A0A,0x0A0A,0x0A1A,0x0A0A,0x0A0A,0x0A0A,
	0x0A0A,0x0A0A,0x0A0A,0x1818,0x1818,0x0A0A,0x0A0A,0x0A0A,
	0x1A18,0x0A0A,0x0A0A,0x0A0A,0x0A0A,0x0A0A,0x0A0A,0x0A0A,
	0x0A0A,0x0A0A,0x0A0A,0x0A0A,0x0A0A,0x0A0A,0x0A32,0x0A0A,
	0x0A32,0x0A0A,0x0A32,0x0A0A,0x3232,0x0A32,0x0A32,0x0A0A,

	0x1A3B,0x0A0A,0x0A0A,0x0A0A,0x0A0A,0x3B3B,0x0A0A,0x0A0A,
	0x0A0A,0x1A1A,0x0A0A,0x0A0A,0x0A0A,0x0A0A,0x0A0A,0x0A0A,
	0x0A0A,0x0A0A,0x0A0A,0x0A0A,0x0A0A,0x0A0A,0x0A0A,0x0A0A,
	0x0A0A,0x0A0A,0x0A0A,0x0A0A,0x0A0A,0x0A0A,0x0A0A,0x0A0A,
	0x0A0A,0x0A0A,0x0A0A,0x0A32,0x0A0A,0x0A0A,0x3232,0x0A0A,
	0x0A0A,0x0A0A,0x320A,0x0A0A,0x0A0A,0x0A0A,0x0A0A,0x0A0A,
	0x0A0A,0x0A0A,0x0A0A,0x0A0A,0x0A0A,0x0A0A,0x0A0A,0x0A0A,
	0x0A0A,0x0A0A,0x0A0A,0x0A0A,0x0A0A,0x0A0A,0x0A0A,0x0A0A,

	0x0A32,0x0A0A,0x0A0A,0x0A0A,0x0A0A,0x0A0A,0x0A0A,0x0A0A,
	0x0A0A,0x0A0A,0x0A0A,0x0A0A,0x0A0A,0x0A0A,0x0A0A,0x0A0A,
	0x0A0A,0x0A0A,0x0A0A,0x0A0A,0x0A0A,0x0A0A,0x0A0A,0x0A0A,
	0x0A0A,0x0A0A,0x0A0A,0x1818,0x0A0A,0x0A0A,0x0A0A,0x1A1A,
	0x0A0A,0x0A0A,0x0A0A,0x0A0A,0x0A0A,0x0A32,0x0A32,0x0A32,
	0x0A0A,0x0A0A,0x0A0A,0x0A0A,0x0A0A,0x0A0A,0x320A,0x0A0A,
	0x0A0A,0x0A0A,0x0A0A,0x0A0A,0x0A0A,0x1818,0x0A0A,0x0A0A,
	0x0A0A,0x0A18,0x0A0A,0x0A0A,0x0A0A,0x0A0A,0x0A0A,0x0A0A,

	0x0A0A,0x0A0A,0x4D4D,0x4D4D,0x0A0A,0x0A0A,0x4D4D,0x4D4D,
	0x0A0A,0x0A0A,0x4D4D,0x4D4D,0x0A0A,0x4D0A,0x4D4D,0x4D0A,
	0x450A,0x4D45,0x4D0A,0x1A0A,0x0A0A,0x0A0A,0x180A,0x0A0A,
	0x0A0A,0x1818,0x180A,0x0A1A,0x0A0A,0x1A1A,0x0A0A,0x0A0A,
	0x324D,0x4D32,0x9E32,0x1A1A,0x4D4D,0x9E9E,0x1A32,0x1A9E,
	0x4D4D,0x9E4D,0x1A4D,0x1A9E,0x4D1A,0x1A4D,0x9E9E,0x9E9E,
	0x1A0A,0x0A4D,0x9E9E,0x9E9E,0x0A0A,0x0A0A,0x9E9E,0x9E9E,
	0x0A32,0x0A0A,0x9E9E,0x189E,0x3232,0x45AF,0x0A9E,0x1A1A,

	0x1A1A,0x681A,0x6868,0x6868,0x9E1A,0x6810,0x9E1A,0x1A1A,
	0x9E9E,0x1A1A,0x9E9E,0x1A1A,0x9E9E,0x0A0A,0x1A9E,0x0A4D,
	0x9E9E,0x9E9E,0x9D0A,0x4D4D,0x9E9E,0x9E9E,0x0A9E,0x0A0A,
	0x9E9E,0x9E9E,0x9E9E,0x4545,0x1A9E,0x0A9E,0x0A0A,0x0A0A,
	0x681A,0x4D68,0x6868,0x4D4D,0x684D,0x4D4D,0x4D4D,0x9E9E,
	0x4D4D,0x4D4D,0x4D4D,0x9E4D,0x4D4D,0x0A4D,0x4D0A,0x4D4D,
	0x4D4D,0x0A9E,0x4D0A,0x4D4D,0x0A0A,0x9E0A,0x0A0A,0x9E9E,
	0x9E9E,0x0A0A,0x0A0A,0x0A9E,0x9E18,0x3B9E,0x9E9E,0x0A0A,

	0x9E4D,0x1A68,0x6868,0x6868,0x0A4D,0x4D9E,0x6832,0x329E,
	0x0A4D,0x0A9E,0x9E32,0x0A68,0x9E9E,0x9E9E,0x9E9E,0x1A1A,
	0x9E9E,0x9E9E,0x9E9E,0x0A1A,0x9E4D,0x9E9E,0x4D9E,0x9E9E,
	0x9E0A,0x9E9E,0x0A9E,0x0A9E,0x9E9E,0x9E9E,0x9E9E,0x0A0A,
	0x1A0A,0x1A1A,0x0000,0x0000,0x6868,0x1068,0x001A,0x0000,
	0x6868,0x1068,0x001A,0x001A,0x1A0A,0x0A0A,0x0A1A,0x1A1A,
	0x0A9E,0x0A0A,0x1A0A,0x1A1A,0x0A0A,0x0A0A,0x3232,0x321A,
	0x0A0A,0x0A0A,0x0A32,0x0A32,0x0A0A,0x1A0A,0x0A1A,0x1A0A,

	0x1A1A,0xB5B5,0x1A7B,0x511A,0x1A00,0xB5B5,0x7BB5,0x6767,
	0x1A1A,0xB5B5,0xB5B5,0x6767,0x0A0A,0x671A,0xAEAE,0x67B5,
	0x1A32,0x671A,0x0A0A,0xB5AE,0x320A,0x1A1A,0x2020,0xAE0A,
	0x0A32,0x1A1A,0x4420,0xB50A,0x1A1A,0x1A1A,0x670A,0xAE0A,
	0x0AB5,0xB5B5,0x6767,0x1A51,0xAEAE,0x67B5,0x0051,0x0000,
	0xB520,0x5167,0x0000,0x0000,0xAEAE,0x1A67,0x1A00,0x1A1A,
	0xB5B5,0x5167,0x1A1A,0x1A1A,0xB5B5,0x7B7B,0x1A51,0x1A1A,
	0xB5B5,0x7B7B,0x1A51,0x7B1A,0xAEB5,0xB5AE,0xB5B5,0xAEB5,

	0x1A00,0x7B7B,0x5151,0x0084,0x7B7B,0x6767,0x1A67,0x0000,
	0x7B7B,0x67B5,0x1A7B,0x0000,0xB57B,0x7B67,0x1A1A,0x1A1A,
	0xB5B5,0x1A7B,0x1A1A,0x1A1A,0xAEB5,0x1A1A,0x1A1A,0x1A1A,
	0x0AAE,0x1A1A,0x1A1A,0x1A1A,0x0AAE,0x1A1A,0x1A1A,0x1A1A,
	0x001A,0x001A,0x0000,0x0A00,0x1A00,0x1A1A,0x191A,0x1A1A,
	0x1A1A,0x1A1A,0x1A1A,0x1A1A,0x1A1A,0x1A1A,0x1A1A,0x1A1A,
	0x1A1A,0x1A1A,0x1A1A,0x1A1A,0x1A1A,0x1A1A,0x0D0D,0x0D1A,
	0x1A1A,0x0D1A,0x190D,0x0D1A,0x1A1A,0x1A1A,0x1A1A,0x1A1A,

	0x1A1A,0x1A1A,0x1A1A,0x1A1A,0x1A1A,0x1A1A,0x1A1A,0x1A1A,
	0x1A1A,0x1A1A,0x1A1A,0x1A1A,0x1A1A,0x1A1A,0x1A1A,0x1A1A,
	0x1A1A,0x1A1A,0x1A1A,0x1A1A,0x1A1A,0x1A1A,0x1A1A,0x1A1A,
	0x1A19,0x1A1A,0x1A1A,0x1A1A,0x1A1A,0x1A1A,0x1A1A,0x1A1A,
	0x1A1A,0x1A1A,0x1A1A,0x1A1A,0x1A1A,0x1A1A,0x1A1A,0x1A1A,
	0x1A1A,0x1A1A,0x1A1A,0x1A1A,0x1A1A,0x1A1A,0x1A1A,0x1A1A,
	0x1A1A,0x1A1A,0x1A1A,0x1A1A,0x1A1A,0x1A1A,0x1A1A,0x1A1A,
	0x1A1A,0x1A1A,0x1A1A,0x1A1A,0x1A1A,0x1A1A,0x1A1A,0x0A1A,

	0xC71A,0xA6A6,0xA6A6,0x6BA6,0x1A1A,0x1A1A,0xA6A6,0x6B73,
	0x1A0A,0x461A,0x7318,0x6B73,0x0AC7,0xA746,0x73C7,0x6B73,
	0xC7C7,0xADAD,0xA6A6,0x6BA6,0x0A0A,0xA6A7,0xA6A6,0xA632,
	0xC70A,0xA6A7,0xA6A6,0x05A7,0x0A1A,0xA7A7,0xA6A6,0x0505,
	0x1313,0x1313,0xBFBF,0xBF6B,0xBFBF,0xBFBF,0xBFBF,0xBFBF,
	0xBFBF,0xBFBF,0xBFBF,0xA113,0xBFBF,0x1313,0xA16B,0x6BA1,
	0xBFBF,0x6BA1,0x1313,0x1313,0x136B,0xBFBF,0x1313,0x1313,
	0xBFC2,0xBFBF,0x13BF,0xBF13,0xBF6B,0x6BBF,0xBFBF,0xBFBF,

	0x6BBF,0xBFBF,0x1313,0xBF13,0xA1A1,0x6B6B,0x1313,0x1313,
	0x1313,0x1313,0x1313,0x1313,0x6B6B,0x1313,0x1313,0xBFBF,
	0x8F8F,0x1313,0x1313,0x1313,0xBF13,0x8F8F,0xBF13,0x6BBF,
	0xBFBF,0xBFBF,0xBF6B,0x136B,0xBFBF,0xBFBF,0x6B8F,0xA16B,
	0xBFBF,0x6B6B,0x1313,0x1313,0xA113,0xBFBF,0xBFBF,0xBFBF,
	0x1313,0x1313,0xBFBF,0xBFBF,0xBFBF,0x6B6B,0xBFBF,0x13BF,
	0xBFBF,0xBFBF,0x6B6B,0xBFBF,0x136B,0x1313,0x1313,0xA113,
	0x1313,0x1313,0x1313,0x6BBF,0x13A1,0x1313,0x1313,0xBFBF,

	0x1A1A,0x1A1A,0x1A1A,0x1A1A,0x1A1A,0x1A1A,0x1A1A,0x1A1A,
	0x1A1A,0x1A1A,0x1A1A,0x1A1A,0x1A1A,0x1A1A,0x1A1A,0x1A1A,
	0x1A1A,0x1A1A,0x1A1A,0x1A1A,0x1A1A,0x1A1A,0x1A1A,0x1A1A,
	0x1A1A,0x1A1A,0x1A1A,0x1A1A,0x1A1A,0x1A1A,0x1A1A,0x1A1A,
	0x1A1A,0x1A1A,0x1A0A,0x0A0A,0x1A1A,0x1A1A,0x1A1A,0x1A0A,
	0x1A1A,0x1A1A,0x1A1A,0x0A0A,0x1A1A,0x1A1A,0x1A1A,0x1A1A,
	0x1A1A,0x1A1A,0x1A1A,0x1A1A,0x1A1A,0x1A1A,0x0A1A,0x1A1A,
	0x1A1A,0x1A1A,0x1A1A,0x0A0A,0x1A1A,0x1A1A,0x1A0A,0x0A1A,

	0x0A0A,0x0A0A,0x0A0A,0x0A0A,0x0A0A,0x0A0A,0x0A0A,0x0A0A,
	0x0A0A,0x0A0A,0x0A0A,0x0A0A,0x0A1A,0x0A0A,0x0A0A,0x0A0A,
	0x0A0A,0x1A1A,0x0A0A,0x0A0A,0x0A0A,0x0A0A,0x1A1A,0x0A0A,
	0x0A0A,0x0A1A,0x1A1A,0x1A0A,0x0A0A,0x1A1A,0x1A1A,0x1A1A,
	0x0A0A,0x0A0A,0x460A,0x4646,0x0A0A,0x0A0A,0x1A1A,0x0A0A,
	0x0A0A,0x0A0A,0x0A0A,0x0A0A,0x0A0A,0x0A0A,0x0A0A,0x0A0A,
	0x0A0A,0x0A0A,0x0A0A,0x0A0A,0x0A0A,0x0A0A,0x0A0A,0x0A0A,
	0x0A0A,0x0A0A,0x0A0A,0x0A0A,0x0A0A,0x0A0A,0x1A1A,0x0A0A,

	0x1A46,0x0A0A,0x1A0A,0x0A18,0x0A0A,0x0A0A,0x0A0A,0x0A0A,
	0x0A0A,0x0A0A,0x0A0A,0x0A0A,0x0A0A,0x0A0A,0x0A0A,0x0A0A,
	0x0A0A,0x0A0A,0x0A0A,0x0A0A,0x0A0A,0x0A0A,0x0A0A,0x0A0A,
	0x0A0A,0x0A0A,0x0A0A,0x0A0A,0x0A0A,0x0A0A,0x0A0A,0x0A0A,
	0x1818,0x0A0A,0x1A0A,0x0A18,0x0A0A,0x0A0A,0x0A0A,0x0A0A,
	0x0A0A,0x0A0A,0x0A0A,0x0A0A,0x0A0A,0x0A0A,0x0A0A,0x0A0A,
	0x0A0A,0x0A0A,0x0A18,0x0A0A,0x0A0A,0x0A0A,0x181A,0x1818,
	0x0A0A,0x0A0A,0x0A0A,0x1A18,0x0A0A,0x0A0A,0x0A0A,0x0A0A,

	0x0A18,0x0A0A,0x0A69,0x0A1A,0x0A0A,0x0A0A,0x0A0A,0x0A0A,
	0x0A0A,0x0A0A,0x0A0A,0x0A0A,0x0A0A,0x0A0A,0x0A0A,0x0A0A,
	0x0A0A,0x0A0A,0x0A0A,0x0A0A,0x0A0A,0x0A0A,0x0A0A,0x0A0A,
	0x0A0A,0x0A0A,0x0A0A,0x0A0A,0x0A0A,0x0A0A,0x0A0A,0x0A0A,
	0x0A0A,0x0A0A,0x0A0A,0x0A0A,0x0A0A,0x0A0A,0x0A0A,0x0A0A,
	0x0A0A,0x0A0A,0x0A0A,0x0A0A,0x0A0A,0x0A0A,0x0A0A,0x0A0A,
	0x0A0A,0x0A0A,0x0A0A,0x0A0A,0x0A0A,0x0A0A,0x0A0A,0x0A0A,
	0x0A0A,0x0A0A,0x0A0A,0x0A0A,0x0A0A,0x0A0A,0x0A0A,0x0A0A,

	0x0A0A,0x0A0A,0x0A0A,0x0A0A,0x0A0A,0x0A0A,0x0A0A,0x0A0A,
	0x0A0A,0x0A0A,0x0A0A,0x0A0A,0x0A0A,0x0A0A,0x0A0A,0x0A0A,
	0x0A0A,0x0A0A,0x0A0A,0x0A0A,0x0A0A,0x0A0A,0x0A0A,0x0A0A,
	0x0A0A,0x0A0A,0x0A0A,0x0A0A,0x0A0A,0x0A0A,0x180A,0x180A,
	0x0A0A,0x0A0A,0x0A0A,0x0A0A,0x0A0A,0x0A0A,0x0A0A,0x0A0A,
	0x0A0A,0x0A0A,0x0A0A,0x0A0A,0x0A0A,0x0A0A,0x0A0A,0x0A0A,
	0x0A0A,0x0A0A,0x0A0A,0x0A0A,0x0A0A,0x0A0A,0x0A0A,0x0A0A,
	0x0A0A,0x0A0A,0x0A0A,0x0A0A,0x0A0A,0x0A0A,0x0A0A,0x0A0A,

	0x0A0A,0x0A0A,0x0A0A,0x0A0A,0x0A0A,0x0A0A,0x0A0A,0x0A0A,
	0x0A0A,0x0A0A,0x0A0A,0x0A0A,0x0A0A,0x0A0A,0x0A0A,0x0A0A,
	0x0A0A,0x0A0A,0x0A0A,0x0A0A,0x0A0A,0x0A0A,0x0A0A,0x0A0A,
	0x0A0A,0x0A0A,0x0A0A,0x0A0A,0x0A0A,0x0A0A,0x0A0A,0x5454,
	0x0A0A,0x0A0A,0x0A0A,0x0A0A,0x0A0A,0x0A0A,0x0A0A,0x0A0A,
	0x0A0A,0x0A0A,0x0A0A,0x0A0A,0x0A0A,0x0A0A,0x0A0A,0x5454,
	0x0A0A,0x0A0A,0x540A,0x5454,0x0A0A,0x5454,0x5454,0x5454,
	0x540A,0x5454,0x5454,0x5454,0x5454,0x5454,0x5454,0x5454,

	0x0A0A,0x0A0A,0x0A0A,0x0A0A,0x0A0A,0x0A0A,0x0A0A,0x0A0A,
	0x0A0A,0x0A0A,0x0A0A,0x0A0A,0x0A0A,0x0A0A,0x0A0A,0x0A0A,
	0x0A0A,0x0A0A,0x0A0A,0x0A0A,0x5454,0x0A0A,0x0A0A,0x0A0A,
	0x5454,0x0A0A,0x0A0A,0x0A0A,0x5454,0x0A54,0x0A0A,0x0A0A,
	0x0A0A,0x0A0A,0x0A0A,0x0A0A,0x0A0A,0x0A0A,0x0A0A,0x0A0A,
	0x0A0A,0x0A0A,0x0A0A,0x0A0A,0x0A0A,0x540A,0x5454,0x5454,
	0x0A0A,0x540A,0x5454,0x5454,0x0A0A,0x540A,0x5454,0x5454,
	0x0A0A,0x540A,0x5454,0x5454,0x0A0A,0x540A,0x5454,0x5454,

	0x0A0A,0x0A0A,0x0A0A,0x0A0A,0x0A0A,0x0A0A,0x0A0A,0x0A0A,
	0x0A0A,0x0A0A,0x0A0A,0x0A0A,0x5454,0x0A54,0x0A0A,0x0A0A,
	0x5454,0x0A54,0x0A0A,0x0A0A,0x5454,0x0A54,0x0A0A,0x320A,
	0x5454,0x0A54,0x0A32,0x0A32,0x5454,0x3254,0x320A,0x540A,
	0x0A0A,0x0A0A,0x0A0A,0x0A0A,0x0A0A,0x0A0A,0x0A0A,0x0A0A,
	0x0A0A,0x0A0A,0x0A0A,0x0A0A,0x0A0A,0x0A0A,0x0A0A,0x0A0A,
	0x0A0A,0x0A0A,0x0A0A,0x0A0A,0x0A0A,0x0A0A,0x0A0A,0x0A0A,
	0x0A0A,0x0A0A,0x0A0A,0x0A0A,0x5454,0x5454,0x5454,0x0A54,

	0x540A,0x540A,0x540A,0x0A54,0x0A0A,0x0A0A,0x0A0A,0x0A58,
	0x0A0A,0x0A0A,0x0A0A,0x0A0A,0x540A,0x5454,0x5454,0x5454,
	0x540A,0x5454,0x5454,0x5454,0x540A,0x5454,0x5454,0x5454,
	0x540A,0x5454,0x5454,0x5454,0x5454,0x5454,0x5454,0x5454,
	0x5454,0x5454,0x0A0A,0x0A0A,0x0A0A,0x0A58,0x0A0A,0x0A0A,
	0x0A0A,0x0A0A,0x0A0A,0x0A0A,0x5454,0x5454,0x5454,0x5454,
	0x5454,0x5454,0x5454,0x5454,0x5454,0x5454,0x5454,0x5454,
	0x5454,0x5454,0x5454,0x5454,0x5454,0x5454,0x5454,0x5854,

	0x0A0A,0x0A0A,0x0A0A,0x0A0A,0x0A0A,0x0A0A,0x0A0A,0x0A0A,
	0x0A0A,0x0A0A,0x0A0A,0x0A0A,0x0A0A,0x0A0A,0x0A0A,0x0A0A,
	0x0A0A,0x0A0A,0x0A0A,0x0A0A,0x0A0A,0x0A0A,0x0A0A,0x0A0A,
	0x0A0A,0x0A0A,0x0A0A,0x0A0A,0x0A0A,0x0A0A,0x0A0A,0x5454,
	0x0A0A,0x0A0A,0x0A0A,0x0A0A,0x0A0A,0x0A0A,0x0A0A,0x0A0A,
	0x0A0A,0x0A0A,0x0A0A,0x0A0A,0x0A0A,0x0A0A,0x0A0A,0x0A0A,
	0x0A0A,0x0A0A,0x0A0A,0x0A0A,0x0A0A,0x0A0A,0x0A0A,0x0A0A,
	0x0A0A,0x5454,0x5454,0x0A54,0x5454,0x5454,0x5454,0x0A54,

	0x0A0A,0x0A0A,0x0A0A,0x0A0A,0x0A0A,0x0A0A,0x0A0A,0x0A0A,
	0x0A0A,0x0A0A,0x0A0A,0x0A0A,0x0A0A,0x540A,0x0A54,0x320A,
	0x0A0A,0x5454,0x5454,0x320A,0x0A0A,0x5454,0x5454,0x5454,
	0x0A0A,0x5454,0x5454,0x5454,0x540A,0x5454,0x5454,0x5454,
	0x0A0A,0x0A0A,0x0A0A,0x0A0A,0x0A0A,0x0A0A,0x0A0A,0x0A0A,
	0x0A0A,0x0A0A,0x0A0A,0x0A0A,0x0A0A,0x0A0A,0x0A0A,0x180A,
	0x0A0A,0x0A0A,0x0A0A,0x0A0A,0x5454,0x0A0A,0x0A0A,0x0A0A,
	0x5454,0x0A0A,0x0A0A,0x0A0A,0x5454,0x0A0A,0x0A0A,0x0A0A,

	0x0A0A,0x0A0A,0x0A0A,0x0A0A,0x0A0A,0x0A0A,0x0A0A,0x0A0A,
	0x0A0A,0x0A0A,0x0A0A,0x0A0A,0x0A0A,0x0A0A,0x0A0A,0x0A0A,
	0x0A18,0x0A0A,0x0A0A,0x0A0A,0x5454,0x5454,0x0A0A,0x0A0A,
	0x5454,0x5454,0x5454,0x5454,0x5454,0x5454,0x5454,0x5454,
	0x0A0A,0x0A0A,0x0A0A,0x0A0A,0x0A0A,0x0A0A,0x0A0A,0x0A0A,
	0x0A0A,0x0A0A,0x0A0A,0x0A0A,0x0A0A,0x0A0A,0x0A0A,0x0A0A,
	0x0A0A,0x0A0A,0x0A0A,0x0A0A,0x0A0A,0x0A0A,0x180A,0x0A0A,
	0x0A0A,0x180A,0x180A,0x0A0A,0x5454,0x1854,0x0A0A,0x0A0A,

	0x5454,0x5454,0x5454,0x0A54,0x580A,0x580A,0x0A0A,0x0A58,
	0x0A0A,0x0A0A,0x0A0A,0x0A0A,0x0A0A,0x0A0A,0x5454,0x5454,
	0x0A0A,0x0A0A,0x5454,0x5454,0x0A0A,0x0A0A,0x5454,0x5454,
	0x0A0A,0x0A0A,0x5454,0x5454,0x0A0A,0x0A0A,0x5454,0x5454,
	0x0A0A,0x0A0A,0x0A0A,0x540A,0x0A0A,0x0A0A,0x0A0A,0x540A,
	0x0A0A,0x0A0A,0x0A0A,0x580A,0x5454,0x0A0A,0x0A32,0x5454,
	0x5454,0x5454,0x5454,0x5454,0x5454,0x5454,0x5454,0x5454,
	0x5454,0x5454,0x5454,0x5454,0x5454,0x5454,0x5454,0x5454,

	0x5454,0x5454,0x5454,0x5454,0x540A,0x540A,0x5454,0x0A54,
	0x0A0A,0x580A,0x580A,0x0A0A,0x5454,0x5454,0x5454,0x5454,
	0x5454,0x5454,0x5454,0x5454,0x5454,0x5454,0x5454,0x5454,
	0x5454,0x5454,0x5454,0x5454,0x5454,0x5454,0x5454,0x5454,
	0x5454,0x0A0A,0x0A0A,0x0A0A,0x0A0A,0x0A0A,0x0A0A,0x0A0A,
	0x0A0A,0x0A0A,0x0A0A,0x0A0A,0x5454,0x5454,0x0A54,0x0A0A,
	0x5454,0x5454,0x0A54,0x540A,0x5454,0x5454,0x0A54,0x540A,
	0x5454,0x5454,0x0A54,0x540A,0x5454,0x5454,0x0A54,0x540A,

	0x5454,0x5454,0x5454,0x5454,0x5858,0x0A58,0x580A,0x580A,
	0x0A58,0x0A58,0x0A0A,0x580A,0x0A0A,0x0A0A,0x0A0A,0x0A0A,
	0x5454,0x0A54,0x0A0A,0x0A0A,0x5454,0x5454,0x5454,0x5454,
	0x5454,0x5454,0x5454,0x5454,0x5454,0x5454,0x5454,0x5454,
	0x0A54,0x0A0A,0x0A0A,0x0A0A,0x0A58,0x0A0A,0x0A0A,0x0A0A,
	0x0A0A,0x0A0A,0x0A0A,0x0A0A,0x0A0A,0x0A0A,0x0A0A,0x0A0A,
	0x0A0A,0x0A0A,0x0A0A,0x0A0A,0x0A0A,0x0A0A,0x0A0A,0x0A0A,
	0x0A0A,0x0A0A,0x0A0A,0x0A0A,0x0A0A,0x0A0A,0x0A0A,0x0A0A,

	0x0A0A,0x0A0A,0x0A0A,0x0A0A,0x0A0A,0x0A0A,0x0A0A,0x0A0A,
	0x0A0A,0x0A0A,0x0A0A,0x0A0A,0x0A0A,0x0A0A,0x0A0A,0x0A0A,
	0x0A0A,0x0A0A,0x0A0A,0x0A0A,0x0A0A,0x0A0A,0x0A0A,0x0A0A,
	0x0A0A,0x0A0A,0x0A0A,0x0A0A,0x1818,0x0A0A,0x0A0A,0x0A0A,
	0x0A0A,0x1A1A,0x0A0A,0x0A3B,0x0A0A,0x0A0A,0x0A0A,0x0A0A,
	0x0A0A,0x0A0A,0x0A0A,0x0A0A,0x0A0A,0x0A0A,0x0A0A,0x0A0A,
	0x0A0A,0x0A0A,0x0A0A,0x0A0A,0x0A0A,0x0A0A,0x0A0A,0x0A0A,
	0x0A0A,0x0A0A,0x0A0A,0x0A0A,0x0A0A,0x0A0A,0x0A0A,0x0A0A,

	0x0A0A,0x0A0A,0x0A0A,0x1A1A,0x0A0A,0x0A0A,0x0A0A,0x1A1A,
	0x0A0A,0x0A0A,0x0A0A,0x1A1A,0x0A0A,0x0A0A,0x1A1A,0x1A1A,
	0x0A0A,0x1A0A,0x1A1A,0x1A0A,0x0A0A,0x1A0A,0x0A1A,0x1A1A,
	0x0A0A,0x1A1A,0x1A1A,0x0A1A,0x0A0A,0x0A0A,0x1A0A,0x0A0A,
	0x1A1A,0x1A1A,0x1A1A,0x1A0A,0x0A1A,0x1A1A,0x1A0A,0x1A1A,
	0x1A1A,0x1A1A,0x1A1A,0x1A1A,0x1A1A,0x1A1A,0x1A1A,0x1A1A,
	0x1A1A,0x1A1A,0x1A1A,0x1A1A,0x181A,0x1A1A,0x1A1A,0x1A1A,
	0x0A0A,0x1A18,0x1A1A,0x1A1A,0x1818,0x1A0A,0x1A1A,0x1A1A,

	0x1A1A,0x1A1A,0x1A1A,0x1A1A,0x1A1A,0x1A1A,0x1A1A,0x1A1A,
	0x1A1A,0x1A1A,0x1A1A,0x0A1A,0x1A1A,0x1A1A,0x1A1A,0x1A1A,
	0x1A1A,0x1A1A,0x1A1A,0x1A1A,0x1A1A,0x1A1A,0x1A1A,0x1A1A,
	0x1A1A,0x1A1A,0x1A1A,0x1A1A,0x1A1A,0x1A1A,0x1A1A,0x1A1A,
	0x1A1A,0x1A1A,0x1960,0x1A1A,0x1A1A,0x1A0A,0x1A1A,0x1A1A,
	0x0A1A,0x1A1A,0x1A1A,0x1A1A,0x1A1A,0x1A1A,0x1A1A,0x1A1A,
	0x1A1A,0x1A1A,0x1A1A,0x1A1A,0x1A1A,0x1A1A,0x1A1A,0x1A1A,
	0x1A1A,0x1A1A,0x1A1A,0x1A1A,0x1A1A,0x1A1A,0x1A1A,0x1A1A,

	0x0A1A,0x1A1A,0x1A1A,0x1A1A,0x1A1A,0x1A1A,0x1A1A,0x1A1A,
	0x1A1A,0x1A1A,0x1A1A,0x1A1A,0x1A1A,0x1A1A,0x1A1A,0x1A1A,
	0x1A1A,0x1A1A,0x1A1A,0x1A1A,0x1A1A,0x1A1A,0x1A1A,0x1A1A,
	0x1A1A,0x1A1A,0x1A1A,0x1A1A,0x1A1A,0x1A1A,0x1A1A,0x1A1A,
	0x1A1A,0x1A1A,0x1A0A,0x0A18,0x1A1A,0x1A1A,0x1A1A,0x1A1A,
	0x1A1A,0x1A1A,0x1A1A,0x1A1A,0x1A1A,0x1A1A,0x1A1A,0x1A1A,
	0x1A1A,0x1A1A,0x1A0D,0x1A1A,0x1A1A,0x1A1A,0x0D19,0x9595,
	0x1A1A,0x1A1A,0x1A1A,0x1995,0x1A1A,0x1A1A,0x1A1A,0x1A1A,

	0xA8A8,0xA8A8,0xA8A8,0xA8A8,0x2323,0x2323,0x2323,0x2323,
	0xA0A0,0xA0A0,0xA0A0,0xA0A0,0x1A1A,0x1A1A,0x1A1A,0x1A1A,
	0x1A1A,0x1A1A,0x1A1A,0x1A1A,0x1A1A,0x1A1A,0x1A1A,0x1A1A,
	0x1A1A,0x1A1A,0x1A1A,0x1A1A,0x1A1A,0x1A1A,0x1A1A,0x1A1A,
	0xA8A8,0xA8A8,0xA8A8,0xA8A8,0x2323,0x2323,0x2323,0x2323,
	0xA0A0,0xA0A0,0xA0A0,0xA0A0,0x1A1A,0x1A1A,0x1A1A,0x1A1A,
	0x1A1A,0x1A1A,0x1A1A,0x1A1A,0x1A1A,0x1A1A,0x1A1A,0x1A1A,
	0x1A1A,0x1A1A,0x1A1A,0x1A1A,0x1A1A,0x1A1A,0x1A0A,0x1A1A,

	0xA8A8,0x2323,0x4B23,0x4B4B,0x2323,0x2323,0x4B23,0x4B4B,
	0xA0A0,0xA0A0,0x4BA0,0x4B4B,0x1A1A,0x1A1A,0x4B1A,0x4B4B,
	0x1A1A,0x1A1A,0x4B1A,0x4B4B,0x1A1A,0x1A1A,0x4B1A,0x4B4B,
	0x1A1A,0x1A1A,0x4B1A,0x4B4B,0x1A1A,0x1A1A,0x4B1A,0x4B4B,
	0x4B4B,0x4B4B,0x4B4B,0x1A0A,0x4B4B,0x4B4B,0x4B4B,0x0A0A,
	0x4B4B,0x4B4B,0x4B4B,0x0A0A,0x4B4B,0x4B4B,0x4B4B,0x0A0A,
	0x4B4B,0x4B4B,0x4B4B,0x0A0A,0x4B4B,0x4B4B,0x4B4B,0x0A0A,
	0x4B4B,0x4B4B,0x4B4B,0x0A0A,0x4B4B,0x4B4B,0x4B4B,0x0A0A,

	0x0A1A,0x0A0A,0x0A0A,0x0A0A,0x0A0A,0x0A0A,0x0A0A,0x0A0A,
	0x0A0A,0x0A0A,0x0A0A,0x0A0A,0x0A0A,0x0A0A,0x0A0A,0x0A0A,
	0x0A0A,0x0A0A,0x0A0A,0x0A0A,0x0A0A,0x0A0A,0x0A0A,0x0A0A,
	0x0A0A,0x0A3B,0x0A0A,0x0A0A,0x1A0A,0x0A3B,0x0A0A,0x0A0A,
	0x320A,0x0A32,0x0A0A,0x0A0A,0x0A0A,0x0A0A,0x0A0A,0x0A0A,
	0x0A0A,0x0A0A,0x0A0A,0x0A0A,0x0A0A,0x0A18,0x460A,0x0A0A,
	0x0A0A,0x1818,0x460A,0x0A0A,0x0A0A,0x0A0A,0x461A,0x0A0A,
	0x460A,0x0A0A,0x461A,0x0A0A,0x0A0A,0x0A46,0x1846,0x1846,

	0x0A0A,0x0A0A,0x0A0A,0x0A0A,0x0A0A,0x0A0A,0x0A0A,0x0A0A,
	0x0A0A,0x0A0A,0x0A0A,0x0A0A,0x0A0A,0x460A,0x0A0A,0x0A0A,
	0x0A0A,0x0A46,0x0A0A,0x0A0A,0x180A,0x0A0A,0x0A0A,0x0A0A,
	0x460A,0x0A0A,0x0A0A,0x0A0A,0x4618,0x1A0A,0x0A1A,0x1A1A,
	0x0A0A,0x0A0A,0x0A0A,0x0A0A,0x0A0A,0x0A0A,0x0A0A,0x0A0A,
	0x0A0A,0x0A0A,0x0A0A,0x0A0A,0x0A0A,0x0A0A,0x0A0A,0x0A0A,
	0x0A0A,0x0A0A,0x0A0A,0x0A0A,0x0A18,0x1A1A,0x0A0A,0x0A0A,
	0x0A18,0x1A1A,0x1A1A,0x0A0A,0x1A1A,0x1A1A,0x0A1A,0x0A0A,

	0x0A0A,0x0A0A,0x0A0A,0x0A0A,0x0A0A,0x0A0A,0x0A0A,0x0A0A,
	0x0A0A,0x0A0A,0x0A0A,0x0A0A,0x0A0A,0x0A0A,0x0A0A,0x0A0A,
	0x0A0A,0x0A0A,0x0A0A,0x0A0A,0x0A0A,0x0A0A,0x0A0A,0x0A0A,
	0x0A0A,0x0A0A,0x0A0A,0x0A0A,0x1A0A,0x1A1A,0x0A0A,0x0A0A,
	0x0A0A,0x0A0A,0x0A0A,0x0A0A,0x0A0A,0x0A0A,0x0A0A,0x0A0A,
	0x0A0A,0x0A0A,0x0A0A,0x0A0A,0x0A0A,0x0A0A,0x0A0A,0x0A0A,
	0x0A0A,0x0A0A,0x0A0A,0x0A0A,0x0A0A,0x0A0A,0x0A0A,0x0A0A,
	0x0A0A,0x0A0A,0x0A0A,0x0A0A,0x0A0A,0x0A0A,0x0A0A,0x0A0A,

	0x0A0A,0x0A0A,0x0A0A,0x0A0A,0x0A0A,0x0A0A,0x0A0A,0x0A0A,
	0x0A0A,0x0A0A,0x0A0A,0x0A0A,0x0A0A,0x0A0A,0x0A69,0x0A0A,
	0x0A0A,0x690A,0x0A69,0x0A0A,0x0A0A,0x1A0A,0x6969,0x0A0A,
	0x0A0A,0x0A0A,0x6969,0x0A0A,0x0A0A,0x0A0A,0x0A0A,0x0A0A,
	0x320A,0x9EAF,0x0A9E,0x0A0A,0x0A0A,0x0A0A,0x0A0A,0x0A0A,
	0x0A0A,0x0A0A,0x0A0A,0x0A0A,0x0A0A,0x0A0A,0x0A0A,0x0A0A,
	0x0A0A,0x0A0A,0x0A0A,0x0A0A,0x0A0A,0x0A0A,0x0A0A,0x0A0A,
	0x0A0A,0x0A0A,0x0A0A,0x0A0A,0x0A0A,0x0A0A,0x0A0A,0x0A0A,

	0x0A0A,0x0A9E,0x0A0A,0x0A0A,0x0A0A,0x0A0A,0x0A0A,0x9E0A,
	0x0A0A,0x0A0A,0x0A0A,0x9E0A,0x0A0A,0x0A0A,0x9E0A,0x9E9E,
	0x0A0A,0x0A0A,0x9E45,0x9E9E,0x0A0A,0x0A0A,0x0A0A,0x0A0A,
	0x0A0A,0x0A0A,0x0A0A,0x0A0A,0x0A0A,0x0A0A,0x0A0A,0x0A0A,
	0x181A,0x3B9E,0x9E9E,0x9E0A,0x9E0A,0x9E9E,0x9E9E,0x9E9E,
	0x9E0A,0x9E9E,0x9E9E,0x9E9E,0x9E9E,0x0A9E,0x9E45,0x9E9E,
	0x9E9E,0x0A0A,0x9E0A,0x9E9E,0x0A0A,0x0A0A,0x0A0A,0x9E18,
	0x0A0A,0x0A0A,0x0A0A,0x180A,0x0A0A,0x0A0A,0x180A,0x0A18,

	0x9E0A,0x9E9E,0x9E9E,0x0A0A,0x9E0A,0x9E9E,0x9E0A,0x9E0A,
	0x9E9E,0x0A9E,0x0A0A,0x9E45,0x9E9E,0x0A0A,0x0A0A,0x0A0A,
	0x9E9E,0x0A9E,0x0A0A,0x0A0A,0x0A0A,0x0A9E,0x0A45,0x0A1A,
	0x0A1A,0x0A0A,0x0A0A,0x0A1A,0x0A0A,0x1A18,0x1A1A,0x1A1A,
	0x0A0A,0x1A0A,0x0A0A,0x1A0A,0x0A0A,0x0A0A,0x0A0A,0x1A1A,
	0x9E45,0x0A0A,0x0A0A,0x1A1A,0x0A0A,0x0A0A,0x0A0A,0x0A0A,
	0x0A0A,0x0A0A,0x0A0A,0x0A0A,0x1A0A,0x1A0A,0x0A0A,0x0A0A,
	0x1A1A,0x1A1A,0x0A1A,0x0A0A,0x1A1A,0x1A1A,0x1A1A,0x0A0A,

	0x1A1A,0x1A1A,0xB50A,0xAE0A,0x1A1A,0x1A1A,0x1A1A,0xAEAE,
	0x1A1A,0x1A1A,0x1A1A,0x20B5,0x1A1A,0x1A1A,0x1A1A,0x4467,
	0x1A1A,0x0A1A,0x1A0A,0x67B5,0x0A0A,0x0A0A,0xAE0A,0xB5B5,
	0x0A0A,0x0A0A,0xAE0A,0x20AE,0x100A,0x0A10,0xAE10,0x67AE,
	0xB5B5,0x20AE,0x2020,0xAEB5,0xB544,0x2020,0x2067,0x6720,
	0x6744,0x7B7B,0x207B,0x1A20,0xB5B5,0x4444,0x207B,0x1A1A,
	0xB5B5,0x7B67,0x207B,0x1A1A,0xB5B5,0x1A67,0x1A1A,0x1A1A,
	0xB5B5,0x1A1A,0x1A10,0x1A10,0x2020,0x1010,0x1010,0x1010,

	0x0A0A,0x1A1A,0x1A1A,0x1A1A,0x20B5,0x1A1A,0x1A1A,0x1A1A,
	0x2067,0x1A1A,0x1A1A,0x1A1A,0x0A1A,0x1A1A,0x1A1A,0x1A1A,
	0x0A1A,0x1A1A,0x1A1A,0x1A1A,0x1A1A,0x1A1A,0x1A1A,0x101A,
	0x1A10,0x1A1A,0x1A10,0x101A,0x1010,0x1A10,0x1010,0x1010,
	0x1A1A,0x1A1A,0x1A1A,0x1A1A,0x1A1A,0x1A1A,0x1A1A,0x1A1A,
	0x1A1A,0x1A1A,0x1A1A,0x1A1A,0x1A1A,0x1A1A,0x1A1A,0x1A1A,
	0x1A1A,0x1A1A,0x1A1A,0x1A1A,0x1A1A,0x1A1A,0x1A1A,0x1A1A,
	0x1A1A,0x1A1A,0x1A1A,0x1A1A,0x1010,0x1A10,0x1A1A,0x1A1A,

	0x1A1A,0x1A1A,0x1A1A,0x1A1A,0x1A1A,0x1A1A,0x1A1A,0x1A1A,
	0x1A1A,0x1A1A,0x1A1A,0x1A1A,0x1A1A,0x1A1A,0x1A1A,0x1A1A,
	0x1A1A,0x1A1A,0x1A1A,0x1A1A,0x1A1A,0x1A1A,0x1A1A,0x1A1A,
	0x1A1A,0x1A1A,0x1A1A,0x1A1A,0x1A1A,0x1A1A,0x1A1A,0x1A1A,
	0x1A1A,0x1A1A,0x1A1A,0x0A1A,0x1A1A,0x1A1A,0x1A1A,0x1A1A,
	0x1A1A,0x1A1A,0x1A1A,0x1A1A,0x1A1A,0x1A1A,0x1A1A,0x1A1A,
	0x1A1A,0x1A1A,0x1A1A,0x1A1A,0x1A1A,0x1A1A,0x1A1A,0xC7C7,
	0x1A1A,0x0A1A,0x1A1A,0x1AC7,0x1A1A,0x0A0A,0x1A0A,0x1A1A,

	0x0A1A,0xA71A,0xA6A7,0xAD05,0x1A1A,0x0A1A,0xA7A7,0xADA7,
	0x1A1A,0x0AC7,0xAD05,0x0505,0xC71A,0xA7A7,0xC705,0x05A6,
	0xC71A,0xA6A6,0xC7A6,0xADAD,0xC7C7,0x7373,0xC7C7,0xADAD,
	0xC7C7,0xAD73,0x73A7,0xA6A6,0xA61A,0xAD73,0x05A6,0x7305,
	0xBFBF,0x6B6B,0x6B6B,0xBFBF,0x6B6B,0x1313,0xBFBF,0xBFBF,
	0xBF6B,0x1313,0x1313,0x1313,0x136B,0x1313,0x1313,0x1313,
	0xBFC2,0xBFBF,0xBFBF,0x1313,0x6B6B,0x6B6B,0x136B,0xBFBF,
	0x1313,0x136B,0x1313,0xBF13,0x1313,0x6B13,0x1313,0x1313,

	0xBFBF,0x8FBF,0xBF6B,0xBFBF,0x6B6B,0xA16B,0xBFBF,0xBFBF,
	0x1313,0x136B,0x1313,0xBF13,0x6B13,0x1313,0xBFBF,0xBFBF,
	0x136B,0xBF13,0xBFBF,0x1313,0x6B8F,0x1313,0x6B6B,0x136B,
	0x8FBF,0xA16B,0x136B,0x1313,0x1313,0xBF13,0xBFBF,0xBF6B,
	0xA113,0x1313,0xBFBF,0xBFBF,0xBFBF,0xBF6B,0xBFBF,0x6B6B,
	0xBFBF,0xA1A1,0x6B6B,0x13BF,0xBFBF,0xBFBF,0x13BF,0x1313,
	0xA16B,0x6B6B,0xBFBF,0xBFBF,0x1313,0x1313,0x6B6B,0x6B6B,
	0x1313,0xBF13,0xBFBF,0x6B13,0xBFBF,0x1313,0x1313,0x1313,

	0x1A1A,0x1A1A,0x1A1A,0x1A1A,0x1A1A,0x1A1A,0x1A1A,0x1A1A,
	0x1A1A,0x1A1A,0x1A1A,0x1A1A,0x1A1A,0x1A1A,0x1A1A,0x1A1A,
	0x1A1A,0x1A1A,0x1A1A,0x1A1A,0x1A1A,0x1A1A,0x1A1A,0x1A1A,
	0x1A1A,0x1A1A,0x1A1A,0x1A1A,0x1A1A,0x1A1A,0x1A1A,0x1A1A,
	0x1A1A,0x0A1A,0x1A1A,0x1A0A,0x1A1A,0x1A1A,0x0A0A,0x0A0A,
	0x1A1A,0x0A0A,0x0A0A,0x0A0A,0x1A1A,0x1A1A,0x1A1A,0x1A1A,
	0x1A1A,0x1A1A,0x1A1A,0x1A1A,0x1A1A,0x1A1A,0x1A1A,0x1A1A,
	0x1A1A,0x1A1A,0x1A1A,0x1A1A,0x1A1A,0x1A1A,0x1A1A,0x1A1A,

	0x0A0A,0x1A1A,0x1A1A,0x1A1A,0x0A0A,0x1A1A,0x1A1A,0x0A1A,
	0x1A1A,0x1A1A,0x1A1A,0x1A1A,0x1A1A,0x0A0A,0x1A1A,0x1A1A,
	0x1A1A,0x1A1A,0x1A1A,0x0A1A,0x1A1A,0x1A1A,0x1A1A,0x1A1A,
	0x1A1A,0x1A1A,0x1A1A,0x1A1A,0x1A1A,0x1A1A,0x1A1A,0x1A1A,
	0x0A0A,0x0A0A,0x1A1A,0x0A0A,0x1A1A,0x1A1A,0x0A0A,0x0A0A,
	0x1A1A,0x1A1A,0x3B3B,0x0A0A,0x1A1A,0x0A0A,0x1A1A,0x1A1A,
	0x1A1A,0x0A0A,0x1A1A,0x1A1A,0x0A0A,0x1A0A,0x0A0A,0x1A1A,
	0x0A0A,0x1A0A,0x1A1A,0x1A1A,0x0A1A,0x1A1A,0x1A1A,0x1A1A,

	0x0A0A,0x0A0A,0x0A0A,0x0A0A,0x0A0A,0x0A0A,0x0A0A,0x0A0A,
	0x0A0A,0x0A0A,0x0A0A,0x0A0A,0x0A0A,0x0A0A,0x0A0A,0x0A0A,
	0x0A0A,0x0A1A,0x0A0A,0x0A0A,0x0A1A,0x0A0A,0x1A0A,0x0A1A,
	0x0A1A,0x0A0A,0x1A1A,0x0A1A,0x1818,0x0A0A,0x0A0A,0x0A0A,
	0x0A0A,0x0A0A,0x0A0A,0x0A0A,0x0A0A,0x0A0A,0x0A0A,0x0A0A,
	0x0A0A,0x0A0A,0x0A0A,0x0A0A,0x0A0A,0x0A0A,0x0A0A,0x0A0A,
	0x0A0A,0x0A0A,0x0A0A,0x0A0A,0x0A0A,0x0A0A,0x0A0A,0x0A0A,
	0x0A0A,0x0A0A,0x0A0A,0x0A0A,0x0A0A,0x0A0A,0x0A0A,0x0A0A,

	0x0A0A,0x0A0A,0x0A0A,0x0A0A,0x0A0A,0x0A0A,0x0A0A,0x0A0A,
	0x0A0A,0x0A0A,0x0A0A,0x0A0A,0x0A0A,0x0A0A,0x0A18,0x0A0A,
	0x0A0A,0x1A0A,0x0A18,0x1818,0x0A0A,0x1818,0x0A0A,0x1A1A,
	0x1A0A,0x181A,0x0A0A,0x0A0A,0x0A0A,0x0A0A,0x0A0A,0x0A0A,
	0x0A0A,0x0A0A,0x0A0A,0x0A0A,0x0A0A,0x0A0A,0x0A0A,0x0A0A,
	0x0A0A,0x0A0A,0x0A0A,0x0A0A,0x0A0A,0x0A0A,0x0A0A,0x0A0A,
	0x0A0A,0x0A0A,0x0A0A,0x0A0A,0x0A0A,0x0A0A,0x0A0A,0x0A0A,
	0x0A0A,0x0A0A,0x0A0A,0x0A0A,0x0A0A,0x0A0A,0x0A0A,0x0A0A,

	0x0A0A,0x0A0A,0x0A0A,0x1A18,0x0A0A,0x0A32,0x0A0A,0x0A0A,
	0x0A0A,0x0A32,0x320A,0x0A0A,0x320A,0x3232,0x3232,0x0A0A,
	0x320A,0x320A,0x3232,0x0A0A,0x0A0A,0x0A0A,0x0A32,0x0A0A,
	0x0A0A,0x0A0A,0x0A0A,0x0A0A,0x0A0A,0x0A0A,0x180A,0x0A18,
	0x0A0A,0x0A0A,0x0A0A,0x0A0A,0x0A0A,0x0A0A,0x0A0A,0x0A0A,
	0x0A0A,0x0A0A,0x0A0A,0x0A0A,0x0A0A,0x0A0A,0x0A0A,0x320A,
	0x0A0A,0x0A0A,0x0A0A,0x3232,0x0A0A,0x0A0A,0x0A0A,0x0A0A,
	0x0A0A,0x0A0A,0x0A0A,0x0A0A,0x0A0A,0x0A0A,0x0A0A,0x0A0A,

	0x0A0A,0x0A0A,0x0A0A,0x5454,0x0A0A,0x0A0A,0x0A0A,0x5454,
	0x0A0A,0x0A0A,0x0A0A,0x5418,0x320A,0x0A0A,0x0A0A,0x1A1A,
	0x3232,0x320A,0x0A0A,0x0A0A,0x0A0A,0x0A32,0x0A0A,0x0A0A,
	0x0A0A,0x0A0A,0x0A0A,0x0A0A,0x0A0A,0x0A0A,0x0A0A,0x0A0A,
	0x5454,0x5454,0x5454,0x5454,0x5454,0x5454,0x5454,0x5454,
	0x5454,0x5454,0x5454,0x5454,0x5454,0x5454,0x5454,0x0A54,
	0x0A54,0x5454,0x5454,0x3258,0x0A0A,0x5854,0x5858,0x320A,
	0x0A0A,0x5858,0x0A0A,0x0A0A,0x0A0A,0x0A0A,0x540A,0x5454,

	0x5454,0x5454,0x0A0A,0x0A0A,0x5454,0x0A0A,0x0A0A,0x0A0A,
	0x540A,0x0A0A,0x0A32,0x0A0A,0x0A32,0x320A,0x3232,0x0A32,
	0x0A32,0x320A,0x320A,0x0A32,0x320A,0x3232,0x0A0A,0x0A0A,
	0x320A,0x0A32,0x0A0A,0x0A0A,0x5454,0x5454,0x5454,0x0A0A,
	0x0A0A,0x540A,0x5454,0x5454,0x0A32,0x540A,0x5454,0x5454,
	0x0A32,0x540A,0x540A,0x541A,0x0A32,0x0A0A,0x0A0A,0x580A,
	0x0A0A,0x0A0A,0x0A0A,0x0A0A,0x0A0A,0x0A0A,0x0A0A,0x0A0A,
	0x0A0A,0x0A0A,0x0A0A,0x0A0A,0x540A,0x5454,0x0A0A,0x0A0A,

	0x5454,0x0A54,0x0A0A,0x5432,0x5454,0x0A54,0x0A0A,0x540A,
	0x5454,0x0A54,0x0A0A,0x540A,0x180A,0x0A58,0x0A0A,0x5432,
	0x0A0A,0x0A0A,0x0A0A,0x540A,0x0A0A,0x0A0A,0x0A0A,0x540A,
	0x0A0A,0x0A0A,0x0A0A,0x540A,0x0A0A,0x5454,0x5454,0x5454,
	0x5454,0x5454,0x5454,0x0A54,0x5454,0x5454,0x5454,0x0A54,
	0x5454,0x5454,0x5454,0x0A54,0x5454,0x5454,0x5454,0x0A54,
	0x5454,0x5454,0x5454,0x0A54,0x5454,0x5454,0x5454,0x0A54,
	0x5454,0x5454,0x5454,0x0A54,0x5454,0x5454,0x5454,0x5454,

	0x5454,0x5454,0x5454,0x5454,0x5454,0x5454,0x0A54,0x0A54,
	0x5858,0x5858,0x0A58,0x0A58,0x0A0A,0x0A0A,0x0A0A,0x5454,
	0x0A0A,0x0A0A,0x0A0A,0x5454,0x0A0A,0x0A0A,0x540A,0x5454,
	0x0A0A,0x0A0A,0x540A,0x5454,0x5454,0x5454,0x540A,0x5454,
	0x5454,0x5454,0x5454,0x5854,0x0A54,0x5454,0x5454,0x0A54,
	0x3B0F,0x0F0F,0x9F9F,0x0A9F,0x5454,0x5454,0x5454,0x5454,
	0x5454,0x5454,0x5454,0x5454,0x5454,0x5454,0x5454,0x5454,
	0x5454,0x5454,0x5454,0x5454,0x5454,0x5454,0x5454,0x5454,

	0x0A0A,0x0A0A,0x0A0A,0x5454,0x0A0A,0x0A0A,0x0A0A,0x5454,
	0x0A0A,0x0A0A,0x0A0A,0x5454,0x0A0A,0x0A0A,0x0A0A,0x5454,
	0x0A0A,0x0A0A,0x0A0A,0x5454,0x0A0A,0x0A0A,0x0A0A,0x5454,
	0x0A0A,0x0A0A,0x0A0A,0x9F9F,0x0A0A,0x0A0A,0x5454,0x5454,
	0x5454,0x5454,0x5454,0x0A54,0x5454,0x5454,0x5454,0x0A54,
	0x5454,0x5454,0x5454,0x0A54,0x5454,0x5454,0x5454,0x5454,
	0x5454,0x5454,0x5454,0x5454,0x5454,0x5454,0x5454,0x5454,
	0x9F9F,0x0A54,0x0A54,0x5432,0x5454,0x3258,0x3258,0x5454,

	0x5454,0x5454,0x5454,0x5454,0x5454,0x5454,0x5454,0x1A54,
	0x5858,0x0A54,0x5454,0x5454,0x0A0A,0x0A58,0x1A1A,0x5454,
	0x0A0A,0x0A0A,0x0A0A,0x5858,0x320A,0x0A0A,0x0A0A,0x0A0A,
	0x3232,0x320A,0x0A0A,0x0A0A,0x5454,0x5454,0x5454,0x5454,
	0x5854,0x0A0A,0x0A0A,0x0A0A,0x0A58,0x0A0A,0x0A0A,0x0A0A,
	0x0A58,0x0A0A,0x0A0A,0x0A0A,0x0A0A,0x0A0A,0x0A0A,0x0A0A,
	0x0A0A,0x0A0A,0x0A0A,0x0A0A,0x0A0A,0x0A0A,0x0A0A,0x0A0A,
	0x0A0A,0x0A0A,0x0A0A,0x0A0A,0x0A0A,0x0A0A,0x5454,0x5454,

	0x5454,0x5454,0x5454,0x5454,0x5454,0x5454,0x5454,0x5454,
	0x5454,0x5454,0x5454,0x5454,0x5454,0x5454,0x5454,0x5454,
	0x5454,0x5454,0x5454,0x5454,0x5454,0x540A,0x5454,0x5454,
	0x0A58,0x580A,0x0A54,0x1854,0x5454,0x1818,0x0A0A,0x1A1A,
	0x5454,0x1A54,0x0A0A,0x0A0A,0x5454,0x0A54,0x0A0A,0x0A0A,
	0x5454,0x0A54,0x0A0A,0x0A0A,0x5454,0x0A54,0x0A0A,0x0A0A,
	0x5454,0x0A54,0x0A0A,0x0A0A,0x5454,0x0A54,0x0A0A,0x0A0A,
	0x540A,0x0A54,0x0A0A,0x0A0A,0x580A,0x5454,0x5454,0x5454,

	0x0A0A,0x0A0A,0x5458,0x5454,0x0A0A,0x0A0A,0x580A,0x580A,
	0x0A0A,0x0A0A,0x580A,0x0A0A,0x0A0A,0x0A0A,0x0A0A,0x0A0A,
	0x0A0A,0x5454,0x5454,0x5454,0x0A0A,0x5454,0x5454,0x5454,
	0x0A0A,0x5454,0x5454,0x5454,0x0A54,0x5454,0x5454,0x5454,
	0x5454,0x5454,0x5454,0x5454,0x0A58,0x580A,0x5858,0x5454,
	0x0A0A,0x5818,0x5858,0x5454,0x0A0A,0x0A0A,0x0A0A,0x540A,
	0x5454,0x0A0A,0x0A0A,0x540A,0x5454,0x0A0A,0x0A0A,0x0A32,
	0x5454,0x0A0A,0x0A0A,0x0A32,0x5454,0x5432,0x5454,0x5454,

	0x5454,0x5454,0x5454,0x5454,0x5454,0x5454,0x5454,0x5454,
	0x5454,0x5454,0x5454,0x5454,0x5454,0x5454,0x5454,0x5454,
	0x5454,0x5454,0x5454,0x0A54,0x0A0A,0x5454,0x5854,0x0A0A,
	0x0A0A,0x5454,0x5454,0x0A0A,0x0A54,0x5454,0x5454,0x0A54,
	0x5454,0x5454,0x0A54,0x540A,0x5454,0x5454,0x5454,0x5454,
	0x5454,0x5454,0x5454,0x5454,0x5454,0x5454,0x5454,0x5454,
	0x0A54,0x540A,0x5454,0x5454,0x0A0A,0x0A0A,0x5858,0x5858,
	0x5454,0x5454,0x5454,0x5454,0x5454,0x5454,0x5454,0x5454,

	0x5454,0x5454,0x5454,0x5454,0x5454,0x5454,0x5454,0x5454,
	0x5454,0x5454,0x5454,0x5454,0x5454,0x5454,0x5454,0x5454,
	0x5454,0x5454,0x5454,0x5454,0x580A,0x5858,0x5858,0x5858,
	0x0A54,0x0A58,0x0A58,0x0A0A,0x0A54,0x0A0A,0x0A0A,0x0A0A,
	0x0A0A,0x0A0A,0x0A0A,0x1818,0x0A0A,0x0A0A,0x0A0A,0x1A1A,
	0x0A0A,0x0A0A,0x0A0A,0x0A0A,0x0A0A,0x0A0A,0x0A0A,0x0A0A,
	0x0A0A,0x0A0A,0x0A0A,0x0A0A,0x0A0A,0x0A0A,0x0A0A,0x0A0A,
	0x0A0A,0x0A0A,0x0A0A,0x0A0A,0x0A0A,0x0A0A,0x0A0A,0x0A0A,

	0x1818,0x0A0A,0x0A0A,0x0A0A,0x0A0A,0x0A0A,0x0A0A,0x0A0A,
	0x0A0A,0x0A0A,0x0A0A,0x0A0A,0x0A0A,0x0A0A,0x0A0A,0x0A0A,
	0x0A0A,0x0A0A,0x0A0A,0x0A0A,0x0A0A,0x0A0A,0x0A0A,0x0A0A,
	0x0A0A,0x0A0A,0x0A0A,0x0A0A,0x0A0A,0x0A0A,0x0A0A,0x0A0A,
	0x0A0A,0x0A0A,0x0A0A,0x0A0A,0x0A0A,0x1818,0x0A0A,0x0A0A,
	0x0A0A,0x1818,0x0A0A,0x0A0A,0x0A0A,0x0A0A,0x0A0A,0x0A0A,
	0x0A0A,0x0A0A,0x0A0A,0x0A0A,0x0A0A,0x0A0A,0x0A0A,0x0A0A,
	0x0A0A,0x0A0A,0x0A0A,0x0A0A,0x0A0A,0x0A0A,0x0A0A,0x0A0A,

	0x0A0A,0x0A0A,0x0A0A,0x181A,0x0A0A,0x0A0A,0x1A0A,0x1A1A,
	0x0A0A,0x0A0A,0x1A0A,0x1A1A,0x0A0A,0x0A0A,0x0A0A,0x1A0A,
	0x0A0A,0x0A0A,0x0A0A,0x0A0A,0x180A,0x1A0A,0x0A1A,0x0A0A,
	0x1A0A,0x1A0A,0x1A1A,0x0A0A,0x1A1A,0x0A0A,0x0A0A,0x0A0A,
	0x1A1A,0x1A1A,0x1A1A,0x1A1A,0x1A1A,0x1A1A,0x1A1A,0x1A1A,
	0x1A1A,0x1A1A,0x1A1A,0x1A1A,0x1A1A,0x1A1A,0x1A1A,0x1A1A,
	0x1A1A,0x1A1A,0x1A1A,0x1A1A,0x1A0A,0x1A1A,0x1A1A,0x1A1A,
	0x1A0A,0x1A1A,0x1A1A,0x0A1A,0x0A0A,0x0A0A,0x0A32,0x0A0A,

	0x1A1A,0x1A1A,0x1A1A,0x1A1A,0x1A1A,0x1A1A,0x1A1A,0x1A1A,
	0x1A1A,0x1A1A,0x1A1A,0x1A1A,0x1A1A,0x1A1A,0x1A1A,0x1A1A,
	0x1A1A,0x1A1A,0x1A1A,0x1A1A,0x1A1A,0x1A1A,0x1A1A,0x1A1A,
	0x1A1A,0x1A1A,0x1A1A,0x1A1A,0x1A0A,0x1A1A,0x1A0A,0x1A0A,
	0x1A1A,0x1A1A,0x1A1A,0x1A1A,0x1A1A,0x1A1A,0x1A1A,0x1A1A,
	0x1A1A,0x1A1A,0x1A1A,0x1A1A,0x1A0A,0x1A1A,0x1A1A,0x1A1A,
	0x1A46,0x1A1A,0x1A1A,0x1A1A,0x1A1A,0x1A1A,0x1A1A,0x1A1A,
	0x1A1A,0x1A1A,0x1A1A,0x1A1A,0x1A1A,0x1A1A,0x1A1A,0x1A1A,

	0x1A1A,0x1A1A,0x1A1A,0x1A1A,0x1A1A,0x1A1A,0x1A1A,0x1A1A,
	0x1A1A,0x1A1A,0x1A1A,0x1A1A,0x1A1A,0x1A1A,0x1A1A,0x1A1A,
	0x1A1A,0x1A1A,0x1A1A,0x1A1A,0x1A1A,0x1A1A,0x1A1A,0x1A1A,
	0x1A1A,0x1A1A,0x1A1A,0x1A1A,0x1A1A,0x1A1A,0x1A1A,0x1A1A,
	0x1A1A,0x1A1A,0x1A1A,0x1A1A,0x1A1A,0x1A1A,0x1A1A,0x1A1A,
	0x1A1A,0x1A1A,0x1A1A,0x1A1A,0x1A1A,0x1A1A,0x1A1A,0x1A1A,
	0x1A1A,0x1A1A,0x1A1A,0x1A1A,0x1A1A,0x601A,0x1A1A,0x601A,
	0x1A1A,0x1A1A,0x1A1A,0x1A60,0x1A1A,0x1A60,0x0D60,0x0D60,

	0x1A1A,0x1A1A,0x1A1A,0x1A1A,0x1A1A,0x1A1A,0x1A1A,0x1A1A,
	0x1A1A,0x1A1A,0x1A1A,0x1A1A,0x1A1A,0x1A1A,0x1A95,0x1A1A,
	0x1A1A,0x191A,0x1A95,0x0D0D,0x1A1A,0x9595,0x1A1A,0x1919,
	0x601A,0x9519,0x1A1A,0x1A1A,0x1A60,0x1A1A,0x1A1A,0x1A1A,
	0x1A0A,0x1A1A,0x1A0A,0x1A1A,0x0A0A,0x1A0A,0x1A1A,0x1A1A,
	0x0A1A,0x1A0A,0x1A1A,0x1A1A,0x1A1A,0x1A1A,0x1A1A,0x1A1A,
	0x1A1A,0x1A1A,0x1A1A,0x1A1A,0x1A1A,0x1A1A,0x1A1A,0x1A1A,
	0x1A1A,0x1A1A,0x1A1A,0x1A1A,0x1A1A,0x1A1A,0x1A1A,0x1A1A,

	0x1A1A,0x1A1A,0x4B1A,0x4B4B,0x1A1A,0x1A1A,0x4B1A,0x4B4B,
	0x1A1A,0x1A1A,0x4B1A,0x4B4B,0x1A1A,0x1A1A,0x4B1A,0x4B4B,
	0x1A1A,0x1A1A,0x4B1A,0x4B4B,0x1A1A,0x1A1A,0x4B1A,0x4B4B,
	0x1A1A,0x1A1A,0x4B1A,0x4B4B,0x1A1A,0x1A1A,0x901A,0x4B4B,
	0x4B4B,0x4B4B,0x4B4B,0x180A,0x4B4B,0x4B4B,0x4B4B,0x1A1A,
	0x4B4B,0x4B4B,0x4B4B,0x0A0A,0x4B4B,0x4B4B,0x4B4B,0x0A0A,
	0x4B4B,0x4B4B,0x4B4B,0x0A0A,0x4B4B,0x4B4B,0x4B4B,0x0A0A,
	0x4B4B,0x4B4B,0x4B4B,0x0A0A,0x4B4B,0x4B4B,0x4B4B,0x0A0A,

	0x0A18,0x0A0A,0x0A0A,0x0A0A,0x0A0A,0x0A0A,0x0A0A,0x0A0A,
	0x0A0A,0x0A0A,0x0A0A,0x0A0A,0x0A0A,0x0A0A,0x0A46,0x1A0A,
	0x0A0A,0x0A0A,0x0A0A,0x1A1A,0x0A0A,0x0A0A,0x0A0A,0x0A1A,
	0x0A0A,0x0A0A,0x0A46,0x0A32,0x0A0A,0x0A0A,0x0A0A,0x0A0A,
	0x0A0A,0x1846,0x1846,0x4646,0x0A0A,0x460A,0x0A46,0x461A,
	0x0A0A,0x460A,0x1A0A,0x1A1A,0x1A1A,0x1A0A,0x1A1A,0x1A1A,
	0x0A1A,0x0A0A,0x1A0A,0x1A1A,0x0A0A,0x0A0A,0x1A0A,0x1A1A,
	0x0A0A,0x0A0A,0x1A0A,0x1A1A,0x0A32,0x1A32,0x1A1A,0x1A1A,

	0x0A46,0x1A0A,0x1A1A,0x1A1A,0x1A1A,0x0A0A,0x1A1A,0x1A1A,
	0x1A1A,0x0A0A,0x1A0A,0x1A0A,0x1A1A,0x0A1A,0x1A0A,0x0A1A,
	0x1A1A,0x0A1A,0x1A1A,0x1A1A,0x0A1A,0x1A1A,0x1A1A,0x1A1A,
	0x1A1A,0x1A1A,0x1A1A,0x1A1A,0x1A1A,0x1A1A,0x1A1A,0x1A1A,
	0x1A0A,0x1A1A,0x1A1A,0x0A0A,0x1A1A,0x1A1A,0x0A0A,0x3B1A,
	0x1A1A,0x1A1A,0x1A1A,0x1A1A,0x1A1A,0x1A1A,0x1A1A,0x1A1A,
	0x1A0A,0x1A1A,0x0A0A,0x0A1A,0x1A1A,0x1A1A,0x1A1A,0x0A0A,
	0x1A1A,0x1A1A,0x0A1A,0x0A0A,0x1A1A,0x1A1A,0x1A1A,0x1A0A,

	0x0A0A,0x1A1A,0x0A0A,0x0A0A,0x0A1A,0x0A0A,0x0A0A,0x0A0A,
	0x3B1A,0x0A3B,0x0A0A,0x0A0A,0x3B0A,0x1A1A,0x1A1A,0x0A0A,
	0x0A0A,0x1A1A,0x1A1A,0x1A0A,0x1A1A,0x1A0A,0x1A1A,0x0A0A,
	0x1A1A,0x1A1A,0x1A1A,0x0A0A,0x1A1A,0x1A1A,0x1A1A,0x0A18,
	0x0A0A,0x0A0A,0x0A0A,0x0A0A,0x0A0A,0x0A0A,0x0A0A,0x0A0A,
	0x0A0A,0x0A0A,0x0A0A,0x0A0A,0x0A0A,0x0A0A,0x0A0A,0x0A0A,
	0x0A0A,0x0A0A,0x0A0A,0x0A0A,0x0A0A,0x1A1A,0x0A0A,0x0A0A,
	0x0A0A,0x1A1A,0x0A0A,0x0A0A,0x0A0A,0x0A0A,0x0A0A,0x0A0A,

	0x0A0A,0x0A0A,0x0A0A,0x0A0A,0x0A0A,0x0A0A,0x0A0A,0x0A0A,
	0x0A0A,0x0A0A,0x0A0A,0x0A0A,0x0A0A,0x0A0A,0x0A0A,0x0A0A,
	0x0A0A,0x0A0A,0x0A0A,0x0A0A,0x0A0A,0x3B3B,0x0A18,0x0A0A,
	0x0A0A,0x3B1A,0x0A0A,0x0A0A,0x0A0A,0x0A0A,0x0A0A,0x0A0A,
	0x0A0A,0x0A0A,0x0A0A,0x0A0A,0x0A0A,0x0A0A,0x0A0A,0x0A0A,
	0x0A0A,0x0A0A,0x0A0A,0x0A0A,0x0A0A,0x3B0A,0x0A0A,0x0A0A,
	0x0A0A,0x3B0A,0x0A68,0x0A0A,0x1818,0x3B68,0x683B,0x680A,
	0x1A1A,0x6868,0x683B,0x680A,0x0A0A,0x680A,0x0A0A,0x6868,

	0x0A0A,0x0A0A,0x0A4D,0x0A0A,0x0A0A,0x0A4D,0x4D0A,0x0A0A,
	0x0A0A,0x4D4D,0x4D0A,0x0A0A,0x0A0A,0x4D0A,0x0A0A,0x0A4D,
	0x6868,0x0A0A,0x0A4D,0x0A9E,0x0A0A,0x0A0A,0x4D4D,0x4D4D,
	0x0A0A,0x0A68,0x4D9E,0x4D4D,0x6868,0x9E0A,0x4D4D,0x4D4D,
	0x0A0A,0x0A0A,0x1818,0x0A1A,0x0A0A,0x0A0A,0x0A4D,0x0A0A,
	0x0A0A,0x4D0A,0x0A0A,0x0A0A,0x0A4D,0x4D4D,0x1A1A,0x0A0A,
	0x0A4D,0x0A9E,0x0A1A,0x9E0A,0x4D9E,0x9E9E,0x4D0A,0x0A9E,
	0x9E9E,0x9E0A,0x0A4D,0x0A9E,0x9E4D,0x9E9E,0x9E46,0x460A,

	0x1A18,0x1A1A,0x1A1A,0x1A1A,0x0A18,0x1A1A,0x1A1A,0x101A,
	0x1A1A,0x1A0A,0x101A,0x1010,0x0A9E,0x1A0A,0x1A10,0x1A1A,
	0x0A0A,0x1A0A,0x1045,0x451A,0x1A0A,0x1045,0x4545,0x4510,
	0x1A1A,0x1A10,0x1045,0x4510,0x9E1A,0x1A1A,0x1A1A,0x1010,
	0x101A,0x1A10,0x1A1A,0x1A45,0x1045,0x1010,0x1010,0x1010,
	0x1045,0x1010,0x101A,0x1010,0x101A,0x1010,0x1010,0x1010,
	0x1010,0x1010,0x1010,0x1010,0x1010,0x1010,0x1A10,0x1010,
	0x101A,0x1010,0x1A10,0x1010,0x1010,0x1010,0x1010,0x101A,

	0x1010,0x1010,0x0A10,0x670A,0x1010,0x1010,0xAEB5,0x67B5,
	0x101A,0x1010,0xB5B5,0x67B5,0x1010,0x1010,0x2067,0x7B44,
	0x1010,0x100A,0x44B5,0x4444,0x1010,0x1A0A,0xAE44,0x44B5,
	0x0A0A,0x1A44,0xAE0A,0x7B1A,0x1010,0x1010,0x1AB5,0x1010,
	0x6767,0x1010,0x101A,0x1010,0xAEAE,0x1044,0x1010,0x1010,
	0x0A0A,0x1044,0x1010,0x1010,0xAEB5,0x6767,0x1010,0x1010,
	0xAE0A,0x677B,0x1067,0x1010,0xAEB5,0x10AE,0x1010,0x1010,
	0x0AB5,0x10AE,0x1010,0x1010,0xB51A,0x0A1A,0x1A10,0x1010,

	0x1010,0x1010,0x1010,0x1010,0x101A,0x1010,0x1010,0x1010,
	0x101A,0x1010,0x1010,0x1A10,0x1010,0x1010,0x1010,0x1010,
	0x1010,0x1010,0x1010,0x1010,0x1010,0x1010,0x1010,0x1010,
	0x1010,0x1010,0x1010,0x1010,0x1010,0x1010,0x1010,0x1010,
	0x1010,0x1A10,0x1A1A,0x1A1A,0x1010,0x1010,0x1A1A,0x1A1A,
	0x1010,0x1A1A,0x1A1A,0x1A1A,0x101A,0x1010,0x1A10,0x1A1A,
	0x1010,0x1010,0x1010,0x1A1A,0x1010,0x1010,0x1010,0x1A1A,
	0x1010,0x1010,0x101A,0x1A1A,0x1A10,0x1A1A,0x1A1A,0x1A73,

	0x1A1A,0x1A1A,0x1A1A,0x1A1A,0x1A1A,0x1A1A,0x1A1A,0x1A1A,
	0x1A1A,0x1A1A,0x1A1A,0x1A1A,0x1A1A,0x1A1A,0x1A1A,0x1A1A,
	0x1A1A,0x1A1A,0x1A1A,0x1A1A,0x1A1A,0x1A1A,0xC71A,0x1A1A,
	0x1A1A,0x1A1A,0xAD1A,0x1AC7,0x1A1A,0xC71A,0xA6A6,0x73A6,
	0x1A1A,0x0A0A,0x1A0A,0x1A73,0xC71A,0x0AA7,0xC70A,0xA7AD,
	0xC70A,0x1AAD,0xA7A6,0xA6AD,0x1A1A,0xADAD,0xA6AD,0xC7A6,
	0xC71A,0x1AAD,0x0AA6,0xA7A6,0xAD1A,0xA7A7,0xA7A6,0x0505,
	0xA6A6,0x73A6,0xA6A6,0x0505,0x0505,0x73A6,0xA7A7,0x73AD,

	0xA61A,0xC7A6,0x05A6,0x73AD,0xA6AD,0xC7A6,0xADAD,0x73AD,
	0xADA6,0x7373,0xADAD,0xC2AD,0xADA6,0xA6A6,0xC273,0x08C3,
	0xA6C7,0xA6A6,0x6B73,0x08C3,0xADA7,0xADAD,0x6B73,0x138F,
	0xADA7,0xADAD,0x6B73,0xBFBF,0xC273,0x6BC2,0x136B,0xBFBF,
	0xBFBF,0x6BBF,0x136B,0x1313,0xBFBF,0xBFBF,0xBFBF,0xBFBF,
	0x6B6B,0x1313,0xBFBF,0xBFBF,0x13A1,0x1313,0x1313,0x1313,
	0xA113,0x1313,0x1313,0x1313,0x1313,0x1313,0xBFBF,0xBF6B,
	0xBFBF,0xBFBF,0xBFBF,0x6BBF,0xBFBF,0xBFBF,0xBFBF,0xA113,

	0x1313,0x1313,0xBFBF,0x6BBF,0x6B6B,0x1313,0x1313,0xBFBF,
	0xBFBF,0x6B6B,0xA16B,0x8FA1,0x6B13,0xBFBF,0xBFBF,0x1313,
	0x6BBF,0xBFBF,0xBFBF,0xBFBF,0x6BBF,0xBFBF,0x1313,0xBF13,
	0x6B6B,0x1313,0x6B6B,0x6B6B,0x1313,0x1313,0x1313,0x1313,
	0xBFBF,0xBFBF,0xBFBF,0xBFBF,0x6B6B,0xBF6B,0xBFBF,0x6BBF,
	0x8F8F,0x6B8F,0x6BBF,0xBF6B,0x1313,0x1313,0xA113,0x1313,
	0x13BF,0x1313,0x136B,0xA1A1,0xBFBF,0x6B6B,0x1313,0x1313,
	0x6BA1,0x8F8F,0xBFBF,0xBFBF,0x1313,0x1313,0xBFBF,0xBFBF,

	0x1A1A,0x1A1A,0x1A1A,0x1A1A,0x1A1A,0x1A1A,0x1A1A,0x1A1A,
	0x1A1A,0x1A1A,0x1A1A,0x1A1A,0x1A1A,0x1A1A,0x1A1A,0x1A1A,
	0x1A1A,0x1A1A,0x1A1A,0x1A1A,0x1A1A,0x1A1A,0x1A1A,0x1A1A,
	0x1A1A,0x1A1A,0x1A1A,0x1A1A,0x1A1A,0x1A1A,0x1A1A,0x1A1A,
	0x1A1A,0x1A1A,0x1A1A,0x1A1A,0x1A1A,0x1A1A,0x1A1A,0x1A1A,
	0x1A1A,0x1A1A,0x1A1A,0x1A1A,0x1A1A,0x1A1A,0x1A1A,0x1A1A,
	0x1A1A,0x1A1A,0x1A1A,0x1A1A,0x1A1A,0x1A1A,0x1A1A,0x1A1A,
	0x1A1A,0x1A1A,0x1A1A,0x1A1A,0x1A1A,0x1A1A,0x1A1A,0x1A1A,

	0x1A1A,0x1A1A,0x1A1A,0x1A1A,0x1A1A,0x1A1A,0x1A1A,0x1A1A,
	0x1A1A,0x1A1A,0x1A1A,0x1A1A,0x1A1A,0x1A1A,0x1A1A,0x1A1A,
	0x1A1A,0x1A1A,0x1A1A,0x1A1A,0x1A1A,0x1A1A,0x1A1A,0x1A1A,
	0x1A1A,0x1A1A,0x1A1A,0x1A1A,0x1A1A,0x1A1A,0x1A1A,0x1A1A,
	0x1A1A,0x1A1A,0x1A1A,0x181A,0x1A1A,0x1A1A,0x0A1A,0x0A0A,
	0x1A1A,0x1A1A,0x1A1A,0x0A0A,0x1A1A,0x1A1A,0x0A1A,0x0A0A,
	0x1A1A,0x1A1A,0x1A1A,0x0A0A,0x1A1A,0x1A1A,0x1A1A,0x1A1A,
	0x1A1A,0x1A1A,0x1A1A,0x1A1A,0x1A1A,0x1A1A,0x1A1A,0x1A1A,

	0x1A18,0x0A1A,0x0A0A,0x690A,0x1A1A,0x1A1A,0x0A0A,0x1A0A,
	0x1A1A,0x0A0A,0x0A0A,0x0A0A,0x1A1A,0x1A1A,0x0A0A,0x1A1A,
	0x1A1A,0x0A1A,0x0A0A,0x1A1A,0x1A1A,0x1A0A,0x0A0A,0x0A0A,
	0x1A1A,0x1A1A,0x1A1A,0x1A0A,0x1A1A,0x1A1A,0x0A1A,0x0A0A,
	0x0A0A,0x0A0A,0x0A0A,0x0A0A,0x0A69,0x0A0A,0x0A0A,0x0A0A,
	0x0A1A,0x0A0A,0x0A0A,0x0A0A,0x0A0A,0x0A0A,0x0A0A,0x0A0A,
	0x0A0A,0x0A0A,0x0A0A,0x0A0A,0x0A0A,0x0A0A,0x0A0A,0x0A0A,
	0x0A0A,0x0A0A,0x0A0A,0x0A0A,0x0A0A,0x0A0A,0x0A0A,0x0A0A,

	0x0A0A,0x0A0A,0x0A0A,0x0A0A,0x0A0A,0x0A0A,0x0A0A,0x0A0A,
	0x0A0A,0x0A0A,0x0A0A,0x0A0A,0x0A0A,0x0A0A,0x0A0A,0x0A0A,
	0x0A0A,0x0A0A,0x0A0A,0x0A0A,0x0A0A,0x0A0A,0x0A0A,0x0A0A,
	0x0A0A,0x0A0A,0x0A0A,0x0A0A,0x0A0A,0x0A0A,0x0A0A,0x0A0A,
	0x0A0A,0x0A0A,0x0A0A,0x0A0A,0x0A0A,0x0A0A,0x0A0A,0x0A0A,
	0x0A0A,0x0A0A,0x0A0A,0x0A0A,0x0A0A,0x0A0A,0x0A0A,0x0A0A,
	0x0A0A,0x0A0A,0x0A0A,0x0A0A,0x0A0A,0x0A0A,0x0A0A,0x0A0A,
	0x0A0A,0x0A0A,0x0A0A,0x0A0A,0x0A0A,0x0A0A,0x0A0A,0x0A0A,

	0x0A0A,0x1818,0x180A,0x1A1A,0x0A0A,0x0A1A,0x0A18,0x0A0A,
	0x0A0A,0x0A0A,0x1818,0x0A0A,0x0A0A,0x0A0A,0x181A,0x0A0A,
	0x0A0A,0x0A0A,0x0A0A,0x0A0A,0x0A0A,0x0A0A,0x0A0A,0x0A0A,
	0x0A0A,0x0A0A,0x0A0A,0x0A0A,0x0A0A,0x0A0A,0x0A0A,0x0A0A,
	0x0A0A,0x0A0A,0x0A0A,0x0A0A,0x0A0A,0x0A0A,0x0A0A,0x180A,
	0x0A0A,0x0A0A,0x1818,0x180A,0x0A0A,0x0A0A,0x1A1A,0x0A0A,
	0x0A0A,0x0A0A,0x0A0A,0x0A0A,0x0A0A,0x0A0A,0x0A0A,0x0A0A,
	0x0A0A,0x0A0A,0x0A0A,0x0A0A,0x0A0A,0x0A0A,0x0A0A,0x0A0A,

	0x0A0A,0x0A0A,0x0A0A,0x0A0A,0x0A0A,0x0A0A,0x0A0A,0x0A0A,
	0x0A1A,0x0A0A,0x0A0A,0x0A0A,0x1818,0x0A0A,0x0A0A,0x0A0A,
	0x1818,0x0A0A,0x0A0A,0x0A0A,0x0A0A,0x0A0A,0x0A0A,0x0A0A,
	0x0A0A,0x0A0A,0x0A0A,0x0A0A,0x0A0A,0x0A0A,0x0A0A,0x0A0A,
	0x0A0A,0x0A0A,0x5454,0x5454,0x0A0A,0x0A0A,0x5454,0x5454,
	0x0A0A,0x0A0A,0x5454,0x5454,0x0A0A,0x0A0A,0x5454,0x5454,
	0x0A0A,0x0A32,0x5454,0x5454,0x0A0A,0x320A,0x549F,0x5454,
	0x0A0A,0x0A0A,0x549F,0x5454,0x0A0A,0x0A0A,0x580A,0x0A0A,

	0x5454,0x5454,0x5454,0x0A0A,0x5454,0x5454,0x5454,0x180A,
	0x5454,0x5454,0x5454,0x180A,0x5454,0x5454,0x5454,0x0A54,
	0x5454,0x5454,0x5454,0x0A54,0x5454,0x5454,0x5454,0x0A54,
	0x0A54,0x5454,0x0A54,0x0A54,0x0A0A,0x0A0A,0x0A0A,0x0A0A,
	0x540A,0x5454,0x5454,0x5454,0x5454,0x5454,0x5454,0x5454,
	0x5454,0x5454,0x5454,0x5454,0x5454,0x5454,0x5454,0x5454,
	0x5454,0x5454,0x5454,0x5454,0x5454,0x5454,0x5454,0x5454,
	0x5454,0x540A,0x5454,0x0A54,0x0A0A,0x0A0A,0x0A0A,0x0A0A,

	0x5454,0x5454,0x5454,0x5454,0x5454,0x5454,0x5454,0x5454,
	0x5454,0x5454,0x5454,0x5454,0x5454,0x5454,0x5454,0x5454,
	0x5454,0x5454,0x5454,0x5454,0x5454,0x5454,0x5454,0x5454,
	0x5454,0x5454,0x5454,0x5454,0x9F0A,0x0A58,0x0A0A,0x0A0A,
	0x5454,0x5454,0x5454,0x5454,0x5454,0x5454,0x5454,0x5454,
	0x5454,0x5454,0x5454,0x5454,0x5454,0x5454,0x5454,0x5454,
	0x5454,0x5454,0x5454,0x5454,0x5454,0x5454,0x5454,0x5454,
	0x540A,0x540A,0x5454,0x5454,0x0A0A,0x0A0A,0x0A0A,0x580A,

	0x5454,0x5454,0x540A,0x5454,0x5454,0x5454,0x540A,0x540A,
	0x5454,0x5454,0x580A,0x580A,0x5454,0x5454,0x540A,0x5454,
	0x5454,0x5454,0x540A,0x5454,0x5454,0x5454,0x540A,0x5454,
	0x5454,0x5454,0x540A,0x540A,0x5454,0x540A,0x0A0A,0x0A0A,
	0x5454,0x5454,0x5454,0x5454,0x5454,0x0A54,0x5454,0x540A,
	0x580A,0x0A58,0x0A58,0x580A,0x5454,0x5454,0x5454,0x5454,
	0x5454,0x5454,0x5454,0x5454,0x5454,0x5454,0x5454,0x5454,
	0x5454,0x5454,0x5454,0x540A,0x0A0A,0x0A58,0x0A0A,0x0A0A,

	0x540A,0x5454,0x5454,0x5454,0x540A,0x5454,0x5454,0x5454,
	0x540A,0x5454,0x5454,0x5454,0x540A,0x5454,0x5454,0x5454,
	0x5454,0x5454,0x5454,0x5454,0x5454,0x5454,0x5454,0x5454,
	0x5454,0x5454,0x5454,0x3254,0x0A0A,0x0A54,0x5854,0x0A0A,
	0x5454,0x0A0A,0x0A0A,0x5454,0x5454,0x0A32,0x0A0A,0x5454,
	0x5454,0x0A0A,0x0A0A,0x5454,0x5454,0x0A32,0x0A0A,0x5454,
	0x5454,0x0A32,0x0A0A,0x5858,0x5454,0x0A32,0x0A0A,0x0A0A,
	0x5432,0x0A0A,0x0A0A,0x0A0A,0x0A0A,0x0A0A,0x0A0A,0x0A0A,

	0x5454,0x5454,0x5454,0x5454,0x5454,0x5454,0x5454,0x5454,
	0x5454,0x5454,0x5454,0x5454,0x5454,0x5454,0x5454,0x5454,
	0x5454,0x5454,0x5454,0x5454,0x5454,0x5454,0x5454,0x5454,
	0x5454,0x5454,0x5454,0x5454,0x0A58,0x0A58,0x0A0A,0x580A,
	0x0A0A,0x0A0A,0x5454,0x5454,0x0A54,0x0A0A,0x5454,0x5454,
	0x0A54,0x0A0A,0x5454,0x5454,0x0A54,0x540A,0x5454,0x5454,
	0x0A54,0x540A,0x5454,0x5454,0x0A54,0x540A,0x540A,0x5432,
	0x0A58,0x580A,0x580A,0x0A0A,0x0A0A,0x0A0A,0x0A0A,0x0A0A,

	0x5454,0x1A1A,0x0A0A,0x0A0A,0x5454,0x0A0A,0x0A0A,0x0A18,
	0x5454,0x0A0A,0x0A0A,0x0A18,0x5454,0x0A0A,0x0A0A,0x0A0A,
	0x5454,0x0A0A,0x0A0A,0x0A0A,0x540A,0x0A0A,0x0A0A,0x0A0A,
	0x580A,0x0A0A,0x0A0A,0x0A0A,0x0A0A,0x0A0A,0x0A0A,0x0A0A,
	0x3232,0x5454,0x5454,0x5454,0x0A0A,0x5454,0x5454,0x5454,
	0x0A0A,0x5454,0x5454,0x5454,0x0A0A,0x5454,0x5454,0x5454,
	0x0A0A,0x5454,0x5454,0x5454,0x0A0A,0x5454,0x5454,0x5454,
	0x0A0A,0x5454,0x0A54,0x5454,0x0A0A,0x0A58,0x0A58,0x0A0A,

	0x0A54,0x5454,0x5454,0x5454,0x0A54,0x5454,0x5454,0x5454,
	0x0A54,0x5454,0x5454,0x5454,0x0A54,0x5454,0x5454,0x5454,
	0x0A54,0x5454,0x5454,0x5454,0x0A54,0x5454,0x0A54,0x5454,
	0x1A54,0x0A54,0x0A54,0x540A,0x0A54,0x0A58,0x0A0A,0x0A0A,
	0x5454,0x5432,0x5454,0x5454,0x5454,0x540A,0x5454,0x5454,
	0x5454,0x540A,0x5454,0x5454,0x5454,0x540A,0x5454,0x5454,
	0x5454,0x540A,0x5454,0x5454,0x5454,0x540A,0x5454,0x5454,
	0x5454,0x540A,0x540A,0x5454,0x0A58,0x580A,0x0A0A,0x580A,

	0x0A54,0x5454,0x5454,0x0A54,0x0A54,0x5454,0x5454,0x0A54,
	0x0A54,0x5454,0x5454,0x0A54,0x0A54,0x5454,0x5454,0x0A54,
	0x0A54,0x5454,0x5454,0x0A54,0x0A54,0x5454,0x5454,0x0A54,
	0x0A54,0x5454,0x5454,0x0A54,0x0A58,0x9F58,0x549F,0x0A54,
	0x5454,0x5454,0x5454,0x5454,0x5454,0x5454,0x5454,0x5454,
	0x5454,0x5454,0x5454,0x5454,0x5454,0x5454,0x5454,0x5454,
	0x5454,0x5454,0x5454,0x5454,0x5454,0x5454,0x5454,0x5454,
	0x5454,0x5454,0x540A,0x0A54,0x5858,0x0A0A,0x0A0A,0x0A0A,

	0x0A54,0x0A0A,0x0A0A,0x0A0A,0x0A54,0x0A0A,0x0A0A,0x0A0A,
	0x0A54,0x0A0A,0x0A0A,0x180A,0x0A54,0x0A0A,0x0A18,0x1818,
	0x0A54,0x0A0A,0x1818,0x1A18,0x0A54,0x0A0A,0x0A0A,0x0A0A,
	0x0A54,0x0A0A,0x0A0A,0x0A0A,0x0A0A,0x0A0A,0x0A0A,0x0A0A,
	0x0A0A,0x0A0A,0x0A0A,0x0A0A,0x0A0A,0x0A0A,0x0A0A,0x0A0A,
	0x0A0A,0x0A0A,0x0A0A,0x0A0A,0x0A0A,0x0A0A,0x0A0A,0x0A0A,
	0x0A0A,0x0A0A,0x0A0A,0x0A0A,0x0A0A,0x0A0A,0x0A0A,0x0A0A,
	0x0A0A,0x0A0A,0x0A0A,0x0A0A,0x0A0A,0x0A0A,0x0A0A,0x0A0A,

	0x0A0A,0x0A0A,0x0A0A,0x0A0A,0x0A0A,0x0A0A,0x0A0A,0x0A0A,
	0x0A0A,0x0A0A,0x0A0A,0x0A0A,0x0A0A,0x0A0A,0x0A0A,0x0A0A,
	0x0A0A,0x0A0A,0x0A0A,0x0A0A,0x0A0A,0x0A0A,0x0A0A,0x0A0A,
	0x0A0A,0x0A0A,0x0A0A,0x0A0A,0x0A0A,0x0A0A,0x0A0A,0x0A0A,
	0x0A0A,0x0A0A,0x0A0A,0x0A0A,0x0A0A,0x0A0A,0x0A0A,0x0A0A,
	0x0A0A,0x0A0A,0x0A0A,0x0A0A,0x0A0A,0x0A0A,0x3B0A,0x0A0A,
	0x0A0A,0x1818,0x3B0A,0x0A1A,0x0A0A,0x1A1A,0x0A0A,0x0A3B,
	0x0A0A,0x0A0A,0x0A0A,0x1A1A,0x0A0A,0x0A0A,0x0A0A,0x0A0A,

	0x0A0A,0x0A0A,0x0A0A,0x0A0A,0x0A0A,0x0A0A,0x0A0A,0x0A0A,
	0x0A0A,0x0A0A,0x0A0A,0x0A0A,0x0A0A,0x0A0A,0x0A0A,0x1A1A,
	0x0A0A,0x180A,0x0A0A,0x1A0A,0x0A0A,0x1A1A,0x180A,0x0A0A,
	0x0A0A,0x0A0A,0x180A,0x0A1A,0x0A0A,0x0A0A,0x0A0A,0x0A0A,
	0x0A32,0x0A0A,0x0A32,0x0A0A,0x3232,0x0A32,0x0A32,0x3232,
	0x320A,0x0A32,0x0A0A,0x0A32,0x0A1A,0x0A0A,0x0A0A,0x0A1A,
	0x0A1A,0x0A0A,0x1A0A,0x1A1A,0x0A0A,0x0A0A,0x0A0A,0x1A0A,
	0x0A0A,0x0A0A,0x0A0A,0x1A0A,0x0A0A,0x0A0A,0x0A0A,0x0A0A,

	0x0A0A,0x0A1A,0x0A0A,0x1A1A,0x3232,0x320A,0x0A0A,0x1A0A,
	0x0A32,0x0A32,0x0A0A,0x0A0A,0x1A1A,0x0A0A,0x0A0A,0x0A0A,
	0x1A1A,0x0A1A,0x0A0A,0x0A0A,0x1A0A,0x0A0A,0x0A0A,0x3B0A,
	0x0A0A,0x0A0A,0x0A0A,0x1A1A,0x0A0A,0x0A0A,0x0A0A,0x0A0A,
	0x1A1A,0x1A1A,0x1A1A,0x1A1A,0x1A1A,0x0A1A,0x1A1A,0x1A1A,
	0x0A1A,0x0A0A,0x1A0A,0x1A1A,0x0A0A,0x0A18,0x1A1A,0x1A1A,
	0x180A,0x0A1A,0x1A1A,0x1A1A,0x1A0A,0x1A1A,0x1A1A,0x1A1A,
	0x1A0A,0x1A1A,0x1A1A,0x1A1A,0x0A0A,0x1A1A,0x1A1A,0x1A1A,

	0x1A1A,0x1A1A,0x1A1A,0x1A1A,0x1A1A,0x1A1A,0x1A1A,0x1A1A,
	0x1A1A,0x1A1A,0x1A1A,0x1A1A,0x1A1A,0x1A1A,0x1A1A,0x1A1A,
	0x1A1A,0x1A1A,0x1A1A,0x1A1A,0x1A1A,0x1A1A,0x1A1A,0x1A1A,
	0x1A1A,0x1A1A,0x1A1A,0x1A1A,0x1A1A,0x1A1A,0x1A1A,0x1A1A,
	0x1A1A,0x601A,0x0D60,0x6060,0x1A1A,0x1A1A,0x600D,0x600D,
	0x1A1A,0x1A1A,0x1A60,0x1A1A,0x1A1A,0x1A1A,0x1A1A,0x1A1A,
	0x1A1A,0x1A1A,0x1A1A,0x1A1A,0x1A1A,0x1A1A,0x1A1A,0x1A1A,
	0x1A1A,0x1A1A,0x1A1A,0x1A1A,0x1A1A,0x1A1A,0x1A1A,0x1A1A,

	0x1A1A,0x1A1A,0x1A1A,0x1A1A,0x1A1A,0x1A1A,0x1A1A,0x1A1A,
	0x1A1A,0x1A1A,0x1A1A,0x1A1A,0x1A1A,0x1A1A,0x1A1A,0x1A1A,
	0x1A1A,0x1A1A,0x1A1A,0x1A1A,0x1A1A,0x1A1A,0x1A1A,0x1A1A,
	0x1A1A,0x1A1A,0x1A1A,0x1A1A,0x1A1A,0x1A1A,0x1A1A,0x1A1A,
	0x1A60,0x1A1A,0x1A1A,0x1A1A,0x601A,0x601A,0x601A,0x1A1A,
	0x601A,0x0D60,0x1A60,0x1A1A,0x0D60,0x1A60,0x1A0D,0x1A1A,
	0x0D60,0x0D60,0x1A1A,0x1A1A,0x600D,0x0D1A,0x1919,0x1A1A,
	0x6019,0x1A1A,0x1A1A,0x1A1A,0x1A1A,0x1A1A,0x1A1A,0x1A1A,

	0x1A1A,0x1A1A,0x901A,0x4B4B,0x1A1A,0x1A1A,0x4B1A,0x4B4B,
	0x1A1A,0x1A1A,0x4B1A,0x4B4B,0x1A1A,0x1A1A,0x4B1A,0x4B4B,
	0x1A1A,0x1A1A,0x4B1A,0x4B4B,0x1A1A,0x1A1A,0x4B1A,0x4B4B,
	0x1A1A,0x1A1A,0x4B1A,0x4B4B,0x1A1A,0x1A1A,0x4B1A,0x4B4B,
	0x4B4B,0x4B4B,0x4B4B,0x0A0A,0x4B4B,0x4B4B,0x4B4B,0x3B0A,
	0x4B4B,0x4B4B,0x4B4B,0x3B1A,0x4B4B,0x4B4B,0x4B4B,0x0A0A,
	0x4B4B,0x4B4B,0x4B4B,0x0A0A,0x4B4B,0x4B4B,0x4B4B,0x320A,
	0x4B4B,0x4B4B,0x4B4B,0x1A0A,0x4B4B,0x4B4B,0x4B4B,0x0A32,

	0x0A0A,0x0A0A,0x0A0A,0x0A32,0x0A0A,0x0A0A,0x0A0A,0x320A,
	0x0A1A,0x0A0A,0x0A0A,0x0A0A,0x0A0A,0x0A0A,0x0A0A,0x1A0A,
	0x0A0A,0x0A0A,0x0A0A,0x0A0A,0x320A,0x0A0A,0x0A0A,0x0A0A,
	0x320A,0x0A0A,0x0A0A,0x0A0A,0x0A0A,0x0A0A,0x0A0A,0x0A0A,
	0x0A32,0x1A1A,0x1A1A,0x1A1A,0x1A0A,0x1A1A,0x1A1A,0x1A1A,
	0x1A1A,0x1A1A,0x1A1A,0x1A1A,0x0A0A,0x1A0A,0x1A1A,0x1A1A,
	0x0A0A,0x1A0A,0x1A0A,0x1A1A,0x0A0A,0x0A0A,0x1A0A,0x1A1A,
	0x0A0A,0x0A0A,0x1A0A,0x1A1A,0x0A0A,0x1A1A,0x1A1A,0x1A1A,

	0x1A1A,0x1A1A,0x1A1A,0x1A1A,0x1A1A,0x1A0A,0x1A1A,0x1A1A,
	0x1A1A,0x1A1A,0x1A1A,0x1A1A,0x1A1A,0x1A1A,0x1A1A,0x1A1A,
	0x1A1A,0x1A1A,0x1A1A,0x1A1A,0x1A1A,0x1A1A,0x1A1A,0x1A1A,
	0x1A1A,0x1A1A,0x1A1A,0x1A1A,0x1A1A,0x1A1A,0x1A1A,0x1A1A,
	0x1A1A,0x1A1A,0x1A1A,0x1A1A,0x1A1A,0x1A1A,0x1A1A,0x1A1A,
	0x1A1A,0x1A1A,0x1A1A,0x1A1A,0x1A1A,0x1A1A,0x1A1A,0x1A1A,
	0x1A1A,0x1A1A,0x1A1A,0x1A1A,0x1A1A,0x1A1A,0x1A1A,0x1A1A,
	0x1A1A,0x1A1A,0x1A1A,0x1A1A,0x1A1A,0x1A1A,0x1A1A,0x1A1A,

	0x1A1A,0x1A1A,0x0A18,0x1A1A,0x1A1A,0x0A0A,0x1A0A,0x1A1A,
	0x1A1A,0x1A1A,0x1A0A,0x1A1A,0x1A1A,0x0A0A,0x0A0A,0x1A1A,
	0x1A1A,0x1A1A,0x1A0A,0x1A1A,0x1A1A,0x1A1A,0x1A1A,0x1A1A,
	0x1A1A,0x1A1A,0x1A1A,0x1A1A,0x1A1A,0x1A1A,0x1A1A,0x1A1A,
	0x0A0A,0x0A0A,0x6969,0x0A0A,0x0A1A,0x0A0A,0x691A,0x0A0A,
	0x0A0A,0x0A0A,0x1A0A,0x0A0A,0x0A1A,0x0A0A,0x0A1A,0x0A0A,
	0x0A0A,0x0A0A,0x1A1A,0x0A0A,0x1A1A,0x0A0A,0x0A0A,0x0A0A,
	0x1A1A,0x0A1A,0x1A1A,0x0A0A,0x1A1A,0x0A0A,0x0A0A,0x0A0A,

	0x0A0A,0x0A0A,0x0A0A,0x0A0A,0x0A0A,0x0A0A,0x180A,0x0A0A,
	0x0A0A,0x0A0A,0x0A0A,0x0A18,0x0A0A,0x0A0A,0x450A,0x6868,
	0x0A0A,0x0A0A,0x0A0A,0x0A0A,0x0A0A,0x0A0A,0x0A0A,0x0A0A,
	0x0A0A,0x0A0A,0x0A0A,0x0A0A,0x0A0A,0x0A0A,0x0A0A,0x0A0A,
	0x0A68,0x680A,0x0A68,0x689E,0x6868,0x6868,0x689E,0x9E9E,
	0x6868,0x6868,0x9E9E,0x9E9E,0x6868,0x0A68,0x9E0A,0x9E9E,
	0x680A,0x0A0A,0x9E69,0x9E9E,0x0A0A,0x6969,0x9E69,0x9E9E,
	0x0A0A,0x6969,0x9E69,0x9E9E,0x0A0A,0x4545,0x9E9E,0x9E9E,

	0x6868,0x9E9E,0x4D4D,0x4D4D,0x4D68,0x4D9E,0x4D4D,0x4D4D,
	0x9E68,0x4D9E,0x4D9E,0x4D4D,0x9E9E,0x4D68,0x9E9E,0x1A0A,
	0x9E9E,0x6868,0x9E9E,0x0A45,0x9E9E,0x9E9E,0x9E9E,0x9E0A,
	0x0A9E,0x0A9E,0x9E9E,0x9E9E,0x0A0A,0x0A0A,0x0A0A,0x9E17,
	0x9E4D,0x9E9E,0x9E9E,0x4D18,0x0A4D,0x9E9E,0x9E9E,0x9E9E,
	0x4D0A,0x9E9E,0x9E9E,0x9E9E,0x4D1A,0x9E9E,0x9E9E,0x469E,
	0x0A9E,0x9E9E,0x9E9E,0x1A9E,0x9E9E,0x9E9E,0x0A9E,0x109E,
	0x9E9E,0x9E18,0x1A1A,0x9E9E,0x459E,0x0A0A,0x1A1A,0x1A1A,

	0x1A9E,0x1A1A,0x1045,0x1010,0x1A10,0x1A1A,0x1010,0x1010,
	0x4646,0x1A1A,0x101A,0x1A10,0x1A1A,0x1A1A,0x1A1A,0x1A1A,
	0x1A1A,0x1A1A,0x1A1A,0x1A1A,0x109E,0x1A1A,0x1A1A,0x1A1A,
	0x109E,0x1010,0x1A1A,0x1A1A,0x1A1A,0x1A1A,0x1A1A,0x1A1A,
	0x1010,0x1010,0x1010,0x1010,0x1010,0x1A10,0x1010,0x1010,
	0x101A,0x1010,0x101A,0x1010,0x101A,0x1010,0x1010,0x1010,
	0x1010,0x1010,0x1010,0x1010,0x101A,0x1A1A,0x1A1A,0x101A,
	0x1A1A,0x1A1A,0x1A1A,0x1010,0x1A1A,0x1A1A,0x1A1A,0x1A1A,

	0x1010,0x1010,0x1010,0x1010,0x1010,0x1010,0x1010,0x1A10,
	0x1010,0x1010,0x1010,0x1010,0x1010,0x1010,0x1010,0x1010,
	0x1010,0x1010,0x1010,0x1010,0x1010,0x1010,0x1010,0x1010,
	0x1010,0x1010,0x1010,0x1010,0x101A,0x1010,0x1010,0x1010,
	0xB510,0xB51A,0x1010,0x1A10,0x1010,0x1010,0x1010,0x1010,
	0x1010,0x1010,0x1010,0x1010,0x1010,0x1010,0x101A,0x101A,
	0x1010,0x1A10,0x1A1A,0x101A,0x1A10,0x1A10,0x1A1A,0x1010,
	0x1A1A,0x1010,0x1A1A,0x1A10,0x1A1A,0x1A1A,0x1A1A,0x1A1A,

	0x1010,0x1010,0x1010,0x1010,0x1010,0x101A,0x1010,0x1010,
	0x1010,0x1010,0x1010,0x1010,0x1010,0x101A,0x101A,0x1A10,
	0x1010,0x1A1A,0x1A1A,0x1A10,0x101A,0x1010,0x0A1A,0x1A1A,
	0x1A1A,0x101A,0x1A1A,0x1A1A,0x1A1A,0x1A1A,0x1A1A,0x1A1A,
	0x1A10,0x1A1A,0xC71A,0x7373,0x1A1A,0x1A1A,0xAD1A,0xA6A6,
	0x1010,0x1A1A,0xADC7,0xA6A6,0x1010,0x7310,0x3B73,0xA61A,
	0x1A10,0x73C5,0xC773,0x731A,0x1A1A,0x731A,0x0A73,0xA673,
	0x1A1A,0xA61A,0xC7C7,0x73AD,0x1A1A,0x1A1A,0xA6A7,0xADA6,

	0x1AC7,0xAD73,0xA6A6,0xA7A6,0xADAD,0x1AA6,0x05AD,0x0505,
	0xADAD,0x1AA6,0x05AD,0x0505,0xA673,0xA6A6,0x7305,0x7373,
	0x1AA6,0x0505,0x7373,0x7373,0xA7A6,0x73AD,0x6B73,0x6B6B,
	0xADA7,0x73AD,0x6B6B,0x0808,0x7373,0x6BAD,0x0808,0x0808,
	0xA605,0xA6A7,0xA7A6,0x73AD,0xADAD,0xA605,0xC7A6,0x6B6B,
	0x05AD,0x0505,0xA7AD,0x08C3,0xADC3,0xADAD,0xC2AD,0x0808,
	0xAD6B,0xADAD,0x6BC2,0x8F8F,0xC3C3,0xC3C3,0x08C3,0x6B6B,
	0xC36B,0xC3C3,0x08C3,0xBFA1,0x1313,0x1313,0x6B6B,0x1313,

	0xC273,0xC3C3,0x6B7A,0xBFBF,0xC3C2,0xC3C3,0xBF6B,0x6B6B,
	0xBF08,0xBFBF,0xBFBF,0xBFBF,0x6BBF,0x1313,0x1313,0x1313,
	0x6B6B,0x1313,0x1313,0xBF13,0xBFBF,0x1313,0x1313,0xBF13,
	0xBFBF,0xBFBF,0x13A1,0xBFBF,0x1313,0xBFBF,0xA1A1,0x6B6B,
	0xBFBF,0xBFBF,0x1313,0x6B6B,0xBFBF,0x6BA1,0x1313,0x1313,
	0x6B6B,0xBFBF,0x1313,0x1313,0xBF13,0xBFBF,0x13BF,0xBF13,
	0xBFBF,0xBF6B,0xBFBF,0xBFBF,0xBFBF,0x6B6B,0x6B6B,0xBFBF,
	0xBFBF,0xBFBF,0xBFBF,0x6B6B,0xBF6B,0x1313,0x1313,0x1313,

	0x1313,0x1313,0x1313,0xBFBF,0x8F8F,0x1313,0x1313,0x1313,
	0x1313,0x6B6B,0x1313,0xBFBF,0xBFBF,0xBFBF,0xBF6B,0x136B,
	0xBFBF,0xBFBF,0x6B8F,0x136B,0xBFBF,0x8FBF,0xBF6B,0xBFBF,
	0xBFBF,0x6B8F,0xBFBF,0xBFBF,0x1313,0x136B,0x1313,0xBF13,
	0xBFBF,0xBF6B,0xBFBF,0xBFBF,0xBFBF,0xBFBF,0x6B6B,0xBFBF,
	0x6BBF,0xBFBF,0xBFBF,0xA16B,0x1313,0x1313,0x1313,0x6BBF,
	0x1313,0x1313,0xBFBF,0xBFBF,0xA113,0x1313,0xBFBF,0xBFBF,
	0xBFBF,0xBF13,0xBFBF,0x6BBF,0xBFBF,0xA1A1,0x6B6B,0x13BF,
};

const unsigned short _12Pal[256] __attribute__((aligned(4)))=
{
	0x2508,0x2617,0x2647,0x2928,0x3EA8,0x4296,0x1DB0,0x2D4F,
	0x4A71,0x2EF9,0x2290,0x1DD3,0x4318,0x1E53,0x39AF,0x36B8,
	0x1DAC,0x2DC7,0x5B7A,0x6305,0x2D9A,0x436E,0x29F3,0x2268,
	0x2AB2,0x29AB,0x1E30,0x7ABD,0x6ED2,0x212C,0x4F96,0x2A2F,
	0x1228,0x3EB7,0x3253,0x3E11,0x398A,0x2214,0x4712,0x331C,
	0x46FE,0x2658,0x2DCF,0x3350,0x7FB9,0x1DEE,0x35AC,0x214E,
	0x421F,0x4F0A,0x2AB1,0x367A,0x4658,0x6E89,0x473C,0x2613,
	0x431B,0x3EF8,0x4DC6,0x26D4,0x4F33,0x5169,0x36D8,0x35CF,

	0x3377,0x320C,0x258B,0x3976,0x1189,0x21EC,0x22D1,0x2655,
	0x298D,0x42D7,0x42F0,0x4B3A,0x3695,0x364B,0x2970,0x3E95,
	0x4B3B,0x290B,0x2698,0x67D5,0x471A,0x7F07,0x29D0,0x331A,
	0x39CD,0x37D9,0x3E32,0x3211,0x318C,0x7F1F,0x3676,0x1E31,
	0x1A94,0x41D0,0x21F5,0x5EFD,0x21D1,0x3F1A,0x2A14,0x218F,
	0x260C,0x32F4,0x2587,0x6B26,0x5753,0x3206,0x4B5D,0x2708,
	0x3255,0x1DCD,0x2DAD,0x29B2,0x4AD6,0x3569,0x391B,0x2D8C,
	0x296B,0x39D0,0x4A74,0x212D,0x25D2,0x3236,0x3231,0x739F,

	0x2932,0x35AE,0x29D2,0x2A33,0x294A,0x254F,0x31D0,0x46D3,
	0x2B59,0x2A32,0x25AE,0x25D0,0x3A54,0x2DCE,0x29B0,0x62E6,
	0x4F7D,0x4253,0x21D3,0x3ED7,0x294E,0x2295,0x5E26,0x4632,
	0x2190,0x4295,0x318D,0x2D4A,0x262F,0x2189,0x26EA,0x3EF9,
	0x358B,0x736C,0x252D,0x4719,0x2DD0,0x3228,0x3655,0x2DB1,
	0x46B6,0x3235,0x3ED8,0x4310,0x256C,0x2DD4,0x2E37,0x260D,
	0x5335,0x21B0,0x321F,0x2E14,0x3674,0x25D3,0x2E11,0x31F0,
	0x2DAB,0x2149,0x3697,0x222D,0x25B0,0x2679,0x3A0D,0x66E6,

	0x2E32,0x2E47,0x7789,0x4A92,0x39D1,0x254D,0x29F2,0x2990,
	0x2633,0x314F,0x0000,0x0000,0x0000,0x0000,0x0000,0x0000,
	0x0000,0x0000,0x0000,0x0000,0x0000,0x0000,0x0000,0x0000,
	0x0000,0x0000,0x0000,0x0000,0x0000,0x0000,0x0000,0x0000,
	0x0000,0x0000,0x0000,0x0000,0x0000,0x0000,0x0000,0x0000,
	0x0000,0x0000,0x0000,0x0000,0x0000,0x0000,0x0000,0x0000,
	0x0000,0x0000,0x0000,0x0000,0x0000,0x0000,0x0000,0x0000,
	0x0000,0x0000,0x0000,0x0000,0x0000,0x0000,0x0000,0x0000,
};

//}}BLOCK(_12)
