
//{{BLOCK(lose)

//======================================================================
//
//	lose, 240x160@8, 
//	+ palette 256 entries, not compressed
//	+ bitmap not compressed
//	Total size: 512 + 38400 = 38912
//
//	Time-stamp: 2025-04-09, 03:34:21
//	Exported by Cearn's GBA Image Transmogrifier, v0.8.3
//	( http://www.coranac.com/projects/#grit )
//
//======================================================================

const unsigned short loseBitmap[19200] __attribute__((aligned(4)))=
{
	0x3232,0x3232,0x3232,0x3232,0x7232,0xF991,0xA3A3,0xA3A3,
	0xA3A3,0xA3A3,0xA3A3,0xA3A3,0xA3A3,0xA3A3,0xA3A3,0xA3A3,
	0xA3A3,0xA3A3,0xA3A3,0xA3A3,0xF9F9,0xA3A3,0xF9A3,0x7291,
	0x3232,0x3232,0x3232,0x3232,0x1832,0xED72,0xA391,0xA3A3,
	0xF9F9,0xF9F9,0xA3A3,0xA3A3,0xF9A3,0x72ED,0x3232,0x3232,
	0x3232,0x3232,0x3232,0x3232,0x3232,0x3232,0x3232,0x3232,
	0x3232,0x3232,0x3232,0x3232,0x3232,0x7232,0xA391,0x1414,
	0xA3A3,0xA3A3,0xA3A3,0xA3A3,0x1414,0x1414,0x1414,0x1414,

	0x1414,0x1414,0x1414,0x91ED,0x7291,0x1872,0x3232,0x3232,
	0x3232,0x3232,0x3232,0x3232,0x3232,0x3232,0x3232,0x3232,
	0x7272,0xF991,0xF9F9,0xA3F9,0xA3F9,0x9191,0x91ED,0x9191,
	0x9191,0x1414,0x1414,0xA3A3,0xA3A3,0xA3A3,0xA3A3,0xA3A3,
	0x1414,0x9191,0x1414,0xF991,0x9191,0x9191,0x9191,0x9191,
	0x9191,0x9191,0xA391,0x86B2,0x9F66,0xA09F,0x5EAD,0xC78B,
	0x33EB,0x9F33,0x9F9F,0x9F9F,0x719F,0xAB83,0xA3A3,0xA3A3,
	0x3232,0x3232,0x3232,0x5732,0x9157,0xA3A3,0xA3A3,0xA3A3,

	0xA3A3,0xA3A3,0xA3A3,0xA3A3,0xA3A3,0xA3A3,0xA3A3,0xA3A3,
	0xA3A3,0xA3A3,0xA3A3,0xF9A3,0x91F9,0xED91,0x7272,0x7272,
	0x3232,0x3232,0x3232,0x7232,0xED72,0xA391,0xA3A3,0xA3A3,
	0xA3A3,0xA3A3,0xA3A3,0xA3A3,0xA3A3,0x1872,0x3232,0x3232,
	0x3232,0x3232,0x3232,0x3232,0x3232,0x3232,0x3232,0x3232,
	0x3232,0x3232,0x3232,0x3232,0x7272,0x9172,0xA3F9,0xA3A3,
	0xA3A3,0xA3A3,0xA3A3,0xA3A3,0xA3A3,0xA3A3,0xA3A3,0xA3A3,
	0xA3A3,0xA3A3,0x91A3,0x7291,0x1872,0x3232,0x3232,0x3232,

	0x3232,0x3232,0x3232,0x3232,0x3232,0x3232,0x3232,0x7272,
	0x9191,0xA3F9,0xA3A3,0xA3A3,0xF9A3,0x9191,0x7291,0xF991,
	0xA3F9,0xA3A3,0xA3A3,0xA3A3,0xA3A3,0xA3A3,0xA3A3,0xA3A3,
	0xA3A3,0xA3A3,0xA3A3,0xF9A3,0x9191,0xEDED,0xEDED,0xEDED,
	0xEDED,0xEDED,0x91ED,0x86B2,0x7866,0x5178,0xDD86,0xDDDD,
	0x339F,0x3333,0xA933,0x9FA9,0xD39F,0xAB83,0xA379,0xA3A3,
	0x3232,0x3232,0x7232,0x7272,0xA32A,0xA3A3,0xA3A3,0xA3A3,
	0xA3A3,0xA3A3,0xA3A3,0xA3A3,0xA3A3,0xA3A3,0xA3A3,0xA3A3,

	0xA3A3,0xA3A3,0xA3A3,0x9114,0x3272,0x3232,0x3232,0x3232,
	0x3232,0x3232,0x1818,0x2A72,0xF991,0xA3F9,0xA3A3,0xA3A3,
	0xF9F9,0xF9F9,0xF9A3,0x9191,0xED91,0x3218,0x3232,0x3232,
	0x3232,0x3232,0x3232,0x3232,0x3232,0x3232,0x3232,0x3232,
	0x3232,0x3232,0x5732,0x7272,0xF991,0xA3A3,0xA3A3,0xA3A3,
	0xA3A3,0xA3A3,0xA3A3,0xA3A3,0xA3A3,0xA3A3,0xA3A3,0xA3A3,
	0xF9A3,0xF9F9,0x91F9,0x7272,0x3232,0x3232,0x3232,0x3232,
	0x3232,0x3232,0x3232,0x3232,0x3232,0x1818,0x7218,0x9172,

	0x1414,0xA3A3,0xF9A3,0x9191,0x9191,0x7272,0x7272,0xF92A,
	0xA3A3,0xA3A3,0xA3A3,0xA3A3,0xA3A3,0xA3A3,0xA3A3,0xA3A3,
	0xA3A3,0xF9A3,0x9191,0x9191,0x3272,0x3232,0x3232,0x3232,
	0x3232,0x3232,0x6232,0xA9E6,0xDF78,0xFA17,0x8787,0x9F53,
	0xA99F,0xA9A9,0x9F9F,0x9F9F,0x9F9F,0x5E9F,0x910E,0x9191,
	0x3232,0x5732,0x7257,0x9191,0xA3F9,0xA3A3,0xA3A3,0xA3A3,
	0xA3A3,0xA3A3,0xA3A3,0xA3A3,0xA3A3,0xA3A3,0xA3A3,0xA3A3,
	0xA3A3,0xA3A3,0xF9A3,0x7291,0x3257,0x3232,0x3232,0x3232,

	0x3232,0x1832,0xEDED,0x9191,0xF9F9,0xA3A3,0xA3A3,0xF9A3,
	0x722A,0x7272,0x7272,0x7272,0x3272,0x3232,0x3232,0x3232,
	0x3232,0x3232,0x3232,0x3232,0x3232,0x3232,0x3232,0x3232,
	0x3232,0x1832,0x9172,0x9191,0xA3F9,0xA3A3,0xA3A3,0xA3A3,
	0xA3A3,0xA3A3,0xA3A3,0xA3A3,0xA3A3,0xA3A3,0xA3A3,0xA3A3,
	0x91A3,0x9191,0x7291,0x3232,0x3232,0x3232,0x3232,0x3232,
	0x3232,0x3232,0x3232,0x3232,0x7272,0xEDED,0x91ED,0x9191,
	0xF9F9,0xF9F9,0x7291,0x7272,0x7272,0x1818,0x2A72,0xF991,

	0xF9A3,0xA3A3,0xA3A3,0xA3A3,0xA3A3,0xA3A3,0xA3A3,0xA3A3,
	0xA3A3,0xEDF9,0x7272,0x7272,0x3232,0x3232,0x3232,0x3232,
	0x3232,0x3232,0x8532,0x9F31,0xD878,0x9817,0x7373,0x78E1,
	0xA99F,0xA9A9,0x9F9F,0x7878,0x7878,0x379F,0x720E,0x7272,
	0x7272,0x7272,0x912A,0xA3A3,0xA3A3,0xA3A3,0xA3A3,0xA3A3,
	0xA3A3,0xA3A3,0xA3A3,0xA3A3,0xA3A3,0xA3A3,0xA3A3,0xA3A3,
	0x91F9,0x9191,0x2A91,0x5772,0x3232,0x3232,0x3232,0x3232,
	0x7218,0xED72,0x9191,0xA3A3,0xA3A3,0xA3A3,0xF9A3,0x2A91,

	0x3272,0x3232,0x3232,0x3232,0x3232,0x3232,0x3232,0x3232,
	0x3232,0x3232,0x3232,0x3232,0x3232,0x3232,0x3232,0x3232,
	0x1832,0x7218,0xF991,0xA3A3,0xA3A3,0xA3A3,0xA3A3,0xA3A3,
	0xA3A3,0x91F9,0x9191,0x9191,0xA391,0xA3A3,0x91F9,0x9191,
	0x722A,0x7272,0x3272,0x3232,0x3232,0x3232,0x3232,0x3232,
	0x3232,0x3232,0x3232,0x1818,0x9172,0xED91,0xEDED,0x9191,
	0x9191,0x7291,0x7272,0x3232,0x1832,0x7272,0x2A72,0x9191,
	0x9191,0x9191,0x9191,0x9191,0xF991,0xF9F9,0x91F9,0x9191,

	0x9191,0x7272,0x3232,0x3232,0x3232,0x3232,0x3232,0x3232,
	0x3232,0x3232,0x7032,0xA970,0xD8D8,0xA086,0x7878,0x7878,
	0x9F9F,0x9F9F,0x7878,0xD878,0x7878,0xB09F,0x320E,0x3232,
	0x912A,0xA391,0xA3A3,0xA3A3,0xA3A3,0xA3A3,0xA3A3,0xA3A3,
	0xA3A3,0xA3A3,0xA3A3,0xA3A3,0xA3A3,0xA3A3,0xA3A3,0xF9A3,
	0x722A,0x7272,0x7272,0x3257,0x3232,0x3232,0x3232,0x1818,
	0xED72,0x9191,0xA3F9,0xA3A3,0xA3A3,0xA3A3,0x91F9,0x7272,
	0x3232,0x3232,0x3232,0x3232,0x3232,0x3232,0x3232,0x3232,

	0x3232,0x3232,0x3232,0x3232,0x3232,0x3232,0x3232,0x3232,
	0x7218,0xF991,0xF9F9,0xA3F9,0xA3A3,0xA3A3,0xA3A3,0xA3A3,
	0x91A3,0x722A,0x7272,0x7272,0x91ED,0x9191,0x722A,0x5757,
	0x5757,0x3232,0x3232,0x3232,0x3232,0x3232,0x3232,0x3232,
	0x3232,0x3232,0x7257,0x7272,0x9191,0x7272,0x3232,0x3232,
	0x3232,0x5732,0x3232,0x3232,0x7232,0x91ED,0x9191,0x9191,
	0x7272,0x3257,0x3232,0x3232,0x3232,0x3232,0x3232,0x3232,
	0x3232,0x3232,0x3232,0x3232,0x3232,0x3232,0x3232,0x3232,

	0x3232,0x3232,0x7032,0x7870,0xD8D8,0x78D8,0x7878,0x7878,
	0x7878,0x7878,0x7878,0xD8D8,0xD8D8,0x4078,0x32F3,0x3232,
	0xF92A,0xA3F9,0xA3A3,0xA3A3,0xA3A3,0xA3A3,0xA3A3,0xA3A3,
	0xA3A3,0xA3A3,0xA3A3,0xA3A3,0xA3A3,0x2AF9,0x2A2A,0x7272,
	0x3257,0x3232,0x3232,0x3232,0x3232,0x3232,0x7272,0xED72,
	0x9191,0xF991,0xA3A3,0xA3A3,0xA3A3,0xF9A3,0x72F9,0x3257,
	0x3232,0x3232,0x3232,0x3232,0x3232,0x3232,0x3232,0x3232,
	0x3232,0x3232,0x3232,0x3232,0x3232,0x3232,0x7232,0x7272,

	0x9191,0xA3A3,0xA3A3,0xA3A3,0xA3A3,0xA3A3,0x91F9,0x7291,
	0x7272,0x3272,0x3232,0x7257,0x91ED,0x9191,0x5772,0x3232,
	0x3232,0x3232,0x3232,0x3232,0x3232,0x3232,0x3232,0x3232,
	0x3232,0x7272,0x7218,0x7218,0x7272,0x3218,0x3232,0x3232,
	0x3232,0x3232,0x3232,0x3232,0x7218,0x9191,0x9114,0x7291,
	0x3218,0x3232,0x3232,0x3232,0x3232,0x3232,0x3232,0x3232,
	0x3232,0x3232,0x3232,0x3232,0x3232,0x3232,0x3232,0x3232,
	0x3232,0x3232,0xFA32,0x78FA,0xD8D8,0x7878,0x9F9F,0x789F,

	0xD878,0xD8D8,0xD8D8,0xD8D8,0xD8D8,0x4014,0x3290,0x3232,
	0xA391,0xA3A3,0xA3A3,0xA3A3,0xA3A3,0xA3A3,0xA3A3,0xA3A3,
	0xA3A3,0xA3A3,0xA3A3,0xA3A3,0xF9A3,0x722A,0x5757,0x3232,
	0x3232,0x3232,0x3232,0x3232,0x1832,0x5772,0x7272,0xEDED,
	0x9191,0x9191,0x9191,0x9191,0x9191,0x9191,0x722A,0x3232,
	0x3232,0x3232,0x3232,0x3232,0x3232,0x3232,0x3232,0x3232,
	0x3232,0x3232,0x3232,0x3232,0x3232,0x7218,0xED72,0xF991,
	0xA3A3,0xA3A3,0xA3A3,0xA3A3,0xA3A3,0x9191,0x7272,0x1818,

	0x3232,0x3232,0x7272,0x7272,0xEDED,0x72ED,0x5772,0x3232,
	0x3232,0x3232,0x3232,0x3232,0x3232,0x3232,0x3232,0x3232,
	0x3232,0x1818,0x3218,0x3232,0x3232,0x3232,0x3232,0x3232,
	0x3232,0x3232,0x3232,0x1832,0x7272,0xEDED,0xEDED,0x7272,
	0x3232,0x3232,0x3232,0x3232,0x3232,0x3232,0x3232,0x3232,
	0x3232,0x3232,0x3232,0x3232,0x3232,0x3232,0x3232,0x3232,
	0x3232,0x3232,0xFA32,0xD870,0xD8D8,0x7878,0x7878,0x7878,
	0xD878,0xD8D8,0xD8D8,0x78D8,0xD8D8,0xE1ED,0x3290,0x3232,

	0xA3A3,0xA3A3,0xA3A3,0xA3A3,0xA3A3,0xA3A3,0xA3A3,0xA3A3,
	0xA3A3,0xA3A3,0xA3A3,0xA3A3,0x2AF9,0x5772,0x3232,0x3232,
	0x3232,0x3232,0x3232,0x3232,0x7232,0xED72,0x7272,0x7272,
	0x1818,0x1818,0x7218,0x3232,0x3232,0x3232,0x3232,0x3232,
	0x3232,0x3232,0x3232,0x3232,0x3232,0x3232,0x3232,0x3232,
	0x3232,0x3232,0x3232,0x3232,0x7218,0xED72,0x9191,0xA3F9,
	0xA3A3,0xA3A3,0xA3A3,0x91A3,0x9191,0x7272,0x1818,0x3232,
	0x3232,0x3232,0x7272,0x5718,0x3257,0x3232,0x3232,0x3232,

	0x3232,0x3232,0x3232,0x3232,0x3232,0x3232,0x3232,0x3232,
	0x3232,0x3232,0x3232,0x3232,0x3232,0x3232,0x3232,0x3232,
	0x3232,0x3232,0x3232,0x7218,0x7272,0x3232,0x5757,0x3257,
	0x3232,0x3232,0x3232,0x3232,0x3232,0x3232,0x3232,0x3232,
	0x3232,0x3232,0x3232,0x3232,0x3232,0x3232,0x3232,0x3232,
	0x3232,0x3232,0x7032,0x9170,0xD89E,0x78D8,0x7878,0x7878,
	0xD8D8,0xD8D8,0xD8D8,0x86E4,0xD8A9,0x40ED,0x3290,0x3232,
	0xA3A3,0xA3A3,0xA3A3,0xA3A3,0xA3A3,0xA3A3,0xA3A3,0xA3A3,

	0xA3A3,0xA3A3,0xF9F9,0x91F9,0x722A,0x3257,0x3232,0x3232,
	0x3232,0x3232,0x3232,0x7272,0x7272,0x7272,0x1872,0x3232,
	0x3232,0x3232,0x3232,0x3232,0x3232,0x3232,0x3232,0x3232,
	0x3232,0x3232,0x3232,0x3232,0x3232,0x3232,0x3232,0x3232,
	0x3232,0x3232,0x3232,0x7232,0xED72,0x91ED,0xA3F9,0xA3A3,
	0xA3A3,0x91F9,0x9191,0xEDED,0x7272,0x3218,0x3232,0x3232,
	0x3232,0x3232,0x7218,0x3218,0x3232,0x3232,0x3232,0x3232,
	0x3232,0x3232,0x3232,0x3232,0x3232,0x3232,0x3232,0x3232,

	0x3232,0x3232,0x3232,0x3232,0x3232,0x3232,0x3232,0x3232,
	0x3232,0x3232,0x3232,0x3232,0x3232,0x3232,0x3232,0x3232,
	0x3232,0x3232,0x3232,0x3232,0x3232,0x3232,0x3232,0x3232,
	0x3232,0x3232,0x3232,0x3232,0x3232,0x3232,0x3232,0x3232,
	0x3232,0x3232,0x1632,0x9F16,0x2F9E,0x7878,0x7878,0x7878,
	0xD8D8,0xD8D8,0x75D8,0x51CB,0x9E2F,0x9F9F,0x3274,0x3232,
	0xA3A3,0xA3A3,0xA3A3,0xA3A3,0xA3A3,0xA3A3,0xA3A3,0xA3A3,
	0xA3A3,0x91A3,0x572A,0x3257,0x3232,0x3232,0x3232,0x3232,

	0x3232,0x5732,0x7257,0xED72,0x72ED,0x3232,0x3232,0x3232,
	0x3232,0x3232,0x3232,0x3232,0x3232,0x3232,0x3232,0x3232,
	0x3232,0x3232,0x3232,0x3232,0x3232,0x3232,0x3232,0x3232,
	0x3232,0x7257,0x7272,0xED72,0x91ED,0x1491,0xA3A3,0xA3A3,
	0x91F9,0x7291,0x5772,0x3257,0x3232,0x3232,0x3232,0x3232,
	0x3232,0x3232,0x3232,0x3232,0x3232,0x3232,0x3232,0x3232,
	0x3232,0x3232,0x3232,0x3232,0x3232,0x3232,0x3232,0x3232,
	0x3232,0x3232,0x3232,0x3232,0x3232,0x3232,0x3232,0x3232,

	0x3232,0x3232,0x3232,0x3232,0x3232,0x3232,0x3232,0x3232,
	0x3232,0x3232,0x3232,0x3232,0x3232,0x3232,0x3232,0x3232,
	0x3232,0x3232,0x3232,0x3232,0x3232,0x3232,0x3232,0x3232,
	0x3232,0x3232,0x1832,0x2874,0x729B,0x78D8,0x7878,0x7878,
	0xD8D8,0xD878,0x864F,0x4F5C,0x74ED,0x9E28,0x3232,0x3232,
	0xA3A3,0xA3A3,0xA3A3,0xA3A3,0xA3A3,0xA3A3,0xA3A3,0xA3A3,
	0xA3A3,0x7291,0x3257,0x3232,0x3232,0x3232,0x3232,0x3232,
	0x1832,0x7272,0xEDED,0x7272,0x3272,0x3232,0x3232,0x3232,

	0x3232,0x3232,0x3232,0x3232,0x3232,0x3232,0x3232,0x3232,
	0x3232,0x3232,0x3232,0x3232,0x3232,0x3232,0x3232,0x3232,
	0x5732,0x9172,0x9191,0x1491,0x1414,0xA3A3,0xA3A3,0x91F9,
	0x722A,0x7272,0x3232,0x3232,0x3232,0x3232,0x3232,0x3232,
	0x3232,0x3232,0x3232,0x3232,0x3232,0x3232,0x3232,0x3232,
	0x3232,0x3232,0x3232,0x3232,0x3232,0x3232,0x3232,0x3232,
	0x3232,0x3232,0x3232,0x3232,0x3232,0x3232,0x3232,0x3232,
	0x3232,0x3232,0x3232,0x3232,0x3232,0x3232,0x3232,0x3232,

	0x3232,0x3232,0x3232,0x3232,0x3232,0x3232,0x3232,0x3232,
	0x3232,0x3232,0x3232,0x3232,0x3232,0x3232,0x3232,0x3232,
	0x3232,0x3232,0x1832,0x2874,0x729B,0xD8D8,0xD8D8,0xD8D8,
	0xA9D8,0x8686,0x4F86,0x4FD8,0x74ED,0x9E28,0x3232,0x3232,
	0xA3A3,0xA3A3,0xA3A3,0xA3A3,0xA3A3,0xA3A3,0xF9A3,0x91F9,
	0x9191,0x7272,0x3232,0x3232,0x3232,0x3232,0x3232,0x3232,
	0x1832,0x7272,0x72ED,0x3272,0x3232,0x3232,0x3232,0x3232,
	0x3232,0x3232,0x3232,0x3232,0x3232,0x3232,0x3232,0x3232,

	0x3232,0x3232,0x3232,0x3232,0x3232,0x3232,0x3232,0x7218,
	0x7272,0x91ED,0x9191,0x9191,0x9191,0x91ED,0x9191,0x72ED,
	0x5772,0x5757,0x3232,0x3232,0x3232,0x3232,0x3232,0x3232,
	0x3232,0x3232,0x3232,0x3232,0x3232,0x3232,0x3232,0x3232,
	0x3232,0x3232,0x3232,0x3232,0x3232,0x3232,0x3232,0x3232,
	0x3232,0x3232,0x3232,0x3232,0x3232,0x3232,0x3232,0x3232,
	0x3232,0x3232,0x3232,0x3232,0x3232,0x3232,0x3232,0x3232,
	0x3232,0x3232,0x3232,0x3232,0x3232,0x3232,0x3232,0x3232,

	0x3232,0x3232,0x3232,0x3232,0x3232,0x3232,0x3232,0x3232,
	0x3232,0x3232,0x3232,0x9F91,0x0E0E,0x2F2F,0xD82F,0xD8D8,
	0xD8D8,0xB9B9,0xD8B9,0x2F4F,0x74ED,0x9E28,0x3232,0x3232,
	0xF9F9,0xA3A3,0xA3A3,0xA3A3,0xA3A3,0xA3A3,0x7291,0x1872,
	0x3232,0x3232,0x3232,0x3232,0x3232,0x3232,0x3232,0x3232,
	0x3232,0x1818,0x3218,0x3232,0x3232,0x3232,0x3232,0x3232,
	0x3232,0x3232,0x3232,0x3232,0x3232,0x3232,0x3232,0x3232,
	0x3232,0x3232,0x3232,0x3232,0x3232,0x3232,0x7232,0x9191,

	0x9191,0xED91,0x3272,0x3232,0x3232,0x3232,0x3232,0x3232,
	0x3232,0x3232,0x3232,0x3232,0x3232,0x3232,0x3232,0x3232,
	0x3232,0x3232,0x3232,0x3232,0x3232,0x3232,0x3232,0x3232,
	0x3232,0x3232,0x3232,0x3232,0x3232,0x3232,0x3232,0x3232,
	0x3232,0x3232,0x3232,0x3232,0x3232,0x3232,0x3232,0x3232,
	0x3232,0x3232,0x3232,0x3232,0x3232,0x3232,0x3232,0x3232,
	0x3232,0x3232,0x3232,0x3232,0x3232,0x3232,0x3232,0x3232,
	0x3232,0x3232,0x3232,0x3232,0x3232,0x3232,0x3232,0x3232,

	0x3232,0x3232,0x3232,0x1832,0x3719,0x2E79,0x4F2E,0xD8D8,
	0xD8D8,0x4F4F,0xD84F,0x799E,0x0279,0x9E28,0x3232,0x3232,
	0xA52A,0x7241,0x7272,0x7272,0x7272,0x7272,0x5772,0x3232,
	0x3232,0x3232,0x3232,0x3232,0x3232,0x3232,0x3232,0x3232,
	0x3232,0x3232,0x3232,0x6B32,0x3232,0x3232,0x3232,0x3232,
	0x3232,0x3232,0x3232,0x3232,0x3232,0x3232,0x3232,0x3232,
	0x3232,0x3232,0x3232,0x3232,0x3232,0x3232,0x1832,0x1818,
	0x7218,0x1872,0x3232,0x3232,0x3232,0x3232,0x3232,0x3232,

	0x3232,0x3232,0x3232,0x3232,0x3232,0x3232,0x3232,0x3232,
	0x3232,0x1818,0x3232,0x3232,0x3232,0x3232,0x3232,0x3232,
	0x3232,0x3232,0x3232,0x3232,0x3232,0x3232,0x3232,0x3232,
	0x3232,0x3232,0x3232,0x3232,0x3232,0x3232,0x3232,0x3232,
	0x3232,0x3232,0x3232,0x3232,0x3232,0x3232,0x3232,0x3232,
	0x3232,0x3232,0x3232,0x3232,0x3232,0x3232,0x3232,0x3232,
	0x3232,0x3232,0x3232,0x3232,0x3232,0x3232,0x3232,0x3232,
	0x3232,0x3232,0x3232,0x3232,0x2E32,0xDDDD,0x2EDD,0x1818,

	0x1818,0x1818,0x1818,0xDDF3,0x37DD,0x3218,0x3232,0x3232,
	0x1F2A,0x1841,0x3218,0x3232,0x3232,0x3232,0x3232,0x3232,
	0x3232,0x3232,0x3232,0x3232,0x3232,0x3232,0x3232,0x3232,
	0x3232,0x3232,0x3232,0xDA0D,0x32A2,0x3232,0x3232,0x3232,
	0x3232,0x3232,0x3232,0x3232,0x3232,0x3232,0x3232,0x3232,
	0x3232,0x3232,0x3232,0x3232,0x3232,0x3232,0x3232,0x3232,
	0x3232,0x3232,0x3232,0x3232,0x3232,0x3232,0x3232,0x3232,
	0x3232,0x3232,0x3232,0x3232,0x3232,0x3232,0x3232,0x3232,

	0x3232,0x8179,0x322E,0x3232,0x3232,0x3232,0x3232,0x3232,
	0x3232,0x3232,0x3232,0x3232,0x3232,0x3232,0x3232,0x3232,
	0x3232,0x3232,0x3232,0x3232,0x3232,0x3232,0x3232,0x3232,
	0x3232,0x3232,0x3232,0x3232,0x3232,0x3232,0x3232,0x3232,
	0x3232,0x3232,0x3232,0x3232,0x3232,0x3232,0x3232,0x3232,
	0x3232,0x3232,0x3232,0x3232,0x3232,0x3232,0x3232,0x3232,
	0x3232,0x3232,0x3232,0x3232,0x1832,0x400E,0x6340,0x6363,
	0x6363,0x6363,0x6363,0xE063,0x80C6,0x3232,0x3232,0x3232,

	0x3691,0x321F,0x3232,0x3232,0x3232,0x1F57,0xB4B4,0xB4B4,
	0x2FB4,0x2F2F,0x412F,0x3232,0x3232,0x3232,0x3232,0x3232,
	0x3232,0x3232,0x3232,0xA257,0x32FB,0x3232,0x3232,0x3232,
	0x3232,0x3232,0x3232,0x3232,0x3232,0x3232,0x3232,0x3232,
	0x3232,0x3232,0x3232,0x3232,0x3232,0x3232,0x3232,0x3232,
	0x3232,0x3232,0x3232,0x3232,0x3232,0x3232,0x3232,0x3232,
	0x3232,0x3232,0x3232,0x3232,0x3232,0x3232,0x3232,0x3232,
	0x3232,0x7918,0x3218,0x3232,0x3232,0x3232,0x3232,0x3232,

	0x3232,0x3232,0x3232,0x3232,0x3232,0x3232,0x3232,0x3232,
	0x3232,0x3232,0x3232,0x3232,0x3232,0x3232,0x3232,0x3232,
	0x3232,0x3232,0x3232,0x3232,0x3232,0x3232,0x3232,0x3232,
	0x3232,0x3232,0x3232,0x3232,0x3232,0x3232,0x3232,0x3232,
	0x3232,0x3232,0x3232,0x3232,0x3232,0x3232,0x3232,0x3232,
	0x3232,0x3232,0x3232,0x3232,0x3232,0x3232,0xE118,0xEEEE,
	0xEEEE,0xEEEE,0xEEEE,0x18F3,0x1818,0x3232,0x3232,0x3232,
	0x4CF9,0x32B4,0x3232,0x3232,0x722A,0x1BF9,0xE2E2,0xE2E2,

	0xCAE2,0xCACA,0xA9CA,0x7272,0x3272,0x3232,0x3232,0x3232,
	0x3232,0x3232,0x3232,0x3232,0x3232,0x3232,0x3232,0x3232,
	0x3232,0x3232,0x3232,0x3232,0x3232,0x3232,0x3232,0x3232,
	0x3232,0x3232,0x3232,0x3232,0x3232,0x3232,0x3232,0x3232,
	0x3232,0x3232,0x3232,0x3232,0x3232,0x3232,0x3232,0x4157,
	0x3257,0x3232,0x3232,0x3232,0x3232,0x3232,0x3232,0x3232,
	0x3232,0x3232,0x3232,0x3232,0x3232,0x3232,0x3232,0x3232,
	0x3232,0x3232,0x3232,0x3232,0x3232,0x3232,0x3232,0x3232,

	0x3232,0x3232,0x3232,0x3232,0x3232,0x3232,0x3232,0x3232,
	0x3232,0x3232,0x3232,0x3232,0x3232,0x3232,0x3232,0x3232,
	0x3232,0x3232,0x3232,0x3232,0x3232,0x3232,0x3232,0x3232,
	0x3232,0x3232,0x3232,0x3232,0x3232,0x3232,0x3232,0x3232,
	0x3232,0x3232,0x3232,0x3232,0x3232,0x3232,0x3232,0x3232,
	0x3232,0x3232,0x3232,0x3232,0x3232,0x3232,0x3232,0x3232,
	0x4CF9,0x32B4,0x3232,0x5732,0xE287,0xE2E2,0x6E87,0x6E6E,
	0x6E6E,0x6E6E,0xFA6E,0xCACA,0x571F,0x3232,0x3232,0x3232,

	0x3232,0x3232,0x3232,0x3232,0x3232,0x3232,0x3232,0x3232,
	0x3232,0x3232,0x3232,0x3232,0x3232,0x3232,0x3232,0x3232,
	0x3232,0x3232,0x3232,0x3232,0x3232,0x3232,0x3232,0x3232,
	0x3232,0x3232,0x3232,0x3232,0x3232,0x3232,0x3232,0x4157,
	0x5741,0x3232,0x3232,0x3232,0x3232,0x3232,0x3232,0x3232,
	0x3232,0x3232,0x3232,0x3232,0x3232,0x3232,0x3232,0x3232,
	0x3232,0x3232,0x3232,0x3232,0x3232,0x3232,0x3232,0x3232,
	0x3232,0x3232,0x3232,0x3232,0x3232,0x3232,0x3232,0x3232,

	0x3232,0x3232,0x3232,0x3232,0x3232,0x3232,0x3232,0x3232,
	0x3232,0x3232,0x3232,0x3232,0x3232,0x3232,0x3232,0x3232,
	0x3232,0x3232,0x3232,0x3232,0x3232,0x3232,0x3232,0x3232,
	0x3232,0x3232,0x3232,0x3232,0x3232,0x3232,0x3232,0x3232,
	0x3232,0x3232,0x3232,0x3232,0x3232,0x3232,0x3232,0x3232,
	0xA62A,0x3213,0x3232,0xAA1F,0xE2E2,0x2CE2,0x4373,0x4343,
	0x4343,0x4343,0x7B43,0x9A53,0x16F1,0x3218,0x3232,0x3232,
	0x3232,0x3232,0x3232,0x3232,0x3232,0x3232,0x3232,0x3232,

	0x3232,0x3232,0x3232,0x3232,0x3232,0x3232,0x3232,0x3232,
	0x3232,0x3232,0x3232,0x3232,0x3232,0x3232,0x3232,0x3232,
	0x3232,0x3232,0x3232,0x3232,0x3232,0x3232,0x3232,0x5732,
	0x5741,0x3232,0x3232,0x3232,0x3232,0x3232,0x3232,0x3232,
	0x3232,0x3232,0x3232,0x3232,0x3232,0x3232,0x3232,0x3232,
	0x3232,0x3232,0x3232,0x3232,0x3232,0x3232,0x3232,0x3232,
	0x3232,0x3232,0x3232,0x3232,0x3232,0x3232,0x3232,0x3232,
	0x3232,0x3232,0x3232,0x3232,0x3232,0x3232,0x3232,0x3232,

	0x3232,0x3232,0x3232,0x3232,0x3232,0x3232,0x3232,0x3232,
	0x3232,0x3232,0x3232,0x3232,0x3232,0x3232,0x3232,0x3232,
	0x3232,0x3232,0x3232,0x3232,0x3232,0x3232,0x3232,0x3232,
	0x3232,0x3232,0x3232,0x3232,0x3232,0x3232,0x3232,0x3232,
	0x6272,0x32A9,0xF972,0xE29D,0xE2E2,0x6E1B,0x4343,0x4343,
	0x4343,0x4343,0x4343,0x4343,0x7031,0x72F9,0x3232,0x3232,
	0x3232,0x3232,0x3232,0x3232,0x3232,0x3232,0x3232,0x3232,
	0x3232,0x3232,0x3232,0x3232,0x3232,0x3232,0x3232,0x3232,

	0x3232,0x3232,0x3232,0x3232,0x3232,0x3232,0x3232,0x7272,
	0x3232,0x3232,0x3232,0x3232,0x3232,0x3232,0x3232,0x3232,
	0x3232,0x3232,0x3232,0x3232,0x3232,0x3232,0x3232,0x3232,
	0x3232,0x3232,0x3232,0x3232,0x3232,0x3232,0x3232,0x3232,
	0x3232,0x3232,0x3232,0x7232,0x411F,0x3232,0x3232,0x3232,
	0x3232,0x3232,0x3232,0x3232,0x3232,0x3232,0x3232,0x3232,
	0x3232,0x3232,0x3232,0x3232,0x3232,0x3232,0x3232,0x3232,
	0x3232,0x3232,0x3232,0x3232,0x3232,0x3232,0x3232,0x3232,

	0x3232,0x3232,0x3232,0x3232,0x3232,0x3232,0x3232,0x3232,
	0x3232,0x3232,0x3232,0x3232,0x3232,0x3232,0x3232,0x3232,
	0x3232,0x3232,0x3232,0x3232,0x3232,0x3232,0x3232,0x3232,
	0x6272,0x32A9,0x8757,0xE2E2,0x87E2,0x4343,0x4343,0x4343,
	0x4343,0x4343,0x4343,0x4343,0x73E8,0xF9CA,0x3232,0x3232,
	0x3232,0x3232,0x3232,0x3232,0x3232,0x3232,0x3232,0x3232,
	0x3232,0x3232,0x3232,0x3232,0x3232,0x3232,0x3232,0x3232,
	0x3232,0x3232,0x3232,0x3232,0x3232,0x3232,0x3232,0x2A72,

	0x1872,0x3232,0x3232,0x3232,0x3232,0x3232,0x3232,0x3232,
	0x3232,0x3232,0x3232,0x3232,0x3232,0x3232,0x3232,0x3232,
	0x3232,0x3232,0x3232,0x3232,0x3232,0x3232,0x3232,0x3232,
	0x3232,0x3232,0x3232,0x2A32,0xA556,0x3232,0x3232,0x3232,
	0x3232,0x3232,0x3232,0x3232,0x3232,0x3232,0x3232,0x3232,
	0x3232,0x3232,0x3232,0x3232,0x3232,0x3232,0x3232,0x3232,
	0x3232,0x3232,0x3232,0x3232,0x3232,0x3232,0x3232,0x3232,
	0x3232,0x3232,0x3232,0x3232,0x3232,0x3232,0x3232,0x3232,

	0x3232,0x3232,0x3232,0x3232,0x3232,0x3232,0x3232,0x3232,
	0x3232,0x3232,0x3232,0x3232,0x3232,0x3232,0x3232,0x3232,
	0x6272,0x1FA9,0xE287,0xE2E2,0xC936,0x4343,0x4343,0x4343,
	0x4343,0x4343,0x4343,0x4343,0x4343,0x9143,0x3232,0x3232,
	0x3232,0x3232,0x3232,0x3232,0x3232,0x3232,0x3232,0x3232,
	0x3232,0x3232,0x3232,0x3232,0x3232,0x3232,0x3232,0x3232,
	0x3232,0x3232,0x3232,0x3232,0x3232,0x3232,0x3232,0x7218,
	0x1872,0x3218,0x3232,0x3232,0x3232,0x3232,0x3232,0x3232,

	0x3232,0x3232,0x3232,0x3232,0x3232,0x3232,0x3232,0x3232,
	0x3232,0x3232,0x3232,0x3232,0x3232,0x3232,0x3232,0x3232,
	0x3232,0x3232,0x3232,0x3232,0x3257,0x3232,0x3232,0x3232,
	0x3232,0x3232,0x3232,0x3232,0x3232,0x3232,0x3232,0x3232,
	0x3232,0x3232,0x3232,0x3232,0x3232,0x3232,0x3232,0x3232,
	0x3232,0x3232,0x3232,0x3232,0x3232,0x3232,0x3232,0x3232,
	0x3232,0x3232,0x3232,0x3232,0x3232,0x3232,0x3232,0x3232,
	0x3232,0x3232,0x3232,0x3232,0x3232,0x3232,0x3232,0x3232,

	0x3232,0x3232,0x3232,0x3232,0x3232,0x3232,0x3232,0x3232,
	0x6272,0xB413,0xE2E2,0x87E2,0x431C,0x4343,0x4343,0x4343,
	0xE143,0x4343,0x4343,0x4343,0x4343,0x6043,0x3255,0x3232,
	0x3232,0x5732,0x59B5,0x3232,0x3232,0x3232,0x3232,0x3232,
	0x3232,0x3232,0x3232,0x3232,0x3232,0x3232,0x3232,0x3232,
	0x3232,0x3232,0x3232,0x3232,0x3232,0x3232,0x3232,0x3232,
	0x3232,0x3232,0x3232,0x3232,0x3232,0x3232,0x3232,0x3232,
	0x3232,0x3232,0x3232,0x3232,0x3232,0x3232,0x3232,0x3232,

	0x3232,0x3232,0x3232,0x3232,0x3232,0x3232,0x3232,0x3232,
	0x3232,0x3232,0x3232,0x3232,0x3232,0x3232,0x3232,0x3232,
	0x3232,0x3232,0x3232,0x3232,0x3232,0x1332,0x3213,0x3232,
	0x3232,0x3232,0x3232,0x3232,0x3232,0x3232,0x3232,0x3232,
	0x3232,0x3232,0x3232,0x3232,0x3232,0x3232,0x3232,0x3232,
	0x3232,0x3232,0x3232,0x3232,0x3232,0x3232,0x3232,0x3232,
	0x3232,0x3232,0x3232,0x3232,0x3232,0x3232,0x3232,0x3232,
	0x3232,0x3232,0x3232,0x3232,0x3232,0x3232,0x3232,0x3232,

	0x6272,0xB4A9,0xE2E2,0x4387,0x4343,0x4343,0x4343,0x4343,
	0x4CC9,0x4373,0x4343,0x4343,0x4343,0xCA43,0x1808,0x3232,
	0x3232,0xF632,0x1362,0x3232,0x3232,0x3232,0x3232,0x3232,
	0x3232,0x3232,0x3232,0x3232,0x3232,0x3232,0x3232,0x3232,
	0x3232,0x3232,0x3232,0x3232,0x3232,0x3232,0x3232,0x3232,
	0x3232,0x3232,0x3232,0x3232,0x3232,0x3232,0x3232,0x3232,
	0x3232,0x3232,0x3232,0x3232,0x3232,0x3232,0x3232,0x3232,
	0x3232,0x3232,0x3232,0x3232,0x3232,0x3232,0x3232,0x3232,

	0x3232,0x3232,0x3232,0x3232,0x3232,0x3232,0x3232,0x3232,
	0x3232,0x3232,0x3232,0x3232,0x3232,0x6632,0x32C0,0x3232,
	0x3232,0x3232,0x3232,0x3232,0x3232,0x3232,0x3232,0x3232,
	0x3232,0x3232,0x3232,0x3232,0x3232,0x3232,0x3232,0x3232,
	0x3232,0x3232,0x3232,0x3232,0x3232,0x3232,0x3232,0x3232,
	0x3232,0x3232,0x3232,0x3232,0x3232,0x3232,0x3232,0x3232,
	0x3232,0x3232,0x3232,0x3232,0x3232,0x3232,0x3232,0x3232,
	0x6272,0xE261,0xE2E2,0x4387,0x4343,0x4343,0x4343,0xC943,

	0x4CAA,0xC94C,0x4343,0x4343,0xE843,0xE8FD,0x9043,0x3272,
	0x3232,0x3232,0x326B,0x3232,0x3232,0x3232,0x3232,0x3232,
	0x3232,0x3232,0x3232,0x3232,0x3232,0x3232,0x3232,0x3232,
	0x3232,0x3232,0x3232,0x3232,0x3232,0x3232,0x3232,0x3232,
	0x3232,0x3232,0x3232,0x3232,0x3232,0x3232,0x3232,0x3232,
	0x3232,0x3232,0x3232,0x3232,0x3232,0x3232,0x3232,0x3232,
	0x3232,0x3232,0x3232,0x3232,0x3232,0x3232,0x3232,0x3232,
	0x3232,0x3232,0x3232,0x3232,0x3232,0x3232,0x3232,0x3232,

	0x3232,0x3232,0x3232,0x3232,0x3232,0x5732,0x3257,0x3232,
	0x3232,0x3232,0x3232,0x3232,0x3232,0x3232,0x3232,0x3232,
	0x3232,0x3232,0x3232,0x3232,0x3232,0x3232,0x3232,0x3232,
	0x3232,0x3232,0x3232,0x3232,0x3232,0x3232,0x3232,0x3232,
	0x3232,0x3232,0x3232,0x3232,0x3232,0x3232,0x3232,0x3232,
	0x3232,0x3232,0x3232,0x3232,0x3232,0x3232,0x3232,0x3232,
	0x6272,0xE261,0xE2E2,0x4387,0x4343,0x4343,0x4343,0x4343,
	0xAA43,0x4336,0x4343,0x2DE8,0x43E8,0x3BE8,0x90DE,0x3272,

	0x3232,0x3232,0x3232,0x3232,0x3232,0x3232,0x3232,0x3232,
	0x3232,0x3232,0x3232,0x3232,0x3232,0x3232,0x3232,0x3232,
	0x3232,0x3232,0x3232,0x3232,0x3232,0x3232,0x3232,0x3232,
	0x3232,0x3232,0x3232,0x3232,0x3232,0x3232,0x3232,0x3232,
	0x3232,0x3232,0x3232,0x3232,0x3232,0x3232,0x3232,0x3232,
	0x3232,0x3232,0x3232,0x3232,0x3232,0x3232,0x3232,0x3232,
	0x3232,0x3232,0x3232,0x3232,0x3232,0x3232,0x3232,0x3232,
	0x3232,0x3232,0x3232,0x3232,0x3232,0x3232,0x3232,0x3232,

	0x3232,0x3232,0x3232,0x3232,0x3232,0x3232,0x3232,0x3232,
	0x3232,0x3232,0x3232,0x3232,0x3232,0x3232,0x3232,0x3232,
	0x3232,0x3232,0x3232,0x3232,0x3232,0x3232,0x3232,0x3232,
	0x3232,0x3232,0x3232,0x3232,0x3232,0x3232,0x3232,0x3232,
	0x3232,0x3232,0x3232,0x3232,0x3232,0x3232,0x3232,0x3232,
	0x6272,0xE261,0x1BE2,0x4387,0x4343,0x4343,0x4343,0x4343,
	0x4343,0x4343,0x4343,0xFDE8,0x43E8,0xC843,0x433B,0x3272,
	0x3232,0x3232,0x3232,0x3232,0x3232,0x3232,0x3232,0x3232,

	0x3232,0x3232,0x3232,0x3232,0x3232,0x3232,0x3232,0x3232,
	0x3232,0x3232,0x3232,0x3232,0x3232,0x3232,0x3232,0x3232,
	0x3232,0x3232,0x3232,0x3232,0x3232,0x3232,0x3232,0x3232,
	0x3232,0x3232,0x3232,0x3232,0x3232,0x3232,0x3232,0x3232,
	0x3232,0x3232,0x3232,0x3232,0x3232,0x3232,0x3232,0x3232,
	0x3232,0x3232,0x3232,0x3232,0x3232,0x3232,0x3232,0x3232,
	0x3232,0x3232,0x3232,0x3232,0x3232,0x3232,0x3232,0x3232,
	0x3232,0x3232,0x3232,0x3232,0x3232,0x3232,0x3232,0x3232,

	0x3232,0x3232,0x3232,0x3232,0x3232,0x3232,0x3232,0x3232,
	0x3232,0x3232,0x3232,0x3232,0x3232,0x3232,0x3232,0x3232,
	0x3232,0x3232,0x3232,0x3232,0x3232,0x3232,0x3232,0x3232,
	0x3232,0x3232,0x3232,0x3232,0x3232,0x3232,0x3232,0x3232,
	0x6272,0xE261,0x36E2,0x4343,0x4343,0x4343,0x4343,0x4343,
	0x4343,0x4343,0xE843,0xFDFD,0x43E8,0x9B43,0x43FD,0x182A,
	0x3232,0x3232,0x3232,0x3232,0x3232,0x3232,0x3232,0x3232,
	0x3232,0x3232,0x3232,0x3232,0x3232,0x3232,0x3232,0x3232,

	0x3232,0x3232,0x3232,0x3232,0x3232,0x3232,0x3232,0x3232,
	0x3232,0x3232,0x3232,0x3232,0x3232,0x3232,0x3232,0x3232,
	0x3232,0x3232,0x3232,0x3232,0x3232,0x3232,0x3232,0x3232,
	0x3232,0x3232,0x3232,0x3232,0x3232,0x3232,0x3232,0x3232,
	0x3232,0x3232,0x3232,0x3232,0x3232,0x3232,0x3232,0x3232,
	0x3232,0x3232,0x3232,0x3232,0x3232,0x3232,0x3232,0x3232,
	0x3232,0x3232,0x3232,0x3232,0x3232,0x3232,0x3232,0x3232,
	0x3232,0x3232,0x3232,0x3232,0x3232,0x3232,0x3232,0x3232,

	0x3232,0x3232,0x3232,0x3232,0x3232,0x3232,0x3232,0x3232,
	0x3232,0x3232,0x3232,0x3232,0x3232,0x3232,0x3232,0x3232,
	0x3232,0x3232,0x3232,0x3232,0x3232,0x3232,0x3232,0x3232,
	0x6257,0xE261,0x36E2,0x6E43,0x4343,0x4343,0x4343,0x4343,
	0x4343,0x4343,0x4343,0x4343,0x4343,0x9B43,0x90E8,0x3272,
	0x3232,0x3232,0x3232,0x3232,0x3232,0x3232,0x3232,0x3232,
	0x3232,0x3232,0x3232,0x3232,0x3232,0x3232,0x3232,0x3232,
	0x3232,0x3232,0x3232,0x3232,0x3232,0x3232,0x3232,0x3232,

	0x3232,0x3232,0x3232,0x3232,0x3232,0x3232,0x3232,0x3232,
	0x3232,0x3232,0x3232,0x3232,0x3232,0x3232,0x3232,0x3232,
	0x3232,0x3232,0x3232,0x3232,0x3232,0x3232,0x3232,0x3232,
	0x3232,0x3232,0x3232,0x3232,0x3232,0x3232,0x3232,0x3232,
	0x3232,0x3232,0x3232,0x3232,0x3232,0x3232,0x3232,0x3232,
	0x3232,0x3232,0x3232,0x3232,0x3232,0x3232,0x3232,0x3232,
	0x3232,0x3232,0x3232,0x3232,0x3232,0x3232,0x3232,0x3232,
	0x3232,0x3232,0x3232,0x3232,0x3232,0x3232,0x3232,0x3232,

	0x3232,0x3232,0x3232,0x3232,0x3232,0x3232,0x3232,0x3232,
	0x3232,0x3232,0x3232,0x3232,0x3232,0x3232,0x3232,0x3232,
	0x86E6,0xA6A6,0x09CA,0xAAAA,0x4343,0xE143,0x43D4,0x4343,
	0x4343,0x4343,0x4343,0x4343,0x4343,0x9B43,0xE1E8,0x3272,
	0x3232,0x3232,0x3232,0x3232,0x3232,0x3232,0x3232,0x3232,
	0x3232,0x3232,0x3232,0x3232,0x3232,0x3232,0x3232,0x3232,
	0x3232,0x3232,0x3232,0x3232,0x3232,0x3232,0x3232,0x3232,
	0x3232,0x3232,0x3232,0x3232,0x3232,0x3232,0x3232,0x3232,

	0x3232,0x3232,0x3232,0x3232,0x3232,0x3232,0x3232,0x3232,
	0x3232,0x3232,0x3232,0x3232,0x3232,0x3232,0x3232,0x3232,
	0x3232,0x3232,0x3232,0x3232,0x3232,0x3232,0x3232,0x3232,
	0x3232,0x3232,0x5732,0x322A,0x3232,0x3232,0x3232,0x3232,
	0x3232,0x3232,0x3232,0x3232,0x3232,0x3232,0x3232,0x3232,
	0x3232,0x3232,0x3232,0x3232,0x3232,0x3232,0x3232,0x3232,
	0x3232,0x3232,0x3232,0x3232,0x3232,0x3232,0x3232,0x3232,
	0x3232,0x3232,0x3232,0x3232,0x3232,0x3232,0x3232,0x3232,

	0x3232,0x3232,0x3232,0x3232,0x3232,0x3232,0x3232,0x3232,
	0x623B,0x85A6,0x09CA,0x7373,0x4343,0xE143,0x43D4,0x4343,
	0x4343,0x4343,0x4343,0x4343,0x4343,0xFD43,0xE16E,0x322A,
	0x3232,0x3232,0x3232,0x3232,0x3232,0x3232,0x3232,0x3232,
	0x3232,0x3232,0x3232,0x6B6B,0x6B6B,0x6B6B,0x6B6B,0x6B6B,
	0x6B6B,0x6B6B,0x6B6B,0x6B6B,0x6B6B,0x6B6B,0x6B6B,0x6B6B,
	0x6B6B,0x6B6B,0x6B6B,0x6B6B,0x6B6B,0x6B6B,0x6B6B,0x6B6B,
	0x6B6B,0x6B6B,0x6B6B,0x6B6B,0x6B6B,0x6B6B,0x6B6B,0x6B6B,

	0x6B6B,0x6B6B,0x6B6B,0x6B6B,0x6B6B,0x6B6B,0x6B6B,0x6B6B,
	0x6B6B,0x6B6B,0x6B6B,0x6B6B,0x6B6B,0x6B6B,0x6B6B,0x6B6B,
	0x6B6B,0x6B6B,0x6B6B,0x6B6B,0x6B6B,0x6B6B,0x6B6B,0x6B6B,
	0x6B6B,0x6B6B,0x6B6B,0x6B6B,0x6B6B,0x6B6B,0x6B6B,0x6B6B,
	0x6B6B,0x6B6B,0x6B6B,0x6B6B,0x6B6B,0x6B6B,0x6B6B,0x6B6B,
	0x6B6B,0x6B6B,0x6B6B,0x6B6B,0x6B6B,0x6B6B,0x6B6B,0x6B6B,
	0x6B6B,0x6B6B,0x6B6B,0x6B6B,0x6B6B,0x6B6B,0x6B6B,0x6B6B,
	0x6B6B,0x6B6B,0x6B6B,0x6B6B,0x6B6B,0x6B6B,0x6B6B,0x6B6B,

	0x6272,0xE261,0x36E2,0x6E6E,0x436E,0x4343,0x4343,0x4343,
	0xFDE8,0x43E8,0x4343,0x4343,0x4343,0x2D43,0x53E1,0x72A3,
	0x3232,0x3232,0x3232,0x3232,0x3232,0x3232,0x3232,0x3232,
	0xCDB2,0x326B,0x3232,0x6B6B,0x6B6B,0x6B6B,0x6B6B,0x6B6B,
	0x6B6B,0x6B6B,0x6B6B,0x6B6B,0x6B6B,0x6B6B,0x6B6B,0x6B6B,
	0x6B6B,0x6B6B,0x6B6B,0x6B6B,0x6B6B,0x6B6B,0x6B6B,0x6B6B,
	0x6B6B,0x6B6B,0x6B6B,0x6B6B,0x6B6B,0x6B6B,0x6B6B,0x6B6B,
	0x6B6B,0x6B6B,0x6B6B,0x6B6B,0x6B6B,0x6B6B,0x6B6B,0x6B6B,

	0x6B6B,0x6B6B,0x6B6B,0x6B6B,0x6B6B,0x6B6B,0x6B6B,0x6B6B,
	0x6B6B,0x6B6B,0x6B6B,0x6B6B,0x6B6B,0x6B6B,0x6B6B,0x6B6B,
	0x6B6B,0x6B6B,0x6B6B,0x6B6B,0x6B6B,0x6B6B,0x6B6B,0x6B6B,
	0x6B6B,0x6B6B,0x6B6B,0x6B6B,0x6B6B,0x6B6B,0x6B6B,0x6B6B,
	0x6B6B,0x6B6B,0x6B6B,0x6B6B,0x6B6B,0x6B6B,0x6B6B,0x6B6B,
	0x6B6B,0x6B6B,0x6B6B,0x6B6B,0x6B6B,0x6B6B,0x6B6B,0x6B6B,
	0x6B6B,0x6B6B,0x6B6B,0x6B6B,0x6B6B,0x6B6B,0x6B6B,0x6B6B,
	0x6257,0xE261,0x36E2,0x436E,0x4343,0x4343,0x4343,0x4343,

	0xE843,0x43E8,0x4343,0x4343,0x4343,0xE143,0xFA94,0x6D94,
	0x3272,0x3232,0x3232,0x3232,0x3232,0x3232,0x3232,0x3232,
	0x86B5,0x32CF,0x3232,0x6B6B,0x6B6B,0x6B6B,0x6B6B,0x6B6B,
	0x6B6B,0x6B6B,0x6B6B,0x6B6B,0x6B6B,0x6B6B,0x6B6B,0x6B6B,
	0x6B6B,0x6B6B,0x6B6B,0x6B6B,0x6B6B,0x6B6B,0x6B6B,0x6B6B,
	0x6B6B,0x6B6B,0x6B6B,0x6B6B,0x6B6B,0x6B6B,0x6B6B,0x6B6B,
	0x6B6B,0x6B6B,0x6B6B,0x6B6B,0x6B6B,0x6B6B,0x6B6B,0x6B6B,
	0x6B6B,0x6B6B,0x6B6B,0x6B6B,0x6B6B,0x6B6B,0x6B6B,0x6B6B,

	0x6B6B,0x6B6B,0x6B6B,0x6B6B,0x6B6B,0x6B6B,0x6B6B,0x6B6B,
	0x6B6B,0x6B6B,0x6B6B,0x6B6B,0x6B6B,0x6B6B,0x6B6B,0x6B6B,
	0x6B6B,0x6B6B,0x6B6B,0x6B6B,0x6B6B,0x6B6B,0x6B6B,0x6B6B,
	0x6B6B,0x6B6B,0x6B6B,0x6B6B,0x6B6B,0x6B6B,0x6B6B,0x6B6B,
	0x6B6B,0x6B6B,0x6B6B,0x6B6B,0x6B6B,0x6B6B,0x6B6B,0x6B6B,
	0x6B6B,0x6B6B,0x6B6B,0x6B6B,0x6B6B,0x6B6B,0x6B6B,0x6B6B,
	0x6257,0xE261,0x36E2,0x436E,0x4343,0x4343,0x4343,0x4343,
	0x4343,0x4343,0xE8E8,0x43E8,0xE8E8,0x9043,0x94BB,0x7443,

	0x3232,0x3232,0x3232,0x3232,0x3232,0x3232,0x3232,0x6B32,
	0x86A2,0x6B69,0x3232,0x6B6B,0x6B6B,0x6B6B,0x6B6B,0x6B6B,
	0x6B6B,0x6B6B,0x6B6B,0x6B6B,0x6B6B,0x6B6B,0x6B6B,0x6B6B,
	0x6B6B,0x6B6B,0x6B6B,0x6B6B,0x6B6B,0x6B6B,0x6B6B,0x6B6B,
	0x6B6B,0x6B6B,0x6B6B,0x6B6B,0x6B6B,0x6B6B,0x6B6B,0x6B6B,
	0x6B6B,0x6B6B,0x6B6B,0x6B6B,0x6B6B,0x6B6B,0x6B6B,0x6B6B,
	0x6B6B,0x6B6B,0x6B6B,0x6B6B,0x6B6B,0x6B6B,0x6B6B,0x6B6B,
	0x6B6B,0x6B6B,0x6B6B,0x6B6B,0x6B6B,0x6B6B,0x6B6B,0x6B6B,

	0x6B6B,0x6B6B,0x6B6B,0x6B6B,0x6B6B,0x6B6B,0x6B6B,0x6B6B,
	0x6B6B,0x6B6B,0x6B6B,0x6B6B,0x6B6B,0x6B6B,0x6B6B,0x6B6B,
	0x6B6B,0x6B6B,0x6B6B,0x6B6B,0x6B6B,0x6B6B,0x6B6B,0x6B6B,
	0x6B6B,0x6B6B,0x6B6B,0x6B6B,0x6B6B,0x6B6B,0x6B6B,0x6B6B,
	0x6B6B,0x6B6B,0x6B6B,0x6B6B,0x6B6B,0x6B6B,0x6B6B,0x6B6B,
	0x6257,0xE261,0x36E2,0x436E,0x4343,0x4343,0x4343,0x4343,
	0x4343,0xE843,0xFDFD,0x43FD,0xE843,0xFDE8,0xE143,0x322A,
	0x3232,0x3232,0x3232,0x3232,0x3232,0x3232,0x3232,0xD9C0,

	0x86A8,0x5C1E,0x32B5,0x6B6B,0x6B6B,0x6B6B,0x6B6B,0x6B6B,
	0x6B6B,0x6B6B,0x6B6B,0x6B6B,0x6B6B,0x6B6B,0x6B6B,0x6B6B,
	0x6B6B,0x6B6B,0x6B6B,0x6B6B,0x6B6B,0x6B6B,0x6B6B,0x6B6B,
	0x6B6B,0x6B6B,0x6B6B,0x6B6B,0x6B6B,0x6B6B,0x6B6B,0x6B6B,
	0x6B6B,0x6B6B,0x6B6B,0x6B6B,0x6B6B,0x6B6B,0x6B6B,0x6B6B,
	0x6B6B,0x6B6B,0x6B6B,0x6B6B,0x6B6B,0x6B6B,0x6B6B,0x6B6B,
	0x6B6B,0x6B6B,0x6B6B,0x6B6B,0x6B6B,0x6B6B,0x6B6B,0x6B6B,
	0x6B6B,0x6B6B,0x6B6B,0x6B6B,0x6B6B,0x6B6B,0x6B6B,0x6B6B,

	0x6B6B,0x6B6B,0x6B6B,0x6B6B,0x6B6B,0x6B6B,0x6B6B,0x6B6B,
	0x6B6B,0x6B6B,0x6B6B,0x6B6B,0x6B6B,0x6B6B,0x6B6B,0x6B6B,
	0x6B6B,0x6B6B,0x6B6B,0x6B6B,0x6B6B,0x6B6B,0x6B6B,0x6B6B,
	0x6B6B,0x6B6B,0x6B6B,0x6B6B,0x6B6B,0x6B6B,0x6B6B,0x6B6B,
	0x6257,0x30A9,0xE2E2,0x4387,0x4343,0x4343,0x4343,0xE843,
	0x43FD,0x4343,0xFDFD,0x43FD,0xE843,0x9BFD,0x9168,0x3257,
	0x3232,0x3232,0x3232,0x3232,0x3232,0x3232,0x3232,0x1E29,
	0x8693,0x1E1E,0x32B5,0x6B6B,0x6B6B,0x6B6B,0x6B6B,0x6B6B,

	0x6B6B,0x6B6B,0x6B6B,0x6B6B,0x6B6B,0x6B6B,0x6B6B,0x6B6B,
	0x6B6B,0x6B6B,0x6B6B,0x6B6B,0x6B6B,0x6B6B,0x6B6B,0x6B6B,
	0x6B6B,0x6B6B,0x6B6B,0x6B6B,0x6B6B,0x6B6B,0x6B6B,0x6B6B,
	0x6B6B,0x6B6B,0x6B6B,0x6B6B,0x6B6B,0x6B6B,0x6B6B,0x6B6B,
	0x6B6B,0x6B6B,0x6B6B,0x6B6B,0x6B6B,0x6B6B,0x6B6B,0x6B6B,
	0x6B6B,0x6B6B,0x6B6B,0x6B6B,0x6B6B,0x6B6B,0x6B6B,0x6B6B,
	0x6B6B,0x6B6B,0x6B6B,0x6B6B,0x6B6B,0x6B6B,0x6B6B,0x6B6B,
	0x6B6B,0x6B6B,0x6B6B,0x6B6B,0x6B6B,0x6B6B,0x6B6B,0x6B6B,

	0x6B6B,0x6B6B,0x6B6B,0x6B6B,0x6B6B,0x6B6B,0x6B6B,0x6B6B,
	0x6B6B,0x6B6B,0x6B6B,0x6B6B,0x6B6B,0x6B6B,0x6B6B,0x6B6B,
	0x6B6B,0x6B6B,0x6B6B,0x6B6B,0x6B6B,0x6B6B,0x6B6B,0x6B6B,
	0x6257,0xB4A9,0xE2E2,0x4387,0x4343,0x4343,0x4343,0xE843,
	0x43E8,0x4343,0x2D2D,0x43E8,0xE843,0x43FD,0x579B,0x3232,
	0x3232,0x3232,0x3232,0x3232,0x3232,0x3232,0x3232,0x3232,
	0x86B5,0x326B,0x3232,0x6B6B,0x6B6B,0x6B6B,0x6B6B,0x6B6B,
	0x6B6B,0x6B6B,0x6B6B,0x6B6B,0x6B6B,0x6B6B,0x6B6B,0x6B6B,

	0x6B6B,0x6B6B,0x6B6B,0x6B6B,0x6B6B,0x6B6B,0x6B6B,0x6B6B,
	0x6B6B,0x6B6B,0x6B6B,0x6B6B,0x6B6B,0x6B6B,0x6B6B,0x6B6B,
	0x6B6B,0x6B6B,0x6B6B,0x6B6B,0x6B6B,0x6B6B,0x6B6B,0x6B6B,
	0x6B6B,0x6B6B,0x6B6B,0x6B6B,0x6B6B,0x6B6B,0x6B6B,0x6B6B,
	0x6B6B,0x6B6B,0x6B6B,0x6B6B,0x6B6B,0x6B6B,0x6B6B,0x6B6B,
	0x6B6B,0x6B6B,0x6B6B,0x6B6B,0x6B6B,0x6B6B,0x6B6B,0x6B6B,
	0x6B6B,0x6B6B,0x6B6B,0x6B6B,0x6B6B,0x6B6B,0x6B6B,0x6B6B,
	0x6B6B,0x6B6B,0x6B6B,0x6B6B,0x6B6B,0x6B6B,0x6B6B,0x6B6B,

	0x6B6B,0x6B6B,0x6B6B,0x6B6B,0x6B6B,0x6B6B,0x6B6B,0x6B6B,
	0x6B6B,0x6B6B,0x6B6B,0x6B6B,0x6B6B,0x6B6B,0x6B6B,0x6B6B,
	0x6272,0x1FA9,0xE21B,0x6E87,0x4343,0x4343,0x4343,0x4343,
	0xE843,0x4343,0x4343,0x4343,0xE843,0x90FD,0x329E,0x3232,
	0x3232,0x3232,0x3232,0x3232,0x3232,0x3232,0x3232,0x3232,
	0x86B5,0x326B,0x3232,0x6B6B,0x6B6B,0x6B6B,0x6B6B,0x6B6B,
	0x6B6B,0x6B6B,0x6B6B,0x6B6B,0x6B6B,0x6B6B,0x6B6B,0x6B6B,
	0x6B6B,0x6B6B,0x6B6B,0x6B6B,0x6B6B,0x6B6B,0x6B6B,0x6B6B,

	0x6B6B,0x6B6B,0x6B6B,0x6B6B,0x6B6B,0x6B6B,0x6B6B,0x6B6B,
	0x6B6B,0x6B6B,0x6B6B,0x6B6B,0x6B6B,0x6B6B,0x6B6B,0x6B6B,
	0x6B6B,0x6B6B,0x6B6B,0x6B6B,0x6B6B,0x6B6B,0x6B6B,0x6B6B,
	0x6B6B,0x6B6B,0x6B6B,0x6B6B,0x6B6B,0x6B6B,0x6B6B,0x6B6B,
	0x6B6B,0x6B6B,0x6B6B,0x6B6B,0x6B6B,0x6B6B,0x6B6B,0x6B6B,
	0x6B6B,0x6B6B,0x6B6B,0x6B6B,0x6B6B,0x6B6B,0x6B6B,0x6B6B,
	0x6B6B,0x6B6B,0x6B6B,0x6B6B,0x6B6B,0x6B6B,0x6B6B,0x6B6B,
	0x6B6B,0x6B6B,0x6B6B,0x6B6B,0x6B6B,0x6B6B,0x6B6B,0x6B6B,

	0x6B6B,0x6B6B,0x6B6B,0x6B6B,0x6B6B,0x6B6B,0x6B6B,0x6B6B,
	0x6257,0xAEA9,0x8741,0xE2E2,0x43C9,0x4343,0x4343,0x4343,
	0xFDE8,0x43E8,0x4343,0x4343,0xE8FD,0xF9E1,0x3272,0x3232,
	0x3232,0x3232,0x3232,0x3232,0x3232,0x3232,0x3232,0x3232,
	0x86B5,0x320D,0x3232,0x6B6B,0x6B6B,0x6B6B,0x6B6B,0x6B6B,
	0x6B6B,0x6B6B,0x6B6B,0x6B6B,0x6B6B,0x6B6B,0x6B6B,0x6B6B,
	0x6B6B,0x6B6B,0x6B6B,0x6B6B,0x6B6B,0x6B6B,0x6B6B,0x6B6B,
	0x6B6B,0x6B6B,0x6B6B,0x6B6B,0x6B6B,0x6B6B,0x6B6B,0x6B6B,

	0x6B6B,0x6B6B,0x6B6B,0x6B6B,0x6B6B,0x6B6B,0x6B6B,0x6B6B,
	0x6B6B,0x6B6B,0x6B6B,0x6B6B,0x6B6B,0x6B6B,0x6B6B,0x6B6B,
	0x6B6B,0x6B6B,0x6B6B,0x6B6B,0x6B6B,0x6B6B,0x6B6B,0x6B6B,
	0x6B6B,0x6B6B,0x6B6B,0x6B6B,0x6B6B,0x6B6B,0x6B6B,0x6B6B,
	0x6B6B,0x6B6B,0x6B6B,0x6B6B,0x6B6B,0x6B6B,0x6B6B,0x6B6B,
	0x6B6B,0x6B6B,0x6B6B,0x6B6B,0x6B6B,0x6B6B,0x6B6B,0x6B6B,
	0x6B6B,0x6B6B,0x6B6B,0x6B6B,0x6B6B,0x6B6B,0x6B6B,0x6B6B,
	0x6B6B,0x6B6B,0x6B6B,0x6B6B,0x6B6B,0x6B6B,0x6B6B,0x6B6B,

	0x6257,0x32A9,0x1F72,0xE29D,0x2C1B,0x4343,0x4343,0x4343,
	0xE8E8,0x43E8,0xFDFD,0xFD9B,0x0987,0x18F9,0x3232,0x3232,
	0x3232,0x3232,0x3232,0x3232,0x3232,0x3232,0x3232,0x3232,
	0x38B2,0x326B,0x3232,0x6B6B,0x6B6B,0x6B6B,0x6B6B,0x6B6B,
	0x6B6B,0x6B6B,0x6B6B,0x6B6B,0x6B6B,0x6B6B,0x6B6B,0x6B6B,
	0x6B6B,0x6B6B,0x6B6B,0x6B6B,0x6B6B,0x6B6B,0x6B6B,0x6B6B,
	0x6B6B,0x6B6B,0x6B6B,0x6B6B,0x6B6B,0x6B6B,0x6B6B,0x6B6B,
	0x6B6B,0x6B6B,0x6B6B,0x6B6B,0x6B6B,0x6B6B,0x6B6B,0x6B6B,

	0x6B6B,0x6B6B,0x6B6B,0x6B6B,0x6B6B,0x6B6B,0x6B6B,0x6B6B,
	0x6B6B,0x6B6B,0x6B6B,0x6B6B,0x6B6B,0x6B6B,0x6B6B,0x6B6B,
	0x6B6B,0x6B6B,0x6B6B,0x6B6B,0x6B6B,0x6B6B,0x6B6B,0x6B6B,
	0x6B6B,0x6B6B,0x6B6B,0x6B6B,0x6B6B,0x6B6B,0x6B6B,0x6B6B,
	0x6B6B,0x6B6B,0x6B6B,0x6B6B,0x6B6B,0x6B6B,0x6B6B,0x6B6B,
	0x6B6B,0x6B6B,0x6B6B,0x6B6B,0x6B6B,0x6B6B,0x6B6B,0x6B6B,
	0x6B6B,0x6B6B,0x6B6B,0x6B6B,0x6B6B,0x6B6B,0x6B6B,0x6B6B,
	0x9A91,0x3255,0x7272,0x87B4,0x87E2,0x4336,0x4343,0x4343,

	0xE843,0x2DE8,0x1C9B,0x36C9,0x4C09,0x3232,0x3232,0x3232,
	0x3232,0x3232,0x3232,0x3232,0x3232,0x3232,0x3232,0x3232,
	0x4B59,0x3257,0x3232,0x6B6B,0x6B6B,0x6B6B,0x6B6B,0x6B6B,
	0x6B6B,0x6B6B,0x6B6B,0x6B6B,0x6B6B,0x6B6B,0x6B6B,0x6B6B,
	0x6B6B,0x6B6B,0x6B6B,0x6B6B,0x6B6B,0x6B6B,0x6B6B,0x6B6B,
	0x6B6B,0x6B6B,0x6B6B,0x6B6B,0x6B6B,0x6B6B,0x6B6B,0x6B6B,
	0x6B6B,0x6B6B,0x6B6B,0x6B6B,0x6B6B,0x6B6B,0x6B6B,0x6B6B,
	0x6B6B,0x6B6B,0x6B6B,0x6B6B,0x6B6B,0x6B6B,0x6B6B,0x6B6B,

	0x6B6B,0x6B6B,0x6B6B,0x6B6B,0x6B6B,0x6B6B,0x6B6B,0x6B6B,
	0x6B6B,0x6B6B,0x6B6B,0x6B6B,0x6B6B,0x6B6B,0x6B6B,0x6B6B,
	0x6B6B,0x6B6B,0x6B6B,0x6B6B,0x6B6B,0x6B6B,0x6B6B,0x6B6B,
	0x6B6B,0x6B6B,0x6B6B,0x6B6B,0x6B6B,0x6B6B,0x6B6B,0x6B6B,
	0x6B6B,0x6B6B,0x6B6B,0x6B6B,0x6B6B,0x6B6B,0x6B6B,0x6B6B,
	0x6B6B,0x6B6B,0x6B6B,0x6B6B,0x6B6B,0x6B6B,0x6B6B,0x6B6B,
	0x4CF9,0x32E7,0x1832,0x7232,0xE287,0xC9E2,0x4343,0x4343,
	0x9BE8,0x9B9B,0x87FD,0xE2E2,0x72B4,0x3232,0x3232,0x3232,

	0x3232,0x3232,0x3232,0x3232,0x3232,0x3232,0x3232,0x3232,
	0x3232,0x3232,0x3232,0x6B6B,0x6B6B,0x6B6B,0x6B6B,0x6B6B,
	0x6B6B,0x6B6B,0x6B6B,0x6B6B,0x6B6B,0x6B6B,0x6B6B,0x6B6B,
	0x6B6B,0x6B6B,0x6B6B,0x6B6B,0x6B6B,0x6B6B,0x6B6B,0x6B6B,
	0x6B6B,0x6B6B,0x6B6B,0x6B6B,0x6B6B,0x6B6B,0x6B6B,0x6B6B,
	0x6B6B,0x6B6B,0x6B6B,0x6B6B,0x6B6B,0x6B6B,0x6B6B,0x6B6B,
	0x6B6B,0x6B6B,0x6B6B,0x6B6B,0x6B6B,0x6B6B,0x6B6B,0x6B6B,
	0x6B6B,0x6B6B,0x6B6B,0x6B6B,0x6B6B,0x6B6B,0x6B6B,0x6B6B,

	0x6B6B,0x6B6B,0x6B6B,0x6B6B,0x6B6B,0x6B6B,0x6B6B,0x6B6B,
	0x6B6B,0x6B6B,0x6B6B,0x6B6B,0x6B6B,0x6B6B,0x6B6B,0x6B6B,
	0x6B6B,0x6B6B,0x6B6B,0x6B6B,0x6B6B,0x6B6B,0x6B6B,0x6B6B,
	0x6B6B,0x6B6B,0x6B6B,0x6B6B,0x6B6B,0x6B6B,0x6B6B,0x6B6B,
	0x6B6B,0x6B6B,0x6B6B,0x6B6B,0x6B6B,0x6B6B,0x6B6B,0x6B6B,
	0x09F9,0x32E7,0x3232,0x3232,0x1FA5,0x871F,0x1B1B,0x1B1B,
	0x1B1B,0x1B1B,0x9D1B,0x1FA5,0x3272,0x3232,0x8632,0x8686,
	0x3232,0x3232,0x3232,0x8686,0x3286,0x3232,0x8632,0x8686,

	0x8632,0x8686,0x8686,0x6B86,0x6B6B,0x6B6B,0x6B6B,0x6B6B,
	0x6B6B,0x6B6B,0x6B6B,0x6B6B,0x6B6B,0x6B6B,0x6B6B,0x6B6B,
	0x6B6B,0x6B6B,0x6B6B,0x6B6B,0x6B6B,0x6B6B,0x6B6B,0x6B6B,
	0x6B6B,0x6B6B,0x6B6B,0x6B6B,0x6B6B,0x6B6B,0x6B6B,0x6B6B,
	0x6B6B,0x6B6B,0x6B6B,0x6B6B,0x6B6B,0x6B6B,0x6B6B,0x6B6B,
	0x6B6B,0x6B6B,0x6B6B,0x6B6B,0x6B6B,0x6B6B,0x6B6B,0x6B6B,
	0x6B6B,0x6B6B,0x6B6B,0x6B6B,0x6B6B,0x6B6B,0x6B6B,0x6B6B,
	0x6B6B,0x6B6B,0x6B6B,0x6B6B,0x6B6B,0x6B6B,0x6B6B,0x6B6B,

	0x6B6B,0x6B6B,0x6B6B,0x6B6B,0x6B6B,0x6B6B,0x6B6B,0x6B6B,
	0x6B6B,0x6B6B,0x6B6B,0x6B6B,0x6B6B,0x6B6B,0x6B6B,0x6B6B,
	0x6B6B,0x6B6B,0x6B6B,0x6B6B,0x6B6B,0x6B6B,0x6B6B,0x6B6B,
	0x6B6B,0x6B6B,0x6B6B,0x6B6B,0x6B6B,0x6B6B,0x6B6B,0x6B6B,
	0x4CF9,0x32B4,0x3232,0x3232,0x3232,0xD418,0xD4D4,0xD4D4,
	0xD4D4,0xD49D,0xA5D4,0x3232,0x3232,0x3232,0x3232,0x3286,
	0x3232,0x3232,0x8632,0x3232,0x8632,0x3232,0x3286,0x8632,
	0x3232,0x3286,0x3232,0x6B86,0x6B6B,0x6B6B,0x6B6B,0x6B6B,

	0x6B6B,0x6B6B,0x6B6B,0x6B6B,0x6B6B,0x6B6B,0x6B6B,0x6B6B,
	0x6B6B,0x6B6B,0x6B6B,0x6B6B,0x6B6B,0x6B6B,0x6B6B,0x6B6B,
	0x6B6B,0x6B6B,0x6B6B,0x6B6B,0x6B6B,0x6B6B,0x6B6B,0x6B6B,
	0x6B6B,0x6B6B,0x6B6B,0x6B6B,0x6B6B,0x6B6B,0x6B6B,0x6B6B,
	0x6B6B,0x6B6B,0x6B6B,0x6B6B,0x6B6B,0x6B6B,0x6B6B,0x6B6B,
	0x6B6B,0x6B6B,0x6B6B,0x6B6B,0x6B6B,0x6B6B,0x6B6B,0x6B6B,
	0x6B6B,0x6B6B,0x6B6B,0x6B6B,0x6B6B,0x6B6B,0x6B6B,0x6B6B,
	0x6B6B,0x6B6B,0x6B6B,0x6B6B,0x6B6B,0x6B6B,0x6B6B,0x6B6B,

	0x6B6B,0x6B6B,0x6B6B,0x6B6B,0x6B6B,0x6B6B,0x6B6B,0x6B6B,
	0x6B6B,0x6B6B,0x6B6B,0x6B6B,0x6B6B,0x6B6B,0x6B6B,0x6B6B,
	0x6B6B,0x6B6B,0x6B6B,0x6B6B,0x6B6B,0x6B6B,0x6B6B,0x6B6B,
	0x602A,0x32A5,0x3232,0x3232,0x3232,0x3232,0x3232,0x3232,
	0x3232,0x3232,0x3232,0x3232,0x3232,0x3232,0x3232,0x3286,
	0x3232,0x3232,0x3286,0x3232,0x3232,0x3286,0x3286,0x3232,
	0x3232,0x3286,0x3286,0x6B6B,0x6B6B,0x6B6B,0x6B6B,0x6B6B,
	0x6B6B,0x6B6B,0x6B6B,0x6B6B,0x6B6B,0x6B6B,0x6B6B,0x6B6B,

	0x6B6B,0x6B6B,0x6B6B,0x6B6B,0x6B6B,0x6B6B,0x6B6B,0x6B6B,
	0x6B6B,0x6B6B,0x6B6B,0x6B6B,0x6B6B,0x6B6B,0x6B6B,0x6B6B,
	0x6B6B,0x6B6B,0x6B6B,0x6B6B,0x6B6B,0x6B6B,0x6B6B,0x6B6B,
	0x6B6B,0x6B6B,0x6B6B,0x6B6B,0x6B6B,0x6B6B,0x6B6B,0x6B6B,
	0x6B6B,0x6B6B,0x6B6B,0x6B6B,0x6B6B,0x6B6B,0x6B6B,0x6B6B,
	0x6B6B,0x6B6B,0x6B6B,0x6B6B,0x6B6B,0x6B6B,0x6B6B,0x6B6B,
	0x6B6B,0x6B6B,0x6B6B,0x6B6B,0x6B6B,0x6B6B,0x6B6B,0x6B6B,
	0x6B6B,0x6B6B,0x6B6B,0x6B6B,0x6B6B,0x6B6B,0x6B6B,0x6B6B,

	0x6B6B,0x6B6B,0x6B6B,0x6B6B,0x6B6B,0x6B6B,0x6B6B,0x6B6B,
	0x6B6B,0x6B6B,0x6B6B,0x6B6B,0x6B6B,0x6B6B,0x6B6B,0x6B6B,
	0x7232,0x3272,0x3232,0x3232,0x3232,0x3232,0x3232,0x3232,
	0x3232,0x3232,0x3232,0x3232,0x3232,0x3232,0x3232,0x3286,
	0x3232,0x3232,0x3286,0x3232,0x3232,0x3286,0x8632,0x3232,
	0x3232,0x8686,0x3286,0x6B6B,0x6B6B,0x6B6B,0x6B6B,0x6B6B,
	0x6B6B,0x6B6B,0x6B6B,0x6B6B,0x6B6B,0x6B6B,0x6B6B,0x6B6B,
	0x6B6B,0x6B6B,0x6B6B,0x6B6B,0x6B6B,0x6B6B,0x6B6B,0x6B6B,

	0x6B6B,0x6B6B,0x6B6B,0x6B6B,0x6B6B,0x6B6B,0x6B6B,0x6B6B,
	0x6B6B,0x6B6B,0x6B6B,0x6B6B,0x6B6B,0x6B6B,0x6B6B,0x6B6B,
	0x6B6B,0x6B6B,0x6B6B,0x6B6B,0x6B6B,0x6B6B,0x6B6B,0x6B6B,
	0x6B6B,0x6B6B,0x6B6B,0x6B6B,0x6B6B,0x6B6B,0x6B6B,0x6B6B,
	0x6B6B,0x6B6B,0x6B6B,0x6B6B,0x6B6B,0x6B6B,0x6B6B,0x6B6B,
	0x6B6B,0x6B6B,0x6B6B,0x6B6B,0x6B6B,0x6B6B,0x6B6B,0x6B6B,
	0x6B6B,0x6B6B,0x6B6B,0x6B6B,0x6B6B,0x6B6B,0x6B6B,0x6B6B,
	0x6B6B,0x6B6B,0x6B6B,0x6B6B,0x6B6B,0x6B6B,0x6B6B,0x6B6B,

	0x6B6B,0x6B6B,0x6B6B,0x6B6B,0x6B6B,0x6B6B,0x6B6B,0x6B6B,
	0x2A32,0x3257,0x3232,0x3232,0x3232,0x3232,0x3232,0x3232,
	0x3232,0x3232,0x3232,0x3232,0x3232,0x3232,0x3232,0x3286,
	0x3232,0x3232,0x3286,0x3232,0x3232,0x3286,0x3232,0x3286,
	0x3232,0x3286,0x3286,0x6B6B,0x6B6B,0x6B6B,0x6B6B,0x6B6B,
	0x6B6B,0x6B6B,0x6B6B,0x6B6B,0x6B6B,0x6B6B,0x6B6B,0x6B6B,
	0x6B6B,0x6B6B,0x6B6B,0x6B6B,0x6B6B,0x6B6B,0x6B6B,0x6B6B,
	0x6B6B,0x6B6B,0x6B6B,0x6B6B,0x6B6B,0x6B6B,0x6B6B,0x6B6B,

	0x6B6B,0x6B6B,0x6B6B,0x6B6B,0x6B6B,0x6B6B,0x6B6B,0x6B6B,
	0x6B6B,0x6B6B,0x6B6B,0x6B6B,0x6B6B,0x6B6B,0x6B6B,0x6B6B,
	0x6B6B,0x6B6B,0x6B6B,0x6B6B,0x6B6B,0x6B6B,0x6B6B,0x6B6B,
	0x6B6B,0x6B6B,0x6B6B,0x6B6B,0x6B6B,0x6B6B,0x6B6B,0x6B6B,
	0x6B6B,0x6B6B,0x6B6B,0x6B6B,0x6B6B,0x6B6B,0x6B6B,0x6B6B,
	0x6B6B,0x6B6B,0x6B6B,0x6B6B,0x6B6B,0x6B6B,0x6B6B,0x6B6B,
	0x6B6B,0x6B6B,0x6B6B,0x6B6B,0x6B6B,0x6B6B,0x6B6B,0x6B6B,
	0x6B6B,0x6B6B,0x6B6B,0x6B6B,0x6B6B,0x6B6B,0x6B6B,0x6B6B,

	0x3232,0x3232,0x3232,0x3232,0x3232,0x3232,0x3232,0x3232,
	0x3232,0x3232,0x3232,0x3232,0x3232,0x3232,0x3232,0x3286,
	0x3232,0x3232,0x3286,0x3232,0x3232,0x3286,0x3232,0x8632,
	0x3232,0x3286,0x3232,0x6B6B,0x6B6B,0x6B6B,0x6B6B,0x6B6B,
	0x6B6B,0x6B6B,0x6B6B,0x6B6B,0x6B6B,0x6B6B,0x6B6B,0x6B6B,
	0x6B6B,0x6B6B,0x6B6B,0x6B6B,0x6B6B,0x6B6B,0x6B6B,0x6B6B,
	0x6B6B,0x6B6B,0x6B6B,0x6B6B,0x6B6B,0x6B6B,0x6B6B,0x6B6B,
	0x6B6B,0x6B6B,0x6B6B,0x6B6B,0x6B6B,0x6B6B,0x6B6B,0x6B6B,

	0x6B6B,0x6B6B,0x6B6B,0x6B6B,0x6B6B,0x6B6B,0x6B6B,0x6B6B,
	0x6B6B,0x6B6B,0x6B6B,0x6B6B,0x6B6B,0x6B6B,0x6B6B,0x6B6B,
	0x6B6B,0x6B6B,0x6B6B,0x6B6B,0x6B6B,0x6B6B,0x6B6B,0x6B6B,
	0x6B6B,0x6B6B,0x6B6B,0x6B6B,0x6B6B,0x6B6B,0x6B6B,0x6B6B,
	0x6B6B,0x6B6B,0x6B6B,0x6B6B,0x6B6B,0x6B6B,0x6B6B,0x6B6B,
	0x6B6B,0x6B6B,0x6B6B,0x6B6B,0x6B6B,0x6B6B,0x6B6B,0x6B6B,
	0x6B6B,0x6B6B,0x6B6B,0x6B6B,0x6B6B,0x6B6B,0x6B6B,0x6B6B,
	0x3232,0x3232,0x3232,0x3232,0x3232,0x3232,0x3232,0x3232,

	0x3232,0x3232,0x3232,0x3232,0x3232,0x3232,0x3232,0x3286,
	0x3232,0x3286,0x8632,0x3232,0x8632,0x3232,0x3286,0x8632,
	0x3232,0x3286,0x3232,0x6B86,0x6B6B,0x6B6B,0x6B6B,0x6B6B,
	0x6B6B,0x6B6B,0x6B6B,0x6B6B,0x6B6B,0x6B6B,0x6B6B,0x6B6B,
	0x6B6B,0x6B6B,0x6B6B,0x6B6B,0x6B6B,0x6B6B,0x6B6B,0x6B6B,
	0x6B6B,0x6B6B,0x6B6B,0x6B6B,0x6B6B,0x6B6B,0x6B6B,0x6B6B,
	0x6B6B,0x6B6B,0x6B6B,0x6B6B,0x6B6B,0x6B6B,0x6B6B,0x6B6B,
	0x6B6B,0x6B6B,0x6B6B,0x6B6B,0x6B6B,0x6B6B,0x6B6B,0x6B6B,

	0x6B6B,0x6B6B,0x6B6B,0x6B6B,0x6B6B,0x6B6B,0x6B6B,0x6B6B,
	0x6B6B,0x6B6B,0x6B6B,0x6B6B,0x6B6B,0x6B6B,0x6B6B,0x6B6B,
	0x6B6B,0x6B6B,0x6B6B,0x6B6B,0x6B6B,0x6B6B,0x6B6B,0x6B6B,
	0x6B6B,0x6B6B,0x6B6B,0x6B6B,0x6B6B,0x6B6B,0x6B6B,0x6B6B,
	0x6B6B,0x6B6B,0x6B6B,0x6B6B,0x6B6B,0x6B6B,0x6B6B,0x6B6B,
	0x6B6B,0x6B6B,0x6B6B,0x6B6B,0x6B6B,0x6B6B,0x6B6B,0x6B6B,
	0x3232,0x3232,0x3232,0x3232,0x3232,0x3232,0x3232,0x6B6B,
	0x3232,0x3232,0x3232,0x3232,0x3232,0x3232,0x8632,0x8686,

	0x8686,0x3286,0x3232,0x8686,0x3286,0x3232,0x8686,0x3286,
	0x8632,0x8686,0x8686,0x6B86,0x866B,0x6B6B,0x6B6B,0x6B6B,
	0x6B6B,0x6B6B,0x6B6B,0x6B6B,0x6B6B,0x6B6B,0x6B6B,0x6B6B,
	0x6B6B,0x6B6B,0x6B6B,0x6B6B,0x6B6B,0x6B6B,0x6B6B,0x6B6B,
	0x6B6B,0x6B6B,0x6B6B,0x6B6B,0x6B6B,0x6B6B,0x6B6B,0x6B6B,
	0x6B6B,0x6B6B,0x6B6B,0x6B6B,0x6B6B,0x6B6B,0x6B6B,0x6B6B,
	0x6B6B,0x6B6B,0x6B6B,0x6B6B,0x6B6B,0x6B6B,0x6B6B,0x6B6B,
	0x6B6B,0x6B6B,0x6B6B,0x6B6B,0x6B6B,0x6B6B,0x6B6B,0x6B6B,

	0x6B6B,0x6B6B,0x6B6B,0x6B6B,0x6B6B,0x6B6B,0x6B6B,0x6B6B,
	0x6B6B,0x6B6B,0x6B6B,0x6B6B,0x6B6B,0x6B6B,0x6B6B,0x6B6B,
	0x6B6B,0x6B6B,0x6B6B,0x6B6B,0x6B6B,0x6B6B,0x6B6B,0x6B6B,
	0x6B6B,0x6B6B,0x6B6B,0x6B6B,0x6B6B,0x6B6B,0x6B6B,0x6B6B,
	0x6B6B,0x6B6B,0x6B6B,0x6B6B,0x6B6B,0x6B6B,0x6B6B,0x6B6B,
	0x3232,0x3232,0x3232,0x3232,0x3232,0x3232,0x3232,0x8D4B,
	0x3269,0x3232,0x3232,0x3232,0x3232,0x3232,0x3232,0x3232,
	0x3232,0x3232,0x3232,0x3232,0x3232,0x3232,0x3232,0x3232,

	0x3232,0x3232,0x3232,0x6B6B,0x6B6B,0x6B6B,0x6B6B,0x6B6B,
	0x6B6B,0x6B6B,0x6B6B,0x6B6B,0x6B6B,0x6B6B,0x6B6B,0x6B6B,
	0x6B6B,0x6B6B,0x6B6B,0x6B6B,0x6B6B,0x6B6B,0x6B6B,0x6B6B,
	0x6B6B,0x6B6B,0x6B6B,0x6B6B,0x6B6B,0x6B6B,0x6B6B,0x6B6B,
	0x6B6B,0x6B6B,0x6B6B,0x6B6B,0x6B6B,0x6B6B,0x6B6B,0x6B6B,
	0x6B6B,0x6B6B,0x6B6B,0x6B6B,0x6B6B,0x6B6B,0x6B6B,0x6B6B,
	0x6B6B,0x6B6B,0x6B6B,0x6B6B,0x6B6B,0x6B6B,0x6B6B,0x6B6B,
	0x6B6B,0x6B6B,0x6B6B,0x6B6B,0x6B6B,0x6B6B,0x6B6B,0x6B6B,

	0x6B6B,0x6B6B,0x6B6B,0x6B6B,0x6B6B,0x6B6B,0x6B6B,0x6B6B,
	0x6B6B,0x6B6B,0x6B6B,0x6B6B,0x6B6B,0x6B6B,0x6B6B,0x6B6B,
	0x6B6B,0x6B6B,0x6B6B,0x6B6B,0x6B6B,0x6B6B,0x6B6B,0x6B6B,
	0x6B6B,0x6B6B,0x6B6B,0x6B6B,0x6B6B,0x6B6B,0x6B6B,0x6B6B,
	0x3232,0x3232,0x3232,0x3232,0x3232,0x3232,0x3232,0x4BB2,
	0x326B,0x3232,0x3232,0x3232,0x3232,0x3232,0x3232,0x3232,
	0x3232,0x3232,0x3232,0x3232,0x3232,0x3232,0x3232,0x3232,
	0x3232,0x3232,0x3232,0x6B6B,0x6B6B,0x6B6B,0x6B6B,0x6B6B,

	0x6B6B,0x6B6B,0x6B6B,0x6B6B,0x6B6B,0x6B6B,0x6B6B,0x6B6B,
	0x6B6B,0x6B6B,0x6B6B,0x6B6B,0x6B6B,0x6B6B,0x6B6B,0x6B6B,
	0x6B6B,0x6B6B,0x6B6B,0x6B6B,0x6B6B,0x6B6B,0x6B6B,0x6B6B,
	0x6B6B,0x6B6B,0x6B6B,0x6B6B,0x6B6B,0x6B6B,0x6B6B,0x6B6B,
	0x6B6B,0x6B6B,0x6B6B,0x6B6B,0x6B6B,0x6B6B,0x6B6B,0x6B6B,
	0x6B6B,0x6B6B,0x6B6B,0x6B6B,0x6B6B,0x6B6B,0x6B6B,0x6B6B,
	0x6B6B,0x6B6B,0x6B6B,0x6B6B,0x6B6B,0x6B6B,0x6B6B,0x6B6B,
	0x6B6B,0x6B6B,0x6B6B,0x6B6B,0x6B6B,0x6B6B,0x6B6B,0x6B6B,

	0x6B6B,0x6B6B,0x6B6B,0x6B6B,0x6B6B,0x6B6B,0x6B6B,0x6B6B,
	0x6B6B,0x6B6B,0x6B6B,0x6B6B,0x6B6B,0x6B6B,0x6B6B,0x6B6B,
	0x6B6B,0x6B6B,0x6B6B,0x6B6B,0x6B6B,0x6B6B,0x6B6B,0x6B6B,
	0x3232,0x3232,0x3232,0x3232,0x3232,0x3232,0x3232,0x3232,
	0x3232,0x3232,0x3232,0x3232,0x3232,0x3232,0x3232,0x3232,
	0x3232,0x3232,0x3232,0x3232,0x3232,0x3232,0x3232,0x3232,
	0x3232,0x3232,0x3232,0x6B6B,0x6B6B,0x6B6B,0x6B6B,0x6B6B,
	0x6B6B,0x6B6B,0x6B6B,0x6B6B,0x6B6B,0x6B6B,0x6B6B,0x6B6B,

	0x6B6B,0x6B6B,0x6B6B,0x6B6B,0x6B6B,0x6B6B,0x6B6B,0x6B6B,
	0x6B6B,0x6B6B,0x6B6B,0x6B6B,0x6B6B,0x6B6B,0x6B6B,0x6B6B,
	0x6B6B,0x6B6B,0x6B6B,0x6B6B,0x6B6B,0x6B6B,0x6B6B,0x6B6B,
	0x6B6B,0x6B6B,0x6B6B,0x6B6B,0x6B6B,0x6B6B,0x6B6B,0x6B6B,
	0x6B6B,0x6B6B,0x6B6B,0x6B6B,0x6B6B,0x6B6B,0x6B6B,0x6B6B,
	0x6B6B,0x6B6B,0x6B6B,0x6B6B,0x6B6B,0x6B6B,0x6B6B,0x6B6B,
	0x6B6B,0x6B6B,0x6B6B,0x6B6B,0x6B6B,0x6B6B,0x6B6B,0x6B6B,
	0x6B6B,0x6B6B,0x6B6B,0x6B6B,0x6B6B,0x6B6B,0x6B6B,0x6B6B,

	0x6B6B,0x6B6B,0x6B6B,0x6B6B,0x6B6B,0x6B6B,0x6B6B,0x6B6B,
	0x6B6B,0x6B6B,0x6B6B,0x6B6B,0x6B6B,0x6B6B,0x6B6B,0x6B6B,
	0x3232,0x3232,0x3232,0x3232,0x3232,0x3232,0x3232,0x3232,
	0x3232,0x3232,0x3232,0x3232,0x3232,0x3232,0x3232,0x3232,
	0x3232,0x3232,0x3232,0x3232,0x3232,0x3232,0x3232,0x3232,
	0x3232,0x3232,0x3232,0x6B6B,0x6B6B,0x6B6B,0x6B6B,0x6B6B,
	0x6B6B,0x6B6B,0x6B6B,0x6B6B,0x6B6B,0x6B6B,0x6B6B,0x6B6B,
	0x6B6B,0x6B6B,0x6B6B,0x6B6B,0x6B6B,0x6B6B,0x6B6B,0x6B6B,

	0x6B6B,0x6B6B,0x6B6B,0x6B6B,0x6B6B,0x6B6B,0x6B6B,0x6B6B,
	0x6B6B,0x6B6B,0x6B6B,0x6B6B,0x6B6B,0x6B6B,0x6B6B,0x6B6B,
	0x6B6B,0x6B6B,0x6B6B,0x6B6B,0x6B6B,0x6B6B,0x6B6B,0x6B6B,
	0x6B6B,0x6B6B,0x6B6B,0x6B6B,0x6B6B,0x6B6B,0x6B6B,0x6B6B,
	0x6B6B,0x6B6B,0x6B6B,0x6B6B,0x6B6B,0x6B6B,0x6B6B,0x6B6B,
	0x6B6B,0x6B6B,0x6B6B,0x6B6B,0x6B6B,0x6B6B,0x6B6B,0x6B6B,
	0x6B6B,0x6B6B,0x6B6B,0x6B6B,0x6B6B,0x6B6B,0x6B6B,0x6B6B,
	0x6B6B,0x6B6B,0x6B6B,0x6B6B,0x6B6B,0x6B6B,0x6B6B,0x6B6B,

	0x6B6B,0x6B6B,0x6B6B,0x6B6B,0x6B6B,0x6B6B,0x6B6B,0x6B6B,
	0x3232,0x3232,0x3232,0x3232,0x3232,0x3232,0x3232,0x3232,
	0x3232,0x3232,0x3232,0x3232,0x3232,0x3232,0x3232,0x3232,
	0x3232,0x3232,0x3232,0x3232,0x3232,0x3232,0x3232,0x3232,
	0x3232,0x3232,0x3232,0x6B6B,0x6B6B,0x6B6B,0x6B6B,0x6B6B,
	0x6B6B,0x6B6B,0x6B6B,0x6B6B,0x6B6B,0x6B6B,0x6B6B,0x6B6B,
	0x6B6B,0x6B6B,0x6B6B,0x6B6B,0x6B6B,0x6B6B,0x6B6B,0x6B6B,
	0x6B6B,0x6B6B,0x6B6B,0x6B6B,0x6B6B,0x6B6B,0x6B6B,0x6B6B,

	0x6B6B,0x6B6B,0x6B6B,0x6B6B,0x6B6B,0x6B6B,0x6B6B,0x6B6B,
	0x6B6B,0x6B6B,0x6B6B,0x6B6B,0x6B6B,0x6B6B,0x6B6B,0x6B6B,
	0x6B6B,0x6B6B,0x6B6B,0x6B6B,0x6B6B,0x6B6B,0x6B6B,0x6B6B,
	0x6B6B,0x6B6B,0x6B6B,0x6B6B,0x6B6B,0x6B6B,0x6B6B,0x6B6B,
	0x6B6B,0x6B6B,0x6B6B,0x6B6B,0x6B6B,0x6B6B,0x6B6B,0x6B6B,
	0x6B6B,0x6B6B,0x6B6B,0x6B6B,0x6B6B,0x6B6B,0x6B6B,0x6B6B,
	0x6B6B,0x6B6B,0x6B6B,0x6B6B,0x6B6B,0x6B6B,0x6B6B,0x6B6B,
	0x6B6B,0x6B6B,0x6B6B,0x6B6B,0x6B6B,0x6B6B,0x6B6B,0x6B6B,

	0x3232,0x3232,0x3232,0x3232,0x3232,0x3232,0x3232,0x3232,
	0x1818,0x3232,0x3232,0x3232,0x3232,0x3232,0x3232,0x3232,
	0x3232,0x3232,0x3232,0x3232,0x3232,0x3232,0x3232,0x3232,
	0x3232,0x3232,0x3232,0x6B6B,0x6B6B,0x6B6B,0x6B6B,0x6B6B,
	0x6B6B,0x6B6B,0x6B6B,0x6B6B,0x6B6B,0x6B6B,0x6B6B,0x6B6B,
	0x6B6B,0x6B6B,0x6B6B,0x6B6B,0x6B6B,0x6B6B,0x6B6B,0x6B6B,
	0x6B6B,0x6B6B,0x6B6B,0x6B6B,0x6B6B,0x6B6B,0x6B6B,0x6B6B,
	0x6B6B,0x6B6B,0x6B6B,0x6B6B,0x6B6B,0x6B6B,0x6B6B,0x6B6B,

	0x6B6B,0x6B6B,0x6B6B,0x6B6B,0x6B6B,0x6B6B,0x6B6B,0x6B6B,
	0x6B6B,0x6B6B,0x6B6B,0x6B6B,0x6B6B,0x6B6B,0x6B6B,0x6B6B,
	0x6B6B,0x6B6B,0x6B6B,0x6B6B,0x6B6B,0x6B6B,0x6B6B,0x6B6B,
	0x6B6B,0x6B6B,0x6B6B,0x6B6B,0x6B6B,0x6B6B,0x6B6B,0x6B6B,
	0x6B6B,0x6B6B,0x6B6B,0x6B6B,0x6B6B,0x6B6B,0x6B6B,0x6B6B,
	0x6B6B,0x6B6B,0x6B6B,0x6B6B,0x6B6B,0x6B6B,0x6B6B,0x6B6B,
	0x6B6B,0x6B6B,0x6B6B,0x6B6B,0x6B6B,0x6B6B,0x6B6B,0x6B6B,
	0x3232,0x3232,0x3232,0x3232,0x3232,0x3232,0x3232,0x3232,

	0x1832,0x3232,0x3232,0x3232,0x3232,0x3232,0x8632,0x8686,
	0x8632,0x8686,0x3232,0x3232,0x3232,0x3232,0x3232,0x3232,
	0x3232,0x8632,0x3286,0x6B6B,0x6B6B,0x6B6B,0x6B6B,0x6B6B,
	0x6B6B,0x6B6B,0x6B6B,0x6B6B,0x6B6B,0x6B6B,0x6B6B,0x8686,
	0x6B86,0x6B6B,0x6B6B,0x6B86,0x8686,0x6B6B,0x6B6B,0x6B6B,
	0x6B6B,0x8686,0x6B6B,0x6B6B,0x6B6B,0x6B6B,0x6B6B,0x6B6B,
	0x6B6B,0x6B6B,0x6B6B,0x6B6B,0x6B6B,0x6B6B,0x6B6B,0x6B6B,
	0x6B6B,0x6B6B,0x6B6B,0x6B6B,0x6B6B,0x6B6B,0x6B6B,0x866B,

	0x6B86,0x6B6B,0x6B6B,0x6B6B,0x6B6B,0x6B6B,0x6B6B,0x6B6B,
	0x6B6B,0x6B6B,0x6B6B,0x866B,0x6B86,0x6B6B,0x6B6B,0x6B6B,
	0x6B6B,0x6B6B,0x6B6B,0x6B6B,0x6B6B,0x6B6B,0x6B6B,0x866B,
	0x6B6B,0x6B6B,0x6B6B,0x6B6B,0x6B6B,0x6B86,0x6B6B,0x6B6B,
	0x6B6B,0x6B6B,0x6B6B,0x6B6B,0x6B6B,0x6B6B,0x6B6B,0x6B6B,
	0x6B6B,0x6B6B,0x6B6B,0x6B6B,0x6B6B,0x6B6B,0x6B6B,0x6B6B,
	0x3232,0x3232,0x3232,0x3232,0x3232,0x3232,0x3232,0xB54F,
	0x5732,0x3232,0x3232,0x3232,0x3232,0x3232,0x3232,0x3286,

	0x3232,0x3286,0x3232,0x3232,0x3232,0x3232,0x3232,0x3232,
	0x3232,0x3232,0x3286,0x6B6B,0x6B6B,0x6B6B,0x6B6B,0x6B6B,
	0x6B6B,0x6B6B,0x6B6B,0x6B6B,0x6B6B,0x6B6B,0x866B,0x6B6B,
	0x6B86,0x6B6B,0x6B6B,0x6B6B,0x866B,0x6B6B,0x6B6B,0x6B6B,
	0x6B6B,0x866B,0x6B6B,0x6B6B,0x866B,0x6B6B,0x6B6B,0x6B6B,
	0x6B6B,0x6B6B,0x6B6B,0x6B6B,0x6B6B,0x6B6B,0x6B6B,0x6B6B,
	0x6B6B,0x6B6B,0x6B6B,0x6B6B,0x6B6B,0x6B6B,0x6B6B,0x6B6B,
	0x6B86,0x6B6B,0x6B6B,0x6B6B,0x6B86,0x6B6B,0x6B6B,0x6B6B,

	0x6B6B,0x6B6B,0x6B86,0x6B6B,0x6B86,0x6B6B,0x6B6B,0x6B6B,
	0x6B6B,0x6B6B,0x6B6B,0x6B6B,0x6B6B,0x6B6B,0x6B6B,0x6B6B,
	0x6B6B,0x6B6B,0x6B6B,0x6B6B,0x6B6B,0x6B6B,0x6B6B,0x6B6B,
	0x6B6B,0x6B6B,0x6B6B,0x6B6B,0x6B6B,0x6B6B,0x6B6B,0x6B6B,
	0x6B6B,0x6B6B,0x6B6B,0x6B6B,0x6B6B,0x6B6B,0x6B6B,0x6B6B,
	0x3232,0x3232,0x3232,0x3232,0x3232,0x3232,0x3232,0x83CB,
	0x326B,0x3232,0x3232,0x3232,0x3232,0x3232,0x3232,0x8632,
	0x8632,0x3232,0x3232,0x3232,0x3232,0x3232,0x3232,0x3232,

	0x3232,0x3232,0x3286,0x6B6B,0x6B6B,0x6B6B,0x6B6B,0x6B6B,
	0x6B6B,0x6B6B,0x6B6B,0x6B6B,0x6B6B,0x6B6B,0x866B,0x6B6B,
	0x6B6B,0x6B6B,0x6B6B,0x6B6B,0x866B,0x6B6B,0x6B6B,0x6B6B,
	0x6B6B,0x866B,0x6B6B,0x6B6B,0x866B,0x6B6B,0x6B6B,0x6B6B,
	0x6B6B,0x6B6B,0x6B6B,0x6B6B,0x6B6B,0x6B6B,0x6B6B,0x6B6B,
	0x6B6B,0x6B6B,0x6B6B,0x6B6B,0x6B6B,0x6B6B,0x6B6B,0x6B6B,
	0x6B86,0x6B6B,0x6B6B,0x6B6B,0x6B86,0x6B6B,0x6B6B,0x6B6B,
	0x6B6B,0x6B6B,0x6B86,0x6B6B,0x6B86,0x6B6B,0x6B6B,0x6B6B,

	0x6B6B,0x6B6B,0x6B6B,0x6B6B,0x6B6B,0x6B6B,0x6B6B,0x6B6B,
	0x6B6B,0x6B6B,0x6B6B,0x6B6B,0x6B6B,0x6B6B,0x6B6B,0x6B6B,
	0x6B6B,0x6B6B,0x6B6B,0x6B6B,0x6B6B,0x6B6B,0x6B6B,0x6B6B,
	0x6B6B,0x6B6B,0x6B6B,0x6B6B,0x6B6B,0x6B6B,0x6B6B,0x6B6B,
	0x3232,0x3232,0x3232,0x3232,0x3232,0x3232,0x3232,0x3232,
	0x3232,0x3232,0x3232,0x3232,0x3232,0x3232,0x3232,0x8632,
	0x8632,0x3232,0x3232,0x8686,0x3286,0x8686,0x8632,0x3286,
	0x3232,0x3232,0x3286,0x8686,0x6B6B,0x8686,0x6B6B,0x8686,

	0x866B,0x8686,0x866B,0x6B86,0x6B6B,0x6B6B,0x8686,0x6B86,
	0x866B,0x6B86,0x866B,0x6B86,0x866B,0x6B6B,0x8686,0x6B6B,
	0x866B,0x8686,0x6B6B,0x6B6B,0x8686,0x6B86,0x866B,0x8686,
	0x6B6B,0x6B6B,0x6B6B,0x8686,0x6B86,0x866B,0x8686,0x6B6B,
	0x8686,0x866B,0x6B86,0x8686,0x866B,0x8686,0x6B86,0x6B6B,
	0x6B86,0x866B,0x6B86,0x866B,0x8686,0x6B6B,0x8686,0x6B6B,
	0x6B6B,0x866B,0x8686,0x6B6B,0x6B86,0x8686,0x6B6B,0x8686,
	0x6B6B,0x6B6B,0x866B,0x6B86,0x8686,0x866B,0x6B86,0x8686,

	0x6B6B,0x8686,0x6B6B,0x8686,0x866B,0x6B86,0x866B,0x8686,
	0x6B6B,0x8686,0x866B,0x6B86,0x6B6B,0x6B6B,0x6B6B,0x6B6B,
	0x6B6B,0x6B6B,0x6B6B,0x6B6B,0x6B6B,0x6B6B,0x6B6B,0x6B6B,
	0x3232,0x3232,0x3232,0x3232,0x3232,0x3232,0x3232,0x3232,
	0x3232,0x3232,0x3232,0x3232,0x3232,0x3232,0x3232,0x3232,
	0x3286,0x3232,0x8632,0x3232,0x8632,0x8632,0x3232,0x3286,
	0x3232,0x3232,0x8686,0x866B,0x6B6B,0x6B6B,0x6B86,0x866B,
	0x6B6B,0x6B86,0x6B86,0x866B,0x6B6B,0x6B6B,0x866B,0x6B6B,

	0x6B6B,0x866B,0x6B6B,0x6B86,0x866B,0x866B,0x6B6B,0x6B86,
	0x6B86,0x866B,0x6B6B,0x6B6B,0x866B,0x6B6B,0x6B86,0x6B6B,
	0x6B86,0x6B6B,0x866B,0x6B6B,0x6B86,0x6B86,0x6B6B,0x6B86,
	0x866B,0x6B86,0x8686,0x866B,0x6B6B,0x6B86,0x866B,0x6B6B,
	0x6B86,0x6B86,0x866B,0x6B6B,0x6B86,0x866B,0x6B6B,0x6B86,
	0x6B6B,0x6B6B,0x6B86,0x6B6B,0x8686,0x866B,0x866B,0x6B6B,
	0x6B86,0x6B6B,0x6B6B,0x8686,0x866B,0x6B86,0x6B86,0x866B,
	0x866B,0x6B6B,0x866B,0x6B6B,0x6B6B,0x6B86,0x6B86,0x6B6B,

	0x6B86,0x866B,0x6B86,0x6B86,0x6B6B,0x6B6B,0x6B6B,0x6B6B,
	0x6B6B,0x6B6B,0x6B6B,0x6B6B,0x6B6B,0x6B6B,0x6B6B,0x6B6B,
	0x3232,0x3232,0x3232,0x3232,0x3232,0x3232,0x3232,0x3232,
	0x3232,0x3232,0x3232,0x3232,0x3232,0x3232,0x3232,0x3232,
	0x3286,0x3232,0x8632,0x3232,0x8632,0x8632,0x3232,0x3286,
	0x3232,0x3232,0x3286,0x866B,0x6B6B,0x8686,0x6B86,0x866B,
	0x866B,0x6B6B,0x8686,0x8686,0x6B6B,0x6B6B,0x866B,0x6B6B,
	0x866B,0x8686,0x6B6B,0x6B86,0x866B,0x866B,0x8686,0x6B86,

	0x6B86,0x866B,0x6B6B,0x6B6B,0x866B,0x6B6B,0x6B86,0x6B6B,
	0x6B86,0x6B6B,0x866B,0x6B6B,0x6B6B,0x6B86,0x6B6B,0x6B86,
	0x866B,0x6B6B,0x6B86,0x866B,0x6B6B,0x6B86,0x866B,0x6B6B,
	0x6B86,0x8686,0x8686,0x6B6B,0x6B86,0x866B,0x8686,0x6B86,
	0x6B6B,0x6B6B,0x6B86,0x6B6B,0x6B86,0x866B,0x866B,0x8686,
	0x6B86,0x6B6B,0x6B6B,0x6B86,0x866B,0x6B6B,0x6B86,0x866B,
	0x6B6B,0x8686,0x6B6B,0x8686,0x6B6B,0x6B86,0x6B86,0x6B6B,
	0x6B86,0x866B,0x6B6B,0x6B86,0x6B6B,0x6B6B,0x6B6B,0x6B6B,

	0x6B6B,0x6B6B,0x6B6B,0x6B6B,0x6B6B,0x6B6B,0x6B6B,0x6B6B,
	0x3232,0x3232,0x3232,0x3232,0x3232,0x3232,0x3232,0x3232,
	0x3232,0x3232,0x3232,0x3232,0x3232,0x3232,0x3232,0x3232,
	0x3286,0x3232,0x8632,0x3232,0x8632,0x8632,0x3232,0x3286,
	0x3232,0x3232,0x3286,0x866B,0x866B,0x6B6B,0x6B86,0x6B6B,
	0x6B86,0x6B6B,0x6B86,0x6B6B,0x6B6B,0x6B6B,0x866B,0x6B6B,
	0x6B86,0x866B,0x6B6B,0x6B86,0x866B,0x866B,0x6B6B,0x6B6B,
	0x6B86,0x866B,0x6B6B,0x6B6B,0x866B,0x6B6B,0x6B86,0x6B6B,

	0x6B86,0x6B6B,0x866B,0x6B6B,0x6B6B,0x6B86,0x6B6B,0x6B86,
	0x866B,0x6B6B,0x6B86,0x866B,0x6B6B,0x6B86,0x866B,0x6B6B,
	0x6B86,0x6B86,0x6B6B,0x6B6B,0x6B86,0x866B,0x6B6B,0x6B6B,
	0x6B6B,0x6B6B,0x6B86,0x6B6B,0x6B86,0x866B,0x866B,0x6B6B,
	0x6B6B,0x6B6B,0x6B6B,0x6B86,0x866B,0x6B6B,0x6B86,0x866B,
	0x6B6B,0x866B,0x6B6B,0x866B,0x6B6B,0x6B86,0x6B86,0x6B6B,
	0x6B86,0x866B,0x6B6B,0x6B86,0x6B6B,0x6B6B,0x6B6B,0x6B6B,
	0x6B6B,0x6B6B,0x6B6B,0x6B6B,0x6B6B,0x6B6B,0x6B6B,0x6B6B,

	0x3232,0x3232,0x3232,0x3232,0x3232,0x3232,0x3232,0x3232,
	0x3232,0x3232,0x3232,0x3232,0x3232,0x3232,0x3232,0x8632,
	0x8686,0x3232,0x3232,0x8686,0x3286,0x3232,0x8686,0x8686,
	0x3232,0x8632,0x8686,0x866B,0x6B86,0x8686,0x8686,0x6B6B,
	0x6B86,0x6B6B,0x866B,0x8686,0x6B6B,0x6B6B,0x8686,0x6B86,
	0x866B,0x8686,0x8686,0x8686,0x8686,0x6B86,0x8686,0x6B86,
	0x866B,0x8686,0x6B86,0x6B6B,0x866B,0x6B86,0x866B,0x8686,
	0x6B6B,0x6B6B,0x6B6B,0x8686,0x6B86,0x866B,0x8686,0x6B6B,

	0x8686,0x6B86,0x8686,0x866B,0x6B86,0x8686,0x6B86,0x866B,
	0x8686,0x866B,0x8686,0x6B6B,0x8686,0x6B6B,0x8686,0x6B86,
	0x6B6B,0x6B6B,0x8686,0x866B,0x8686,0x866B,0x6B86,0x8686,
	0x6B86,0x6B6B,0x866B,0x8686,0x866B,0x6B86,0x8686,0x8686,
	0x8686,0x6B86,0x866B,0x6B86,0x866B,0x8686,0x866B,0x8686,
	0x6B6B,0x8686,0x6B86,0x8686,0x866B,0x6B6B,0x6B6B,0x6B6B,
	0x6B6B,0x6B6B,0x6B6B,0x6B6B,0x6B6B,0x6B6B,0x6B6B,0x6B6B,
	0x3232,0x3232,0x3232,0x3232,0x3232,0x3232,0x3232,0x3232,

	0x3232,0x3232,0x3232,0x3232,0x3232,0x3232,0x3232,0x3232,
	0x3232,0x3232,0x3232,0x3232,0x3232,0x3232,0x3232,0x3232,
	0x3232,0x3232,0x2A32,0x6B6B,0x6B6B,0x6B6B,0x6B6B,0x6B6B,
	0x6B6B,0x6B6B,0x6B6B,0x6B6B,0x6B6B,0x6B6B,0x6B6B,0x6B6B,
	0x6B6B,0x6B6B,0x6B6B,0x6B6B,0x6B6B,0x6B6B,0x6B6B,0x6B6B,
	0x6B6B,0x6B6B,0x6B6B,0x6B6B,0x6B6B,0x6B6B,0x6B6B,0x6B6B,
	0x6B6B,0x6B6B,0x6B6B,0x6B6B,0x6B6B,0x6B6B,0x6B6B,0x6B6B,
	0x6B6B,0x6B6B,0x6B6B,0x6B6B,0x6B6B,0x6B86,0x6B6B,0x6B6B,

	0x6B6B,0x6B6B,0x6B6B,0x6B6B,0x6B6B,0x6B6B,0x6B6B,0x6B6B,
	0x6B6B,0x6B6B,0x6B6B,0x6B6B,0x6B6B,0x6B6B,0x6B6B,0x6B6B,
	0x6B6B,0x6B6B,0x6B6B,0x6B6B,0x6B6B,0x6B6B,0x6B6B,0x6B6B,
	0x6B6B,0x6B6B,0x6B6B,0x6B6B,0x6B6B,0x6B6B,0x6B6B,0x6B6B,
	0x6B6B,0x6B6B,0x6B6B,0x6B6B,0x6B6B,0x6B6B,0x6B6B,0x6B6B,
	0x6B6B,0x6B6B,0x6B6B,0x6B6B,0x6B6B,0x6B6B,0x6B6B,0x6B6B,
	0x3232,0x3232,0x3232,0x3232,0x3232,0x3232,0x3232,0x3232,
	0x3232,0x3232,0x3232,0x3232,0x3232,0x3232,0x3232,0x3232,

	0x3232,0x3232,0x3232,0x3232,0x3232,0x3232,0x3232,0x3232,
	0x3232,0x3232,0x7232,0x6B6B,0x6B6B,0x6B6B,0x6B6B,0x6B6B,
	0x6B6B,0x6B6B,0x6B6B,0x6B6B,0x6B6B,0x6B6B,0x6B6B,0x6B6B,
	0x6B6B,0x6B6B,0x6B6B,0x6B6B,0x6B6B,0x6B6B,0x6B6B,0x6B6B,
	0x6B6B,0x6B6B,0x6B6B,0x6B6B,0x6B6B,0x6B6B,0x6B6B,0x6B6B,
	0x6B6B,0x6B6B,0x6B6B,0x6B6B,0x6B6B,0x6B6B,0x6B6B,0x6B6B,
	0x6B6B,0x6B6B,0x6B6B,0x6B6B,0x866B,0x8686,0x6B6B,0x6B6B,
	0x6B6B,0x6B6B,0x6B6B,0x6B6B,0x6B6B,0x6B6B,0x6B6B,0x6B6B,

	0x6B6B,0x6B6B,0x6B6B,0x6B6B,0x6B6B,0x6B6B,0x6B6B,0x6B6B,
	0x6B6B,0x6B6B,0x6B6B,0x6B6B,0x6B6B,0x6B6B,0x6B6B,0x6B6B,
	0x6B6B,0x6B6B,0x6B6B,0x6B6B,0x6B6B,0x6B6B,0x6B6B,0x6B6B,
	0x6B6B,0x6B6B,0x6B6B,0x6B6B,0x6B6B,0x6B6B,0x6B6B,0x6B6B,
	0x6B6B,0x6B6B,0x6B6B,0x6B6B,0x6B6B,0x6B6B,0x6B6B,0x6B6B,
	0x3232,0x3232,0x3232,0x3232,0x3232,0x3232,0x3232,0x3232,
	0x3232,0x3232,0x3232,0x3232,0x3232,0x3232,0x3232,0x3232,
	0x3232,0x3232,0x3232,0x3232,0x3232,0x3232,0x3232,0x3232,

	0x3232,0x3132,0x18FE,0x6B6B,0x6B6B,0x6B6B,0x6B6B,0x6B6B,
	0x6B6B,0x6B6B,0x6B6B,0x6B6B,0x6B6B,0x6B6B,0x6B6B,0x6B6B,
	0x6B6B,0x6B6B,0x6B6B,0x6B6B,0x6B6B,0x6B6B,0x6B6B,0x6B6B,
	0x6B6B,0x6B6B,0x6B6B,0x6B6B,0x6B6B,0x6B6B,0x6B6B,0x6B6B,
	0x6B6B,0x6B6B,0x6B6B,0x6B6B,0x6B6B,0x6B6B,0x6B6B,0x6B6B,
	0x6B6B,0x6B6B,0x6B6B,0x6B6B,0x6B6B,0x6B6B,0x6B6B,0x6B6B,
	0x6B6B,0x6B6B,0x6B6B,0x6B6B,0x6B6B,0x6B6B,0x6B6B,0x6B6B,
	0x6B6B,0x6B6B,0x6B6B,0x6B6B,0x6B6B,0x6B6B,0x6B6B,0x6B6B,

	0x6B6B,0x6B6B,0x6B6B,0x6B6B,0x6B6B,0x6B6B,0x6B6B,0x6B6B,
	0x6B6B,0x6B6B,0x6B6B,0x6B6B,0x6B6B,0x6B6B,0x6B6B,0x6B6B,
	0x6B6B,0x6B6B,0x6B6B,0x6B6B,0x6B6B,0x6B6B,0x6B6B,0x6B6B,
	0x6B6B,0x6B6B,0x6B6B,0x6B6B,0x6B6B,0x6B6B,0x6B6B,0x6B6B,
	0x3232,0x3232,0x3232,0x3232,0x3232,0x3232,0x3232,0x3232,
	0x3232,0x3232,0x3232,0x3232,0x3232,0x3232,0x3232,0x3232,
	0x3232,0x3232,0x3232,0x3232,0x3232,0x3232,0x3232,0x3232,
	0x3232,0x1332,0x722F,0x6B6B,0x6B6B,0x6B6B,0x6B6B,0x6B6B,

	0x6B6B,0x6B6B,0x6B6B,0x6B6B,0x6B6B,0x6B6B,0x6B6B,0x6B6B,
	0x6B6B,0x6B6B,0x6B6B,0x6B6B,0x6B6B,0x6B6B,0x6B6B,0x6B6B,
	0x6B6B,0x6B6B,0x6B6B,0x6B6B,0x6B6B,0x6B6B,0x6B6B,0x6B6B,
	0x6B6B,0x6B6B,0x6B6B,0x6B6B,0x6B6B,0x6B6B,0x6B6B,0x6B6B,
	0x6B6B,0x6B6B,0x6B6B,0x6B6B,0x6B6B,0x6B6B,0x6B6B,0x6B6B,
	0x6B6B,0x6B6B,0x6B6B,0x6B6B,0x6B6B,0x6B6B,0x6B6B,0x6B6B,
	0x6B6B,0x6B6B,0x6B6B,0x6B6B,0x6B6B,0x6B6B,0x6B6B,0x6B6B,
	0x6B6B,0x6B6B,0x6B6B,0x6B6B,0x6B6B,0x6B6B,0x6B6B,0x6B6B,

	0x6B6B,0x6B6B,0x6B6B,0x6B6B,0x6B6B,0x6B6B,0x6B6B,0x6B6B,
	0x6B6B,0x6B6B,0x6B6B,0x6B6B,0x6B6B,0x6B6B,0x6B6B,0x6B6B,
	0x6B6B,0x6B6B,0x6B6B,0x6B6B,0x6B6B,0x6B6B,0x6B6B,0x6B6B,
	0x3232,0x3232,0x3232,0x3232,0x3232,0x3232,0x3232,0x3232,
	0x3232,0x3232,0x3232,0x3232,0x3232,0x3232,0x3232,0x3232,
	0x3232,0x3232,0x3232,0x3232,0x3232,0x3232,0x3232,0x3232,
	0x3232,0x3232,0x1832,0x6B6B,0x6B6B,0x6B6B,0x6B6B,0x6B6B,
	0x6B6B,0x6B6B,0x6B6B,0x6B6B,0x6B6B,0x6B6B,0x6B6B,0x6B6B,

	0x6B6B,0x6B6B,0x6B6B,0x6B6B,0x6B6B,0x6B6B,0x6B6B,0x6B6B,
	0x6B6B,0x6B6B,0x6B6B,0x6B6B,0x6B6B,0x6B6B,0x6B6B,0x6B6B,
	0x6B6B,0x6B6B,0x6B6B,0x6B6B,0x6B6B,0x6B6B,0x6B6B,0x6B6B,
	0x6B6B,0x6B6B,0x6B6B,0x6B6B,0x6B6B,0x6B6B,0x6B6B,0x6B6B,
	0x6B6B,0x6B6B,0x6B6B,0x6B6B,0x6B6B,0x6B6B,0x6B6B,0x6B6B,
	0x6B6B,0x6B6B,0x6B6B,0x6B6B,0x6B6B,0x6B6B,0x6B6B,0x6B6B,
	0x6B6B,0x6B6B,0x6B6B,0x6B6B,0x6B6B,0x6B6B,0x6B6B,0x6B6B,
	0x6B6B,0x6B6B,0x6B6B,0x6B6B,0x6B6B,0x6B6B,0x6B6B,0x6B6B,

	0x6B6B,0x6B6B,0x6B6B,0x6B6B,0x6B6B,0x6B6B,0x6B6B,0x6B6B,
	0x6B6B,0x6B6B,0x6B6B,0x6B6B,0x6B6B,0x6B6B,0x6B6B,0x6B6B,
	0x3232,0x3232,0x3232,0x3232,0x3232,0x3232,0x3232,0x3232,
	0x3232,0x3232,0x3232,0x3232,0x3232,0x3232,0x3232,0x3232,
	0x3232,0x3232,0x3232,0x3232,0x3232,0x3232,0x3232,0x3232,
	0x3232,0x3232,0x3232,0x6B6B,0x6B6B,0x6B6B,0x6B6B,0x6B6B,
	0x6B6B,0x6B6B,0x6B6B,0x6B6B,0x6B6B,0x6B6B,0x6B6B,0x6B6B,
	0x6B6B,0x6B6B,0x6B6B,0x6B6B,0x6B6B,0x6B6B,0x6B6B,0x6B6B,

	0x6B6B,0x6B6B,0x6B6B,0x6B6B,0x6B6B,0x6B6B,0x6B6B,0x6B6B,
	0x6B6B,0x6B6B,0x6B6B,0x6B6B,0x6B6B,0x6B6B,0x6B6B,0x6B6B,
	0x6B6B,0x6B6B,0x6B6B,0x6B6B,0x6B6B,0x6B6B,0x6B6B,0x6B6B,
	0x6B6B,0x6B6B,0x6B6B,0x6B6B,0x6B6B,0x6B6B,0x6B6B,0x6B6B,
	0x6B6B,0x6B6B,0x6B6B,0x6B6B,0x6B6B,0x6B6B,0x6B6B,0x6B6B,
	0x6B6B,0x6B6B,0x6B6B,0x6B6B,0x6B6B,0x6B6B,0x6B6B,0x6B6B,
	0x6B6B,0x6B6B,0x6B6B,0x6B6B,0x6B6B,0x6B6B,0x6B6B,0x6B6B,
	0x6B6B,0x6B6B,0x6B6B,0x6B6B,0x6B6B,0x6B6B,0x6B6B,0x6B6B,

	0x6B6B,0x6B6B,0x6B6B,0x6B6B,0x6B6B,0x6B6B,0x6B6B,0x6B6B,
	0x3232,0x3232,0x3232,0x3232,0x3232,0x3232,0x3232,0x3232,
	0x3232,0x3232,0x3232,0x3232,0x3232,0x3232,0x8632,0x8686,
	0x8686,0x3232,0x3232,0x3232,0x3232,0x3232,0x3232,0x3232,
	0x3232,0x3232,0x3232,0x6B6B,0x6B6B,0x6B6B,0x6B6B,0x6B6B,
	0x6B6B,0x6B6B,0x6B6B,0x6B6B,0x6B6B,0x6B6B,0x6B6B,0x6B6B,
	0x6B6B,0x6B6B,0x6B6B,0x6B6B,0x6B6B,0x6B6B,0x6B6B,0x6B6B,
	0x6B6B,0x6B6B,0x6B6B,0x6B6B,0x6B6B,0x6B6B,0x6B6B,0x6B6B,

	0x6B86,0x6B6B,0x6B6B,0x6B6B,0x6B6B,0x6B6B,0x6B6B,0x6B6B,
	0x6B6B,0x6B6B,0x6B6B,0x6B6B,0x6B6B,0x6B6B,0x6B6B,0x6B6B,
	0x6B6B,0x6B6B,0x6B6B,0x6B6B,0x6B6B,0x6B6B,0x6B6B,0x6B6B,
	0x6B6B,0x6B6B,0x6B6B,0x6B6B,0x6B6B,0x6B6B,0x6B6B,0x6B6B,
	0x6B6B,0x6B6B,0x6B6B,0x6B6B,0x6B6B,0x6B6B,0x6B6B,0x6B6B,
	0x6B6B,0x6B6B,0x6B6B,0x6B6B,0x6B6B,0x6B6B,0x6B6B,0x6B6B,
	0x6B6B,0x6B6B,0x6B6B,0x6B6B,0x6B6B,0x6B6B,0x6B6B,0x6B6B,
	0x6B6B,0x6B6B,0x6B6B,0x6B6B,0x6B6B,0x6B6B,0x6B6B,0x6B6B,

	0x3232,0x3232,0x3232,0x3232,0x3232,0x3232,0x3232,0x3232,
	0x3232,0x3232,0x3232,0x3232,0x3232,0x3232,0x3232,0x3286,
	0x3232,0x3286,0x3232,0x3232,0x3232,0x3286,0x3232,0x3232,
	0x3232,0x3232,0x3232,0x6B6B,0x6B6B,0x6B6B,0x6B6B,0x6B6B,
	0x6B86,0x6B6B,0x6B6B,0x6B6B,0x6B6B,0x6B6B,0x6B6B,0x6B6B,
	0x6B6B,0x6B6B,0x6B6B,0x6B6B,0x6B6B,0x6B6B,0x6B6B,0x6B6B,
	0x6B6B,0x6B6B,0x6B6B,0x6B6B,0x6B6B,0x6B6B,0x6B6B,0x6B6B,
	0x6B6B,0x6B6B,0x6B6B,0x6B6B,0x866B,0x6B6B,0x6B6B,0x6B6B,

	0x6B6B,0x6B6B,0x6B6B,0x6B6B,0x6B6B,0x6B6B,0x6B6B,0x6B6B,
	0x6B6B,0x6B6B,0x6B6B,0x6B6B,0x6B6B,0x6B6B,0x6B6B,0x6B6B,
	0x6B6B,0x6B6B,0x6B6B,0x6B6B,0x6B6B,0x6B6B,0x6B6B,0x6B6B,
	0x6B6B,0x6B6B,0x6B6B,0x6B6B,0x6B6B,0x6B6B,0x6B6B,0x6B6B,
	0x6B6B,0x6B6B,0x6B6B,0x6B6B,0x6B6B,0x6B6B,0x6B6B,0x6B6B,
	0x6B6B,0x6B6B,0x6B6B,0x6B6B,0x6B6B,0x6B6B,0x6B6B,0x6B6B,
	0x6B6B,0x6B6B,0x6B6B,0x6B6B,0x6B6B,0x6B6B,0x6B6B,0x6B6B,
	0x3232,0x3232,0x3232,0x3232,0x3232,0x3232,0x3232,0x3232,

	0x3232,0x3232,0x3232,0x3232,0x3232,0x3232,0x3232,0x3286,
	0x3232,0x3286,0x3232,0x3232,0x3232,0x3286,0x3232,0x3232,
	0x3232,0x3232,0x3232,0x6B6B,0x6B6B,0x6B6B,0x6B6B,0x6B6B,
	0x6B86,0x6B6B,0x6B6B,0x6B6B,0x6B6B,0x6B6B,0x6B6B,0x6B6B,
	0x6B6B,0x6B6B,0x6B6B,0x6B6B,0x6B6B,0x6B6B,0x6B6B,0x6B6B,
	0x6B6B,0x6B6B,0x6B6B,0x6B6B,0x6B6B,0x6B6B,0x6B6B,0x6B6B,
	0x6B6B,0x6B6B,0x6B6B,0x6B6B,0x866B,0x6B6B,0x6B6B,0x6B6B,
	0x6B6B,0x6B6B,0x6B6B,0x6B6B,0x6B6B,0x6B6B,0x6B6B,0x6B6B,

	0x6B6B,0x6B6B,0x6B6B,0x6B6B,0x6B6B,0x6B6B,0x6B6B,0x6B6B,
	0x6B6B,0x6B6B,0x6B6B,0x6B6B,0x6B6B,0x6B6B,0x6B6B,0x6B6B,
	0x6B6B,0x6B6B,0x6B6B,0x6B6B,0x6B6B,0x6B6B,0x6B6B,0x6B6B,
	0x6B6B,0x6B6B,0x6B6B,0x6B6B,0x6B6B,0x6B6B,0x6B6B,0x6B6B,
	0x6B6B,0x6B6B,0x6B6B,0x6B6B,0x6B6B,0x6B6B,0x6B6B,0x6B6B,
	0x6B6B,0x6B6B,0x6B6B,0x6B6B,0x6B6B,0x6B6B,0x6B6B,0x6B6B,
	0x3232,0x3232,0x3232,0x3232,0x3232,0x3232,0x3232,0x3232,
	0x3232,0x3232,0x3232,0x3232,0x3232,0x3232,0x3232,0x8686,

	0x8686,0x3232,0x8632,0x3286,0x8632,0x8686,0x8686,0x8632,
	0x3286,0x8686,0x8632,0x8686,0x866B,0x6B86,0x6B6B,0x866B,
	0x8686,0x6B6B,0x8686,0x6B86,0x6B6B,0x6B6B,0x866B,0x6B86,
	0x866B,0x6B86,0x866B,0x6B86,0x8686,0x6B86,0x8686,0x6B6B,
	0x6B6B,0x866B,0x8686,0x6B86,0x6B6B,0x8686,0x6B86,0x866B,
	0x6B86,0x8686,0x866B,0x6B86,0x8686,0x6B86,0x6B6B,0x6B6B,
	0x6B6B,0x6B6B,0x6B6B,0x6B6B,0x6B6B,0x6B6B,0x6B6B,0x6B6B,
	0x6B6B,0x6B6B,0x6B6B,0x6B6B,0x6B6B,0x6B6B,0x6B6B,0x6B6B,

	0x6B6B,0x6B6B,0x6B6B,0x6B6B,0x6B6B,0x6B6B,0x6B6B,0x6B6B,
	0x6B6B,0x6B6B,0x6B6B,0x6B6B,0x6B6B,0x6B6B,0x6B6B,0x6B6B,
	0x6B6B,0x6B6B,0x6B6B,0x6B6B,0x6B6B,0x6B6B,0x6B6B,0x6B6B,
	0x6B6B,0x6B6B,0x6B6B,0x6B6B,0x6B6B,0x6B6B,0x6B6B,0x6B6B,
	0x6B6B,0x6B6B,0x6B6B,0x6B6B,0x6B6B,0x6B6B,0x6B6B,0x6B6B,
	0x3232,0x3232,0x3232,0x3232,0x3232,0x3232,0x3232,0x3232,
	0x3232,0x3232,0x3232,0x3232,0x3232,0x3232,0x3232,0x3286,
	0x3286,0x3232,0x3286,0x8632,0x3232,0x3286,0x8632,0x3232,

	0x3286,0x8632,0x3286,0x866B,0x6B86,0x6B86,0x6B6B,0x6B6B,
	0x6B86,0x866B,0x6B6B,0x866B,0x6B6B,0x6B6B,0x6B86,0x6B6B,
	0x6B6B,0x866B,0x6B6B,0x6B86,0x866B,0x866B,0x6B6B,0x6B86,
	0x6B6B,0x6B6B,0x6B86,0x866B,0x866B,0x6B6B,0x866B,0x6B6B,
	0x6B86,0x866B,0x6B86,0x6B86,0x866B,0x6B6B,0x6B6B,0x6B6B,
	0x6B6B,0x6B6B,0x6B6B,0x6B6B,0x6B6B,0x6B6B,0x6B6B,0x6B6B,
	0x6B6B,0x6B6B,0x6B6B,0x6B6B,0x6B6B,0x6B6B,0x6B6B,0x6B6B,
	0x6B6B,0x6B6B,0x6B6B,0x6B6B,0x6B6B,0x6B6B,0x6B6B,0x6B6B,

	0x6B6B,0x6B6B,0x6B6B,0x6B6B,0x6B6B,0x6B6B,0x6B6B,0x6B6B,
	0x6B6B,0x6B6B,0x6B6B,0x6B6B,0x6B6B,0x6B6B,0x6B6B,0x6B6B,
	0x6B6B,0x6B6B,0x6B6B,0x6B6B,0x6B6B,0x6B6B,0x6B6B,0x6B6B,
	0x6B6B,0x6B6B,0x6B6B,0x6B6B,0x6B6B,0x6B6B,0x6B6B,0x6B6B,
	0x3232,0x3232,0x3232,0x3232,0x3232,0x3232,0x3232,0x3232,
	0x3232,0x3232,0x3232,0x3232,0x3232,0x3232,0x3232,0x3286,
	0x8632,0x3232,0x8686,0x8686,0x3232,0x3286,0x8632,0x3232,
	0x3286,0x8632,0x3232,0x866B,0x6B6B,0x6B86,0x6B6B,0x6B6B,

	0x6B86,0x866B,0x6B6B,0x866B,0x6B6B,0x6B6B,0x866B,0x6B86,
	0x866B,0x8686,0x6B6B,0x6B86,0x6B86,0x866B,0x8686,0x6B86,
	0x6B6B,0x6B6B,0x6B86,0x866B,0x866B,0x6B6B,0x866B,0x6B6B,
	0x6B86,0x866B,0x6B6B,0x6B86,0x866B,0x6B6B,0x6B6B,0x6B6B,
	0x6B6B,0x6B6B,0x6B6B,0x6B6B,0x6B6B,0x6B6B,0x6B6B,0x6B6B,
	0x6B6B,0x6B6B,0x6B6B,0x6B6B,0x6B6B,0x6B6B,0x6B6B,0x6B6B,
	0x6B6B,0x6B6B,0x6B6B,0x6B6B,0x6B6B,0x6B6B,0x6B6B,0x6B6B,
	0x6B6B,0x6B6B,0x6B6B,0x6B6B,0x6B6B,0x6B6B,0x6B6B,0x6B6B,

	0x6B6B,0x6B6B,0x6B6B,0x6B6B,0x6B6B,0x6B6B,0x6B6B,0x6B6B,
	0x6B6B,0x6B6B,0x6B6B,0x6B6B,0x6B6B,0x6B6B,0x6B6B,0x6B6B,
	0x6B6B,0x6B6B,0x6B6B,0x6B6B,0x6B6B,0x6B6B,0x6B6B,0x6B6B,
	0x3232,0x3232,0x3232,0x3232,0x3232,0x3232,0x3232,0x3232,
	0x3232,0x3232,0x3232,0x3232,0x3232,0x3232,0x3232,0x9A86,
	0x86E4,0x3232,0x3286,0x3232,0x3232,0x3286,0x8632,0x3232,
	0x3286,0x8632,0x3232,0x866B,0x6B6B,0x6B86,0x6B6B,0x6B6B,
	0x6B86,0x866B,0x6B6B,0x866B,0x6B6B,0x6B6B,0x6B6B,0x6B86,

	0x6B86,0x866B,0x6B6B,0x866B,0x6B6B,0x866B,0x6B6B,0x6B6B,
	0x6B6B,0x6B6B,0x6B86,0x866B,0x866B,0x6B6B,0x866B,0x6B6B,
	0x6B86,0x866B,0x6B6B,0x6B86,0x866B,0x6B6B,0x6B6B,0x6B6B,
	0x6B6B,0x6B6B,0x6B6B,0x6B6B,0x6B6B,0x6B6B,0x6B6B,0x6B6B,
	0x6B6B,0x6B6B,0x6B6B,0x6B6B,0x6B6B,0x6B6B,0x6B6B,0x6B6B,
	0x6B6B,0x6B6B,0x6B6B,0x6B6B,0x6B6B,0x6B6B,0x6B6B,0x6B6B,
	0x6B6B,0x6B6B,0x6B6B,0x6B6B,0x6B6B,0x6B6B,0x6B6B,0x6B6B,
	0x6B6B,0x6B6B,0x6B6B,0x6B6B,0x6B6B,0x6B6B,0x6B6B,0x6B6B,

	0x6B6B,0x6B6B,0x6B6B,0x6B6B,0x6B6B,0x6B6B,0x6B6B,0x6B6B,
	0x6B6B,0x6B6B,0x6B6B,0x6B6B,0x6B6B,0x6B6B,0x6B6B,0x6B6B,
	0x3232,0x3232,0x3232,0x3232,0x3232,0x3232,0x3232,0x3232,
	0x3232,0x3232,0x3232,0x3232,0x3232,0x3232,0x8632,0x8686,
	0x32E4,0x8686,0x8632,0x8686,0x3232,0x8686,0x3232,0x8686,
	0x8686,0x8686,0x3286,0x8686,0x6B86,0x8686,0x6B6B,0x6B6B,
	0x8686,0x6B6B,0x8686,0x6B86,0x6B6B,0x6B6B,0x8686,0x6B6B,
	0x866B,0x8686,0x6B86,0x866B,0x6B6B,0x6B6B,0x8686,0x6B86,

	0x6B6B,0x6B6B,0x8686,0x6B86,0x6B6B,0x8686,0x6B86,0x866B,
	0x8686,0x8686,0x6B86,0x8686,0x866B,0x6B86,0x866B,0x6B6B,
	0x6B6B,0x6B6B,0x6B6B,0x6B6B,0x6B6B,0x6B6B,0x6B6B,0x6B6B,
	0x6B6B,0x6B6B,0x6B6B,0x6B6B,0x6B6B,0x6B6B,0x6B6B,0x6B6B,
	0x6B6B,0x6B6B,0x6B6B,0x6B6B,0x6B6B,0x6B6B,0x6B6B,0x6B6B,
	0x6B6B,0x6B6B,0x6B6B,0x6B6B,0x6B6B,0x6B6B,0x6B6B,0x6B6B,
	0x6B6B,0x6B6B,0x6B6B,0x6B6B,0x6B6B,0x6B6B,0x6B6B,0x6B6B,
	0x6B6B,0x6B6B,0x6B6B,0x6B6B,0x6B6B,0x6B6B,0x6B6B,0x6B6B,

	0x6B6B,0x6B6B,0x6B6B,0x6B6B,0x6B6B,0x6B6B,0x6B6B,0x6B6B,
	0x3232,0x3232,0x3232,0x3232,0x3232,0x3232,0x3232,0x3232,
	0x3232,0x3232,0x3232,0x3232,0x3232,0x3232,0x3232,0x3232,
	0x3232,0x3232,0x3232,0x3232,0x3232,0x3232,0x3232,0x3232,
	0x3232,0x3232,0x3232,0x6B6B,0x6B6B,0x6B6B,0x6B6B,0x6B6B,
	0x6B6B,0x6B6B,0x6B6B,0x6B6B,0x6B6B,0x6B6B,0x6B6B,0x6B6B,
	0x6B6B,0x6B6B,0x6B6B,0x6B6B,0x6B6B,0x6B6B,0x6B6B,0x6B6B,
	0x6B6B,0x6B6B,0x6B86,0x6B6B,0x6B6B,0x6B6B,0x6B6B,0x6B6B,

	0x6B6B,0x6B6B,0x6B6B,0x6B6B,0x6B6B,0x6B6B,0x6B6B,0x6B6B,
	0x6B6B,0x6B6B,0x6B6B,0x6B6B,0x6B6B,0x6B6B,0x6B6B,0x6B6B,
	0x6B6B,0x6B6B,0x6B6B,0x6B6B,0x6B6B,0x6B6B,0x6B6B,0x6B6B,
	0x6B6B,0x6B6B,0x6B6B,0x6B6B,0x6B6B,0x6B6B,0x6B6B,0x6B6B,
	0x6B6B,0x6B6B,0x6B6B,0x6B6B,0x6B6B,0x6B6B,0x6B6B,0x6B6B,
	0x6B6B,0x6B6B,0x6B6B,0x6B6B,0x6B6B,0x6B6B,0x6B6B,0x6B6B,
	0x6B6B,0x6B6B,0x6B6B,0x6B6B,0x6B6B,0x6B6B,0x6B6B,0x6B6B,
	0x6B6B,0x6B6B,0x6B6B,0x6B6B,0x6B6B,0x6B6B,0x6B6B,0x6B6B,

	0x3232,0x3232,0x3232,0x3232,0x3232,0x3232,0x3232,0x3232,
	0x3232,0x3232,0x3232,0x3232,0x3232,0x3232,0x3232,0x3232,
	0x3232,0x3232,0x3232,0x3232,0x3232,0x3232,0x3232,0x3232,
	0x3232,0x3232,0x3232,0x6B6B,0x6B6B,0x6B6B,0x6B6B,0x6B6B,
	0x6B6B,0x6B6B,0x6B6B,0x6B6B,0x6B6B,0x6B6B,0x6B6B,0x6B6B,
	0x6B6B,0x6B6B,0x6B6B,0x6B6B,0x6B6B,0x6B6B,0x6B6B,0x6B6B,
	0x6B6B,0x866B,0x8686,0x6B6B,0x6B6B,0x6B6B,0x6B6B,0x6B6B,
	0x6B6B,0x6B6B,0x6B6B,0x6B6B,0x6B6B,0x6B6B,0x6B6B,0x6B6B,

	0x6B6B,0x6B6B,0x6B6B,0x6B6B,0x6B6B,0x6B6B,0x6B6B,0x6B6B,
	0x6B6B,0x6B6B,0x6B6B,0x6B6B,0x6B6B,0x6B6B,0x6B6B,0x6B6B,
	0x6B6B,0x6B6B,0x6B6B,0x6B6B,0x6B6B,0x6B6B,0x6B6B,0x6B6B,
	0x6B6B,0x6B6B,0x6B6B,0x6B6B,0x6B6B,0x6B6B,0x6B6B,0x6B6B,
	0x6B6B,0x6B6B,0x6B6B,0x6B6B,0x6B6B,0x6B6B,0x6B6B,0x6B6B,
	0x6B6B,0x6B6B,0x6B6B,0x6B6B,0x6B6B,0x6B6B,0x6B6B,0x6B6B,
	0x6B6B,0x6B6B,0x6B6B,0x6B6B,0x6B6B,0x6B6B,0x6B6B,0x6B6B,
	0x3232,0x3232,0x3232,0x3232,0x3232,0x3232,0x3232,0x3232,

	0x3232,0x3232,0x3232,0x3232,0x3232,0x3232,0x3232,0x3232,
	0x3232,0x3232,0x3232,0x3232,0x3232,0x3232,0x3232,0x3232,
	0x3232,0x3232,0x3232,0x6B6B,0x6B6B,0x6B6B,0x6B6B,0x6B6B,
	0x6B6B,0x6B6B,0x6B6B,0x6B6B,0x6B6B,0x6B6B,0x6B6B,0x6B6B,
	0x6B6B,0x6B6B,0x6B6B,0x6B6B,0x6B6B,0x6B6B,0x6B6B,0x6B6B,
	0x6B6B,0x6B6B,0x6B6B,0x6B6B,0x6B6B,0x6B6B,0x6B6B,0x6B6B,
	0x6B6B,0x6B6B,0x6B6B,0x6B6B,0x6B6B,0x6B6B,0x6B6B,0x6B6B,
	0x6B6B,0x6B6B,0x6B6B,0x6B6B,0x6B6B,0x6B6B,0x6B6B,0x6B6B,

	0x6B6B,0x6B6B,0x6B6B,0x6B6B,0x6B6B,0x6B6B,0x6B6B,0x6B6B,
	0x6B6B,0x6B6B,0x6B6B,0x6B6B,0x6B6B,0x6B6B,0x6B6B,0x6B6B,
	0x6B6B,0x6B6B,0x6B6B,0x6B6B,0x6B6B,0x6B6B,0x6B6B,0x6B6B,
	0x6B6B,0x6B6B,0x6B6B,0x6B6B,0x6B6B,0x6B6B,0x6B6B,0x6B6B,
	0x6B6B,0x6B6B,0x6B6B,0x6B6B,0x6B6B,0x6B6B,0x6B6B,0x6B6B,
	0x6B6B,0x6B6B,0x6B6B,0x6B6B,0x6B6B,0x6B6B,0x6B6B,0x6B6B,
	0x3232,0x3232,0x3232,0x3232,0x3232,0x3232,0x3232,0x3232,
	0x3232,0x3232,0x3232,0x3232,0x3232,0x3232,0x3232,0x3232,

	0x3232,0x3232,0x3232,0x3232,0x3232,0x3232,0x3232,0x3232,
	0x3232,0x3232,0x3232,0x6B6B,0x6B6B,0x6B6B,0x6B6B,0x6B6B,
	0x6B6B,0x6B6B,0x6B6B,0x6B6B,0x6B6B,0x6B6B,0x6B6B,0x6B6B,
	0x6B6B,0x6B6B,0x6B6B,0x6B6B,0x6B6B,0x6B6B,0x6B6B,0x6B6B,
	0x6B6B,0x6B6B,0x6B6B,0x6B6B,0x6B6B,0x6B6B,0x6B6B,0x6B6B,
	0x6B6B,0x6B6B,0x6B6B,0x6B6B,0x6B6B,0x6B6B,0x6B6B,0x6B6B,
	0x6B6B,0x6B6B,0x6B6B,0x6B6B,0x6B6B,0x6B6B,0x6B6B,0x6B6B,
	0x6B6B,0x6B6B,0x6B6B,0x6B6B,0x6B6B,0x6B6B,0x6B6B,0x6B6B,

	0x6B6B,0x6B6B,0x6B6B,0x6B6B,0x6B6B,0x6B6B,0x6B6B,0x6B6B,
	0x6B6B,0x6B6B,0x6B6B,0x6B6B,0x6B6B,0x6B6B,0x6B6B,0x6B6B,
	0x6B6B,0x6B6B,0x6B6B,0x6B6B,0x6B6B,0x6B6B,0x6B6B,0x6B6B,
	0x6B6B,0x6B6B,0x6B6B,0x6B6B,0x6B6B,0x6B6B,0x6B6B,0x6B6B,
	0x6B6B,0x6B6B,0x6B6B,0x6B6B,0x6B6B,0x6B6B,0x6B6B,0x6B6B,
	0x3232,0x3232,0x3232,0x3232,0x3232,0x3232,0x3232,0x3232,
	0x3232,0x3232,0x3232,0x3232,0x3232,0x3232,0x3232,0x3232,
	0x3218,0x3232,0x3232,0x3232,0x3232,0x3232,0x9172,0x3218,

	0x3232,0x3232,0x3232,0x6B6B,0x6B6B,0x6B6B,0x6B6B,0x6B6B,
	0x6B6B,0x6B6B,0x6B6B,0x6B6B,0x6B6B,0x6B6B,0x6B6B,0x6B6B,
	0x6B6B,0x6B6B,0x6B6B,0x6B6B,0x6B6B,0x6B6B,0x6B6B,0x6B6B,
	0x6B6B,0x6B6B,0x6B6B,0x6B6B,0x6B6B,0x6B6B,0x6B6B,0x6B6B,
	0x6B6B,0x6B6B,0x6B6B,0x6B6B,0x6B6B,0x6B6B,0x6B6B,0x6B6B,
	0x6B6B,0x6B6B,0x6B6B,0x6B6B,0x6B6B,0x6B6B,0x6B6B,0x6B6B,
	0x6B6B,0x6B6B,0x6B6B,0x6B6B,0x6B6B,0x6B6B,0x6B6B,0x6B6B,
	0x6B6B,0x6B6B,0x6B6B,0x6B6B,0x6B6B,0x6B6B,0x6B6B,0x6B6B,

	0x6B6B,0x6B6B,0x6B6B,0x6B6B,0x6B6B,0x6B6B,0x6B6B,0x6B6B,
	0x6B6B,0x6B6B,0x6B6B,0x6B6B,0x6B6B,0x6B6B,0x6B6B,0x6B6B,
	0x6B6B,0x6B6B,0x6B6B,0x6B6B,0x6B6B,0x6B6B,0x6B6B,0x6B6B,
	0x6B6B,0x6B6B,0x6B6B,0x6B6B,0x6B6B,0x6B6B,0x6B6B,0x6B6B,
	0x3232,0x3232,0x3232,0x3232,0x3232,0x3232,0x3232,0x3232,
	0x3232,0x3232,0x3232,0x1818,0x1818,0x1818,0x3232,0x1832,
	0x3218,0x3232,0x3232,0x3232,0x1832,0x1818,0x2F59,0x3218,
	0x3232,0x3232,0x3232,0x6B6B,0x6B6B,0x6B6B,0x6B6B,0x6B6B,

	0x6B6B,0x6B6B,0x6B6B,0x6B6B,0x6B6B,0x6B6B,0x6B6B,0x6B6B,
	0x6B6B,0x6B6B,0x6B6B,0x6B6B,0x6B6B,0x6B6B,0x6B6B,0x6B6B,
	0x6B6B,0x6B6B,0x6B6B,0x6B6B,0x6B6B,0x6B6B,0x6B6B,0x6B6B,
	0x6B6B,0x6B6B,0x6B6B,0x6B6B,0x6B6B,0x6B6B,0x6B6B,0x6B6B,
	0x6B6B,0x6B6B,0x6B6B,0x6B6B,0x6B6B,0x6B6B,0x6B6B,0x6B6B,
	0x6B6B,0x6B6B,0x6B6B,0x6B6B,0x6B6B,0x6B6B,0x6B6B,0x6B6B,
	0x6B6B,0x6B6B,0x6B6B,0x6B6B,0x6B6B,0x6B6B,0x6B6B,0x6B6B,
	0x6B6B,0x6B6B,0x6B6B,0x6B6B,0x6B6B,0x6B6B,0x6B6B,0x6B6B,

	0x6B6B,0x6B6B,0x6B6B,0x6B6B,0x6B6B,0x6B6B,0x6B6B,0x6B6B,
	0x6B6B,0x6B6B,0x6B6B,0x6B6B,0x6B6B,0x6B6B,0x6B6B,0x6B6B,
	0x6B6B,0x6B6B,0x6B6B,0x6B6B,0x6B6B,0x6B6B,0x6B6B,0x6B6B,
	0x3232,0x3232,0x3232,0x3232,0x3232,0x3232,0x3232,0x3232,
	0x3232,0x3232,0x3232,0x1818,0x1818,0x1818,0x1818,0x1818,
	0x1818,0x1818,0x1818,0x1818,0x1818,0x1818,0x1818,0x1818,
	0x1818,0x1818,0x3218,0x6B6B,0x6B6B,0x6B6B,0x6B6B,0x6B6B,
	0x6B6B,0x6B6B,0x6B6B,0x6B6B,0x6B6B,0x6B6B,0x6B6B,0x6B6B,

	0x6B6B,0x6B6B,0x6B6B,0x6B6B,0x6B6B,0x6B6B,0x6B6B,0x6B6B,
	0x6B6B,0x6B6B,0x6B6B,0x6B6B,0x6B6B,0x6B6B,0x6B6B,0x6B6B,
	0x6B6B,0x6B6B,0x6B6B,0x6B6B,0x6B6B,0x6B6B,0x6B6B,0x6B6B,
	0x6B6B,0x6B6B,0x6B6B,0x6B6B,0x6B6B,0x6B6B,0x6B6B,0x6B6B,
	0x6B6B,0x6B6B,0x6B6B,0x6B6B,0x6B6B,0x6B6B,0x6B6B,0x6B6B,
	0x6B6B,0x6B6B,0x6B6B,0x6B6B,0x6B6B,0x6B6B,0x6B6B,0x6B6B,
	0x6B6B,0x6B6B,0x6B6B,0x6B6B,0x6B6B,0x6B6B,0x6B6B,0x6B6B,
	0x6B6B,0x6B6B,0x6B6B,0x6B6B,0x6B6B,0x6B6B,0x6B6B,0x6B6B,

	0x6B6B,0x6B6B,0x6B6B,0x6B6B,0x6B6B,0x6B6B,0x6B6B,0x6B6B,
	0x6B6B,0x6B6B,0x6B6B,0x6B6B,0x6B6B,0x6B6B,0x6B6B,0x6B6B,
	0x3232,0x3232,0x3232,0x3232,0x3232,0x3232,0x3232,0x3232,
	0x3232,0x3232,0x1832,0x1818,0x1818,0x1818,0x1818,0x1818,
	0x1818,0x1818,0x1818,0x1818,0x1818,0x1818,0x1818,0x1818,
	0x1818,0x1818,0x1818,0x6B6B,0x6B6B,0x6B6B,0x6B6B,0x6B6B,
	0x6B6B,0x6B6B,0x6B6B,0x6B6B,0x6B6B,0x6B6B,0x6B6B,0x6B6B,
	0x6B6B,0x6B6B,0x6B6B,0x6B6B,0x6B6B,0x6B6B,0x6B6B,0x6B6B,

	0x6B6B,0x6B6B,0x6B6B,0x6B6B,0x6B6B,0x6B6B,0x6B6B,0x6B6B,
	0x6B6B,0x6B6B,0x6B6B,0x6B6B,0x6B6B,0x6B6B,0x6B6B,0x6B6B,
	0x6B6B,0x6B6B,0x6B6B,0x6B6B,0x6B6B,0x6B6B,0x6B6B,0x6B6B,
	0x6B6B,0x6B6B,0x6B6B,0x6B6B,0x6B6B,0x6B6B,0x6B6B,0x6B6B,
	0x6B6B,0x6B6B,0x6B6B,0x6B6B,0x6B6B,0x6B6B,0x6B6B,0x6B6B,
	0x6B6B,0x6B6B,0x6B6B,0x6B6B,0x6B6B,0x6B6B,0x6B6B,0x6B6B,
	0x6B6B,0x6B6B,0x6B6B,0x6B6B,0x6B6B,0x6B6B,0x6B6B,0x6B6B,
	0x6B6B,0x6B6B,0x6B6B,0x6B6B,0x6B6B,0x6B6B,0x6B6B,0x6B6B,

	0x6B6B,0x6B6B,0x6B6B,0x6B6B,0x6B6B,0x6B6B,0x6B6B,0x6B6B,
	0x3232,0x3232,0x3232,0x3232,0x3232,0x3232,0x3232,0x3232,
	0x3232,0x1832,0x1818,0x1818,0x1818,0x1818,0x1818,0x1818,
	0x1818,0x1818,0x1818,0x1818,0x1818,0x1818,0x1818,0x1818,
	0x1818,0x1818,0x1818,0x6B6B,0x6B6B,0x6B6B,0x6B6B,0x6B6B,
	0x6B6B,0x6B6B,0x6B6B,0x6B6B,0x6B6B,0x6B6B,0x6B6B,0x6B6B,
	0x6B6B,0x6B6B,0x6B6B,0x6B6B,0x6B6B,0x6B6B,0x6B6B,0x6B6B,
	0x6B6B,0x6B6B,0x6B6B,0x6B6B,0x6B6B,0x6B6B,0x6B6B,0x6B6B,

	0x6B6B,0x6B6B,0x6B6B,0x6B6B,0x6B6B,0x6B6B,0x6B6B,0x6B6B,
	0x6B6B,0x6B6B,0x6B6B,0x6B6B,0x6B6B,0x6B6B,0x6B6B,0x6B6B,
	0x6B6B,0x6B6B,0x6B6B,0x6B6B,0x6B6B,0x6B6B,0x6B6B,0x6B6B,
	0x6B6B,0x6B6B,0x6B6B,0x6B6B,0x6B6B,0x6B6B,0x6B6B,0x6B6B,
	0x6B6B,0x6B6B,0x6B6B,0x6B6B,0x6B6B,0x6B6B,0x6B6B,0x6B6B,
	0x6B6B,0x6B6B,0x6B6B,0x6B6B,0x6B6B,0x6B6B,0x6B6B,0x6B6B,
	0x6B6B,0x6B6B,0x6B6B,0x6B6B,0x6B6B,0x6B6B,0x6B6B,0x6B6B,
	0x6B6B,0x6B6B,0x6B6B,0x6B6B,0x6B6B,0x6B6B,0x6B6B,0x6B6B,

	0x3232,0x3232,0x3232,0x3232,0x3232,0x3232,0x3232,0x3232,
	0x1832,0x1818,0x1818,0x1818,0x1818,0x1818,0x1818,0x1818,
	0x1818,0x1818,0x1818,0x1818,0x1818,0x1818,0x1818,0x1818,
	0x1818,0x1818,0x1818,0x6B6B,0x6B6B,0x6B6B,0x6B6B,0x6B6B,
	0x6B6B,0x6B6B,0x6B6B,0x6B6B,0x6B6B,0x6B6B,0x6B6B,0x6B6B,
	0x6B6B,0x6B6B,0x6B6B,0x6B6B,0x6B6B,0x6B6B,0x6B6B,0x6B6B,
	0x6B6B,0x6B6B,0x6B6B,0x6B6B,0x6B6B,0x6B6B,0x6B6B,0x6B6B,
	0x6B6B,0x6B6B,0x6B6B,0x6B6B,0x6B6B,0x6B6B,0x6B6B,0x6B6B,

	0x6B6B,0x6B6B,0x6B6B,0x6B6B,0x6B6B,0x6B6B,0x6B6B,0x6B6B,
	0x6B6B,0x6B6B,0x6B6B,0x6B6B,0x6B6B,0x6B6B,0x6B6B,0x6B6B,
	0x6B6B,0x6B6B,0x6B6B,0x6B6B,0x6B6B,0x6B6B,0x6B6B,0x6B6B,
	0x6B6B,0x6B6B,0x6B6B,0x6B6B,0x6B6B,0x6B6B,0x6B6B,0x6B6B,
	0x6B6B,0x6B6B,0x6B6B,0x6B6B,0x6B6B,0x6B6B,0x6B6B,0x6B6B,
	0x6B6B,0x6B6B,0x6B6B,0x6B6B,0x6B6B,0x6B6B,0x6B6B,0x6B6B,
	0x6B6B,0x6B6B,0x6B6B,0x6B6B,0x6B6B,0x6B6B,0x6B6B,0x6B6B,
	0x3232,0x3232,0x3232,0x3232,0x3232,0x3232,0x3232,0x1832,

	0x1818,0x1818,0x1818,0x1818,0x1818,0x1818,0x1818,0x1818,
	0x1818,0x1818,0x1818,0x1818,0x1818,0x1818,0x1818,0x1818,
	0x1818,0x1818,0x1818,0x6B6B,0x6B6B,0x6B6B,0x6B6B,0x6B6B,
	0x6B6B,0x6B6B,0x6B6B,0x6B6B,0x6B6B,0x6B6B,0x6B6B,0x6B6B,
	0x6B6B,0x6B6B,0x6B6B,0x6B6B,0x6B6B,0x6B6B,0x6B6B,0x6B6B,
	0x6B6B,0x6B6B,0x6B6B,0x6B6B,0x6B6B,0x6B6B,0x6B6B,0x6B6B,
	0x6B6B,0x6B6B,0x6B6B,0x6B6B,0x6B6B,0x6B6B,0x6B6B,0x6B6B,
	0x6B6B,0x6B6B,0x6B6B,0x6B6B,0x6B6B,0x6B6B,0x6B6B,0x6B6B,

	0x6B6B,0x6B6B,0x6B6B,0x6B6B,0x6B6B,0x6B6B,0x6B6B,0x6B6B,
	0x6B6B,0x6B6B,0x6B6B,0x6B6B,0x6B6B,0x6B6B,0x6B6B,0x6B6B,
	0x6B6B,0x6B6B,0x6B6B,0x6B6B,0x6B6B,0x6B6B,0x6B6B,0x6B6B,
	0x6B6B,0x6B6B,0x6B6B,0x6B6B,0x6B6B,0x6B6B,0x6B6B,0x6B6B,
	0x6B6B,0x6B6B,0x6B6B,0x6B6B,0x6B6B,0x6B6B,0x6B6B,0x6B6B,
	0x6B6B,0x6B6B,0x6B6B,0x6B6B,0x6B6B,0x6B6B,0x6B6B,0x6B6B,
	0x3232,0x3232,0x3232,0x3232,0x3232,0x1818,0x1818,0x1818,
	0x1818,0x1818,0x1818,0x1818,0x7218,0x7272,0x7272,0x7272,

	0x7272,0x1872,0x1818,0x1818,0x1818,0x1818,0x1818,0x1818,
	0x1818,0x1818,0x1818,0x6B6B,0x6B6B,0x6B6B,0x6B6B,0x6B6B,
	0x6B6B,0x6B6B,0x6B6B,0x6B6B,0x6B6B,0x6B6B,0x6B6B,0x6B6B,
	0x6B6B,0x6B6B,0x6B6B,0x6B6B,0x6B6B,0x6B6B,0x6B6B,0x6B6B,
	0x6B6B,0x6B6B,0x6B6B,0x6B6B,0x6B6B,0x6B6B,0x6B6B,0x6B6B,
	0x6B6B,0x6B6B,0x6B6B,0x6B6B,0x6B6B,0x6B6B,0x6B6B,0x6B6B,
	0x6B6B,0x6B6B,0x6B6B,0x6B6B,0x6B6B,0x6B6B,0x6B6B,0x6B6B,
	0x6B6B,0x6B6B,0x6B6B,0x6B6B,0x6B6B,0x6B6B,0x6B6B,0x6B6B,

	0x6B6B,0x6B6B,0x6B6B,0x6B6B,0x6B6B,0x6B6B,0x6B6B,0x6B6B,
	0x6B6B,0x6B6B,0x6B6B,0x6B6B,0x6B6B,0x6B6B,0x6B6B,0x6B6B,
	0x6B6B,0x6B6B,0x6B6B,0x6B6B,0x6B6B,0x6B6B,0x6B6B,0x6B6B,
	0x6B6B,0x6B6B,0x6B6B,0x6B6B,0x6B6B,0x6B6B,0x6B6B,0x6B6B,
	0x6B6B,0x6B6B,0x6B6B,0x6B6B,0x6B6B,0x6B6B,0x6B6B,0x6B6B,
	0x3232,0x3232,0x3232,0x3232,0x1832,0x1818,0x1818,0x1818,
	0x1818,0x1818,0x1818,0x1818,0x7218,0xED72,0xEDED,0xEDED,
	0xEDED,0xEDED,0xEDED,0x72ED,0x7272,0x7272,0x7272,0x7272,

	0x1818,0x1818,0x1818,0x6B6B,0x6B6B,0x6B6B,0x6B6B,0x6B6B,
	0x6B6B,0x6B6B,0x6B6B,0x6B6B,0x6B6B,0x6B6B,0x6B6B,0x6B6B,
	0x6B6B,0x6B6B,0x6B6B,0x6B6B,0x6B6B,0x6B6B,0x6B6B,0x6B6B,
	0x6B6B,0x6B6B,0x6B6B,0x6B6B,0x6B6B,0x6B6B,0x6B6B,0x6B6B,
	0x6B6B,0x6B6B,0x6B6B,0x6B6B,0x6B6B,0x6B6B,0x6B6B,0x6B6B,
	0x6B6B,0x6B6B,0x6B6B,0x6B6B,0x6B6B,0x6B6B,0x6B6B,0x6B6B,
	0x6B6B,0x6B6B,0x6B6B,0x6B6B,0x6B6B,0x6B6B,0x6B6B,0x6B6B,
	0x6B6B,0x6B6B,0x6B6B,0x6B6B,0x6B6B,0x6B6B,0x6B6B,0x6B6B,

	0x6B6B,0x6B6B,0x6B6B,0x6B6B,0x6B6B,0x6B6B,0x6B6B,0x6B6B,
	0x6B6B,0x6B6B,0x6B6B,0x6B6B,0x6B6B,0x6B6B,0x6B6B,0x6B6B,
	0x6B6B,0x6B6B,0x6B6B,0x6B6B,0x6B6B,0x6B6B,0x6B6B,0x6B6B,
	0x6B6B,0x6B6B,0x6B6B,0x6B6B,0x6B6B,0x6B6B,0x6B6B,0x6B6B,
	0x3232,0x3232,0x3232,0x3232,0x1832,0x1818,0x1818,0x1818,
	0x1818,0x1818,0x1818,0x1818,0xED2E,0xEDED,0x7979,0x7979,
	0x7979,0x7979,0xEDED,0xEDED,0xEDED,0x7272,0x7272,0x7272,
	0x1818,0x1818,0x1818,0x6B6B,0x6B6B,0x6B6B,0x6B6B,0x6B6B,

	0x6B6B,0x6B6B,0x6B6B,0x6B6B,0x6B6B,0x6B6B,0x6B6B,0x6B6B,
	0x6B6B,0x6B6B,0x6B6B,0x6B6B,0x6B6B,0x6B6B,0x6B6B,0x6B6B,
	0x6B6B,0x6B6B,0x6B6B,0x6B6B,0x6B6B,0x6B6B,0x6B6B,0x6B6B,
	0x6B6B,0x6B6B,0x6B6B,0x6B6B,0x6B6B,0x6B6B,0x6B6B,0x6B6B,
	0x6B6B,0x6B6B,0x6B6B,0x6B6B,0x6B6B,0x6B6B,0x6B6B,0x6B6B,
	0x6B6B,0x6B6B,0x6B6B,0x6B6B,0x6B6B,0x6B6B,0x6B6B,0x6B6B,
	0x6B6B,0x6B6B,0x6B6B,0x6B6B,0x6B6B,0x6B6B,0x6B6B,0x6B6B,
	0x6B6B,0x6B6B,0x6B6B,0x6B6B,0x6B6B,0x6B6B,0x6B6B,0x6B6B,

	0x6B6B,0x6B6B,0x6B6B,0x6B6B,0x6B6B,0x6B6B,0x6B6B,0x6B6B,
	0x6B6B,0x6B6B,0x6B6B,0x6B6B,0x6B6B,0x6B6B,0x6B6B,0x6B6B,
	0x6B6B,0x6B6B,0x6B6B,0x6B6B,0x6B6B,0x6B6B,0x6B6B,0x6B6B,
	0x3232,0x3232,0x3232,0x3232,0x1832,0x1818,0x1818,0x1818,
	0x1818,0x7272,0xEDED,0xEDED,0xEDED,0xEDED,0x1414,0x1414,
	0x3D14,0x3D3D,0x1414,0x1414,0xED14,0xEDED,0x7272,0xCF59,
	0x1832,0x1872,0x1818,0x6B6B,0x6B6B,0x6B6B,0x6B6B,0x6B6B,
	0x6B6B,0x6B6B,0x6B6B,0x6B6B,0x6B6B,0x6B6B,0x6B6B,0x6B6B,

	0x6B6B,0x6B6B,0x6B6B,0x6B6B,0x6B6B,0x6B6B,0x6B6B,0x6B6B,
	0x6B6B,0x6B6B,0x6B6B,0x6B6B,0x6B6B,0x6B6B,0x6B6B,0x6B6B,
	0x6B6B,0x6B6B,0x6B6B,0x6B6B,0x6B6B,0x6B6B,0x6B6B,0x6B6B,
	0x6B6B,0x6B6B,0x6B6B,0x6B6B,0x6B6B,0x6B6B,0x6B6B,0x6B6B,
	0x6B6B,0x6B6B,0x6B6B,0x6B6B,0x6B6B,0x6B6B,0x6B6B,0x6B6B,
	0x6B6B,0x6B6B,0x6B6B,0x6B6B,0x6B6B,0x6B6B,0x6B6B,0x6B6B,
	0x6B6B,0x6B6B,0x6B6B,0x6B6B,0x6B6B,0x6B6B,0x6B6B,0x6B6B,
	0x6B6B,0x6B6B,0x6B6B,0x6B6B,0x6B6B,0x6B6B,0x6B6B,0x6B6B,

	0x6B6B,0x6B6B,0x6B6B,0x6B6B,0x6B6B,0x6B6B,0x6B6B,0x6B6B,
	0x6B6B,0x6B6B,0x6B6B,0x6B6B,0x6B6B,0x6B6B,0x6B6B,0x6B6B,
	0x3232,0x3232,0x3232,0x3232,0x1832,0x1818,0x1818,0x3232,
	0xED18,0xEDED,0xEDED,0x57ED,0x2F59,0xA3F9,0xF0F0,0xA9F0,
	0x6890,0xF068,0xF0F0,0xA3F0,0x14A3,0xEDED,0x6B72,0x0006,
	0x3269,0x7272,0x1872,0x6B6B,0x6B6B,0x6B6B,0x6B6B,0x6B6B,
	0x6B6B,0x6B6B,0x6B6B,0x6B6B,0x6B6B,0x6B6B,0x6B6B,0x6B6B,
	0x6B6B,0x6B6B,0x6B6B,0x6B6B,0x6B6B,0x6B6B,0x6B6B,0x6B6B,

	0x6B6B,0x6B6B,0x6B6B,0x6B6B,0x6B6B,0x6B6B,0x6B6B,0x6B6B,
	0x6B6B,0x6B6B,0x6B6B,0x6B6B,0x6B6B,0x6B6B,0x6B6B,0x6B6B,
	0x6B6B,0x6B6B,0x6B6B,0x6B6B,0x6B6B,0x6B6B,0x6B6B,0x6B6B,
	0x6B6B,0x6B6B,0x6B6B,0x6B6B,0x6B6B,0x6B6B,0x6B6B,0x6B6B,
	0x6B6B,0x6B6B,0x6B6B,0x6B6B,0x6B6B,0x6B6B,0x6B6B,0x6B6B,
	0x6B6B,0x6B6B,0x6B6B,0x6B6B,0x6B6B,0x6B6B,0x6B6B,0x6B6B,
	0x6B6B,0x6B6B,0x6B6B,0x6B6B,0x6B6B,0x6B6B,0x6B6B,0x6B6B,
	0x6B6B,0x6B6B,0x6B6B,0x6B6B,0x6B6B,0x6B6B,0x6B6B,0x6B6B,

	0x6B6B,0x6B6B,0x6B6B,0x6B6B,0x6B6B,0x6B6B,0x6B6B,0x6B6B,
	0x3232,0x3232,0x3232,0x3232,0x1832,0x1818,0x1818,0x6B6B,
	0x7232,0x91ED,0xED91,0x0018,0x3A96,0xA3F9,0xF0F0,0x7068,
	0x689A,0x6868,0xF0F0,0xF0F0,0xA3F0,0x7214,0x006B,0x0000,
	0x0000,0x7232,0x7272,0x6B6B,0x6B6B,0x6B6B,0x6B6B,0x6B6B,
	0x6B6B,0x6B6B,0x6B6B,0x6B6B,0x6B6B,0x6B6B,0x6B6B,0x6B6B,
	0x6B6B,0x6B6B,0x6B6B,0x6B6B,0x6B6B,0x6B6B,0x6B6B,0x6B6B,
	0x6B6B,0x6B6B,0x6B6B,0x6B6B,0x6B6B,0x6B6B,0x6B6B,0x6B6B,

	0x6B6B,0x6B6B,0x6B6B,0x6B6B,0x6B6B,0x6B6B,0x6B6B,0x6B6B,
	0x6B6B,0x6B6B,0x6B6B,0x6B6B,0x6B6B,0x6B6B,0x6B6B,0x6B6B,
	0x6B6B,0x6B6B,0x6B6B,0x6B6B,0x6B6B,0x6B6B,0x6B6B,0x6B6B,
	0x6B6B,0x6B6B,0x6B6B,0x6B6B,0x6B6B,0x6B6B,0x6B6B,0x6B6B,
	0x6B6B,0x6B6B,0x6B6B,0x6B6B,0x6B6B,0x6B6B,0x6B6B,0x6B6B,
	0x6B6B,0x6B6B,0x6B6B,0x6B6B,0x6B6B,0x6B6B,0x6B6B,0x6B6B,
	0x6B6B,0x6B6B,0x6B6B,0x6B6B,0x6B6B,0x6B6B,0x6B6B,0x6B6B,
	0x6B6B,0x6B6B,0x6B6B,0x6B6B,0x6B6B,0x6B6B,0x6B6B,0x6B6B,

	0x3232,0x3232,0x3232,0x1832,0x1818,0x1818,0x3218,0x0069,
	0x720D,0x9191,0x7291,0x0069,0x0600,0x1FA2,0xF077,0x68F0,
	0x6868,0x6868,0xF068,0xF0F0,0xF0F0,0x0DA3,0x623B,0x0000,
	0xC8B5,0x5700,0x7272,0x6B6B,0x6B6B,0x6B6B,0x6B6B,0x6B6B,
	0x6B6B,0x6B6B,0x6B6B,0x6B6B,0x6B6B,0x6B6B,0x6B6B,0x6B6B,
	0x6B6B,0x6B6B,0x6B6B,0x6B6B,0x6B6B,0x6B6B,0x6B6B,0x6B6B,
	0x6B6B,0x6B6B,0x6B6B,0x6B6B,0x6B6B,0x6B6B,0x6B6B,0x6B6B,
	0x6B6B,0x6B6B,0x6B6B,0x6B6B,0x6B6B,0x6B6B,0x6B6B,0x6B6B,

	0x6B6B,0x6B6B,0x6B6B,0x6B6B,0x6B6B,0x6B6B,0x6B6B,0x6B6B,
	0x6B6B,0x6B6B,0x6B6B,0x6B6B,0x6B6B,0x6B6B,0x6B6B,0x6B6B,
	0x6B6B,0x6B6B,0x6B6B,0x6B6B,0x6B6B,0x6B6B,0x6B6B,0x6B6B,
	0x6B6B,0x6B6B,0x6B6B,0x6B6B,0x6B6B,0x6B6B,0x6B6B,0x6B6B,
	0x6B6B,0x6B6B,0x6B6B,0x6B6B,0x6B6B,0x6B6B,0x6B6B,0x6B6B,
	0x6B6B,0x6B6B,0x6B6B,0x6B6B,0x6B6B,0x6B6B,0x6B6B,0x6B6B,
	0x6B6B,0x6B6B,0x6B6B,0x6B6B,0x6B6B,0x6B6B,0x6B6B,0x6B6B,
	0x3232,0x1832,0x1818,0x1818,0x1818,0x1818,0x0D32,0xD9B5,

	0x1800,0x1414,0x3291,0xD900,0xAEA2,0x30B1,0x6868,0x6877,
	0x6868,0x6868,0x6868,0x6868,0xF0F0,0x00A3,0x07D9,0x0707,
	0x2507,0xBDBD,0x2A1A,0x6B6B,0x6B6B,0x6B6B,0x6B6B,0x6B6B,
	0x6B6B,0x6B6B,0x6B6B,0x6B6B,0x6B6B,0x6B6B,0x6B6B,0x6B6B,
	0x6B6B,0x6B6B,0x6B6B,0x6B6B,0x6B6B,0x6B6B,0x6B6B,0x6B6B,
	0x6B6B,0x6B6B,0x6B6B,0x6B6B,0x6B6B,0x6B6B,0x6B6B,0x6B6B,
	0x6B6B,0x6B6B,0x6B6B,0x6B6B,0x6B6B,0x6B6B,0x6B6B,0x6B6B,
	0x6B6B,0x6B6B,0x6B6B,0x6B6B,0x6B6B,0x6B6B,0x6B6B,0x6B6B,

	0x6B6B,0x6B6B,0x6B6B,0x6B6B,0x6B6B,0x6B6B,0x6B6B,0x6B6B,
	0x6B6B,0x6B6B,0x6B6B,0x6B6B,0x6B6B,0x6B6B,0x6B6B,0x6B6B,
	0x6B6B,0x6B6B,0x6B6B,0x6B6B,0x6B6B,0x6B6B,0x6B6B,0x6B6B,
	0x6B6B,0x6B6B,0x6B6B,0x6B6B,0x6B6B,0x6B6B,0x6B6B,0x6B6B,
	0x6B6B,0x6B6B,0x6B6B,0x6B6B,0x6B6B,0x6B6B,0x6B6B,0x6B6B,
	0x6B6B,0x6B6B,0x6B6B,0x6B6B,0x6B6B,0x6B6B,0x6B6B,0x6B6B,
	0x1832,0x1818,0x1818,0x1818,0x7218,0x3272,0x696B,0x3CFB,
	0x5800,0x4B4B,0x4A4A,0x3C4A,0x3C3C,0x6FE4,0x8916,0x8989,

	0x8989,0x8989,0x8989,0x689B,0xB2D8,0x0032,0x293C,0x2929,
	0xD729,0x05D7,0xD705,0x6B6B,0x6B6B,0x6B6B,0x6B6B,0x6B6B,
	0x6B6B,0x6B6B,0x6B6B,0x6B6B,0x6B6B,0x6B6B,0x6B6B,0x6B6B,
	0x6B6B,0x6B6B,0x6B6B,0x6B6B,0x6B6B,0x6B6B,0x6B6B,0x6B6B,
	0x6B6B,0x6B6B,0x6B6B,0x6B6B,0x6B6B,0x6B6B,0x6B6B,0x6B6B,
	0x6B6B,0x6B6B,0x6B6B,0x6B6B,0x6B6B,0x6B6B,0x6B6B,0x6B6B,
	0x6B6B,0x6B6B,0x6B6B,0x6B6B,0x6B6B,0x6B6B,0x6B6B,0x6B6B,
	0x6B6B,0x6B6B,0x6B6B,0x6B6B,0x6B6B,0x6B6B,0x6B6B,0x6B6B,

	0x6B6B,0x6B6B,0x6B6B,0x6B6B,0x6B6B,0x6B6B,0x6B6B,0x6B6B,
	0x6B6B,0x6B6B,0x6B6B,0x6B6B,0x6B6B,0x6B6B,0x6B6B,0x6B6B,
	0x6B6B,0x6B6B,0x6B6B,0x6B6B,0x6B6B,0x6B6B,0x6B6B,0x6B6B,
	0x6B6B,0x6B6B,0x6B6B,0x6B6B,0x6B6B,0x6B6B,0x6B6B,0x6B6B,
	0x6B6B,0x6B6B,0x6B6B,0x6B6B,0x6B6B,0x6B6B,0x6B6B,0x6B6B,
	0x1832,0x1818,0x7218,0x7272,0x7272,0x6B72,0x0000,0x0000,
	0x0F00,0x7C7C,0x8617,0x0086,0xCB4B,0x850D,0x8970,0x9589,
	0x9595,0x9595,0x2D95,0x7789,0xA23C,0x0000,0x0000,0x0000,

	0x0000,0xA200,0xBD3C,0xD7BD,0xAE06,0x0606,0x72AE,0x1818,
	0x1818,0x3218,0x3232,0x3232,0x3232,0x3232,0x3232,0x3232,
	0x3232,0x3232,0x3232,0x3232,0x1818,0x2479,0xE026,0x175E,
	0xB317,0x80D3,0xED9E,0x3218,0x3232,0x3232,0x3232,0x3232,
	0x3232,0x3232,0x3232,0x3232,0x3232,0x3232,0x3232,0x3232,
	0x3232,0x3232,0x3232,0x3232,0x3232,0x7414,0x3232,0x3232,
	0x3232,0x3232,0x3232,0x3232,0x3232,0x3232,0x3232,0x3232,
	0x3232,0x3232,0x3232,0x3232,0x1818,0x1818,0x1818,0x1818,

	0x2E2E,0x7414,0x780A,0xB349,0x1717,0x1717,0xB817,0x80AB,
	0xC226,0x2424,0x7474,0x7474,0xFC74,0x7979,0x182E,0x7218,
	0x3232,0x2A32,0x1F1F,0x1F77,0x18F9,0x3232,0x3232,0x3232,
	0x3232,0x3232,0x3232,0x3232,0x3232,0x3232,0x3232,0x3232,
	0x3232,0x1818,0x7218,0x7272,0xEDED,0x6932,0x0000,0xB13C,
	0x0000,0x0000,0x0000,0x0000,0x0D00,0xB1D9,0xA65D,0x1C95,
	0x1C1C,0x1C1C,0x951C,0x69B4,0x0000,0x0000,0x0000,0x0000,
	0x0000,0x0000,0x0000,0x05A2,0xBDBD,0xBDBD,0xCFBD,0x7272,

	0x3218,0x3232,0x3232,0x3232,0x3232,0x3232,0x3232,0x3232,
	0x3232,0x3232,0x3232,0x3232,0x3232,0x7918,0x2624,0xE0AB,
	0x0EE0,0x26F3,0xED9F,0x1818,0x3232,0x3232,0x3232,0x3232,
	0x3232,0x3232,0x3232,0x3232,0x3232,0x3232,0x3232,0x3232,
	0x3232,0x3232,0x3232,0x3232,0x1832,0x909B,0x3218,0x3232,
	0x3232,0x3232,0x3232,0x3232,0x3232,0x3232,0x3232,0x3232,
	0x3232,0x3232,0x3232,0x3232,0x3232,0x3232,0x3232,0x1832,
	0x1818,0x7491,0x9217,0x26AB,0xAB80,0xABAB,0x2680,0x24C2,

	0x2424,0x2EFC,0x2E2E,0x2E2E,0x2E2E,0x182E,0x1818,0x3218,
	0x3232,0x5732,0x5757,0x7257,0x3232,0x3232,0x3232,0x3232,
	0x3232,0x3232,0x3232,0x3232,0x3232,0x3232,0x3232,0x3232,
	0x3232,0x1818,0x7218,0x7272,0xEDED,0x006B,0x6A00,0xB199,
	0x4593,0x0000,0x0000,0x0000,0x6900,0x5AD9,0x5F20,0x1C1C,
	0x1C1C,0x1C1C,0x1F95,0x000D,0x5F00,0x00A2,0x0000,0x0000,
	0x0000,0x0000,0x0000,0xFB00,0x063C,0xAEAE,0x72AE,0x7272,
	0x3218,0x3232,0x3232,0x3232,0x3232,0x3232,0x3232,0x3232,

	0x3232,0x3232,0x3232,0x3232,0x3232,0x1818,0x792E,0x8102,
	0x240A,0x7974,0x722E,0x3232,0x3232,0x3232,0x3232,0x3232,
	0x3232,0x3232,0x3232,0x3232,0x3232,0x3232,0x3232,0x3232,
	0x3232,0x3232,0x3232,0x3232,0x3232,0x3232,0x3232,0x3232,
	0x3232,0x3232,0x3232,0x3232,0x3232,0x3232,0x3232,0x3232,
	0x3232,0x3232,0x3232,0x3232,0x3232,0x3232,0x3232,0x3232,
	0x1818,0x7A91,0xDFDF,0x9E9E,0x0A0A,0x0A0A,0xDC9E,0x2EFC,
	0x022E,0x1879,0x1818,0x1818,0x1818,0x3218,0x3232,0x3232,

	0x3232,0x3232,0x3232,0x3232,0x3232,0x3232,0x3232,0x3232,
	0x3232,0x3232,0x3232,0x3232,0x3232,0x3232,0x3232,0x3232,
	0x1832,0x3232,0x7218,0xED72,0x91ED,0x006B,0xBC00,0xC0C0,
	0xFB4A,0x0000,0x0000,0x0000,0x6900,0x203C,0xCC20,0x9D9C,
	0x9D9D,0x1C9D,0xCF1F,0x0000,0xFB00,0x00CD,0x4B3C,0x0000,
	0x0000,0x0000,0x0000,0xFB00,0x6B3C,0x7257,0x7272,0x7272,
	0x1818,0x3232,0x3232,0x3232,0x3232,0x3232,0x3232,0x3232,
	0x3232,0x3232,0x3232,0x3232,0x3232,0x3232,0x1818,0x79ED,

	0xED79,0x182E,0x7272,0x3257,0x3232,0x3232,0x3232,0x9172,
	0x3232,0x3232,0x3232,0x3232,0x3232,0x3232,0x3232,0x3232,
	0x3232,0x3232,0x3232,0x3232,0x3232,0x3232,0x3232,0x3232,
	0x3232,0x3232,0x3232,0x3232,0x3232,0x3232,0x3232,0x3232,
	0x3232,0x3232,0x3232,0x3232,0x3232,0x3232,0x3232,0x3232,
	0x1832,0x9172,0xA3A3,0x7914,0x7979,0x7979,0xED79,0x18ED,
	0x0218,0x3279,0x3232,0x3232,0x3232,0x3232,0x3232,0x3232,
	0x3232,0x3232,0x3232,0x3232,0x3232,0x3232,0x3232,0x3232,

	0x3232,0x3232,0x3232,0x3232,0x3232,0x3232,0x3232,0x3232,
	0x1832,0x1818,0x7218,0xEDED,0x91ED,0x006B,0x0000,0x0000,
	0x0000,0x0000,0x0000,0x0000,0x0000,0x2006,0x2020,0x5620,
	0x9D9D,0x1C9D,0x0069,0x0000,0xA200,0x00C8,0x255C,0x0000,
	0x0000,0x0000,0x0000,0xFB00,0x69B5,0x7232,0x7272,0x7272,
	0x1818,0x3218,0x3232,0x3232,0x3232,0x3232,0x3232,0x3232,
	0x3232,0x3232,0x3232,0x3232,0x3232,0x3232,0x3232,0x1818,
	0x1818,0x1818,0x7272,0x3272,0x3232,0x5757,0x7257,0x9EB4,

	0x722A,0x3232,0x3232,0x3232,0x3232,0x3232,0x3232,0x3232,
	0x3232,0x3232,0x3232,0x3232,0x3232,0x3232,0x3232,0x3232,
	0x3232,0x3232,0x3232,0x3232,0x3232,0x3232,0x3232,0x3232,
	0x3232,0x3232,0x3232,0x3232,0x3232,0x3232,0x3232,0x3232,
	0x3232,0x1872,0x1818,0x1818,0x1818,0x1818,0x1818,0x1818,
	0x6C18,0x32D3,0x3232,0x3232,0x3232,0x3232,0x3232,0x3232,
	0x3232,0x3232,0x3232,0x3232,0x3232,0x3232,0x6B6B,0x6B6B,
	0x6B6B,0x6B6B,0x6B6B,0x6B6B,0x6B6B,0x6B6B,0x6B6B,0x6B6B,

	0x1818,0x7272,0x9172,0xF9F9,0xA3F9,0x0057,0x0000,0x0000,
	0x0000,0x0000,0x0000,0x0000,0x0600,0x2020,0xE6D7,0x9D20,
	0x3636,0x9D9D,0x00CF,0xA269,0xC825,0x00C8,0x255C,0x0000,
	0x0000,0x0000,0x0000,0x0000,0x0000,0x7232,0x7272,0x7272,
	0x3218,0x3232,0x3232,0x3232,0x3232,0x3232,0x3232,0x3232,
	0x3232,0x3232,0x3232,0x3232,0x3232,0x3232,0x3232,0x3232,
	0x7272,0x1872,0xF92A,0x322A,0xF932,0x7777,0x7777,0xB4B4,
	0x77B4,0x7777,0x7777,0x7777,0x7777,0x1F77,0x3272,0x3232,

	0x3232,0x3232,0x3232,0x3232,0x3232,0x3232,0x3232,0x3232,
	0x3232,0x3232,0x3232,0x3232,0x3232,0x3232,0x3232,0x3232,
	0x3232,0x3232,0x3232,0x3232,0x3232,0x3232,0x3232,0x3232,
	0x3232,0x3232,0x1832,0x1818,0x1818,0x3232,0x3232,0x3232,
	0x6418,0x32D3,0x3232,0x3232,0x3232,0x3232,0x3232,0x3232,
	0x3232,0x3232,0x3232,0x3232,0x3232,0x3232,0x6B6B,0x6B6B,
	0x6B6B,0x6B6B,0x6B6B,0x6B6B,0x6B6B,0x6B6B,0x6B6B,0x6B6B,
	0x1818,0x7272,0x9172,0xF9F9,0xA314,0x6AE4,0x0000,0x0000,

	0x0000,0x0000,0x0000,0x0000,0x1ECD,0x2006,0xD020,0x6020,
	0x3636,0x3636,0xA59D,0x0000,0x2525,0x2525,0x2525,0x0000,
	0xA8A2,0xA2A8,0x0000,0xFB00,0x00B5,0x7232,0x7272,0x7272,
	0x1818,0x3232,0x3232,0x3232,0x3232,0x3232,0x3232,0x3232,
	0x3232,0x3232,0x3232,0x3232,0x3232,0x3232,0x3232,0x3232,
	0x7232,0x3272,0xF972,0xF92A,0xF972,0xF9F9,0xA3F9,0x77A3,
	0x30B4,0x3030,0x3030,0x3030,0x3030,0x3030,0xA31F,0xA3A3,
	0xA3F9,0xA3A3,0x2AF9,0x3257,0x3232,0x3232,0x3232,0x3232,

	0x3232,0x3232,0x3232,0x3232,0x3232,0x3232,0x3232,0x3232,
	0x3232,0x3232,0x3232,0x3232,0x3232,0x3232,0x3232,0x3232,
	0x3232,0x3232,0x3232,0x3232,0x3232,0x3232,0x3232,0x3232,
	0x6418,0x32D3,0x3232,0x3232,0x3232,0x3232,0x3232,0x3232,
	0x3232,0x3232,0x3232,0x3232,0x3232,0x3232,0x6B6B,0x6B6B,
	0x6B6B,0x6B6B,0x6B6B,0x6B6B,0x6B6B,0x6B6B,0x6B6B,0x6B6B,
	0x7218,0x7272,0x9172,0xA3F9,0x13A3,0x6A6F,0x0000,0x0000,
	0x0000,0x0000,0xFBA2,0xA200,0xE65C,0x3A00,0xCC20,0xD43A,

	0x3636,0x3636,0x1C36,0x001F,0xC825,0x25CC,0x2525,0x00D7,
	0xA8A2,0xA2A8,0x0000,0xFB00,0x00B5,0x720D,0x7272,0x7272,
	0x7272,0x3218,0x3232,0x3232,0x3232,0x3232,0x3232,0x3232,
	0x3232,0x3232,0x3232,0x3232,0x3232,0x3232,0x3232,0x3232,
	0x3232,0x3232,0x5757,0x1F2A,0x3272,0x5757,0x5757,0xF957,
	0x7777,0x7777,0x7777,0x7777,0x7777,0x3077,0x3030,0x3030,
	0x3030,0x3030,0x7730,0x2AF9,0x2A72,0x572A,0x5772,0x3257,
	0x3232,0x3232,0x3232,0x3232,0x3232,0x3232,0x3232,0x3232,

	0x3232,0x3232,0x3232,0x3232,0x3232,0x3232,0x3232,0x3232,
	0x3232,0x3232,0x3232,0x3232,0x3232,0x3232,0x3232,0x3232,
	0x6418,0x32D3,0x3232,0x3232,0x3232,0x3232,0x3232,0x3232,
	0x3232,0x3232,0x3232,0x3232,0x3232,0x3232,0x6B6B,0x6B6B,
	0x6B6B,0x6B6B,0x6B6B,0x6B6B,0x6B6B,0x6B6B,0x6B6B,0x6B6B,
	0x7272,0x7272,0x9172,0x1FA3,0xEA1F,0x4121,0x0000,0x0000,
	0x0000,0x0000,0xCDC8,0xC800,0xE6C8,0x5A00,0xAE3A,0x3636,
	0x3636,0x3636,0x9D36,0x0089,0x8625,0x25CC,0x2525,0x0625,

	0xA8A2,0x3AA8,0x0000,0xFB00,0x00B5,0x6B00,0x2A72,0x722A,
	0x7272,0x1818,0x3232,0x3232,0x3232,0x3232,0x3232,0x3232,
	0x3232,0x3232,0x3232,0x3232,0x3232,0x3232,0x3232,0x3232,
	0x3232,0x3232,0x3232,0x3232,0x3232,0x3232,0x3232,0x3232,
	0x5757,0x7272,0x7272,0x7272,0x7272,0x1F2A,0x3030,0x3030,
	0x3030,0x3030,0xB430,0x6830,0x7777,0x7777,0x7777,0x571F,
	0x3257,0x3232,0x3232,0x3232,0x3232,0x3232,0x3232,0x3232,
	0x3232,0x3232,0x3232,0x3232,0x3232,0x3232,0x3232,0x3232,

	0x3232,0x3232,0x3232,0x3232,0x3232,0x3232,0x3232,0x3232,
	0x6418,0x32D3,0x3232,0x3232,0x3232,0x3232,0x3232,0x3232,
	0x3232,0x3232,0x3232,0x3232,0x3232,0x3232,0x6B6B,0x6B6B,
	0x6B6B,0x6B6B,0x6B6B,0x6B6B,0x6B6B,0x6B6B,0x6B6B,0x6B6B,
	0x7218,0x7272,0xA3ED,0xE413,0x1FEA,0x6BAE,0x0000,0x0000,
	0x96F8,0xC8FB,0xC8C8,0x0025,0xC8CD,0x00C8,0x361F,0x3636,
	0x3636,0x3636,0x3036,0xC8AE,0x25C8,0xA8CD,0xA8A8,0x0625,
	0x25A2,0xA225,0x0000,0x3CB5,0xB5B5,0x005F,0x726B,0x2A2A,

	0x7272,0x1818,0x3232,0x3232,0x3232,0x3232,0x3232,0x3232,
	0x3232,0x3232,0x3232,0x3232,0x3232,0x3232,0x3232,0x3232,
	0x3232,0x3232,0x3232,0x3232,0x3232,0x3232,0x3232,0x3232,
	0x3232,0x3232,0x3232,0x3232,0x3232,0x9132,0x1FA3,0x1FA3,
	0xA3A3,0xA3A3,0x1FA3,0x1F1F,0xB41F,0xB4B4,0xB4B4,0x1FB4,
	0xF9F9,0x2AF9,0x3232,0x4157,0x3257,0x3232,0x3232,0x3232,
	0x3232,0x3232,0x3232,0x3232,0x3232,0x3232,0x3232,0x3232,
	0x3232,0x3232,0x3232,0x3232,0x3232,0x3232,0x3232,0x3232,

	0x642E,0x32D3,0x3232,0x3232,0x3232,0x3232,0x3232,0x3232,
	0x3232,0x3232,0x3232,0x3232,0x3232,0x3232,0x6B6B,0x6B6B,
	0x6B6B,0x6B6B,0x6B6B,0x6B6B,0x6B6B,0x6B6B,0x6B6B,0x6B6B,
	0x7272,0x9172,0xB12A,0x0899,0xAEB4,0x30A5,0xCF30,0x0000,
	0x96F8,0xC85F,0x2525,0x3A25,0xC85C,0x0062,0xACCC,0x5A5A,
	0x5A5A,0x3621,0xB436,0x2506,0x9325,0xE9E9,0x93E9,0x2525,
	0x2525,0x0000,0x300D,0x1330,0xB53C,0xA2B5,0x3200,0x7272,
	0x1872,0x1818,0x3232,0x3232,0x3232,0x3232,0x3232,0x3232,

	0x3232,0x3232,0x3232,0x3232,0x3232,0x3232,0x3232,0x3232,
	0x3232,0x3232,0x3232,0x3232,0x3232,0x3232,0x3232,0x3232,
	0x3232,0x3232,0x3232,0x3232,0x3232,0x3232,0x5732,0x3232,
	0x3232,0x3232,0x3232,0x3232,0x1F57,0x1F1F,0x771F,0x7777,
	0x7777,0xF91F,0x3232,0xF972,0x3232,0x3232,0x3232,0x3232,
	0x3232,0x3232,0x3232,0x3232,0x3232,0x3232,0x3232,0x3232,
	0x3232,0x3232,0x3232,0x3232,0x3232,0x3232,0x3232,0x7232,
	0x6C9B,0x144E,0x3218,0x3232,0x3232,0x3232,0x3232,0x3232,

	0x3232,0x3232,0x3232,0x3232,0x3232,0x3232,0x6B6B,0x6B6B,
	0x6B6B,0x6B6B,0x6B6B,0x6B6B,0x6B6B,0x6B6B,0x6B6B,0x6B6B,
	0x9172,0x1FF9,0x9950,0xA5EA,0x0DF9,0x1C1F,0xB41C,0x00AE,
	0xBEF8,0x25A2,0xA8A8,0x15A8,0xC8C8,0x3CC8,0x5A5A,0xE9E9,
	0xF8E9,0xAC15,0x9DAA,0x4B9C,0x9325,0xE9E9,0x2593,0x2525,
	0xA893,0x4100,0x9530,0x5589,0x1313,0xA2B5,0x3200,0x7272,
	0x1872,0x1818,0x3232,0x3232,0x3232,0x3232,0x3232,0x3232,
	0x3232,0x3232,0x3232,0x3232,0x3232,0x3232,0x3232,0x3232,

	0x3232,0x3232,0x3232,0x3232,0x3232,0x3232,0x3232,0x3232,
	0x3232,0x3232,0x3232,0x3232,0x3232,0x3232,0x3232,0x3232,
	0x3232,0x3232,0x3232,0x3232,0x3232,0x5732,0x5757,0x3232,
	0x3232,0x3232,0x3232,0x3232,0x3232,0x3232,0x3232,0x3232,
	0x3232,0x3232,0x3232,0x3232,0x3232,0x3232,0x3232,0x3232,
	0x3232,0x3232,0x3232,0x3232,0x3232,0x2E32,0x6C67,0x6C6C,
	0x626C,0x6C39,0x6C6C,0x0222,0x322E,0x3232,0x3232,0x3232,
	0x3232,0x3232,0x3232,0x3232,0x3232,0x3232,0x6B6B,0x6B6B,

	0x6B6B,0x6B6B,0x6B6B,0x6B6B,0x6B6B,0x6B6B,0x6B6B,0x6B6B,
	0xCB72,0xACE6,0xAC61,0x571F,0xAE57,0x1C30,0xE1C9,0x0D55,
	0xF8F8,0x93E9,0x8282,0x1552,0x2525,0x2525,0x20E9,0x9393,
	0x4848,0xBC38,0xAA09,0x00D4,0xE61E,0x2525,0x2525,0xA825,
	0x1EA8,0x90AE,0x1C1C,0x3095,0x77E7,0xB5B5,0x0DB2,0x7257,
	0x7272,0x7272,0x3232,0x3232,0x3232,0x3232,0x3232,0x3232,
	0x3232,0x3232,0x3232,0x3232,0x3232,0x3232,0x3232,0x3232,
	0x3232,0x3232,0x3232,0x3232,0x3232,0x3232,0x3232,0x3232,

	0x3232,0x3232,0x3232,0x3232,0x3232,0x3232,0x3232,0x3232,
	0x3232,0x3232,0x3232,0x3232,0x3232,0x3232,0x3232,0x3232,
	0x3232,0x3232,0x3232,0x3232,0x3232,0x3232,0x3232,0x3232,
	0x3232,0x3232,0x3232,0x3232,0x3232,0x3232,0x3232,0x3232,
	0x3232,0x3232,0x3232,0x3232,0x3232,0x2E32,0x5EAF,0x5E5E,
	0xC35E,0x8B8E,0x5E5E,0xFC5E,0x3218,0x3232,0x3232,0x3232,
	0x3232,0x3232,0x3232,0x3232,0x3232,0x3232,0x6B6B,0x6B6B,
	0x6B6B,0x6B6B,0x6B6B,0x6B6B,0x6B6B,0x6B6B,0x6B6B,0x6B6B,

	0x132A,0xF4F4,0xA51F,0xAE41,0x2D1F,0x1C95,0x7373,0x1C9D,
	0x00CF,0xA8CC,0x2593,0x2525,0x8282,0xBE93,0xC8CD,0x4893,
	0x4848,0x8D48,0xAC15,0x0060,0x3A00,0x2525,0x2525,0x6925,
	0x8458,0x7390,0x1C73,0x8995,0x7730,0x7777,0x3CA3,0x3259,
	0x7272,0x7272,0x3232,0x3232,0x3232,0x3232,0x3232,0x3232,
	0x3232,0x3232,0x3232,0x3232,0x3232,0x3232,0x3232,0x3232,
	0x3232,0x3232,0x3232,0x3232,0x3232,0x3232,0x3232,0x3232,
	0x3232,0x3232,0x3232,0x3232,0x3232,0x3232,0x3232,0x3232,

	0x3232,0x3232,0x3232,0x3232,0x3232,0x3232,0x3232,0x3232,
	0x3232,0x3232,0x3232,0x3232,0x3232,0x3232,0x3232,0x3232,
	0x3232,0x3232,0x3232,0x3232,0x3232,0x3232,0x3232,0x3232,
	0x3232,0x3232,0x3232,0x3232,0x3232,0x3232,0x1832,0x1818,
	0x6C02,0xEDAF,0x3218,0x3232,0x3232,0x3232,0x3232,0x3232,
	0x9B32,0x329B,0x3232,0x3232,0x3232,0x3232,0x6B6B,0x6B6B,
	0x6B6B,0x6B6B,0x6B6B,0x6B6B,0x6B6B,0x6B6B,0x6B6B,0x6B6B,
	0x1F2A,0x55F4,0xF9A5,0xA5CF,0x9589,0x1C95,0x7373,0x9D9D,

	0x089D,0x0082,0xA8A8,0x2525,0x1E25,0x8200,0xC81E,0x0505,
	0xC88D,0x9325,0x2593,0xE925,0x21AC,0xE996,0x96BE,0x9200,
	0xD2D2,0xBB84,0x1C1C,0x951C,0x3089,0x7768,0xF91F,0x722A,
	0x7272,0x7272,0x3272,0x3232,0x3232,0x3232,0x3232,0x3232,
	0x3232,0x3232,0x3232,0x3232,0x3232,0x3232,0x3232,0x3232,
	0x3232,0x3232,0x3232,0x3232,0x3232,0x3232,0x3232,0x3232,
	0x3232,0x3232,0x3232,0x3232,0x3232,0x3232,0x3232,0x5732,
	0x3232,0x3232,0x3232,0x3232,0x3232,0x3232,0x3232,0x3232,

	0x3232,0x3232,0x3232,0x3232,0x3232,0x3232,0x3232,0x3232,
	0x3232,0x3232,0x3232,0x3232,0x3232,0x3232,0x3232,0x3232,
	0x3232,0x3232,0x3232,0x3232,0x3232,0x3232,0x3232,0x3232,
	0x6C2E,0x32D3,0x3232,0x3232,0x3232,0x3232,0x3232,0x3232,
	0xBF32,0x32BF,0x3232,0x3232,0x3232,0x3232,0x6B6B,0x6B6B,
	0x6B6B,0x6B6B,0x6B6B,0x6B6B,0x6B6B,0x6B6B,0x6B6B,0x6B6B,
	0xF92A,0xA5A5,0x2AF9,0xB4CF,0x9595,0x731C,0xC973,0x9D9D,
	0x1D9A,0xBC1D,0xEFD7,0xA8A8,0x081D,0x82C0,0x93A8,0x1AF8,

	0x938D,0x2525,0xA893,0xE9A8,0x9C9C,0xE9B2,0xB2BE,0x39B8,
	0xD2D2,0xA4D2,0x1C98,0x951C,0x892D,0x7730,0xA377,0x91F9,
	0x72ED,0x7272,0x3272,0x3232,0x3232,0x3232,0x3232,0x3232,
	0x3232,0x3232,0x3232,0x3232,0x3232,0x3232,0x3232,0x3232,
	0x3232,0x3232,0x3232,0x3232,0x3232,0x3232,0x3232,0x3232,
	0x3232,0x3232,0x3232,0x3232,0x3232,0x3232,0x3232,0x5757,
	0x3232,0x3232,0x3232,0x3232,0x3232,0x3232,0x3232,0x3232,
	0x3232,0x3232,0x3232,0x3232,0x3232,0x3232,0x3232,0x3232,

	0x3232,0x3232,0x3232,0x3232,0x3232,0x3232,0x3232,0x3232,
	0x3232,0x3232,0x3232,0x3232,0x3232,0x3232,0x3232,0x3232,
	0x6C18,0x32D3,0x3232,0x3232,0x3232,0x3232,0x3232,0x3232,
	0x2832,0x3228,0x3232,0x3232,0x3232,0x3232,0x6B6B,0x6B6B,
	0x6B6B,0x6B6B,0x6B6B,0x6B6B,0x6B6B,0x6B6B,0x6B6B,0x6B6B,
	0xF991,0xA3F9,0xF9A3,0xB4AE,0x9595,0x7373,0x9D9D,0x9D9D,
	0x9999,0x9999,0x5A06,0x8282,0x6FF4,0x3899,0x8D48,0x8D8D,
	0x4848,0x2593,0xA893,0xE938,0x5F06,0x5CA2,0xB23C,0xD2D2,

	0xD2D2,0xD2D2,0x1C39,0x951C,0x8995,0x7730,0xA377,0x91F9,
	0x722A,0x7272,0x3257,0x3232,0x3232,0x3232,0x3232,0x3232,
	0x3232,0x3232,0x3232,0x3232,0x3232,0x3232,0x3232,0x3232,
	0x3232,0x3232,0x3232,0x3232,0x3232,0x3232,0x3232,0x3232,
	0x3232,0x3232,0x3232,0x3232,0x3232,0x3232,0x3232,0x5732,
	0x3257,0x3232,0x3232,0x3232,0x3232,0x3232,0x3232,0x3232,
	0x3232,0x3232,0x9172,0x9191,0x3232,0x3232,0x3232,0x3232,
	0x3232,0x3232,0x3232,0x3232,0x3232,0x3232,0x3232,0x3232,

	0x3232,0x3232,0x3232,0x3232,0x3232,0x3232,0x3232,0x3232,
	0x6C18,0x32D3,0x3232,0x3232,0x3232,0x2E32,0x3279,0x3232,
	0x2832,0x3228,0x3232,0x7932,0x3218,0x3232,0x6B6B,0x6B6B,
	0x6B6B,0x6B6B,0x6B6B,0x6B6B,0x6B6B,0x6B6B,0x6B6B,0x6B6B,
	0xF991,0xA3F9,0x77A3,0x8930,0x1C95,0x7336,0x9D9D,0x996F,
	0x9999,0x9999,0x0899,0x9A9A,0xA8B1,0x4848,0x8D48,0x488D,
	0x4848,0x2593,0x4848,0x3FF2,0xB269,0xC762,0xB20B,0xD2D2,
	0xD2D2,0xD2D2,0x1C39,0x1C1C,0x8995,0x3030,0x1F77,0xF9A3,

	0x9191,0x7272,0x3257,0x3232,0x3232,0x3232,0x3232,0x3232,
	0x3232,0x3232,0x3232,0x3232,0x3232,0x3232,0x3232,0x3232,
	0x3232,0x3232,0x3232,0x3232,0x3232,0x3232,0x3232,0x3232,
	0x3232,0x3232,0x3232,0x3232,0x3232,0x3232,0x3232,0x3232,
	0x3232,0x3232,0x3232,0x3232,0x3232,0x3232,0x3232,0x3232,
	0x7232,0x912A,0x77A3,0x72A3,0x3232,0x3232,0x3232,0x3232,
	0x3232,0x3232,0x3232,0x3232,0x3232,0x3232,0x3232,0x3232,
	0x3232,0x3232,0x3232,0x3232,0x3232,0x3232,0x3232,0x3232,

	0x6C18,0x32D3,0x3232,0x3232,0x3232,0x1832,0x9E02,0x3291,
	0x5E32,0x325E,0x9132,0x3D90,0x32ED,0x3232,0x6B6B,0x6B6B,
	0x6B6B,0x6B6B,0x6B6B,0x6B6B,0x6B6B,0x6B6B,0x6B6B,0x6B6B,
	0xF991,0xA3F9,0x77F0,0x9589,0x1C95,0x7336,0x9D9D,0x996F,
	0x9999,0x9999,0x5D99,0x7B62,0x25B1,0x4893,0x8D8D,0x8D8D,
	0x4848,0x4848,0x4848,0x3FF2,0x925C,0x6462,0xB20B,0xD2D2,
	0xD2D2,0x39D2,0x1C39,0x1C1C,0x8995,0x3089,0x1F77,0xF9A3,
	0x9191,0x7272,0x3257,0x3232,0x3232,0x3232,0x3232,0x3232,

	0x3232,0x3232,0x3232,0x3232,0x3232,0x3232,0x3232,0x3232,
	0x3232,0x3232,0x3232,0x3232,0x3232,0x3232,0x3232,0x3232,
	0x3232,0x3232,0x3232,0x3232,0x3232,0x3232,0x3232,0x3232,
	0x3232,0x3232,0x3232,0x3232,0x3232,0x3232,0x3232,0x3232,
	0x3372,0x33E1,0x722A,0x3232,0x3232,0x3232,0x3232,0x3232,
	0x3232,0x3232,0x3232,0x3232,0x3232,0x3232,0x3232,0x3232,
	0x3232,0x3232,0x3232,0x3232,0x3232,0x3232,0x3232,0x3232,
	0x6C18,0x32D3,0x3232,0x3232,0x3232,0x3232,0x9472,0x1890,

	0x5E32,0x32F5,0x9032,0x7294,0x3232,0x3232,0x6B6B,0x6B6B,
	0x6B6B,0x6B6B,0x6B6B,0x6B6B,0x6B6B,0x6B6B,0x6B6B,0x6B6B,
	0xA3F9,0xA3A3,0x3077,0x952D,0x9D1C,0x7336,0x9D9D,0x996F,
	0x9999,0x9999,0x5D99,0x2162,0x93D9,0x4893,0x8D8D,0x8D8D,
	0x488D,0x4848,0x9393,0xE9F2,0xD952,0xAB29,0xD90F,0x84C3,
	0x39D2,0xC739,0xA9F7,0xD47D,0x8995,0x3089,0x1F77,0xF9A3,
	0x9191,0x7272,0x3257,0x3232,0x3232,0x3232,0x3232,0x3232,
	0x3232,0x3232,0x3232,0x3232,0x3232,0x3232,0x3232,0x3232,

	0x3232,0x3232,0x3232,0x3232,0x3232,0x3232,0x3232,0x3232,
	0x3232,0x3232,0x3232,0x3232,0x3232,0x3232,0x3232,0x3232,
	0x3232,0x3232,0x3232,0x3232,0x3232,0x3232,0x3232,0x4389,
	0x8943,0x77E7,0x3257,0x3232,0x3232,0x3232,0x3232,0x3232,
	0x3232,0x3232,0x3232,0x3232,0x3232,0x3232,0x3232,0x3232,
	0x3232,0x3232,0x3232,0x3232,0x3232,0x3232,0x3232,0x3232,
	0x6C18,0x32D3,0x3232,0x3232,0x3232,0x3232,0x7232,0xB08A,
	0x3432,0x3222,0xC65E,0x57ED,0x3232,0x3232,0x3232,0x3232,

	0x7272,0xF92A,0xB4B4,0x6B6B,0x6B6B,0x6B6B,0x6B6B,0x6B6B,
	0xA3F9,0xF0A3,0x3077,0x952D,0x731C,0x9D73,0x9D9D,0x996F,
	0x9999,0x9999,0x5D99,0xA5C8,0x93CD,0x4893,0x8D8D,0x8D8D,
	0x8D8D,0x4848,0x9325,0xE948,0x15E9,0x0000,0x625C,0x84B3,
	0x39D2,0x6C39,0xB598,0x1616,0x8990,0x3089,0x7777,0xF91F,
	0x91F9,0x7272,0x3272,0x3232,0x3232,0x3232,0x3232,0x3232,
	0x3232,0x3232,0x3232,0x3232,0x3232,0x3232,0x3232,0x3232,
	0x3232,0x3232,0x3232,0x3232,0x3232,0x3232,0x3232,0x3232,

	0x3232,0x3232,0x3232,0x3232,0x3232,0x3232,0x3232,0x3232,
	0x3232,0x3232,0x3232,0x3232,0x3232,0x3232,0xF957,0xE1E1,
	0x2A33,0x3232,0x3232,0x3232,0x3232,0x3232,0x3232,0x3232,
	0x3232,0x3232,0x3232,0x3232,0x3232,0x3232,0x3232,0x3232,
	0x3232,0x3232,0x3232,0x3232,0x3232,0x3232,0x3232,0x3232,
	0x6C18,0x32D3,0x3232,0x3232,0x3232,0x3232,0x3232,0xC6EB,
	0x22D5,0xAB22,0x80C6,0x3232,0x3232,0x3232,0x3232,0x1832,
	0x2A72,0x771F,0xB4B4,0x3030,0x3030,0x3030,0x3030,0x3030,

	0xA3F9,0xF0A3,0x8977,0x9595,0x7B1C,0x9D73,0x9D9D,0x5D9A,
	0x6A50,0x9999,0x5D99,0xA8C8,0x8D8D,0x8D48,0x8D8D,0x8D8D,
	0x8D8D,0x488D,0x4848,0xE993,0x15E9,0x0000,0xADD9,0xA4AD,
	0xA4A4,0x6D6C,0x1C9D,0xB5B5,0x8958,0x3089,0x7777,0xF91F,
	0x91F9,0x722A,0x3272,0x3232,0x3232,0x3232,0x3232,0x3232,
	0x3232,0x3232,0x3232,0x3232,0x3232,0x3232,0x3232,0x3232,
	0x3232,0x3232,0x3232,0x3232,0x3232,0x3232,0x3232,0x3232,
	0x3232,0x3232,0x3232,0x3232,0x3232,0x3232,0x3232,0x3232,

	0x3232,0x3232,0x3232,0x3232,0x3232,0x6141,0xD661,0x572A,
	0x3232,0x3232,0x3232,0x3232,0x3232,0x3232,0x3232,0x3232,
	0x3232,0x3232,0x3232,0x3232,0x3232,0x3232,0x3232,0x3232,
	0x3232,0x3232,0x3232,0x3232,0x3232,0x3232,0x3232,0x3232,
	0x0218,0x3279,0x3232,0x3232,0x3232,0xED72,0x18ED,0x7A18,
	0x8BC7,0xC78B,0x32ED,0x9118,0xEDED,0x3232,0x3232,0x3232,
	0x1F2A,0xB477,0xB4B4,0xB4B4,0xB4B4,0x3030,0x5353,0x3030,
	0xA3F9,0x77A3,0x3077,0x952D,0xAA1C,0x9D73,0x9D9D,0x5560,

	0x5650,0x5555,0x9C9C,0x3A9C,0x8DCD,0x8D8D,0x8D8D,0x8D8D,
	0x8D8D,0x8D8D,0x4848,0x4848,0xF2F2,0x9248,0x0D4F,0x0D69,
	0x6B0D,0xBB39,0x1C9D,0xFE16,0x450A,0x0A0A,0x7777,0xF91F,
	0x91F9,0x722A,0x3272,0x3232,0x3232,0x3232,0x3232,0x3232,
	0x326B,0x3232,0x3232,0x3232,0x3232,0x3232,0x3232,0x3232,
	0x3232,0x3232,0x3232,0x3232,0x3232,0x3232,0x3232,0x3232,
	0x3232,0x3232,0x3232,0x3232,0x3232,0x3232,0x3232,0x3232,
	0x3232,0x3232,0x3232,0xAE32,0x0808,0x5508,0x5555,0x3232,

	0x3232,0x3232,0x3232,0x3232,0x3232,0x3232,0x3232,0x3232,
	0x3232,0x3232,0x3232,0x3232,0x3232,0x3232,0x3232,0x3232,
	0x3232,0x3232,0x3232,0x3232,0x3232,0x3232,0x3232,0x3232,
	0x2E32,0x3218,0x3232,0x3232,0x7232,0x04FD,0x6C94,0xC764,
	0xC337,0x37AD,0x64C7,0x946C,0xFD04,0x3218,0x3232,0x3232,
	0x77F9,0xB4B4,0xB4B4,0xB4B4,0xB4B4,0x3030,0x2C2C,0x3030,
	0xF9F9,0x77A3,0x8968,0x9595,0x9D1C,0x9D9D,0x9A9D,0x507B,
	0x5650,0xD456,0x6F6F,0xE4E4,0x8D38,0x8D8D,0x8D8D,0x8D8D,

	0x8D8D,0x8D8D,0x488D,0x4848,0x488D,0x67AD,0x7949,0x1800,
	0xD50A,0x9839,0x1CEC,0x1C9D,0x9E90,0x450A,0x2F45,0x91F9,
	0x2F2A,0x724F,0x5772,0x3257,0x3232,0x3232,0x3232,0xA232,
	0x0DA7,0x3232,0x6B32,0x6B6B,0x6B6B,0x6B6B,0x6B6B,0x6B6B,
	0x6B6B,0x6B6B,0x6B6B,0x6B6B,0x6B6B,0x6B6B,0x6B6B,0x6B6B,
	0x6B6B,0x6B6B,0x6B6B,0x6B6B,0x6B6B,0x6B6B,0x6B6B,0x6B6B,
	0x6B6B,0x6B6B,0x6B6B,0xAE6B,0x0808,0x5708,0x3232,0x3232,
	0x6B6B,0x6B6B,0x6B6B,0x6B6B,0x6B6B,0x6B6B,0x6B6B,0x6B6B,

	0x6B6B,0x6B6B,0x6B6B,0x6B6B,0x6B6B,0x6B6B,0x6B6B,0x6B6B,
	0x6B6B,0x6B6B,0x6B6B,0x6B6B,0x6B6B,0x6B6B,0x6B6B,0x6B6B,
	0x326B,0x6B32,0x6B6B,0x6B6B,0x326B,0xED18,0x7914,0x0A79,
	0x22C7,0xC722,0x7945,0xF0FC,0xED14,0x3218,0x3232,0x5757,
	0x77F9,0xB4B4,0xB4B4,0xB4B4,0xB4B4,0x3030,0x2C2C,0x3030,
	0xF991,0x77A3,0x8968,0x1C95,0x1C1C,0x9D9D,0x859D,0x5008,
	0x5650,0x6F9D,0x5D85,0xE65D,0x4893,0x8D8D,0x8D8D,0x8D8D,
	0x8D8D,0x8D8D,0x8D8D,0x4848,0x0748,0xF339,0x26F3,0x0232,

	0x390E,0x3939,0x9039,0x1C90,0x951C,0x459E,0x5858,0x5858,
	0x5913,0x724F,0x5772,0x3257,0x3232,0x3232,0x3232,0xAE32,
	0x6BFB,0x3232,0x6B32,0x6B6B,0x6B6B,0x6B6B,0x6B6B,0x6B6B,
	0x6B6B,0x6B6B,0x6B6B,0x6B6B,0x6B6B,0x6B6B,0x6B6B,0x6B6B,
	0x6B6B,0x6B6B,0x6B6B,0x6B6B,0x6B6B,0x6B6B,0x6B6B,0x6B6B,
	0x6B6B,0x6B6B,0x6B6B,0x6B6B,0x3232,0x3232,0x6B32,0x6B6B,
	0x6B6B,0x6B6B,0x6B6B,0x6B6B,0x6B6B,0x6B6B,0x6B6B,0x6B6B,
	0x6B6B,0x6B6B,0x6B6B,0x6B6B,0x6B6B,0x6B6B,0x6B6B,0x6B6B,

	0x6B6B,0x6B6B,0x6B6B,0x6B6B,0x6B6B,0x6B6B,0x6B6B,0x6B6B,
	0x6B6B,0x6B6B,0x6B6B,0x6B6B,0x6B6B,0x6B6B,0x3232,0x0A7A,
	0x8B34,0x348B,0x7A0A,0x3232,0x3232,0x3232,0x3232,0xF972,
	0x771F,0xB4B4,0xB4B4,0xB4B4,0xB4B4,0x30B4,0x2C2C,0xB430,
	0xF92A,0x77A3,0x8968,0x9595,0x9D1C,0x8570,0x5585,0x5050,
	0x5050,0x6F56,0x5D85,0xE65D,0x25E6,0x8D48,0x8D8D,0x8D8D,
	0x8D8D,0x8D8D,0x8D8D,0x001E,0xA451,0x1263,0x0212,0x0202,
	0x0202,0x3939,0x3939,0x6739,0x9543,0x7789,0x772F,0xA37A,

	0x72F9,0x7272,0x5772,0x3257,0x3232,0x3232,0x3232,0x3232,
	0x3232,0x3232,0x6B32,0x6B6B,0x6B6B,0x6B6B,0x6B6B,0x6B6B,
	0x6B6B,0x6B6B,0x6B6B,0x6B6B,0x6B6B,0x6B6B,0x6B6B,0x6B6B,
	0x6B6B,0x6B6B,0x6B6B,0x6B6B,0x6B6B,0x6B6B,0x6B6B,0x6B6B,
	0x6B6B,0x6B6B,0x6B6B,0x416B,0x5750,0x6B32,0x6B6B,0x6B6B,
	0x6B6B,0x6B6B,0x6B6B,0x6B6B,0x6B6B,0x6B6B,0x6B6B,0x6B6B,
	0x6B6B,0x6B6B,0x6B6B,0x6B6B,0x6B6B,0x6B6B,0x6B6B,0x6B6B,
	0x6B6B,0x6B6B,0x6B6B,0x6B6B,0x6B6B,0x6B6B,0x6B6B,0x6B6B,

	0x6B6B,0x6B6B,0x6B6B,0x6B6B,0x6B6B,0x6B6B,0x7232,0xB0C6,
	0x2232,0x3222,0xC6B0,0x7291,0x7257,0x3232,0x3232,0x1F72,
	0xB477,0xB4B4,0xB4B4,0xB4B4,0xB4B4,0x30B4,0x2C2C,0xB430,
	0xF92A,0x77A3,0x8930,0x1C95,0xD69D,0x1DEA,0x5056,0x5050,
	0x5050,0x5650,0x5D85,0xEA5D,0xB1EA,0x48B1,0x8D8D,0x8D8D,
	0x8D8D,0x8D8D,0x8D8D,0x001E,0x7400,0x1237,0x0202,0x9202,
	0x0298,0xA402,0x3939,0x64C7,0x9564,0x5B98,0x77A3,0xF91F,
	0x2AF9,0x7272,0x5772,0x3257,0x3232,0x3232,0x3232,0x3232,

	0x3232,0x3232,0x6B32,0x6B6B,0x6B6B,0x6B6B,0x6B6B,0x6B6B,
	0x6B6B,0x6B6B,0x6B6B,0x6B6B,0x6B6B,0x6B6B,0x6B6B,0x6B6B,
	0x6B6B,0x6B6B,0x6B6B,0x6B6B,0x6B6B,0x6B6B,0x6B6B,0x6B6B,
	0x6B6B,0x6B6B,0x326B,0xAE32,0x32A5,0x3232,0x6B6B,0x6B6B,
	0x6B6B,0x6B6B,0x6B6B,0x6B6B,0x6B6B,0x6B6B,0x6B6B,0x6B6B,
	0x6B6B,0x6B6B,0x6B6B,0x6B6B,0x6B6B,0x6B6B,0x6B6B,0x6B6B,
	0x6B6B,0x6B6B,0x6B6B,0x6B6B,0x6B6B,0x6B6B,0x6B6B,0x6B6B,
	0x6B6B,0x6B6B,0x6B6B,0x6B6B,0x6B6B,0x6B6B,0x2872,0x329E,

	0xF532,0x32F5,0x9032,0x2A94,0x5757,0x3232,0x7232,0x772A,
	0xB4B4,0xB4B4,0xB4B4,0xB4B4,0xB4B4,0x30B4,0x8C8C,0xB430,
	0xD4D4,0x77B4,0x8930,0x1C95,0xEA9D,0x0870,0x5050,0x5050,
	0x5050,0x2150,0x8E85,0x708E,0x1EB1,0x481E,0x8D8D,0x8D8D,
	0x8D8D,0x8D8D,0x8D8D,0x001E,0x7A00,0x4037,0x5B67,0x8A02,
	0x02D3,0x7102,0xD5D5,0x5E5E,0x954E,0xEB6D,0x1FA3,0xA31F,
	0x2AF9,0x7272,0x5772,0x3257,0x3232,0x3232,0x3232,0x3232,
	0x3232,0x3232,0x6B32,0x6B6B,0x6B6B,0x6B6B,0x6B6B,0x6B6B,

	0x6B6B,0x6B6B,0x6B6B,0x6B6B,0x6B6B,0x6B6B,0x6B6B,0x6B6B,
	0x6B6B,0x6B6B,0x6B6B,0x6B6B,0x6B6B,0x6B6B,0x6B6B,0x6B6B,
	0x6B6B,0x6B6B,0x6B6B,0x3232,0x3232,0x6B32,0x6B6B,0x6B6B,
	0x6B6B,0x6B6B,0x6B6B,0x6B6B,0x6B6B,0x6B6B,0x6B6B,0x6B6B,
	0x6B6B,0x6B6B,0x6B6B,0x6B6B,0x6B6B,0x6B6B,0x6B6B,0x6B6B,
	0x6B6B,0x6B6B,0x6B6B,0x6B6B,0x6B6B,0x6B6B,0x6B6B,0x6B6B,
	0x6B6B,0x6B6B,0x6B6B,0x6B6B,0x326B,0x2E32,0x9002,0x3291,
	0x1932,0x3219,0xA332,0x6890,0x57ED,0x3232,0x4132,0x77F9,

	0xB4B4,0xB4B4,0xB4B4,0xB4B4,0xB4B4,0x30B4,0x8C8C,0xB430,
	0x871B,0x7789,0x8930,0x1C95,0x859D,0x5B98,0x5050,0xA550,
	0xA5A5,0xF8BA,0xA498,0xA4A4,0x8D5C,0xF2F2,0xF2F2,0xF2F2,
	0xF2F2,0xF2F2,0xF2F2,0x5FA7,0x455F,0x985E,0x07AD,0x7474,
	0xFC02,0x6B79,0x0600,0xBB16,0x9595,0x7730,0x7777,0xA31F,
	0x2AF9,0x722A,0x5772,0x3257,0x3232,0x3232,0x3232,0x3232,
	0x3232,0x3232,0x6B32,0x6B6B,0x6B6B,0x6B6B,0x6B6B,0x6B6B,
	0x6B6B,0x6B6B,0x6B6B,0x6B6B,0x6B6B,0x6B6B,0x6B6B,0x6B6B,

	0x6B6B,0x6B6B,0x6B6B,0x6B6B,0x6B6B,0x6B6B,0x6B6B,0x6B6B,
	0x6B6B,0x6B6B,0x6B6B,0x6B6B,0x6B6B,0x6B6B,0x6B6B,0x6B6B,
	0x6B6B,0x6B6B,0x6B6B,0x6B6B,0x6B6B,0x6B6B,0x6B6B,0x6B6B,
	0x6B6B,0x6B6B,0x6B6B,0x6B6B,0x6B6B,0x6B6B,0x6B6B,0x6B6B,
	0x6B6B,0x6B6B,0x6B6B,0x6B6B,0x6B6B,0x6B6B,0x6B6B,0x6B6B,
	0x6B6B,0x6B6B,0x6B6B,0x6B6B,0x326B,0x2E32,0x32FC,0x3232,
	0xB032,0x3228,0x5732,0x0272,0x7214,0x3218,0xF972,0x7777,
	0xB4B4,0xB4B4,0xB4B4,0xB4B4,0xB4B4,0x30B4,0x8C8C,0xB430,

	0x1F41,0x8709,0x9DAA,0x369D,0x7336,0x001F,0x0000,0xF8A2,
	0xF8F8,0xF8F8,0x0000,0x0000,0xF2EF,0xDAF2,0xF2F2,0xF2F2,
	0xF2F2,0xF2F2,0xF2F2,0xF2F2,0x48F2,0x9393,0xF2F2,0xF2F2,
	0x004A,0x0000,0x5A06,0xD47D,0x9595,0xB430,0x1F77,0xF9A3,
	0x91F9,0x722A,0x5772,0x3257,0x3232,0x3232,0x3232,0x3232,
	0x3232,0x6B32,0x6B6B,0x6B6B,0x6B6B,0x6B6B,0x6B6B,0x6B6B,
	0x6B6B,0x6B6B,0x6B6B,0x6B6B,0x6B6B,0x6B6B,0x6B6B,0x6B6B,
	0x6B6B,0x6B6B,0x6B6B,0x6B6B,0x6B6B,0x6B6B,0x6B6B,0x6B6B,

	0x6B6B,0x6B6B,0x6B6B,0x6B6B,0x6B6B,0x6B6B,0x6B6B,0x6B6B,
	0x6B6B,0x6B6B,0x6B6B,0x6B6B,0x6B6B,0x6B6B,0x6B6B,0x6B6B,
	0x6B6B,0x6B6B,0x6B6B,0x6B6B,0x6B6B,0x6B6B,0x6B6B,0x6B6B,
	0x6B6B,0x6B6B,0x6B6B,0x6B6B,0x6B6B,0x6B6B,0x6B6B,0x6B6B,
	0x6B6B,0x6B6B,0x6B6B,0x6B6B,0x3232,0x3218,0x3232,0x3232,
	0x2832,0x3228,0x3232,0x3232,0xED57,0x72ED,0x1F72,0xB477,
	0xB4B4,0xB4B4,0xB4B4,0xB4B4,0xB4B4,0x30B4,0x8C8C,0xB430,
	0x912A,0xAAAA,0xD473,0x9D1C,0xD49D,0x05BC,0xA7A7,0x1111,

	0xDADA,0xF2DA,0xA8A8,0xA8A8,0xF2F2,0xF2F2,0xF2F2,0xF2F2,
	0xF2F2,0xF2F2,0xF2F2,0xF2F2,0x48F2,0x4893,0xF2F2,0x48F2,
	0x4893,0xF248,0x5AE9,0x1C9D,0x8995,0x3030,0x7777,0xF9A3,
	0x91F9,0x722A,0x3272,0x3232,0x3232,0x3232,0x3232,0x3232,
	0x3232,0x6B32,0x6B6B,0x6B6B,0x6B6B,0x6B6B,0x6B6B,0x6B6B,
	0x6B6B,0x6B6B,0x6B6B,0x6B6B,0x6B6B,0x6B6B,0x6B6B,0x6B6B,
	0x6B6B,0x6B6B,0x6B6B,0x6B6B,0x6B6B,0x6B6B,0x6B6B,0x6B6B,
	0x6B6B,0x6B6B,0x6B6B,0x6B6B,0x6B6B,0x6B6B,0x6B6B,0x6B6B,

	0x6B6B,0x6B6B,0x6B6B,0x6B6B,0x6B6B,0x6B6B,0x6B6B,0x6B6B,
	0x6B6B,0x6B6B,0x6B6B,0x6B6B,0x6B6B,0x6B6B,0x6B6B,0x6B6B,
	0x6B6B,0x6B6B,0x6B6B,0x6B6B,0x6B6B,0x6B6B,0x6B6B,0x6B6B,
	0x6B6B,0x6B6B,0x6B6B,0x6B6B,0x326B,0x3232,0x3232,0x3232,
	0x7632,0x3240,0x3232,0x3232,0x2E32,0x2AED,0x1F41,0xB477,
	0xB4B4,0xB4B4,0xB4B4,0xB4B4,0xB4B4,0x30B4,0x8C8C,0xB4B4,
	0x912A,0x1FA3,0x3077,0x2D89,0x1C95,0xBE21,0xDAA7,0x1111,
	0x1111,0xF2DA,0xF2F2,0xF2F2,0xF2F2,0xF2F2,0xF2F2,0xF2F2,

	0xF2F2,0xF2F2,0xF2F2,0xF2F2,0xF2F2,0xF248,0xF2F2,0xF2F2,
	0xF2F2,0xF2F2,0x5AF8,0x1C9D,0x8995,0xB430,0x1F77,0xF9F9,
	0x2AF9,0x7272,0x3272,0x3232,0x3232,0x3232,0x3232,0x3232,
	0x3232,0x6B6B,0x6B6B,0x6B6B,0x6B6B,0x6B6B,0x6B6B,0x6B6B,
	0x6B6B,0x6B6B,0x6B6B,0x6B6B,0x6B6B,0x6B6B,0x6B6B,0x6B6B,
	0x6B6B,0x6B6B,0x6B6B,0x6B6B,0x6B6B,0x6B6B,0x6B6B,0x6B6B,
	0x6B6B,0x6B6B,0x6B6B,0x6B6B,0x6B6B,0x6B6B,0x6B6B,0x6B6B,
	0x6B6B,0x6B6B,0x6B6B,0x6B6B,0x6B6B,0x6B6B,0x6B6B,0x6B6B,

	0x6B6B,0x6B6B,0x6B6B,0x6B6B,0x6B6B,0x6B6B,0x6B6B,0x6B6B,
	0x6B6B,0x6B6B,0x6B6B,0x6B6B,0x6B6B,0x6B6B,0x6B6B,0x6B6B,
	0x6B6B,0x6B6B,0x6B6B,0x6B6B,0x6B6B,0x6B6B,0x3232,0xF972,
	0xBF72,0x32BF,0x3232,0x3232,0x3232,0x2A57,0x771F,0xB477,
	0xB4B4,0xB4B4,0xB4B4,0xB4B4,0xB4B4,0x30B4,0x8C8C,0xB4B4,
	0x912A,0x1FA3,0x6877,0x8968,0x1C2D,0x2160,0x1AEF,0x1111,
	0x1111,0xDADA,0xDADA,0xF2F2,0xF2F2,0xF2F2,0xF2F2,0xF2F2,
	0xF2F2,0xF2F2,0xF2F2,0xF2F2,0xF2F2,0xF2F2,0xF2F2,0xF248,

	0xF2F2,0xEFF2,0x2115,0x951C,0x3089,0x7730,0xA377,0xF9F9,
	0x2A2A,0x7272,0x3272,0x3232,0x3232,0x3232,0x3232,0x3232,
	0x3232,0x6B6B,0x6B6B,0x6B6B,0x6B6B,0x6B6B,0x6B6B,0x6B6B,
	0x6B6B,0x6B6B,0x6B6B,0x6B6B,0x6B6B,0x6B6B,0x6B6B,0x6B6B,
	0x6B6B,0x6B6B,0x6B6B,0x6B6B,0x6B6B,0x6B6B,0x6B6B,0x6B6B,
	0x6B6B,0x6B6B,0x6B6B,0x6B6B,0x6B6B,0x6B6B,0x6B6B,0x6B6B,
	0x6B6B,0x6B6B,0x6B6B,0x6B6B,0x6B6B,0x6B6B,0x6B6B,0x6B6B,
	0x6B6B,0x6B6B,0x6B6B,0x6B6B,0x6B6B,0x6B6B,0x6B6B,0x6B6B,

	0x6B6B,0x6B6B,0x6B6B,0x6B6B,0x6B6B,0x6B6B,0x6B6B,0x6B6B,
	0x6B6B,0x6B6B,0x6B6B,0x6B6B,0x6B6B,0x6B6B,0x3232,0x30A5,
	0x9B2A,0x329B,0x3232,0x3232,0x3232,0x2A57,0x7777,0xB477,
	0xB4B4,0xB4B4,0xB4B4,0xB4B4,0xB4B4,0x30B4,0x8C8C,0xB4B4,
	0x912A,0xA3F9,0x7777,0x3077,0x9589,0x73D4,0xEF5A,0xDADA,
	0x1111,0xDA11,0xDADA,0xF2DA,0xF2F2,0xF2F2,0xF2F2,0xF2F2,
	0xF2F2,0xF2F2,0xF2F2,0xF2F2,0xF2F2,0xF2F2,0xF2F2,0xF2F2,
	0xF2F2,0xBEF2,0x7321,0x951C,0x3089,0x7730,0xA31F,0xF9F9,

	0x2A2A,0x7272,0x3257,0x3232,0x3232,0x3232,0x3232,0x3232,
	0x3232,0x6B6B,0x6B6B,0x6B6B,0x6B6B,0x6B6B,0x6B6B,0x6B6B,
	0x6B6B,0x6B6B,0x6B6B,0x6B6B,0x6B6B,0x6B6B,0x6B6B,0x6B6B,
	0x6B6B,0x6B6B,0x6B6B,0x6B6B,0x6B6B,0x6B6B,0x6B6B,0x6B6B,
	0x6B6B,0x6B6B,0x6B6B,0x6B6B,0x6B6B,0x6B6B,0x6B6B,0x6B6B,
	0x6B6B,0x6B6B,0x6B6B,0x6B6B,0x6B6B,0x6B6B,0x6B6B,0x6B6B,
	0x6B6B,0x6B6B,0x6B6B,0x6B6B,0x6B6B,0x6B6B,0x6B6B,0x6B6B,
	0x6B6B,0x6B6B,0x6B6B,0x6B6B,0x6B6B,0x6B6B,0x6B6B,0x6B6B,

	0x6B6B,0x6B6B,0x6B6B,0x3232,0x3232,0x3232,0x3232,0x95B4,
	0x912A,0x57ED,0x3232,0x3232,0x3232,0x2A32,0x7777,0xB4B4,
	0xB4B4,0xB4B4,0x77B4,0xB477,0xB4B4,0xB4B4,0x8C8C,0xB430,
	0xF92A,0xA3F9,0x7777,0x3077,0x9589,0xD41C,0x217D,0xA7D0,
	0x1111,0x1111,0xDADA,0xDADA,0xDADA,0xDADA,0xF2F2,0xF2F2,
	0xF2F2,0xF2F2,0xF2F2,0xF2F2,0xF2F2,0xF2F2,0xF2F2,0xF2F2,
	0xA7DA,0xACD0,0x9D73,0x951C,0x3089,0x7730,0xA31F,0xF9F9,
	0x2A2A,0x7272,0x3257,0x3232,0x3232,0x6B6B,0x6B6B,0x6B6B,

	0x6B6B,0x6B6B,0x6B6B,0x6B6B,0x6B6B,0x6B6B,0x6B6B,0x6B6B,
	0x6B6B,0x6B6B,0x6B6B,0x6B6B,0x6B6B,0x6B6B,0x6B6B,0x6B6B,
	0x6B6B,0x6B6B,0x6B6B,0x6B6B,0x6B6B,0x6B6B,0x6B6B,0x6B6B,
	0x6B6B,0x6B6B,0x6B6B,0x6B6B,0x6B6B,0x6B6B,0x6B6B,0x6B6B,
	0x6B6B,0x6B6B,0x6B6B,0x6B6B,0x6B6B,0x6B6B,0x6B6B,0x6B6B,
	0x6B6B,0x6B6B,0x6B6B,0x6B6B,0x6B6B,0x6B6B,0x6B6B,0x6B6B,
	0x6B6B,0x6B6B,0x6B6B,0x6B6B,0x6B6B,0x6B6B,0x6B6B,0x6B6B,
	0x6B6B,0x6B6B,0x6B6B,0x6B6B,0x6B6B,0x6B6B,0x3232,0x95B4,

	0x5741,0x5757,0x3232,0x3232,0x3232,0x2A32,0x7777,0x7777,
	0x7777,0x7777,0x3577,0x75B9,0x7575,0x5175,0x51B9,0x5151,
	0x912A,0xA3F9,0x771F,0x3077,0x9589,0x1C95,0x6073,0xBE9C,
	0x11E5,0x1111,0xDA11,0xDADA,0xDADA,0xDADA,0xDADA,0xF2F2,
	0xF2F2,0xF2F2,0xF2F2,0xF2F2,0xF2F2,0xF2F2,0xF2F2,0xF2F2,
	0xBEEF,0x7B21,0xD4AA,0x73D4,0x30BB,0x77B4,0xA3A3,0xF9F9,
	0x2A2A,0x7272,0x3257,0x3232,0x3232,0x6B6B,0x6B6B,0x6B6B,
	0x6B6B,0x6B6B,0x6B6B,0x6B6B,0x6B6B,0x6B6B,0x6B6B,0x6B6B,

	0x6B6B,0x6B6B,0x6B6B,0x6B6B,0x6B6B,0x6B6B,0x6B6B,0x6B6B,
	0x6B6B,0x6B6B,0x6B6B,0x6B6B,0x6B6B,0x6B6B,0x6B6B,0x6B6B,
	0x6B6B,0x6B6B,0x6B6B,0x6B6B,0x6B6B,0x6B6B,0x6B6B,0x6B6B,
	0x6B6B,0x6B6B,0x6B6B,0x6B6B,0x6B6B,0x6B6B,0x6B6B,0x6B6B,
	0x6B6B,0x6B6B,0x6B6B,0x6B6B,0x6B6B,0x6B6B,0x6B6B,0x6B6B,
	0x6B6B,0x6B6B,0x6B6B,0x6B6B,0x6B6B,0x6B6B,0x6B6B,0x326B,
	0x6B6B,0x6B6B,0x6B6B,0x6B6B,0x6B6B,0x3232,0x3232,0x95B4,
	0x57F9,0x3257,0x3232,0x3232,0x3232,0xA0B9,0x7777,0x7777,

	0x7777,0xB477,0x3BB4,0xE307,0xE3E3,0x0792,0x0707,0x0707,
	0x912A,0xF9F9,0x1FA3,0xB477,0x8930,0x1C95,0xD473,0x3A60,
	0xF815,0x8F8F,0x118F,0xDA11,0xDADA,0xDADA,0xDADA,0xDADA,
	0xDADA,0xDADA,0xF2DA,0xF2F2,0xF2F2,0xF2F2,0xDAF2,0xEF8F,
	0x215A,0x73D4,0x9D73,0x7DD4,0x3316,0xFEFE,0xEBFE,0xB5EB,
	0x2A13,0x572A,0x4557,0x32B5,0x3232,0x3232,0x3232,0x3232,
	0x3232,0x3232,0x3232,0x3232,0x3232,0x3232,0x3232,0x3232,
	0x3232,0x3232,0x3232,0x3232,0x3232,0x3232,0x3232,0x3232,

	0x3232,0x3232,0x3232,0x3232,0x3232,0x3232,0x3232,0x3232,
	0x3232,0x3232,0x3232,0x3232,0x3232,0x3232,0x3232,0x326B,
	0x6B6B,0x6B6B,0x6B6B,0x6B6B,0x6B6B,0x6B6B,0x326B,0x6B6B,
	0x6B6B,0x6B6B,0x6B6B,0x3232,0x3232,0x3232,0x3232,0x3232,
	0x3232,0x6B32,0x3232,0x3232,0x6B32,0x6B6B,0x326B,0x3232,
	0x6B32,0x3232,0x3232,0x3232,0x3232,0x2A32,0x41F9,0x1C30,
	0xF91F,0x7241,0x3232,0x3232,0x3232,0x353B,0xB4B4,0xB4B4,
	0x77B4,0xB4B4,0x92B4,0x3707,0x3737,0x3737,0x3737,0x3737,

	0x912A,0xF991,0xA3F9,0x7777,0x8930,0x9595,0x731C,0x1C73,
	0xCE3A,0x8F44,0x8F8F,0xDA11,0xDADA,0xDADA,0xDADA,0xDADA,
	0xDADA,0xDADA,0xDADA,0xF2DA,0xF2F2,0xF2F2,0xA7DA,0xD044,
	0xD455,0x9D73,0x951C,0x3089,0x4760,0x8585,0x3B3B,0x3B3B,
	0x2A35,0x5757,0xC057,0x6B3B,0x3232,0x3232,0x3232,0x3232,
	0x3232,0x3232,0x3232,0x3232,0x3232,0x3232,0x3232,0x3232,
	0x3232,0x3232,0x3232,0x3232,0x3232,0x3232,0x3232,0x3232,
	0x3232,0x3232,0x3232,0x3232,0x3232,0x3232,0x3232,0x3232,

	0x3232,0x3232,0x3232,0x3232,0x3232,0x3232,0x3232,0x3232,
	0x3232,0x3232,0x3232,0x5732,0x3232,0x5732,0x3232,0x3232,
	0x5757,0x3232,0x3232,0x3232,0x3232,0x3232,0x3232,0x3232,
	0x3232,0x3232,0x5757,0x3257,0x3232,0x3232,0x3232,0x3232,
	0x3232,0x3232,0x3232,0x3232,0x3232,0xA532,0x30B4,0x1C1C,
	0x891C,0x7230,0x3232,0x3232,0x3232,0x2A32,0xB477,0xB4B4,
	0xB4B4,0x30B4,0x9289,0x3792,0x3737,0x3737,0x3737,0x3737,
	0x2A2A,0xF92A,0xA3F9,0x771F,0x3030,0x9589,0x1C95,0xD4D4,

	0x9C60,0x8FD0,0x8F8F,0x1111,0x1111,0xDA8F,0xDADA,0xDADA,
	0xDADA,0xDADA,0xDADA,0xDADA,0xDADA,0xDADA,0x1ADA,0x55D0,
	0xD47D,0x1CD4,0x8995,0xE7E7,0x89E7,0x1FB4,0x1F1F,0xA51F,
	0x2AF9,0x5757,0x5757,0x3272,0x3232,0x3232,0x3232,0x3232,
	0x3232,0x3232,0x3232,0x3232,0x3232,0x3232,0x3232,0x3232,
	0x3232,0x3232,0x3232,0x3232,0x3232,0x3232,0x3232,0x3232,
	0x3232,0x3232,0x3232,0x3232,0x3232,0x3232,0x3232,0x3232,
	0x3232,0x3232,0x3232,0x3232,0x3232,0x3232,0x5932,0x59F1,

	0x3232,0xF1A9,0xF1F1,0xF1F1,0xF1F1,0xF1F1,0x3257,0x7B57,
	0x9A9A,0x9A9A,0x3241,0x3232,0x3232,0x3232,0x3232,0x3232,
	0x3232,0x5732,0x9A9A,0x9A9A,0x9A9A,0x9A9A,0x6F9A,0x3257,
	0xF157,0x32EB,0x3232,0x3232,0x3232,0x2A32,0xA5F9,0x1C89,
	0x892D,0x3D9B,0x7914,0x7979,0x7979,0xA3ED,0xB477,0xB4B4,
	0xB4B4,0x8930,0xF72D,0x37E3,0x3794,0x3737,0x3737,0x3737,
	0x2A2A,0xF92A,0xA3F9,0x77A3,0x3077,0x8989,0x1C95,0x731C,
	0x9D73,0xA7BA,0x8F8F,0x8F8F,0x8F8F,0x8F8F,0x1111,0xDADA,

	0xDADA,0xDADA,0xDADA,0xDADA,0xDADA,0xDADA,0xE9DA,0x603A,
	0x7373,0x951C,0x8989,0xE7E7,0x1F77,0xF9A3,0xF9F9,0x2A41,
	0x5772,0x3257,0x3232,0x3232,0x6B32,0x6B6B,0x6B6B,0x6B6B,
	0x6B6B,0x6B6B,0x6B6B,0x6B6B,0x6B6B,0x6B6B,0x6B6B,0x6B6B,
	0x6B6B,0x6B6B,0x6B6B,0x6B6B,0x6B6B,0x6B6B,0x6B6B,0x6B6B,
	0x6B6B,0x6B6B,0x6B6B,0x6B6B,0x6B6B,0x6B6B,0x6B6B,0x6B6B,
	0x6B6B,0x6B6B,0x6B6B,0x6B6B,0x6B6B,0x6B6B,0x2F6B,0x59F1,
	0x326B,0xECA9,0xECEC,0xECEC,0xECEC,0xF1EC,0x3272,0x9A32,

	0xD6D6,0xD6D6,0x6BAE,0x6B6B,0x6B6B,0x6B6B,0x2A57,0xF941,
	0xF9F9,0xA5A5,0xD69A,0xD6D6,0xD6D6,0xD6D6,0x9AD6,0x6B57,
	0xF157,0x32EB,0x3232,0x3232,0x3232,0x3232,0x7257,0x9530,
	0xFDFD,0xBFBF,0xBFBF,0xBFBF,0xBFBF,0x9BFD,0xB430,0xB4B4,
	0x30B4,0x2D89,0x902D,0x9033,0xC9C9,0xC9C9,0xC9C9,0xC9C9,
	0x91F9,0x912A,0xF9F9,0xA3A3,0x7777,0x8930,0x9589,0x1C95,
	0xAC7D,0xA7C4,0x8F8F,0x8F8F,0x8F8F,0x8F8F,0x8F8F,0xA78F,
	0xDADA,0xDADA,0xDADA,0xDADA,0xDADA,0xDADA,0x38DA,0x21D7,

	0x1C60,0x8995,0xE730,0x77E7,0x1F77,0xF9F9,0xF9F9,0x2A2A,
	0x5772,0x3257,0x3232,0x3232,0x3232,0x6B6B,0x6B6B,0x6B6B,
	0x6B6B,0x6B6B,0x6B6B,0x6B6B,0x6B6B,0x6B6B,0x6B6B,0x6B6B,
	0x6B6B,0x6B6B,0x6B6B,0x6B6B,0x6B6B,0x6B6B,0x6B6B,0x6B6B,
	0x6B6B,0x6B6B,0x6B6B,0x6B6B,0x6B6B,0x6B6B,0x6B6B,0x6B6B,
	0x6B6B,0x6B6B,0x6B6B,0x6B6B,0x6B6B,0x6B6B,0x326B,0x3232,
	0x6B6B,0x3232,0x3232,0x3232,0x3232,0x3232,0x3232,0x3232,
	0x3232,0x5732,0x3B5C,0x3B3B,0x3B3B,0x3B3B,0xEAB9,0xD6D6,

	0xD6D6,0xD6D6,0x3241,0x3232,0x3232,0x3232,0x5732,0x3232,
	0x3232,0x3232,0x3232,0x3232,0x3232,0x3D57,0xFDFD,0xE8E8,
	0xFDFD,0xBFBF,0xBFBF,0xBFBF,0xBFBF,0xBFBF,0x89E8,0x3030,
	0x8930,0xE82D,0xE8E8,0xE8E8,0xE8E8,0x6EE8,0x6E6E,0xE8E8,
	0x7777,0xF9F9,0xF9F9,0xA3F9,0x771F,0x3077,0x8989,0x1C95,
	0xC07D,0xA7A7,0x8F8F,0x8F8F,0x8F8F,0x8F8F,0x8F8F,0x8F8F,
	0xA7A7,0xA7A7,0xA7A7,0xA7A7,0xA7A7,0xA7A7,0xA7A7,0xD0A7,
	0x899C,0x3089,0xE730,0x7777,0x1F1F,0xF9F9,0xF9F9,0x2A2A,

	0x5772,0x3257,0x3232,0x3232,0x3232,0x6B6B,0x6B6B,0x6B6B,
	0x6B6B,0x6B6B,0x6B6B,0x6B6B,0x6B6B,0x6B6B,0x6B6B,0x6B6B,
	0x6B6B,0x6B6B,0x6B6B,0x6B6B,0x6B6B,0x6B6B,0x6B6B,0x6B6B,
	0x6B6B,0x6B6B,0x6B6B,0x6B6B,0x6B6B,0x6B6B,0x6B6B,0x6B6B,
	0x6B6B,0x6B6B,0x6B6B,0x6B6B,0x6B6B,0x6B6B,0x326B,0x3232,
	0x6B6B,0x3232,0x3232,0x3232,0x3232,0x6B32,0x6B32,0x6B6B,
	0x6B6B,0x6B6B,0x6B6B,0x6B6B,0x6B6B,0x6B6B,0xAE32,0xAEAE,
	0x5757,0x5757,0x3232,0x3232,0x3232,0x6B6B,0x6B6B,0x3232,

	0x3232,0x3232,0x3232,0x5732,0x14ED,0xFD14,0xFDFD,0xE8E8,
	0xFDFD,0xFDFD,0xFDFD,0xBFBF,0xBFBF,0xBFBF,0xE86E,0x8989,
	0x2D89,0xE8E8,0xE8E8,0xE8E8,0xE8E8,0xE8E8,0xC9C9,0xE8E8,
	0x6868,0xF077,0x7777,0xA377,0x77A3,0x7777,0x8930,0x8989,
	0xBC7D,0x8FA7,0x8F8F,0x8F8F,0x8F8F,0x8F8F,0x8F8F,0x8F8F,
	0xA78F,0xA7A7,0xA7A7,0xA7A7,0xA7A7,0xA7A7,0xA7A7,0x5AA7,
	0x309C,0x3030,0xB430,0x7777,0xF91F,0xF9F9,0x91F9,0x2A2A,
	0x5772,0x3257,0x3232,0x6B32,0x6B6B,0x6B6B,0x6B6B,0x6B6B,

	0x6B6B,0x6B6B,0x6B6B,0x6B6B,0x6B6B,0x6B6B,0x6B6B,0x6B6B,
	0x6B6B,0x6B6B,0x6B6B,0x6B6B,0x6B6B,0x6B6B,0x6B6B,0x6B6B,
	0x6B6B,0x6B6B,0x6B6B,0x6B6B,0x6B6B,0x6B6B,0x6B6B,0x6B6B,
	0x6B6B,0x6B6B,0x6B6B,0x6B6B,0x6B6B,0x6B6B,0x6B6B,0x6B6B,
	0x6B6B,0x6B6B,0x6B6B,0x6B6B,0x6B6B,0x6B6B,0x6B6B,0x6B6B,
	0x6B6B,0x6B6B,0x6B6B,0x6B6B,0x6B6B,0x6B6B,0x6B6B,0x6B6B,
	0x6B6B,0x6B6B,0x6B6B,0x6B6B,0x6B6B,0x6B6B,0x6B6B,0x6B6B,
	0x6B6B,0x6B6B,0x6B6B,0x6B6B,0x6B6B,0x6B6B,0x6B6B,0x6B6B,

	0x6B6B,0x6B6B,0x6B6B,0x6B6B,0x6B6B,0x6B6B,0x6B6B,0x896B,
	0xE82D,0xE86E,0xE8E8,0xE8E8,0xE8E8,0xE8E8,0xC9C9,0xE8E8,
	0x6877,0x6868,0xDCDC,0x7768,0x7777,0x6877,0x3030,0x3AB4,
	0x38CD,0x8FA7,0x8F8F,0x8F8F,0x8F8F,0x8F8F,0x8FE5,0x8F8F,
	0x8F8F,0x8F8F,0x8F8F,0xA7A7,0xA7A7,0xA7A7,0xA7A7,0x38A7,
	0x3ABC,0xB4B4,0x77B4,0x1F77,0xF9A3,0xF9F9,0x2A91,0x2A2A,
	0x5757,0x3257,0x3232,0x6B32,0x6B6B,0x6B6B,0x6B6B,0x6B6B,
	0x6B6B,0x6B6B,0x6B6B,0x6B6B,0x6B6B,0x6B6B,0x6B6B,0x6B6B,

	0x6B6B,0x6B6B,0x6B6B,0x6B6B,0x6B6B,0x6B6B,0x6B6B,0x6B6B,
	0x6B6B,0x6B6B,0x6B6B,0x6B6B,0x6B6B,0x6B6B,0x6B6B,0x6B6B,
	0x6B6B,0x6B6B,0x6B6B,0x6B6B,0x6B6B,0x6B6B,0x6B6B,0x6B6B,
	0x6B6B,0x6B6B,0x6B6B,0x6B6B,0x6B6B,0x6B6B,0x6B6B,0x6B6B,
	0x6B6B,0x6B6B,0x6B6B,0x6B6B,0x6B6B,0x6B6B,0x6B6B,0x6B6B,
	0x6B6B,0x6B6B,0x6B6B,0x6B6B,0x6B6B,0x6B6B,0x6B6B,0x6B6B,
	0x6B6B,0x6B6B,0x6B6B,0x6B6B,0x6B6B,0x6B6B,0x6B6B,0x6B6B,
	0x6B6B,0x6B6B,0x6B6B,0x6B6B,0x6B6B,0x6B6B,0x6B6B,0x6E6B,

	0x6E6E,0xE86E,0xE8E8,0xE8E8,0xE8E8,0xE8E8,0xC9C9,0xE8E8,
	0x68F0,0x6868,0x6868,0x6868,0x8989,0x3089,0x6868,0x5A1F,
	0xA7F8,0x8FA7,0x8F8F,0x8F8F,0xE58F,0xE5E5,0xE5E5,0xE5E5,
	0xE5E5,0xE5E5,0x8F8F,0x8F8F,0xA78F,0xA7A7,0xA7A7,0xA7A7,
	0x3AD7,0xB41F,0x1F77,0xA31F,0xF9F9,0x2AF9,0x2A2A,0x7272,
	0x5772,0x3232,0x3232,0x6B32,0x6B6B,0x6B6B,0x6B6B,0x6B6B,
	0x6B6B,0x6B6B,0x6B6B,0x6B6B,0x6B6B,0x6B6B,0x6B6B,0x6B6B,
	0x6B6B,0x6B6B,0x6B6B,0x6B6B,0x6B6B,0x6B6B,0x6B6B,0x6B6B,

	0x6B6B,0x6B6B,0x6B6B,0x6B6B,0x6B6B,0x6B6B,0x6B6B,0x6B6B,
	0x6B6B,0x6B6B,0x6B6B,0x6B6B,0x6B6B,0x6B6B,0x6B6B,0x6B6B,
	0x6B6B,0x6B6B,0x6B6B,0x6B6B,0x6B6B,0x6B6B,0x6B6B,0x6B6B,
	0x6B6B,0x6B6B,0x6B6B,0x6B6B,0x6B6B,0x6B6B,0x6B6B,0x6B6B,
	0x6B6B,0x6B6B,0x6B6B,0x6B6B,0x6B6B,0x6B6B,0x6B6B,0x6B6B,
	0x6B6B,0x6B6B,0x6B6B,0x6B6B,0x6B6B,0x6B6B,0x6B6B,0x6B6B,
	0x6B6B,0x6B6B,0x6B6B,0x6B6B,0x6B6B,0x6B6B,0x6B6B,0x6E6B,
	0x6E6E,0xE8E8,0xE8E8,0x2D2D,0x2D2D,0xE8E8,0x8C8C,0xE8E8,

	0xF0F0,0xF0F0,0x6868,0x6868,0x899B,0x9B89,0x6830,0x5A1F,
	0xA7F8,0xE5A7,0xE5E5,0xE5E5,0xE5E5,0xE5E5,0xE5E5,0xE5E5,
	0xE5E5,0xE5E5,0xE5E5,0xE5E5,0x8FE5,0xA78F,0xA7A7,0xA7A7,
	0x3AD7,0x771F,0x1F1F,0xA3A3,0xF9F9,0x2A91,0x722A,0x7272,
	0x5757,0x3232,0x3232,0x6B32,0x6B6B,0x6B6B,0x6B6B,0x6B6B,
	0x6B6B,0x6B6B,0x6B6B,0x6B6B,0x6B6B,0x6B6B,0x6B6B,0x6B6B,
	0x6B6B,0x6B6B,0x6B6B,0x6B6B,0x6B6B,0x6B6B,0x6B6B,0x6B6B,
	0x6B6B,0x6B6B,0x6B6B,0x6B6B,0x6B6B,0x6B6B,0x6B6B,0x6B6B,

	0x6B6B,0x6B6B,0x6B6B,0x6B6B,0x6B6B,0x6B6B,0x6B6B,0x6B6B,
	0x6B6B,0x6B6B,0x6B6B,0x6B6B,0x6B6B,0x6B6B,0x6B6B,0x6B6B,
	0x6B6B,0x6B6B,0x6B6B,0x6B6B,0x6B6B,0x6B6B,0x6B6B,0x6B6B,
	0x6B6B,0x6B6B,0x6B6B,0x6B6B,0x6B6B,0x6B6B,0x6B6B,0x6B6B,
	0x6B6B,0x6B6B,0x6B6B,0x6B6B,0x6B6B,0x6B6B,0x6B6B,0x6B6B,
	0x6B6B,0x6B6B,0x6B6B,0x6B6B,0x6B6B,0x6B6B,0x6B6B,0x6E6B,
	0xE8E8,0xE8E8,0x2DE8,0x2D2D,0x2D2D,0xE8E8,0x8C8C,0xE8E8,
	0xA3A3,0xF0A3,0x6877,0x6868,0x6868,0x6868,0x6830,0x3A1F,

	0xA7E9,0xE5E5,0xE5E5,0xE5E5,0xE5E5,0xE5E5,0x44E5,0x215A,
	0x2121,0x1ABC,0xE5E5,0xE5E5,0xE5E5,0x8FE5,0xA7A7,0xA7A7,
	0x3AD7,0x1F1F,0xA31F,0xF9A3,0xF9F9,0x2A2A,0x722A,0x5772,
	0x5757,0x3232,0x3232,0x6B32,0x6B6B,0x6B6B,0x6B6B,0x6B6B,
	0x6B6B,0x6B6B,0x6B6B,0x6B6B,0x6B6B,0x6B6B,0x6B6B,0x6B6B,
	0x6B6B,0x6B6B,0x6B6B,0x6B6B,0x6B6B,0x6B6B,0x6B6B,0x6B6B,
	0x6B6B,0x6B6B,0x6B6B,0x6B6B,0x6B6B,0x6B6B,0x6B6B,0x6B6B,
	0x6B6B,0x6B6B,0x6B6B,0x6B6B,0x6B6B,0x6B6B,0x6B6B,0x6B6B,

	0x6B6B,0x6B6B,0x6B6B,0x6B6B,0x6B6B,0x6B6B,0x6B6B,0x6B6B,
	0x6B6B,0x6B6B,0x6B6B,0x6B6B,0x6B6B,0x6B6B,0x6B6B,0x6B6B,
	0x6B6B,0x6B6B,0x6B6B,0x6B6B,0x6B6B,0x6B6B,0x6B6B,0x6B6B,
	0x6B6B,0x6B6B,0x6B6B,0x6B6B,0x6B6B,0x6B6B,0x6B6B,0x6B6B,
	0x6B6B,0x6B6B,0x6B6B,0x6B6B,0x6B6B,0x6B6B,0x6B6B,0xE86B,
	0xE8E8,0xE8E8,0x2DE8,0x2D2D,0x2D2D,0xE82D,0x8C8C,0xE8E8,
	0xA3A3,0xF0A3,0xF0F0,0xF0F0,0x6877,0x6868,0x6868,0xD01F,
	0xA7E9,0xE5E5,0xE5E5,0xE5E5,0xE5E5,0xE5E5,0xBEE5,0x5656,

	0x561C,0x5A21,0xE5E5,0xE5E5,0xE5E5,0xE5E5,0xA7E5,0xA7A7,
	0x3AD7,0x1F1F,0xA3A3,0xF9F9,0xF9F9,0x2A2A,0x7272,0x5757,
	0x5757,0x3232,0x3232,0x6B32,0x6B6B,0x6B6B,0x6B6B,0x6B6B,
	0x6B6B,0x6B6B,0x6B6B,0x6B6B,0x6B6B,0x6B6B,0x6B6B,0x6B6B,
	0x6B6B,0x6B6B,0x6B6B,0x6B6B,0x6B6B,0x6B6B,0x6B6B,0x6B6B,
	0x6B6B,0x6B6B,0x6B6B,0x6B6B,0x6B6B,0x6B6B,0x6B6B,0x6B6B,
	0x6B6B,0x6B6B,0x6B6B,0x6B6B,0x6B6B,0x6B6B,0x6B6B,0x6B6B,
	0x6B6B,0x6B6B,0x6B6B,0x6B6B,0x6B6B,0x6B6B,0x6B6B,0x6B6B,

	0x6B6B,0x6B6B,0x6B6B,0x6B6B,0x6B6B,0x6B6B,0x6B6B,0x6B6B,
	0x6B6B,0x6B6B,0x6B6B,0x6B6B,0x6B6B,0x6B6B,0x6B6B,0x6B6B,
	0x6B6B,0x6B6B,0x6B6B,0x6B6B,0x6B6B,0x6B6B,0x6B6B,0x6B6B,
	0x6B6B,0x6B6B,0x6B6B,0x6B6B,0x6B6B,0x6B6B,0x6B6B,0x2D6B,
	0x2D2D,0x2D2D,0x2D2D,0x2D2D,0x2D2D,0xE82D,0x8C8C,0xE8E8,
	0xA3A3,0xA3A3,0xF0A3,0xF0F0,0xF0F0,0x77F0,0x7777,0x3A77,
	0xEFD7,0xE5E5,0xE5E5,0xE5E5,0xE5E5,0xF8E5,0x55EF,0x8989,
	0x8989,0x2155,0x1A15,0xE5E5,0xE5E5,0xE5E5,0xE5E5,0x15A7,

	0x3A3C,0xE7E7,0x68DC,0x77DC,0x7777,0x2AF9,0x722A,0x5757,
	0x3257,0x3232,0x3232,0x6B32,0x6B6B,0x6B6B,0x6B6B,0x6B6B,
	0x6B6B,0x6B6B,0x6B6B,0x6B6B,0x6B6B,0x6B6B,0x6B6B,0x6B6B,
	0x6B6B,0x6B6B,0x6B6B,0x6B6B,0x6B6B,0x6B6B,0x6B6B,0x6B6B,
	0x6B6B,0x6B6B,0x6B6B,0x6B6B,0x6B6B,0x6B6B,0x6B6B,0x6B6B,
	0x6B6B,0x6B6B,0x6B6B,0x6B6B,0x6B6B,0x6B6B,0x6B6B,0x6B6B,
	0x6B6B,0x6B6B,0x6B6B,0x6B6B,0x6B6B,0x6B6B,0x6B6B,0x6B6B,
	0x6B6B,0x6B6B,0x6B6B,0x6B6B,0x6B6B,0x6B6B,0x6B6B,0x6B6B,

	0x6B6B,0x6B6B,0x6B6B,0x6B6B,0x6B6B,0x6B6B,0x6B6B,0x6B6B,
	0x6B6B,0x6B6B,0x6B6B,0x6B6B,0x6B6B,0x6B6B,0x6B6B,0x6B6B,
	0x6B6B,0x6B6B,0x6B6B,0x6B6B,0x6B6B,0x6B6B,0x6B6B,0x2D6B,
	0x2D2D,0x2D2D,0x2D2D,0x2D2D,0x2D2D,0xE82D,0x8C8C,0xE8E8,
	0xA3A3,0xA3A3,0xA3A3,0xF0A3,0xF0F0,0xF0F0,0xF0F0,0x6877,
	0x2189,0xE538,0xE5E5,0xE5E5,0xE5E5,0xD7E5,0xE721,0xE7E7,
	0x9E9E,0xB49E,0xF821,0xE5E5,0xE5E5,0xE5E5,0xE5E5,0x2138,
	0x3089,0x6868,0x6868,0x6868,0x7768,0x91A3,0x2A2A,0x5757,

	0x3257,0x3232,0x3232,0x6B32,0x6B6B,0x6B6B,0x6B6B,0x6B6B,
	0x6B6B,0x6B6B,0x6B6B,0x6B6B,0x6B6B,0x6B6B,0x6B6B,0x6B6B,
	0x6B6B,0x6B6B,0x6B6B,0x6B6B,0x6B6B,0x6B6B,0x6B6B,0x6B6B,
	0x6B6B,0x6B6B,0x6B6B,0x6B6B,0x6B6B,0x6B6B,0x6B6B,0x6B6B,
	0x6B6B,0x6B6B,0x6B6B,0x6B6B,0x6B6B,0x6B6B,0x6B6B,0x6B6B,
	0x6B6B,0x6B6B,0x6B6B,0x6B6B,0x6B6B,0x6B6B,0x6B6B,0x6B6B,
	0x6B6B,0x6B6B,0x6B6B,0x6B6B,0x6B6B,0x6B6B,0x6B6B,0x6B6B,
	0x6B6B,0x6B6B,0x6B6B,0x6B6B,0x6B6B,0x6B6B,0x6B6B,0x6B6B,

	0x6B6B,0x6B6B,0x6B6B,0x6B6B,0x6B6B,0x6B6B,0x6B6B,0x6B6B,
	0x6B6B,0x6B6B,0x6B6B,0x6B6B,0x6B6B,0x6B6B,0x6B6B,0x2D6B,
	0x2D2D,0x2D2D,0x2D2D,0x2D2D,0x2D2D,0xE82D,0x8C8C,0x2DE8,
	0xA3A3,0xA3A3,0xA3A3,0xA3A3,0xF0F0,0xF0F0,0xF0F0,0x68F0,
	0x9C30,0xC120,0xE544,0x44E5,0xD0C1,0x3AD0,0x77B4,0xE7E7,
	0x9EE7,0x77E7,0x3AB4,0xD0D0,0x44C1,0xE5E5,0xC144,0xB420,
	0x6868,0xF077,0xF0F0,0xF0F0,0xF0F0,0xF0F0,0xA3A3,0x572A,
	0x5757,0x3257,0x3232,0x6B32,0x6B6B,0x6B6B,0x6B6B,0x6B6B,

	0x6B6B,0x6B6B,0x6B6B,0x6B6B,0x6B6B,0x6B6B,0x6B6B,0x6B6B,
	0x6B6B,0x6B6B,0x6B6B,0x6B6B,0x6B6B,0x6B6B,0x6B6B,0x6B6B,
	0x6B6B,0x6B6B,0x6B6B,0x6B6B,0x6B6B,0x6B6B,0x6B6B,0x6B6B,
	0x6B6B,0x6B6B,0x6B6B,0x6B6B,0x6B6B,0x6B6B,0x6B6B,0x6B6B,
	0x6B6B,0x6B6B,0x6B6B,0x6B6B,0x6B6B,0x6B6B,0x6B6B,0x6B6B,
	0x6B6B,0x6B6B,0x6B6B,0x6B6B,0x6B6B,0x6B6B,0x6B6B,0x6B6B,
	0x6B6B,0x6B6B,0x6B6B,0x6B6B,0x6B6B,0x6B6B,0x6B6B,0x6B6B,
	0x6B6B,0x6B6B,0x6B6B,0x6B6B,0x6B6B,0x6B6B,0x6B6B,0x6B6B,

	0x6B6B,0x6B6B,0x6B6B,0x6B6B,0x6B6B,0x6B6B,0x6B6B,0x896B,
	0x2D2D,0x2D2D,0x2D2D,0x2D2D,0x2D2D,0xE82D,0x8C8C,0x2DE8,
	0x1414,0xA3A3,0xA3A3,0xA3A3,0xA3A3,0xA3A3,0xA3A3,0xF0F0,
	0x7777,0xD0B4,0xD0D0,0xD0D0,0xA520,0x1FA5,0x7777,0x7777,
	0xDC68,0xE7DC,0xE7E7,0xBA2F,0xD0D0,0xD0D0,0x20D0,0x771F,
	0xF0F0,0xF0F0,0xF0F0,0xF0F0,0xA3F0,0xA3A3,0xA3A3,0xA3A3,
	0xA3A3,0x5791,0x5757,0x6B57,0x6B6B,0x6B6B,0x6B6B,0x6B6B,
	0x6B6B,0x6B6B,0x6B6B,0x6B6B,0x6B6B,0x6B6B,0x6B6B,0x6B6B,

	0x6B6B,0x6B6B,0x6B6B,0x6B6B,0x6B6B,0x6B6B,0x6B6B,0x6B6B,
	0x6B6B,0x6B6B,0x6B6B,0x6B6B,0x6B6B,0x6B6B,0x6B6B,0x6B6B,
	0x6B6B,0x6B6B,0x6B6B,0x6B6B,0x6B6B,0x6B6B,0x6B6B,0x6B6B,
	0x6B6B,0x6B6B,0x6B6B,0x6B6B,0x6B6B,0x6B6B,0x6B6B,0x6B6B,
	0x6B6B,0x6B6B,0x6B6B,0x6B6B,0x6B6B,0x6B6B,0x6B6B,0x6B6B,
	0x6B6B,0x6B6B,0x6B6B,0x6B6B,0x6B6B,0x6B6B,0x6B6B,0x6B6B,
	0x6B6B,0x6B6B,0x6B6B,0x6B6B,0x6B6B,0x6B6B,0x6B6B,0x6B6B,
	0x6B6B,0x6B6B,0x6B6B,0x6B6B,0x6B6B,0x6B6B,0x6B6B,0x9B6B,

	0x2D89,0x2D2D,0x2D2D,0x2D2D,0x2D2D,0xE82D,0x2323,0x2DE8,
	0x1414,0x1414,0xA3A3,0xA3A3,0xA3A3,0xA3A3,0xA3A3,0xA3A3,
	0xF0F0,0xBA68,0xCCCC,0xCCCC,0xA5BA,0xA3A5,0x77A3,0x7777,
	0xDCDC,0xDCDC,0x68DC,0x68E7,0xBABA,0xBABA,0xBABA,0xF077,
	0xF0F0,0xF0F0,0xF0F0,0xF0F0,0xA3F0,0x1414,0xA314,0xA3A3,
	0xA3A3,0x7291,0x5757,0x6B57,0x6B6B,0x6B6B,0x6B6B,0x6B6B,
	0x6B6B,0x6B6B,0x6B6B,0x6B6B,0x6B6B,0x6B6B,0x6B6B,0x6B6B,
	0x6B6B,0x6B6B,0x6B6B,0x6B6B,0x6B6B,0x6B6B,0x6B6B,0x6B6B,

	0x6B6B,0x6B6B,0x6B6B,0x6B6B,0x6B6B,0x6B6B,0x6B6B,0x6B6B,
	0x6B6B,0x6B6B,0x6B6B,0x6B6B,0x6B6B,0x6B6B,0x6B6B,0x6B6B,
	0x6B6B,0x6B6B,0x6B6B,0x6B6B,0x6B6B,0x6B6B,0x6B6B,0x6B6B,
	0x6B6B,0x6B6B,0x6B6B,0x6B6B,0x6B6B,0x6B6B,0x6B6B,0x6B6B,
	0x6B6B,0x6B6B,0x6B6B,0x6B6B,0x6B6B,0x6B6B,0x6B6B,0x6B6B,
	0x6B6B,0x6B6B,0x6B6B,0x6B6B,0x6B6B,0x6B6B,0x6B6B,0x6B6B,
	0x6B6B,0x6B6B,0x6B6B,0x6B6B,0x6B6B,0x6B6B,0x6B6B,0x9B6B,
	0x899B,0x2D2D,0x2D2D,0x2D2D,0x2D2D,0xE82D,0x2323,0x2DE8,

	0x1414,0x1414,0xA314,0xA3A3,0xA3A3,0xA3A3,0xA3A3,0xA3A3,
	0xF0A3,0x1F77,0xF9A3,0xF9F9,0xF9F9,0xA3F9,0xA3A3,0x77F0,
	0xDCDC,0x6868,0x7777,0xF077,0x7777,0xF0F0,0xF0F0,0xF0F0,
	0xF0F0,0xF0F0,0xA3A3,0xA3A3,0x14A3,0x1414,0xA314,0x14A3,
	0x1414,0x9191,0x572A,0x6B57,0x6B6B,0x6B6B,0x6B6B,0x6B6B,
	0x6B6B,0x6B6B,0x6B6B,0x6B6B,0x6B6B,0x6B6B,0x6B6B,0x6B6B,
	0x6B6B,0x6B6B,0x6B6B,0x6B6B,0x6B6B,0x6B6B,0x6B6B,0x6B6B,
	0x6B6B,0x6B6B,0x6B6B,0x6B6B,0x6B6B,0x6B6B,0x6B6B,0x6B6B,

	0x6B6B,0x6B6B,0x6B6B,0x6B6B,0x6B6B,0x6B6B,0x6B6B,0x6B6B,
	0x6B6B,0x6B6B,0x6B6B,0x6B6B,0x6B6B,0x6B6B,0x6B6B,0x6B6B,
	0x6B6B,0x6B6B,0x6B6B,0x6B6B,0x6B6B,0x6B6B,0x6B6B,0x6B6B,
	0x6B6B,0x6B6B,0x6B6B,0x6B6B,0x6B6B,0x6B6B,0x6B6B,0x6B6B,
	0x6B6B,0x6B6B,0x6B6B,0x6B6B,0x6B6B,0x6B6B,0x6B6B,0x6B6B,
	0x6B6B,0x6B6B,0x6B6B,0x6B6B,0x6B6B,0x6B6B,0x6B6B,0x686B,
	0x9B9B,0x2D89,0x2D2D,0x2D43,0x2D2D,0x432D,0x2323,0x4343,
	0x1414,0x1414,0x1414,0x1414,0x1414,0x1414,0x1414,0xA314,

	0xA3A3,0xF0F0,0xF91F,0xF9F9,0xF991,0xF9F9,0xA3A3,0x68F0,
	0x6868,0xF077,0xF0F0,0xF0F0,0xF0F0,0xF0F0,0xF0F0,0xF0F0,
	0xF0F0,0xA3A3,0xA3A3,0x14A3,0x1414,0x1414,0x1414,0x1414,
	0x1414,0xA3A3,0xA3DC,0x6B2A,0x6B6B,0x6B6B,0x6B6B,0x6B6B,
	0x6B6B,0x6B6B,0x6B6B,0x6B6B,0x6B6B,0x6B6B,0x6B6B,0x6B6B,
	0x6B6B,0x6B6B,0x6B6B,0x6B6B,0x6B6B,0x6B6B,0x6B6B,0x6B6B,
	0x6B6B,0x6B6B,0x6B6B,0x6B6B,0x6B6B,0x6B6B,0x6B6B,0x6B6B,
	0x6B6B,0x6B6B,0x6B6B,0x6B6B,0x6B6B,0x6B6B,0x6B6B,0x6B6B,

	0x6B6B,0x6B6B,0x6B6B,0x6B6B,0x6B6B,0x6B6B,0x6B6B,0x6B6B,
	0x6B6B,0x6B6B,0x6B6B,0x6B6B,0x6B6B,0x6B6B,0x6B6B,0x6B6B,
	0x6B6B,0x6B6B,0x6B6B,0x6B6B,0x6B6B,0x6B6B,0x6B6B,0x6B6B,
	0x6B6B,0x6B6B,0x6B6B,0x6B6B,0x6B6B,0x6B6B,0x6B6B,0x6B6B,
	0x6B6B,0x6B6B,0x6B6B,0x6B6B,0x6B6B,0x6B6B,0x6B6B,0x9B6B,
	0x9B9B,0x899B,0xB92D,0xB73B,0xB7B7,0x5C10,0x5C5C,0x5C5C,
	0x1414,0x1414,0x1414,0x1414,0x1414,0x1414,0x1414,0xA314,
	0xA3A3,0xF0A3,0x9177,0x9191,0x9191,0x9191,0xA3F9,0x77F0,

	0xF0F0,0xF0F0,0xF0F0,0xF0F0,0xF0F0,0xA3A3,0xA3A3,0xA3A3,
	0x14A3,0xA314,0xA3A3,0x1414,0x1414,0x1414,0x1414,0x1414,
	0x1414,0xF0A3,0xA3DC,0x6B91,0x6B6B,0x6B6B,0x6B6B,0x6B6B,
	0x6B6B,0x6B6B,0x6B6B,0x6B6B,0x6B6B,0x6B6B,0x6B6B,0x6B6B,
	0x6B6B,0x6B6B,0x6B6B,0x6B6B,0x6B6B,0x6B6B,0x6B6B,0x6B6B,
	0x6B6B,0x6B6B,0x6B6B,0x6B6B,0x6B6B,0x6B6B,0x6B6B,0x6B6B,
	0x6B6B,0x6B6B,0x6B6B,0x6B6B,0x6B6B,0x6B6B,0x6B6B,0x6B6B,
	0x6B6B,0x6B6B,0x6B6B,0x6B6B,0x6B6B,0x6B6B,0x6B6B,0x6B6B,

	0x6B6B,0x6B6B,0x6B6B,0x6B6B,0x6B6B,0x6B6B,0x6B6B,0x6B6B,
	0x6B6B,0x6B6B,0x6B6B,0x6B6B,0x6B6B,0x6B6B,0x6B6B,0x6B6B,
	0x6B6B,0x6B6B,0x6B6B,0x6B6B,0x6B6B,0x6B6B,0x6B6B,0x6B6B,
	0x6B6B,0x6B6B,0x6B6B,0x6B6B,0x6B6B,0x6B6B,0x6B6B,0x9B6B,
	0x9B9B,0x899B,0x5189,0x5E10,0x5E5E,0x9898,0x9822,0x9898,
	0x9191,0x9191,0x1491,0x1414,0x1414,0x1414,0x1414,0x1414,
	0x1414,0xF014,0x9177,0x9191,0x9191,0x9191,0xF0F9,0xF0F0,
	0xF0F0,0xF0F0,0xF0F0,0xF0F0,0xA3A3,0xA3A3,0xA3A3,0x1414,

	0x14A3,0xA314,0xA3A3,0xA3A3,0xA3A3,0xA3A3,0x1414,0x1414,
	0x1414,0x1414,0x9114,0x6BED,0x6B6B,0x6B6B,0x6B6B,0x6B6B,
	0x6B6B,0x6B6B,0x6B6B,0x6B6B,0x6B6B,0x6B6B,0x6B6B,0x6B6B,
	0x6B6B,0x6B6B,0x6B6B,0x6B6B,0x6B6B,0x6B6B,0x6B6B,0x6B6B,
	0x6B6B,0x6B6B,0x6B6B,0x6B6B,0x6B6B,0x6B6B,0x6B6B,0x6B6B,
	0x6B6B,0x6B6B,0x6B6B,0x6B6B,0x6B6B,0x6B6B,0x6B6B,0x6B6B,
	0x6B6B,0x6B6B,0x6B6B,0x6B6B,0x6B6B,0x6B6B,0x6B6B,0x6B6B,
	0x6B6B,0x6B6B,0x6B6B,0x6B6B,0x6B6B,0x6B6B,0x6B6B,0x6B6B,

	0x6B6B,0x6B6B,0x6B6B,0x6B6B,0x6B6B,0x6B6B,0x6B6B,0x6B6B,
	0x6B6B,0x6B6B,0x6B6B,0x6B6B,0x6B6B,0x6B6B,0x6B6B,0x6B6B,
	0x6B6B,0x6B6B,0x6B6B,0x6B6B,0x6B6B,0x6B6B,0x6B6B,0x686B,
	0x6868,0x9B9B,0x7589,0xB0B7,0xB0B0,0xB0B0,0xB0B0,0xB0B0,
	0x0000,0x0000,0x0000,0x0000,0x0000,0x0000,0x0000,0x0000,
	0x0000,0x0000,0x0000,0x0000,0x0000,0x0000,0x0000,0x0000,
	0x0000,0x0000,0x0000,0x0000,0x0000,0x0000,0x0000,0x0000,
	0x0000,0x0000,0x0000,0x0000,0x0000,0x0000,0x0000,0x0000,

	0x0000,0x0000,0x0000,0x6B00,0x6B6B,0x6B6B,0x6B6B,0x6B6B,
	0x6B6B,0x6B6B,0x6B6B,0x6B6B,0x6B6B,0x6B6B,0x6B6B,0x6B6B,
	0x6B6B,0x6B6B,0x6B6B,0x6B6B,0x6B6B,0x6B6B,0x6B6B,0x6B6B,
	0x6B6B,0x6B6B,0x6B6B,0x6B6B,0x6B6B,0x6B6B,0x6B6B,0x6B6B,
	0x6B6B,0x6B6B,0x6B6B,0x6B6B,0x6B6B,0x6B6B,0x6B6B,0x6B6B,
	0x6B6B,0x6B6B,0x6B6B,0x6B6B,0x6B6B,0x6B6B,0x6B6B,0x6B6B,
	0x6B6B,0x6B6B,0x6B6B,0x6B6B,0x6B6B,0x6B6B,0x6B6B,0x6B6B,
	0x6B6B,0x6B6B,0x6B6B,0x6B6B,0x6B6B,0x6B6B,0x6B6B,0x6B6B,

	0x6B6B,0x6B6B,0x6B6B,0x6B6B,0x6B6B,0x6B6B,0x6B6B,0x6B6B,
	0x6B6B,0x6B6B,0x6B6B,0x6B6B,0x6B6B,0x6B6B,0x6B6B,0x006B,
	0x0000,0x0000,0x0000,0x0000,0x0000,0x0000,0x0000,0x0000,
	0x0000,0x0000,0x0000,0x0000,0x0000,0x0000,0x0000,0x0000,
	0x0000,0x0000,0x0000,0x0000,0x0000,0x0000,0x0000,0x0000,
	0x0000,0x0000,0x0000,0x0000,0x0000,0x0000,0x0000,0x0000,
	0x0000,0x0000,0x0000,0x0000,0x0000,0x0000,0x0000,0x0000,
	0x0000,0x0000,0x0000,0x6B00,0x6B6B,0x6B6B,0x6B6B,0x6B6B,

	0x6B6B,0x6B6B,0x6B6B,0x6B6B,0x6B6B,0x6B6B,0x6B6B,0x6B6B,
	0x6B6B,0x6B6B,0x6B6B,0x6B6B,0x6B6B,0x6B6B,0x6B6B,0x6B6B,
	0x6B6B,0x6B6B,0x6B6B,0x6B6B,0x6B6B,0x6B6B,0x6B6B,0x6B6B,
	0x6B6B,0x6B6B,0x6B6B,0x6B6B,0x6B6B,0x6B6B,0x6B6B,0x6B6B,
	0x6B6B,0x6B6B,0x6B6B,0x6B6B,0x6B6B,0x6B6B,0x6B6B,0x6B6B,
	0x6B6B,0x6B6B,0x6B6B,0x6B6B,0x6B6B,0x6B6B,0x6B6B,0x6B6B,
	0x6B6B,0x6B6B,0x6B6B,0x6B6B,0x6B6B,0x6B6B,0x6B6B,0x6B6B,
	0x6B6B,0x6B6B,0x6B6B,0x6B6B,0x6B6B,0x6B6B,0x6B6B,0x6B6B,

	0x6B6B,0x6B6B,0x6B6B,0x6B6B,0x6B6B,0x6B6B,0x6B6B,0x006B,
	0x0000,0x0000,0x0000,0x0000,0x0000,0x0000,0x0000,0x0000,
	0x0000,0x0000,0x0000,0x0000,0x0000,0x0000,0x0000,0x0000,
	0x0000,0x0000,0x0000,0x0000,0x0000,0x0000,0x0000,0x0000,
	0x0000,0x0000,0x0000,0x0000,0x0000,0x0000,0x0000,0x0000,
	0x0000,0x0000,0x0000,0x0000,0x0000,0x0000,0x0000,0x0000,
	0x0000,0x0000,0x0000,0x6B00,0x6B6B,0x6B6B,0x6B6B,0x6B6B,
	0x6B6B,0x6B6B,0x6B6B,0x6B6B,0x6B6B,0x6B6B,0x6B6B,0x6B6B,

	0x6B6B,0x6B6B,0x6B6B,0x6B6B,0x6B6B,0x6B6B,0x6B6B,0x6B6B,
	0x6B6B,0x6B6B,0x6B6B,0x6B6B,0x6B6B,0x6B6B,0x6B6B,0x6B6B,
	0x6B6B,0x6B6B,0x6B6B,0x6B6B,0x6B6B,0x6B6B,0x6B6B,0x6B6B,
	0x6B6B,0x6B6B,0x6B6B,0x6B6B,0x6B6B,0x6B6B,0x6B6B,0x6B6B,
	0x6B6B,0x6B6B,0x6B6B,0x6B6B,0x6B6B,0x6B6B,0x6B6B,0x6B6B,
	0x6B6B,0x6B6B,0x6B6B,0x6B6B,0x6B6B,0x6B6B,0x6B6B,0x6B6B,
	0x6B6B,0x6B6B,0x6B6B,0x6B6B,0x6B6B,0x6B6B,0x6B6B,0x6B6B,
	0x6B6B,0x6B6B,0x6B6B,0x6B6B,0x6B6B,0x6B6B,0x6B6B,0x006B,

	0x0000,0x0000,0x0000,0x0000,0x0000,0x0000,0x0000,0x0000,
	0x0000,0x0000,0x0000,0x0000,0x0000,0x0000,0x0000,0x0000,
	0x0000,0x0000,0x0000,0x0000,0x0000,0x0000,0x0000,0x0000,
	0x0000,0x0000,0x0000,0x0000,0x0000,0x0000,0x0000,0x0000,
	0x0000,0x0000,0x0000,0x0000,0x0000,0x0000,0x0000,0x0000,
	0x0000,0x0000,0x0000,0x6B00,0x6B6B,0x6B6B,0x6B6B,0x6B6B,
	0x6B6B,0x6B6B,0x6B6B,0x6B6B,0x6B6B,0x6B6B,0x6B6B,0x6B6B,
	0x6B6B,0x6B6B,0x6B6B,0x6B6B,0x6B6B,0x6B6B,0x6B6B,0x6B6B,

	0x6B6B,0x6B6B,0x6B6B,0x6B6B,0x6B6B,0x6B6B,0x6B6B,0x6B6B,
	0x6B6B,0x6B6B,0x6B6B,0x6B6B,0x6B6B,0x6B6B,0x6B6B,0x6B6B,
	0x6B6B,0x6B6B,0x6B6B,0x6B6B,0x6B6B,0x6B6B,0x6B6B,0x6B6B,
	0x6B6B,0x6B6B,0x6B6B,0x6B6B,0x6B6B,0x6B6B,0x6B6B,0x6B6B,
	0x6B6B,0x6B6B,0x6B6B,0x6B6B,0x6B6B,0x6B6B,0x6B6B,0x6B6B,
	0x6B6B,0x6B6B,0x6B6B,0x6B6B,0x6B6B,0x6B6B,0x6B6B,0x6B6B,
	0x6B6B,0x6B6B,0x6B6B,0x6B6B,0x6B6B,0x6B6B,0x6B6B,0x006B,
	0x0000,0x0000,0x0000,0x0000,0x0000,0x0000,0x0000,0x0000,
};

const unsigned short losePal[256] __attribute__((aligned(4)))=
{
	0x0000,0x11AD,0x2401,0x1B7B,0x4004,0x1DF4,0x0423,0x6B58,
	0x51B3,0x5091,0x2884,0x458A,0x04A5,0x0800,0x3CE5,0x520D,
	0x66D2,0x3B5A,0x2C00,0x24A7,0x1C02,0x31D3,0x40EA,0x7FFA,
	0x1400,0x5589,0x32B8,0x6CB8,0x3008,0x55F7,0x56F8,0x1C04,
	0x08A9,0x28AC,0x620C,0x5009,0x2463,0x677D,0x30A4,0x3D48,
	0x58EB,0x41AD,0x1402,0x4F70,0x60D0,0x2C05,0x1800,0x2064,
	0x2405,0x71F7,0x1000,0x3487,0x626F,0x5232,0x402B,0x658B,
	0x42D8,0x6EF3,0x18AA,0x6AD8,0x292A,0x2002,0x3012,0x3216,

	0x48C8,0x1403,0x7B98,0x3426,0x1AD7,0x2084,0x416A,0x5D31,
	0x579C,0x30C6,0x4230,0x31AD,0x508E,0x4DCB,0x4947,0x2485,
	0x2008,0x5E73,0x5278,0x50EE,0x1FFF,0x2467,0x2409,0x1001,
	0x30E7,0x1823,0x18CD,0x4DCD,0x5EF5,0x6EDA,0x59CB,0x0C43,
	0x2C69,0x6557,0x7B7D,0x4086,0x6E8D,0x0D09,0x352A,0x4D89,
	0x2403,0x0400,0x45B3,0x0C00,0x6E2D,0x3CE9,0x3406,0x4530,
	0x61D4,0x3507,0x1401,0x408B,0x2023,0x5A50,0x58E8,0x2004,
	0x2CA5,0x1C01,0x1C23,0x44EE,0x4B70,0x348B,0x1020,0x1673,

	0x34C5,0x2C63,0x4238,0x7756,0x7335,0x6E79,0x73DF,0x60B4,
	0x6954,0x2805,0x494B,0x61EC,0x5C0A,0x539C,0x6A73,0x3339,
	0x3046,0x1802,0x6AF4,0x637C,0x612E,0x2C07,0x0CC6,0x11F0,
	0x59CE,0x5619,0x5131,0x2803,0x2067,0x3409,0x2464,0x30A6,
	0x49D0,0x5168,0x1D09,0x1C03,0x624E,0x1804,0x7F1D,0x4739,
	0x571B,0x30A7,0x448D,0x34E6,0x34AE,0x6B38,0x1002,0x4548,
	0x596A,0x6277,0x1CA6,0x7BB9,0x2005,0x2D09,0x560D,0x5E91,
	0x45AB,0x5E74,0x1847,0x450B,0x294F,0x2F1B,0x1D4E,0x3403,

	0x394D,0x1AB5,0x2C84,0x7777,0x41CF,0x1421,0x4527,0x6AB0,
	0x6F9D,0x4008,0x761A,0x4E11,0x0C66,0x4653,0x0D4B,0x0C01,
	0x0CCB,0x1B19,0x7314,0x3D27,0x384A,0x3928,0x5D35,0x29B0,
	0x28A5,0x5253,0x475A,0x1B9D,0x2424,0x6DCB,0x5213,0x2CC6,
	0x4106,0x4088,0x74BA,0x6AD2,0x3D4D,0x2F18,0x6B3B,0x2425,
	0x3006,0x4299,0x61F7,0x34E8,0x554E,0x1801,0x50A8,0x3234,
	0x2003,0x494E,0x4F7B,0x34A4,0x4534,0x59AA,0x1422,0x6690,
	0x3278,0x1803,0x6DD4,0x1084,0x2001,0x2C03,0x34CB,0x4968,
};

//}}BLOCK(lose)
