
//{{BLOCK(parallaxtileset)

//======================================================================
//
//	parallaxtileset, 256x176@8, 
//	+ palette 256 entries, not compressed
//	+ 704 tiles not compressed
//	Total size: 512 + 45056 = 45568
//
//	Time-stamp: 2025-04-30, 01:58:42
//	Exported by Cearn's GBA Image Transmogrifier, v0.8.3
//	( http://www.coranac.com/projects/#grit )
//
//======================================================================

const unsigned short parallaxtilesetTiles[22528] __attribute__((aligned(4)))=
{
	0x6565,0x6565,0x6565,0x6565,0x6565,0x6565,0x6565,0x6565,
	0x6565,0x6565,0x6565,0x6565,0x6565,0x6565,0x6565,0x6565,
	0x6565,0x6565,0x6565,0x6565,0x6565,0x6565,0x6565,0x6565,
	0x6565,0x6565,0x6565,0x6565,0x6565,0x6565,0x6565,0x6565,
	0x6565,0x6565,0x6565,0x6565,0x6565,0x6565,0x6565,0x6565,
	0x6565,0x6565,0x6565,0x6565,0x6565,0x6565,0x6565,0x6565,
	0x6565,0x6565,0x6565,0x6565,0x6565,0x6565,0x6565,0x6565,
	0x6565,0x6565,0x6565,0x6565,0x6565,0x6565,0x6565,0x6565,

	0x6565,0x6565,0x6565,0x6565,0x6565,0x6565,0x6565,0x6565,
	0x6565,0x6565,0x6565,0x6565,0x6565,0x6565,0x6565,0x6565,
	0x6565,0x6565,0x6565,0x6565,0x6565,0x6565,0x6565,0x6565,
	0x6565,0x6565,0x6565,0x6565,0x6565,0x6565,0x6565,0x6565,
	0x6565,0x6565,0x6565,0x6565,0x6565,0x6565,0x6565,0x6565,
	0x6565,0x6565,0x6565,0x6565,0x6565,0x6565,0x6565,0x6565,
	0x6565,0x6565,0x6565,0x6565,0x6565,0x6565,0x6565,0x6565,
	0x6565,0x6565,0x6565,0x6565,0x6565,0x6565,0x6565,0x6565,

	0x6565,0x6565,0x6565,0x6565,0x6565,0x6565,0x6565,0x6565,
	0x6565,0x6565,0x6565,0x6565,0x6565,0x6565,0x6565,0x6565,
	0x6565,0x6565,0x6565,0x6565,0x6565,0x6565,0x6565,0x6565,
	0x6565,0x6565,0x6565,0x6565,0x6565,0x6565,0x6565,0x6565,
	0x6565,0x6565,0x6565,0x6565,0x6565,0x6565,0x6565,0x6565,
	0x6565,0x6565,0x6565,0x6565,0x6565,0x6565,0x6565,0x6565,
	0x6565,0x6565,0x6565,0x6565,0x6565,0x6565,0x6565,0x6565,
	0x6565,0x6565,0x6565,0x6565,0x6565,0x6565,0x6565,0x6565,

	0x6565,0x6565,0x6565,0x6565,0x6565,0x6565,0x6565,0x6565,
	0x6565,0x6565,0x6565,0x6565,0x6565,0x6565,0x6565,0x6565,
	0x6565,0x6565,0x6565,0x6565,0x6565,0x6565,0x6565,0x6565,
	0x6565,0x6565,0x6565,0x7621,0x6565,0x6565,0x7665,0x6676,
	0x6565,0x6565,0x6565,0x6565,0x6565,0x6565,0x6565,0x6565,
	0x6565,0x6565,0x6565,0x6565,0x6565,0x6565,0x7665,0x7676,
	0x6565,0x7676,0x7676,0x1F13,0x7665,0x5B76,0x5C66,0x6565,
	0x6876,0x6566,0x6565,0x6565,0x6566,0x6565,0x6565,0x6565,

	0x6565,0x6565,0x6565,0x6565,0x6565,0x6565,0x6565,0x6565,
	0x6665,0x6666,0x6565,0x6565,0x6666,0x6565,0x6565,0x6565,
	0x6565,0x6565,0x6565,0x6565,0x6565,0x6565,0x6565,0x6565,
	0x6565,0x6565,0x6565,0x6565,0x6565,0x6565,0x6565,0x6565,
	0x6565,0x6565,0x6565,0x6565,0x6565,0x6565,0x6565,0x6565,
	0x6565,0x6565,0x6565,0x6565,0x6565,0x6565,0x6565,0x6565,
	0x6565,0x6565,0x6565,0x6565,0x6565,0x6565,0x6565,0x6565,
	0x6565,0x6565,0x6565,0x6565,0x6565,0x6565,0x6565,0x6565,

	0x6565,0x6565,0x0065,0x0000,0x6565,0x6565,0x0065,0x0000,
	0x6565,0x6565,0x0065,0x0000,0x6565,0x6565,0x0065,0x0000,
	0x6565,0x6565,0x0065,0x0000,0x6565,0x6565,0x0065,0x0000,
	0x6565,0x6565,0x0065,0x0000,0x6565,0x6565,0x0065,0x0000,
	0x0000,0x0000,0x0000,0x0000,0x0000,0x0000,0x0000,0x0000,
	0x0000,0x0000,0x0000,0x0000,0x0000,0x0000,0x0000,0x0000,
	0x0000,0x0000,0x0000,0x0000,0x0000,0x0000,0x0000,0x0000,
	0x0000,0x0000,0x0000,0x0000,0x0000,0x0000,0x0000,0x0000,

	0x0000,0x0000,0x0000,0x0000,0x0000,0x0000,0x0000,0x0000,
	0x0000,0x0000,0x0000,0x0000,0x0000,0x0000,0x0000,0x0000,
	0x0000,0x0000,0x0000,0x0000,0x0000,0x0000,0x0000,0x0000,
	0x0000,0x0000,0x0000,0x0000,0x0000,0x0000,0x0000,0x0000,
	0x0000,0x0000,0x0000,0x0000,0x0000,0x0000,0x0000,0x0000,
	0x0000,0x0000,0x0000,0x0000,0x0000,0x0000,0x0000,0x0000,
	0x0000,0x0000,0x0000,0x0000,0x0000,0x0000,0x0000,0x0000,
	0x0000,0x0000,0x0000,0x0000,0x0000,0x0000,0x0000,0x0000,

	0x0000,0x0000,0x0000,0x0000,0x0000,0x0000,0x0000,0x0000,
	0x0000,0x0000,0x0000,0x0000,0x0000,0x0000,0x0000,0x0000,
	0x0000,0x0000,0x0000,0x0000,0x0000,0x0000,0x0000,0x0000,
	0x0000,0x0000,0x0000,0x0000,0x0000,0x0000,0x0000,0x0000,
	0x0000,0x0000,0x0000,0x0000,0x0000,0x0000,0x0000,0x0000,
	0x0000,0x0000,0x0000,0x0000,0x0000,0x0000,0x0000,0x0000,
	0x0000,0x0000,0x0000,0x0000,0x0000,0x0000,0x0000,0x0000,
	0x0000,0x0000,0x0000,0x0000,0x0000,0x0000,0x0000,0x0000,

	0x0000,0x0000,0x0000,0x0000,0x0000,0x0000,0x0000,0x0000,
	0x0000,0x0000,0x0000,0x0000,0x0000,0x0000,0x0000,0x0000,
	0x0000,0x0000,0x0000,0x0000,0x0000,0x0000,0x0000,0x0000,
	0x0000,0x0000,0x0000,0x0000,0x0000,0x0000,0x0000,0x0000,
	0x0000,0x0000,0x0000,0x0000,0x0000,0x0000,0x0000,0x0000,
	0x0000,0x0000,0x0000,0x0000,0x0000,0x0000,0x0000,0x0000,
	0x0000,0x0000,0x0000,0x0000,0x0000,0x0000,0x0000,0x0000,
	0x0000,0x0000,0x0000,0x0000,0x0000,0x0000,0x0000,0x0000,

	0x0000,0x0000,0x0000,0x0000,0x0000,0x0000,0x0000,0x0000,
	0x0000,0x0000,0x0000,0x0000,0x0000,0x0000,0x0000,0x0000,
	0x0000,0x0000,0x0000,0x0000,0x0000,0x0000,0x0000,0x0000,
	0x0000,0x0000,0x0000,0x0000,0x0000,0x0000,0x0000,0x0000,
	0x0000,0x0000,0x0000,0x0000,0x0000,0x0000,0x0000,0x0000,
	0x0000,0x0000,0x0000,0x0000,0x0000,0x0000,0x0000,0x0000,
	0x0000,0x0000,0x0000,0x0000,0x0000,0x0000,0x0000,0x0000,
	0x0000,0x0000,0x0000,0x0000,0x0000,0x0000,0x0000,0x0000,

	0x0000,0x0000,0x0000,0x0000,0x0000,0x0000,0x0000,0x0000,
	0x0000,0x0000,0x0000,0x0000,0x0000,0x0000,0x0000,0x0000,
	0x0000,0x0000,0x0000,0x0000,0x0000,0x0000,0x0000,0x0000,
	0x0000,0x0000,0x0000,0x0000,0x0000,0x726D,0x7272,0x0067,
	0x0000,0x0000,0x0000,0x0000,0x0000,0x0000,0x0000,0x0000,
	0x0000,0x0000,0x0000,0x0000,0x0000,0x0000,0x0000,0x0000,
	0x0000,0x0000,0x0000,0x0000,0x0000,0x0000,0x0000,0x0000,
	0x0000,0x0000,0x0000,0x0000,0x0000,0x0000,0x0000,0x0000,

	0x0000,0x0000,0x0000,0x0000,0x0000,0x0000,0x0000,0x0000,
	0x0000,0x0000,0x0000,0x0000,0x0000,0x0000,0x0000,0x0000,
	0x0000,0x0000,0x0000,0x0000,0x0000,0x0000,0x0000,0x0000,
	0x0000,0x0000,0x0000,0x0000,0x0000,0x0000,0x0000,0x0000,
	0x0000,0x0000,0x0000,0x0000,0x0000,0x0000,0x0000,0x0000,
	0x0000,0x0000,0x0000,0x0000,0x0000,0x0000,0x0000,0x0000,
	0x0000,0x0000,0x0000,0x0000,0x0000,0x0000,0x0000,0x0000,
	0x0000,0x0000,0x0000,0x0000,0x0000,0x0000,0x0000,0x0000,

	0x0000,0x0000,0x0000,0x0000,0x0000,0x0000,0x0000,0x0000,
	0x0000,0x0000,0x0000,0x0000,0x0000,0x0000,0x0000,0x0000,
	0x0000,0x0000,0x0000,0x0000,0x0000,0x0000,0x0000,0x0000,
	0x0000,0x0000,0x0000,0x0000,0x0000,0x0000,0x0000,0x0000,
	0x0000,0x0000,0x0000,0x0000,0x0000,0x0000,0x0000,0x0000,
	0x0000,0x0000,0x0000,0x0000,0x0000,0x0000,0x0000,0x0000,
	0x0000,0x0000,0x0000,0x0000,0x0000,0x0000,0x0000,0x0000,
	0x0000,0x0000,0x0000,0x0000,0x0000,0x0000,0x0000,0x4D00,

	0x0000,0x0000,0x0000,0x0000,0x0000,0x0000,0x0000,0x0000,
	0x0000,0x0000,0x0000,0x0000,0x0000,0x0000,0x0000,0x0000,
	0x0000,0x0000,0x0000,0x0000,0x0000,0x0000,0x0000,0x0000,
	0x0000,0x0000,0x0000,0x0000,0x6E0E,0x002F,0x0000,0x0000,
	0x0000,0x0000,0x0000,0x0000,0x0000,0x0000,0x0000,0x0000,
	0x0000,0x0000,0x0000,0x0000,0x0000,0x0000,0x0000,0x0000,
	0x0000,0x0000,0x0000,0x0000,0x0000,0x0000,0x0000,0x0000,
	0x0000,0x0000,0x0000,0x0000,0x0000,0x0000,0x0000,0x0000,

	0x0000,0x0000,0x0000,0x0000,0x0000,0x0000,0x0000,0x0000,
	0x0000,0x0000,0x0000,0x0000,0x0000,0x0000,0x0000,0x0000,
	0x0000,0x0000,0x0000,0x0000,0x0000,0x0000,0x0000,0x0000,
	0x0000,0x0000,0x0000,0x0000,0x0000,0x0000,0x0000,0x0000,
	0x0000,0x0000,0x0000,0x0000,0x0000,0x0000,0x0000,0x0000,
	0x0000,0x0000,0x0000,0x0000,0x0000,0x0000,0x0000,0x0000,
	0x0000,0x0000,0x0000,0x0000,0x0000,0x0000,0x0000,0x0000,
	0x0000,0x0000,0x0000,0x0000,0x0000,0x0000,0x0000,0x0000,

	0x0000,0x0000,0x0000,0x0000,0x0000,0x0000,0x0000,0x0000,
	0x0000,0x0000,0x0000,0x0000,0x0000,0x0000,0x0000,0x0000,
	0x0000,0x0000,0x0000,0x0000,0x0000,0x0000,0x0000,0x0000,
	0x0000,0x0000,0x0000,0x0000,0x0000,0x0000,0x0000,0x0000,
	0x0000,0x0000,0x0000,0x0000,0x0000,0x0000,0x0000,0x0000,
	0x0000,0x0000,0x0000,0x0000,0x0000,0x0000,0x0000,0x0000,
	0x0000,0x0000,0x0000,0x0000,0x0000,0x0000,0x0000,0x0000,
	0x0000,0x0000,0x0000,0x0000,0x0000,0x0000,0x0000,0x0000,

	0x6565,0x6565,0x6565,0x6565,0x6565,0x6565,0x6565,0x6565,
	0x6565,0x6565,0x6565,0x6565,0x6565,0x6565,0x6565,0x6565,
	0x6565,0x6565,0x6565,0x6565,0x6565,0x6565,0x6565,0x6565,
	0x6565,0x6565,0x6565,0x6565,0x6565,0x6565,0x6565,0x6565,
	0x6565,0x6565,0x6565,0x6565,0x6565,0x6565,0x6565,0x6565,
	0x6565,0x6565,0x6565,0x6565,0x6565,0x6565,0x6565,0x6565,
	0x6565,0x6565,0x6565,0x6565,0x6565,0x6565,0x6565,0x6565,
	0x6565,0x6565,0x6565,0x6565,0x6565,0x6565,0x6565,0x6565,

	0x6565,0x6565,0x6565,0x6565,0x6565,0x6565,0x6565,0x6565,
	0x6565,0x6565,0x6565,0x6565,0x6565,0x6565,0x6565,0x6565,
	0x6565,0x6565,0x6565,0x6565,0x6565,0x6565,0x6565,0x6565,
	0x6565,0x6565,0x6565,0x6565,0x6565,0x6565,0x6565,0x6565,
	0x6565,0x6565,0x6565,0x6565,0x6565,0x6565,0x6565,0x6565,
	0x6565,0x6565,0x6565,0x6565,0x6565,0x6565,0x6565,0x6565,
	0x6565,0x6565,0x6565,0x6565,0x6565,0x6565,0x6565,0x6565,
	0x6565,0x6565,0x6565,0x6565,0x6565,0x6565,0x6565,0x6565,

	0x6565,0x6565,0x6565,0x6565,0x6565,0x6565,0x6565,0x6565,
	0x6565,0x6565,0x6565,0x6565,0x6565,0x6565,0x6565,0x6565,
	0x6565,0x6565,0x6565,0x6565,0x6565,0x6565,0x6565,0x6565,
	0x6565,0x6565,0x6565,0x6565,0x6565,0x6565,0x6565,0x6565,
	0x6565,0x6565,0x6565,0x6565,0x6565,0x6565,0x6565,0x6565,
	0x6565,0x6565,0x6565,0x6565,0x6565,0x6565,0x6565,0x6865,
	0x6565,0x6565,0x3565,0x763C,0x6565,0x6565,0x7665,0x655B,
	0x6565,0x6665,0x7676,0x6565,0x6565,0x7666,0x655B,0x6565,

	0x6565,0x7665,0x6976,0x6566,0x6565,0x763C,0x6613,0x6565,
	0x7676,0x665B,0x6565,0x6565,0x4B76,0x6565,0x6565,0x6565,
	0x6547,0x6565,0x6565,0x6565,0x6565,0x6565,0x6565,0x6565,
	0x6565,0x6565,0x6565,0x6565,0x6565,0x6565,0x6565,0x6565,
	0x6565,0x6565,0x6565,0x6565,0x6565,0x6565,0x6565,0x6565,
	0x6565,0x6565,0x6565,0x6565,0x6565,0x6565,0x6565,0x6565,
	0x6565,0x6565,0x6565,0x6565,0x6565,0x6565,0x6565,0x6565,
	0x6565,0x6565,0x6565,0x6565,0x6565,0x6565,0x6565,0x6565,

	0x6565,0x6565,0x6565,0x6565,0x6565,0x6565,0x6565,0x6565,
	0x6565,0x6565,0x6565,0x6565,0x6565,0x6565,0x6565,0x6565,
	0x6565,0x6565,0x6565,0x6565,0x6565,0x6565,0x6565,0x6565,
	0x6565,0x6565,0x6565,0x6565,0x6565,0x6565,0x6565,0x6565,
	0x6565,0x6565,0x6565,0x6565,0x6565,0x6565,0x6565,0x6565,
	0x6565,0x6565,0x6565,0x6565,0x6565,0x6565,0x6565,0x6565,
	0x6565,0x6565,0x6565,0x6565,0x6565,0x6565,0x6565,0x6565,
	0x6565,0x6565,0x6565,0x6565,0x6565,0x6565,0x6565,0x6565,

	0x6565,0x6565,0x0065,0x0000,0x6565,0x6565,0x0065,0x0000,
	0x6565,0x6565,0x0065,0x0000,0x6565,0x6565,0x0065,0x0000,
	0x6565,0x6565,0x0065,0x0000,0x6565,0x6565,0x0065,0x0000,
	0x6565,0x6565,0x0065,0x0000,0x6565,0x6565,0x0065,0x0000,
	0x0000,0x0000,0x0000,0x0000,0x0000,0x0000,0x0000,0x0000,
	0x0000,0x0000,0x0000,0x0000,0x0000,0x0000,0x0000,0x0000,
	0x0000,0x0000,0x0000,0x0000,0x0000,0x0000,0x0000,0x0000,
	0x0000,0x0000,0x0000,0x0000,0x0000,0x0000,0x0000,0x0000,

	0x0000,0x0000,0x0000,0x0000,0x0000,0x0000,0x0000,0x0000,
	0x0000,0x0000,0x0000,0x0000,0x0000,0x0000,0x0000,0x0000,
	0x0000,0x0000,0x0000,0x0000,0x0000,0x0000,0x0000,0x0000,
	0x0000,0x0000,0x0000,0x0000,0x0000,0x0000,0x0000,0x0000,
	0x0000,0x0000,0x0000,0x0000,0x0000,0x0000,0x0000,0x0000,
	0x0000,0x0000,0x0000,0x0000,0x0000,0x0000,0x0000,0x0000,
	0x0000,0x0000,0x0000,0x0000,0x0000,0x0000,0x0000,0x0000,
	0x0000,0x0000,0x0000,0x0000,0x0000,0x0000,0x0000,0x0000,

	0x0000,0x0000,0x0000,0x0000,0x0000,0x0000,0x0000,0x0000,
	0x0000,0x0000,0x0000,0x0000,0x0000,0x0000,0x0000,0x0000,
	0x0000,0x0000,0x0000,0x0000,0x0000,0x0000,0x0000,0x0000,
	0x0000,0x0000,0x0000,0x0000,0x0000,0x0000,0x0000,0x0000,
	0x0000,0x0000,0x0000,0x0000,0x0000,0x0000,0x0000,0x0000,
	0x0000,0x0000,0x0000,0x0000,0x0000,0x0000,0x0000,0x0000,
	0x0000,0x0000,0x0000,0x0000,0x0000,0x0000,0x0000,0x0000,
	0x0000,0x0000,0x0000,0x0000,0x0000,0x0000,0x0000,0x0000,

	0x0000,0x0000,0x0000,0x0000,0x0000,0x0000,0x0000,0x0000,
	0x0000,0x0000,0x0000,0x0000,0x0000,0x0000,0x0000,0x0000,
	0x0000,0x0000,0x0000,0x0000,0x0000,0x0000,0x0000,0x0000,
	0x0000,0x0000,0x0000,0x0000,0x0000,0x0000,0x0000,0x0000,
	0x0000,0x0000,0x0000,0x0000,0x0000,0x0000,0x0000,0x0000,
	0x0000,0x0000,0x0000,0x0000,0x0000,0x0000,0x0000,0x0000,
	0x0000,0x0000,0x0000,0x1900,0x0000,0x0000,0x0000,0x726D,
	0x0000,0x0000,0x4000,0x1972,0x0000,0x0000,0x7200,0x1919,

	0x0000,0x0000,0x0000,0x0000,0x0000,0x0000,0x0000,0x0000,
	0x0000,0x0000,0x326E,0x0F32,0x4A00,0x7272,0x1927,0x1919,
	0x6D0F,0x1919,0x1919,0x1919,0x1967,0x1919,0x1919,0x1919,
	0x1919,0x1919,0x4A19,0x7272,0x1919,0x1919,0x7219,0x1919,
	0x0000,0x0000,0x0000,0x0000,0x0000,0x0000,0x0000,0x0000,
	0x6D32,0x003F,0x1900,0x1919,0x6E19,0x3272,0x1919,0x1919,
	0x1919,0x1919,0x1919,0x1919,0x1919,0x1919,0x1919,0x1919,
	0x196E,0x1919,0x1919,0x1919,0x1919,0x1919,0x1919,0x1919,

	0x6D00,0x196E,0x4A19,0x3272,0x323D,0x1919,0x1919,0x7219,
	0x1919,0x1919,0x4D19,0x1972,0x1919,0x1919,0x4A19,0x1919,
	0x1919,0x1919,0x196D,0x1919,0x1919,0x1919,0x1919,0x1919,
	0x6719,0x1967,0x1910,0x1919,0x6767,0x194D,0x194D,0x1919,
	0x0000,0x0000,0x0000,0x0000,0x7272,0x0000,0x0000,0x0000,
	0x1919,0x7272,0x0000,0x0000,0x1919,0x7219,0x0000,0x0000,
	0x1919,0x6719,0x0000,0x0000,0x1919,0x7267,0x0000,0x0000,
	0x1919,0x0072,0x0000,0x0000,0x6D19,0x0000,0x0000,0x0000,

	0x0000,0x0000,0x0000,0x0000,0x0000,0x0000,0x0000,0x0000,
	0x0000,0x0000,0x0000,0x0000,0x0000,0x0000,0x0000,0x0000,
	0x0000,0x0000,0x0000,0x0000,0x0000,0x0000,0x0000,0x0000,
	0x0000,0x0000,0x0000,0x0000,0x0000,0x0000,0x0000,0x0000,
	0x0000,0x0000,0x0000,0x0000,0x0000,0x0000,0x0000,0x0000,
	0x0000,0x0000,0x0000,0x0000,0x0000,0x0000,0x0000,0x0000,
	0x0000,0x0000,0x0000,0x0000,0x0000,0x0000,0x0000,0x0000,
	0x0000,0x0000,0x0000,0x0000,0x0000,0x0000,0x0000,0x0000,

	0x0000,0x0000,0x0000,0x0000,0x0000,0x0000,0x0000,0x0000,
	0x0000,0x0000,0x0000,0x1900,0x0000,0x0000,0x0000,0x7219,
	0x0000,0x0000,0x3B00,0x1972,0x0000,0x0000,0x7200,0x1919,
	0x0000,0x0000,0x6D6E,0x1919,0x0000,0x0000,0x1972,0x1919,
	0x0000,0x6D19,0x7272,0x6D32,0x3200,0x1972,0x1919,0x1919,
	0x7072,0x1919,0x4219,0x3737,0x1919,0x375E,0x3737,0x3737,
	0x3719,0x3715,0x1937,0x1919,0x5E34,0x3737,0x1944,0x1919,
	0x3744,0x195F,0x1919,0x1919,0x1919,0x1919,0x1919,0x1919,

	0x0E4A,0x7272,0x0019,0x0000,0x1919,0x1919,0x4D72,0x0000,
	0x3737,0x5337,0x7219,0x0032,0x3715,0x1937,0x1919,0x6772,
	0x1919,0x1919,0x1919,0x7219,0x1919,0x1919,0x1919,0x4D19,
	0x1919,0x0E19,0x3270,0x194A,0x724D,0x4A32,0x1919,0x7232,
	0x0000,0x0000,0x0000,0x0000,0x0000,0x0000,0x0000,0x0000,
	0x0000,0x0000,0x0000,0x0000,0x0000,0x0000,0x0000,0x0000,
	0x0019,0x0000,0x0000,0x0000,0x006D,0x0000,0x0000,0x0000,
	0x0072,0x0000,0x0000,0x0000,0x7272,0x0000,0x0000,0x0000,

	0x0000,0x0000,0x0000,0x0000,0x0000,0x0000,0x0000,0x0000,
	0x0000,0x0000,0x0000,0x0000,0x0000,0x0000,0x0000,0x0000,
	0x0000,0x0000,0x0000,0x0000,0x0000,0x0000,0x0000,0x0000,
	0x0000,0x0000,0x0000,0x0000,0x0000,0x0000,0x0000,0x0000,
	0x0000,0x0000,0x0000,0x0000,0x0000,0x0000,0x0000,0x0000,
	0x0000,0x0000,0x0000,0x0000,0x0000,0x0000,0x0000,0x0000,
	0x0000,0x0000,0x0000,0x0000,0x0000,0x0000,0x0000,0x0000,
	0x0000,0x0000,0x0000,0x0000,0x0000,0x0000,0x0000,0x0000,

	0x0000,0x0000,0x0000,0x0000,0x0000,0x0000,0x0000,0x0000,
	0x0000,0x0000,0x0000,0x0000,0x0000,0x0000,0x0000,0x0000,
	0x0000,0x0000,0x0000,0x0000,0x0000,0x0000,0x0000,0x0000,
	0x0000,0x0000,0x0000,0x0000,0x0000,0x0000,0x0000,0x0000,
	0x0000,0x0000,0x0000,0x0000,0x0000,0x0000,0x0000,0x0000,
	0x0000,0x0000,0x0000,0x0000,0x0000,0x0000,0x0000,0x0000,
	0x0000,0x0000,0x0000,0x0000,0x0000,0x0000,0x0000,0x0000,
	0x0000,0x0000,0x0000,0x0000,0x0000,0x0000,0x0000,0x0000,

	0x6565,0x6565,0x6565,0x6565,0x6565,0x6565,0x6565,0x6565,
	0x6565,0x6565,0x6565,0x6565,0x6565,0x6565,0x6565,0x6565,
	0x6565,0x6565,0x6565,0x6565,0x6565,0x6565,0x6565,0x6565,
	0x6565,0x6565,0x6565,0x6565,0x6565,0x6565,0x6565,0x6565,
	0x6565,0x6565,0x6565,0x6565,0x6565,0x6565,0x6565,0x6565,
	0x6565,0x6565,0x6565,0x6565,0x6565,0x6565,0x6565,0x6565,
	0x6565,0x6565,0x6565,0x6565,0x6565,0x6565,0x6565,0x6565,
	0x6565,0x6565,0x6565,0x6565,0x6565,0x6565,0x6565,0x6565,

	0x6565,0x6565,0x6565,0x6565,0x6565,0x6565,0x6565,0x6565,
	0x6565,0x6565,0x6565,0x6565,0x6565,0x6565,0x6565,0x6565,
	0x6565,0x6565,0x6565,0x6565,0x6565,0x6565,0x6565,0x6565,
	0x6565,0x6565,0x6565,0x6565,0x6565,0x6565,0x6565,0x6565,
	0x6565,0x6565,0x6565,0x6565,0x6565,0x6565,0x6565,0x6565,
	0x6565,0x6565,0x6565,0x6565,0x6565,0x6565,0x6565,0x6565,
	0x6565,0x6565,0x6565,0x6565,0x6565,0x6565,0x6565,0x6565,
	0x6565,0x6565,0x6565,0x6565,0x6565,0x6565,0x6565,0x6565,

	0x6565,0x6565,0x6565,0x6565,0x6565,0x6565,0x6565,0x6565,
	0x6565,0x6565,0x6565,0x0665,0x6565,0x6565,0x6565,0x7666,
	0x6565,0x6565,0x6565,0x5B3C,0x6565,0x6565,0x4B65,0x6576,
	0x6565,0x6565,0x7676,0x6565,0x6565,0x6565,0x5B36,0x6565,
	0x1365,0x7676,0x6565,0x6565,0x7666,0x6576,0x6565,0x6565,
	0x7676,0x6565,0x6565,0x6565,0x6576,0x6565,0x6565,0x6565,
	0x6565,0x6565,0x6565,0x6565,0x6565,0x6565,0x6565,0x6565,
	0x6565,0x6565,0x6565,0x6565,0x6565,0x6565,0x6165,0x1B48,

	0x6565,0x6565,0x6565,0x6565,0x6565,0x6565,0x6565,0x6565,
	0x6565,0x6565,0x6565,0x6565,0x6565,0x6565,0x6565,0x6565,
	0x6565,0x6565,0x6565,0x6565,0x6565,0x6565,0x6565,0x6565,
	0x6565,0x6565,0x6565,0x6565,0x1B1B,0x1B6C,0x6565,0x6565,
	0x6565,0x6565,0x6565,0x6565,0x6565,0x6565,0x6565,0x6565,
	0x6565,0x6565,0x6565,0x6565,0x6565,0x6565,0x6565,0x6565,
	0x6565,0x6565,0x6565,0x6565,0x6565,0x6565,0x6565,0x6565,
	0x6565,0x6565,0x6565,0x6565,0x6565,0x6565,0x6565,0x6565,

	0x6565,0x6565,0x6565,0x6565,0x6565,0x6565,0x6565,0x6565,
	0x6565,0x6565,0x6565,0x6565,0x6565,0x6565,0x6565,0x6565,
	0x6565,0x6565,0x6565,0x6565,0x6565,0x6565,0x6565,0x6565,
	0x6565,0x6565,0x6565,0x6565,0x6565,0x6565,0x6565,0x6565,
	0x6565,0x6565,0x6565,0x6565,0x6565,0x6565,0x6565,0x6565,
	0x6565,0x6565,0x6565,0x6565,0x6565,0x6565,0x6565,0x6565,
	0x6565,0x6565,0x6565,0x6565,0x6565,0x6565,0x6565,0x6565,
	0x6565,0x6565,0x6565,0x6565,0x6565,0x6565,0x6565,0x6565,

	0x6565,0x6565,0x0065,0x0000,0x6565,0x6565,0x0065,0x0000,
	0x6565,0x6565,0x0065,0x0000,0x6565,0x6565,0x0065,0x0000,
	0x6565,0x6565,0x0065,0x0000,0x6565,0x6565,0x0065,0x0000,
	0x6565,0x6565,0x0065,0x0000,0x6565,0x6565,0x0065,0x0000,
	0x0000,0x0000,0x0000,0x0000,0x0000,0x0000,0x0000,0x0000,
	0x0000,0x0000,0x0000,0x0000,0x0000,0x0000,0x0000,0x0000,
	0x0000,0x0000,0x0000,0x0000,0x0000,0x0000,0x0000,0x0000,
	0x0000,0x0000,0x0000,0x0000,0x0000,0x0000,0x0000,0x0000,

	0x0000,0x0000,0x0000,0x0000,0x0000,0x0000,0x0000,0x0000,
	0x0000,0x0000,0x0000,0x0000,0x0000,0x0000,0x0000,0x0000,
	0x0000,0x0000,0x0000,0x0000,0x0000,0x0000,0x0000,0x0000,
	0x0000,0x0000,0x0000,0x0000,0x0000,0x0000,0x0000,0x0000,
	0x0000,0x0000,0x0000,0x0000,0x0000,0x0000,0x0000,0x0000,
	0x0000,0x0000,0x0000,0x0000,0x0000,0x0000,0x0000,0x0000,
	0x0000,0x0000,0x0000,0x0000,0x0000,0x0000,0x0000,0x0000,
	0x0000,0x0000,0x0000,0x0000,0x0000,0x0000,0x0000,0x0000,

	0x0000,0x0000,0x0000,0x0000,0x0000,0x0000,0x0000,0x0000,
	0x0000,0x0000,0x0000,0x0000,0x0000,0x0000,0x0000,0x0000,
	0x0000,0x0000,0x0000,0x0000,0x0000,0x0000,0x0000,0x0000,
	0x0000,0x0000,0x0000,0x0000,0x0000,0x0000,0x0000,0x0000,
	0x0000,0x0000,0x0000,0x0000,0x0000,0x0000,0x0000,0x0000,
	0x0000,0x0000,0x0000,0x0000,0x0000,0x0000,0x0000,0x0000,
	0x0000,0x0000,0x0000,0x0000,0x0000,0x0000,0x0000,0x0000,
	0x0000,0x0000,0x0000,0x0000,0x0000,0x0000,0x0000,0x0000,

	0x0000,0x0000,0x0000,0x0000,0x0000,0x0000,0x0000,0x0000,
	0x0000,0x0000,0x0000,0x6700,0x0000,0x0000,0x1900,0x7272,
	0x0000,0x0000,0x3200,0x1919,0x0000,0x0000,0x3200,0x1919,
	0x0000,0x0000,0x0E72,0x1919,0x0000,0x0000,0x3200,0x1919,
	0x0000,0x0000,0x6D32,0x1919,0x0000,0x0000,0x2772,0x1919,
	0x3270,0x0040,0x6D72,0x1919,0x194D,0x726E,0x3272,0x1919,
	0x1919,0x1919,0x7219,0x1932,0x1919,0x1919,0x7219,0x4032,
	0x1919,0x1919,0x4D19,0x0F32,0x1919,0x1919,0x1919,0x6D6D,

	0x1919,0x1919,0x6D19,0x1919,0x1919,0x1919,0x0E19,0x1919,
	0x1919,0x1919,0x1919,0x1919,0x1919,0x1919,0x1919,0x1919,
	0x1919,0x1919,0x1919,0x1919,0x1919,0x1919,0x1919,0x1919,
	0x1919,0x1919,0x1919,0x1919,0x1919,0x1919,0x1919,0x1919,
	0x1919,0x1919,0x1919,0x1919,0x1919,0x4D19,0x1919,0x1919,
	0x1919,0x1919,0x1919,0x1919,0x1919,0x1919,0x1919,0x1919,
	0x1919,0x1919,0x1919,0x1919,0x1919,0x1919,0x1919,0x1919,
	0x1919,0x1919,0x1919,0x1919,0x1919,0x1919,0x1919,0x1919,

	0x1919,0x1919,0x6E27,0x1040,0x1919,0x1919,0x1919,0x4D19,
	0x1919,0x1919,0x1919,0x7219,0x1919,0x1919,0x4A19,0x4D72,
	0x1919,0x1919,0x724A,0x6D67,0x1919,0x6719,0x190F,0x1919,
	0x1919,0x3232,0x1919,0x1919,0x7227,0x196D,0x1919,0x1919,
	0x7272,0x0000,0x0000,0x0000,0x0072,0x0000,0x0000,0x0000,
	0x0019,0x0000,0x0000,0x0000,0x0000,0x0000,0x0000,0x0000,
	0x6D72,0x0000,0x0000,0x0000,0x7219,0x003B,0x0000,0x0000,
	0x1919,0x0072,0x0000,0x0000,0x6D67,0x0072,0x0000,0x0000,

	0x0000,0x0000,0x0000,0x0000,0x0000,0x0000,0x0000,0x0000,
	0x0000,0x0000,0x0000,0x0000,0x0000,0x0000,0x0000,0x0000,
	0x0000,0x0000,0x0000,0x0000,0x0000,0x0000,0x0000,0x0000,
	0x0000,0x0000,0x0000,0x6D19,0x0000,0x0000,0x4D00,0x4D72,
	0x0000,0x0000,0x0000,0x0000,0x0000,0x0000,0x0000,0x0000,
	0x0000,0x0000,0x0000,0x0000,0x0000,0x0000,0x0000,0x1900,
	0x0000,0x0000,0x0000,0x3200,0x4A00,0x7232,0x7272,0x326D,
	0x3272,0x1910,0x6719,0x7272,0x1919,0x1919,0x1919,0x7272,

	0x0000,0x7200,0x1927,0x1919,0x1900,0x7232,0x720F,0x4D72,
	0x7200,0x194A,0x7272,0x1919,0x0E72,0x1919,0x1919,0x1919,
	0x1919,0x1919,0x1919,0x1919,0x1919,0x1919,0x1919,0x1919,
	0x0F27,0x7272,0x1972,0x1919,0x1072,0x1919,0x1919,0x1919,
	0x1919,0x1919,0x1919,0x724A,0x1919,0x1919,0x1919,0x6772,
	0x1919,0x1919,0x7219,0x1919,0x1919,0x1919,0x3210,0x1919,
	0x1919,0x1919,0x6D67,0x1919,0x1919,0x1919,0x7219,0x1919,
	0x1919,0x1919,0x7219,0x1919,0x1919,0x1919,0x4D19,0x4D72,

	0x1970,0x1919,0x1919,0x1919,0x1919,0x1919,0x1919,0x1919,
	0x1919,0x1919,0x1919,0x1919,0x1919,0x1919,0x1919,0x1919,
	0x1919,0x1919,0x1919,0x1919,0x1919,0x1919,0x1919,0x1927,
	0x1919,0x1919,0x1919,0x723B,0x1919,0x1919,0x1919,0x3272,
	0x0E6D,0x7272,0x0000,0x0000,0x6D67,0x0000,0x0000,0x0000,
	0x6D67,0x0000,0x0000,0x0000,0x4D6D,0x0000,0x0000,0x0000,
	0x0072,0x0000,0x0000,0x0000,0x0032,0x0000,0x0000,0x0000,
	0x7272,0x003D,0x0000,0x0000,0x4D19,0x7272,0x0072,0x0000,

	0x0000,0x0000,0x0000,0x0000,0x0000,0x0000,0x0000,0x0000,
	0x0000,0x0000,0x0000,0x0000,0x0000,0x0000,0x0000,0x0000,
	0x0000,0x0000,0x0000,0x0000,0x0000,0x0000,0x0000,0x0000,
	0x0000,0x0000,0x0000,0x0000,0x0000,0x0000,0x0000,0x0000,
	0x0000,0x0000,0x0000,0x0000,0x0000,0x0000,0x0000,0x0000,
	0x0000,0x0000,0x0000,0x0000,0x0000,0x0000,0x0000,0x0000,
	0x0000,0x0000,0x0000,0x0000,0x0000,0x0000,0x0000,0x0000,
	0x0000,0x0000,0x0000,0x0000,0x0000,0x0000,0x0000,0x0000,

	0x0000,0x0000,0x0000,0x0000,0x0000,0x0000,0x0000,0x0000,
	0x0000,0x0000,0x0000,0x0000,0x0000,0x0000,0x0000,0x0000,
	0x0000,0x0000,0x0000,0x0000,0x0000,0x0000,0x0000,0x0000,
	0x0000,0x0000,0x0000,0x0000,0x0000,0x0000,0x0000,0x0000,
	0x0000,0x0000,0x0000,0x0000,0x0000,0x0000,0x0000,0x0000,
	0x0000,0x0000,0x0000,0x0000,0x0000,0x0000,0x0000,0x0000,
	0x0000,0x0000,0x0000,0x0000,0x0000,0x0000,0x0000,0x0000,
	0x0000,0x0000,0x0000,0x0000,0x0000,0x0000,0x0000,0x0000,

	0x6565,0x6565,0x6565,0x6565,0x6565,0x6565,0x6565,0x6565,
	0x6565,0x6565,0x6565,0x6565,0x6565,0x6565,0x6565,0x6565,
	0x6565,0x6565,0x6565,0x6565,0x6565,0x6565,0x6565,0x6565,
	0x6565,0x6565,0x6565,0x6565,0x6565,0x6565,0x6565,0x6565,
	0x6565,0x6565,0x6565,0x6565,0x6565,0x6565,0x6565,0x6565,
	0x6565,0x6565,0x6565,0x6565,0x6565,0x6565,0x6565,0x6565,
	0x6565,0x6565,0x6565,0x6565,0x6565,0x6565,0x6565,0x6565,
	0x6565,0x6565,0x6565,0x6565,0x6565,0x6565,0x6565,0x6565,

	0x6565,0x6565,0x6565,0x6565,0x6565,0x6565,0x6565,0x6565,
	0x6565,0x6565,0x6565,0x6565,0x6565,0x6565,0x6565,0x6565,
	0x6565,0x6565,0x6565,0x6565,0x6565,0x6565,0x6565,0x6565,
	0x6565,0x6565,0x6565,0x6565,0x6565,0x6565,0x6565,0x6565,
	0x6565,0x6666,0x6565,0x6565,0x6565,0x6665,0x6576,0x6565,
	0x6565,0x6665,0x6976,0x6565,0x6565,0x6665,0x7676,0x7660,
	0x6565,0x6665,0x7676,0x7676,0x6665,0x7676,0x7676,0x2666,
	0x6666,0x6676,0x763C,0x6565,0x6565,0x6665,0x7613,0x6576,

	0x6565,0x6565,0x6565,0x6565,0x6565,0x6565,0x6565,0x6565,
	0x6565,0x6565,0x6565,0x6565,0x7676,0x6576,0x6565,0x6565,
	0x3676,0x654F,0x6565,0x6565,0x6565,0x6565,0x6565,0x6565,
	0x6565,0x6565,0x6565,0x6565,0x6565,0x6565,0x6565,0x6565,
	0x6565,0x6565,0x0505,0x6565,0x6565,0x4C65,0x4C05,0x4365,
	0x6565,0x0565,0x654C,0x6565,0x6565,0x0565,0x6565,0x6565,
	0x6565,0x0565,0x6565,0x6565,0x6565,0x0565,0x6549,0x6565,
	0x6565,0x0565,0x6561,0x4343,0x6565,0x6565,0x5151,0x4365,

	0x6543,0x6C6C,0x654E,0x6565,0x4343,0x6C43,0x6C6C,0x6565,
	0x4665,0x6543,0x6C6C,0x6565,0x6565,0x650D,0x046C,0x6565,
	0x6565,0x6C6C,0x2E6C,0x6565,0x6565,0x6565,0x5451,0x6565,
	0x6565,0x6565,0x5151,0x6565,0x6543,0x5165,0x6551,0x6565,
	0x6565,0x6565,0x6565,0x6565,0x6565,0x6565,0x6565,0x6565,
	0x6565,0x6565,0x6565,0x6565,0x6565,0x6565,0x6565,0x6565,
	0x6565,0x6565,0x6565,0x6565,0x6565,0x6565,0x6565,0x6565,
	0x6565,0x6565,0x6565,0x6565,0x6565,0x6565,0x6565,0x6565,

	0x6565,0x6565,0x6565,0x6565,0x6565,0x6565,0x6565,0x6565,
	0x6565,0x6565,0x6565,0x6565,0x6565,0x6565,0x6565,0x6565,
	0x6565,0x6565,0x6565,0x6565,0x6565,0x6565,0x6565,0x6565,
	0x6565,0x6565,0x6565,0x6565,0x6565,0x6565,0x6565,0x6565,
	0x6565,0x6565,0x6565,0x6565,0x6565,0x6565,0x6565,0x6565,
	0x6565,0x6565,0x6565,0x6565,0x6565,0x6565,0x6565,0x6565,
	0x6565,0x6565,0x6565,0x6565,0x6565,0x6565,0x6565,0x6565,
	0x6565,0x6565,0x6565,0x6565,0x6565,0x6565,0x6565,0x6565,

	0x6565,0x6565,0x0065,0x0000,0x6565,0x6565,0x0065,0x0000,
	0x6565,0x6565,0x0065,0x0000,0x6565,0x6565,0x0065,0x0000,
	0x6565,0x6565,0x0065,0x0000,0x6565,0x6565,0x0065,0x0000,
	0x6565,0x6565,0x0065,0x0000,0x6565,0x6565,0x0065,0x0000,
	0x0000,0x0000,0x0000,0x0000,0x0000,0x0000,0x0000,0x0000,
	0x0000,0x0000,0x0000,0x0000,0x0000,0x0000,0x0000,0x0000,
	0x0000,0x0000,0x0000,0x0000,0x0000,0x0000,0x0000,0x0000,
	0x0000,0x0000,0x0000,0x0000,0x0000,0x0000,0x0000,0x0000,

	0x0000,0x0000,0x0000,0x0000,0x0000,0x0000,0x0000,0x0000,
	0x0000,0x0000,0x0000,0x0000,0x0000,0x0000,0x0000,0x0000,
	0x0000,0x0000,0x0000,0x0000,0x0000,0x0000,0x0000,0x0000,
	0x0000,0x0000,0x0000,0x0000,0x0000,0x0000,0x0000,0x0000,
	0x0000,0x0000,0x0000,0x0000,0x0000,0x0000,0x0000,0x0000,
	0x0000,0x0000,0x0000,0x0000,0x0000,0x0000,0x0000,0x0000,
	0x0000,0x0000,0x0000,0x0000,0x0000,0x0000,0x0000,0x0000,
	0x0000,0x0000,0x0000,0x0000,0x0000,0x0000,0x0000,0x0000,

	0x0000,0x0000,0x0000,0x0000,0x0000,0x0000,0x0000,0x0000,
	0x0000,0x0000,0x0000,0x0000,0x0000,0x0000,0x0000,0x0000,
	0x0000,0x0000,0x0000,0x0000,0x0000,0x0000,0x0000,0x0000,
	0x0000,0x0000,0x0000,0x0000,0x0000,0x0000,0x0000,0x0000,
	0x0000,0x0000,0x0000,0x0000,0x0000,0x0000,0x0000,0x0000,
	0x0000,0x0000,0x0000,0x0000,0x0000,0x0000,0x0000,0x0000,
	0x0000,0x0000,0x0000,0x0000,0x0000,0x0000,0x0000,0x0000,
	0x0000,0x0000,0x0000,0x0000,0x0000,0x0000,0x0000,0x0000,

	0x0000,0x0000,0x3200,0x1927,0x0000,0x0000,0x0000,0x6772,
	0x0000,0x0000,0x0000,0x7219,0x0000,0x0000,0x0000,0x1900,
	0x0000,0x0000,0x0000,0x0000,0x0000,0x0000,0x0000,0x0000,
	0x0000,0x0000,0x0000,0x0000,0x0000,0x0000,0x0000,0x0000,
	0x1919,0x1919,0x1919,0x7219,0x1919,0x1919,0x1919,0x1919,
	0x194D,0x1919,0x1919,0x1919,0x7270,0x1940,0x1919,0x0F4D,
	0x1900,0x7232,0x7272,0x6732,0x0000,0x0000,0x0000,0x0000,
	0x0000,0x0000,0x0000,0x0000,0x0000,0x0000,0x0000,0x0000,

	0x0E72,0x700E,0x1919,0x1919,0x0E19,0x4D40,0x7272,0x1972,
	0x6719,0x7272,0x0000,0x3B72,0x3272,0x0019,0x0000,0x3210,
	0x0000,0x0000,0x0000,0x0000,0x0000,0x0000,0x0000,0x0000,
	0x0000,0x0000,0x0000,0x0000,0x0000,0x0000,0x0000,0x0000,
	0x1919,0x1919,0x1919,0x7232,0x1919,0x1919,0x1919,0x1919,
	0x1919,0x1019,0x676D,0x1919,0x7272,0x3272,0x724A,0x3272,
	0x0000,0x0000,0x0000,0x0000,0x0000,0x0000,0x0000,0x0000,
	0x0000,0x0000,0x0000,0x0000,0x0000,0x0000,0x0000,0x0000,

	0x196E,0x1919,0x1919,0x1919,0x1919,0x1919,0x1919,0x3219,
	0x1919,0x1919,0x3219,0x2772,0x6D27,0x7232,0x1932,0x0000,
	0x7272,0x0000,0x0000,0x0000,0x0000,0x0000,0x0000,0x0000,
	0x0000,0x0000,0x0000,0x0000,0x0000,0x0000,0x0000,0x0000,
	0x724A,0x0000,0x0000,0x0000,0x1932,0x0000,0x0000,0x0000,
	0x0000,0x0000,0x0000,0x0000,0x0000,0x0000,0x0000,0x0000,
	0x0000,0x0000,0x0000,0x0000,0x0000,0x0000,0x0000,0x0000,
	0x0000,0x0000,0x0000,0x1900,0x0000,0x0000,0x0000,0x6D00,

	0x0000,0x0000,0x7272,0x1919,0x0000,0x7219,0x1940,0x375E,
	0x1900,0x1972,0x3719,0x3737,0x7200,0x1967,0x3737,0x3737,
	0x723B,0x3755,0x3737,0x3737,0x1972,0x5337,0x3737,0x1919,
	0x1932,0x3737,0x3737,0x1919,0x194D,0x3737,0x3737,0x1919,
	0x3753,0x3037,0x4D19,0x1972,0x3737,0x1937,0x6D19,0x1932,
	0x1937,0x1919,0x4D19,0x1972,0x1919,0x1919,0x1919,0x1972,
	0x1919,0x1919,0x1919,0x6732,0x1919,0x1919,0x1919,0x7019,
	0x1919,0x1919,0x1919,0x1919,0x1919,0x1919,0x1919,0x1919,

	0x7219,0x196E,0x1919,0x1919,0x1919,0x1972,0x1919,0x1919,
	0x1919,0x1972,0x1919,0x1919,0x1919,0x1972,0x1919,0x1919,
	0x3219,0x196D,0x1919,0x1919,0x6D72,0x1919,0x1919,0x1919,
	0x1919,0x1919,0x1919,0x1919,0x1919,0x1919,0x1919,0x1919,
	0x1919,0x1919,0x1919,0x7219,0x1919,0x1919,0x1919,0x1919,
	0x1919,0x1919,0x1919,0x1919,0x1919,0x1919,0x1919,0x1919,
	0x1919,0x1919,0x1919,0x1919,0x1919,0x1919,0x1919,0x1919,
	0x1919,0x1919,0x1919,0x1919,0x1919,0x1919,0x1919,0x1919,

	0x190E,0x1919,0x7219,0x1970,0x724A,0x7272,0x1932,0x1919,
	0x1919,0x1919,0x1919,0x1919,0x1919,0x1919,0x1919,0x1919,
	0x1919,0x1919,0x1919,0x1919,0x1919,0x1919,0x1919,0x1919,
	0x1919,0x1919,0x1919,0x1919,0x1919,0x1919,0x1919,0x1919,
	0x1919,0x6772,0x7272,0x0000,0x1919,0x724D,0x7200,0x0072,
	0x1919,0x3219,0x0067,0x7272,0x1919,0x1919,0x1972,0x7272,
	0x1919,0x1919,0x3219,0x7200,0x1919,0x1919,0x7219,0x7267,
	0x1919,0x1919,0x3B19,0x7272,0x1919,0x1919,0x1919,0x7272,

	0x0000,0x0000,0x0000,0x0000,0x0000,0x0000,0x0000,0x0000,
	0x0000,0x0000,0x0000,0x0000,0x0000,0x0000,0x0000,0x0000,
	0x0072,0x0000,0x0000,0x0000,0x0072,0x0000,0x0000,0x0000,
	0x0072,0x0000,0x0000,0x0000,0x0072,0x0000,0x0000,0x0000,
	0x0000,0x0000,0x0000,0x0000,0x0000,0x0000,0x0000,0x0000,
	0x0000,0x0000,0x0000,0x0000,0x0000,0x0000,0x0000,0x0000,
	0x0000,0x0000,0x0000,0x0000,0x0000,0x0000,0x0000,0x0000,
	0x0000,0x0000,0x0000,0x0000,0x0000,0x0000,0x0000,0x0000,

	0x0000,0x0000,0x0000,0x0000,0x0000,0x0000,0x0000,0x0000,
	0x0000,0x0000,0x0000,0x0000,0x0000,0x0000,0x0000,0x0000,
	0x0000,0x0000,0x0000,0x0000,0x0000,0x0000,0x0000,0x0000,
	0x0000,0x0000,0x0000,0x0000,0x0000,0x0000,0x0000,0x0000,
	0x0000,0x0000,0x0000,0x0000,0x0000,0x0000,0x0000,0x0000,
	0x0000,0x0000,0x0000,0x0000,0x0000,0x0000,0x0000,0x0000,
	0x0000,0x0000,0x0000,0x0000,0x0000,0x0000,0x0000,0x0000,
	0x0000,0x0000,0x0000,0x0000,0x0000,0x0000,0x0000,0x0000,

	0x6565,0x6565,0x6565,0x6565,0x6565,0x6565,0x6565,0x6565,
	0x6565,0x6565,0x6565,0x6565,0x6565,0x6565,0x6565,0x6565,
	0x6565,0x6565,0x6565,0x6565,0x6565,0x6565,0x6565,0x6565,
	0x6565,0x6565,0x6565,0x6565,0x6565,0x6565,0x6565,0x6565,
	0x6565,0x6565,0x6565,0x6565,0x6565,0x6565,0x6565,0x6565,
	0x6565,0x6565,0x6565,0x6565,0x6565,0x6565,0x6565,0x6565,
	0x6565,0x6565,0x6565,0x6565,0x6565,0x6565,0x6565,0x6565,
	0x6565,0x6565,0x6565,0x6565,0x6565,0x6565,0x6565,0x6565,

	0x6565,0x6565,0x6565,0x6565,0x6565,0x6565,0x6565,0x6565,
	0x6565,0x6565,0x6565,0x6565,0x6565,0x6565,0x6565,0x6565,
	0x6565,0x6565,0x6565,0x6565,0x6565,0x6565,0x6565,0x6565,
	0x6565,0x6565,0x6565,0x6565,0x6565,0x6565,0x6565,0x6565,
	0x6565,0x6565,0x7666,0x6576,0x6565,0x6565,0x7666,0x6576,
	0x6565,0x6565,0x6566,0x6565,0x6565,0x6565,0x6566,0x6565,
	0x6565,0x6565,0x6565,0x6565,0x6565,0x6565,0x6565,0x6565,
	0x6565,0x6565,0x6565,0x6565,0x6565,0x6565,0x6565,0x6565,

	0x6565,0x6565,0x6565,0x6565,0x6565,0x6565,0x6565,0x6565,
	0x6565,0x6565,0x6565,0x6565,0x6565,0x6565,0x6565,0x6565,
	0x6565,0x6565,0x6565,0x6565,0x6565,0x6565,0x6565,0x6565,
	0x6565,0x6565,0x6565,0x6565,0x6565,0x6565,0x6565,0x6565,
	0x6565,0x6565,0x5165,0x5151,0x6565,0x6565,0x6565,0x5151,
	0x6565,0x6565,0x6565,0x6565,0x6565,0x6565,0x6565,0x6565,
	0x6565,0x6565,0x6565,0x6565,0x6565,0x6565,0x6565,0x6565,
	0x6565,0x6565,0x6565,0x6565,0x6565,0x6565,0x6565,0x6565,

	0x2341,0x5151,0x6565,0x6565,0x5151,0x6551,0x6565,0x6565,
	0x6565,0x6565,0x6565,0x6565,0x6565,0x6565,0x6565,0x6565,
	0x6565,0x6565,0x6565,0x6565,0x6565,0x6565,0x6565,0x6565,
	0x6565,0x6565,0x6565,0x6565,0x6565,0x6565,0x6565,0x6565,
	0x6565,0x6565,0x6565,0x6565,0x6565,0x6565,0x6565,0x6565,
	0x6565,0x6565,0x6565,0x6565,0x6565,0x6565,0x6565,0x6565,
	0x6565,0x6565,0x6565,0x6565,0x6565,0x6565,0x6565,0x6565,
	0x6565,0x6565,0x6565,0x6565,0x6565,0x6565,0x6565,0x6565,

	0x6565,0x6565,0x6565,0x6565,0x6565,0x6565,0x6565,0x6565,
	0x6565,0x6565,0x6565,0x6565,0x6565,0x6565,0x6565,0x6565,
	0x6565,0x6565,0x6565,0x6565,0x6565,0x6565,0x6565,0x6565,
	0x6565,0x6565,0x6565,0x6565,0x6565,0x6565,0x6565,0x6565,
	0x6565,0x6565,0x6565,0x6565,0x6565,0x6565,0x6565,0x6565,
	0x6565,0x6565,0x6565,0x6565,0x6565,0x6565,0x6565,0x6565,
	0x6565,0x6565,0x6565,0x6565,0x6565,0x6565,0x6565,0x6565,
	0x6565,0x6565,0x6565,0x6565,0x6565,0x6565,0x6565,0x6565,

	0x6565,0x6565,0x0065,0x0000,0x6565,0x6565,0x0065,0x0000,
	0x6565,0x6565,0x0065,0x0000,0x6565,0x6565,0x0065,0x0000,
	0x6565,0x6565,0x0065,0x0000,0x6565,0x6565,0x0065,0x0000,
	0x6565,0x6565,0x0065,0x0000,0x6565,0x6565,0x0065,0x0000,
	0x0000,0x0000,0x0000,0x0000,0x0000,0x0000,0x0000,0x0000,
	0x0000,0x0000,0x0000,0x0000,0x0000,0x0000,0x0000,0x0000,
	0x0000,0x0000,0x0000,0x0000,0x0000,0x0000,0x0000,0x0000,
	0x0000,0x0000,0x0000,0x0000,0x0000,0x0000,0x0000,0x0000,

	0x0000,0x0000,0x0000,0x0000,0x0000,0x0000,0x0000,0x0000,
	0x0000,0x0000,0x0000,0x0000,0x0000,0x0000,0x0000,0x0000,
	0x0000,0x0000,0x0000,0x0000,0x0000,0x0000,0x0000,0x0000,
	0x0000,0x0000,0x0000,0x0000,0x0000,0x0000,0x0000,0x0000,
	0x0000,0x0000,0x0000,0x0000,0x0000,0x0000,0x0000,0x0000,
	0x0000,0x0000,0x0000,0x0000,0x0000,0x0000,0x0000,0x0000,
	0x0000,0x0000,0x0000,0x0000,0x0000,0x0000,0x0000,0x0000,
	0x0000,0x0000,0x0000,0x0000,0x0000,0x0000,0x0000,0x0000,

	0x0000,0x0000,0x0000,0x0000,0x0000,0x0000,0x0000,0x0000,
	0x0000,0x0000,0x0000,0x0000,0x0000,0x0000,0x0000,0x0000,
	0x0000,0x0000,0x0000,0x0000,0x0000,0x0000,0x0000,0x0000,
	0x0000,0x0000,0x0000,0x0000,0x0000,0x0000,0x0000,0x0000,
	0x0000,0x0000,0x0000,0x0000,0x0000,0x0000,0x0000,0x0000,
	0x0000,0x0000,0x0000,0x0000,0x0000,0x0000,0x0000,0x0000,
	0x0000,0x0000,0x0000,0x0000,0x0000,0x0000,0x0000,0x0000,
	0x0000,0x0000,0x0000,0x0000,0x0000,0x0000,0x0000,0x0000,

	0x0000,0x0000,0x0000,0x0000,0x0000,0x0000,0x0000,0x0000,
	0x0000,0x0000,0x0000,0x0000,0x0000,0x0000,0x0000,0x0000,
	0x0000,0x0000,0x0000,0x0000,0x0000,0x0000,0x0000,0x0000,
	0x0000,0x0000,0x0000,0x0000,0x0000,0x0000,0x0000,0x0000,
	0x0000,0x0000,0x0000,0x0000,0x0000,0x0000,0x0000,0x0000,
	0x0000,0x0000,0x0000,0x0000,0x0000,0x0000,0x0000,0x0000,
	0x0000,0x0000,0x0000,0x0000,0x0000,0x0000,0x0000,0x0000,
	0x0000,0x0000,0x0000,0x0000,0x0000,0x0000,0x0000,0x0000,

	0x0000,0x0000,0x0000,0x0000,0x0000,0x0000,0x0000,0x0000,
	0x0000,0x0000,0x0000,0x0000,0x0000,0x0000,0x0000,0x0000,
	0x0000,0x0000,0x0000,0x0000,0x0000,0x0000,0x0000,0x0000,
	0x0000,0x0000,0x0000,0x0000,0x0000,0x0000,0x0000,0x0000,
	0x0000,0x0000,0x0000,0x0000,0x0000,0x0000,0x0000,0x0000,
	0x0000,0x0000,0x0000,0x0000,0x0000,0x0000,0x0000,0x0000,
	0x0000,0x0000,0x0000,0x0000,0x0000,0x0000,0x0000,0x0000,
	0x0000,0x0000,0x0000,0x0000,0x0000,0x0000,0x0000,0x0000,

	0x0000,0x0000,0x0000,0x0000,0x0000,0x0000,0x0000,0x0000,
	0x0000,0x0000,0x0000,0x0000,0x0000,0x0000,0x0000,0x0000,
	0x0000,0x0000,0x0000,0x0000,0x0000,0x0000,0x0000,0x0000,
	0x0000,0x0000,0x0000,0x0000,0x0000,0x0000,0x0000,0x0000,
	0x0000,0x0000,0x0000,0x3200,0x0000,0x0000,0x0000,0x3200,
	0x0000,0x0000,0x0000,0x6E00,0x0000,0x0000,0x0000,0x0000,
	0x0000,0x0000,0x726E,0x7272,0x0000,0x720E,0x1970,0x1919,
	0x6700,0x1932,0x1919,0x1919,0x7219,0x1919,0x1919,0x1919,

	0x1919,0x375F,0x3737,0x1919,0x1967,0x3719,0x3737,0x1919,
	0x196E,0x3719,0x1937,0x1919,0x1972,0x3719,0x1937,0x1919,
	0x1972,0x3019,0x1975,0x1919,0x7032,0x1919,0x1919,0x1919,
	0x7219,0x1919,0x1919,0x1919,0x6719,0x196D,0x1919,0x1919,
	0x1919,0x1919,0x1919,0x1919,0x1919,0x1919,0x1919,0x1919,
	0x1919,0x1919,0x1919,0x1919,0x1919,0x1919,0x104D,0x1919,
	0x1919,0x724D,0x6E6D,0x1919,0x1919,0x4D6D,0x1919,0x1919,
	0x1919,0x1932,0x1919,0x1919,0x1919,0x6770,0x1919,0x1919,

	0x1919,0x1919,0x1919,0x1919,0x1919,0x1919,0x1919,0x1919,
	0x1919,0x1919,0x1919,0x1919,0x1919,0x1919,0x1919,0x1919,
	0x1919,0x1919,0x1919,0x1919,0x1919,0x1919,0x1919,0x1919,
	0x1919,0x1919,0x1919,0x1919,0x1919,0x1919,0x1919,0x1919,
	0x1919,0x1919,0x1919,0x1919,0x1919,0x1919,0x1919,0x1919,
	0x1919,0x1919,0x1919,0x1919,0x1919,0x1919,0x1919,0x1919,
	0x1919,0x1919,0x1919,0x1919,0x1919,0x1919,0x1919,0x1919,
	0x1919,0x1919,0x1919,0x1919,0x1919,0x1919,0x1919,0x1919,

	0x1919,0x1919,0x1919,0x1919,0x1919,0x1919,0x1919,0x6719,
	0x1919,0x1919,0x1919,0x1919,0x1919,0x1919,0x1919,0x1919,
	0x1919,0x1919,0x1919,0x1919,0x1919,0x1919,0x1919,0x1919,
	0x1919,0x1919,0x1919,0x1919,0x1919,0x1919,0x1919,0x1919,
	0x1919,0x1919,0x1919,0x1932,0x1932,0x1919,0x1919,0x704D,
	0x7267,0x1919,0x1919,0x7219,0x7219,0x1919,0x1919,0x7219,
	0x7219,0x1919,0x1919,0x7267,0x7219,0x1919,0x1919,0x3272,
	0x7067,0x1919,0x6719,0x7272,0x1972,0x1919,0x7219,0x7272,

	0x0072,0x0000,0x0000,0x0000,0x0072,0x0000,0x0000,0x0000,
	0x0072,0x0000,0x0000,0x0000,0x0000,0x0000,0x0000,0x0000,
	0x0000,0x0000,0x0000,0x0000,0x0000,0x0000,0x0000,0x0000,
	0x0072,0x0000,0x0000,0x0000,0x0072,0x0000,0x0000,0x0000,
	0x0000,0x0000,0x0000,0x0000,0x0000,0x0000,0x0000,0x0000,
	0x0000,0x0000,0x0000,0x0000,0x0000,0x0000,0x0000,0x0000,
	0x0000,0x0000,0x0000,0x0000,0x0000,0x0000,0x0000,0x0000,
	0x0000,0x0000,0x0000,0x0000,0x0000,0x0000,0x0000,0x0000,

	0x0000,0x0000,0x0000,0x0000,0x0000,0x0000,0x0000,0x0000,
	0x0000,0x0000,0x0000,0x0000,0x0000,0x0000,0x0000,0x0000,
	0x0000,0x0000,0x0000,0x0000,0x0000,0x0000,0x0000,0x0000,
	0x0000,0x0000,0x0000,0x0000,0x0000,0x0000,0x0000,0x0000,
	0x0000,0x0000,0x0000,0x0000,0x0000,0x0000,0x0000,0x0000,
	0x0000,0x0000,0x0000,0x0000,0x0000,0x0000,0x0000,0x0000,
	0x0000,0x0000,0x0000,0x0000,0x0000,0x0000,0x0000,0x0000,
	0x0000,0x0000,0x0000,0x0000,0x0000,0x0000,0x0000,0x0000,

	0x6565,0x6565,0x6565,0x6565,0x6565,0x6565,0x6565,0x6565,
	0x6565,0x6565,0x6565,0x6565,0x6565,0x6565,0x6565,0x6565,
	0x6565,0x6565,0x6565,0x6565,0x6565,0x6565,0x6565,0x6565,
	0x6565,0x6565,0x6565,0x6565,0x6565,0x6565,0x6565,0x6565,
	0x6565,0x6565,0x6565,0x6565,0x6565,0x6565,0x6565,0x6565,
	0x6565,0x6565,0x6565,0x6565,0x6565,0x6565,0x6565,0x6565,
	0x6565,0x6565,0x6565,0x6565,0x6565,0x6565,0x6565,0x6565,
	0x6565,0x6565,0x6565,0x6565,0x6565,0x6565,0x6565,0x6565,

	0x6565,0x6565,0x6565,0x6565,0x6565,0x6565,0x6565,0x6565,
	0x6565,0x6565,0x6565,0x6565,0x6565,0x6565,0x6565,0x6565,
	0x6565,0x6565,0x6565,0x6565,0x6565,0x6565,0x6565,0x6565,
	0x6565,0x6565,0x6565,0x6565,0x6565,0x6565,0x6565,0x6565,
	0x6565,0x6565,0x6565,0x6565,0x6565,0x6565,0x6565,0x6565,
	0x6565,0x6565,0x6565,0x6565,0x6565,0x6565,0x6565,0x6565,
	0x6565,0x6565,0x6565,0x6565,0x6565,0x6565,0x6565,0x6565,
	0x6565,0x6565,0x6565,0x6565,0x6565,0x6565,0x6565,0x6565,

	0x6565,0x6565,0x6565,0x6565,0x6565,0x6565,0x6565,0x6565,
	0x6565,0x6565,0x6565,0x6565,0x6565,0x6565,0x6565,0x6565,
	0x6565,0x6565,0x6565,0x6565,0x6565,0x6565,0x6565,0x6565,
	0x6565,0x6565,0x6565,0x6565,0x6565,0x6565,0x6565,0x6565,
	0x6565,0x6565,0x6565,0x6565,0x6565,0x6565,0x6565,0x6565,
	0x6565,0x6565,0x6565,0x6565,0x6565,0x6565,0x6565,0x6565,
	0x6565,0x6565,0x6565,0x6565,0x6565,0x6565,0x6565,0x6565,
	0x6565,0x6565,0x6565,0x6565,0x6565,0x6565,0x6565,0x6565,

	0x6565,0x6565,0x6565,0x6565,0x6565,0x6565,0x6565,0x6565,
	0x6565,0x6565,0x6565,0x6565,0x6565,0x6565,0x6565,0x6565,
	0x6565,0x6565,0x6565,0x6565,0x6565,0x6565,0x6565,0x6565,
	0x6565,0x6565,0x6565,0x6565,0x6565,0x6565,0x6565,0x6565,
	0x6565,0x6565,0x6565,0x6565,0x6565,0x6565,0x6565,0x6565,
	0x6565,0x6565,0x6565,0x6565,0x6565,0x6565,0x6565,0x6565,
	0x6565,0x6565,0x6565,0x6565,0x6565,0x6565,0x6565,0x6565,
	0x6565,0x6565,0x6565,0x6565,0x6565,0x6565,0x6565,0x6565,

	0x6565,0x6565,0x6565,0x6565,0x6565,0x6565,0x6565,0x6565,
	0x6565,0x6565,0x6565,0x6565,0x6565,0x6565,0x6565,0x6565,
	0x6565,0x6565,0x6565,0x6565,0x6565,0x6565,0x6565,0x6565,
	0x6565,0x6565,0x6565,0x6565,0x6565,0x6565,0x6565,0x6565,
	0x6565,0x6565,0x6565,0x6565,0x6565,0x6565,0x6565,0x6565,
	0x6565,0x6565,0x6565,0x6565,0x6565,0x6565,0x6565,0x6565,
	0x6565,0x6565,0x6565,0x6565,0x6565,0x6565,0x6565,0x6565,
	0x6565,0x6565,0x6565,0x6565,0x6565,0x6565,0x6565,0x6565,

	0x6565,0x6565,0x0065,0x0000,0x6565,0x6565,0x0065,0x0000,
	0x6565,0x6565,0x0065,0x0000,0x6565,0x6565,0x0065,0x0000,
	0x6565,0x6565,0x0065,0x0000,0x6565,0x6565,0x0065,0x0000,
	0x6565,0x6565,0x0065,0x0000,0x6565,0x6565,0x0065,0x0000,
	0x0000,0x0000,0x0000,0x0000,0x0000,0x0000,0x0000,0x0000,
	0x0000,0x0000,0x0000,0x0000,0x0000,0x0000,0x0000,0x0000,
	0x0000,0x0000,0x0000,0x0000,0x0000,0x0000,0x0000,0x0000,
	0x0000,0x0000,0x0000,0x0000,0x0000,0x0000,0x0000,0x0000,

	0x0000,0x0000,0x0000,0x0000,0x0000,0x0000,0x0000,0x0000,
	0x0000,0x0000,0x0000,0x0000,0x0000,0x0000,0x0000,0x0000,
	0x0000,0x0000,0x0000,0x0000,0x0000,0x0000,0x0000,0x0000,
	0x0000,0x0000,0x0000,0x0000,0x0000,0x0000,0x0000,0x0000,
	0x0000,0x0000,0x0000,0x0000,0x0000,0x0000,0x0000,0x0000,
	0x0000,0x0000,0x0000,0x0000,0x0000,0x0000,0x0000,0x0000,
	0x0000,0x0000,0x0000,0x0000,0x0000,0x0000,0x0000,0x0000,
	0x0000,0x0000,0x0000,0x0000,0x0000,0x0000,0x0000,0x0000,

	0x0000,0x0000,0x0000,0x0000,0x0000,0x0000,0x0000,0x0000,
	0x0000,0x0000,0x0000,0x0000,0x0000,0x0000,0x0000,0x0000,
	0x0000,0x0000,0x0000,0x0000,0x0000,0x0000,0x0000,0x0000,
	0x0000,0x0000,0x0000,0x0000,0x0000,0x0000,0x0000,0x0000,
	0x0000,0x0000,0x0000,0x0000,0x0000,0x0000,0x0000,0x0000,
	0x0000,0x0000,0x0000,0x0000,0x0000,0x0000,0x0000,0x0000,
	0x0000,0x0000,0x0000,0x0000,0x0000,0x0000,0x0000,0x0000,
	0x0000,0x0000,0x0000,0x0000,0x0000,0x0000,0x0000,0x0000,

	0x0000,0x0000,0x0000,0x0000,0x0000,0x0000,0x0000,0x0000,
	0x0000,0x0000,0x0000,0x0000,0x0000,0x0000,0x0000,0x0000,
	0x0000,0x0000,0x0000,0x0000,0x0000,0x0000,0x0000,0x0000,
	0x0000,0x0000,0x0000,0x0000,0x0000,0x0000,0x0000,0x0000,
	0x0000,0x0000,0x0000,0x0000,0x0000,0x0000,0x0000,0x0000,
	0x0000,0x0000,0x0000,0x0000,0x0000,0x0000,0x0000,0x0000,
	0x0000,0x0000,0x0000,0x0000,0x0000,0x0000,0x0000,0x0000,
	0x0000,0x0000,0x0000,0x0000,0x0000,0x0000,0x0000,0x0000,

	0x0000,0x0000,0x0000,0x0000,0x0000,0x0000,0x0000,0x0000,
	0x0000,0x0000,0x0000,0x0000,0x0000,0x0000,0x0000,0x0000,
	0x0000,0x0000,0x0000,0x0000,0x0000,0x0000,0x0000,0x0000,
	0x0000,0x0000,0x0000,0x0000,0x0000,0x0000,0x0000,0x0000,
	0x0000,0x0000,0x0000,0x0000,0x0000,0x0000,0x0000,0x0000,
	0x0000,0x0000,0x0000,0x0000,0x0000,0x0000,0x0000,0x0000,
	0x0000,0x0000,0x0000,0x0000,0x0000,0x0000,0x0000,0x0000,
	0x0000,0x0000,0x0000,0x0000,0x0000,0x0000,0x0000,0x0000,

	0x0000,0x0000,0x0000,0x0000,0x0000,0x0000,0x0000,0x0000,
	0x0000,0x0000,0x0000,0x0000,0x0000,0x0000,0x0000,0x0000,
	0x0000,0x0000,0x0000,0x0000,0x0000,0x0000,0x0000,0x0000,
	0x0000,0x0000,0x0000,0x0000,0x0000,0x0000,0x0000,0x0000,
	0x1932,0x1919,0x3742,0x1953,0x1972,0x1919,0x3737,0x0A6B,
	0x1972,0x1919,0x3737,0x1919,0x1972,0x1919,0x1937,0x1919,
	0x1972,0x0719,0x1937,0x1919,0x7219,0x5519,0x1937,0x1919,
	0x4A00,0x7272,0x1967,0x1919,0x0000,0x6700,0x7272,0x7272,

	0x1919,0x1919,0x1919,0x1919,0x1919,0x1919,0x1919,0x1919,
	0x1919,0x1919,0x1919,0x1919,0x1919,0x1919,0x1919,0x1919,
	0x1919,0x1919,0x1919,0x1919,0x1919,0x1919,0x1919,0x1919,
	0x1919,0x1919,0x1919,0x1919,0x3232,0x3232,0x7272,0x7272,
	0x1919,0x0E4A,0x1919,0x1919,0x1919,0x7219,0x1919,0x1919,
	0x1919,0x3219,0x1919,0x1919,0x1919,0x1919,0x1972,0x1919,
	0x1919,0x1919,0x726D,0x1919,0x1919,0x1919,0x4D19,0x1972,
	0x1967,0x1919,0x1919,0x3219,0x1932,0x1919,0x6E19,0x7272,

	0x1919,0x1919,0x1919,0x1919,0x1919,0x1919,0x1919,0x1919,
	0x1919,0x1919,0x1919,0x1919,0x1919,0x1919,0x1919,0x1919,
	0x1919,0x1919,0x1919,0x1919,0x1919,0x4D72,0x1919,0x1919,
	0x7272,0x1967,0x1919,0x1919,0x3B72,0x7232,0x7272,0x720F,
	0x1919,0x1919,0x1919,0x1919,0x1919,0x1919,0x1919,0x1919,
	0x1919,0x1919,0x1919,0x1919,0x1919,0x1919,0x1919,0x1919,
	0x1919,0x1919,0x1919,0x1919,0x1919,0x1919,0x1919,0x3267,
	0x6719,0x326E,0x7272,0x4D0F,0x7032,0x720E,0x0000,0x0000,

	0x1919,0x1919,0x1919,0x7219,0x1919,0x1919,0x1919,0x6D27,
	0x1919,0x1919,0x7272,0x7272,0x1919,0x3272,0x1972,0x1919,
	0x4A19,0x7272,0x7272,0x7272,0x2772,0x0019,0x0000,0x0000,
	0x0000,0x0000,0x0000,0x0000,0x0000,0x0000,0x0000,0x0000,
	0x1932,0x4D19,0x0F72,0x7272,0x1919,0x726D,0x7232,0x0072,
	0x7272,0x7272,0x0072,0x0000,0x7272,0x7472,0x0000,0x0000,
	0x0072,0x0000,0x0000,0x0000,0x0000,0x0000,0x0000,0x0000,
	0x0000,0x0000,0x0000,0x0000,0x0000,0x0000,0x0000,0x0000,

	0x0000,0x0000,0x0000,0x0000,0x0000,0x0000,0x0000,0x0000,
	0x0000,0x0000,0x0000,0x0000,0x0000,0x0000,0x0000,0x0000,
	0x0000,0x0000,0x0000,0x0000,0x0000,0x0000,0x0000,0x0000,
	0x0000,0x0000,0x0000,0x0000,0x0000,0x0000,0x0000,0x0000,
	0x0000,0x0000,0x0000,0x0000,0x0000,0x0000,0x0000,0x0000,
	0x0000,0x0000,0x0000,0x0000,0x0000,0x0000,0x0000,0x0000,
	0x0000,0x0000,0x0000,0x0000,0x0000,0x0000,0x0000,0x0000,
	0x0000,0x0000,0x0000,0x0000,0x0000,0x0000,0x0000,0x0000,

	0x0000,0x0000,0x0000,0x0000,0x0000,0x0000,0x0000,0x0000,
	0x0000,0x0000,0x0000,0x0000,0x0000,0x0000,0x0000,0x0000,
	0x0000,0x0000,0x0000,0x0000,0x0000,0x0000,0x0000,0x0000,
	0x0000,0x0000,0x0000,0x0000,0x0000,0x0000,0x0000,0x0000,
	0x0000,0x0000,0x0000,0x0000,0x0000,0x0000,0x0000,0x0000,
	0x0000,0x0000,0x0000,0x0000,0x0000,0x0000,0x0000,0x0000,
	0x0000,0x0000,0x0000,0x0000,0x0000,0x0000,0x0000,0x0000,
	0x0000,0x0000,0x0000,0x0000,0x0000,0x0000,0x0000,0x0000,

	0x6565,0x6565,0x6565,0x6565,0x6565,0x6565,0x6565,0x6565,
	0x6565,0x6565,0x6565,0x6565,0x6565,0x6565,0x6565,0x6565,
	0x6565,0x6565,0x6565,0x6565,0x6565,0x6565,0x6565,0x6565,
	0x6565,0x6565,0x6565,0x6565,0x6565,0x6565,0x6565,0x6565,
	0x6565,0x6565,0x6565,0x6565,0x6565,0x6565,0x6565,0x6565,
	0x6565,0x6565,0x6565,0x6565,0x6565,0x6565,0x6565,0x6565,
	0x6565,0x6565,0x6565,0x6565,0x6565,0x6565,0x6565,0x6565,
	0x6565,0x6565,0x6565,0x6565,0x6565,0x6565,0x6565,0x6565,

	0x6565,0x6565,0x6565,0x6565,0x6565,0x6565,0x6565,0x6565,
	0x6565,0x6565,0x6565,0x6565,0x6565,0x6565,0x6565,0x6565,
	0x6565,0x6565,0x6565,0x6565,0x6565,0x6565,0x6565,0x6565,
	0x6565,0x6565,0x6565,0x6565,0x6565,0x6565,0x6565,0x6565,
	0x6565,0x6565,0x6565,0x6565,0x6565,0x6565,0x6565,0x6565,
	0x6565,0x6565,0x6565,0x6565,0x6565,0x6565,0x6565,0x6565,
	0x6565,0x6565,0x6565,0x6565,0x6565,0x6565,0x6565,0x6565,
	0x6565,0x6565,0x6565,0x6565,0x6565,0x6565,0x6565,0x6565,

	0x6565,0x6565,0x6565,0x6565,0x6565,0x6565,0x6565,0x6565,
	0x6565,0x6565,0x6565,0x6565,0x6565,0x6565,0x6565,0x6565,
	0x6565,0x6565,0x6565,0x6565,0x6565,0x6565,0x6565,0x6565,
	0x6565,0x6565,0x6565,0x6565,0x6565,0x6565,0x6565,0x6565,
	0x6565,0x6565,0x6565,0x6565,0x6565,0x6565,0x6565,0x6565,
	0x6565,0x6565,0x6565,0x6565,0x6565,0x6565,0x6565,0x6565,
	0x6565,0x6565,0x6565,0x6565,0x6565,0x6565,0x6565,0x6565,
	0x6565,0x6565,0x6565,0x6565,0x6565,0x6565,0x6565,0x6565,

	0x6565,0x6565,0x6565,0x6565,0x6565,0x6565,0x6565,0x6565,
	0x6565,0x6565,0x6565,0x6565,0x6565,0x6565,0x6565,0x6565,
	0x6565,0x6565,0x6565,0x6565,0x6565,0x6565,0x6565,0x6565,
	0x6565,0x6565,0x6565,0x6565,0x6565,0x6565,0x6565,0x6565,
	0x6565,0x6565,0x6565,0x6565,0x6565,0x6565,0x6565,0x6565,
	0x6565,0x6565,0x6565,0x0505,0x6565,0x6565,0x0165,0x0505,
	0x6565,0x6565,0x0565,0x6505,0x6565,0x6565,0x0505,0x6549,
	0x6565,0x6565,0x0505,0x6565,0x6565,0x6565,0x0505,0x6565,

	0x6565,0x6565,0x6565,0x6565,0x0905,0x1B1B,0x6C1B,0x3A6C,
	0x6C05,0x511D,0x7951,0x6C2E,0x6505,0x6565,0x6565,0x1451,
	0x6565,0x6565,0x4343,0x6565,0x6565,0x6565,0x4343,0x6565,
	0x6565,0x6565,0x506C,0x6571,0x6565,0x6565,0x6565,0x6543,
	0x6565,0x6565,0x6565,0x6565,0x6565,0x6565,0x6565,0x6565,
	0x656C,0x6565,0x6565,0x6565,0x6C6C,0x6565,0x6565,0x6565,
	0x6C2C,0x656C,0x6565,0x6565,0x2E65,0x656C,0x6565,0x6565,
	0x5165,0x6C6C,0x6565,0x6565,0x6565,0x6C04,0x6565,0x6565,

	0x6565,0x6565,0x0065,0x0000,0x6565,0x6565,0x0065,0x0000,
	0x6565,0x6565,0x0065,0x0000,0x6565,0x6565,0x0065,0x0000,
	0x6565,0x6565,0x0065,0x0000,0x6565,0x6565,0x0065,0x0000,
	0x6565,0x6565,0x0065,0x0000,0x6565,0x6565,0x0065,0x0000,
	0x0000,0x0000,0x0000,0x0000,0x0000,0x0000,0x0000,0x0000,
	0x0000,0x0000,0x0000,0x0000,0x0000,0x0000,0x0000,0x0000,
	0x0000,0x0000,0x0000,0x0000,0x0000,0x0000,0x0000,0x0000,
	0x0000,0x0000,0x0000,0x0000,0x0000,0x0000,0x0000,0x0000,

	0x0000,0x0000,0x0000,0x0000,0x0000,0x0000,0x0000,0x0000,
	0x0000,0x0000,0x0000,0x0000,0x0000,0x0000,0x0000,0x0000,
	0x0000,0x0000,0x0000,0x0000,0x0000,0x0000,0x0000,0x0000,
	0x0000,0x0000,0x0000,0x0000,0x0000,0x0000,0x0000,0x0000,
	0x0000,0x0000,0x0000,0x0000,0x0000,0x0000,0x0000,0x0000,
	0x0000,0x0000,0x0000,0x0000,0x0000,0x0000,0x0000,0x0000,
	0x0000,0x0000,0x0000,0x0000,0x0000,0x0000,0x0000,0x0000,
	0x0000,0x0000,0x0000,0x0000,0x0000,0x0000,0x0000,0x0000,

	0x0000,0x0000,0x0000,0x0000,0x0000,0x0000,0x0000,0x0000,
	0x0000,0x0000,0x0000,0x0000,0x0000,0x0000,0x0000,0x0000,
	0x0000,0x0000,0x0000,0x0000,0x0000,0x0000,0x0000,0x0000,
	0x0000,0x0000,0x0000,0x0000,0x0000,0x0000,0x0000,0x0000,
	0x0000,0x0000,0x0000,0x0000,0x0000,0x0000,0x0000,0x0000,
	0x0000,0x0000,0x0000,0x0000,0x0000,0x0000,0x0000,0x0000,
	0x0000,0x0000,0x0000,0x0000,0x0000,0x0000,0x0000,0x0000,
	0x0000,0x0000,0x0000,0x0000,0x0000,0x0000,0x0000,0x0000,

	0x0000,0x0000,0x0000,0x0000,0x0000,0x0000,0x0000,0x0000,
	0x0000,0x0000,0x0000,0x0000,0x0000,0x0000,0x0000,0x0000,
	0x0000,0x0000,0x0000,0x0000,0x0000,0x0000,0x0000,0x0000,
	0x0000,0x0000,0x0000,0x0000,0x0000,0x0000,0x0000,0x0000,
	0x0000,0x0000,0x0000,0x0000,0x0000,0x0000,0x0000,0x0000,
	0x0000,0x0000,0x0000,0x0000,0x0000,0x0000,0x0000,0x0000,
	0x0000,0x0000,0x0000,0x0000,0x0000,0x0000,0x0000,0x0000,
	0x0000,0x0000,0x0000,0x0000,0x0000,0x0000,0x0000,0x0000,

	0x0000,0x0000,0x0000,0x0000,0x0000,0x0000,0x0000,0x0000,
	0x0000,0x0000,0x0000,0x0000,0x0000,0x0000,0x0000,0x0000,
	0x0000,0x0000,0x0000,0x0000,0x0000,0x0000,0x0000,0x0000,
	0x0000,0x0000,0x0000,0x0000,0x0000,0x0000,0x0000,0x0000,
	0x0000,0x0000,0x0000,0x0000,0x0000,0x0000,0x0000,0x0000,
	0x0000,0x0000,0x0000,0x0000,0x0000,0x0000,0x0000,0x0000,
	0x0000,0x0000,0x0000,0x0000,0x0000,0x0000,0x0000,0x0000,
	0x0000,0x0000,0x0000,0x0000,0x0000,0x0000,0x0000,0x0000,

	0x0000,0x0000,0x0000,0x0000,0x0000,0x0000,0x0000,0x0000,
	0x0000,0x0000,0x0000,0x0000,0x0000,0x0000,0x0000,0x0000,
	0x0000,0x0000,0x0000,0x0000,0x0000,0x0000,0x0000,0x0000,
	0x0000,0x0000,0x0000,0x0000,0x0000,0x0000,0x0000,0x0000,
	0x0000,0x0000,0x0000,0x0000,0x0000,0x0000,0x0000,0x0000,
	0x0000,0x0000,0x0000,0x0000,0x0000,0x0000,0x0000,0x0000,
	0x0000,0x0000,0x0000,0x0000,0x0000,0x0000,0x0000,0x0000,
	0x0000,0x0000,0x0000,0x0000,0x0000,0x0000,0x0000,0x0000,

	0x0020,0x0000,0x7200,0x7272,0x0000,0x0000,0x0000,0x7200,
	0x0000,0x0000,0x0000,0x0000,0x0000,0x0000,0x0000,0x0000,
	0x0000,0x0000,0x0000,0x0000,0x0000,0x0000,0x0000,0x0000,
	0x0000,0x0000,0x0000,0x0000,0x0000,0x0000,0x0000,0x0000,
	0x6D0E,0x7232,0x2772,0x0000,0x7272,0x0000,0x0000,0x0000,
	0x0000,0x0000,0x0000,0x0000,0x0000,0x0000,0x0000,0x0000,
	0x0000,0x0000,0x0000,0x0000,0x0000,0x0000,0x0000,0x0000,
	0x0000,0x0000,0x0000,0x0000,0x0000,0x0000,0x0000,0x0000,

	0x0000,0x0000,0x0000,0x0000,0x0000,0x0000,0x0000,0x0000,
	0x0000,0x0000,0x0000,0x0000,0x0000,0x0000,0x0000,0x0000,
	0x0000,0x0000,0x0000,0x0000,0x0000,0x0000,0x0000,0x0000,
	0x0000,0x0000,0x0000,0x0000,0x0000,0x0000,0x0000,0x0000,
	0x0000,0x0000,0x0000,0x0000,0x0000,0x0000,0x0000,0x0000,
	0x0000,0x0000,0x0000,0x0000,0x0000,0x0000,0x0000,0x0000,
	0x0000,0x0000,0x0000,0x0000,0x0000,0x0000,0x0000,0x0000,
	0x0000,0x0000,0x0000,0x0000,0x0000,0x0000,0x0000,0x0000,

	0x0000,0x0000,0x0000,0x0000,0x0000,0x0000,0x0000,0x0000,
	0x0000,0x0000,0x0000,0x0000,0x0000,0x0000,0x0000,0x0000,
	0x0000,0x0000,0x0000,0x0000,0x0000,0x0000,0x0000,0x0000,
	0x0000,0x0000,0x0000,0x0000,0x0000,0x0000,0x0000,0x0000,
	0x0000,0x0000,0x0000,0x0000,0x0000,0x0000,0x0000,0x0000,
	0x0000,0x0000,0x0000,0x0000,0x0000,0x0000,0x0000,0x0000,
	0x0000,0x0000,0x0000,0x0000,0x0000,0x0000,0x0000,0x0000,
	0x0000,0x0000,0x0000,0x0000,0x0000,0x0000,0x0000,0x0000,

	0x0000,0x0000,0x0000,0x0000,0x0000,0x0000,0x0000,0x0000,
	0x0000,0x0000,0x0000,0x0000,0x0000,0x0000,0x0000,0x0000,
	0x0000,0x0000,0x0000,0x0000,0x0000,0x0000,0x0000,0x0000,
	0x0000,0x0000,0x0000,0x0000,0x0000,0x0000,0x0000,0x0000,
	0x0000,0x0000,0x0000,0x0000,0x0000,0x0000,0x0000,0x0000,
	0x0000,0x0000,0x0000,0x0000,0x0000,0x0000,0x0000,0x0000,
	0x0000,0x0000,0x0000,0x0000,0x0000,0x0000,0x0000,0x0000,
	0x0000,0x0000,0x0000,0x0000,0x0000,0x0000,0x0000,0x0000,

	0x0000,0x0000,0x0000,0x0000,0x0000,0x0000,0x0000,0x0000,
	0x0000,0x0000,0x0000,0x0000,0x0000,0x0000,0x0000,0x0000,
	0x0000,0x0000,0x0000,0x0000,0x0000,0x0000,0x0000,0x0000,
	0x0000,0x0000,0x0000,0x0000,0x0000,0x0000,0x0000,0x0000,
	0x0000,0x0000,0x0000,0x0000,0x0000,0x0000,0x0000,0x0000,
	0x0000,0x0000,0x0000,0x0000,0x0000,0x0000,0x0000,0x0000,
	0x0000,0x0000,0x0000,0x0000,0x0000,0x0000,0x0000,0x0000,
	0x0000,0x0000,0x0000,0x0000,0x0000,0x0000,0x0000,0x0000,

	0x6565,0x6565,0x6565,0x6565,0x6565,0x6565,0x6565,0x6565,
	0x6565,0x6565,0x6565,0x6565,0x6565,0x6565,0x6565,0x6565,
	0x6565,0x6565,0x6565,0x6565,0x6565,0x6565,0x6565,0x6565,
	0x6565,0x6565,0x6565,0x6565,0x6565,0x6565,0x6565,0x6565,
	0x6565,0x6565,0x6565,0x6565,0x6565,0x6565,0x6565,0x6565,
	0x6565,0x6565,0x6565,0x6565,0x6565,0x6565,0x6565,0x0565,
	0x6565,0x6565,0x6565,0x0565,0x6565,0x6565,0x5165,0x0505,
	0x6565,0x6565,0x6165,0x6505,0x6565,0x6565,0x0565,0x6505,

	0x6565,0x6565,0x6565,0x6565,0x6565,0x6565,0x6565,0x6565,
	0x6565,0x6565,0x6565,0x6565,0x4C05,0x6C51,0x512E,0x6565,
	0x514C,0x6C65,0x6C6C,0x161B,0x6505,0x6565,0x6C65,0x6C6C,
	0x6565,0x4365,0x6543,0x1B65,0x6565,0x5865,0x4343,0x6565,
	0x6565,0x6565,0x6565,0x6565,0x6565,0x6565,0x6565,0x6565,
	0x6565,0x6565,0x6565,0x6565,0x6565,0x6565,0x6565,0x6565,
	0x6565,0x6565,0x6565,0x6565,0x6551,0x6565,0x6565,0x6565,
	0x626C,0x6565,0x6565,0x6565,0x6C6C,0x6565,0x6565,0x6565,

	0x6565,0x6565,0x6565,0x6565,0x6565,0x6565,0x6565,0x6565,
	0x6565,0x6565,0x6565,0x6565,0x6565,0x6565,0x6565,0x6565,
	0x6565,0x6565,0x6565,0x6565,0x6565,0x6565,0x6565,0x6565,
	0x6565,0x6565,0x6565,0x6565,0x6565,0x6565,0x6565,0x6565,
	0x6565,0x6565,0x6565,0x6565,0x6565,0x6565,0x6565,0x6565,
	0x6565,0x6565,0x6565,0x6565,0x6565,0x6565,0x6565,0x6565,
	0x6565,0x6565,0x6565,0x6565,0x6565,0x6565,0x6565,0x6565,
	0x6565,0x6565,0x6565,0x6565,0x6565,0x6565,0x6565,0x6565,

	0x6565,0x6565,0x6565,0x6565,0x6565,0x6565,0x6565,0x6565,
	0x6565,0x6565,0x6565,0x6565,0x6565,0x6565,0x6565,0x6565,
	0x6565,0x6565,0x6565,0x6565,0x6565,0x6565,0x6565,0x6565,
	0x6565,0x6565,0x6565,0x6565,0x6565,0x6565,0x6565,0x6565,
	0x6565,0x6565,0x0505,0x6565,0x6565,0x6565,0x054C,0x6565,
	0x6565,0x6565,0x4551,0x6565,0x6565,0x6565,0x5151,0x6565,
	0x6565,0x6565,0x5165,0x6517,0x6565,0x6565,0x6565,0x5151,
	0x6565,0x6565,0x6565,0x5151,0x6565,0x6565,0x6565,0x5165,

	0x6565,0x6565,0x6565,0x6543,0x6565,0x6565,0x6565,0x656C,
	0x6565,0x6565,0x6565,0x6565,0x6565,0x6565,0x6565,0x6565,
	0x4365,0x6565,0x6565,0x6565,0x2D65,0x6543,0x6565,0x6565,
	0x6551,0x6565,0x6565,0x6565,0x5151,0x5151,0x5151,0x5151,
	0x6565,0x6C5D,0x6565,0x6565,0x6565,0x6C51,0x6565,0x6565,
	0x6565,0x6C51,0x6565,0x6565,0x6565,0x5151,0x6565,0x6565,
	0x4365,0x6551,0x6565,0x6565,0x3943,0x6551,0x6565,0x6565,
	0x5151,0x6551,0x6565,0x6565,0x5151,0x6565,0x6565,0x6565,

	0x6565,0x6565,0x0065,0x0000,0x6565,0x6565,0x0065,0x0000,
	0x6565,0x6565,0x0065,0x0000,0x6565,0x6565,0x0065,0x0000,
	0x6565,0x6565,0x0065,0x0000,0x6565,0x6565,0x0065,0x0000,
	0x6565,0x6565,0x0065,0x0000,0x6565,0x6565,0x0065,0x0000,
	0x0000,0x0000,0x0000,0x0000,0x0000,0x0000,0x0000,0x0000,
	0x0000,0x0000,0x0000,0x0000,0x0000,0x0000,0x0000,0x0000,
	0x0000,0x0000,0x0000,0x0000,0x0000,0x0000,0x0000,0x0000,
	0x0000,0x0000,0x0000,0x0000,0x0000,0x0000,0x0000,0x0000,

	0x0000,0x0000,0x0000,0x0000,0x0000,0x0000,0x0000,0x0000,
	0x0000,0x0000,0x0000,0x0000,0x0000,0x0000,0x0000,0x0000,
	0x0000,0x0000,0x0000,0x0000,0x0000,0x0000,0x0000,0x0000,
	0x0000,0x0000,0x0000,0x0000,0x0000,0x0000,0x0000,0x0000,
	0x0000,0x0000,0x0000,0x0000,0x0000,0x0000,0x0000,0x0000,
	0x0000,0x0000,0x0000,0x0000,0x0000,0x0000,0x0000,0x0000,
	0x0000,0x0000,0x0000,0x0000,0x0000,0x0000,0x0000,0x0000,
	0x0000,0x0000,0x0000,0x0000,0x0000,0x0000,0x0000,0x0000,

	0x0000,0x0000,0x0000,0x0000,0x0000,0x0000,0x0000,0x0000,
	0x0000,0x0000,0x0000,0x0000,0x0000,0x0000,0x0000,0x0000,
	0x0000,0x0000,0x0000,0x0000,0x0000,0x0000,0x0000,0x0000,
	0x0000,0x0000,0x0000,0x0000,0x0000,0x0000,0x0000,0x0000,
	0x0000,0x0000,0x0000,0x0000,0x0000,0x0000,0x0000,0x0000,
	0x0000,0x0000,0x0000,0x0000,0x0000,0x0000,0x0000,0x0000,
	0x0000,0x0000,0x0000,0x0000,0x0000,0x0000,0x0000,0x0000,
	0x0000,0x0000,0x0000,0x0000,0x0000,0x0000,0x0000,0x0000,

	0x0000,0x0000,0x0000,0x0000,0x0000,0x0000,0x0000,0x0000,
	0x0000,0x0000,0x0000,0x0000,0x0000,0x0000,0x0000,0x0000,
	0x0000,0x0000,0x0000,0x0000,0x0000,0x0000,0x0000,0x0000,
	0x0000,0x0000,0x0000,0x0000,0x0000,0x0000,0x0000,0x0000,
	0x0000,0x0000,0x0000,0x0000,0x0000,0x0000,0x0000,0x0000,
	0x0000,0x0000,0x0000,0x0000,0x0000,0x0000,0x0000,0x0000,
	0x0000,0x0000,0x0000,0x0000,0x0000,0x0000,0x0000,0x0000,
	0x0000,0x0000,0x0000,0x0000,0x0000,0x0000,0x0000,0x0000,

	0x0000,0x0000,0x0000,0x0000,0x0000,0x0000,0x0000,0x0000,
	0x0000,0x0000,0x0000,0x0000,0x0000,0x0000,0x0000,0x0000,
	0x0000,0x0000,0x0000,0x0000,0x0000,0x0000,0x0000,0x0000,
	0x0000,0x0000,0x0000,0x0000,0x0000,0x0000,0x0000,0x0000,
	0x0000,0x0000,0x0000,0x0000,0x0000,0x0000,0x0000,0x0000,
	0x0000,0x0000,0x0000,0x0000,0x0000,0x0000,0x0000,0x0000,
	0x0000,0x0000,0x0000,0x0000,0x0000,0x0000,0x0000,0x0000,
	0x0000,0x0000,0x0000,0x0000,0x0000,0x0000,0x0000,0x0000,

	0x0000,0x0000,0x0000,0x0000,0x0000,0x0000,0x0000,0x0000,
	0x0000,0x0000,0x0000,0x0000,0x0000,0x0000,0x0000,0x0000,
	0x0000,0x0000,0x0000,0x0000,0x0000,0x0000,0x0000,0x0000,
	0x0000,0x0000,0x0000,0x0000,0x0000,0x0000,0x0000,0x0000,
	0x0000,0x0000,0x0000,0x0000,0x0000,0x0000,0x0000,0x0000,
	0x0000,0x0000,0x0000,0x0000,0x0000,0x0000,0x0000,0x0000,
	0x0000,0x0000,0x0000,0x0000,0x0000,0x0000,0x0000,0x0000,
	0x0000,0x0000,0x0000,0x0000,0x0000,0x0000,0x0000,0x0000,

	0x0000,0x0000,0x0000,0x0000,0x0000,0x0000,0x0000,0x0000,
	0x0000,0x0000,0x0000,0x0000,0x0000,0x0000,0x0000,0x0000,
	0x0000,0x0000,0x0000,0x0000,0x0000,0x0000,0x0000,0x0000,
	0x0000,0x0000,0x0000,0x0000,0x0000,0x0000,0x0000,0x0000,
	0x0000,0x0000,0x0000,0x0000,0x0000,0x0000,0x0000,0x0000,
	0x0000,0x0000,0x0000,0x0000,0x0000,0x0000,0x0000,0x0000,
	0x0000,0x0000,0x0000,0x0000,0x0000,0x0000,0x0000,0x0000,
	0x0000,0x0000,0x0000,0x0000,0x0000,0x0000,0x0000,0x706E,

	0x0000,0x0000,0x0000,0x0000,0x0000,0x0000,0x0000,0x0000,
	0x0000,0x0000,0x0000,0x0000,0x0000,0x0000,0x0000,0x0000,
	0x0000,0x0000,0x0000,0x0000,0x0000,0x0000,0x0000,0x0000,
	0x0000,0x0000,0x0000,0x0000,0x0F32,0x6D72,0x004D,0x0000,
	0x0000,0x0000,0x0000,0x0000,0x0000,0x0000,0x0000,0x0000,
	0x0000,0x0000,0x0000,0x0000,0x0000,0x0000,0x0000,0x0000,
	0x0000,0x0000,0x0000,0x0000,0x0000,0x0000,0x0000,0x0000,
	0x0000,0x0000,0x0000,0x0000,0x0000,0x0000,0x0000,0x0000,

	0x0000,0x0000,0x0000,0x0000,0x0000,0x0000,0x0000,0x0000,
	0x0000,0x0000,0x0000,0x0000,0x0000,0x0000,0x0000,0x0000,
	0x0000,0x0000,0x0000,0x0000,0x0000,0x0000,0x0000,0x0000,
	0x0000,0x0000,0x0000,0x0000,0x0000,0x0000,0x0000,0x0000,
	0x0000,0x0000,0x0000,0x0000,0x0000,0x0000,0x0000,0x0000,
	0x0000,0x0000,0x0000,0x0000,0x0000,0x0000,0x0000,0x0000,
	0x0000,0x0000,0x0000,0x0000,0x0000,0x0000,0x0000,0x0000,
	0x0000,0x0000,0x0000,0x0000,0x0000,0x0000,0x0000,0x0000,

	0x0000,0x0000,0x0000,0x0000,0x0000,0x0000,0x0000,0x0000,
	0x0000,0x0000,0x0000,0x0000,0x0000,0x0000,0x0000,0x0000,
	0x0000,0x0000,0x0000,0x0000,0x0000,0x0000,0x0000,0x0000,
	0x0000,0x0000,0x0000,0x0000,0x0000,0x0000,0x0000,0x0000,
	0x0000,0x0000,0x0000,0x0000,0x0000,0x0000,0x0000,0x0000,
	0x0000,0x0000,0x0000,0x0000,0x0000,0x0000,0x0000,0x0000,
	0x0000,0x0000,0x0000,0x0000,0x0000,0x0000,0x0000,0x0000,
	0x0000,0x0000,0x0000,0x0000,0x0000,0x0000,0x0000,0x0000,

	0x0000,0x0000,0x0000,0x0000,0x0000,0x0000,0x0000,0x0000,
	0x0000,0x0000,0x0000,0x0000,0x0000,0x0000,0x0000,0x0000,
	0x0000,0x0000,0x0000,0x0000,0x0000,0x0000,0x0000,0x0000,
	0x0000,0x0000,0x0000,0x0000,0x0000,0x0000,0x0000,0x0000,
	0x0000,0x0000,0x0000,0x0000,0x0000,0x0000,0x0000,0x0000,
	0x0000,0x0000,0x0000,0x0000,0x0000,0x0000,0x0000,0x0000,
	0x0000,0x0000,0x0000,0x0000,0x0000,0x0000,0x0000,0x0000,
	0x0000,0x0000,0x0000,0x0000,0x0000,0x0000,0x0000,0x0000,

	0x6565,0x6565,0x6565,0x6565,0x6565,0x6565,0x6565,0x6565,
	0x6565,0x6565,0x6565,0x6565,0x6565,0x6565,0x6565,0x6565,
	0x6565,0x6565,0x6565,0x6565,0x6565,0x6565,0x6565,0x6565,
	0x6565,0x6565,0x6565,0x6565,0x6565,0x6565,0x6565,0x6565,
	0x6565,0x6565,0x0545,0x6505,0x6565,0x6565,0x0561,0x6565,
	0x6565,0x6565,0x057A,0x6565,0x6565,0x6565,0x0524,0x6565,
	0x6565,0x6565,0x0565,0x6505,0x6565,0x6565,0x0565,0x0505,
	0x6565,0x6565,0x6565,0x7851,0x6565,0x6565,0x6565,0x6565,

	0x6565,0x6565,0x4343,0x6565,0x6565,0x6565,0x4365,0x6539,
	0x6565,0x6565,0x2265,0x6543,0x6565,0x6565,0x6565,0x6565,
	0x6565,0x6565,0x6565,0x6565,0x6565,0x6565,0x6565,0x6565,
	0x436F,0x5043,0x0202,0x6502,0x6565,0x4343,0x5643,0x6551,
	0x6C6C,0x6554,0x6565,0x6565,0x6C65,0x650C,0x6565,0x6565,
	0x5465,0x6504,0x6565,0x6565,0x0465,0x651B,0x6565,0x6565,
	0x5A17,0x656C,0x6565,0x6565,0x5151,0x6565,0x6565,0x6565,
	0x6565,0x6565,0x6502,0x6565,0x6565,0x6565,0x6565,0x6565,

	0x6565,0x6565,0x6565,0x6565,0x6565,0x6565,0x6565,0x6565,
	0x6565,0x6565,0x6565,0x6565,0x6565,0x6565,0x6565,0x6565,
	0x6565,0x6565,0x6565,0x6565,0x6565,0x6565,0x6565,0x6565,
	0x6565,0x6565,0x6565,0x6565,0x6565,0x6565,0x6565,0x6565,
	0x6565,0x6565,0x6565,0x6565,0x6565,0x6565,0x6565,0x6565,
	0x6565,0x6565,0x6565,0x6565,0x6565,0x6565,0x6565,0x6565,
	0x6565,0x6565,0x6565,0x6565,0x6565,0x6565,0x6565,0x6565,
	0x6565,0x6565,0x6565,0x6565,0x6565,0x6565,0x6565,0x6565,

	0x6565,0x6565,0x6565,0x6565,0x6565,0x6565,0x6565,0x6565,
	0x6565,0x6565,0x6565,0x6565,0x6565,0x6565,0x6565,0x6565,
	0x6565,0x6565,0x6565,0x6565,0x6565,0x6565,0x6565,0x6565,
	0x6565,0x6565,0x6565,0x6565,0x6565,0x6565,0x6565,0x6565,
	0x6565,0x6565,0x6565,0x6565,0x6565,0x6565,0x6565,0x6565,
	0x6565,0x6565,0x6565,0x6565,0x6565,0x6565,0x6565,0x6565,
	0x6565,0x6565,0x6565,0x6565,0x6565,0x6565,0x6565,0x6565,
	0x6565,0x6565,0x6565,0x6565,0x6565,0x6565,0x6565,0x6565,

	0x5151,0x5151,0x5151,0x5151,0x6565,0x6565,0x6565,0x6565,
	0x6565,0x6565,0x6565,0x6565,0x6565,0x6565,0x6565,0x6565,
	0x6565,0x6565,0x6565,0x6565,0x6565,0x6565,0x6565,0x6565,
	0x6565,0x6565,0x6565,0x6565,0x6565,0x6565,0x6565,0x6565,
	0x6565,0x6565,0x6565,0x6565,0x6565,0x6565,0x6565,0x6565,
	0x6565,0x6565,0x6565,0x6565,0x6565,0x6565,0x6565,0x6565,
	0x6565,0x6565,0x6565,0x6565,0x6565,0x6565,0x6565,0x6565,
	0x6565,0x6565,0x6565,0x6565,0x6565,0x6565,0x6565,0x6565,

	0x6565,0x6565,0x0065,0x0000,0x6565,0x6565,0x0065,0x0000,
	0x6565,0x6565,0x0065,0x0000,0x6565,0x6565,0x0065,0x0000,
	0x6565,0x6565,0x0065,0x0000,0x6565,0x6565,0x6565,0x0065,
	0x6565,0x6565,0x6565,0x0065,0x6565,0x6565,0x6565,0x0065,
	0x0000,0x0000,0x0000,0x0000,0x0000,0x0000,0x0000,0x0000,
	0x0000,0x0000,0x0000,0x0000,0x0000,0x0000,0x0000,0x0000,
	0x0000,0x0000,0x0000,0x0000,0x0000,0x0000,0x0000,0x0000,
	0x0000,0x0000,0x0000,0x0000,0x0000,0x0000,0x0000,0x0000,

	0x0000,0x0000,0x0000,0x0000,0x0000,0x0000,0x0000,0x0000,
	0x0000,0x0000,0x0000,0x0000,0x0000,0x0000,0x0000,0x0000,
	0x0000,0x0000,0x0000,0x0000,0x0000,0x0000,0x0000,0x0000,
	0x0000,0x0000,0x0000,0x0000,0x0000,0x0000,0x0000,0x0000,
	0x0000,0x0000,0x0000,0x0000,0x0000,0x0000,0x0000,0x0000,
	0x0000,0x0000,0x0000,0x0000,0x0000,0x0000,0x0000,0x0000,
	0x0000,0x0000,0x0000,0x0000,0x0000,0x0000,0x0000,0x0000,
	0x0000,0x0000,0x0000,0x0000,0x0000,0x0000,0x0000,0x0000,

	0x0000,0x0000,0x0000,0x0000,0x0000,0x0000,0x0000,0x0000,
	0x0000,0x0000,0x0000,0x0000,0x0000,0x0000,0x0000,0x0000,
	0x0000,0x0000,0x0000,0x0000,0x0000,0x0000,0x0000,0x0000,
	0x0000,0x0000,0x0000,0x0000,0x0000,0x0000,0x0000,0x0000,
	0x0000,0x0000,0x0000,0x0000,0x0000,0x0000,0x0000,0x0000,
	0x0000,0x0000,0x0000,0x0000,0x0000,0x0000,0x0000,0x0000,
	0x0000,0x0000,0x0000,0x0000,0x0000,0x0000,0x0000,0x0000,
	0x0000,0x0000,0x0000,0x0000,0x0000,0x0000,0x0000,0x0000,

	0x0000,0x0000,0x0000,0x0000,0x0000,0x0000,0x0000,0x0000,
	0x0000,0x0000,0x0000,0x0000,0x0000,0x0000,0x0000,0x0000,
	0x0000,0x0000,0x0000,0x0000,0x0000,0x0000,0x0000,0x0000,
	0x0000,0x0000,0x0000,0x0000,0x0000,0x0000,0x0000,0x0000,
	0x0000,0x0000,0x0000,0x0000,0x0000,0x0000,0x0000,0x0000,
	0x0000,0x0000,0x0000,0x0000,0x0000,0x0000,0x0000,0x0000,
	0x0000,0x0000,0x0000,0x0000,0x0000,0x0000,0x0000,0x0000,
	0x0000,0x0000,0x0000,0x0000,0x0000,0x0000,0x0000,0x0000,

	0x0000,0x0000,0x0000,0x0000,0x0000,0x0000,0x0000,0x0000,
	0x0000,0x0000,0x0000,0x0000,0x0000,0x0000,0x0000,0x0000,
	0x0000,0x0000,0x0000,0x0000,0x0000,0x0000,0x0000,0x0000,
	0x0000,0x0000,0x0000,0x0000,0x0000,0x0000,0x0000,0x0000,
	0x0000,0x0000,0x0000,0x0000,0x0000,0x0000,0x0000,0x0000,
	0x0000,0x0000,0x0000,0x0000,0x0000,0x0000,0x0000,0x0000,
	0x0000,0x0000,0x0000,0x0000,0x0000,0x0000,0x0000,0x0000,
	0x0000,0x0000,0x0000,0x0000,0x0000,0x0000,0x0000,0x0000,

	0x0000,0x0000,0x0000,0x0000,0x0000,0x0000,0x0000,0x0000,
	0x0000,0x0000,0x0000,0x0000,0x0000,0x0000,0x0000,0x0000,
	0x0000,0x0000,0x0000,0x0000,0x0000,0x0000,0x0000,0x0000,
	0x0000,0x0000,0x0000,0x0000,0x0000,0x0000,0x0000,0x4A00,
	0x0000,0x0000,0x0000,0x0000,0x0000,0x0000,0x0000,0x0000,
	0x0000,0x0000,0x0000,0x0000,0x0000,0x0000,0x3273,0x3272,
	0x0000,0x6D19,0x0E72,0x1919,0x1900,0x6772,0x1919,0x1919,
	0x726D,0x1919,0x1919,0x1919,0x1972,0x1919,0x0A19,0x190A,

	0x0000,0x0000,0x0000,0x0000,0x0000,0x0000,0x0000,0x0000,
	0x7272,0x000B,0x0000,0x724D,0x6D0E,0x7272,0x1919,0x1972,
	0x1919,0x1919,0x0E72,0x194A,0x1919,0x1919,0x7219,0x0719,
	0x1919,0x1919,0x7219,0x3719,0x1919,0x1919,0x7219,0x3719,
	0x0000,0x724D,0x3272,0x196E,0x7232,0x196D,0x1919,0x1819,
	0x1927,0x3734,0x3737,0x3737,0x3719,0x3737,0x3737,0x196B,
	0x3757,0x5737,0x1919,0x1919,0x3737,0x1919,0x1919,0x1919,
	0x1937,0x1919,0x1919,0x1919,0x1919,0x1919,0x1919,0x1919,

	0x1919,0x6719,0x726D,0x1970,0x5742,0x3737,0x1934,0x724D,
	0x3737,0x1937,0x3719,0x1907,0x1919,0x1919,0x1919,0x1937,
	0x1919,0x1919,0x1919,0x1919,0x1919,0x1919,0x1919,0x1919,
	0x1919,0x1919,0x1919,0x1919,0x1919,0x1919,0x1919,0x1919,
	0x0000,0x0000,0x0000,0x0000,0x0070,0x0000,0x0000,0x0000,
	0x6E72,0x0000,0x0000,0x0000,0x7219,0x0019,0x0000,0x0000,
	0x4D19,0x006D,0x0000,0x0000,0x1919,0x1972,0x1910,0x0000,
	0x1919,0x1972,0x1019,0x1919,0x1919,0x190F,0x1919,0x1919,

	0x0000,0x0000,0x0000,0x0000,0x0000,0x0000,0x0000,0x0000,
	0x0000,0x0000,0x0000,0x0000,0x0000,0x0000,0x0000,0x0000,
	0x0000,0x0000,0x0000,0x0000,0x0000,0x0000,0x0000,0x0000,
	0x0000,0x0000,0x0000,0x0000,0x0019,0x0000,0x0000,0x0000,
	0x0000,0x0000,0x0000,0x0000,0x0000,0x0000,0x0000,0x0000,
	0x0000,0x0000,0x0000,0x0000,0x0000,0x0000,0x0000,0x0000,
	0x0000,0x0000,0x0000,0x0000,0x0000,0x0000,0x0000,0x0000,
	0x0000,0x0000,0x0000,0x0000,0x3267,0x7272,0x7272,0x270F,

	0x0000,0x0000,0x0000,0x0000,0x0000,0x0000,0x0000,0x0000,
	0x0000,0x0000,0x0000,0x0000,0x0000,0x0000,0x0000,0x0000,
	0x0000,0x0000,0x0000,0x0000,0x0000,0x0000,0x0000,0x0000,
	0x0000,0x0000,0x0000,0x0000,0x0000,0x0000,0x0000,0x0000,
	0x0000,0x0000,0x0000,0x0000,0x0000,0x0000,0x0000,0x0000,
	0x0000,0x0000,0x0000,0x0000,0x0000,0x0000,0x0000,0x0000,
	0x0000,0x0000,0x0000,0x0000,0x0000,0x0000,0x0000,0x0000,
	0x0000,0x0000,0x0000,0x0000,0x0000,0x0000,0x0000,0x0000,

	0x0000,0x0000,0x0000,0x0000,0x0000,0x0000,0x0000,0x0000,
	0x0000,0x0000,0x0000,0x0000,0x0000,0x0000,0x0000,0x0000,
	0x0000,0x0000,0x0000,0x0000,0x0000,0x0000,0x0000,0x0000,
	0x0000,0x0000,0x0000,0x0000,0x0000,0x0000,0x0000,0x0000,
	0x0000,0x0000,0x0000,0x0000,0x0000,0x0000,0x0000,0x0000,
	0x0000,0x0000,0x0000,0x0000,0x0000,0x0000,0x0000,0x0000,
	0x0000,0x0000,0x0000,0x0000,0x0000,0x0000,0x0000,0x0000,
	0x0000,0x0000,0x0000,0x0000,0x0000,0x0000,0x0000,0x0000,

	0x6565,0x6565,0x6565,0x6565,0x6565,0x6565,0x6565,0x6565,
	0x6565,0x6565,0x6565,0x6565,0x6565,0x6565,0x6565,0x6565,
	0x6565,0x6565,0x6565,0x6565,0x6565,0x6565,0x6565,0x6565,
	0x6565,0x6565,0x6565,0x6565,0x6565,0x6565,0x6565,0x6565,
	0x6565,0x6565,0x6565,0x6565,0x6565,0x6565,0x6565,0x6565,
	0x6565,0x6565,0x6565,0x6565,0x6565,0x6565,0x6565,0x6565,
	0x6565,0x6565,0x6565,0x6565,0x6565,0x6565,0x6565,0x6565,
	0x6565,0x6565,0x6565,0x6565,0x6565,0x6565,0x6565,0x6565,

	0x6565,0x5151,0x5151,0x6565,0x6565,0x6565,0x6565,0x6565,
	0x6565,0x6565,0x6565,0x6565,0x6565,0x6565,0x6565,0x6565,
	0x6565,0x6565,0x6565,0x6565,0x6565,0x6565,0x6565,0x6565,
	0x6565,0x6565,0x6565,0x6565,0x6565,0x6565,0x6565,0x6565,
	0x6565,0x6565,0x6565,0x6565,0x6565,0x6565,0x6565,0x6565,
	0x6565,0x6565,0x6565,0x6565,0x6565,0x6565,0x6565,0x6565,
	0x6565,0x6565,0x6565,0x6565,0x6565,0x6565,0x6565,0x6565,
	0x6565,0x6565,0x6565,0x6565,0x6565,0x6565,0x6565,0x6565,

	0x6565,0x6565,0x6565,0x6565,0x6565,0x6565,0x6565,0x6565,
	0x6565,0x6565,0x6565,0x6565,0x6565,0x6565,0x6565,0x6565,
	0x6565,0x6565,0x6565,0x6565,0x6565,0x6565,0x6565,0x6565,
	0x6565,0x6565,0x6565,0x6565,0x6565,0x6565,0x6565,0x6565,
	0x6565,0x6565,0x6565,0x6565,0x6565,0x6565,0x6565,0x6565,
	0x6565,0x6565,0x6565,0x6565,0x6565,0x6565,0x6565,0x6565,
	0x6565,0x6565,0x6565,0x6565,0x6565,0x6565,0x6565,0x6565,
	0x6565,0x6565,0x6565,0x6565,0x6565,0x6565,0x6565,0x6565,

	0x6565,0x6565,0x6565,0x6565,0x6565,0x6565,0x6565,0x6565,
	0x6565,0x6565,0x6565,0x6565,0x6565,0x6565,0x6565,0x6565,
	0x6565,0x6565,0x6565,0x6565,0x6565,0x6565,0x6565,0x6565,
	0x6565,0x6565,0x6565,0x6565,0x6565,0x6565,0x6565,0x6565,
	0x6565,0x6565,0x6565,0x6565,0x6565,0x6565,0x6565,0x6565,
	0x6565,0x6565,0x6565,0x6565,0x6565,0x6565,0x6565,0x6565,
	0x6565,0x6565,0x6565,0x6565,0x6565,0x6565,0x6565,0x6565,
	0x6565,0x6565,0x6565,0x6565,0x6565,0x6565,0x6565,0x6565,

	0x6565,0x6565,0x6565,0x6565,0x6565,0x6565,0x6565,0x6565,
	0x6565,0x6565,0x6565,0x6565,0x6565,0x6565,0x6565,0x6565,
	0x6565,0x6565,0x6565,0x6565,0x6565,0x6565,0x6565,0x6565,
	0x6565,0x6565,0x6565,0x6565,0x6565,0x6565,0x6565,0x6565,
	0x6565,0x6565,0x6565,0x6565,0x6565,0x6565,0x6565,0x6565,
	0x6565,0x6565,0x6565,0x6565,0x6565,0x6565,0x6565,0x6565,
	0x6565,0x6565,0x6565,0x6565,0x6565,0x6565,0x6565,0x6565,
	0x6565,0x6565,0x6565,0x6565,0x6565,0x6565,0x6565,0x6565,

	0x6565,0x6565,0x6565,0x0065,0x6565,0x6565,0x6565,0x0065,
	0x6565,0x6565,0x6565,0x0065,0x6565,0x6565,0x6565,0x0065,
	0x6565,0x6565,0x6565,0x0065,0x6565,0x6565,0x6565,0x0065,
	0x6565,0x6565,0x6565,0x0065,0x6565,0x6565,0x6565,0x0065,
	0x0000,0x0000,0x0000,0x0000,0x0000,0x0000,0x0000,0x0000,
	0x0000,0x0000,0x0000,0x0000,0x0000,0x0000,0x0000,0x0000,
	0x0000,0x0000,0x0000,0x0000,0x0000,0x0000,0x0000,0x0000,
	0x0000,0x0000,0x0000,0x0000,0x0000,0x0000,0x0000,0x0000,

	0x0000,0x0000,0x0000,0x0000,0x0000,0x0000,0x0000,0x0000,
	0x0000,0x0000,0x0000,0x0000,0x0000,0x0000,0x0000,0x0000,
	0x0000,0x0000,0x0000,0x0000,0x0000,0x0000,0x0000,0x0000,
	0x0000,0x0000,0x0000,0x0000,0x0000,0x0000,0x0000,0x0000,
	0x0000,0x0000,0x0000,0x0000,0x0000,0x0000,0x0000,0x0000,
	0x0000,0x0000,0x0000,0x0000,0x0000,0x0000,0x0000,0x0000,
	0x0000,0x0000,0x0000,0x0000,0x0000,0x0000,0x0000,0x0000,
	0x0000,0x0000,0x0000,0x0000,0x0000,0x0000,0x0000,0x0000,

	0x0000,0x0000,0x0000,0x0000,0x0000,0x0000,0x0000,0x0000,
	0x0000,0x0000,0x0000,0x0000,0x0000,0x0000,0x0000,0x0000,
	0x0000,0x0000,0x0000,0x0000,0x0000,0x0000,0x0000,0x0000,
	0x0000,0x0000,0x0000,0x0000,0x0000,0x0000,0x0000,0x0000,
	0x0000,0x0000,0x0000,0x0000,0x0000,0x0000,0x0000,0x0000,
	0x0000,0x0000,0x0000,0x0000,0x0000,0x0000,0x0000,0x0000,
	0x0000,0x0000,0x0000,0x0000,0x0000,0x0000,0x0000,0x0000,
	0x0000,0x0000,0x0000,0x0000,0x0000,0x0000,0x0000,0x0000,

	0x0000,0x0000,0x0000,0x0000,0x0000,0x0000,0x0000,0x0000,
	0x0000,0x0000,0x0000,0x0000,0x0000,0x0000,0x0000,0x0000,
	0x0000,0x0000,0x0000,0x0000,0x0000,0x0000,0x0000,0x0000,
	0x0000,0x0000,0x0000,0x0000,0x0000,0x0000,0x0000,0x0000,
	0x0000,0x0000,0x0000,0x0000,0x0000,0x0000,0x0000,0x0000,
	0x0000,0x0000,0x0000,0x0000,0x0000,0x0000,0x0000,0x0000,
	0x0000,0x0000,0x0000,0x0000,0x0000,0x0000,0x0000,0x0000,
	0x0000,0x0000,0x0000,0x0000,0x0000,0x0000,0x0000,0x0000,

	0x0000,0x0000,0x0000,0x0000,0x0000,0x0000,0x0000,0x0000,
	0x0000,0x0000,0x0000,0x0000,0x0000,0x0000,0x0000,0x0000,
	0x0000,0x0000,0x0000,0x0000,0x0000,0x0000,0x0000,0x0000,
	0x0000,0x0000,0x0000,0x0000,0x0000,0x0000,0x0000,0x0000,
	0x0000,0x0000,0x0000,0x0000,0x0000,0x0000,0x0000,0x0000,
	0x0000,0x0000,0x0F67,0x7272,0x0000,0x7200,0x1972,0x1919,
	0x1900,0x3272,0x1919,0x1919,0x0F00,0x1972,0x1919,0x1919,
	0x726E,0x1919,0x1919,0x0A19,0x1072,0x1919,0x3719,0x3737,

	0x0000,0x0000,0x0000,0x7219,0x0000,0x0000,0x0000,0x1972,
	0x4D32,0x1019,0x1919,0x1067,0x6D19,0x1919,0x7219,0x1910,
	0x1910,0x1919,0x7219,0x1919,0x1919,0x1919,0x1919,0x1919,
	0x7537,0x1919,0x1919,0x1919,0x5F75,0x1919,0x1919,0x1919,
	0x1919,0x3019,0x5F37,0x151E,0x1919,0x3437,0x1919,0x1919,
	0x0A19,0x1975,0x1919,0x1919,0x5F19,0x1919,0x1919,0x1919,
	0x1919,0x1919,0x1919,0x1919,0x1919,0x1919,0x1919,0x1919,
	0x1919,0x1919,0x1919,0x1919,0x1919,0x1919,0x1919,0x1919,

	0x1919,0x0F72,0x7267,0x3719,0x7219,0x1919,0x7010,0x1919,
	0x7219,0x4A19,0x190F,0x1919,0x3219,0x7272,0x1919,0x1919,
	0x1919,0x1919,0x1919,0x1919,0x1919,0x1919,0x1919,0x1919,
	0x1919,0x1919,0x1919,0x1919,0x1919,0x1919,0x1919,0x1919,
	0x1919,0x1919,0x1919,0x1919,0x1919,0x1919,0x1919,0x1919,
	0x1919,0x1919,0x1919,0x1919,0x1919,0x1919,0x1919,0x1919,
	0x1919,0x1919,0x1919,0x1919,0x1919,0x1919,0x1919,0x1919,
	0x1919,0x1919,0x1919,0x1919,0x1919,0x1919,0x1919,0x1919,

	0x1919,0x1919,0x1919,0x1919,0x1919,0x1919,0x1919,0x1919,
	0x1919,0x1919,0x1919,0x1919,0x1919,0x1919,0x1919,0x1919,
	0x1919,0x1919,0x1919,0x1919,0x1919,0x1919,0x1919,0x4019,
	0x1919,0x1919,0x3267,0x7272,0x1919,0x7219,0x3E32,0x1919,
	0x1919,0x1972,0x1919,0x1919,0x1919,0x1972,0x1919,0x1919,
	0x1919,0x1972,0x1919,0x1919,0x7019,0x1927,0x1919,0x1919,
	0x7219,0x1919,0x1919,0x1919,0x1972,0x1919,0x1919,0x1919,
	0x1919,0x1919,0x1919,0x1919,0x1919,0x1919,0x1919,0x1919,

	0x1919,0x0000,0x2700,0x7272,0x1910,0x4A00,0x6D72,0x1919,
	0x1919,0x6D6D,0x1919,0x1919,0x1919,0x1972,0x1919,0x1919,
	0x1919,0x1919,0x1919,0x1919,0x1919,0x1919,0x1919,0x1919,
	0x1019,0x1919,0x1919,0x1919,0x1919,0x1919,0x1919,0x1919,
	0x4D32,0x1919,0x1919,0x3219,0x1919,0x1919,0x1919,0x1919,
	0x1919,0x1919,0x1919,0x1919,0x1919,0x1919,0x1919,0x1919,
	0x1919,0x1919,0x1919,0x1919,0x1919,0x1919,0x1919,0x1919,
	0x1919,0x1919,0x1919,0x1919,0x1919,0x1919,0x1919,0x1919,

	0x3272,0x004D,0x0000,0x0000,0x1919,0x7232,0x0019,0x0000,
	0x1919,0x1919,0x4D72,0x0000,0x1919,0x1919,0x7219,0x0000,
	0x1919,0x1919,0x3219,0x004A,0x1919,0x1919,0x1919,0x0072,
	0x1919,0x1919,0x1919,0x0070,0x1919,0x1919,0x1919,0x0019,
	0x0000,0x0000,0x0000,0x0000,0x0000,0x0000,0x0000,0x0000,
	0x0000,0x0000,0x0000,0x0000,0x0000,0x0000,0x0000,0x0000,
	0x0000,0x0000,0x0000,0x0000,0x0000,0x0000,0x0000,0x0000,
	0x0000,0x0000,0x0000,0x0000,0x0000,0x0000,0x0000,0x0000,

	0x0000,0x0000,0x0000,0x0000,0x0000,0x0000,0x0000,0x0000,
	0x0000,0x0000,0x0000,0x0000,0x0000,0x0000,0x0000,0x0000,
	0x0000,0x0000,0x0000,0x0000,0x0000,0x0000,0x0000,0x0000,
	0x0000,0x0000,0x0000,0x0000,0x0000,0x0000,0x0000,0x0000,
	0x0000,0x0000,0x0000,0x0000,0x0000,0x0000,0x0000,0x0000,
	0x0000,0x0000,0x0000,0x0000,0x0000,0x0000,0x0000,0x0000,
	0x0000,0x0000,0x0000,0x0000,0x0000,0x0000,0x0000,0x0000,
	0x0000,0x0000,0x0000,0x0000,0x0000,0x0000,0x0000,0x0000,

	0x6565,0x6565,0x6565,0x6565,0x6565,0x6565,0x6565,0x6565,
	0x6565,0x6565,0x6565,0x6565,0x6565,0x6565,0x6565,0x6565,
	0x6565,0x6565,0x6565,0x6565,0x6565,0x6565,0x6565,0x6565,
	0x6565,0x6565,0x6565,0x6565,0x6565,0x6565,0x6565,0x6565,
	0x6565,0x6565,0x6565,0x6565,0x6565,0x6565,0x6565,0x6565,
	0x6565,0x6565,0x6565,0x6565,0x6565,0x6565,0x6565,0x6565,
	0x6565,0x6565,0x6565,0x6565,0x6565,0x6565,0x6565,0x6565,
	0x6565,0x6565,0x6565,0x6565,0x6565,0x6565,0x6565,0x6565,

	0x6565,0x6565,0x6565,0x6565,0x6565,0x6565,0x6565,0x6565,
	0x6565,0x6565,0x6565,0x6565,0x6565,0x6565,0x6565,0x6565,
	0x6565,0x6565,0x6565,0x6565,0x6565,0x6565,0x6565,0x6565,
	0x6565,0x6565,0x6565,0x6565,0x6565,0x6565,0x6565,0x6565,
	0x6565,0x6565,0x6565,0x6565,0x6565,0x6565,0x6565,0x6565,
	0x6565,0x6565,0x6565,0x6565,0x6565,0x6565,0x6565,0x6565,
	0x6565,0x6565,0x6565,0x6565,0x6565,0x6565,0x6565,0x6565,
	0x6565,0x6565,0x6565,0x6565,0x6565,0x6565,0x6565,0x6565,

	0x6565,0x6565,0x6565,0x6565,0x6565,0x6565,0x6565,0x6565,
	0x6565,0x6565,0x6565,0x6565,0x6565,0x6565,0x6565,0x6565,
	0x6565,0x6565,0x6565,0x6565,0x6565,0x6565,0x6565,0x6565,
	0x6565,0x6565,0x6565,0x6565,0x6565,0x6565,0x6565,0x6565,
	0x6565,0x6565,0x6565,0x6565,0x6565,0x6565,0x6565,0x6565,
	0x6565,0x6565,0x6565,0x6565,0x6565,0x6565,0x6565,0x6565,
	0x6565,0x6565,0x6565,0x6565,0x6565,0x6565,0x6565,0x6565,
	0x6565,0x6565,0x6565,0x6565,0x6565,0x6565,0x6565,0x6565,

	0x6565,0x6565,0x6565,0x6565,0x6565,0x6565,0x6565,0x6565,
	0x6565,0x6565,0x6565,0x6565,0x6565,0x6565,0x6565,0x6565,
	0x6565,0x6565,0x6565,0x6565,0x6565,0x6565,0x6565,0x6565,
	0x6565,0x6565,0x6565,0x6565,0x6565,0x6565,0x6565,0x6565,
	0x6565,0x6565,0x6565,0x6565,0x6565,0x6565,0x6565,0x6565,
	0x6565,0x6565,0x6565,0x6565,0x6565,0x6565,0x6565,0x6565,
	0x6565,0x6565,0x6565,0x6565,0x6565,0x6565,0x6565,0x6565,
	0x6565,0x6565,0x6565,0x6565,0x6565,0x6565,0x6565,0x6565,

	0x6565,0x6565,0x6565,0x6565,0x6565,0x6565,0x6565,0x6565,
	0x6565,0x6565,0x6565,0x6565,0x6565,0x6565,0x6565,0x6565,
	0x6565,0x6565,0x6565,0x6565,0x6565,0x6565,0x6565,0x6565,
	0x6565,0x6565,0x6565,0x6565,0x6565,0x6565,0x6565,0x6565,
	0x6565,0x6565,0x6565,0x6565,0x6565,0x6565,0x6565,0x6565,
	0x6565,0x6565,0x6565,0x6565,0x6565,0x6565,0x6565,0x6565,
	0x6565,0x6565,0x6565,0x6565,0x6565,0x6565,0x6565,0x6565,
	0x6565,0x6565,0x6565,0x6565,0x6565,0x6565,0x6565,0x6565,

	0x6565,0x6565,0x6565,0x0065,0x6565,0x6565,0x6565,0x0065,
	0x6565,0x6565,0x6565,0x0065,0x6565,0x6565,0x6565,0x0065,
	0x6565,0x6565,0x6565,0x0065,0x6565,0x6565,0x6565,0x0065,
	0x6565,0x6565,0x6565,0x0065,0x6565,0x6565,0x6565,0x0065,
	0x0000,0x0000,0x0000,0x0000,0x0000,0x0000,0x0000,0x0000,
	0x0000,0x0000,0x0000,0x0000,0x0000,0x0000,0x0000,0x0000,
	0x0000,0x0000,0x0000,0x0000,0x0000,0x0000,0x0000,0x0000,
	0x0000,0x0000,0x0000,0x0000,0x0000,0x0000,0x0000,0x0000,

	0x0000,0x0000,0x0000,0x0000,0x0000,0x0000,0x0000,0x0000,
	0x0000,0x0000,0x0000,0x0000,0x0000,0x0000,0x0000,0x0000,
	0x0000,0x0000,0x0000,0x0000,0x0000,0x0000,0x0000,0x0000,
	0x0000,0x0000,0x0000,0x0000,0x0000,0x0000,0x0000,0x0000,
	0x0000,0x0000,0x0000,0x0000,0x0000,0x0000,0x0000,0x0000,
	0x0000,0x0000,0x0000,0x0000,0x0000,0x0000,0x0000,0x0000,
	0x0000,0x0000,0x0000,0x0000,0x0000,0x0000,0x0000,0x0000,
	0x0000,0x0000,0x0000,0x0000,0x0000,0x0000,0x0000,0x0000,

	0x0000,0x0000,0x0000,0x0000,0x0000,0x0000,0x0000,0x0000,
	0x0000,0x0000,0x0000,0x0000,0x0000,0x0000,0x0000,0x0000,
	0x0000,0x0000,0x0000,0x0000,0x0000,0x0000,0x0000,0x0000,
	0x0000,0x0000,0x0000,0x0000,0x0000,0x0000,0x0000,0x0000,
	0x0000,0x0000,0x0000,0x0000,0x0000,0x0000,0x0000,0x0000,
	0x0000,0x0000,0x0000,0x0000,0x0000,0x0000,0x0000,0x0000,
	0x0000,0x0000,0x0000,0x0000,0x0000,0x0000,0x0000,0x0000,
	0x0000,0x0000,0x0000,0x0000,0x0000,0x0000,0x0000,0x0000,

	0x0000,0x0000,0x0000,0x0000,0x0000,0x0000,0x0000,0x0000,
	0x0000,0x0000,0x0000,0x0000,0x0000,0x0000,0x0000,0x0000,
	0x0000,0x0000,0x0000,0x0000,0x0000,0x0000,0x0000,0x0000,
	0x0000,0x0000,0x0000,0x0000,0x0000,0x0000,0x0000,0x0000,
	0x0000,0x0000,0x0000,0x0000,0x0000,0x0000,0x0000,0x3325,
	0x0000,0x0000,0x0000,0x0000,0x0000,0x0000,0x0000,0x0000,
	0x0000,0x0000,0x0000,0x0000,0x0000,0x0000,0x0000,0x0000,
	0x0000,0x0000,0x0000,0x0000,0x0000,0x0000,0x0000,0x0000,

	0x0000,0x0000,0x0000,0x7200,0x0000,0x0000,0x0000,0x7200,
	0x0000,0x0000,0x0000,0x7200,0x0000,0x0000,0x0000,0x7200,
	0x0000,0x0000,0x0000,0x3200,0x0000,0x0000,0x0000,0x1900,
	0x0000,0x0000,0x0000,0x0000,0x0000,0x0000,0x0000,0x0000,
	0x1972,0x1919,0x1575,0x1942,0x194D,0x1919,0x3715,0x1919,
	0x1019,0x3719,0x1937,0x1919,0x1910,0x3710,0x1937,0x1919,
	0x1967,0x1019,0x1937,0x1919,0x1972,0x1919,0x1919,0x1919,
	0x0E72,0x1919,0x1919,0x1919,0x7200,0x1919,0x1919,0x1919,

	0x1919,0x1919,0x1919,0x1919,0x1919,0x1919,0x1919,0x1919,
	0x1919,0x1919,0x1919,0x1919,0x1919,0x1919,0x1910,0x7267,
	0x1919,0x1019,0x3219,0x1072,0x1019,0x7710,0x0838,0x1977,
	0x1919,0x6D19,0x196E,0x2867,0x1919,0x724D,0x1919,0x1919,
	0x1919,0x1919,0x1919,0x1919,0x1919,0x1919,0x1919,0x1919,
	0x724D,0x0F72,0x7072,0x1919,0x196D,0x1919,0x1019,0x4D72,
	0x1919,0x1919,0x1919,0x7219,0x1919,0x1919,0x1919,0x1919,
	0x1919,0x1919,0x1919,0x1919,0x1919,0x1919,0x1919,0x1919,

	0x1919,0x1919,0x1919,0x1919,0x1919,0x1919,0x1919,0x1919,
	0x1919,0x6732,0x1919,0x1919,0x1919,0x1932,0x1919,0x1919,
	0x1970,0x3219,0x1919,0x1919,0x1972,0x7219,0x1927,0x1919,
	0x0F19,0x1919,0x6D32,0x1919,0x7219,0x1919,0x4D19,0x3272,
	0x1919,0x1919,0x1919,0x1919,0x1919,0x1919,0x1919,0x1919,
	0x1919,0x1919,0x1919,0x1919,0x1919,0x1919,0x1919,0x1919,
	0x1919,0x1919,0x1919,0x1919,0x1919,0x1919,0x1919,0x1919,
	0x1919,0x1919,0x1919,0x1919,0x1919,0x1919,0x1919,0x1919,

	0x1919,0x1919,0x1919,0x1919,0x1919,0x1919,0x1919,0x1919,
	0x1919,0x1919,0x1919,0x1919,0x1919,0x1919,0x1919,0x1919,
	0x1919,0x1919,0x1919,0x1919,0x1919,0x1919,0x1919,0x1919,
	0x1919,0x1919,0x1919,0x1919,0x1919,0x1919,0x1919,0x1919,
	0x1919,0x1919,0x1919,0x1919,0x1919,0x1919,0x1919,0x1919,
	0x1919,0x1919,0x1919,0x1919,0x1919,0x1919,0x1919,0x1919,
	0x1919,0x1919,0x1919,0x1919,0x1919,0x1919,0x1919,0x1919,
	0x1919,0x1919,0x1919,0x7267,0x1919,0x1919,0x6D19,0x6E72,

	0x1919,0x1919,0x1919,0x1919,0x1919,0x1919,0x7267,0x7272,
	0x1919,0x6E19,0x3232,0x0E19,0x1019,0x7219,0x1919,0x1919,
	0x1019,0x4A19,0x1919,0x1919,0x4D70,0x190F,0x1919,0x1919,
	0x196D,0x190F,0x1919,0x7267,0x1919,0x1932,0x1919,0x1919,
	0x1919,0x1919,0x1919,0x1919,0x194D,0x1919,0x1919,0x1919,
	0x3272,0x1919,0x1919,0x1919,0x4D19,0x1972,0x1919,0x1919,
	0x1919,0x7270,0x1919,0x1919,0x1919,0x6E19,0x1927,0x1919,
	0x1919,0x1919,0x326E,0x1019,0x3232,0x1919,0x7219,0x196E,

	0x1919,0x1919,0x1919,0x0019,0x1919,0x1919,0x1919,0x0019,
	0x1919,0x1919,0x1919,0x0019,0x1919,0x1919,0x1919,0x0019,
	0x1919,0x1919,0x1919,0x0019,0x1919,0x1919,0x1919,0x0019,
	0x1919,0x1919,0x1919,0x7219,0x1919,0x1919,0x1919,0x0E4A,
	0x0000,0x0000,0x0000,0x0000,0x0000,0x0000,0x0000,0x0000,
	0x0000,0x0000,0x0000,0x0000,0x0000,0x0000,0x0000,0x0000,
	0x0000,0x0000,0x0000,0x0000,0x0000,0x0000,0x0000,0x0000,
	0x0000,0x0000,0x0000,0x0000,0x0000,0x0000,0x0000,0x0000,

	0x0000,0x0000,0x0000,0x0000,0x0000,0x0000,0x0000,0x0000,
	0x0000,0x0000,0x0000,0x0000,0x0000,0x0000,0x0000,0x0000,
	0x0000,0x0000,0x0000,0x0000,0x0000,0x0000,0x0000,0x0000,
	0x0000,0x0000,0x0000,0x0000,0x0000,0x0000,0x0000,0x0000,
	0x0000,0x0000,0x0000,0x0000,0x0000,0x0000,0x0000,0x0000,
	0x0000,0x0000,0x0000,0x0000,0x0000,0x0000,0x0000,0x0000,
	0x0000,0x0000,0x0000,0x0000,0x0000,0x0000,0x0000,0x0000,
	0x0000,0x0000,0x0000,0x0000,0x0000,0x0000,0x0000,0x0000,

	0x6565,0x6565,0x6565,0x6565,0x6565,0x6565,0x6565,0x6565,
	0x6565,0x6565,0x6565,0x6565,0x6565,0x6565,0x6565,0x6565,
	0x0000,0x0000,0x0000,0x0000,0x0000,0x0000,0x0000,0x0000,
	0x0000,0x0000,0x0000,0x0000,0x0000,0x0000,0x0000,0x0000,
	0x6565,0x6565,0x6565,0x6565,0x6565,0x6565,0x6565,0x6565,
	0x6565,0x6565,0x6565,0x6565,0x6565,0x6565,0x6565,0x6565,
	0x0000,0x0000,0x0000,0x0000,0x0000,0x0000,0x0000,0x0000,
	0x0000,0x0000,0x0000,0x0000,0x0000,0x0000,0x0000,0x0000,

	0x6565,0x6565,0x6565,0x6565,0x6565,0x6565,0x6565,0x6565,
	0x6565,0x6565,0x6565,0x6565,0x6565,0x6565,0x6565,0x6565,
	0x0000,0x0000,0x0000,0x0000,0x0000,0x0000,0x0000,0x0000,
	0x0000,0x0000,0x0000,0x0000,0x0000,0x0000,0x0000,0x0000,
	0x6565,0x6565,0x6565,0x6565,0x6565,0x6565,0x6565,0x6565,
	0x6565,0x6565,0x6565,0x6565,0x6565,0x6565,0x6565,0x6565,
	0x0000,0x0000,0x0000,0x0000,0x0000,0x0000,0x0000,0x0000,
	0x0000,0x0000,0x0000,0x0000,0x0000,0x0000,0x0000,0x0000,

	0x6565,0x6565,0x6565,0x6565,0x6565,0x6565,0x6565,0x6565,
	0x6565,0x6565,0x6565,0x6565,0x6565,0x6565,0x6565,0x6565,
	0x0000,0x0000,0x0000,0x0000,0x0000,0x0000,0x0000,0x0000,
	0x0000,0x0000,0x0000,0x0000,0x0000,0x0000,0x0000,0x0000,
	0x6565,0x6565,0x6565,0x6565,0x6565,0x6565,0x6565,0x6565,
	0x6565,0x6565,0x6565,0x6565,0x6565,0x6565,0x6565,0x6565,
	0x0000,0x0000,0x0000,0x0000,0x0000,0x0000,0x0000,0x0000,
	0x0000,0x0000,0x0000,0x0000,0x0000,0x0000,0x0000,0x0000,

	0x6565,0x6565,0x6565,0x6565,0x6565,0x6565,0x6565,0x6565,
	0x6565,0x6565,0x6565,0x6565,0x6565,0x6565,0x6565,0x6565,
	0x0000,0x0000,0x0000,0x0000,0x0000,0x0000,0x0000,0x0000,
	0x0000,0x0000,0x0000,0x0000,0x0000,0x0000,0x0000,0x0000,
	0x6565,0x0065,0x0000,0x0000,0x6565,0x0065,0x0000,0x0000,
	0x6565,0x0065,0x0000,0x0000,0x6565,0x0065,0x0000,0x0000,
	0x0000,0x0000,0x0000,0x0000,0x0000,0x0000,0x0000,0x0000,
	0x0000,0x0000,0x0000,0x0000,0x0000,0x0000,0x0000,0x0000,

	0x0000,0x0000,0x0000,0x0000,0x0000,0x0000,0x0000,0x0000,
	0x0000,0x0000,0x0000,0x0000,0x0000,0x0000,0x0000,0x0000,
	0x0000,0x0000,0x0000,0x0000,0x0000,0x0000,0x0000,0x0000,
	0x0000,0x0000,0x0000,0x0000,0x0000,0x0000,0x0000,0x0000,
	0x0000,0x0000,0x0000,0x0000,0x0000,0x0000,0x0000,0x0000,
	0x0000,0x0000,0x0000,0x0000,0x0000,0x0000,0x0000,0x0000,
	0x0000,0x0000,0x0000,0x0000,0x0000,0x0000,0x0000,0x0000,
	0x0000,0x0000,0x0000,0x0000,0x0000,0x0000,0x0000,0x0000,

	0x0000,0x0000,0x0000,0x0000,0x0000,0x0000,0x0000,0x0000,
	0x0000,0x0000,0x0000,0x0000,0x0000,0x0000,0x0000,0x0000,
	0x0000,0x0000,0x0000,0x0000,0x0000,0x0000,0x0000,0x0000,
	0x0000,0x0000,0x0000,0x0000,0x0000,0x0000,0x0000,0x0000,
	0x0000,0x0000,0x0000,0x0000,0x0000,0x0000,0x0000,0x0000,
	0x0000,0x0000,0x0000,0x0000,0x0000,0x0000,0x0000,0x0000,
	0x0000,0x0000,0x0000,0x0000,0x0000,0x0000,0x0000,0x0000,
	0x0000,0x0000,0x0000,0x0000,0x0000,0x0000,0x0000,0x0000,

	0x0000,0x0000,0x0000,0x0000,0x0000,0x0000,0x0000,0x0000,
	0x0000,0x0000,0x0000,0x0000,0x0000,0x0000,0x0000,0x0000,
	0x0000,0x0000,0x0000,0x0000,0x0000,0x0000,0x0000,0x0000,
	0x0000,0x0000,0x0000,0x0000,0x0000,0x0000,0x0000,0x0000,
	0x0000,0x0000,0x0000,0x0000,0x0000,0x0000,0x0000,0x0000,
	0x0000,0x0000,0x0000,0x0000,0x0000,0x0000,0x0000,0x0000,
	0x0000,0x0000,0x0000,0x0000,0x0000,0x0000,0x0000,0x0000,
	0x0000,0x0000,0x0000,0x0000,0x0000,0x0000,0x0000,0x0000,

	0x0000,0x0000,0x0000,0x0000,0x0000,0x0000,0x0000,0x0000,
	0x0000,0x0000,0x0000,0x0000,0x0000,0x0000,0x0000,0x0000,
	0x0000,0x0000,0x0000,0x0000,0x0000,0x0000,0x0000,0x0000,
	0x0000,0x0000,0x0000,0x0000,0x0000,0x0000,0x0000,0x0000,
	0x0000,0x0000,0x0000,0x0000,0x0000,0x0000,0x0000,0x0000,
	0x0000,0x0000,0x0000,0x0000,0x0000,0x0000,0x0000,0x0000,
	0x0000,0x0000,0x0000,0x0000,0x0000,0x0000,0x0000,0x0000,
	0x0000,0x0000,0x0000,0x0000,0x0000,0x0000,0x0000,0x0000,

	0x0000,0x0000,0x0000,0x0000,0x0000,0x0000,0x0000,0x0000,
	0x0000,0x0000,0x0000,0x0000,0x0000,0x0000,0x0000,0x0000,
	0x0000,0x0000,0x0000,0x0000,0x0000,0x0000,0x0000,0x0000,
	0x0000,0x0000,0x0000,0x0000,0x0000,0x0000,0x0000,0x0000,
	0x0000,0x0000,0x0000,0x0000,0x0000,0x0000,0x0000,0x0000,
	0x0000,0x0000,0x0000,0x0000,0x0000,0x0000,0x0000,0x1000,
	0x0000,0x0000,0x0000,0x7210,0x0000,0x0000,0x6700,0x1972,
	0x0000,0x0000,0x7200,0x194D,0x0000,0x0000,0x3219,0x1919,

	0x0000,0x0000,0x3267,0x0F72,0x0000,0x7219,0x1932,0x1919,
	0x7267,0x1972,0x3419,0x3737,0x4D72,0x1919,0x3737,0x1975,
	0x1919,0x3730,0x3737,0x5737,0x7519,0x3737,0x5F37,0x1919,
	0x3719,0x1E37,0x1919,0x1919,0x3719,0x195F,0x1919,0x1919,
	0x720F,0x6D72,0x1919,0x1919,0x1930,0x7270,0x7272,0x1919,
	0x1942,0x6719,0x0E72,0x7272,0x1919,0x1919,0x274D,0x1919,
	0x1919,0x1919,0x1919,0x1919,0x1919,0x1919,0x1919,0x1919,
	0x1919,0x1919,0x1919,0x1919,0x1919,0x1919,0x1919,0x1919,

	0x1919,0x6772,0x1919,0x1919,0x1919,0x1932,0x1919,0x1919,
	0x3219,0x1919,0x1919,0x1919,0x7232,0x196D,0x1919,0x1919,
	0x7219,0x194D,0x1919,0x1070,0x7219,0x1919,0x3219,0x7272,
	0x3219,0x1919,0x404D,0x0F32,0x3219,0x1919,0x1919,0x1919,
	0x1919,0x1919,0x1919,0x1019,0x1919,0x1919,0x1919,0x1019,
	0x1919,0x1919,0x1A19,0x1919,0x1919,0x1919,0x1919,0x7229,
	0x1919,0x1919,0x0F19,0x1972,0x1919,0x723D,0x1932,0x6719,
	0x7272,0x1970,0x1919,0x1919,0x1919,0x1919,0x1919,0x1919,

	0x7210,0x1919,0x1919,0x4D19,0x3267,0x1919,0x1919,0x1919,
	0x1972,0x1919,0x1919,0x1919,0x1919,0x1919,0x1919,0x1919,
	0x1919,0x1919,0x1919,0x1919,0x1919,0x1919,0x1919,0x1919,
	0x1919,0x1919,0x1919,0x1919,0x1919,0x1919,0x1919,0x1919,
	0x7272,0x6732,0x1919,0x1919,0x1919,0x724A,0x7072,0x1967,
	0x1919,0x1919,0x1019,0x7232,0x1919,0x1919,0x1919,0x1919,
	0x1919,0x1919,0x1919,0x1919,0x1919,0x1919,0x1919,0x1919,
	0x1919,0x1919,0x1919,0x1919,0x1919,0x1919,0x1919,0x1919,

	0x1919,0x1919,0x1919,0x1919,0x1919,0x1919,0x1919,0x1919,
	0x7272,0x7032,0x0F70,0x7272,0x1919,0x6719,0x1967,0x1919,
	0x1919,0x1919,0x1919,0x1919,0x1919,0x1919,0x1919,0x1919,
	0x1919,0x1919,0x1919,0x1919,0x1919,0x1919,0x1919,0x1919,
	0x1919,0x6E19,0x6772,0x1919,0x726E,0x2772,0x1919,0x1919,
	0x6732,0x1919,0x1919,0x1919,0x1919,0x1919,0x1919,0x1919,
	0x1919,0x1919,0x1919,0x1919,0x1919,0x1919,0x1919,0x1919,
	0x1919,0x1919,0x1919,0x1919,0x1919,0x1919,0x1919,0x1919,

	0x1919,0x6D27,0x1919,0x1919,0x1919,0x7219,0x1919,0x1919,
	0x1919,0x4019,0x1927,0x1919,0x1919,0x1919,0x3270,0x1919,
	0x1919,0x1919,0x1919,0x1919,0x1919,0x1919,0x1919,0x1919,
	0x1919,0x1919,0x1919,0x1919,0x1919,0x1919,0x1919,0x1919,
	0x7219,0x190E,0x1919,0x1932,0x1919,0x1972,0x1919,0x4A0E,
	0x1919,0x6D4D,0x1919,0x7219,0x1919,0x7219,0x6D19,0x7272,
	0x1919,0x3219,0x674D,0x7219,0x1919,0x6719,0x1970,0x7219,
	0x1919,0x1919,0x1932,0x7219,0x1919,0x1919,0x1932,0x4D40,

	0x1919,0x1919,0x4A19,0x1972,0x1919,0x1919,0x720F,0x7219,
	0x6D4D,0x7272,0x1919,0x4D19,0x4D6D,0x1919,0x4D19,0x7272,
	0x1919,0x1919,0x324D,0x1919,0x1919,0x6D19,0x1932,0x1919,
	0x1919,0x7219,0x1919,0x1919,0x1919,0x7219,0x1919,0x1919,
	0x0000,0x0000,0x0000,0x0000,0x7232,0x7272,0x7472,0x0000,
	0x7232,0x7272,0x7272,0x0000,0x1967,0x1919,0x724A,0x0072,
	0x1919,0x1919,0x1019,0x7232,0x1919,0x1919,0x3219,0x4D40,
	0x1919,0x1919,0x3267,0x1919,0x1919,0x3219,0x1932,0x1919,

	0x0000,0x0000,0x0000,0x0000,0x0000,0x0000,0x0000,0x0000,
	0x0000,0x0000,0x0000,0x0000,0x0000,0x0000,0x0000,0x0000,
	0x0019,0x0000,0x0000,0x0000,0x0072,0x0000,0x0000,0x0000,
	0x0072,0x0000,0x0000,0x0000,0x0072,0x0000,0x0000,0x0000,
	0x0000,0x0000,0x0000,0x0000,0x0000,0x0000,0x0000,0x0000,
	0x0000,0x0000,0x0000,0x0000,0x0000,0x0000,0x0000,0x0000,
	0x0000,0x0000,0x0000,0x0000,0x0000,0x0000,0x0000,0x0000,
	0x0000,0x0000,0x0000,0x0000,0x0000,0x0000,0x0000,0x0000,

	0x0000,0x0000,0x0000,0x0000,0x0000,0x0000,0x0000,0x0000,
	0x0000,0x0000,0x0000,0x0000,0x0000,0x0000,0x0000,0x0000,
	0x0000,0x0000,0x0000,0x0000,0x0000,0x0000,0x0000,0x0000,
	0x0000,0x0000,0x0000,0x0000,0x0000,0x0000,0x0000,0x0000,
	0x0000,0x0000,0x0000,0x0000,0x0000,0x0000,0x0000,0x0000,
	0x0000,0x0000,0x0000,0x0000,0x0000,0x0000,0x0000,0x0000,
	0x0000,0x0000,0x0000,0x0000,0x0000,0x0000,0x0000,0x0000,
	0x0000,0x0000,0x0000,0x0000,0x0000,0x0000,0x0000,0x0000,

	0x0000,0x0000,0x0000,0x0000,0x0000,0x0000,0x0000,0x0000,
	0x0000,0x0000,0x0000,0x0000,0x0000,0x0000,0x0000,0x0000,
	0x0000,0x0000,0x0000,0x0000,0x0000,0x0000,0x0000,0x0000,
	0x0000,0x0000,0x0000,0x0000,0x0000,0x0000,0x0000,0x0000,
	0x0000,0x0000,0x0000,0x0000,0x0000,0x0000,0x0000,0x0000,
	0x0000,0x0000,0x0000,0x0000,0x0000,0x0000,0x0000,0x0000,
	0x0000,0x0000,0x0000,0x0000,0x0000,0x0000,0x0000,0x0000,
	0x0000,0x0000,0x0000,0x0000,0x0000,0x0000,0x0000,0x0000,

	0x0000,0x0000,0x0000,0x0000,0x0000,0x0000,0x0000,0x0000,
	0x0000,0x0000,0x0000,0x0000,0x0000,0x0000,0x0000,0x0000,
	0x0000,0x0000,0x0000,0x0000,0x0000,0x0000,0x0000,0x0000,
	0x0000,0x0000,0x0000,0x0000,0x0000,0x0000,0x0000,0x0000,
	0x0000,0x0000,0x0000,0x0000,0x0000,0x0000,0x0000,0x0000,
	0x0000,0x0000,0x0000,0x0000,0x0000,0x0000,0x0000,0x0000,
	0x0000,0x0000,0x0000,0x0000,0x0000,0x0000,0x0000,0x0000,
	0x0000,0x0000,0x0000,0x0000,0x0000,0x0000,0x0000,0x0000,

	0x0000,0x0000,0x0000,0x0000,0x0000,0x0000,0x0000,0x0000,
	0x0000,0x0000,0x0000,0x0000,0x0000,0x0000,0x0000,0x0000,
	0x0000,0x0000,0x0000,0x0000,0x0000,0x0000,0x0000,0x0000,
	0x0000,0x0000,0x0000,0x0000,0x0000,0x0000,0x0000,0x0000,
	0x0000,0x0000,0x0000,0x0000,0x0000,0x0000,0x0000,0x0000,
	0x0000,0x0000,0x0000,0x0000,0x0000,0x0000,0x0000,0x0000,
	0x0000,0x0000,0x0000,0x0000,0x0000,0x0000,0x0000,0x0000,
	0x0000,0x0000,0x0000,0x0000,0x0000,0x0000,0x0000,0x0000,

	0x0000,0x0000,0x0000,0x0000,0x0000,0x0000,0x0000,0x0000,
	0x0000,0x0000,0x0000,0x0000,0x0000,0x0000,0x0000,0x0000,
	0x0000,0x0000,0x0000,0x0000,0x0000,0x0000,0x0000,0x0000,
	0x0000,0x0000,0x0000,0x0000,0x0000,0x0000,0x0000,0x0000,
	0x0000,0x0000,0x0000,0x0000,0x0000,0x0000,0x0000,0x0000,
	0x0000,0x0000,0x0000,0x0000,0x0000,0x0000,0x0000,0x0000,
	0x0000,0x0000,0x0000,0x0000,0x0000,0x0000,0x0000,0x0000,
	0x0000,0x0000,0x0000,0x0000,0x0000,0x0000,0x0000,0x0000,

	0x0000,0x0000,0x0000,0x0000,0x0000,0x0000,0x0000,0x0000,
	0x0000,0x0000,0x0000,0x0000,0x0000,0x0000,0x0000,0x0000,
	0x0000,0x0000,0x0000,0x0000,0x0000,0x0000,0x0000,0x0000,
	0x0000,0x0000,0x0000,0x0000,0x0000,0x0000,0x0000,0x0000,
	0x0000,0x0000,0x0000,0x0000,0x0000,0x0000,0x0000,0x0000,
	0x0000,0x0000,0x0000,0x0000,0x0000,0x0000,0x0000,0x0000,
	0x0000,0x0000,0x0000,0x0000,0x0000,0x0000,0x0000,0x0000,
	0x0000,0x0000,0x0000,0x0000,0x0000,0x0000,0x0000,0x0000,

	0x0000,0x0000,0x0000,0x0000,0x0000,0x0000,0x0000,0x0000,
	0x0000,0x0000,0x0000,0x0000,0x0000,0x0000,0x0000,0x0000,
	0x0000,0x0000,0x0000,0x0000,0x0000,0x0000,0x0000,0x0000,
	0x0000,0x0000,0x0000,0x0000,0x0000,0x0000,0x0000,0x0000,
	0x0000,0x0000,0x0000,0x0000,0x0000,0x0000,0x0000,0x0000,
	0x0000,0x0000,0x0000,0x0000,0x0000,0x0000,0x0000,0x0000,
	0x0000,0x0000,0x0000,0x0000,0x0000,0x0000,0x0000,0x0000,
	0x0000,0x0000,0x0000,0x0000,0x0000,0x0000,0x0000,0x0000,

	0x0000,0x0000,0x0000,0x0000,0x0000,0x0000,0x0000,0x0000,
	0x0000,0x0000,0x0000,0x0000,0x0000,0x0000,0x0000,0x0000,
	0x0000,0x0000,0x0000,0x0000,0x0000,0x0000,0x0000,0x0000,
	0x0000,0x0000,0x0000,0x0000,0x0000,0x0000,0x0000,0x0000,
	0x0000,0x0000,0x0000,0x0000,0x0000,0x0000,0x0000,0x0000,
	0x0000,0x0000,0x0000,0x0000,0x0000,0x0000,0x0000,0x0000,
	0x0000,0x0000,0x0000,0x0000,0x0000,0x0000,0x0000,0x0000,
	0x0000,0x0000,0x0000,0x0000,0x0000,0x0000,0x0000,0x0000,

	0x0000,0x0000,0x0000,0x0000,0x0000,0x0000,0x0000,0x0000,
	0x0000,0x0000,0x0000,0x0000,0x0000,0x0000,0x0000,0x0000,
	0x0000,0x0000,0x0000,0x0000,0x0000,0x0000,0x0000,0x0000,
	0x0000,0x0000,0x0000,0x0000,0x0000,0x0000,0x0000,0x0000,
	0x0000,0x0000,0x1932,0x1919,0x0000,0x0000,0x1972,0x1919,
	0x0000,0x0000,0x1972,0x1919,0x0000,0x0000,0x1972,0x1919,
	0x0000,0x0000,0x1972,0x1919,0x0000,0x0000,0x1972,0x1919,
	0x0000,0x0000,0x3240,0x1919,0x0000,0x0000,0x7200,0x1919,

	0x3742,0x1919,0x1919,0x1919,0x5737,0x1919,0x1919,0x1919,
	0x7537,0x1919,0x1919,0x1919,0x2A37,0x1919,0x1919,0x1919,
	0x5737,0x1919,0x1919,0x1919,0x3737,0x1919,0x1919,0x1919,
	0x5737,0x1919,0x1919,0x1919,0x1919,0x1919,0x1919,0x1919,
	0x1919,0x1919,0x1919,0x1919,0x1919,0x1919,0x1919,0x1919,
	0x1919,0x1919,0x1919,0x1919,0x1919,0x1919,0x1919,0x1919,
	0x1919,0x1919,0x1919,0x1919,0x1919,0x1919,0x1919,0x1919,
	0x1919,0x1919,0x1919,0x1919,0x1919,0x1919,0x1919,0x1919,

	0x3219,0x7032,0x1919,0x1919,0x7219,0x1972,0x1919,0x1919,
	0x7219,0x1967,0x1919,0x1919,0x7219,0x1972,0x1919,0x1919,
	0x3219,0x724A,0x1919,0x1919,0x6D4D,0x3219,0x1972,0x1919,
	0x0F19,0x6719,0x7219,0x1932,0x3219,0x3272,0x1919,0x3219,
	0x1919,0x1919,0x1919,0x1919,0x1919,0x1919,0x1919,0x1919,
	0x1919,0x1919,0x1919,0x1919,0x1919,0x1919,0x1919,0x1919,
	0x1919,0x1919,0x1919,0x1919,0x1919,0x1919,0x1919,0x1919,
	0x1919,0x1919,0x1919,0x1919,0x7272,0x320F,0x706D,0x1919,

	0x1919,0x1919,0x1919,0x1919,0x1919,0x1919,0x1919,0x1919,
	0x1919,0x1919,0x1919,0x1919,0x1919,0x1919,0x1919,0x1919,
	0x1919,0x1919,0x1919,0x1919,0x1919,0x1919,0x1919,0x1919,
	0x1919,0x1919,0x1919,0x1919,0x1919,0x1919,0x1919,0x1919,
	0x1919,0x1919,0x1919,0x1919,0x1919,0x1919,0x1919,0x1919,
	0x1919,0x1919,0x1919,0x1919,0x1919,0x1919,0x1919,0x1919,
	0x1919,0x1919,0x1919,0x1919,0x1919,0x1019,0x1919,0x1919,
	0x1919,0x1919,0x1919,0x1919,0x1919,0x1919,0x1019,0x1910,

	0x1919,0x1919,0x1919,0x1919,0x1919,0x1919,0x1919,0x1919,
	0x1919,0x1919,0x1919,0x1919,0x1919,0x1919,0x1919,0x1919,
	0x1919,0x1919,0x1919,0x1919,0x1919,0x1919,0x1919,0x1919,
	0x1919,0x1919,0x1919,0x1919,0x1919,0x1919,0x1919,0x1919,
	0x1919,0x1919,0x1919,0x1919,0x1919,0x1919,0x1919,0x1919,
	0x1919,0x1919,0x1919,0x1919,0x1919,0x1919,0x1919,0x1919,
	0x1919,0x1919,0x1919,0x1919,0x1919,0x0F27,0x1932,0x1919,
	0x1919,0x720E,0x3232,0x6E72,0x1919,0x1919,0x3219,0x7272,

	0x1919,0x1919,0x1919,0x1919,0x1919,0x1919,0x1919,0x1919,
	0x1919,0x1919,0x1919,0x1919,0x1919,0x1919,0x1919,0x1919,
	0x1919,0x1919,0x1919,0x1919,0x1919,0x1919,0x1919,0x1919,
	0x1919,0x1919,0x1919,0x4A19,0x7272,0x0E70,0x3227,0x7272,
	0x1919,0x0E19,0x1927,0x1972,0x1919,0x7219,0x1910,0x1070,
	0x1919,0x7219,0x7219,0x1919,0x1919,0x274A,0x7272,0x1919,
	0x1919,0x7272,0x3227,0x1910,0x3219,0x1972,0x1919,0x1919,
	0x7272,0x1919,0x1927,0x1919,0x1932,0x1919,0x1972,0x1919,

	0x1919,0x7219,0x194A,0x1919,0x1919,0x6719,0x7272,0x7272,
	0x1919,0x1919,0x1919,0x1919,0x1919,0x1919,0x1919,0x1919,
	0x1919,0x1919,0x1919,0x1919,0x1919,0x1919,0x1919,0x1919,
	0x1919,0x1919,0x1919,0x1919,0x1919,0x1919,0x1919,0x1919,
	0x3219,0x2772,0x1919,0x1919,0x1032,0x1919,0x1919,0x2719,
	0x1919,0x1919,0x1919,0x7240,0x1919,0x1919,0x1919,0x6772,
	0x1919,0x1919,0x7267,0x0019,0x1919,0x7219,0x1932,0x0000,
	0x6719,0x2772,0x0000,0x0000,0x320F,0x0019,0x0000,0x0000,

	0x0072,0x0000,0x0000,0x0000,0x004D,0x0000,0x0000,0x0000,
	0x0000,0x0000,0x0000,0x0000,0x0000,0x0000,0x0000,0x0000,
	0x0000,0x0000,0x0000,0x0000,0x0000,0x0000,0x0000,0x0000,
	0x0000,0x0000,0x0000,0x0000,0x0000,0x0000,0x0000,0x0000,
	0x0000,0x0000,0x0000,0x0000,0x0000,0x0000,0x0000,0x0000,
	0x0000,0x0000,0x0000,0x0000,0x0000,0x0000,0x0000,0x0000,
	0x0000,0x0000,0x0000,0x0000,0x0000,0x0000,0x0000,0x0000,
	0x0000,0x0000,0x0000,0x0000,0x0000,0x0000,0x0000,0x0000,

	0x0000,0x0000,0x0000,0x0000,0x0000,0x0000,0x0000,0x0000,
	0x0000,0x0000,0x0000,0x0000,0x0000,0x0000,0x0000,0x0000,
	0x0000,0x0000,0x0000,0x0000,0x0000,0x0000,0x0000,0x0000,
	0x0000,0x0000,0x0000,0x0000,0x0000,0x0000,0x0000,0x0000,
	0x0000,0x0000,0x0000,0x0000,0x0000,0x0000,0x0000,0x0000,
	0x0000,0x0000,0x0000,0x0000,0x0000,0x0000,0x0000,0x0000,
	0x0000,0x0000,0x0000,0x0000,0x0000,0x0000,0x0000,0x0000,
	0x0000,0x0000,0x0000,0x0000,0x0000,0x0000,0x0000,0x0000,

	0x0000,0x0000,0x0000,0x0000,0x0000,0x0000,0x0000,0x0000,
	0x0000,0x0000,0x0000,0x0000,0x0000,0x0000,0x0000,0x0000,
	0x0000,0x0000,0x0000,0x0000,0x0000,0x0000,0x0000,0x0000,
	0x0000,0x0000,0x0000,0x0000,0x0000,0x0000,0x0000,0x0000,
	0x0000,0x0000,0x0000,0x0000,0x0000,0x0000,0x0000,0x0000,
	0x0000,0x0000,0x0000,0x0000,0x0000,0x0000,0x0000,0x0000,
	0x0000,0x0000,0x0000,0x0000,0x0000,0x0000,0x0000,0x0000,
	0x0000,0x0000,0x0000,0x0000,0x0000,0x0000,0x0000,0x0000,

	0x0000,0x0000,0x0000,0x0000,0x0000,0x0000,0x0000,0x0000,
	0x0000,0x0000,0x0000,0x0000,0x0000,0x0000,0x0000,0x0000,
	0x0000,0x0000,0x0000,0x0000,0x0000,0x0000,0x0000,0x0000,
	0x0000,0x0000,0x0000,0x0000,0x0000,0x0000,0x0000,0x0000,
	0x0000,0x0000,0x0000,0x0000,0x0000,0x0000,0x0000,0x0000,
	0x0000,0x0000,0x0000,0x0000,0x0000,0x0000,0x0000,0x0000,
	0x0000,0x0000,0x0000,0x0000,0x0000,0x0000,0x0000,0x0000,
	0x0000,0x0000,0x0000,0x0000,0x0000,0x0000,0x0000,0x0000,

	0x0000,0x0000,0x0000,0x0000,0x0000,0x0000,0x0000,0x0000,
	0x0000,0x0000,0x0000,0x0000,0x0000,0x0000,0x0000,0x0000,
	0x0000,0x0000,0x0000,0x0000,0x0000,0x0000,0x0000,0x0000,
	0x0000,0x0000,0x0000,0x0000,0x0000,0x0000,0x0000,0x0000,
	0x0000,0x0000,0x0000,0x0000,0x0000,0x0000,0x0000,0x0000,
	0x0000,0x0000,0x0000,0x0000,0x0000,0x0000,0x0000,0x0000,
	0x0000,0x0000,0x0000,0x0000,0x0000,0x0000,0x0000,0x0000,
	0x0000,0x0000,0x0000,0x0000,0x0000,0x0000,0x0000,0x0000,

	0x0000,0x0000,0x0000,0x0000,0x0000,0x0000,0x0000,0x0000,
	0x0000,0x0000,0x0000,0x0000,0x0000,0x0000,0x0000,0x0000,
	0x0000,0x0000,0x0000,0x0000,0x0000,0x0000,0x0000,0x0000,
	0x0000,0x0000,0x0000,0x0000,0x0000,0x0000,0x0000,0x0000,
	0x0000,0x0000,0x0000,0x0000,0x0000,0x0000,0x0000,0x0000,
	0x0000,0x0000,0x0000,0x0000,0x0000,0x0000,0x0000,0x0000,
	0x0000,0x0000,0x0000,0x0000,0x0000,0x0000,0x0000,0x0000,
	0x0000,0x0000,0x0000,0x0000,0x0000,0x0000,0x0000,0x0000,

	0x0000,0x0000,0x0000,0x0000,0x0000,0x0000,0x0000,0x0000,
	0x0000,0x0000,0x0000,0x0000,0x0000,0x0000,0x0000,0x0000,
	0x0000,0x0000,0x0000,0x0000,0x0000,0x0000,0x0000,0x0000,
	0x0000,0x0000,0x0000,0x0000,0x0000,0x0000,0x0000,0x0000,
	0x0000,0x0000,0x0000,0x0000,0x0000,0x0000,0x0000,0x0000,
	0x0000,0x0000,0x0000,0x0000,0x0000,0x0000,0x0000,0x0000,
	0x0000,0x0000,0x0000,0x0000,0x0000,0x0000,0x0000,0x0000,
	0x0000,0x0000,0x0000,0x0000,0x0000,0x0000,0x0000,0x0000,

	0x0000,0x0000,0x0000,0x0000,0x0000,0x0000,0x0000,0x0000,
	0x0000,0x0000,0x0000,0x0000,0x0000,0x0000,0x0000,0x0000,
	0x0000,0x0000,0x0000,0x0000,0x0000,0x0000,0x0000,0x0000,
	0x0000,0x0000,0x0000,0x0000,0x0000,0x0000,0x0000,0x0000,
	0x0000,0x0000,0x0000,0x0000,0x0000,0x0000,0x0000,0x0000,
	0x0000,0x0000,0x0000,0x0000,0x0000,0x0000,0x0000,0x0000,
	0x0000,0x0000,0x0000,0x0000,0x0000,0x0000,0x0000,0x0000,
	0x0000,0x0000,0x0000,0x0000,0x0000,0x0000,0x0000,0x0000,

	0x0000,0x0000,0x0000,0x0000,0x0000,0x0000,0x0000,0x0000,
	0x0000,0x0000,0x0000,0x0000,0x0000,0x0000,0x0000,0x0000,
	0x0000,0x0000,0x0000,0x0000,0x0000,0x0000,0x0000,0x0000,
	0x0000,0x0000,0x0000,0x0000,0x0000,0x0000,0x0000,0x0000,
	0x0000,0x0000,0x0000,0x0000,0x0000,0x0000,0x0000,0x0000,
	0x0000,0x0000,0x0000,0x0000,0x0000,0x0000,0x0000,0x0000,
	0x0000,0x0000,0x0000,0x0000,0x0000,0x0000,0x0000,0x0000,
	0x0000,0x0000,0x0000,0x0000,0x0000,0x0000,0x0000,0x0000,

	0x0000,0x0000,0x0000,0x0000,0x0000,0x0000,0x0000,0x0000,
	0x0000,0x0000,0x0000,0x0000,0x0000,0x0000,0x0000,0x0000,
	0x0000,0x0000,0x0000,0x0000,0x0000,0x0000,0x0000,0x0000,
	0x0000,0x0000,0x0000,0x0000,0x0000,0x0000,0x0000,0x0000,
	0x0000,0x0000,0x6700,0x1972,0x0000,0x0000,0x0000,0x3219,
	0x0000,0x0000,0x0000,0x0000,0x0000,0x0000,0x0000,0x0000,
	0x0000,0x0000,0x0000,0x0000,0x0000,0x0000,0x0000,0x0000,
	0x0000,0x0000,0x0000,0x0000,0x0000,0x0000,0x0000,0x0000,

	0x1919,0x1919,0x1919,0x1919,0x6772,0x1919,0x1919,0x1919,
	0x724D,0x7272,0x6E70,0x6E4A,0x0000,0x0000,0x0E72,0x6E27,
	0x0000,0x0000,0x0000,0x0000,0x0000,0x0000,0x0000,0x0000,
	0x0000,0x0000,0x0000,0x0000,0x0000,0x0000,0x0000,0x0000,
	0x1919,0x1919,0x1919,0x6E19,0x1919,0x1919,0x7227,0x6E72,
	0x726D,0x3272,0x004D,0x0000,0x0074,0x0000,0x0000,0x0000,
	0x0000,0x0000,0x0000,0x0000,0x0000,0x0000,0x0000,0x0000,
	0x0000,0x0000,0x0000,0x0000,0x0000,0x0000,0x0000,0x0000,

	0x7272,0x4072,0x1919,0x1919,0x0000,0x7219,0x1932,0x1919,
	0x0000,0x0000,0x0F19,0x320F,0x0000,0x0000,0x0000,0x1900,
	0x0000,0x0000,0x0000,0x0000,0x0000,0x0000,0x0000,0x0000,
	0x0000,0x0000,0x0000,0x0000,0x0000,0x0000,0x0000,0x0000,
	0x1919,0x1919,0x1967,0x1919,0x1919,0x1919,0x1919,0x1919,
	0x194A,0x1919,0x1919,0x1919,0x320E,0x7232,0x7272,0x7272,
	0x0000,0x0000,0x0000,0x0000,0x0000,0x0000,0x0000,0x0000,
	0x0000,0x0000,0x0000,0x0000,0x0000,0x0000,0x0000,0x0000,

	0x1919,0x1919,0x1919,0x1919,0x1919,0x1919,0x1919,0x1919,
	0x1919,0x1919,0x1919,0x1919,0x7232,0x3232,0x3232,0x7272,
	0x0000,0x0000,0x0000,0x0000,0x0000,0x0000,0x0000,0x0000,
	0x0000,0x0000,0x0000,0x0000,0x0000,0x0000,0x0000,0x0000,
	0x1919,0x1919,0x1919,0x1919,0x1919,0x1919,0x1919,0x1919,
	0x1919,0x1919,0x1919,0x323B,0x7272,0x7272,0x3272,0x106D,
	0x0000,0x0000,0x0000,0x0000,0x0000,0x0000,0x0000,0x0000,
	0x0000,0x0000,0x0000,0x0000,0x0000,0x0000,0x0000,0x0000,

	0x1919,0x1919,0x1919,0x1919,0x1919,0x1919,0x1919,0x1919,
	0x7272,0x3272,0x1919,0x1919,0x7403,0x7272,0x1967,0x1919,
	0x0000,0x0000,0x0000,0x0000,0x0000,0x0000,0x0000,0x0000,
	0x0000,0x0000,0x0000,0x0000,0x0000,0x0000,0x0000,0x0000,
	0x1919,0x1919,0x1919,0x1919,0x1919,0x1919,0x1919,0x1919,
	0x1919,0x1919,0x1919,0x1919,0x3210,0x194A,0x1919,0x1919,
	0x1900,0x7227,0x3272,0x6D70,0x0000,0x0000,0x0000,0x7200,
	0x0000,0x0000,0x0000,0x0000,0x0000,0x0000,0x0000,0x0000,

	0x0E19,0x7232,0x3272,0x4D72,0x1919,0x1919,0x1919,0x724D,
	0x1919,0x1919,0x1919,0x1919,0x1919,0x1919,0x1919,0x724A,
	0x6D70,0x0F6D,0x7272,0x190E,0x7272,0x0074,0x0000,0x0000,
	0x0000,0x0000,0x0000,0x0000,0x0000,0x0000,0x0000,0x0000,
	0x1919,0x0F19,0x196D,0x1919,0x196D,0x6E32,0x1919,0x1919,
	0x7227,0x193B,0x1919,0x1919,0x1272,0x7232,0x0F72,0x7272,
	0x0000,0x0000,0x0000,0x0000,0x0000,0x0000,0x0000,0x0000,
	0x0000,0x0000,0x0000,0x0000,0x0000,0x0000,0x0000,0x0000,

	0x1919,0x1919,0x4019,0x7272,0x1919,0x0E19,0x3272,0x0019,
	0x7240,0x4A72,0x0000,0x0000,0x196E,0x0000,0x0000,0x0000,
	0x0000,0x0000,0x0000,0x0000,0x0000,0x0000,0x0000,0x0000,
	0x0000,0x0000,0x0000,0x0000,0x0000,0x0000,0x0000,0x0000,
	0x0010,0x0000,0x0000,0x0000,0x0000,0x0000,0x0000,0x0000,
	0x0000,0x0000,0x0000,0x0000,0x0000,0x0000,0x0000,0x0000,
	0x0000,0x0000,0x0000,0x0000,0x0000,0x0000,0x0000,0x0000,
	0x0000,0x0000,0x0000,0x0000,0x0000,0x0000,0x0000,0x0000,

	0x0000,0x0000,0x0000,0x0000,0x0000,0x0000,0x0000,0x0000,
	0x0000,0x0000,0x0000,0x0000,0x0000,0x0000,0x0000,0x0000,
	0x0000,0x0000,0x0000,0x0000,0x0000,0x0000,0x0000,0x0000,
	0x0000,0x0000,0x0000,0x0000,0x0000,0x0000,0x0000,0x0000,
	0x0000,0x0000,0x0000,0x0000,0x0000,0x0000,0x0000,0x0000,
	0x0000,0x0000,0x0000,0x0000,0x0000,0x0000,0x0000,0x0000,
	0x0000,0x0000,0x0000,0x0000,0x0000,0x0000,0x0000,0x0000,
	0x0000,0x0000,0x0000,0x0000,0x0000,0x0000,0x0000,0x0000,

	0x0000,0x0000,0x0000,0x0000,0x0000,0x0000,0x0000,0x0000,
	0x0000,0x0000,0x0000,0x0000,0x0000,0x0000,0x0000,0x0000,
	0x0000,0x0000,0x0000,0x0000,0x0000,0x0000,0x0000,0x0000,
	0x0000,0x0000,0x0000,0x0000,0x0000,0x0000,0x0000,0x0000,
	0x0000,0x0000,0x0000,0x0000,0x0000,0x0000,0x0000,0x0000,
	0x0000,0x0000,0x0000,0x0000,0x0000,0x0000,0x0000,0x0000,
	0x0000,0x0000,0x0000,0x0000,0x0000,0x0000,0x0000,0x0000,
	0x0000,0x0000,0x0000,0x0000,0x0000,0x0000,0x0000,0x0000,

	0x0000,0x0000,0x0000,0x0000,0x0000,0x0000,0x0000,0x0000,
	0x0000,0x0000,0x0000,0x0000,0x0000,0x0000,0x0000,0x0000,
	0x0000,0x0000,0x0000,0x0000,0x0000,0x0000,0x0000,0x0000,
	0x0000,0x0000,0x0000,0x0000,0x0000,0x0000,0x0000,0x0000,
	0x0000,0x0000,0x0000,0x0000,0x0000,0x0000,0x0000,0x0000,
	0x0000,0x0000,0x0000,0x0000,0x0000,0x0000,0x0000,0x0000,
	0x0000,0x0000,0x0000,0x0000,0x0000,0x0000,0x0000,0x0000,
	0x0000,0x0000,0x0000,0x0000,0x0000,0x0000,0x0000,0x0000,

	0x0000,0x0000,0x0000,0x0000,0x0000,0x0000,0x0000,0x0000,
	0x0000,0x0000,0x0000,0x0000,0x0000,0x0000,0x0000,0x0000,
	0x0000,0x0000,0x0000,0x0000,0x0000,0x0000,0x0000,0x0000,
	0x0000,0x0000,0x0000,0x0000,0x0000,0x0000,0x0000,0x0000,
	0x0000,0x0000,0x0000,0x0000,0x0000,0x0000,0x0000,0x0000,
	0x0000,0x0000,0x0000,0x0000,0x0000,0x0000,0x0000,0x0000,
	0x0000,0x0000,0x0000,0x0000,0x0000,0x0000,0x0000,0x0000,
	0x0000,0x0000,0x0000,0x0000,0x0000,0x0000,0x0000,0x0000,

	0x0000,0x0000,0x0000,0x0000,0x0000,0x0000,0x0000,0x0000,
	0x0000,0x0000,0x0000,0x0000,0x0000,0x0000,0x0000,0x0000,
	0x0000,0x0000,0x0000,0x0000,0x0000,0x0000,0x0000,0x0000,
	0x0000,0x0000,0x0000,0x0000,0x0000,0x0000,0x0000,0x0000,
	0x0000,0x0000,0x0000,0x0000,0x0000,0x0000,0x0000,0x0000,
	0x0000,0x0000,0x0000,0x0000,0x0000,0x0000,0x0000,0x0000,
	0x0000,0x0000,0x0000,0x0000,0x0000,0x0000,0x0000,0x0000,
	0x0000,0x0000,0x0000,0x0000,0x0000,0x0000,0x0000,0x0000,

	0x0000,0x0000,0x0000,0x0000,0x0000,0x0000,0x0000,0x0000,
	0x0000,0x0000,0x0000,0x0000,0x0000,0x0000,0x0000,0x0000,
	0x0000,0x0000,0x0000,0x0000,0x0000,0x0000,0x0000,0x0000,
	0x0000,0x0000,0x0000,0x0000,0x0000,0x0000,0x0000,0x0000,
	0x0000,0x0000,0x0000,0x0000,0x0000,0x0000,0x0000,0x0000,
	0x0000,0x0000,0x0000,0x0000,0x0000,0x0000,0x0000,0x0000,
	0x0000,0x0000,0x0000,0x0000,0x0000,0x0000,0x0000,0x0000,
	0x0000,0x0000,0x0000,0x0000,0x0000,0x0000,0x0000,0x0000,

	0x0000,0x0000,0x0000,0x0000,0x0000,0x0000,0x0000,0x0000,
	0x0000,0x0000,0x0000,0x0000,0x0000,0x0000,0x0000,0x0000,
	0x0000,0x0000,0x0000,0x0000,0x0000,0x0000,0x0000,0x0000,
	0x0000,0x0000,0x0000,0x0000,0x0000,0x0000,0x0000,0x0000,
	0x0000,0x0000,0x0000,0x0000,0x0000,0x0000,0x0000,0x0000,
	0x0000,0x0000,0x0000,0x0000,0x0000,0x0000,0x0000,0x0000,
	0x0000,0x0000,0x0000,0x0000,0x0000,0x0000,0x0000,0x0000,
	0x0000,0x0000,0x0000,0x0000,0x0000,0x0000,0x0000,0x0000,

	0x0000,0x0000,0x0000,0x0000,0x0000,0x0000,0x0000,0x0000,
	0x0000,0x0000,0x0000,0x0000,0x0000,0x0000,0x0000,0x0000,
	0x0000,0x0000,0x0000,0x0000,0x0000,0x0000,0x0000,0x0000,
	0x0000,0x0000,0x0000,0x0000,0x0000,0x0000,0x0000,0x0000,
	0x0000,0x0000,0x0000,0x0000,0x0000,0x0000,0x0000,0x0000,
	0x0000,0x0000,0x0000,0x0000,0x0000,0x0000,0x0000,0x0000,
	0x0000,0x0000,0x0000,0x0000,0x0000,0x0000,0x0000,0x0000,
	0x0000,0x0000,0x0000,0x0000,0x0000,0x0000,0x0000,0x0000,

	0x0000,0x0000,0x0000,0x0000,0x0000,0x0000,0x0000,0x0000,
	0x0000,0x0000,0x0000,0x0000,0x0000,0x0000,0x0000,0x0000,
	0x0000,0x0000,0x0000,0x0000,0x0000,0x0000,0x0000,0x0000,
	0x0000,0x0000,0x0000,0x0000,0x0000,0x0000,0x0000,0x0000,
	0x0000,0x0000,0x0000,0x0000,0x0000,0x0000,0x0000,0x0000,
	0x0000,0x0000,0x0000,0x0000,0x0000,0x0000,0x0000,0x0000,
	0x0000,0x0000,0x0000,0x0000,0x0000,0x0000,0x0000,0x0000,
	0x0000,0x0000,0x0000,0x0000,0x0000,0x0000,0x0000,0x0000,

	0x0000,0x0000,0x0000,0x0000,0x0000,0x0000,0x0000,0x0000,
	0x0000,0x0000,0x0000,0x0000,0x0000,0x0000,0x0000,0x0000,
	0x0000,0x0000,0x0000,0x0000,0x0000,0x0000,0x0000,0x0000,
	0x0000,0x0000,0x0000,0x0000,0x0000,0x0000,0x0000,0x0000,
	0x0000,0x0000,0x0000,0x0000,0x0000,0x0000,0x0000,0x0000,
	0x0000,0x0000,0x0000,0x0000,0x0000,0x0000,0x0000,0x0000,
	0x0000,0x0000,0x0000,0x0000,0x0000,0x0000,0x0000,0x0000,
	0x0000,0x0000,0x0000,0x0000,0x0000,0x0000,0x0000,0x0000,

	0x0000,0x0000,0x0000,0x0000,0x0000,0x0000,0x0000,0x0000,
	0x0000,0x0000,0x0000,0x0000,0x0000,0x0000,0x0000,0x0000,
	0x0000,0x0000,0x0000,0x0000,0x0000,0x0000,0x0000,0x0000,
	0x0000,0x0000,0x0000,0x0000,0x0000,0x0000,0x0000,0x0000,
	0x0000,0x0000,0x0000,0x0000,0x0000,0x0000,0x0000,0x0000,
	0x0000,0x0000,0x0000,0x0000,0x0000,0x0000,0x0000,0x0000,
	0x0000,0x0000,0x0000,0x0000,0x0000,0x0000,0x0000,0x0000,
	0x0000,0x0000,0x0000,0x0000,0x0000,0x0000,0x0000,0x0000,

	0x0000,0x0000,0x0000,0x0000,0x0000,0x0000,0x0000,0x0000,
	0x0000,0x0000,0x0000,0x0000,0x0000,0x0000,0x0000,0x0000,
	0x0000,0x0000,0x0000,0x0000,0x0000,0x0000,0x0000,0x0000,
	0x0000,0x0000,0x0000,0x0000,0x0000,0x0000,0x0000,0x724A,
	0x0000,0x0000,0x0000,0x0000,0x0000,0x0000,0x0000,0x0000,
	0x0000,0x0000,0x0000,0x0000,0x0000,0x0000,0x0000,0x0000,
	0x0000,0x0000,0x0000,0x0000,0x0000,0x0000,0x0000,0x0000,
	0x0000,0x0000,0x0000,0x0000,0x6D32,0x0019,0x0000,0x0000,

	0x0000,0x0000,0x0000,0x0000,0x0000,0x0000,0x0000,0x0000,
	0x0000,0x0000,0x0000,0x0000,0x0000,0x0000,0x0000,0x0000,
	0x0000,0x0000,0x0000,0x0000,0x0000,0x0000,0x0000,0x0000,
	0x0000,0x0000,0x0000,0x0000,0x0000,0x0000,0x0000,0x0000,
	0x0000,0x0000,0x0000,0x0000,0x0000,0x0000,0x0000,0x0000,
	0x0000,0x0000,0x0000,0x0000,0x0000,0x0000,0x0000,0x0000,
	0x0000,0x0000,0x0000,0x0000,0x0000,0x0000,0x0000,0x0000,
	0x0000,0x0000,0x0000,0x0000,0x0000,0x0000,0x0000,0x0000,

	0x0000,0x0000,0x0000,0x0000,0x0000,0x0000,0x0000,0x0000,
	0x0000,0x0000,0x0000,0x0000,0x0000,0x0000,0x0000,0x0000,
	0x0000,0x0000,0x0000,0x0000,0x0000,0x0000,0x0000,0x0000,
	0x0000,0x0000,0x0000,0x0000,0x0000,0x0000,0x0000,0x0000,
	0x0000,0x0000,0x0000,0x0000,0x0000,0x0000,0x0000,0x0000,
	0x0000,0x0000,0x0000,0x0000,0x0000,0x0000,0x0000,0x0000,
	0x0000,0x0000,0x0000,0x0000,0x0000,0x0000,0x0000,0x0000,
	0x0000,0x0000,0x0000,0x0000,0x0000,0x0000,0x0000,0x0000,

	0x0000,0x0000,0x0000,0x0000,0x0000,0x0000,0x0000,0x0000,
	0x0000,0x0000,0x0000,0x0000,0x0000,0x0000,0x0000,0x0000,
	0x0000,0x0000,0x0000,0x0000,0x0000,0x0000,0x0000,0x0000,
	0x0000,0x0000,0x0000,0x0000,0x0000,0x0000,0x0000,0x0000,
	0x0000,0x0000,0x0000,0x0000,0x0000,0x0000,0x0000,0x0000,
	0x0000,0x0000,0x0000,0x0000,0x0000,0x0000,0x0000,0x0000,
	0x0000,0x0000,0x0000,0x0000,0x0000,0x0000,0x0000,0x0000,
	0x0000,0x0000,0x0000,0x0000,0x0000,0x0000,0x0000,0x0000,

	0x0000,0x0000,0x0000,0x0000,0x0000,0x0000,0x0000,0x0000,
	0x0000,0x0000,0x0000,0x0000,0x0000,0x0000,0x0000,0x0000,
	0x0000,0x0000,0x0000,0x0000,0x0000,0x0000,0x0000,0x0000,
	0x0000,0x0000,0x0000,0x0000,0x0000,0x0000,0x0000,0x0000,
	0x0000,0x0000,0x0000,0x0000,0x0000,0x0000,0x0000,0x0000,
	0x0000,0x0000,0x0000,0x0000,0x0000,0x0000,0x0000,0x0000,
	0x0000,0x0000,0x0000,0x0000,0x0000,0x0000,0x0000,0x0000,
	0x0000,0x0000,0x0000,0x0000,0x0000,0x0000,0x0000,0x0000,

	0x0000,0x0000,0x0000,0x0000,0x0000,0x0000,0x0000,0x0000,
	0x0000,0x0000,0x0000,0x0000,0x0000,0x0000,0x0000,0x0000,
	0x0000,0x0000,0x0000,0x0000,0x0000,0x0000,0x0000,0x0000,
	0x0000,0x0000,0x0000,0x0000,0x0000,0x0000,0x0000,0x0000,
	0x0000,0x0000,0x0000,0x0000,0x0000,0x0000,0x0000,0x0000,
	0x0000,0x0000,0x0000,0x0000,0x0000,0x0000,0x0000,0x0000,
	0x0000,0x0000,0x0000,0x0000,0x0000,0x0000,0x0000,0x0000,
	0x0000,0x0000,0x0000,0x0000,0x0000,0x0000,0x0000,0x0000,

	0x0000,0x0000,0x0000,0x0000,0x0000,0x0000,0x0000,0x0000,
	0x0000,0x0000,0x0000,0x0000,0x0000,0x0000,0x0000,0x0000,
	0x0000,0x0000,0x0000,0x0000,0x0000,0x0000,0x0000,0x0000,
	0x0000,0x0000,0x0000,0x0000,0x0000,0x0000,0x0000,0x0000,
	0x0000,0x0000,0x0000,0x0000,0x0000,0x0000,0x0000,0x0000,
	0x0000,0x0000,0x0000,0x0000,0x0000,0x0000,0x0000,0x0000,
	0x0000,0x0000,0x0000,0x0000,0x0000,0x0000,0x0000,0x0000,
	0x0000,0x0000,0x0000,0x0000,0x0000,0x0000,0x0000,0x0000,

	0x0000,0x0000,0x0000,0x0000,0x0000,0x0000,0x0000,0x0000,
	0x0000,0x0000,0x0000,0x0000,0x0000,0x0000,0x0000,0x0000,
	0x0000,0x0000,0x0000,0x0000,0x0000,0x0000,0x0000,0x0000,
	0x0000,0x0000,0x0000,0x0000,0x0000,0x0000,0x0000,0x0000,
	0x0000,0x0000,0x0000,0x0000,0x0000,0x0000,0x0000,0x0000,
	0x0000,0x0000,0x0000,0x0000,0x0000,0x0000,0x0000,0x0000,
	0x0000,0x0000,0x0000,0x0000,0x0000,0x0000,0x0000,0x0000,
	0x0000,0x0000,0x0000,0x0000,0x0000,0x0000,0x0000,0x0000,

	0x0000,0x0000,0x0000,0x0000,0x0000,0x0000,0x0000,0x0000,
	0x0000,0x0000,0x0000,0x0000,0x0000,0x0000,0x0000,0x0000,
	0x0000,0x0000,0x0000,0x0000,0x0000,0x0000,0x0000,0x0000,
	0x0000,0x0000,0x0000,0x0000,0x0000,0x0000,0x0000,0x0000,
	0x0000,0x0000,0x0000,0x0000,0x0000,0x0000,0x0000,0x0000,
	0x0000,0x0000,0x0000,0x0000,0x0000,0x0000,0x0000,0x0000,
	0x0000,0x0000,0x0000,0x0000,0x0000,0x0000,0x0000,0x0000,
	0x0000,0x0000,0x0000,0x0000,0x0000,0x0000,0x0000,0x0000,

	0x0000,0x0000,0x0000,0x0000,0x0000,0x0000,0x0000,0x0000,
	0x0000,0x0000,0x0000,0x0000,0x0000,0x0000,0x0000,0x0000,
	0x0000,0x0000,0x0000,0x0000,0x0000,0x0000,0x0000,0x0000,
	0x0000,0x0000,0x0000,0x0000,0x0000,0x0000,0x0000,0x0000,
	0x0000,0x0000,0x0000,0x0000,0x0000,0x0000,0x0000,0x0000,
	0x0000,0x0000,0x0000,0x0000,0x0000,0x0000,0x0000,0x0000,
	0x0000,0x0000,0x0000,0x0000,0x0000,0x0000,0x0000,0x0000,
	0x0000,0x0000,0x0000,0x0000,0x0000,0x0000,0x0000,0x0000,

	0x0000,0x0000,0x0000,0x0000,0x0000,0x0000,0x0000,0x0000,
	0x0000,0x0000,0x0000,0x0000,0x0000,0x0000,0x0000,0x0000,
	0x0000,0x0000,0x0000,0x0000,0x0000,0x0000,0x0000,0x0000,
	0x0000,0x0000,0x0000,0x0000,0x0000,0x0000,0x0000,0x0000,
	0x0000,0x0000,0x0000,0x0000,0x0000,0x0000,0x0000,0x0000,
	0x0000,0x0000,0x0000,0x0000,0x0000,0x0000,0x0000,0x0000,
	0x0000,0x0000,0x0000,0x0000,0x0000,0x0000,0x0000,0x0000,
	0x0000,0x0000,0x0000,0x0000,0x0000,0x0000,0x0000,0x0000,

	0x0000,0x0000,0x0000,0x0000,0x0000,0x0000,0x0000,0x0000,
	0x0000,0x0000,0x0000,0x0000,0x0000,0x0000,0x0000,0x0000,
	0x0000,0x0000,0x0000,0x0000,0x0000,0x0000,0x0000,0x0000,
	0x0000,0x0000,0x0000,0x0000,0x0000,0x0000,0x0000,0x0000,
	0x0000,0x0000,0x0000,0x0000,0x0000,0x0000,0x0000,0x0000,
	0x0000,0x0000,0x0000,0x0000,0x0000,0x0000,0x0000,0x0000,
	0x0000,0x0000,0x0000,0x0000,0x0000,0x0000,0x0000,0x0000,
	0x0000,0x0000,0x0000,0x0000,0x0000,0x0000,0x0000,0x0000,

	0x0000,0x0000,0x0000,0x0000,0x0000,0x0000,0x0000,0x0000,
	0x0000,0x0000,0x0000,0x0000,0x0000,0x0000,0x0000,0x0000,
	0x0000,0x0000,0x0000,0x0000,0x0000,0x0000,0x0000,0x0000,
	0x0000,0x0000,0x0000,0x0000,0x0000,0x0000,0x0000,0x0000,
	0x0000,0x0000,0x0000,0x0000,0x0000,0x0000,0x0000,0x0000,
	0x0000,0x0000,0x0000,0x0000,0x0000,0x0000,0x0000,0x0000,
	0x0000,0x0000,0x0000,0x0000,0x0000,0x0000,0x0000,0x0000,
	0x0000,0x0000,0x0000,0x0000,0x0000,0x0000,0x0000,0x0000,

	0x0000,0x0000,0x0000,0x0000,0x0000,0x0000,0x0000,0x0000,
	0x0000,0x0000,0x0000,0x0000,0x0000,0x0000,0x0000,0x0000,
	0x0000,0x0000,0x0000,0x0000,0x0000,0x0000,0x0000,0x0000,
	0x0000,0x0000,0x0000,0x0000,0x0000,0x0000,0x0000,0x0000,
	0x0000,0x0000,0x0000,0x0000,0x0000,0x0000,0x0000,0x0000,
	0x0000,0x0000,0x0000,0x0000,0x0000,0x0000,0x0000,0x0000,
	0x0000,0x0000,0x0000,0x0000,0x0000,0x0000,0x0000,0x0000,
	0x0000,0x0000,0x0000,0x0000,0x0000,0x0000,0x0000,0x0000,

	0x0000,0x0000,0x0000,0x0000,0x0000,0x0000,0x0000,0x0000,
	0x0000,0x0000,0x0000,0x0000,0x0000,0x0000,0x0000,0x0000,
	0x0000,0x0000,0x0000,0x0000,0x0000,0x0000,0x0000,0x0000,
	0x0000,0x0000,0x0000,0x0000,0x0000,0x0000,0x0000,0x0000,
	0x0000,0x0000,0x0000,0x0000,0x0000,0x0000,0x0000,0x0000,
	0x0000,0x0000,0x0000,0x0000,0x0000,0x0000,0x0000,0x0000,
	0x0000,0x0000,0x0000,0x0000,0x0000,0x0000,0x0000,0x0000,
	0x0000,0x0000,0x0000,0x0000,0x0000,0x0000,0x0000,0x0000,

	0x0000,0x0000,0x0000,0x0000,0x0000,0x0000,0x0000,0x723B,
	0x0000,0x0000,0x7267,0x196D,0x0000,0x6700,0x4D72,0x1919,
	0x0000,0x7219,0x1919,0x5363,0x0000,0x6770,0x3719,0x5E37,
	0x1900,0x1972,0x1919,0x1919,0x3200,0x1940,0x1919,0x1919,
	0x0000,0x0000,0x0000,0x0000,0x320F,0x0019,0x0000,0x0000,
	0x1919,0x720F,0x0067,0x0000,0x1919,0x4D19,0x4D72,0x0000,
	0x3737,0x1537,0x3737,0x0019,0x1919,0x1919,0x1919,0x0015,
	0x1919,0x1919,0x1919,0x3059,0x1919,0x1919,0x1919,0x3737,

	0x0000,0x0000,0x7219,0x190E,0x0000,0x6700,0x4A72,0x1919,
	0x0000,0x7219,0x5567,0x3715,0x0000,0x406E,0x3719,0x3737,
	0x0000,0x3472,0x3737,0x3737,0x1919,0x3757,0x1957,0x1919,
	0x375F,0x1937,0x1919,0x1919,0x6337,0x7237,0x6D32,0x6D6D,
	0x4019,0x0072,0x0000,0x0000,0x1919,0x0E70,0x0000,0x0000,
	0x3737,0x7219,0x0000,0x0000,0x3737,0x3219,0x0000,0x0000,
	0x1915,0x6D19,0x0072,0x0000,0x1919,0x3219,0x7272,0x0000,
	0x1919,0x724A,0x7272,0x0000,0x7272,0x7227,0x0072,0x0000,

	0x0000,0x0000,0x0000,0x0000,0x0000,0x0000,0x0000,0x0000,
	0x0000,0x0000,0x0000,0x0000,0x0000,0x0000,0x0000,0x0000,
	0x0000,0x0000,0x0000,0x0000,0x0000,0x0000,0x0000,0x0000,
	0x0000,0x0000,0x0000,0x0000,0x0000,0x0000,0x0000,0x0000,
	0x0000,0x0000,0x0000,0x0000,0x0000,0x0000,0x0000,0x0000,
	0x0000,0x0000,0x0000,0x0000,0x0000,0x0000,0x0000,0x0000,
	0x0000,0x0000,0x0000,0x0000,0x0000,0x0000,0x0000,0x0000,
	0x0000,0x0000,0x0000,0x0000,0x0000,0x0000,0x0000,0x0000,

	0x0000,0x0000,0x0000,0x0000,0x0000,0x0000,0x0000,0x0000,
	0x0000,0x0000,0x0000,0x0000,0x0000,0x0000,0x0000,0x0000,
	0x0000,0x0000,0x0000,0x0000,0x0000,0x0000,0x0000,0x0000,
	0x0000,0x0000,0x0000,0x0000,0x0000,0x0000,0x0000,0x0000,
	0x0000,0x0000,0x0000,0x0000,0x0000,0x0000,0x0000,0x0000,
	0x0000,0x0000,0x0000,0x0000,0x0000,0x0000,0x0000,0x0000,
	0x0000,0x0000,0x0000,0x0000,0x0000,0x0000,0x0000,0x0000,
	0x0000,0x0000,0x0000,0x0000,0x0000,0x0000,0x0000,0x0000,

	0x0000,0x0000,0x0000,0x0000,0x0000,0x0000,0x0000,0x0000,
	0x0000,0x0000,0x0000,0x0000,0x0000,0x0000,0x0000,0x0000,
	0x0000,0x0000,0x0000,0x0000,0x0000,0x0000,0x0000,0x0000,
	0x0000,0x0000,0x0000,0x0000,0x0000,0x0000,0x0000,0x0000,
	0x0000,0x0000,0x0000,0x0000,0x0000,0x0000,0x0000,0x0000,
	0x0000,0x0000,0x0000,0x0000,0x0000,0x0000,0x0000,0x0000,
	0x0000,0x0000,0x0000,0x0000,0x0000,0x0000,0x0000,0x0000,
	0x0000,0x0000,0x0000,0x0000,0x0000,0x0000,0x0000,0x0000,

	0x0000,0x0000,0x0000,0x0000,0x0000,0x0000,0x0000,0x0000,
	0x0000,0x0000,0x0000,0x0000,0x0000,0x0000,0x0000,0x0000,
	0x0000,0x0000,0x0000,0x0000,0x0000,0x0000,0x0000,0x0000,
	0x0000,0x0000,0x0000,0x0000,0x0000,0x0000,0x0000,0x0000,
	0x0000,0x0000,0x0000,0x0000,0x0000,0x0000,0x0000,0x0000,
	0x0000,0x0000,0x0000,0x0000,0x0000,0x0000,0x0000,0x0000,
	0x0000,0x0000,0x0000,0x0000,0x0000,0x0000,0x0000,0x0000,
	0x0000,0x0000,0x0000,0x0000,0x0000,0x0000,0x0000,0x0000,

	0x0000,0x0000,0x0000,0x0000,0x0000,0x0000,0x0000,0x0000,
	0x0000,0x0000,0x0000,0x0000,0x0000,0x0000,0x0000,0x0000,
	0x0000,0x0000,0x0000,0x0000,0x0000,0x0000,0x0000,0x0000,
	0x0000,0x0000,0x0000,0x0000,0x0000,0x0000,0x0000,0x0000,
	0x0000,0x0000,0x0000,0x0000,0x0000,0x0000,0x0000,0x0000,
	0x0000,0x0000,0x0000,0x0000,0x0000,0x0000,0x0000,0x0000,
	0x0000,0x0000,0x0000,0x0000,0x0000,0x0000,0x0000,0x0000,
	0x0000,0x0000,0x0000,0x0000,0x0000,0x0000,0x0000,0x0000,

	0x0000,0x0000,0x0000,0x0000,0x0000,0x0000,0x0000,0x0000,
	0x0000,0x0000,0x0000,0x0000,0x0000,0x0000,0x0000,0x0000,
	0x0000,0x0000,0x0000,0x0000,0x0000,0x0000,0x0000,0x0000,
	0x0000,0x0000,0x0000,0x0000,0x0000,0x0000,0x0000,0x0000,
	0x0000,0x0000,0x0000,0x0000,0x0000,0x0000,0x0000,0x0000,
	0x0000,0x0000,0x0000,0x0000,0x0000,0x0000,0x0000,0x0000,
	0x0000,0x0000,0x0000,0x0000,0x0000,0x0000,0x0000,0x0000,
	0x0000,0x0000,0x0000,0x0000,0x0000,0x0000,0x0000,0x0000,

	0x0000,0x0000,0x0000,0x0000,0x0000,0x0000,0x0000,0x0000,
	0x0000,0x0000,0x0000,0x0000,0x0000,0x0000,0x0000,0x0000,
	0x0000,0x0000,0x0000,0x0000,0x0000,0x0000,0x0000,0x0000,
	0x0000,0x0000,0x0000,0x0000,0x0000,0x0000,0x0000,0x0000,
	0x0000,0x0000,0x0000,0x0000,0x0000,0x0000,0x0000,0x0000,
	0x0000,0x0000,0x0000,0x0000,0x0000,0x0000,0x0000,0x0000,
	0x0000,0x0000,0x0000,0x0000,0x0000,0x0000,0x0000,0x0000,
	0x0000,0x0000,0x0000,0x0000,0x0000,0x0000,0x0000,0x0000,

	0x0000,0x0000,0x0000,0x0000,0x0000,0x0000,0x0000,0x0000,
	0x0000,0x0000,0x0000,0x0000,0x0000,0x0000,0x0000,0x0000,
	0x0000,0x0000,0x0000,0x0000,0x0000,0x0000,0x0000,0x0000,
	0x0000,0x0000,0x0000,0x0000,0x0000,0x0000,0x0000,0x0000,
	0x0000,0x0000,0x0000,0x0000,0x0000,0x0000,0x0000,0x0000,
	0x0000,0x0000,0x0000,0x0000,0x0000,0x0000,0x0000,0x0000,
	0x0000,0x0000,0x0000,0x0000,0x0000,0x0000,0x0000,0x0000,
	0x0000,0x0000,0x0000,0x0000,0x0000,0x0000,0x0000,0x0000,

	0x0000,0x0000,0x0000,0x0000,0x0000,0x0000,0x0000,0x0000,
	0x0000,0x0000,0x0000,0x0000,0x0000,0x0000,0x0000,0x0000,
	0x0000,0x0000,0x0000,0x0000,0x0000,0x0000,0x0000,0x0000,
	0x0000,0x0000,0x0000,0x0000,0x0000,0x0000,0x0000,0x0000,
	0x0000,0x0000,0x0000,0x0000,0x0000,0x0000,0x0000,0x0000,
	0x0000,0x0000,0x0000,0x0000,0x0000,0x0000,0x0000,0x0000,
	0x0000,0x0000,0x0000,0x0000,0x0000,0x0000,0x0000,0x0000,
	0x0000,0x0000,0x0000,0x0000,0x0000,0x0000,0x0000,0x0000,

	0x0000,0x0000,0x0000,0x0000,0x0000,0x0000,0x0000,0x0000,
	0x0000,0x0000,0x0000,0x0000,0x0000,0x0000,0x0000,0x0000,
	0x0000,0x0000,0x0000,0x0000,0x0000,0x0000,0x0000,0x0000,
	0x0000,0x0000,0x0000,0x0000,0x0000,0x0000,0x0000,0x0000,
	0x0000,0x0000,0x0000,0x0000,0x0000,0x0000,0x0000,0x0000,
	0x0000,0x0000,0x0000,0x0000,0x0000,0x0000,0x0000,0x0000,
	0x0000,0x0000,0x0000,0x0000,0x0000,0x0000,0x0000,0x0000,
	0x0000,0x0000,0x0000,0x0000,0x0000,0x0000,0x0000,0x0000,

	0x0000,0x0000,0x0000,0x0000,0x0000,0x0000,0x0000,0x0000,
	0x0000,0x0000,0x0000,0x0000,0x0000,0x0000,0x0000,0x0000,
	0x0000,0x0000,0x0000,0x0000,0x0000,0x0000,0x0000,0x0000,
	0x0000,0x0000,0x0000,0x0000,0x0000,0x0000,0x0000,0x0000,
	0x0000,0x0000,0x0000,0x0000,0x0000,0x0000,0x0000,0x0000,
	0x0000,0x0000,0x0000,0x0000,0x0000,0x0000,0x0000,0x0000,
	0x0000,0x0000,0x0000,0x0000,0x0000,0x0000,0x0000,0x0000,
	0x0000,0x0000,0x0000,0x0000,0x0000,0x0000,0x0000,0x0000,

	0x0000,0x0000,0x0000,0x0000,0x0000,0x0000,0x0000,0x0000,
	0x0000,0x0000,0x0000,0x0000,0x0000,0x0000,0x0000,0x0000,
	0x0000,0x0000,0x0000,0x0000,0x0000,0x0000,0x0000,0x0000,
	0x0000,0x0000,0x0000,0x0000,0x0000,0x0000,0x0000,0x0000,
	0x0000,0x0000,0x0000,0x0000,0x0000,0x0000,0x0000,0x0000,
	0x0000,0x0000,0x0000,0x0000,0x0000,0x0000,0x0000,0x0000,
	0x0000,0x0000,0x0000,0x0000,0x0000,0x0000,0x0000,0x0000,
	0x0000,0x0000,0x0000,0x0000,0x0000,0x0000,0x0000,0x0000,

	0x0000,0x0000,0x0000,0x0000,0x0000,0x0000,0x0000,0x0000,
	0x0000,0x0000,0x0000,0x0000,0x0000,0x0000,0x0000,0x0000,
	0x0000,0x0000,0x0000,0x0000,0x0000,0x0000,0x0000,0x0000,
	0x0000,0x0000,0x0000,0x0000,0x0000,0x0000,0x0000,0x0000,
	0x0000,0x0000,0x0000,0x0000,0x0000,0x0000,0x0000,0x0000,
	0x0000,0x0000,0x0000,0x0000,0x0000,0x0000,0x0000,0x0000,
	0x0000,0x0000,0x0000,0x0000,0x0000,0x0000,0x0000,0x0000,
	0x0000,0x0000,0x0000,0x0000,0x0000,0x0000,0x0000,0x0000,

	0x0000,0x0000,0x0000,0x0000,0x0000,0x0000,0x0000,0x0000,
	0x0000,0x0000,0x0000,0x0000,0x0000,0x0000,0x0000,0x0000,
	0x0000,0x0000,0x0000,0x0000,0x0000,0x0000,0x0000,0x0000,
	0x0000,0x0000,0x0000,0x0000,0x0000,0x0000,0x0000,0x0000,
	0x0000,0x0000,0x0000,0x0000,0x0000,0x0000,0x0000,0x0000,
	0x0000,0x0000,0x0000,0x0000,0x0000,0x0000,0x0000,0x0000,
	0x0000,0x0000,0x0000,0x0000,0x0000,0x0000,0x0000,0x0000,
	0x0000,0x0000,0x0000,0x0000,0x0000,0x0000,0x0000,0x0000,

	0x7200,0x1919,0x723B,0x3B0F,0x7200,0x6E19,0x6D32,0x1972,
	0x3200,0x7272,0x6D72,0x6719,0x1900,0x1972,0x1919,0x7219,
	0x3200,0x194D,0x1919,0x6D67,0x7219,0x1919,0x1919,0x7219,
	0x4A0E,0x1919,0x1919,0x3219,0x1972,0x1919,0x1919,0x1919,
	0x1919,0x1919,0x1919,0x3719,0x1919,0x1919,0x1919,0x3753,
	0x196D,0x1919,0x1919,0x3737,0x194D,0x1919,0x3419,0x1942,
	0x1919,0x1919,0x1919,0x1919,0x1919,0x1919,0x1919,0x1919,
	0x1940,0x1919,0x1919,0x1919,0x1972,0x1919,0x1919,0x1919,

	0x3737,0x1919,0x4D19,0x674D,0x3737,0x1919,0x1919,0x1919,
	0x1937,0x1919,0x1919,0x1919,0x1919,0x1919,0x1919,0x4019,
	0x1919,0x1919,0x1919,0x270F,0x1919,0x1919,0x7272,0x193D,
	0x1919,0x7227,0x194A,0x1919,0x7219,0x194D,0x1919,0x1919,
	0x1919,0x3219,0x1972,0x1919,0x1919,0x1972,0x4D4D,0x1919,
	0x7219,0x1919,0x1919,0x4A19,0x4A72,0x1919,0x4D19,0x0E72,
	0x1919,0x1919,0x7219,0x1919,0x1919,0x1919,0x1972,0x1919,
	0x1919,0x7219,0x194D,0x1919,0x1919,0x7219,0x1919,0x1919,

	0x0052,0x724A,0x7272,0x7232,0x6719,0x1970,0x1919,0x1919,
	0x1919,0x1919,0x1919,0x1919,0x1919,0x1919,0x1919,0x1919,
	0x1919,0x1919,0x1919,0x6719,0x1919,0x1919,0x1919,0x6719,
	0x1919,0x1919,0x1919,0x1919,0x1919,0x1919,0x1919,0x1919,
	0x7272,0x0032,0x0000,0x0000,0x1919,0x726D,0x0019,0x0000,
	0x1919,0x1067,0x6A72,0x0000,0x7272,0x1932,0x724D,0x4A72,
	0x1970,0x1919,0x7219,0x7219,0x1970,0x1919,0x4A19,0x6D19,
	0x194A,0x1919,0x3B10,0x1919,0x1919,0x1919,0x1919,0x1919,

	0x0000,0x0000,0x0000,0x0000,0x0000,0x0000,0x0000,0x0000,
	0x0000,0x0000,0x0000,0x0000,0x0000,0x0000,0x0E4D,0x6D27,
	0x6D72,0x7272,0x4070,0x320F,0x193B,0x1919,0x1919,0x194A,
	0x1919,0x1919,0x1919,0x1919,0x1919,0x7219,0x1919,0x1919,
	0x0000,0x0000,0x0000,0x0000,0x0000,0x0000,0x0000,0x0000,
	0x0000,0x0000,0x0000,0x0000,0x6D6D,0x3D27,0x0000,0x0000,
	0x674D,0x324A,0x7072,0x0019,0x1919,0x1919,0x4A19,0x0027,
	0x1919,0x1919,0x1919,0x6772,0x1919,0x1919,0x1919,0x3219,

	0x0000,0x0000,0x0000,0x0000,0x0000,0x0000,0x0000,0x0000,
	0x0000,0x0000,0x0000,0x0000,0x0000,0x0000,0x0000,0x0000,
	0x0000,0x0000,0x0000,0x0000,0x0000,0x0000,0x0000,0x0000,
	0x0000,0x0000,0x0000,0x0000,0x0000,0x0000,0x0000,0x0000,
	0x0000,0x0000,0x0000,0x0000,0x0000,0x0000,0x0000,0x0000,
	0x0000,0x0000,0x0000,0x0000,0x0000,0x0000,0x0000,0x0000,
	0x0000,0x0000,0x0000,0x0000,0x0000,0x0000,0x0000,0x0000,
	0x0000,0x0000,0x0000,0x0000,0x0000,0x0000,0x0000,0x0000,

	0x0000,0x0000,0x0000,0x0000,0x0000,0x0000,0x0000,0x0000,
	0x0000,0x0000,0x0000,0x0000,0x0000,0x0000,0x0000,0x0000,
	0x0000,0x0000,0x0000,0x0000,0x0000,0x0000,0x0000,0x0000,
	0x0000,0x0000,0x0000,0x0000,0x0000,0x0000,0x0000,0x0000,
	0x0000,0x0000,0x0000,0x0000,0x0000,0x0000,0x0000,0x0000,
	0x0000,0x0000,0x0000,0x0000,0x0000,0x0000,0x0000,0x0000,
	0x0000,0x0000,0x0000,0x0000,0x0000,0x0000,0x0000,0x0000,
	0x0000,0x0000,0x0000,0x0000,0x0000,0x0000,0x0000,0x0000,

	0x0000,0x0000,0x0000,0x0000,0x0000,0x0000,0x0000,0x0000,
	0x0000,0x0000,0x0000,0x0000,0x0000,0x0000,0x0000,0x0000,
	0x0000,0x0000,0x0000,0x0000,0x0000,0x0000,0x0000,0x0000,
	0x0000,0x0000,0x0000,0x0000,0x0000,0x0000,0x0000,0x0000,
	0x0000,0x0000,0x0000,0x0000,0x0000,0x0000,0x0000,0x0000,
	0x0000,0x0000,0x0000,0x0000,0x0000,0x0000,0x0000,0x0000,
	0x0000,0x0000,0x0000,0x0000,0x0000,0x0000,0x0000,0x0000,
	0x0000,0x0000,0x0000,0x0000,0x0000,0x0000,0x0000,0x0000,

	0x0000,0x0000,0x0000,0x0000,0x0000,0x0000,0x0000,0x0000,
	0x0000,0x0000,0x0000,0x0000,0x0000,0x0000,0x0000,0x0000,
	0x0000,0x0000,0x0000,0x0000,0x0000,0x0000,0x0000,0x0000,
	0x0000,0x0000,0x0000,0x0000,0x0000,0x0000,0x0000,0x0000,
	0x0000,0x0000,0x0000,0x0000,0x0000,0x0000,0x0000,0x0000,
	0x0000,0x0000,0x0000,0x0000,0x0000,0x0000,0x0000,0x0000,
	0x0000,0x0000,0x0000,0x0000,0x0000,0x0000,0x0000,0x0000,
	0x0000,0x0000,0x0000,0x0000,0x0000,0x0000,0x0000,0x0000,

	0x0000,0x0000,0x0000,0x0000,0x0000,0x0000,0x0000,0x0000,
	0x0000,0x0000,0x0000,0x0000,0x0000,0x0000,0x0000,0x0000,
	0x0000,0x0000,0x0000,0x0000,0x0000,0x0000,0x0000,0x0000,
	0x0000,0x0000,0x0000,0x0000,0x0000,0x0000,0x0000,0x0000,
	0x0000,0x0000,0x0000,0x0000,0x0000,0x0000,0x0000,0x0000,
	0x0000,0x0000,0x0000,0x0000,0x0000,0x0000,0x0000,0x0000,
	0x0000,0x0000,0x0000,0x0000,0x0000,0x0000,0x0000,0x0000,
	0x0000,0x0000,0x0000,0x0000,0x0000,0x0000,0x0000,0x0000,

	0x0000,0x0000,0x0000,0x0000,0x0000,0x0000,0x0000,0x0000,
	0x0000,0x0000,0x0000,0x0000,0x0000,0x0000,0x0000,0x0000,
	0x0000,0x0000,0x0000,0x0000,0x0000,0x0000,0x0000,0x0000,
	0x0000,0x0000,0x0000,0x0000,0x0000,0x0000,0x0000,0x0000,
	0x0000,0x0000,0x0000,0x0000,0x0000,0x0000,0x0000,0x0000,
	0x0000,0x0000,0x0000,0x0000,0x0000,0x0000,0x0000,0x0000,
	0x0000,0x0000,0x0000,0x0000,0x0000,0x0000,0x0000,0x0000,
	0x0000,0x0000,0x0000,0x0000,0x0000,0x0000,0x0000,0x0000,

	0x0000,0x0000,0x0000,0x0000,0x0000,0x0000,0x0000,0x0000,
	0x0000,0x0000,0x0000,0x0000,0x0000,0x0000,0x0000,0x0000,
	0x0000,0x0000,0x0000,0x0000,0x0000,0x0000,0x0000,0x0000,
	0x0000,0x0000,0x0000,0x0000,0x0000,0x0000,0x0000,0x0000,
	0x0000,0x0000,0x0000,0x0000,0x0000,0x0000,0x0000,0x0000,
	0x0000,0x0000,0x0000,0x0000,0x0000,0x0000,0x0000,0x0000,
	0x0000,0x0000,0x0000,0x0000,0x0000,0x0000,0x0000,0x0000,
	0x0000,0x0000,0x0000,0x0000,0x0000,0x0000,0x0000,0x0000,

	0x0000,0x0000,0x0000,0x0000,0x0000,0x0000,0x0000,0x0000,
	0x0000,0x0000,0x0000,0x0000,0x0000,0x0000,0x0000,0x0000,
	0x0000,0x0000,0x0000,0x0000,0x0000,0x0000,0x0000,0x0000,
	0x0000,0x0000,0x0000,0x0000,0x0000,0x0000,0x0000,0x0000,
	0x0000,0x0000,0x0000,0x0000,0x0000,0x0000,0x0000,0x0000,
	0x0000,0x0000,0x0000,0x0000,0x0000,0x0000,0x0000,0x0000,
	0x0000,0x0000,0x0000,0x0000,0x0000,0x0000,0x0000,0x0000,
	0x0000,0x0000,0x0000,0x0000,0x0000,0x0000,0x0000,0x0000,

	0x0000,0x0000,0x0000,0x0000,0x0000,0x0000,0x0000,0x0000,
	0x0000,0x0000,0x0000,0x0000,0x0000,0x0000,0x0000,0x0000,
	0x0000,0x0000,0x0000,0x0000,0x0000,0x0000,0x0000,0x0000,
	0x0000,0x0000,0x0000,0x0000,0x0000,0x0000,0x0000,0x0000,
	0x0000,0x0000,0x0000,0x0000,0x0000,0x0000,0x0000,0x0000,
	0x0000,0x0000,0x0000,0x0000,0x0000,0x0000,0x0000,0x0000,
	0x0000,0x0000,0x0000,0x0000,0x0000,0x0000,0x0000,0x0000,
	0x0000,0x0000,0x0000,0x0000,0x0000,0x0000,0x0000,0x0000,

	0x0000,0x0000,0x0000,0x0000,0x0000,0x0000,0x0000,0x0000,
	0x0000,0x0000,0x0000,0x0000,0x0000,0x0000,0x0000,0x0000,
	0x0000,0x0000,0x0000,0x0000,0x0000,0x0000,0x0000,0x0000,
	0x0000,0x0000,0x0000,0x0000,0x0000,0x0000,0x0000,0x0000,
	0x0000,0x0000,0x0000,0x0000,0x0000,0x0000,0x0000,0x0000,
	0x0000,0x0000,0x0000,0x0000,0x0000,0x0000,0x0000,0x0000,
	0x0000,0x0000,0x0000,0x0000,0x0000,0x0000,0x0000,0x0000,
	0x0000,0x0000,0x0000,0x0000,0x0000,0x0000,0x0000,0x0000,

	0x0000,0x0000,0x0000,0x0000,0x0000,0x0000,0x0000,0x0000,
	0x0000,0x0000,0x0000,0x0000,0x0000,0x0000,0x0000,0x0000,
	0x0000,0x0000,0x0000,0x0000,0x0000,0x0000,0x0000,0x0000,
	0x0000,0x0000,0x0000,0x0000,0x0000,0x0000,0x0000,0x0000,
	0x0000,0x0000,0x0000,0x0000,0x0000,0x0000,0x0000,0x0000,
	0x0000,0x0000,0x0000,0x0000,0x0000,0x0000,0x0000,0x0000,
	0x0000,0x0000,0x0000,0x0000,0x0000,0x0000,0x0000,0x0000,
	0x0000,0x0000,0x0000,0x0000,0x0000,0x0000,0x0000,0x0000,

	0x0000,0x0000,0x0000,0x0000,0x0000,0x0000,0x0000,0x0000,
	0x0000,0x0000,0x0000,0x0000,0x0000,0x0000,0x0000,0x0000,
	0x0000,0x0000,0x0000,0x0000,0x0000,0x0000,0x0000,0x0000,
	0x0000,0x0000,0x0000,0x0000,0x0000,0x0000,0x0000,0x0000,
	0x0000,0x0000,0x0000,0x0000,0x0000,0x0000,0x0000,0x0000,
	0x0000,0x0000,0x0000,0x0000,0x0000,0x0000,0x0000,0x0000,
	0x0000,0x0000,0x0000,0x0000,0x0000,0x0000,0x0000,0x0000,
	0x0000,0x0000,0x0000,0x0000,0x0000,0x0000,0x0000,0x0000,

	0x1972,0x1919,0x1919,0x1919,0x326E,0x1919,0x1919,0x1919,
	0x6D00,0x1932,0x1919,0x1919,0x0000,0x7219,0x6732,0x1919,
	0x0000,0x0000,0x724A,0x7272,0x0000,0x0000,0x0000,0x0000,
	0x0000,0x0000,0x0000,0x0000,0x0000,0x0000,0x0000,0x0000,
	0x724D,0x4D32,0x6E19,0x7272,0x1919,0x7019,0x0E32,0x1919,
	0x1919,0x1919,0x1919,0x1919,0x1919,0x1919,0x1919,0x1919,
	0x4D6D,0x1919,0x1919,0x190E,0x3240,0x7272,0x7272,0x7272,
	0x0000,0x0000,0x0000,0x1900,0x0000,0x0000,0x0000,0x0000,

	0x1932,0x1919,0x1919,0x1919,0x1919,0x1919,0x1919,0x1919,
	0x1919,0x1919,0x1919,0x1919,0x1919,0x1919,0x1919,0x1919,
	0x1919,0x1919,0x1919,0x1919,0x194D,0x1919,0x1919,0x1919,
	0x7232,0x190E,0x1919,0x1919,0x0000,0x7270,0x7272,0x3232,
	0x1919,0x1919,0x1919,0x1919,0x1919,0x1919,0x1919,0x1919,
	0x1919,0x1919,0x1919,0x1919,0x1919,0x1919,0x1919,0x1919,
	0x1919,0x1919,0x1919,0x1919,0x1919,0x1919,0x1919,0x1919,
	0x1919,0x1919,0x6719,0x726D,0x3232,0x7272,0x3272,0x004D,

	0x1919,0x1919,0x1919,0x1919,0x1919,0x1919,0x1919,0x4D6D,
	0x1919,0x3219,0x7272,0x324D,0x1919,0x6719,0x726D,0x1972,
	0x1919,0x1919,0x7267,0x0000,0x6719,0x7270,0x3D32,0x0000,
	0x3272,0x0019,0x0000,0x0000,0x0000,0x0000,0x0000,0x0000,
	0x1919,0x1919,0x1919,0x1919,0x1919,0x1919,0x1919,0x4D19,
	0x1967,0x1919,0x1919,0x1919,0x3232,0x1919,0x1919,0x7267,
	0x6D00,0x7272,0x7232,0x1932,0x0000,0x0000,0x0000,0x0000,
	0x0000,0x0000,0x0000,0x0000,0x0000,0x0000,0x0000,0x0000,

	0x1919,0x3227,0x1919,0x1919,0x0E19,0x1932,0x1919,0x1919,
	0x6732,0x1919,0x1919,0x1919,0x1940,0x4D4D,0x1919,0x1919,
	0x0000,0x6710,0x1019,0x6D67,0x0000,0x0000,0x7272,0x7272,
	0x0000,0x0000,0x0000,0x0000,0x0000,0x0000,0x0000,0x0000,
	0x1919,0x1919,0x1919,0x3219,0x1919,0x1919,0x1919,0x3B6D,
	0x1919,0x1919,0x6D19,0x0032,0x1919,0x2719,0x7272,0x0000,
	0x7272,0x4A72,0x0000,0x0000,0x0000,0x0000,0x0000,0x0000,
	0x0000,0x0000,0x0000,0x0000,0x0000,0x0000,0x0000,0x0000,

	0x0000,0x0000,0x0000,0x0000,0x0000,0x0000,0x0000,0x0000,
	0x0000,0x0000,0x0000,0x0000,0x0000,0x0000,0x0000,0x0000,
	0x0000,0x0000,0x0000,0x0000,0x0000,0x0000,0x0000,0x0000,
	0x0000,0x0000,0x0000,0x0000,0x0000,0x0000,0x0000,0x0000,
	0x0000,0x0000,0x0000,0x0000,0x0000,0x0000,0x0000,0x0000,
	0x0000,0x0000,0x0000,0x0000,0x0000,0x0000,0x0000,0x0000,
	0x0000,0x0000,0x0000,0x0000,0x0000,0x0000,0x0000,0x0000,
	0x0000,0x0000,0x0000,0x0000,0x0000,0x0000,0x0000,0x0000,

	0x0000,0x0000,0x0000,0x0000,0x0000,0x0000,0x0000,0x0000,
	0x0000,0x0000,0x0000,0x0000,0x0000,0x0000,0x0000,0x0000,
	0x0000,0x0000,0x0000,0x0000,0x0000,0x0000,0x0000,0x0000,
	0x0000,0x0000,0x0000,0x0000,0x0000,0x0000,0x0000,0x0000,
	0x0000,0x0000,0x0000,0x0000,0x0000,0x0000,0x0000,0x0000,
	0x0000,0x0000,0x0000,0x0000,0x0000,0x0000,0x0000,0x0000,
	0x0000,0x0000,0x0000,0x0000,0x0000,0x0000,0x0000,0x0000,
	0x0000,0x0000,0x0000,0x0000,0x0000,0x0000,0x0000,0x0000,

	0x0000,0x0000,0x0000,0x0000,0x0000,0x0000,0x0000,0x0000,
	0x0000,0x0000,0x0000,0x0000,0x0000,0x0000,0x0000,0x0000,
	0x0000,0x0000,0x0000,0x0000,0x0000,0x0000,0x0000,0x0000,
	0x0000,0x0000,0x0000,0x0000,0x0000,0x0000,0x0000,0x0000,
	0x0000,0x0000,0x0000,0x0000,0x0000,0x0000,0x0000,0x0000,
	0x0000,0x0000,0x0000,0x0000,0x0000,0x0000,0x0000,0x0000,
	0x0000,0x0000,0x0000,0x0000,0x0000,0x0000,0x0000,0x0000,
	0x0000,0x0000,0x0000,0x0000,0x0000,0x0000,0x0000,0x0000,

	0x0000,0x0000,0x0000,0x0000,0x0000,0x0000,0x0000,0x0000,
	0x0000,0x0000,0x0000,0x0000,0x0000,0x0000,0x0000,0x0000,
	0x0000,0x0000,0x0000,0x0000,0x0000,0x0000,0x0000,0x0000,
	0x0000,0x0000,0x0000,0x0000,0x0000,0x0000,0x0000,0x0000,
	0x0000,0x0000,0x0000,0x0000,0x0000,0x0000,0x0000,0x0000,
	0x0000,0x0000,0x0000,0x0000,0x0000,0x0000,0x0000,0x0000,
	0x0000,0x0000,0x0000,0x0000,0x0000,0x0000,0x0000,0x0000,
	0x0000,0x0000,0x0000,0x0000,0x0000,0x0000,0x0000,0x0000,

	0x0000,0x0000,0x0000,0x0000,0x0000,0x0000,0x0000,0x0000,
	0x0000,0x0000,0x0000,0x0000,0x0000,0x0000,0x0000,0x0000,
	0x0000,0x0000,0x0000,0x0000,0x0000,0x0000,0x0000,0x0000,
	0x0000,0x0000,0x0000,0x0000,0x0000,0x0000,0x0000,0x0000,
	0x0000,0x0000,0x0000,0x0000,0x0000,0x0000,0x0000,0x0000,
	0x0000,0x0000,0x0000,0x0000,0x0000,0x0000,0x0000,0x0000,
	0x0000,0x0000,0x0000,0x0000,0x0000,0x0000,0x0000,0x0000,
	0x0000,0x0000,0x0000,0x0000,0x0000,0x0000,0x0000,0x0000,

	0x0000,0x0000,0x0000,0x0000,0x0000,0x0000,0x0000,0x0000,
	0x0000,0x0000,0x0000,0x0000,0x0000,0x0000,0x0000,0x0000,
	0x0000,0x0000,0x0000,0x0000,0x0000,0x0000,0x0000,0x0000,
	0x0000,0x0000,0x0000,0x0000,0x0000,0x0000,0x0000,0x0000,
	0x0000,0x0000,0x0000,0x0000,0x0000,0x0000,0x0000,0x0000,
	0x0000,0x0000,0x0000,0x0000,0x0000,0x0000,0x0000,0x0000,
	0x0000,0x0000,0x0000,0x0000,0x0000,0x0000,0x0000,0x0000,
	0x0000,0x0000,0x0000,0x0000,0x0000,0x0000,0x0000,0x0000,

	0x0000,0x0000,0x0000,0x0000,0x0000,0x0000,0x0000,0x0000,
	0x0000,0x0000,0x0000,0x0000,0x0000,0x0000,0x0000,0x0000,
	0x0000,0x0000,0x0000,0x0000,0x0000,0x0000,0x0000,0x0000,
	0x0000,0x0000,0x0000,0x0000,0x0000,0x0000,0x0000,0x0000,
	0x0000,0x0000,0x0000,0x0000,0x0000,0x0000,0x0000,0x0000,
	0x0000,0x0000,0x0000,0x0000,0x0000,0x0000,0x0000,0x0000,
	0x0000,0x0000,0x0000,0x0000,0x0000,0x0000,0x0000,0x0000,
	0x0000,0x0000,0x0000,0x0000,0x0000,0x0000,0x0000,0x0000,

	0x0000,0x0000,0x0000,0x0000,0x0000,0x0000,0x0000,0x0000,
	0x0000,0x0000,0x0000,0x0000,0x0000,0x0000,0x0000,0x0000,
	0x0000,0x0000,0x0000,0x0000,0x0000,0x0000,0x0000,0x0000,
	0x0000,0x0000,0x0000,0x0000,0x0000,0x0000,0x0000,0x0000,
	0x0000,0x0000,0x0000,0x0000,0x0000,0x0000,0x0000,0x0000,
	0x0000,0x0000,0x0000,0x0000,0x0000,0x0000,0x0000,0x0000,
	0x0000,0x0000,0x0000,0x0000,0x0000,0x0000,0x0000,0x0000,
	0x0000,0x0000,0x0000,0x0000,0x0000,0x0000,0x0000,0x0000,

	0x0000,0x0000,0x0000,0x0000,0x0000,0x0000,0x0000,0x0000,
	0x0000,0x0000,0x0000,0x0000,0x0000,0x0000,0x0000,0x0000,
	0x0000,0x0000,0x0000,0x0000,0x0000,0x0000,0x0000,0x0000,
	0x0000,0x0000,0x0000,0x0000,0x0000,0x0000,0x0000,0x0000,
	0x0000,0x0000,0x0000,0x0000,0x0000,0x0000,0x0000,0x0000,
	0x0000,0x0000,0x0000,0x0000,0x0000,0x0000,0x0000,0x0000,
	0x0000,0x0000,0x0000,0x0000,0x0000,0x0000,0x0000,0x0000,
	0x0000,0x0000,0x0000,0x0000,0x0000,0x0000,0x0000,0x0000,

	0x0000,0x0000,0x0000,0x0000,0x0000,0x0000,0x0000,0x0000,
	0x0000,0x0000,0x0000,0x0000,0x0000,0x0000,0x0000,0x0000,
	0x0000,0x0000,0x0000,0x0000,0x0000,0x0000,0x0000,0x0000,
	0x0000,0x0000,0x0000,0x0000,0x0000,0x0000,0x0000,0x0000,
	0x0000,0x0000,0x0000,0x0000,0x0000,0x0000,0x0000,0x0000,
	0x0000,0x0000,0x0000,0x0000,0x0000,0x0000,0x0000,0x0000,
	0x0000,0x0000,0x0000,0x0000,0x0000,0x0000,0x0000,0x0000,
	0x0000,0x0000,0x0000,0x0000,0x0000,0x0000,0x0000,0x0000,

	0x0000,0x0000,0x0000,0x0000,0x0000,0x0000,0x0000,0x0000,
	0x0000,0x0000,0x0000,0x0000,0x0000,0x0000,0x0000,0x0000,
	0x0000,0x0000,0x0000,0x0000,0x0000,0x0000,0x0000,0x0000,
	0x0000,0x0000,0x0000,0x0000,0x0000,0x0000,0x0000,0x0000,
	0x0000,0x0000,0x0000,0x0000,0x0000,0x0000,0x0000,0x0000,
	0x0000,0x0000,0x0000,0x0000,0x0000,0x0000,0x0000,0x0000,
	0x0000,0x0000,0x0000,0x0000,0x0000,0x0000,0x0000,0x0000,
	0x0000,0x0000,0x0000,0x0000,0x0000,0x0000,0x0000,0x0000,

	0x0000,0x0000,0x0000,0x0000,0x0000,0x0000,0x0000,0x0000,
	0x0000,0x0000,0x0000,0x0000,0x0000,0x0000,0x0000,0x0000,
	0x0000,0x0000,0x0000,0x0000,0x0000,0x0000,0x0000,0x0000,
	0x0000,0x0000,0x0000,0x0000,0x0000,0x0000,0x0000,0x0000,
	0x0000,0x0000,0x0000,0x0000,0x0000,0x0000,0x0000,0x0000,
	0x0000,0x0000,0x0000,0x0000,0x0000,0x0000,0x0000,0x0000,
	0x0000,0x0000,0x0000,0x0000,0x0000,0x0000,0x0000,0x0000,
	0x0000,0x0000,0x0000,0x0000,0x0000,0x0000,0x0000,0x0000,

	0x0000,0x0000,0x0000,0x0000,0x0000,0x0000,0x0000,0x0000,
	0x0000,0x0000,0x0000,0x0000,0x0000,0x0000,0x0000,0x0000,
	0x0000,0x0000,0x0000,0x0000,0x0000,0x0000,0x0000,0x0000,
	0x0000,0x0000,0x0000,0x0000,0x0000,0x0000,0x0000,0x0000,
	0x0000,0x0000,0x0000,0x0000,0x0000,0x0000,0x0000,0x0000,
	0x0000,0x0000,0x0000,0x0000,0x0000,0x0000,0x0000,0x0000,
	0x0000,0x0000,0x0000,0x0000,0x0000,0x0000,0x0000,0x0000,
	0x0000,0x0000,0x0000,0x0000,0x0000,0x0000,0x0000,0x0000,

	0x0000,0x0000,0x0000,0x7200,0x0000,0x0000,0x0000,0x0000,
	0x0000,0x0000,0x0000,0x0000,0x0000,0x0000,0x0000,0x0000,
	0x0000,0x0000,0x0000,0x0000,0x0000,0x0000,0x0000,0x0000,
	0x0000,0x0000,0x0000,0x0000,0x0000,0x0000,0x0000,0x0000,
	0x0000,0x0000,0x0000,0x0000,0x0000,0x0000,0x0000,0x0000,
	0x0000,0x0000,0x0000,0x0000,0x0000,0x0000,0x0000,0x0000,
	0x0000,0x0000,0x0000,0x0000,0x0000,0x0000,0x0000,0x0000,
	0x0000,0x0000,0x0000,0x0000,0x0000,0x0000,0x0000,0x0000,

	0x0000,0x0000,0x0000,0x0000,0x0000,0x0000,0x0000,0x0000,
	0x0000,0x0000,0x0000,0x0000,0x0000,0x0000,0x0000,0x0000,
	0x0000,0x0000,0x0000,0x0000,0x0000,0x0000,0x0000,0x0000,
	0x0000,0x0000,0x0000,0x0000,0x0000,0x0000,0x0000,0x0000,
	0x0000,0x0000,0x0000,0x0000,0x0000,0x0000,0x0000,0x0000,
	0x0000,0x0000,0x0000,0x0000,0x0000,0x0000,0x0000,0x0000,
	0x0000,0x0000,0x0000,0x0000,0x0000,0x0000,0x0000,0x0000,
	0x0000,0x0000,0x0000,0x0000,0x0000,0x0000,0x0000,0x0000,

	0x0000,0x0000,0x0000,0x0000,0x0000,0x0000,0x0000,0x0000,
	0x0000,0x0000,0x0000,0x0000,0x0000,0x0000,0x0000,0x0000,
	0x0000,0x0000,0x0000,0x0000,0x0000,0x0000,0x0000,0x0000,
	0x0000,0x0000,0x0000,0x0000,0x0000,0x0000,0x0000,0x0000,
	0x0000,0x0000,0x0000,0x0000,0x0000,0x0000,0x0000,0x0000,
	0x0000,0x0000,0x0000,0x0000,0x0000,0x0000,0x0000,0x0000,
	0x0000,0x0000,0x0000,0x0000,0x0000,0x0000,0x0000,0x0000,
	0x0000,0x0000,0x0000,0x0000,0x0000,0x0000,0x0000,0x0000,

	0x0000,0x0000,0x0000,0x0000,0x0000,0x0000,0x0000,0x0000,
	0x0000,0x0000,0x0000,0x0000,0x0000,0x0000,0x0000,0x0000,
	0x0000,0x0000,0x0000,0x0000,0x0000,0x0000,0x0000,0x0000,
	0x0000,0x0000,0x0000,0x0000,0x0000,0x0000,0x0000,0x0000,
	0x0000,0x0000,0x0000,0x0000,0x0000,0x0000,0x0000,0x0000,
	0x0000,0x0000,0x0000,0x0000,0x0000,0x0000,0x0000,0x0000,
	0x0000,0x0000,0x0000,0x0000,0x0000,0x0000,0x0000,0x0000,
	0x0000,0x0000,0x0000,0x0000,0x0000,0x0000,0x0000,0x0000,

	0x0000,0x0000,0x0000,0x0000,0x0000,0x0000,0x0000,0x0000,
	0x0000,0x0000,0x0000,0x0000,0x0000,0x0000,0x0000,0x0000,
	0x0000,0x0000,0x0000,0x0000,0x0000,0x0000,0x0000,0x0000,
	0x0000,0x0000,0x0000,0x0000,0x0000,0x0000,0x0000,0x0000,
	0x0000,0x0000,0x0000,0x0000,0x0000,0x0000,0x0000,0x0000,
	0x0000,0x0000,0x0000,0x0000,0x0000,0x0000,0x0000,0x0000,
	0x0000,0x0000,0x0000,0x0000,0x0000,0x0000,0x0000,0x0000,
	0x0000,0x0000,0x0000,0x0000,0x0000,0x0000,0x0000,0x0000,

	0x0000,0x0000,0x0000,0x0000,0x0000,0x0000,0x0000,0x0000,
	0x0000,0x0000,0x0000,0x0000,0x0000,0x0000,0x0000,0x0000,
	0x0000,0x0000,0x0000,0x0000,0x0000,0x0000,0x0000,0x0000,
	0x0000,0x0000,0x0000,0x0000,0x0000,0x0000,0x0000,0x0000,
	0x0000,0x0000,0x0000,0x0000,0x0000,0x0000,0x0000,0x0000,
	0x0000,0x0000,0x0000,0x0000,0x0000,0x0000,0x0000,0x0000,
	0x0000,0x0000,0x0000,0x0000,0x0000,0x0000,0x0000,0x0000,
	0x0000,0x0000,0x0000,0x0000,0x0000,0x0000,0x0000,0x0000,

	0x0000,0x0000,0x0000,0x0000,0x0000,0x0000,0x0000,0x0000,
	0x0000,0x0000,0x0000,0x0000,0x0000,0x0000,0x0000,0x0000,
	0x0000,0x0000,0x0000,0x0000,0x0000,0x0000,0x0000,0x0000,
	0x0000,0x0000,0x0000,0x0000,0x0000,0x0000,0x0000,0x0000,
	0x0000,0x0000,0x0000,0x0000,0x0000,0x0000,0x0000,0x0000,
	0x0000,0x0000,0x0000,0x0000,0x0000,0x0000,0x0000,0x0000,
	0x0000,0x0000,0x0000,0x0000,0x0000,0x0000,0x0000,0x0000,
	0x0000,0x0000,0x0000,0x0000,0x0000,0x0000,0x0000,0x0000,

	0x0000,0x0000,0x0000,0x0000,0x0000,0x0000,0x0000,0x0000,
	0x0000,0x0000,0x0000,0x0000,0x0000,0x0000,0x0000,0x0000,
	0x0000,0x0000,0x0000,0x0000,0x0000,0x0000,0x0000,0x0000,
	0x0000,0x0000,0x0000,0x0000,0x0000,0x0000,0x0000,0x0000,
	0x0000,0x0000,0x0000,0x0000,0x0000,0x0000,0x0000,0x0000,
	0x0000,0x0000,0x0000,0x0000,0x0000,0x0000,0x0000,0x0000,
	0x0000,0x0000,0x0000,0x0000,0x0000,0x0000,0x0000,0x0000,
	0x0000,0x0000,0x0000,0x0000,0x0000,0x0000,0x0000,0x0000,

	0x0000,0x0000,0x0000,0x0000,0x0000,0x0000,0x0000,0x0000,
	0x0000,0x0000,0x0000,0x0000,0x0000,0x0000,0x0000,0x0000,
	0x0000,0x0000,0x0000,0x0000,0x0000,0x0000,0x0000,0x0000,
	0x0000,0x0000,0x0000,0x0000,0x0000,0x0000,0x0000,0x0000,
	0x0000,0x0000,0x0000,0x0000,0x0000,0x0000,0x0000,0x0000,
	0x0000,0x0000,0x0000,0x0000,0x0000,0x0000,0x0000,0x0000,
	0x0000,0x0000,0x0000,0x0000,0x0000,0x0000,0x0000,0x0000,
	0x0000,0x0000,0x0000,0x0000,0x0000,0x0000,0x0000,0x0000,

	0x0000,0x0000,0x0000,0x0000,0x0000,0x0000,0x0000,0x0000,
	0x0000,0x0000,0x0000,0x0000,0x0000,0x0000,0x0000,0x0000,
	0x0000,0x0000,0x0000,0x0000,0x0000,0x0000,0x0000,0x0000,
	0x0000,0x0000,0x0000,0x0000,0x0000,0x0000,0x0000,0x0000,
	0x0000,0x0000,0x0000,0x0000,0x0000,0x0000,0x0000,0x0000,
	0x0000,0x0000,0x0000,0x0000,0x0000,0x0000,0x0000,0x0000,
	0x0000,0x0000,0x0000,0x0000,0x0000,0x0000,0x0000,0x0000,
	0x0000,0x0000,0x0000,0x0000,0x0000,0x0000,0x0000,0x0000,

	0x0000,0x0000,0x0000,0x0000,0x0000,0x0000,0x0000,0x0000,
	0x0000,0x0000,0x0000,0x0000,0x0000,0x0000,0x0000,0x0000,
	0x0000,0x0000,0x0000,0x0000,0x0000,0x0000,0x0000,0x0000,
	0x0000,0x0000,0x0000,0x0000,0x0000,0x0000,0x0000,0x0000,
	0x0000,0x0000,0x0000,0x0000,0x0000,0x0000,0x0000,0x0000,
	0x0000,0x0000,0x0000,0x0000,0x0000,0x0000,0x0000,0x0000,
	0x0000,0x0000,0x0000,0x0000,0x0000,0x0000,0x0000,0x0000,
	0x0000,0x0000,0x0000,0x0000,0x0000,0x0000,0x0000,0x0000,

	0x0000,0x0000,0x0000,0x0000,0x0000,0x0000,0x0000,0x0000,
	0x0000,0x0000,0x0000,0x0000,0x0000,0x0000,0x0000,0x0000,
	0x0000,0x0000,0x0000,0x0000,0x0000,0x0000,0x0000,0x0000,
	0x0000,0x0000,0x0000,0x0000,0x0000,0x0000,0x0000,0x0000,
	0x0000,0x0000,0x0000,0x0000,0x0000,0x0000,0x0000,0x0000,
	0x0000,0x0000,0x0000,0x0000,0x0000,0x0000,0x0000,0x0000,
	0x0000,0x0000,0x0000,0x0000,0x0000,0x0000,0x0000,0x0000,
	0x0000,0x0000,0x0000,0x0000,0x0000,0x0000,0x0000,0x0000,

	0x0000,0x0000,0x0000,0x0000,0x0000,0x0000,0x0000,0x0000,
	0x0000,0x0000,0x0000,0x0000,0x0000,0x0000,0x0000,0x0000,
	0x0000,0x0000,0x0000,0x0000,0x0000,0x0000,0x0000,0x0000,
	0x0000,0x0000,0x0000,0x0000,0x0000,0x0000,0x0000,0x0000,
	0x0000,0x0000,0x0000,0x0000,0x0000,0x0000,0x0000,0x0000,
	0x0000,0x0000,0x0000,0x0000,0x0000,0x0000,0x0000,0x0000,
	0x0000,0x0000,0x0000,0x0000,0x0000,0x0000,0x0000,0x0000,
	0x0000,0x0000,0x0000,0x0000,0x0000,0x0000,0x0000,0x0000,

	0x0000,0x0000,0x0000,0x0000,0x0000,0x0000,0x0000,0x0000,
	0x0000,0x0000,0x0000,0x0000,0x0000,0x0000,0x0000,0x0000,
	0x0000,0x0000,0x0000,0x0000,0x0000,0x0000,0x0000,0x0000,
	0x0000,0x0000,0x0000,0x0000,0x0000,0x0000,0x0000,0x0000,
	0x0000,0x0000,0x0000,0x0000,0x0000,0x0000,0x0000,0x0000,
	0x0000,0x0000,0x0000,0x0000,0x0000,0x0000,0x0000,0x0000,
	0x0000,0x0000,0x0000,0x0000,0x0000,0x0000,0x0000,0x0000,
	0x0000,0x0000,0x0000,0x0000,0x0000,0x0000,0x0000,0x0000,

	0x0000,0x0000,0x0000,0x0000,0x0000,0x0000,0x0000,0x0000,
	0x0000,0x0000,0x0000,0x0000,0x0000,0x0000,0x0000,0x0000,
	0x0000,0x0000,0x0000,0x0000,0x0000,0x0000,0x0000,0x0000,
	0x0000,0x0000,0x0000,0x0000,0x0000,0x0000,0x0000,0x0000,
	0x0000,0x0000,0x0000,0x0000,0x0000,0x0000,0x0000,0x0000,
	0x0000,0x0000,0x0000,0x0000,0x0000,0x0000,0x0000,0x0000,
	0x0000,0x0000,0x0000,0x0000,0x0000,0x0000,0x0000,0x0000,
	0x0000,0x0000,0x0000,0x0000,0x0000,0x0000,0x0000,0x0000,

	0x0000,0x0000,0x0000,0x0000,0x0000,0x0000,0x0000,0x0000,
	0x0000,0x0000,0x0000,0x0000,0x0000,0x0000,0x0000,0x0000,
	0x0000,0x0000,0x0000,0x0000,0x0000,0x0000,0x0000,0x0000,
	0x0000,0x0000,0x0000,0x0000,0x0000,0x0000,0x0000,0x0000,
	0x0000,0x0000,0x0000,0x0000,0x0000,0x0000,0x0000,0x0000,
	0x0000,0x0000,0x0000,0x0000,0x0000,0x0000,0x0000,0x0000,
	0x0000,0x0000,0x0000,0x0000,0x0000,0x0000,0x0000,0x0000,
	0x0000,0x0000,0x0000,0x0000,0x0000,0x0000,0x0000,0x0000,

	0x0000,0x0000,0x0000,0x0000,0x0000,0x0000,0x0000,0x0000,
	0x0000,0x0000,0x0000,0x0000,0x0000,0x0000,0x0000,0x0000,
	0x0000,0x0000,0x0000,0x0000,0x0000,0x0000,0x0000,0x0000,
	0x0000,0x0000,0x0000,0x0000,0x0000,0x0000,0x0000,0x0000,
	0x0000,0x0000,0x0000,0x0000,0x0000,0x0000,0x0000,0x0000,
	0x0000,0x0000,0x0000,0x0000,0x0000,0x0000,0x0000,0x0000,
	0x0000,0x0000,0x0000,0x0000,0x0000,0x0000,0x0000,0x0000,
	0x0000,0x0000,0x0000,0x0000,0x0000,0x0000,0x0000,0x0000,

	0x0000,0x0000,0x0000,0x0000,0x0000,0x0000,0x0000,0x0000,
	0x0000,0x0000,0x0000,0x0000,0x0000,0x0000,0x0000,0x0000,
	0x0000,0x0000,0x0000,0x0000,0x0000,0x0000,0x0000,0x0000,
	0x0000,0x0000,0x0000,0x0000,0x0000,0x0000,0x0000,0x0000,
	0x0000,0x0000,0x0000,0x0000,0x0000,0x0000,0x0000,0x0000,
	0x0000,0x0000,0x0000,0x0000,0x0000,0x0000,0x0000,0x0000,
	0x0000,0x0000,0x0000,0x0000,0x0000,0x0000,0x0000,0x0000,
	0x0000,0x0000,0x0000,0x0000,0x0000,0x0000,0x0000,0x0000,

	0x0000,0x0000,0x0000,0x0000,0x0000,0x0000,0x0000,0x0000,
	0x0000,0x0000,0x0000,0x0000,0x0000,0x0000,0x0000,0x0000,
	0x0000,0x0000,0x0000,0x0000,0x0000,0x0000,0x0000,0x0000,
	0x0000,0x0000,0x0000,0x0000,0x0000,0x0000,0x0000,0x0000,
	0x0000,0x0000,0x0000,0x0000,0x0000,0x0000,0x0000,0x0000,
	0x0000,0x0000,0x0000,0x0000,0x0000,0x0000,0x0000,0x0000,
	0x0000,0x0000,0x0000,0x0000,0x0000,0x0000,0x0000,0x0000,
	0x0000,0x0000,0x0000,0x0000,0x0000,0x0000,0x0000,0x0000,

	0x0000,0x0000,0x0000,0x0000,0x0000,0x0000,0x0000,0x0000,
	0x0000,0x0000,0x0000,0x0000,0x0000,0x0000,0x0000,0x0000,
	0x0000,0x0000,0x0000,0x0000,0x0000,0x0000,0x0000,0x0000,
	0x0000,0x0000,0x0000,0x0000,0x0000,0x0000,0x0000,0x0000,
	0x0000,0x0000,0x0000,0x0000,0x0000,0x0000,0x0000,0x0000,
	0x0000,0x0000,0x0000,0x0000,0x0000,0x0000,0x0000,0x0000,
	0x0000,0x0000,0x0000,0x0000,0x0000,0x0000,0x0000,0x0000,
	0x0000,0x0000,0x0000,0x0000,0x0000,0x0000,0x0000,0x0000,

	0x0000,0x0000,0x0000,0x0000,0x0000,0x0000,0x0000,0x0000,
	0x0000,0x0000,0x0000,0x0000,0x0000,0x0000,0x0000,0x0000,
	0x0000,0x0000,0x0000,0x0000,0x0000,0x0000,0x0000,0x0000,
	0x0000,0x0000,0x0000,0x0000,0x0000,0x0000,0x0000,0x0000,
	0x0000,0x0000,0x0000,0x0000,0x0000,0x0000,0x0000,0x0000,
	0x0000,0x0000,0x0000,0x0000,0x0000,0x0000,0x0000,0x0000,
	0x0000,0x0000,0x0000,0x0000,0x0000,0x0000,0x0000,0x0000,
	0x0000,0x0000,0x0000,0x0000,0x0000,0x0000,0x0000,0x0000,

	0x0000,0x0000,0x0000,0x0000,0x0000,0x0000,0x0000,0x0000,
	0x0000,0x0000,0x0000,0x0000,0x0000,0x0000,0x0000,0x0000,
	0x0000,0x0000,0x0000,0x0000,0x0000,0x0000,0x0000,0x0000,
	0x0000,0x0000,0x0000,0x0000,0x0000,0x0000,0x0000,0x0000,
	0x0000,0x0000,0x0000,0x0000,0x0000,0x0000,0x0000,0x0000,
	0x0000,0x0000,0x0000,0x0000,0x0000,0x0000,0x0000,0x0000,
	0x0000,0x0000,0x0000,0x0000,0x0000,0x0000,0x0000,0x0000,
	0x0000,0x0000,0x0000,0x0000,0x0000,0x0000,0x0000,0x0000,

	0x0000,0x0000,0x0000,0x0000,0x0000,0x0000,0x0000,0x0000,
	0x0000,0x0000,0x0000,0x0000,0x0000,0x0000,0x0000,0x0000,
	0x0000,0x0000,0x0000,0x0000,0x0000,0x0000,0x0000,0x0000,
	0x0000,0x0000,0x0000,0x0000,0x0000,0x0000,0x0000,0x0000,
	0x0000,0x0000,0x0000,0x0000,0x0000,0x0000,0x0000,0x0000,
	0x0000,0x0000,0x0000,0x0000,0x0000,0x0000,0x0000,0x0000,
	0x0000,0x0000,0x0000,0x0000,0x0000,0x0000,0x0000,0x0000,
	0x0000,0x0000,0x0000,0x0000,0x0000,0x0000,0x0000,0x0000,

	0x0000,0x0000,0x0000,0x0000,0x0000,0x0000,0x0000,0x0000,
	0x0000,0x0000,0x0000,0x0000,0x0000,0x0000,0x0000,0x0000,
	0x0000,0x0000,0x0000,0x0000,0x0000,0x0000,0x0000,0x0000,
	0x0000,0x0000,0x0000,0x0000,0x0000,0x0000,0x0000,0x0000,
	0x0000,0x0000,0x0000,0x0000,0x0000,0x0000,0x0000,0x0000,
	0x0000,0x0000,0x0000,0x0000,0x0000,0x0000,0x0000,0x0000,
	0x0000,0x0000,0x0000,0x0000,0x0000,0x0000,0x0000,0x0000,
	0x0000,0x0000,0x0000,0x0000,0x0000,0x0000,0x0000,0x0000,

	0x0000,0x0000,0x0000,0x0000,0x0000,0x0000,0x0000,0x0000,
	0x0000,0x0000,0x0000,0x0000,0x0000,0x0000,0x0000,0x0000,
	0x0000,0x0000,0x0000,0x0000,0x0000,0x0000,0x0000,0x0000,
	0x0000,0x0000,0x0000,0x0000,0x0000,0x0000,0x0000,0x0000,
	0x0000,0x0000,0x0000,0x0000,0x0000,0x0000,0x0000,0x0000,
	0x0000,0x0000,0x0000,0x0000,0x0000,0x0000,0x0000,0x0000,
	0x0000,0x0000,0x0000,0x0000,0x0000,0x0000,0x0000,0x0000,
	0x0000,0x0000,0x0000,0x0000,0x0000,0x0000,0x0000,0x0000,

	0x0000,0x0000,0x0000,0x0000,0x0000,0x0000,0x0000,0x0000,
	0x0000,0x0000,0x0000,0x0000,0x0000,0x0000,0x0000,0x0000,
	0x0000,0x0000,0x0000,0x0000,0x0000,0x0000,0x0000,0x0000,
	0x0000,0x0000,0x0000,0x0000,0x0000,0x0000,0x0000,0x0000,
	0x0000,0x0000,0x0000,0x0000,0x0000,0x0000,0x0000,0x0000,
	0x0000,0x0000,0x0000,0x0000,0x0000,0x0000,0x0000,0x0000,
	0x0000,0x0000,0x0000,0x0000,0x0000,0x0000,0x0000,0x0000,
	0x0000,0x0000,0x0000,0x0000,0x0000,0x0000,0x0000,0x0000,

	0x0000,0x0000,0x0000,0x0000,0x0000,0x0000,0x0000,0x0000,
	0x0000,0x0000,0x0000,0x0000,0x0000,0x0000,0x0000,0x0000,
	0x0000,0x0000,0x0000,0x0000,0x0000,0x0000,0x0000,0x0000,
	0x0000,0x0000,0x0000,0x0000,0x0000,0x0000,0x0000,0x0000,
	0x0000,0x0000,0x0000,0x0000,0x0000,0x0000,0x0000,0x0000,
	0x0000,0x0000,0x0000,0x0000,0x0000,0x0000,0x0000,0x0000,
	0x0000,0x0000,0x0000,0x0000,0x0000,0x0000,0x0000,0x0000,
	0x0000,0x0000,0x0000,0x0000,0x0000,0x0000,0x0000,0x0000,

	0x0000,0x0000,0x0000,0x0000,0x0000,0x0000,0x0000,0x0000,
	0x0000,0x0000,0x0000,0x0000,0x0000,0x0000,0x0000,0x0000,
	0x0000,0x0000,0x0000,0x0000,0x0000,0x0000,0x0000,0x0000,
	0x0000,0x0000,0x0000,0x0000,0x0000,0x0000,0x0000,0x0000,
	0x0000,0x0000,0x0000,0x0000,0x0000,0x0000,0x0000,0x0000,
	0x0000,0x0000,0x0000,0x0000,0x0000,0x0000,0x0000,0x0000,
	0x0000,0x0000,0x0000,0x0000,0x0000,0x0000,0x0000,0x0000,
	0x0000,0x0000,0x0000,0x0000,0x0000,0x0000,0x0000,0x0000,

	0x0000,0x0000,0x0000,0x0000,0x0000,0x0000,0x0000,0x0000,
	0x0000,0x0000,0x0000,0x0000,0x0000,0x0000,0x0000,0x0000,
	0x0000,0x0000,0x0000,0x0000,0x0000,0x0000,0x0000,0x0000,
	0x0000,0x0000,0x0000,0x0000,0x0000,0x0000,0x0000,0x0000,
	0x0000,0x0000,0x0000,0x0000,0x0000,0x0000,0x0000,0x0000,
	0x0000,0x0000,0x0000,0x0000,0x0000,0x0000,0x0000,0x0000,
	0x0000,0x0000,0x0000,0x0000,0x0000,0x0000,0x0000,0x0000,
	0x0000,0x0000,0x0000,0x0000,0x0000,0x0000,0x0000,0x0000,

	0x0000,0x0000,0x0000,0x0000,0x0000,0x0000,0x0000,0x0000,
	0x0000,0x0000,0x0000,0x0000,0x0000,0x0000,0x0000,0x0000,
	0x0000,0x0000,0x0000,0x0000,0x0000,0x0000,0x0000,0x0000,
	0x0000,0x0000,0x0000,0x0000,0x0000,0x0000,0x0000,0x0000,
	0x0000,0x0000,0x0000,0x0000,0x0000,0x0000,0x0000,0x0000,
	0x0000,0x0000,0x0000,0x0000,0x0000,0x0000,0x0000,0x0000,
	0x0000,0x0000,0x0000,0x0000,0x0000,0x0000,0x0000,0x0000,
	0x0000,0x0000,0x0000,0x0000,0x0000,0x0000,0x0000,0x0000,

	0x0000,0x0000,0x0000,0x0000,0x0000,0x0000,0x0000,0x0000,
	0x0000,0x0000,0x0000,0x0000,0x0000,0x0000,0x0000,0x0000,
	0x0000,0x0000,0x0000,0x0000,0x0000,0x0000,0x0000,0x0000,
	0x0000,0x0000,0x0000,0x0000,0x0000,0x0000,0x0000,0x0000,
	0x0000,0x0000,0x0000,0x0000,0x0000,0x0000,0x0000,0x0000,
	0x0000,0x0000,0x0000,0x0000,0x0000,0x0000,0x0000,0x0000,
	0x0000,0x0000,0x0000,0x0000,0x0000,0x0000,0x0000,0x0000,
	0x0000,0x0000,0x0000,0x0000,0x0000,0x0000,0x0000,0x0000,

	0x0000,0x0000,0x0000,0x0000,0x0000,0x0000,0x0000,0x0000,
	0x0000,0x0000,0x0000,0x0000,0x0000,0x0000,0x0000,0x0000,
	0x0000,0x0000,0x0000,0x0000,0x0000,0x0000,0x0000,0x0000,
	0x0000,0x0000,0x0000,0x0000,0x0000,0x0000,0x0000,0x0000,
	0x0000,0x0000,0x0000,0x0000,0x0000,0x0000,0x0000,0x0000,
	0x0000,0x0000,0x0000,0x0000,0x0000,0x0000,0x0000,0x0000,
	0x0000,0x0000,0x0000,0x0000,0x0000,0x0000,0x0000,0x0000,
	0x0000,0x0000,0x0000,0x0000,0x0000,0x0000,0x0000,0x0000,

	0x0000,0x0000,0x0000,0x0000,0x0000,0x0000,0x0000,0x0000,
	0x0000,0x0000,0x0000,0x0000,0x0000,0x0000,0x0000,0x0000,
	0x0000,0x0000,0x0000,0x0000,0x0000,0x0000,0x0000,0x0000,
	0x0000,0x0000,0x0000,0x0000,0x0000,0x0000,0x0000,0x0000,
	0x0000,0x0000,0x0000,0x0000,0x0000,0x0000,0x0000,0x0000,
	0x0000,0x0000,0x0000,0x0000,0x0000,0x0000,0x0000,0x0000,
	0x0000,0x0000,0x0000,0x0000,0x0000,0x0000,0x0000,0x0000,
	0x0000,0x0000,0x0000,0x0000,0x0000,0x0000,0x0000,0x0000,

	0x0000,0x0000,0x0000,0x0000,0x0000,0x0000,0x0000,0x0000,
	0x0000,0x0000,0x0000,0x0000,0x0000,0x0000,0x0000,0x0000,
	0x0000,0x0000,0x0000,0x0000,0x0000,0x0000,0x0000,0x0000,
	0x0000,0x0000,0x0000,0x0000,0x0000,0x0000,0x0000,0x0000,
	0x0000,0x0000,0x0000,0x0000,0x0000,0x0000,0x0000,0x0000,
	0x0000,0x0000,0x0000,0x0000,0x0000,0x0000,0x0000,0x0000,
	0x0000,0x0000,0x0000,0x0000,0x0000,0x0000,0x0000,0x0000,
	0x0000,0x0000,0x0000,0x0000,0x0000,0x0000,0x0000,0x0000,

	0x0000,0x0000,0x0000,0x0000,0x0000,0x0000,0x0000,0x0000,
	0x0000,0x0000,0x0000,0x0000,0x0000,0x0000,0x0000,0x0000,
	0x0000,0x0000,0x0000,0x0000,0x0000,0x0000,0x0000,0x0000,
	0x0000,0x0000,0x0000,0x0000,0x0000,0x0000,0x0000,0x0000,
	0x0000,0x0000,0x0000,0x0000,0x0000,0x0000,0x0000,0x0000,
	0x0000,0x0000,0x0000,0x0000,0x0000,0x0000,0x0000,0x0000,
	0x0000,0x0000,0x0000,0x0000,0x0000,0x0000,0x0000,0x0000,
	0x0000,0x0000,0x0000,0x0000,0x0000,0x0000,0x0000,0x0000,

	0x0000,0x0000,0x0000,0x0000,0x0000,0x0000,0x0000,0x0000,
	0x0000,0x0000,0x0000,0x0000,0x0000,0x0000,0x0000,0x0000,
	0x0000,0x0000,0x0000,0x0000,0x0000,0x0000,0x0000,0x0000,
	0x0000,0x0000,0x0000,0x0000,0x0000,0x0000,0x0000,0x0000,
	0x0000,0x0000,0x0000,0x0000,0x0000,0x0000,0x0000,0x0000,
	0x0000,0x0000,0x0000,0x0000,0x0000,0x0000,0x0000,0x0000,
	0x0000,0x0000,0x0000,0x0000,0x0000,0x0000,0x0000,0x0000,
	0x0000,0x0000,0x0000,0x0000,0x0000,0x0000,0x0000,0x0000,

	0x0000,0x0000,0x0000,0x0000,0x0000,0x0000,0x0000,0x0000,
	0x0000,0x0000,0x0000,0x0000,0x0000,0x0000,0x0000,0x0000,
	0x0000,0x0000,0x0000,0x0000,0x0000,0x0000,0x0000,0x0000,
	0x0000,0x0000,0x0000,0x0000,0x0000,0x0000,0x0000,0x0000,
	0x0000,0x0000,0x0000,0x0000,0x0000,0x0000,0x0000,0x0000,
	0x0000,0x0000,0x0000,0x0000,0x0000,0x0000,0x0000,0x0000,
	0x0000,0x0000,0x0000,0x0000,0x0000,0x0000,0x0000,0x0000,
	0x0000,0x0000,0x0000,0x0000,0x0000,0x0000,0x0000,0x0000,

	0x0000,0x0000,0x0000,0x0000,0x0000,0x0000,0x0000,0x0000,
	0x0000,0x0000,0x0000,0x0000,0x0000,0x0000,0x0000,0x0000,
	0x0000,0x0000,0x0000,0x0000,0x0000,0x0000,0x0000,0x0000,
	0x0000,0x0000,0x0000,0x0000,0x0000,0x0000,0x0000,0x0000,
	0x0000,0x0000,0x0000,0x0000,0x0000,0x0000,0x0000,0x0000,
	0x0000,0x0000,0x0000,0x0000,0x0000,0x0000,0x0000,0x0000,
	0x0000,0x0000,0x0000,0x0000,0x0000,0x0000,0x0000,0x0000,
	0x0000,0x0000,0x0000,0x0000,0x0000,0x0000,0x0000,0x0000,

	0x0000,0x0000,0x0000,0x0000,0x0000,0x0000,0x0000,0x0000,
	0x0000,0x0000,0x0000,0x0000,0x0000,0x0000,0x0000,0x0000,
	0x0000,0x0000,0x0000,0x0000,0x0000,0x0000,0x0000,0x0000,
	0x0000,0x0000,0x0000,0x0000,0x0000,0x0000,0x0000,0x0000,
	0x0000,0x0000,0x0000,0x0000,0x0000,0x0000,0x0000,0x0000,
	0x0000,0x0000,0x0000,0x0000,0x0000,0x0000,0x0000,0x0000,
	0x0000,0x0000,0x0000,0x0000,0x0000,0x0000,0x0000,0x0000,
	0x0000,0x0000,0x0000,0x0000,0x0000,0x0000,0x0000,0x0000,

	0x0000,0x0000,0x0000,0x0000,0x0000,0x0000,0x0000,0x0000,
	0x0000,0x0000,0x0000,0x0000,0x0000,0x0000,0x0000,0x0000,
	0x0000,0x0000,0x0000,0x0000,0x0000,0x0000,0x0000,0x0000,
	0x0000,0x0000,0x0000,0x0000,0x0000,0x0000,0x0000,0x0000,
	0x0000,0x0000,0x0000,0x0000,0x0000,0x0000,0x0000,0x0000,
	0x0000,0x0000,0x0000,0x0000,0x0000,0x0000,0x0000,0x0000,
	0x0000,0x0000,0x0000,0x0000,0x0000,0x0000,0x0000,0x0000,
	0x0000,0x0000,0x0000,0x0000,0x0000,0x0000,0x0000,0x0000,

	0x0000,0x0000,0x0000,0x0000,0x0000,0x0000,0x0000,0x0000,
	0x0000,0x0000,0x0000,0x0000,0x0000,0x0000,0x0000,0x0000,
	0x0000,0x0000,0x0000,0x0000,0x0000,0x0000,0x0000,0x0000,
	0x0000,0x0000,0x0000,0x0000,0x0000,0x0000,0x0000,0x0000,
	0x0000,0x0000,0x0000,0x0000,0x0000,0x0000,0x0000,0x0000,
	0x0000,0x0000,0x0000,0x0000,0x0000,0x0000,0x0000,0x0000,
	0x0000,0x0000,0x0000,0x0000,0x0000,0x0000,0x0000,0x0000,
	0x0000,0x0000,0x0000,0x0000,0x0000,0x0000,0x0000,0x0000,

	0x0000,0x0000,0x0000,0x0000,0x0000,0x0000,0x0000,0x0000,
	0x0000,0x0000,0x0000,0x0000,0x0000,0x0000,0x0000,0x0000,
	0x0000,0x0000,0x0000,0x0000,0x0000,0x0000,0x0000,0x0000,
	0x0000,0x0000,0x0000,0x0000,0x0000,0x0000,0x0000,0x0000,
	0x0000,0x0000,0x0000,0x0000,0x0000,0x0000,0x0000,0x0000,
	0x0000,0x0000,0x0000,0x0000,0x0000,0x0000,0x0000,0x0000,
	0x0000,0x0000,0x0000,0x0000,0x0000,0x0000,0x0000,0x0000,
	0x0000,0x0000,0x0000,0x0000,0x0000,0x0000,0x0000,0x0000,

	0x0000,0x0000,0x0000,0x0000,0x0000,0x0000,0x0000,0x0000,
	0x0000,0x0000,0x0000,0x0000,0x0000,0x0000,0x0000,0x0000,
	0x0000,0x0000,0x0000,0x0000,0x0000,0x0000,0x0000,0x0000,
	0x0000,0x0000,0x0000,0x0000,0x0000,0x0000,0x0000,0x0000,
	0x0000,0x0000,0x0000,0x0000,0x0000,0x0000,0x0000,0x0000,
	0x0000,0x0000,0x0000,0x0000,0x0000,0x0000,0x0000,0x0000,
	0x0000,0x0000,0x0000,0x0000,0x0000,0x0000,0x0000,0x0000,
	0x0000,0x0000,0x0000,0x0000,0x0000,0x0000,0x0000,0x0000,

	0x0000,0x0000,0x0000,0x0000,0x0000,0x0000,0x0000,0x0000,
	0x0000,0x0000,0x0000,0x0000,0x0000,0x0000,0x0000,0x0000,
	0x0000,0x0000,0x0000,0x0000,0x0000,0x0000,0x0000,0x0000,
	0x0000,0x0000,0x0000,0x0000,0x0000,0x0000,0x0000,0x0000,
	0x0000,0x0000,0x0000,0x0000,0x0000,0x0000,0x0000,0x0000,
	0x0000,0x0000,0x0000,0x0000,0x0000,0x0000,0x0000,0x0000,
	0x0000,0x0000,0x0000,0x0000,0x0000,0x0000,0x0000,0x0000,
	0x0000,0x0000,0x0000,0x0000,0x0000,0x0000,0x0000,0x0000,

	0x0000,0x0000,0x0000,0x0000,0x0000,0x0000,0x0000,0x0000,
	0x0000,0x0000,0x0000,0x0000,0x0000,0x0000,0x0000,0x0000,
	0x0000,0x0000,0x0000,0x0000,0x0000,0x0000,0x0000,0x0000,
	0x0000,0x0000,0x0000,0x0000,0x0000,0x0000,0x0000,0x0000,
	0x0000,0x0000,0x0000,0x0000,0x0000,0x0000,0x0000,0x0000,
	0x0000,0x0000,0x0000,0x0000,0x0000,0x0000,0x0000,0x0000,
	0x0000,0x0000,0x0000,0x0000,0x0000,0x0000,0x0000,0x0000,
	0x0000,0x0000,0x0000,0x0000,0x0000,0x0000,0x0000,0x0000,

	0x0000,0x0000,0x0000,0x0000,0x0000,0x0000,0x0000,0x0000,
	0x0000,0x0000,0x0000,0x0000,0x0000,0x0000,0x0000,0x0000,
	0x0000,0x0000,0x0000,0x0000,0x0000,0x0000,0x0000,0x0000,
	0x0000,0x0000,0x0000,0x0000,0x0000,0x0000,0x0000,0x0000,
	0x0000,0x0000,0x0000,0x0000,0x0000,0x0000,0x0000,0x0000,
	0x0000,0x0000,0x0000,0x0000,0x0000,0x0000,0x0000,0x0000,
	0x0000,0x0000,0x0000,0x0000,0x0000,0x0000,0x0000,0x0000,
	0x0000,0x0000,0x0000,0x0000,0x0000,0x0000,0x0000,0x0000,

	0x0000,0x0000,0x0000,0x0000,0x0000,0x0000,0x0000,0x0000,
	0x0000,0x0000,0x0000,0x0000,0x0000,0x0000,0x0000,0x0000,
	0x0000,0x0000,0x0000,0x0000,0x0000,0x0000,0x0000,0x0000,
	0x0000,0x0000,0x0000,0x0000,0x0000,0x0000,0x0000,0x0000,
	0x0000,0x0000,0x0000,0x0000,0x0000,0x0000,0x0000,0x0000,
	0x0000,0x0000,0x0000,0x0000,0x0000,0x0000,0x0000,0x0000,
	0x0000,0x0000,0x0000,0x0000,0x0000,0x0000,0x0000,0x0000,
	0x0000,0x0000,0x0000,0x0000,0x0000,0x0000,0x0000,0x0000,

	0x0000,0x0000,0x0000,0x0000,0x0000,0x0000,0x0000,0x0000,
	0x0000,0x0000,0x0000,0x0000,0x0000,0x0000,0x0000,0x0000,
	0x0000,0x0000,0x0000,0x0000,0x0000,0x0000,0x0000,0x0000,
	0x0000,0x0000,0x0000,0x0000,0x0000,0x0000,0x0000,0x0000,
	0x0000,0x0000,0x0000,0x0000,0x0000,0x0000,0x0000,0x0000,
	0x0000,0x0000,0x0000,0x0000,0x0000,0x0000,0x0000,0x0000,
	0x0000,0x0000,0x0000,0x0000,0x0000,0x0000,0x0000,0x0000,
	0x0000,0x0000,0x0000,0x0000,0x0000,0x0000,0x0000,0x0000,

	0x0000,0x0000,0x0000,0x0000,0x0000,0x0000,0x0000,0x0000,
	0x0000,0x0000,0x0000,0x0000,0x0000,0x0000,0x0000,0x0000,
	0x0000,0x0000,0x0000,0x0000,0x0000,0x0000,0x0000,0x0000,
	0x0000,0x0000,0x0000,0x0000,0x0000,0x0000,0x0000,0x0000,
	0x0000,0x0000,0x0000,0x0000,0x0000,0x0000,0x0000,0x0000,
	0x0000,0x0000,0x0000,0x0000,0x0000,0x0000,0x0000,0x0000,
	0x0000,0x0000,0x0000,0x0000,0x0000,0x0000,0x0000,0x0000,
	0x0000,0x0000,0x0000,0x0000,0x0000,0x0000,0x0000,0x0000,

	0x0000,0x0000,0x0000,0x0000,0x0000,0x0000,0x0000,0x0000,
	0x0000,0x0000,0x0000,0x0000,0x0000,0x0000,0x0000,0x0000,
	0x0000,0x0000,0x0000,0x0000,0x0000,0x0000,0x0000,0x0000,
	0x0000,0x0000,0x0000,0x0000,0x0000,0x0000,0x0000,0x0000,
	0x0000,0x0000,0x0000,0x0000,0x0000,0x0000,0x0000,0x0000,
	0x0000,0x0000,0x0000,0x0000,0x0000,0x0000,0x0000,0x0000,
	0x0000,0x0000,0x0000,0x0000,0x0000,0x0000,0x0000,0x0000,
	0x0000,0x0000,0x0000,0x0000,0x0000,0x0000,0x0000,0x0000,

	0x0000,0x0000,0x0000,0x0000,0x0000,0x0000,0x0000,0x0000,
	0x0000,0x0000,0x0000,0x0000,0x0000,0x0000,0x0000,0x0000,
	0x0000,0x0000,0x0000,0x0000,0x0000,0x0000,0x0000,0x0000,
	0x0000,0x0000,0x0000,0x0000,0x0000,0x0000,0x0000,0x0000,
	0x0000,0x0000,0x0000,0x0000,0x0000,0x0000,0x0000,0x0000,
	0x0000,0x0000,0x0000,0x0000,0x0000,0x0000,0x0000,0x0000,
	0x0000,0x0000,0x0000,0x0000,0x0000,0x0000,0x0000,0x0000,
	0x0000,0x0000,0x0000,0x0000,0x0000,0x0000,0x0000,0x0000,

	0x0000,0x0000,0x0000,0x0000,0x0000,0x0000,0x0000,0x0000,
	0x0000,0x0000,0x0000,0x0000,0x0000,0x0000,0x0000,0x0000,
	0x0000,0x0000,0x0000,0x0000,0x0000,0x0000,0x0000,0x0000,
	0x0000,0x0000,0x0000,0x0000,0x0000,0x0000,0x0000,0x0000,
	0x0000,0x0000,0x0000,0x0000,0x0000,0x0000,0x0000,0x0000,
	0x0000,0x0000,0x0000,0x0000,0x0000,0x0000,0x0000,0x0000,
	0x0000,0x0000,0x0000,0x0000,0x0000,0x0000,0x0000,0x0000,
	0x0000,0x0000,0x0000,0x0000,0x0000,0x0000,0x0000,0x0000,

	0x0000,0x0000,0x0000,0x0000,0x0000,0x0000,0x0000,0x0000,
	0x0000,0x0000,0x0000,0x0000,0x0000,0x0000,0x0000,0x0000,
	0x0000,0x0000,0x0000,0x0000,0x0000,0x0000,0x0000,0x0000,
	0x0000,0x0000,0x0000,0x0000,0x0000,0x0000,0x0000,0x0000,
	0x0000,0x0000,0x0000,0x0000,0x0000,0x0000,0x0000,0x0000,
	0x0000,0x0000,0x0000,0x0000,0x0000,0x0000,0x0000,0x0000,
	0x0000,0x0000,0x0000,0x0000,0x0000,0x0000,0x0000,0x0000,
	0x0000,0x0000,0x0000,0x0000,0x0000,0x0000,0x0000,0x0000,

	0x0000,0x0000,0x0000,0x0000,0x0000,0x0000,0x0000,0x0000,
	0x0000,0x0000,0x0000,0x0000,0x0000,0x0000,0x0000,0x0000,
	0x0000,0x0000,0x0000,0x0000,0x0000,0x0000,0x0000,0x0000,
	0x0000,0x0000,0x0000,0x0000,0x0000,0x0000,0x0000,0x0000,
	0x0000,0x0000,0x0000,0x0000,0x0000,0x0000,0x0000,0x0000,
	0x0000,0x0000,0x0000,0x0000,0x0000,0x0000,0x0000,0x0000,
	0x0000,0x0000,0x0000,0x0000,0x0000,0x0000,0x0000,0x0000,
	0x0000,0x0000,0x0000,0x0000,0x0000,0x0000,0x0000,0x0000,
};

const unsigned short parallaxtilesetPal[256] __attribute__((aligned(4)))=
{
	0x0000,0x64CC,0x1402,0x4210,0x7F12,0x5D0B,0x577D,0x6AF7,
	0x5DAE,0x6E4F,0x733A,0x5D6C,0x7EB2,0x7F78,0x61D0,0x618D,
	0x6273,0x2004,0x7E10,0x671C,0x7DD0,0x777C,0x7D2F,0x7C10,
	0x6294,0x6274,0x5E32,0x7F93,0x1423,0x7CEF,0x66B5,0x7FFF,
	0x5E10,0x579C,0x7F3B,0x7C8D,0x610C,0x280A,0x6ADB,0x61CF,
	0x5E52,0x5DF0,0x6F19,0x1405,0x7CCF,0x7F3F,0x7F53,0x5D10,
	0x6AD7,0x7DD5,0x618E,0x1084,0x735B,0x6AFB,0x633C,0x779C,
	0x5DAF,0x7F3C,0x7FB2,0x6212,0x5B9D,0x6233,0x6252,0x658C,

	0x61F1,0x7C90,0x6F18,0x7F5C,0x6AB6,0x68EC,0x7F79,0x6B1C,
	0x7B32,0x6CCC,0x6211,0x5F5C,0x610B,0x6232,0x7E31,0x5FBD,
	0x7F7B,0x7C6E,0x6254,0x735A,0x7F73,0x6695,0x7CD0,0x737B,
	0x7F7D,0x6ED7,0x7DF0,0x5B7D,0x6EFC,0x7D50,0x6AF8,0x66B6,
	0x57BD,0x64EC,0x7E11,0x6694,0x1803,0x1823,0x6AFC,0x6253,
	0x5F7D,0x5F5D,0x658D,0x6AD6,0x7FB3,0x61AF,0x61F0,0x7C8E,
	0x61AE,0x7F7A,0x616D,0x5D6E,0x5D6D,0x6F39,0x579D,0x5E53,
	0x650C,0x7D70,0x6CCD,0x0000,0x0000,0x0000,0x0000,0x0000,

	0x0000,0x0000,0x0000,0x0000,0x0000,0x0000,0x0000,0x0000,
	0x0000,0x0000,0x0000,0x0000,0x0000,0x0000,0x0000,0x0000,
	0x0000,0x0000,0x0000,0x0000,0x0000,0x0000,0x0000,0x0000,
	0x0000,0x0000,0x0000,0x0000,0x0000,0x0000,0x0000,0x0000,
	0x0000,0x0000,0x0000,0x0000,0x0000,0x0000,0x0000,0x0000,
	0x0000,0x0000,0x0000,0x0000,0x0000,0x0000,0x0000,0x0000,
	0x0000,0x0000,0x0000,0x0000,0x0000,0x0000,0x0000,0x0000,
	0x0000,0x0000,0x0000,0x0000,0x0000,0x0000,0x0000,0x0000,

	0x0000,0x0000,0x0000,0x0000,0x0000,0x0000,0x0000,0x0000,
	0x0000,0x0000,0x0000,0x0000,0x0000,0x0000,0x0000,0x0000,
	0x0000,0x0000,0x0000,0x0000,0x0000,0x0000,0x0000,0x0000,
	0x0000,0x0000,0x0000,0x0000,0x0000,0x0000,0x0000,0x0000,
	0x0000,0x0000,0x0000,0x0000,0x0000,0x0000,0x0000,0x0000,
	0x0000,0x0000,0x0000,0x0000,0x0000,0x0000,0x0000,0x0000,
	0x0000,0x0000,0x0000,0x0000,0x0000,0x0000,0x0000,0x0000,
	0x0000,0x0000,0x0000,0x0000,0x0000,0x0000,0x0000,0x0000,
};

//}}BLOCK(parallaxtileset)
