
//{{BLOCK(tileset)

//======================================================================
//
//	tileset, 512x160@8, 
//	+ palette 256 entries, not compressed
//	+ 1280 tiles not compressed
//	Total size: 512 + 81920 = 82432
//
//	Time-stamp: 2025-04-19, 18:26:32
//	Exported by Cearn's GBA Image Transmogrifier, v0.8.3
//	( http://www.coranac.com/projects/#grit )
//
//======================================================================

const unsigned short tilesetTiles[40960] __attribute__((aligned(4)))=
{
	0x0102,0x0406,0x0707,0x0707,0x0601,0x0704,0x0707,0x0707,
	0x0406,0x0707,0x0707,0x0707,0x0704,0x0707,0x0707,0x0707,
	0x0707,0x0707,0x0707,0x0707,0x0707,0x0707,0x0707,0x0707,
	0x0707,0x0707,0x0707,0x0707,0x0707,0x0707,0x0707,0x0707,
	0x0707,0x0707,0x0707,0x0707,0x0707,0x0707,0x0707,0x0707,
	0x0707,0x0707,0x0707,0x0707,0x0707,0x0707,0x0707,0x0707,
	0x0707,0x0707,0x0707,0x0707,0x0707,0x0707,0x0707,0x0707,
	0x0707,0x0707,0x0707,0x0707,0x0707,0x0707,0x0707,0x0707,

	0x0707,0x0707,0x0707,0x0707,0x0707,0x0707,0x0707,0x0707,
	0x0707,0x0707,0x0707,0x0707,0x0707,0x0707,0x0707,0x0707,
	0x0707,0x0707,0x0707,0x0707,0x0707,0x0707,0x0707,0x0707,
	0x0707,0x0707,0x0707,0x0707,0x0707,0x0707,0x0707,0x0707,
	0x0707,0x0707,0x0707,0x0707,0x0707,0x0707,0x0707,0x0707,
	0x0707,0x0707,0x0707,0x0707,0x0707,0x0707,0x0707,0x0707,
	0x0707,0x0707,0x0707,0x0707,0x0707,0x0707,0x0707,0x0707,
	0x0707,0x0707,0x0707,0x0707,0x0707,0x0707,0x0707,0x0707,

	0x0707,0x0707,0x0707,0x0707,0x0707,0x0707,0x0707,0x0707,
	0x0707,0x0707,0x0707,0x0707,0x0707,0x0707,0x0707,0x0707,
	0x0707,0x0707,0x0707,0x0707,0x0707,0x0707,0x0707,0x0707,
	0x0707,0x0707,0x0707,0x0707,0x0707,0x0707,0x0707,0x0707,
	0x0707,0x0707,0x0707,0x0707,0x0707,0x0707,0x0707,0x0707,
	0x0707,0x0707,0x0707,0x0707,0x0707,0x0707,0x0707,0x0707,
	0x0707,0x0707,0x0707,0x0707,0x0707,0x0707,0x0707,0x0707,
	0x0707,0x0707,0x0707,0x0707,0x0707,0x0707,0x0707,0x0707,

	0x0707,0x0707,0x0707,0x0707,0x0707,0x0707,0x0707,0x0707,
	0x0707,0x0707,0x0707,0x0707,0x0707,0x0707,0x0707,0x0707,
	0x0707,0x0707,0x0707,0x0707,0x0707,0x0707,0x0707,0x0707,
	0x0707,0x0707,0x0707,0x0707,0x0707,0x0707,0x0707,0x0707,
	0x0707,0x0707,0x0707,0x0707,0x0707,0x0707,0x0707,0x0707,
	0x0707,0x0707,0x0707,0x0707,0x0707,0x0707,0x0707,0x0707,
	0x0707,0x0707,0x0707,0x0707,0x0707,0x0707,0x0707,0x0707,
	0x0707,0x0707,0x0707,0x0707,0x0707,0x0707,0x0707,0x0707,

	0x0707,0x0707,0x0707,0x0707,0x0707,0x0707,0x0707,0x0707,
	0x0707,0x0707,0x0707,0x0707,0x0707,0x0707,0x0707,0x0707,
	0x0707,0x0707,0x0707,0x0707,0x0707,0x0707,0x0707,0x0707,
	0x0707,0x0707,0x0707,0x0307,0x0707,0x0707,0x0707,0x0403,
	0x0707,0x0707,0x0307,0x0404,0x0707,0x0707,0x0403,0x0404,
	0x0707,0x0307,0x0404,0x0404,0x0707,0x0404,0x0404,0x0404,
	0x0407,0x0404,0x0404,0x0404,0x0404,0x0404,0x0404,0x0404,
	0x0404,0x0404,0x0404,0x0404,0x0404,0x0404,0x0404,0x0404,

	0x0404,0x0404,0x0404,0x0404,0x0404,0x0404,0x0404,0x0404,
	0x0404,0x0404,0x0404,0x0404,0x0404,0x0404,0x0404,0x0404,
	0x0404,0x0404,0x0404,0x0404,0x0404,0x0404,0x0404,0x0404,
	0x0404,0x0404,0x0404,0x0404,0x0404,0x0404,0x0404,0x0404,
	0x0404,0x0404,0x0404,0x0404,0x0404,0x0404,0x0404,0x0404,
	0x0404,0x0404,0x0404,0x0404,0x0404,0x0404,0x0404,0x0404,
	0x0404,0x0404,0x0404,0x0404,0x0404,0x0404,0x0404,0x0404,
	0x0404,0x0404,0x0404,0x0404,0x0404,0x0404,0x0404,0x0404,

	0x0404,0x0404,0x0604,0x0606,0x0404,0x0604,0x0606,0x0606,
	0x0604,0x0606,0x0606,0x0606,0x0604,0x0606,0x0606,0x0606,
	0x0604,0x0606,0x0606,0x0606,0x0404,0x0606,0x0606,0x0406,
	0x0404,0x0404,0x0404,0x0404,0x0404,0x0404,0x0404,0x0404,
	0x0606,0x0606,0x0606,0x0606,0x0606,0x0606,0x0606,0x0606,
	0x0606,0x0606,0x0606,0x0606,0x0606,0x0606,0x0606,0x0606,
	0x0606,0x0606,0x0606,0x0606,0x0404,0x0404,0x0404,0x0404,
	0x0404,0x0404,0x0404,0x0404,0x0404,0x0404,0x0404,0x0404,

	0x0606,0x0606,0x0606,0x0606,0x0606,0x0606,0x0606,0x0606,
	0x0606,0x0606,0x0606,0x0606,0x0606,0x0606,0x0606,0x0606,
	0x0606,0x0606,0x0606,0x0606,0x0404,0x0404,0x0404,0x0404,
	0x0404,0x0404,0x0404,0x0404,0x0404,0x0404,0x0404,0x0404,
	0x0606,0x0606,0x0606,0x0606,0x0606,0x0606,0x0606,0x0606,
	0x0606,0x0606,0x0606,0x0606,0x0606,0x0606,0x0606,0x0606,
	0x0606,0x0404,0x0404,0x0404,0x0404,0x0404,0x0404,0x0404,
	0x0404,0x0404,0x0404,0x0404,0x0404,0x0404,0x0404,0x0404,

	0x0606,0x0606,0x0606,0x0606,0x0606,0x0606,0x0606,0x0606,
	0x0606,0x0606,0x0606,0x0606,0x0606,0x0606,0x0606,0x0606,
	0x0404,0x0404,0x0404,0x0404,0x0404,0x0404,0x0404,0x0404,
	0x0404,0x0404,0x0404,0x0404,0x0404,0x0404,0x0404,0x0404,
	0x0606,0x0606,0x0606,0x0606,0x0606,0x0606,0x0606,0x0606,
	0x0606,0x0606,0x0606,0x0606,0x0606,0x0404,0x0404,0x0404,
	0x0404,0x0404,0x0404,0x0404,0x0404,0x0404,0x0404,0x0404,
	0x0404,0x0404,0x0404,0x0404,0x0404,0x0404,0x0404,0x0404,

	0x0606,0x0606,0x0606,0x0606,0x0606,0x0606,0x0606,0x0606,
	0x0606,0x0606,0x0606,0x0606,0x0404,0x0404,0x0404,0x0404,
	0x0404,0x0404,0x0404,0x0404,0x0404,0x0404,0x0404,0x0404,
	0x0404,0x0404,0x0404,0x0404,0x0404,0x0404,0x0404,0x0404,
	0x0606,0x0606,0x0606,0x0606,0x0606,0x0606,0x0606,0x0606,
	0x0606,0x0404,0x0604,0x0606,0x0404,0x0404,0x0404,0x0604,
	0x0404,0x0404,0x0404,0x0606,0x0404,0x0404,0x0404,0x0606,
	0x0404,0x0404,0x0404,0x0606,0x0404,0x0404,0x0604,0x0606,

	0x0606,0x0106,0x0101,0x0101,0x0606,0x0606,0x0606,0x0606,
	0x0606,0x0606,0x0606,0x0606,0x0606,0x0606,0x0606,0x0606,
	0x0606,0x0606,0x0606,0x0606,0x0606,0x0606,0x0606,0x0606,
	0x0606,0x0606,0x0606,0x0106,0x0606,0x0106,0x0101,0x0505,
	0x0601,0x0606,0x0606,0x0606,0x0606,0x0606,0x0606,0x0606,
	0x0606,0x0606,0x0606,0x0606,0x0606,0x0606,0x0606,0x0606,
	0x0606,0x0606,0x0606,0x0606,0x0606,0x0106,0x0101,0x0501,
	0x0101,0x0505,0x0505,0x0505,0x0505,0x0505,0x0505,0x0505,

	0x0606,0x0606,0x0606,0x0606,0x0606,0x0606,0x0606,0x0606,
	0x0606,0x0606,0x0606,0x0606,0x0606,0x0606,0x0101,0x0101,
	0x0101,0x0501,0x0505,0x0505,0x0505,0x0505,0x0505,0x0505,
	0x0505,0x0505,0x0505,0x0505,0x0505,0x0505,0x0505,0x0505,
	0x0606,0x0606,0x0606,0x0606,0x0606,0x0606,0x0606,0x0101,
	0x0106,0x0101,0x0501,0x0505,0x0505,0x0505,0x0505,0x0505,
	0x0505,0x0505,0x0505,0x0505,0x0505,0x0505,0x0505,0x0505,
	0x0505,0x0505,0x0505,0x0505,0x0505,0x0505,0x0505,0x0505,

	0x0606,0x0606,0x0101,0x0101,0x0101,0x0505,0x0505,0x0505,
	0x0505,0x0505,0x0505,0x0505,0x0505,0x0505,0x0505,0x0505,
	0x0505,0x0505,0x0505,0x0505,0x0505,0x0505,0x0505,0x0505,
	0x0505,0x0505,0x0505,0x0505,0x0505,0x0505,0x0505,0x0505,
	0x0505,0x0505,0x0505,0x0505,0x0505,0x0505,0x0505,0x0505,
	0x0505,0x0505,0x0505,0x0505,0x0505,0x0505,0x0505,0x0505,
	0x0505,0x0505,0x0505,0x0505,0x0505,0x0505,0x0505,0x0505,
	0x0505,0x0505,0x0505,0x0505,0x0505,0x0505,0x0505,0x0505,

	0x0505,0x0505,0x0505,0x0505,0x0505,0x0505,0x0505,0x0505,
	0x0505,0x0505,0x0505,0x0505,0x0505,0x0505,0x0505,0x0505,
	0x0505,0x0505,0x0505,0x0505,0x0505,0x0505,0x0505,0x0505,
	0x0505,0x0505,0x0505,0x0505,0x0505,0x0505,0x0505,0x0505,
	0x0505,0x0505,0x0505,0x0505,0x0505,0x0505,0x0505,0x0505,
	0x0505,0x0505,0x0505,0x0505,0x0505,0x0505,0x0505,0x0505,
	0x0505,0x0505,0x0505,0x0505,0x0505,0x0505,0x0505,0x0505,
	0x0505,0x0505,0x0505,0x0505,0x0505,0x0505,0x0505,0x0505,

	0x0505,0x0505,0x0505,0x0505,0x0505,0x0505,0x0505,0x0505,
	0x0505,0x0505,0x0505,0x0505,0x0505,0x0505,0x0505,0x0505,
	0x0505,0x0505,0x0505,0x0505,0x0505,0x0505,0x0505,0x0505,
	0x0505,0x0505,0x0505,0x0505,0x0505,0x0505,0x0505,0x0505,
	0x0505,0x0505,0x0505,0x0505,0x0505,0x0505,0x0505,0x0505,
	0x0505,0x0505,0x0505,0x0505,0x0505,0x0505,0x0505,0x0505,
	0x0505,0x0505,0x0505,0x0505,0x0505,0x0505,0x0505,0x0505,
	0x0505,0x0505,0x0505,0x0505,0x0505,0x0505,0x0505,0x0505,

	0x0505,0x0505,0x0505,0x0505,0x0505,0x0505,0x0505,0x0505,
	0x0505,0x0505,0x0505,0x0505,0x0505,0x0505,0x0505,0x0505,
	0x0505,0x0505,0x0505,0x0505,0x0505,0x0505,0x0505,0x0505,
	0x0505,0x0505,0x0505,0x0505,0x0505,0x0505,0x0505,0x0505,
	0x0505,0x0505,0x0505,0x0505,0x0505,0x0505,0x0505,0x0505,
	0x0505,0x0505,0x0505,0x0505,0x0505,0x0505,0x0505,0x0505,
	0x0505,0x0505,0x0505,0x0505,0x0505,0x0505,0x0505,0x0505,
	0x0505,0x0505,0x0505,0x0505,0x0505,0x0505,0x0505,0x0505,

	0x0505,0x0505,0x0505,0x0505,0x0505,0x0505,0x0505,0x0505,
	0x0505,0x0505,0x0505,0x0505,0x0505,0x0505,0x0505,0x0505,
	0x0505,0x0505,0x0505,0x0505,0x0505,0x0505,0x0505,0x0505,
	0x0505,0x0505,0x0505,0x0505,0x0505,0x0505,0x0505,0x0505,
	0x0505,0x0505,0x0505,0x0505,0x0505,0x0505,0x0505,0x0505,
	0x0505,0x0505,0x0505,0x0505,0x0505,0x0505,0x0505,0x0505,
	0x0505,0x0505,0x0505,0x0505,0x0505,0x0505,0x0505,0x0505,
	0x0505,0x0505,0x0505,0x0505,0x0505,0x0505,0x0505,0x0505,

	0x0505,0x0505,0x0505,0x0505,0x0505,0x0505,0x0505,0x0505,
	0x0505,0x0505,0x0505,0x0505,0x0505,0x0505,0x0505,0x0505,
	0x0505,0x0505,0x0505,0x0505,0x0505,0x0505,0x0505,0x0505,
	0x0505,0x0505,0x0505,0x0505,0x0205,0x0202,0x0202,0x0202,
	0x0505,0x0505,0x0505,0x0505,0x0505,0x0505,0x0505,0x0505,
	0x0505,0x0505,0x0505,0x0505,0x0505,0x0505,0x0505,0x0505,
	0x0505,0x0505,0x0505,0x0505,0x0505,0x0505,0x0505,0x0505,
	0x0505,0x0505,0x0202,0x0202,0x0202,0x0202,0x0202,0x0202,

	0x0505,0x0505,0x0505,0x0505,0x0505,0x0505,0x0505,0x0505,
	0x0505,0x0505,0x0505,0x0505,0x0505,0x0505,0x0505,0x0505,
	0x0505,0x0505,0x0505,0x0505,0x0505,0x0505,0x0505,0x0505,
	0x0202,0x0202,0x0202,0x0202,0x0202,0x0202,0x0202,0x0202,
	0x0505,0x0505,0x0505,0x0505,0x0505,0x0505,0x0505,0x0505,
	0x0505,0x0505,0x0505,0x0505,0x0505,0x0505,0x0505,0x0505,
	0x0505,0x0505,0x0505,0x0505,0x0202,0x0202,0x0202,0x0202,
	0x0202,0x0202,0x0202,0x0202,0x0202,0x0202,0x0000,0x0000,

	0x0505,0x0505,0x0505,0x0505,0x0505,0x0505,0x0505,0x0505,
	0x0505,0x0505,0x0505,0x0505,0x0505,0x0505,0x0505,0x0505,
	0x0505,0x0505,0x0205,0x0202,0x0202,0x0202,0x0202,0x0202,
	0x0202,0x0202,0x0202,0x0202,0x0000,0x0000,0x0000,0x0000,
	0x0505,0x0505,0x0505,0x0505,0x0505,0x0505,0x0505,0x0505,
	0x0505,0x0505,0x0505,0x0505,0x0505,0x0505,0x0505,0x0505,
	0x0202,0x0202,0x0202,0x0202,0x0202,0x0202,0x0202,0x0202,
	0x0202,0x0002,0x0000,0x0000,0x0000,0x0000,0x0000,0x0000,

	0x0505,0x0505,0x0505,0x0505,0x0505,0x0505,0x0505,0x0505,
	0x0505,0x0505,0x0505,0x0505,0x0505,0x0505,0x0505,0x0202,
	0x0202,0x0202,0x0202,0x0202,0x0202,0x0202,0x0202,0x0202,
	0x0000,0x0000,0x0000,0x0000,0x0000,0x0000,0x0000,0x0000,
	0x0505,0x0505,0x0505,0x0505,0x0505,0x0505,0x0505,0x0505,
	0x0505,0x0505,0x0505,0x0505,0x0202,0x0202,0x0202,0x0202,
	0x0202,0x0202,0x0202,0x0202,0x0202,0x0202,0x0202,0x0002,
	0x0000,0x0000,0x0000,0x0000,0x0000,0x0000,0x0000,0x0000,

	0x0505,0x0505,0x0505,0x0505,0x0505,0x0505,0x0505,0x0505,
	0x0505,0x0505,0x0505,0x0505,0x0202,0x0202,0x0202,0x0202,
	0x0202,0x0202,0x0202,0x0202,0x0000,0x0000,0x0000,0x0000,
	0x0000,0x0000,0x0000,0x0000,0x0000,0x0000,0x0000,0x0000,
	0x0505,0x0505,0x0505,0x0505,0x0505,0x0505,0x0505,0x0505,
	0x0505,0x0505,0x0505,0x0505,0x0202,0x0202,0x0202,0x0202,
	0x0202,0x0202,0x0202,0x0202,0x0000,0x0000,0x0000,0x0000,
	0x0000,0x0000,0x0000,0x0000,0x0000,0x0000,0x0000,0x0000,

	0x0505,0x0505,0x0505,0x0505,0x0505,0x0505,0x0505,0x0505,
	0x0505,0x0505,0x0505,0x0505,0x0202,0x0202,0x0202,0x0202,
	0x0202,0x0202,0x0202,0x0202,0x0000,0x0000,0x0000,0x0000,
	0x0000,0x0000,0x0000,0x0000,0x0000,0x0000,0x0000,0x0000,
	0x0505,0x0505,0x0505,0x0505,0x0505,0x0505,0x0505,0x0505,
	0x0505,0x0505,0x0505,0x0505,0x0202,0x0202,0x0202,0x0202,
	0x0202,0x0202,0x0202,0x0202,0x0000,0x0000,0x0000,0x0000,
	0x0000,0x0000,0x0000,0x0000,0x0000,0x0000,0x0000,0x0000,

	0x0505,0x0505,0x0505,0x0505,0x0505,0x0505,0x0505,0x0505,
	0x0505,0x0505,0x0505,0x0505,0x0202,0x0202,0x0202,0x0202,
	0x0202,0x0202,0x0202,0x0202,0x0000,0x0000,0x0000,0x0000,
	0x0000,0x0000,0x0000,0x0000,0x0000,0x0000,0x0000,0x0000,
	0x0505,0x0505,0x0505,0x0505,0x0505,0x0505,0x0505,0x0505,
	0x0505,0x0505,0x0505,0x0505,0x0202,0x0202,0x0202,0x0202,
	0x0202,0x0202,0x0202,0x0202,0x0000,0x0000,0x0000,0x0000,
	0x0000,0x0000,0x0000,0x0000,0x0000,0x0000,0x0000,0x0000,

	0x0505,0x0505,0x0505,0x0505,0x0505,0x0505,0x0505,0x0505,
	0x0205,0x0202,0x0202,0x0505,0x0202,0x0202,0x0202,0x0202,
	0x0202,0x0202,0x0202,0x0202,0x0000,0x0000,0x0000,0x0000,
	0x0000,0x0000,0x0000,0x0000,0x0000,0x0000,0x0000,0x0000,
	0x0105,0x0101,0x0101,0x0101,0x0505,0x0505,0x0505,0x0505,
	0x0505,0x0505,0x0505,0x0505,0x0202,0x0202,0x0202,0x0202,
	0x0202,0x0202,0x0202,0x0202,0x0000,0x0000,0x0000,0x0000,
	0x0000,0x0000,0x0000,0x0000,0x0000,0x0000,0x0000,0x0000,

	0x0601,0x0606,0x0606,0x0606,0x0101,0x0101,0x0101,0x0606,
	0x0505,0x0505,0x0505,0x0505,0x0202,0x0202,0x0202,0x0202,
	0x0202,0x0202,0x0202,0x0202,0x0000,0x0000,0x0000,0x0000,
	0x0000,0x0000,0x0000,0x0000,0x0000,0x0000,0x0000,0x0000,
	0x0606,0x0606,0x0606,0x0606,0x0606,0x0606,0x0606,0x0606,
	0x0105,0x0101,0x0101,0x0101,0x0502,0x0505,0x0505,0x0505,
	0x0202,0x0202,0x0202,0x0202,0x0000,0x0000,0x0202,0x0202,
	0x0000,0x0000,0x0000,0x0000,0x0000,0x0000,0x0000,0x0000,

	0x0606,0x0606,0x0606,0x0606,0x0606,0x0606,0x0606,0x0606,
	0x0606,0x0606,0x0606,0x0106,0x0101,0x0101,0x0101,0x0101,
	0x0505,0x0505,0x0505,0x0505,0x0202,0x0202,0x0202,0x0202,
	0x0202,0x0202,0x0202,0x0202,0x0000,0x0200,0x0202,0x0202,
	0x0606,0x0606,0x0606,0x0606,0x0606,0x0606,0x0606,0x0606,
	0x0101,0x0101,0x0101,0x0101,0x0101,0x0501,0x0505,0x0505,
	0x0505,0x0505,0x0505,0x0202,0x0202,0x0202,0x0202,0x0202,
	0x0202,0x0202,0x0202,0x0202,0x0202,0x0202,0x0202,0x0202,

	0x0101,0x0101,0x0505,0x0505,0x0101,0x0101,0x0505,0x0505,
	0x0501,0x0505,0x0505,0x0505,0x0505,0x0205,0x0202,0x0202,
	0x0202,0x0202,0x0202,0x0202,0x0202,0x0202,0x0000,0x0000,
	0x0202,0x0000,0x0000,0x0000,0x0002,0x0000,0x0000,0x0000,
	0x0505,0x0505,0x0505,0x0505,0x0505,0x0505,0x0505,0x0505,
	0x0202,0x0202,0x0502,0x0505,0x0202,0x0202,0x0202,0x0202,
	0x0202,0x0202,0x0202,0x0202,0x0000,0x0000,0x0000,0x0000,
	0x0000,0x0000,0x0000,0x0000,0x0000,0x0000,0x0000,0x0000,

	0x0505,0x0505,0x0505,0x0505,0x0505,0x0505,0x0505,0x0505,
	0x0505,0x0505,0x0505,0x0505,0x0202,0x0202,0x0202,0x0202,
	0x0202,0x0202,0x0202,0x0202,0x0000,0x0000,0x0000,0x0000,
	0x0000,0x0000,0x0000,0x0000,0x0000,0x0000,0x0000,0x0000,
	0x0505,0x0505,0x0505,0x0505,0x0505,0x0505,0x0505,0x0505,
	0x0505,0x0505,0x0505,0x0505,0x0202,0x0505,0x0505,0x0505,
	0x0202,0x0202,0x0202,0x0202,0x0202,0x0202,0x0202,0x0202,
	0x0000,0x0000,0x0000,0x0200,0x0000,0x0000,0x0000,0x0000,

	0x0505,0x0505,0x0505,0x0505,0x0505,0x0505,0x0505,0x0505,
	0x0505,0x0505,0x0505,0x0505,0x0505,0x0505,0x0505,0x0505,
	0x0502,0x0505,0x0505,0x0505,0x0202,0x0202,0x0202,0x0505,
	0x0202,0x0202,0x0202,0x0202,0x0000,0x0000,0x0202,0x0202,
	0x0505,0x0505,0x0505,0x0505,0x0505,0x0505,0x0505,0x0505,
	0x0505,0x0505,0x0505,0x0505,0x0505,0x0505,0x0505,0x0505,
	0x0505,0x0505,0x0505,0x0505,0x0505,0x0505,0x0505,0x0505,
	0x0202,0x0505,0x0505,0x0505,0x0202,0x0202,0x0502,0x0505,

	0x0505,0x0505,0x0505,0x0505,0x0505,0x0505,0x0505,0x0505,
	0x0505,0x0505,0x0505,0x0505,0x0505,0x0505,0x0505,0x0505,
	0x0505,0x0505,0x0505,0x0505,0x0505,0x0505,0x0505,0x0505,
	0x0505,0x0505,0x0505,0x0505,0x0505,0x0505,0x0505,0x0505,
	0x0505,0x0505,0x0505,0x0505,0x0505,0x0505,0x0505,0x0505,
	0x0505,0x0505,0x0505,0x0505,0x0505,0x0505,0x0505,0x0505,
	0x0505,0x0505,0x0505,0x0505,0x0505,0x0505,0x0505,0x0505,
	0x0505,0x0505,0x0505,0x0505,0x0505,0x0505,0x0505,0x0505,

	0x0505,0x0505,0x0505,0x0505,0x0505,0x0505,0x0505,0x0505,
	0x0505,0x0505,0x0505,0x0505,0x0505,0x0505,0x0505,0x0505,
	0x0505,0x0505,0x0505,0x0505,0x0505,0x0505,0x0505,0x0505,
	0x0505,0x0505,0x0505,0x0505,0x0505,0x0505,0x0505,0x0505,
	0x0505,0x0505,0x0505,0x0505,0x0505,0x0505,0x0505,0x0505,
	0x0505,0x0505,0x0505,0x0505,0x0505,0x0505,0x0505,0x0505,
	0x0505,0x0505,0x0505,0x0505,0x0505,0x0505,0x0505,0x0505,
	0x0505,0x0505,0x0505,0x0505,0x0505,0x0505,0x0505,0x0505,

	0x0707,0x0707,0x0707,0x0707,0x0707,0x0707,0x0707,0x0707,
	0x0707,0x0707,0x0707,0x0707,0x0707,0x0707,0x0707,0x0707,
	0x0707,0x0707,0x0707,0x0707,0x0707,0x0707,0x0707,0x0707,
	0x0707,0x0707,0x0707,0x0707,0x0707,0x0707,0x0707,0x0707,
	0x0707,0x0707,0x0707,0x0707,0x0707,0x0707,0x0707,0x0707,
	0x0707,0x0707,0x0707,0x0707,0x0707,0x0707,0x0707,0x0707,
	0x0707,0x0707,0x0707,0x0707,0x0707,0x0707,0x0707,0x0707,
	0x0707,0x0707,0x0707,0x0707,0x0707,0x0707,0x0707,0x0707,

	0x0707,0x0707,0x0707,0x0707,0x0707,0x0707,0x0707,0x0707,
	0x0707,0x0707,0x0707,0x0707,0x0707,0x0707,0x0707,0x0707,
	0x0707,0x0707,0x0707,0x0707,0x0707,0x0707,0x0707,0x0707,
	0x0707,0x0707,0x0707,0x0707,0x0707,0x0707,0x0707,0x0707,
	0x0707,0x0707,0x0707,0x0707,0x0707,0x0707,0x0707,0x0707,
	0x0707,0x0707,0x0707,0x0707,0x0707,0x0707,0x0707,0x0707,
	0x0707,0x0707,0x0707,0x0707,0x0707,0x0707,0x0707,0x0707,
	0x0707,0x0707,0x0707,0x0707,0x0707,0x0707,0x0707,0x0707,

	0x0707,0x0707,0x0707,0x0707,0x0707,0x0707,0x0707,0x0707,
	0x0707,0x0707,0x0707,0x0707,0x0707,0x0707,0x0707,0x0707,
	0x0707,0x0707,0x0707,0x0707,0x0707,0x0707,0x0707,0x0707,
	0x0707,0x0707,0x0707,0x0707,0x0707,0x0707,0x0707,0x0707,
	0x0707,0x0707,0x0707,0x0707,0x0707,0x0707,0x0707,0x0707,
	0x0707,0x0707,0x0707,0x0707,0x0707,0x0707,0x0707,0x0707,
	0x0707,0x0707,0x0707,0x0707,0x0707,0x0707,0x0707,0x0707,
	0x0707,0x0707,0x0707,0x0707,0x0707,0x0707,0x0707,0x0707,

	0x0707,0x0707,0x0707,0x0707,0x0707,0x0707,0x0707,0x0707,
	0x0707,0x0707,0x0707,0x0707,0x0707,0x0707,0x0707,0x0707,
	0x0707,0x0707,0x0707,0x0707,0x0707,0x0707,0x0707,0x0707,
	0x0707,0x0707,0x0707,0x0707,0x0707,0x0707,0x0707,0x0707,
	0x0707,0x0707,0x0707,0x0707,0x0707,0x0707,0x0707,0x0707,
	0x0707,0x0707,0x0707,0x0707,0x0707,0x0707,0x0707,0x0707,
	0x0707,0x0707,0x0707,0x0407,0x0707,0x0707,0x0707,0x0404,
	0x0707,0x0707,0x0404,0x0404,0x0707,0x0407,0x0404,0x0404,

	0x0707,0x0707,0x0407,0x0404,0x0707,0x0307,0x0404,0x0404,
	0x0707,0x0404,0x0404,0x0404,0x0407,0x0404,0x0404,0x0404,
	0x0404,0x0404,0x0404,0x0404,0x0404,0x0404,0x0404,0x0404,
	0x0404,0x0404,0x0404,0x0404,0x0404,0x0404,0x0404,0x0404,
	0x0404,0x0404,0x0404,0x0404,0x0404,0x0404,0x0404,0x0404,
	0x0404,0x0404,0x0404,0x0404,0x0404,0x0404,0x0404,0x0404,
	0x0404,0x0404,0x0404,0x0404,0x0404,0x0404,0x0404,0x0404,
	0x0404,0x0404,0x0404,0x0404,0x0404,0x0404,0x0404,0x0404,

	0x0404,0x0404,0x0404,0x0404,0x0404,0x0404,0x0404,0x0404,
	0x0404,0x0404,0x0404,0x0404,0x0404,0x0404,0x0404,0x0404,
	0x0404,0x0404,0x0404,0x0404,0x0404,0x0404,0x0404,0x0404,
	0x0404,0x0404,0x0404,0x0404,0x0404,0x0404,0x0404,0x0404,
	0x0404,0x0404,0x0404,0x0404,0x0404,0x0404,0x0404,0x0404,
	0x0404,0x0404,0x0404,0x0404,0x0404,0x0404,0x0404,0x0404,
	0x0404,0x0404,0x0404,0x0404,0x0404,0x0404,0x0404,0x0404,
	0x0404,0x0404,0x0404,0x0404,0x0404,0x0404,0x0404,0x0404,

	0x0404,0x0404,0x0404,0x0404,0x0404,0x0404,0x0404,0x0404,
	0x0404,0x0404,0x0404,0x0404,0x0404,0x0404,0x0404,0x0404,
	0x0404,0x0404,0x0404,0x0404,0x0404,0x0404,0x0404,0x0404,
	0x0404,0x0404,0x0404,0x0404,0x0404,0x0404,0x0404,0x0404,
	0x0404,0x0404,0x0404,0x0404,0x0404,0x0404,0x0404,0x0404,
	0x0404,0x0404,0x0404,0x0404,0x0404,0x0404,0x0404,0x0404,
	0x0404,0x0404,0x0404,0x0404,0x0404,0x0404,0x0404,0x0404,
	0x0404,0x0404,0x0404,0x0404,0x0404,0x0404,0x0404,0x0404,

	0x0404,0x0404,0x0404,0x0404,0x0404,0x0404,0x0404,0x0404,
	0x0404,0x0404,0x0404,0x0404,0x0404,0x0404,0x0404,0x0404,
	0x0404,0x0404,0x0404,0x0404,0x0404,0x0404,0x0404,0x0404,
	0x0404,0x0404,0x0404,0x0404,0x0404,0x0404,0x0404,0x0404,
	0x0404,0x0404,0x0404,0x0404,0x0404,0x0404,0x0404,0x0404,
	0x0404,0x0404,0x0404,0x0404,0x0404,0x0404,0x0404,0x0404,
	0x0404,0x0404,0x0404,0x0404,0x0404,0x0404,0x0404,0x0404,
	0x0404,0x0404,0x0404,0x0404,0x0404,0x0404,0x0404,0x0404,

	0x0404,0x0404,0x0404,0x0404,0x0404,0x0404,0x0404,0x0404,
	0x0404,0x0404,0x0404,0x0404,0x0404,0x0404,0x0404,0x0404,
	0x0404,0x0404,0x0404,0x0404,0x0404,0x0404,0x0404,0x0404,
	0x0404,0x0404,0x0404,0x0404,0x0404,0x0404,0x0404,0x0606,
	0x0404,0x0404,0x0404,0x0404,0x0404,0x0404,0x0404,0x0404,
	0x0404,0x0404,0x0404,0x0404,0x0404,0x0404,0x0404,0x0404,
	0x0404,0x0404,0x0404,0x0404,0x0404,0x0404,0x0606,0x0606,
	0x0604,0x0606,0x0606,0x0606,0x0606,0x0606,0x0606,0x0106,

	0x0404,0x0404,0x0404,0x0404,0x0404,0x0404,0x0404,0x0404,
	0x0404,0x0404,0x0404,0x0606,0x0404,0x0604,0x0606,0x0606,
	0x0606,0x0606,0x0606,0x0106,0x0606,0x0606,0x0501,0x0505,
	0x0606,0x0501,0x0505,0x0505,0x0505,0x0505,0x0505,0x0505,
	0x0404,0x0604,0x0606,0x0606,0x0606,0x0606,0x0606,0x0501,
	0x0606,0x0606,0x0501,0x0505,0x0106,0x0101,0x0505,0x0505,
	0x0505,0x0505,0x0505,0x0505,0x0505,0x0505,0x0505,0x0505,
	0x0505,0x0505,0x0505,0x0505,0x0505,0x0505,0x0505,0x0505,

	0x0106,0x0505,0x0505,0x0505,0x0505,0x0505,0x0505,0x0505,
	0x0505,0x0505,0x0505,0x0505,0x0505,0x0505,0x0505,0x0505,
	0x0505,0x0505,0x0505,0x0505,0x0505,0x0505,0x0505,0x0505,
	0x0505,0x0505,0x0505,0x0505,0x0505,0x0505,0x0505,0x0505,
	0x0505,0x0505,0x0505,0x0505,0x0505,0x0505,0x0505,0x0505,
	0x0505,0x0505,0x0505,0x0505,0x0505,0x0505,0x0505,0x0505,
	0x0505,0x0505,0x0505,0x0505,0x0505,0x0505,0x0505,0x0505,
	0x0505,0x0505,0x0505,0x0505,0x0505,0x0505,0x0505,0x0505,

	0x0505,0x0505,0x0505,0x0505,0x0505,0x0505,0x0505,0x0505,
	0x0505,0x0505,0x0505,0x0505,0x0505,0x0505,0x0505,0x0505,
	0x0505,0x0505,0x0505,0x0505,0x0505,0x0505,0x0505,0x0505,
	0x0505,0x0505,0x0505,0x0505,0x0505,0x0505,0x0505,0x0505,
	0x0505,0x0505,0x0505,0x0505,0x0505,0x0505,0x0505,0x0505,
	0x0505,0x0505,0x0505,0x0505,0x0505,0x0505,0x0505,0x0505,
	0x0505,0x0505,0x0505,0x0505,0x0505,0x0505,0x0505,0x0505,
	0x0505,0x0505,0x0505,0x0505,0x0505,0x0505,0x0505,0x0505,

	0x0505,0x0505,0x0505,0x0505,0x0505,0x0505,0x0505,0x0505,
	0x0505,0x0505,0x0505,0x0505,0x0505,0x0505,0x0505,0x0505,
	0x0505,0x0505,0x0505,0x0505,0x0505,0x0505,0x0505,0x0505,
	0x0505,0x0505,0x0505,0x0505,0x0505,0x0505,0x0505,0x0505,
	0x0505,0x0505,0x0505,0x0505,0x0505,0x0505,0x0505,0x0505,
	0x0505,0x0505,0x0505,0x0505,0x0505,0x0505,0x0505,0x0505,
	0x0505,0x0505,0x0505,0x0505,0x0505,0x0505,0x0505,0x0505,
	0x0505,0x0505,0x0505,0x0505,0x0505,0x0505,0x0505,0x0505,

	0x0505,0x0505,0x0505,0x0505,0x0505,0x0505,0x0505,0x0505,
	0x0505,0x0505,0x0505,0x0505,0x0505,0x0505,0x0505,0x0505,
	0x0505,0x0505,0x0505,0x0505,0x0505,0x0505,0x0505,0x0505,
	0x0505,0x0505,0x0505,0x0205,0x0205,0x0202,0x0202,0x0202,
	0x0505,0x0505,0x0505,0x0505,0x0505,0x0505,0x0505,0x0505,
	0x0505,0x0505,0x0505,0x0505,0x0505,0x0505,0x0505,0x0505,
	0x0505,0x0505,0x0505,0x0505,0x0505,0x0505,0x0205,0x0202,
	0x0202,0x0202,0x0202,0x0202,0x0202,0x0202,0x0202,0x0002,

	0x0505,0x0505,0x0505,0x0505,0x0505,0x0505,0x0505,0x0505,
	0x0505,0x0505,0x0505,0x0505,0x0505,0x0505,0x0505,0x0505,
	0x0505,0x0505,0x0202,0x0202,0x0202,0x0202,0x0202,0x0202,
	0x0202,0x0202,0x0202,0x0000,0x0000,0x0000,0x0000,0x0000,
	0x0505,0x0505,0x0505,0x0505,0x0505,0x0505,0x0505,0x0505,
	0x0505,0x0505,0x0505,0x0505,0x0505,0x0205,0x0202,0x0202,
	0x0202,0x0202,0x0202,0x0202,0x0202,0x0202,0x0202,0x0000,
	0x0000,0x0000,0x0000,0x0000,0x0000,0x0000,0x0000,0x0000,

	0x0505,0x0505,0x0505,0x0505,0x0505,0x0505,0x0505,0x0505,
	0x0505,0x0205,0x0202,0x0202,0x0202,0x0202,0x0202,0x0202,
	0x0202,0x0202,0x0202,0x0000,0x0000,0x0000,0x0000,0x0000,
	0x0000,0x0000,0x0000,0x0000,0x0000,0x0000,0x0000,0x0000,
	0x0505,0x0505,0x0505,0x0505,0x0505,0x0205,0x0202,0x0202,
	0x0202,0x0202,0x0202,0x0202,0x0202,0x0202,0x0202,0x0000,
	0x0000,0x0000,0x0000,0x0000,0x0000,0x0000,0x0000,0x0000,
	0x0000,0x0000,0x0000,0x0000,0x0000,0x0000,0x0000,0x0000,

	0x0505,0x0505,0x0202,0x0202,0x0202,0x0202,0x0202,0x0202,
	0x0202,0x0202,0x0202,0x0202,0x0000,0x0000,0x0000,0x0000,
	0x0000,0x0000,0x0000,0x0000,0x0000,0x0000,0x0000,0x0000,
	0x0000,0x0000,0x0000,0x0000,0x0000,0x0000,0x0000,0x0000,
	0x0202,0x0202,0x0202,0x0202,0x0202,0x0202,0x0202,0x0202,
	0x0000,0x0000,0x0000,0x0000,0x0000,0x0000,0x0000,0x0000,
	0x0000,0x0000,0x0000,0x0000,0x0000,0x0000,0x0000,0x0000,
	0x0000,0x0000,0x0000,0x0000,0x0000,0x0000,0x0000,0x0000,

	0x0202,0x0202,0x0202,0x0202,0x0202,0x0202,0x0000,0x0000,
	0x0000,0x0000,0x0000,0x0000,0x0000,0x0000,0x0000,0x0000,
	0x0000,0x0000,0x0000,0x0000,0x0000,0x0000,0x0000,0x0000,
	0x0000,0x0000,0x0000,0x0000,0x0000,0x0000,0x0000,0x0000,
	0x0202,0x0202,0x0202,0x0202,0x0000,0x0000,0x0000,0x0000,
	0x0000,0x0000,0x0000,0x0000,0x0000,0x0000,0x0000,0x0000,
	0x0000,0x0000,0x0000,0x0000,0x0000,0x0000,0x0000,0x0000,
	0x0000,0x0000,0x0000,0x0000,0x0000,0x0000,0x0000,0x0000,

	0x0000,0x0000,0x0000,0x0000,0x0000,0x0000,0x0000,0x0000,
	0x0000,0x0000,0x0000,0x0000,0x0000,0x0000,0x0000,0x0000,
	0x0000,0x0000,0x0000,0x0000,0x0000,0x0000,0x0000,0x0000,
	0x0000,0x0000,0x0000,0x0000,0x0000,0x0000,0x0000,0x0000,
	0x0000,0x0000,0x0000,0x0000,0x0000,0x0000,0x0000,0x0000,
	0x0000,0x0000,0x0000,0x0000,0x0000,0x0000,0x0000,0x0000,
	0x0000,0x0000,0x0000,0x0000,0x0000,0x0000,0x0000,0x0000,
	0x0000,0x0000,0x0000,0x0000,0x0000,0x0000,0x0000,0x0000,

	0x0000,0x0000,0x0000,0x0000,0x0000,0x0000,0x0000,0x0000,
	0x0000,0x0000,0x0000,0x0000,0x0000,0x0000,0x0000,0x0000,
	0x0000,0x0000,0x0000,0x0000,0x0000,0x0000,0x0000,0x0000,
	0x0000,0x0000,0x0000,0x0000,0x0000,0x0000,0x0000,0x0000,
	0x0000,0x0000,0x0000,0x0000,0x0000,0x0000,0x0000,0x0000,
	0x0000,0x0000,0x0000,0x0000,0x0000,0x0000,0x0000,0x0000,
	0x0000,0x0000,0x0000,0x0000,0x0000,0x0000,0x0000,0x0000,
	0x0000,0x0000,0x0000,0x0000,0x0000,0x0000,0x0000,0x0000,

	0x0000,0x0000,0x0000,0x0000,0x0000,0x0000,0x0000,0x0000,
	0x0000,0x0000,0x0000,0x0000,0x0000,0x0000,0x0000,0x0000,
	0x0000,0x0000,0x0000,0x0000,0x0000,0x0000,0x0000,0x0000,
	0x0000,0x0000,0x0000,0x0000,0x0000,0x0000,0x0000,0x0000,
	0x0000,0x0000,0x0000,0x0000,0x0000,0x0000,0x0000,0x0000,
	0x0000,0x0000,0x0000,0x0000,0x0000,0x0000,0x0000,0x0000,
	0x0000,0x0000,0x0000,0x0000,0x0000,0x0000,0x0000,0x0000,
	0x0000,0x0000,0x0000,0x0000,0x0000,0x0000,0x0000,0x0000,

	0x0000,0x0000,0x0000,0x0000,0x0000,0x0000,0x0000,0x0000,
	0x0000,0x0000,0x0000,0x0000,0x0000,0x0000,0x0000,0x0000,
	0x0000,0x0000,0x0000,0x0000,0x0000,0x0000,0x0000,0x0000,
	0x0000,0x0000,0x0000,0x0000,0x0000,0x0000,0x0000,0x0000,
	0x0000,0x0000,0x0000,0x0000,0x0000,0x0000,0x0000,0x0000,
	0x0000,0x0000,0x0000,0x0000,0x0000,0x0000,0x0000,0x0000,
	0x0000,0x0000,0x0000,0x0000,0x0000,0x0000,0x0000,0x0000,
	0x0000,0x0000,0x0000,0x0000,0x0000,0x0000,0x0000,0x0000,

	0x0000,0x0000,0x0000,0x0000,0x0000,0x0000,0x0000,0x0000,
	0x0000,0x0000,0x0000,0x0000,0x0000,0x0000,0x0000,0x0000,
	0x0000,0x0000,0x0000,0x0000,0x0000,0x0000,0x0000,0x0000,
	0x0000,0x0000,0x0000,0x0000,0x0000,0x0000,0x0000,0x0000,
	0x0000,0x0000,0x0000,0x0000,0x0000,0x0000,0x0000,0x0000,
	0x0000,0x0000,0x0000,0x0000,0x0000,0x0000,0x0000,0x0000,
	0x0000,0x0000,0x0000,0x0000,0x0000,0x0000,0x0000,0x0000,
	0x0000,0x0000,0x0000,0x0000,0x0000,0x0000,0x0000,0x0000,

	0x0000,0x0000,0x0000,0x0000,0x0000,0x0000,0x0000,0x0000,
	0x0000,0x0000,0x0000,0x0000,0x0000,0x0000,0x0000,0x0000,
	0x0000,0x0000,0x0000,0x0000,0x0000,0x0000,0x0000,0x0000,
	0x0000,0x0000,0x0000,0x0000,0x0000,0x0000,0x0000,0x0000,
	0x0000,0x0000,0x0000,0x0000,0x0000,0x0000,0x0000,0x0000,
	0x0000,0x0000,0x0000,0x0000,0x0000,0x0000,0x0000,0x0000,
	0x0000,0x0000,0x0000,0x0000,0x0000,0x0000,0x0000,0x0000,
	0x0000,0x0000,0x0000,0x0000,0x0000,0x0000,0x0000,0x0000,

	0x0000,0x0000,0x0000,0x0000,0x0000,0x0000,0x0000,0x0000,
	0x0000,0x0000,0x0000,0x0000,0x0000,0x0000,0x0000,0x0000,
	0x0000,0x0000,0x0000,0x0000,0x0000,0x0000,0x0000,0x0000,
	0x0000,0x0000,0x0000,0x0000,0x0000,0x0000,0x0000,0x0000,
	0x0000,0x0000,0x0000,0x0000,0x0000,0x0000,0x0000,0x0000,
	0x0000,0x0000,0x0000,0x0000,0x0000,0x0000,0x0000,0x0000,
	0x0000,0x0000,0x0000,0x0000,0x0000,0x0000,0x0000,0x0000,
	0x0000,0x0000,0x0000,0x0000,0x0000,0x0000,0x0000,0x0000,

	0x0000,0x0000,0x0000,0x0000,0x0000,0x0000,0x0000,0x0000,
	0x0000,0x0000,0x0000,0x0000,0x0000,0x0000,0x0000,0x0000,
	0x0000,0x0000,0x0000,0x0000,0x0000,0x0000,0x0000,0x0000,
	0x0000,0x0000,0x0000,0x0000,0x0000,0x0000,0x0000,0x0000,
	0x0000,0x0000,0x0000,0x0000,0x0000,0x0000,0x0000,0x0000,
	0x0000,0x0000,0x0000,0x0000,0x0000,0x0000,0x0000,0x0000,
	0x0000,0x0000,0x0000,0x0000,0x0000,0x0000,0x0000,0x0000,
	0x0000,0x0000,0x0000,0x0000,0x0000,0x0000,0x0000,0x0000,

	0x0000,0x0000,0x0200,0x0202,0x0000,0x0000,0x0000,0x0000,
	0x0000,0x0000,0x0000,0x0000,0x0000,0x0000,0x0000,0x0000,
	0x0000,0x0000,0x0000,0x0000,0x0000,0x0000,0x0000,0x0000,
	0x0000,0x0000,0x0000,0x0000,0x0000,0x0000,0x0000,0x0000,
	0x0202,0x0202,0x0202,0x0002,0x0000,0x0002,0x0000,0x0000,
	0x0000,0x0000,0x0000,0x0000,0x0000,0x0000,0x0000,0x0000,
	0x0000,0x0000,0x0000,0x0000,0x0000,0x0000,0x0000,0x0000,
	0x0000,0x0000,0x0000,0x0000,0x0000,0x0000,0x0000,0x0000,

	0x0000,0x0000,0x0000,0x0000,0x0000,0x0000,0x0000,0x0000,
	0x0000,0x0000,0x0000,0x0000,0x0000,0x0000,0x0000,0x0000,
	0x0000,0x0000,0x0000,0x0000,0x0000,0x0000,0x0000,0x0000,
	0x0000,0x0000,0x0000,0x0000,0x0000,0x0000,0x0000,0x0000,
	0x0000,0x0000,0x0000,0x0000,0x0000,0x0000,0x0000,0x0000,
	0x0000,0x0000,0x0000,0x0000,0x0000,0x0000,0x0000,0x0000,
	0x0000,0x0000,0x0000,0x0000,0x0000,0x0000,0x0000,0x0000,
	0x0000,0x0000,0x0000,0x0000,0x0000,0x0000,0x0000,0x0000,

	0x0000,0x0000,0x0000,0x0000,0x0000,0x0000,0x0000,0x0000,
	0x0000,0x0000,0x0000,0x0000,0x0000,0x0000,0x0000,0x0000,
	0x0000,0x0000,0x0000,0x0000,0x0000,0x0000,0x0000,0x0000,
	0x0000,0x0000,0x0000,0x0000,0x0000,0x0000,0x0000,0x0000,
	0x0000,0x0000,0x0000,0x0000,0x0000,0x0000,0x0000,0x0000,
	0x0000,0x0000,0x0000,0x0000,0x0000,0x0000,0x0000,0x0000,
	0x0000,0x0000,0x0000,0x0000,0x0000,0x0000,0x0000,0x0000,
	0x0000,0x0000,0x0000,0x0000,0x0000,0x0000,0x0000,0x0000,

	0x0000,0x0000,0x0000,0x0000,0x0000,0x0000,0x0000,0x0000,
	0x0000,0x0000,0x0000,0x0000,0x0000,0x0000,0x0000,0x0000,
	0x0000,0x0000,0x0000,0x0000,0x0000,0x0000,0x0000,0x0000,
	0x0000,0x0000,0x0000,0x0000,0x0000,0x0000,0x0000,0x0000,
	0x0200,0x0202,0x0202,0x0202,0x0000,0x0000,0x0202,0x0202,
	0x0000,0x0000,0x0000,0x0200,0x0000,0x0000,0x0000,0x0000,
	0x0000,0x0000,0x0000,0x0000,0x0000,0x0000,0x0000,0x0000,
	0x0000,0x0000,0x0000,0x0000,0x0000,0x0000,0x0000,0x0000,

	0x0505,0x0505,0x0505,0x0505,0x0202,0x0502,0x0505,0x0505,
	0x0202,0x0202,0x0502,0x0505,0x0000,0x0202,0x0202,0x0202,
	0x0000,0x0000,0x0202,0x0202,0x0000,0x0000,0x0000,0x0200,
	0x0000,0x0000,0x0000,0x0000,0x0000,0x0000,0x0000,0x0000,
	0x0505,0x0505,0x0505,0x0505,0x0505,0x0505,0x0505,0x0505,
	0x0505,0x0505,0x0505,0x0505,0x0505,0x0505,0x0505,0x0505,
	0x0202,0x0505,0x0505,0x0505,0x0202,0x0202,0x0505,0x0505,
	0x0200,0x0202,0x0502,0x0505,0x0000,0x0200,0x0202,0x0502,

	0x0505,0x0505,0x0505,0x0505,0x0505,0x0505,0x0505,0x0505,
	0x0505,0x0505,0x0505,0x0505,0x0505,0x0505,0x0505,0x0505,
	0x0505,0x0505,0x0505,0x0505,0x0505,0x0505,0x0505,0x0505,
	0x0505,0x0505,0x0505,0x0505,0x0505,0x0505,0x0505,0x0505,
	0x0505,0x0505,0x0505,0x0505,0x0505,0x0505,0x0505,0x0505,
	0x0505,0x0505,0x0505,0x0505,0x0505,0x0505,0x0505,0x0505,
	0x0505,0x0505,0x0505,0x0505,0x0505,0x0505,0x0505,0x0505,
	0x0505,0x0505,0x0505,0x0505,0x0505,0x0505,0x0505,0x0505,

	0x0707,0x0707,0x0707,0x0707,0x0707,0x0707,0x0707,0x0707,
	0x0707,0x0707,0x0707,0x0707,0x0707,0x0707,0x0707,0x0707,
	0x0707,0x0707,0x0707,0x0707,0x0707,0x0707,0x0707,0x0707,
	0x0707,0x0707,0x0707,0x0707,0x0707,0x0707,0x0707,0x0707,
	0x0707,0x0707,0x0707,0x0707,0x0707,0x0707,0x0707,0x0707,
	0x0707,0x0707,0x0707,0x0707,0x0707,0x0707,0x0707,0x0707,
	0x0707,0x0707,0x0707,0x0707,0x0707,0x0707,0x0707,0x0707,
	0x0707,0x0707,0x0707,0x0707,0x0707,0x0707,0x0707,0x0707,

	0x0707,0x0707,0x0707,0x0707,0x0707,0x0707,0x0707,0x0707,
	0x0707,0x0707,0x0707,0x0707,0x0707,0x0707,0x0707,0x0707,
	0x0707,0x0707,0x0707,0x0707,0x0707,0x0707,0x0707,0x0707,
	0x0707,0x0707,0x0707,0x0707,0x0707,0x0707,0x0707,0x0707,
	0x0707,0x0707,0x0707,0x0707,0x0707,0x0707,0x0707,0x0707,
	0x0707,0x0707,0x0707,0x0707,0x0707,0x0707,0x0707,0x0707,
	0x0707,0x0707,0x0707,0x0707,0x0707,0x0707,0x0707,0x0707,
	0x0707,0x0707,0x0707,0x0707,0x0707,0x0707,0x0707,0x0707,

	0x0707,0x0707,0x0707,0x0707,0x0707,0x0707,0x0707,0x0707,
	0x0707,0x0707,0x0707,0x0707,0x0707,0x0707,0x0707,0x0707,
	0x0707,0x0707,0x0707,0x0707,0x0707,0x0707,0x0707,0x0707,
	0x0707,0x0707,0x0707,0x0707,0x0707,0x0707,0x0707,0x0707,
	0x0707,0x0707,0x0707,0x0707,0x0707,0x0707,0x0707,0x0707,
	0x0707,0x0707,0x0707,0x0707,0x0707,0x0707,0x0707,0x0707,
	0x0707,0x0707,0x0707,0x0707,0x0707,0x0707,0x0707,0x0707,
	0x0707,0x0707,0x0707,0x0707,0x0707,0x0707,0x0707,0x0707,

	0x0707,0x0707,0x0707,0x0707,0x0707,0x0707,0x0707,0x0707,
	0x0707,0x0707,0x0707,0x0407,0x0707,0x0707,0x0407,0x0404,
	0x0707,0x0707,0x0404,0x0404,0x0707,0x0407,0x0404,0x0404,
	0x0307,0x0404,0x0404,0x0404,0x0404,0x0404,0x0404,0x0404,
	0x0407,0x0404,0x0404,0x0404,0x0404,0x0404,0x0404,0x0404,
	0x0404,0x0404,0x0404,0x0404,0x0404,0x0404,0x0404,0x0404,
	0x0404,0x0404,0x0404,0x0404,0x0404,0x0404,0x0404,0x0404,
	0x0404,0x0404,0x0404,0x0404,0x0404,0x0404,0x0404,0x0404,

	0x0404,0x0404,0x0404,0x0404,0x0404,0x0404,0x0404,0x0404,
	0x0404,0x0404,0x0404,0x0404,0x0404,0x0404,0x0404,0x0404,
	0x0404,0x0404,0x0404,0x0404,0x0404,0x0404,0x0404,0x0404,
	0x0404,0x0404,0x0404,0x0404,0x0404,0x0404,0x0404,0x0404,
	0x0404,0x0404,0x0404,0x0404,0x0404,0x0404,0x0404,0x0404,
	0x0404,0x0404,0x0404,0x0404,0x0404,0x0404,0x0404,0x0404,
	0x0404,0x0404,0x0404,0x0404,0x0404,0x0404,0x0404,0x0404,
	0x0404,0x0404,0x0404,0x0404,0x0404,0x0404,0x0404,0x0404,

	0x0404,0x0404,0x0404,0x0404,0x0404,0x0404,0x0404,0x0404,
	0x0404,0x0404,0x0404,0x0404,0x0404,0x0404,0x0404,0x0404,
	0x0404,0x0404,0x0404,0x0404,0x0404,0x0404,0x0404,0x0404,
	0x0404,0x0404,0x0404,0x0404,0x0404,0x0404,0x0404,0x0404,
	0x0404,0x0404,0x0404,0x0404,0x0404,0x0404,0x0404,0x0404,
	0x0404,0x0404,0x0404,0x0404,0x0404,0x0404,0x0404,0x0404,
	0x0404,0x0404,0x0404,0x0404,0x0404,0x0404,0x0404,0x0404,
	0x0404,0x0404,0x0404,0x0404,0x0404,0x0404,0x0404,0x0404,

	0x0404,0x0404,0x0404,0x0404,0x0404,0x0404,0x0404,0x0404,
	0x0404,0x0404,0x0404,0x0404,0x0404,0x0404,0x0404,0x0404,
	0x0404,0x0404,0x0404,0x0404,0x0404,0x0404,0x0404,0x0404,
	0x0404,0x0404,0x0404,0x0404,0x0404,0x0404,0x0404,0x0404,
	0x0404,0x0404,0x0404,0x0404,0x0404,0x0404,0x0404,0x0404,
	0x0404,0x0404,0x0404,0x0404,0x0404,0x0404,0x0404,0x0404,
	0x0404,0x0404,0x0404,0x0404,0x0404,0x0404,0x0404,0x0404,
	0x0404,0x0404,0x0404,0x0404,0x0404,0x0404,0x0404,0x0606,

	0x0404,0x0404,0x0404,0x0404,0x0404,0x0404,0x0404,0x0404,
	0x0404,0x0404,0x0404,0x0404,0x0404,0x0404,0x0404,0x0404,
	0x0404,0x0404,0x0404,0x0604,0x0404,0x0404,0x0606,0x0606,
	0x0604,0x0606,0x0606,0x0606,0x0606,0x0606,0x0606,0x0106,
	0x0404,0x0404,0x0404,0x0404,0x0404,0x0404,0x0404,0x0404,
	0x0404,0x0404,0x0604,0x0606,0x0404,0x0606,0x0606,0x0606,
	0x0606,0x0606,0x0606,0x0606,0x0606,0x0606,0x0106,0x0505,
	0x0606,0x0501,0x0505,0x0505,0x0505,0x0505,0x0505,0x0505,

	0x0404,0x0604,0x0606,0x0606,0x0606,0x0606,0x0606,0x0606,
	0x0606,0x0606,0x0606,0x0501,0x0606,0x0106,0x0505,0x0505,
	0x0501,0x0505,0x0505,0x0505,0x0505,0x0505,0x0505,0x0505,
	0x0505,0x0505,0x0505,0x0505,0x0505,0x0505,0x0505,0x0505,
	0x0606,0x0606,0x0501,0x0505,0x0106,0x0505,0x0505,0x0505,
	0x0505,0x0505,0x0505,0x0505,0x0505,0x0505,0x0505,0x0505,
	0x0505,0x0505,0x0505,0x0505,0x0505,0x0505,0x0505,0x0505,
	0x0505,0x0505,0x0505,0x0505,0x0505,0x0505,0x0505,0x0505,

	0x0505,0x0505,0x0505,0x0505,0x0505,0x0505,0x0505,0x0505,
	0x0505,0x0505,0x0505,0x0505,0x0505,0x0505,0x0505,0x0505,
	0x0505,0x0505,0x0505,0x0505,0x0505,0x0505,0x0505,0x0505,
	0x0505,0x0505,0x0505,0x0505,0x0505,0x0505,0x0505,0x0505,
	0x0505,0x0505,0x0505,0x0505,0x0505,0x0505,0x0505,0x0505,
	0x0505,0x0505,0x0505,0x0505,0x0505,0x0505,0x0505,0x0505,
	0x0505,0x0505,0x0505,0x0505,0x0505,0x0505,0x0505,0x0505,
	0x0505,0x0505,0x0505,0x0505,0x0505,0x0505,0x0205,0x0202,

	0x0505,0x0505,0x0505,0x0505,0x0505,0x0505,0x0505,0x0505,
	0x0505,0x0505,0x0505,0x0505,0x0505,0x0505,0x0505,0x0505,
	0x0505,0x0505,0x0505,0x0505,0x0505,0x0505,0x0505,0x0505,
	0x0505,0x0505,0x0505,0x0505,0x0202,0x0202,0x0202,0x0202,
	0x0505,0x0505,0x0505,0x0505,0x0505,0x0505,0x0505,0x0505,
	0x0505,0x0505,0x0505,0x0505,0x0505,0x0505,0x0505,0x0505,
	0x0505,0x0505,0x0505,0x0505,0x0505,0x0505,0x0505,0x0505,
	0x0202,0x0202,0x0202,0x0202,0x0202,0x0202,0x0202,0x0202,

	0x0505,0x0505,0x0505,0x0505,0x0505,0x0505,0x0505,0x0505,
	0x0505,0x0505,0x0505,0x0505,0x0505,0x0505,0x0505,0x0505,
	0x0505,0x0505,0x0505,0x0202,0x0202,0x0202,0x0202,0x0202,
	0x0202,0x0202,0x0202,0x0202,0x0202,0x0000,0x0000,0x0000,
	0x0505,0x0505,0x0505,0x0505,0x0505,0x0505,0x0505,0x0505,
	0x0505,0x0505,0x0505,0x0505,0x0505,0x0205,0x0202,0x0202,
	0x0202,0x0202,0x0202,0x0202,0x0202,0x0202,0x0002,0x0000,
	0x0000,0x0000,0x0000,0x0000,0x0000,0x0000,0x0000,0x0000,

	0x0505,0x0505,0x0505,0x0505,0x0505,0x0505,0x0505,0x0202,
	0x0205,0x0202,0x0202,0x0202,0x0202,0x0202,0x0202,0x0202,
	0x0202,0x0002,0x0000,0x0000,0x0000,0x0000,0x0000,0x0000,
	0x0000,0x0000,0x0000,0x0000,0x0000,0x0000,0x0000,0x0000,
	0x0505,0x0205,0x0202,0x0202,0x0202,0x0202,0x0202,0x0202,
	0x0202,0x0202,0x0002,0x0000,0x0000,0x0000,0x0000,0x0000,
	0x0000,0x0000,0x0000,0x0000,0x0000,0x0000,0x0000,0x0000,
	0x0000,0x0000,0x0000,0x0000,0x0000,0x0000,0x0000,0x0000,

	0x0202,0x0202,0x0202,0x0202,0x0202,0x0002,0x0000,0x0000,
	0x0000,0x0000,0x0000,0x0000,0x0000,0x0000,0x0000,0x0000,
	0x0000,0x0000,0x0000,0x0000,0x0000,0x0000,0x0000,0x0000,
	0x0000,0x0000,0x0000,0x0000,0x0000,0x0000,0x0000,0x0000,
	0x0002,0x0000,0x0000,0x0000,0x0000,0x0000,0x0000,0x0000,
	0x0000,0x0000,0x0000,0x0000,0x0000,0x0000,0x0000,0x0000,
	0x0000,0x0000,0x0000,0x0000,0x0000,0x0000,0x0000,0x0000,
	0x0000,0x0000,0x0000,0x0000,0x0000,0x0000,0x0000,0x0000,

	0x0000,0x0000,0x0000,0x0000,0x0000,0x0000,0x0000,0x0000,
	0x0000,0x0000,0x0000,0x0000,0x0000,0x0000,0x0000,0x0000,
	0x0000,0x0000,0x0000,0x0000,0x0000,0x0000,0x0000,0x0000,
	0x0000,0x0000,0x0000,0x0000,0x0000,0x0000,0x0000,0x0000,
	0x0000,0x0000,0x0000,0x0000,0x0000,0x0000,0x0000,0x0000,
	0x0000,0x0000,0x0000,0x0000,0x0000,0x0000,0x0000,0x0000,
	0x0000,0x0000,0x0000,0x0000,0x0000,0x0000,0x0000,0x0000,
	0x0000,0x0000,0x0000,0x0000,0x0000,0x0000,0x0000,0x0000,

	0x0000,0x0000,0x0000,0x0000,0x0000,0x0000,0x0000,0x0000,
	0x0000,0x0000,0x0000,0x0000,0x0000,0x0000,0x0000,0x0000,
	0x0000,0x0000,0x0000,0x0000,0x0000,0x0000,0x0000,0x0000,
	0x0000,0x0000,0x0000,0x0000,0x0000,0x0000,0x0000,0x0000,
	0x0000,0x0000,0x0000,0x0000,0x0000,0x0000,0x0000,0x0000,
	0x0000,0x0000,0x0000,0x0000,0x0000,0x0000,0x0000,0x0000,
	0x0000,0x0000,0x0000,0x0000,0x0000,0x0000,0x0000,0x0000,
	0x0000,0x0000,0x0000,0x0000,0x0000,0x0000,0x0000,0x0000,

	0x0000,0x0000,0x0000,0x0000,0x0000,0x0000,0x0000,0x0000,
	0x0000,0x0000,0x0000,0x0000,0x0000,0x0000,0x0000,0x0000,
	0x0000,0x0000,0x0000,0x0000,0x0000,0x0000,0x0000,0x0000,
	0x0000,0x0000,0x0000,0x0000,0x0000,0x0000,0x0000,0x0000,
	0x0000,0x0000,0x0000,0x0000,0x0000,0x0000,0x0000,0x0000,
	0x0000,0x0000,0x0000,0x0000,0x0000,0x0000,0x0000,0x0000,
	0x0000,0x0000,0x0000,0x0000,0x0000,0x0000,0x0000,0x0000,
	0x0000,0x0000,0x0000,0x0000,0x0000,0x0000,0x0000,0x0000,

	0x0000,0x0000,0x0000,0x0000,0x0000,0x0000,0x0000,0x0000,
	0x0000,0x0000,0x0000,0x0000,0x0000,0x0000,0x0000,0x0000,
	0x0000,0x0000,0x0000,0x0000,0x0000,0x0000,0x0000,0x0000,
	0x0000,0x0000,0x0000,0x0000,0x0000,0x0000,0x0000,0x0000,
	0x0000,0x0000,0x0000,0x0000,0x0000,0x0000,0x0000,0x0000,
	0x0000,0x0000,0x0000,0x0000,0x0000,0x0000,0x0000,0x0000,
	0x0000,0x0000,0x0000,0x0000,0x0000,0x0000,0x0000,0x0000,
	0x0000,0x0000,0x0000,0x0000,0x0000,0x0000,0x0000,0x0000,

	0x0000,0x0000,0x0000,0x0000,0x0000,0x0000,0x0000,0x0000,
	0x0000,0x0000,0x0000,0x0000,0x0000,0x0000,0x0000,0x0000,
	0x0000,0x0000,0x0000,0x0000,0x0000,0x0000,0x0000,0x0000,
	0x0000,0x0000,0x0000,0x0000,0x0000,0x0000,0x0000,0x0000,
	0x0000,0x0000,0x0000,0x0000,0x0000,0x0000,0x0000,0x0000,
	0x0000,0x0000,0x0000,0x0000,0x0000,0x0000,0x0000,0x0000,
	0x0000,0x0000,0x0000,0x0000,0x0000,0x0000,0x0000,0x0000,
	0x0000,0x0000,0x0000,0x0000,0x0000,0x0000,0x0000,0x0000,

	0x0000,0x0000,0x0000,0x0000,0x0000,0x0000,0x0000,0x0000,
	0x0000,0x0000,0x0000,0x0000,0x0000,0x0000,0x0000,0x0000,
	0x0000,0x0000,0x0000,0x0000,0x0000,0x0000,0x0000,0x0000,
	0x0000,0x0000,0x0000,0x0000,0x0000,0x0000,0x0000,0x0000,
	0x0000,0x0000,0x0000,0x0000,0x0000,0x0000,0x0000,0x0000,
	0x0000,0x0000,0x0000,0x0000,0x0000,0x0000,0x0000,0x0000,
	0x0000,0x0000,0x0000,0x0000,0x0000,0x0000,0x0000,0x0000,
	0x0000,0x0000,0x0000,0x0000,0x0000,0x0000,0x0000,0x0000,

	0x0000,0x0000,0x0000,0x0000,0x0000,0x0000,0x0000,0x0000,
	0x0000,0x0000,0x0000,0x0000,0x0000,0x0000,0x0000,0x0000,
	0x0000,0x0000,0x0000,0x0000,0x0000,0x0000,0x0000,0x0000,
	0x0000,0x0000,0x0000,0x0000,0x0000,0x0000,0x0000,0x0000,
	0x0000,0x0000,0x0000,0x0000,0x0000,0x0000,0x0000,0x0000,
	0x0000,0x0000,0x0000,0x0000,0x0000,0x0000,0x0000,0x0000,
	0x0000,0x0000,0x0000,0x0000,0x0000,0x0000,0x0000,0x0000,
	0x0000,0x0000,0x0000,0x0000,0x0000,0x0000,0x0000,0x0000,

	0x0000,0x0000,0x0000,0x0000,0x0000,0x0000,0x0000,0x0000,
	0x0000,0x0000,0x0000,0x0000,0x0000,0x0000,0x0000,0x0000,
	0x0000,0x0000,0x0000,0x0000,0x0000,0x0000,0x0000,0x0000,
	0x0000,0x0000,0x0000,0x0000,0x0000,0x0000,0x0000,0x0000,
	0x0000,0x0000,0x0000,0x0000,0x0000,0x0000,0x0000,0x0000,
	0x0000,0x0000,0x0000,0x0000,0x0000,0x0000,0x0000,0x0000,
	0x0000,0x0000,0x0000,0x0000,0x0000,0x0000,0x0000,0x0000,
	0x0000,0x0000,0x0000,0x0000,0x0000,0x0000,0x0000,0x0000,

	0x0000,0x0000,0x0000,0x0000,0x0000,0x0000,0x0000,0x0000,
	0x0000,0x0000,0x0000,0x0000,0x0000,0x0000,0x0000,0x0000,
	0x0000,0x0000,0x0000,0x0000,0x0000,0x0000,0x0000,0x0000,
	0x0000,0x0000,0x0000,0x0000,0x0000,0x0000,0x0000,0x0000,
	0x0000,0x0000,0x0000,0x0000,0x0000,0x0000,0x0000,0x0000,
	0x0000,0x0000,0x0000,0x0000,0x0000,0x0000,0x0000,0x0000,
	0x0000,0x0000,0x0000,0x0000,0x0000,0x0000,0x0000,0x0000,
	0x0000,0x0000,0x0000,0x0000,0x0000,0x0000,0x0000,0x0000,

	0x0000,0x0000,0x0000,0x0000,0x0000,0x0000,0x0000,0x0000,
	0x0000,0x0000,0x0000,0x0000,0x0000,0x0000,0x0000,0x0000,
	0x0000,0x0000,0x0000,0x0000,0x0000,0x0000,0x0000,0x0000,
	0x0000,0x0000,0x0000,0x0000,0x0000,0x0000,0x0000,0x0000,
	0x0000,0x0000,0x0000,0x0000,0x0000,0x0000,0x0000,0x0000,
	0x0000,0x0000,0x0000,0x0000,0x0000,0x0000,0x0000,0x0000,
	0x0000,0x0000,0x0000,0x0000,0x0000,0x0000,0x0000,0x0000,
	0x0000,0x0000,0x0000,0x0000,0x0000,0x0000,0x0000,0x0000,

	0x0000,0x0000,0x0000,0x0000,0x0000,0x0000,0x0000,0x0000,
	0x0000,0x0000,0x0000,0x0000,0x0000,0x0000,0x0000,0x0000,
	0x0000,0x0000,0x0000,0x0000,0x0000,0x0000,0x0000,0x0000,
	0x0000,0x0000,0x0000,0x0000,0x0000,0x0000,0x0000,0x0000,
	0x0000,0x0000,0x0000,0x0000,0x0000,0x0000,0x0000,0x0000,
	0x0000,0x0000,0x0000,0x0000,0x0000,0x0000,0x0000,0x0000,
	0x0000,0x0000,0x0000,0x0000,0x0000,0x0000,0x0000,0x0000,
	0x0000,0x0000,0x0000,0x0000,0x0000,0x0000,0x0000,0x0000,

	0x0000,0x0000,0x0000,0x0000,0x0000,0x0000,0x0000,0x0000,
	0x0000,0x0000,0x0000,0x0000,0x0000,0x0000,0x0000,0x0000,
	0x0000,0x0000,0x0000,0x0000,0x0000,0x0000,0x0000,0x0000,
	0x0000,0x0000,0x0000,0x0000,0x0000,0x0000,0x0000,0x0000,
	0x0000,0x0000,0x0000,0x0000,0x0000,0x0000,0x0000,0x0000,
	0x0000,0x0000,0x0000,0x0000,0x0000,0x0000,0x0000,0x0000,
	0x0000,0x0000,0x0000,0x0000,0x0000,0x0000,0x0000,0x0000,
	0x0000,0x0000,0x0000,0x0000,0x0000,0x0000,0x0000,0x0000,

	0x0000,0x0000,0x0000,0x0000,0x0000,0x0000,0x0000,0x0000,
	0x0000,0x0000,0x0000,0x0000,0x0000,0x0000,0x0000,0x0000,
	0x0000,0x0000,0x0000,0x0000,0x0000,0x0000,0x0000,0x0000,
	0x0000,0x0000,0x0000,0x0000,0x0000,0x0000,0x0000,0x0000,
	0x0000,0x0000,0x0000,0x0000,0x0000,0x0000,0x0000,0x0000,
	0x0000,0x0000,0x0000,0x0000,0x0000,0x0000,0x0000,0x0000,
	0x0000,0x0000,0x0000,0x0000,0x0000,0x0000,0x0000,0x0000,
	0x0000,0x0000,0x0000,0x0000,0x0000,0x0000,0x0000,0x0000,

	0x0000,0x0000,0x0000,0x0000,0x0000,0x0000,0x0000,0x0000,
	0x0000,0x0000,0x0000,0x0000,0x0000,0x0000,0x0000,0x0000,
	0x0000,0x0000,0x0000,0x0000,0x0000,0x0000,0x0000,0x0000,
	0x0000,0x0000,0x0000,0x0000,0x0000,0x0000,0x0000,0x0000,
	0x0000,0x0000,0x0000,0x0000,0x0000,0x0000,0x0000,0x0000,
	0x0000,0x0000,0x0000,0x0000,0x0000,0x0000,0x0000,0x0000,
	0x0000,0x0000,0x0000,0x0000,0x0000,0x0000,0x0000,0x0000,
	0x0000,0x0000,0x0000,0x0000,0x0000,0x0000,0x0000,0x0000,

	0x0000,0x0000,0x0000,0x0000,0x0000,0x0000,0x0000,0x0000,
	0x0000,0x0000,0x0000,0x0000,0x0000,0x0000,0x0000,0x0000,
	0x0000,0x0000,0x0000,0x0000,0x0000,0x0000,0x0000,0x0000,
	0x0000,0x0000,0x0000,0x0000,0x0000,0x0000,0x0000,0x0000,
	0x0000,0x0000,0x0000,0x0000,0x0000,0x0000,0x0000,0x0000,
	0x0000,0x0000,0x0000,0x0000,0x0000,0x0000,0x0000,0x0000,
	0x0000,0x0000,0x0000,0x0000,0x0000,0x0000,0x0000,0x0000,
	0x0000,0x0000,0x0000,0x0000,0x0000,0x0000,0x0000,0x0000,

	0x0000,0x0000,0x0000,0x0000,0x0000,0x0000,0x0000,0x0000,
	0x0000,0x0000,0x0000,0x0000,0x0000,0x0000,0x0000,0x0000,
	0x0000,0x0000,0x0000,0x0000,0x0000,0x0000,0x0000,0x0000,
	0x0000,0x0000,0x0000,0x0000,0x0000,0x0000,0x0000,0x0000,
	0x0000,0x0000,0x0000,0x0000,0x0000,0x0000,0x0000,0x0000,
	0x0000,0x0000,0x0000,0x0000,0x0000,0x0000,0x0000,0x0000,
	0x0000,0x0000,0x0000,0x0000,0x0000,0x0000,0x0000,0x0000,
	0x0000,0x0000,0x0000,0x0000,0x0000,0x0000,0x0000,0x0000,

	0x0000,0x0000,0x0000,0x0000,0x0000,0x0000,0x0000,0x0000,
	0x0000,0x0000,0x0000,0x0000,0x0000,0x0000,0x0000,0x0000,
	0x0000,0x0000,0x0000,0x0000,0x0000,0x0000,0x0000,0x0000,
	0x0000,0x0000,0x0000,0x0000,0x0000,0x0000,0x0000,0x0000,
	0x0000,0x0000,0x0202,0x0202,0x0000,0x0000,0x0000,0x0202,
	0x0000,0x0000,0x0000,0x0200,0x0000,0x0000,0x0000,0x0200,
	0x0000,0x0000,0x0000,0x0000,0x0000,0x0000,0x0000,0x0000,
	0x0000,0x0000,0x0000,0x0000,0x0000,0x0000,0x0000,0x0000,

	0x0505,0x0505,0x0505,0x0505,0x0505,0x0505,0x0505,0x0505,
	0x0502,0x0505,0x0505,0x0505,0x0202,0x0505,0x0505,0x0505,
	0x0202,0x0505,0x0505,0x0505,0x0202,0x0505,0x0505,0x0505,
	0x0200,0x0502,0x0505,0x0505,0x0200,0x0502,0x0505,0x0505,
	0x0505,0x0505,0x0505,0x0505,0x0505,0x0505,0x0505,0x0505,
	0x0505,0x0505,0x0505,0x0505,0x0505,0x0505,0x0505,0x0505,
	0x0505,0x0505,0x0505,0x0505,0x0505,0x0505,0x0505,0x0505,
	0x0505,0x0505,0x0505,0x0505,0x0505,0x0505,0x0505,0x0505,

	0x0707,0x0707,0x0707,0x0707,0x0707,0x0707,0x0707,0x0707,
	0x0707,0x0707,0x0707,0x0707,0x0707,0x0707,0x0707,0x0707,
	0x0707,0x0707,0x0707,0x0707,0x0707,0x0707,0x0707,0x0707,
	0x0707,0x0707,0x0707,0x0707,0x0707,0x0707,0x0707,0x0707,
	0x0707,0x0707,0x0707,0x0707,0x0707,0x0707,0x0707,0x0707,
	0x0707,0x0707,0x0707,0x0707,0x0707,0x0707,0x0707,0x0707,
	0x0707,0x0707,0x0707,0x0707,0x0707,0x0707,0x0707,0x0707,
	0x0707,0x0707,0x0707,0x0707,0x0707,0x0707,0x0707,0x0707,

	0x0707,0x0707,0x0707,0x0707,0x0707,0x0707,0x0707,0x0707,
	0x0707,0x0707,0x0707,0x0707,0x0707,0x0707,0x0707,0x0707,
	0x0707,0x0707,0x0707,0x0707,0x0707,0x0707,0x0707,0x0707,
	0x0707,0x0707,0x0707,0x0707,0x0707,0x0707,0x0707,0x0707,
	0x0707,0x0707,0x0707,0x0707,0x0707,0x0707,0x0707,0x0707,
	0x0707,0x0707,0x0707,0x0707,0x0707,0x0707,0x0707,0x0707,
	0x0707,0x0707,0x0707,0x0707,0x0707,0x0707,0x0707,0x0707,
	0x0707,0x0707,0x0707,0x0707,0x0707,0x0707,0x0707,0x0707,

	0x0707,0x0707,0x0707,0x0707,0x0707,0x0707,0x0707,0x0707,
	0x0707,0x0707,0x0707,0x0707,0x0707,0x0707,0x0707,0x0707,
	0x0707,0x0707,0x0707,0x0707,0x0707,0x0707,0x0707,0x0707,
	0x0707,0x0707,0x0707,0x0707,0x0707,0x0707,0x0707,0x0407,
	0x0707,0x0707,0x0707,0x0407,0x0707,0x0707,0x0707,0x0404,
	0x0707,0x0707,0x0407,0x0404,0x0707,0x0707,0x0404,0x0404,
	0x0707,0x0407,0x0404,0x0404,0x0707,0x0404,0x0404,0x0404,
	0x0404,0x0404,0x0404,0x0404,0x0404,0x0404,0x0404,0x0404,

	0x0404,0x0404,0x0404,0x0404,0x0404,0x0404,0x0404,0x0404,
	0x0404,0x0404,0x0404,0x0404,0x0404,0x0404,0x0404,0x0404,
	0x0404,0x0404,0x0404,0x0404,0x0404,0x0404,0x0404,0x0404,
	0x0404,0x0404,0x0404,0x0404,0x0404,0x0404,0x0404,0x0404,
	0x0404,0x0404,0x0404,0x0404,0x0404,0x0404,0x0404,0x0404,
	0x0404,0x0404,0x0404,0x0404,0x0404,0x0404,0x0404,0x0404,
	0x0404,0x0404,0x0404,0x0404,0x0404,0x0404,0x0404,0x0404,
	0x0404,0x0404,0x0404,0x0404,0x0404,0x0404,0x0404,0x0404,

	0x0404,0x0404,0x0404,0x0404,0x0404,0x0404,0x0404,0x0404,
	0x0404,0x0404,0x0404,0x0404,0x0404,0x0404,0x0404,0x0404,
	0x0404,0x0404,0x0404,0x0404,0x0404,0x0404,0x0404,0x0604,
	0x0404,0x0404,0x0606,0x0606,0x0404,0x0606,0x0606,0x0606,
	0x0404,0x0404,0x0404,0x0404,0x0404,0x0404,0x0404,0x0404,
	0x0404,0x0404,0x0404,0x0404,0x0404,0x0404,0x0404,0x0404,
	0x0604,0x0606,0x0606,0x0606,0x0606,0x0606,0x0606,0x0606,
	0x0606,0x0606,0x0606,0x0606,0x0606,0x0606,0x0606,0x0606,

	0x0404,0x0404,0x0404,0x0404,0x0404,0x0404,0x0404,0x0404,
	0x0404,0x0404,0x0404,0x0404,0x0404,0x0404,0x0404,0x0404,
	0x0606,0x0606,0x0606,0x0606,0x0606,0x0606,0x0606,0x0606,
	0x0606,0x0606,0x0606,0x0606,0x0606,0x0606,0x0606,0x0606,
	0x0404,0x0404,0x0404,0x0404,0x0404,0x0404,0x0404,0x0404,
	0x0404,0x0404,0x0404,0x0404,0x0604,0x0606,0x0606,0x0606,
	0x0606,0x0606,0x0606,0x0606,0x0606,0x0606,0x0606,0x0606,
	0x0606,0x0606,0x0606,0x0501,0x0606,0x0106,0x0501,0x0505,

	0x0404,0x0404,0x0404,0x0404,0x0404,0x0404,0x0404,0x0404,
	0x0404,0x0404,0x0604,0x0606,0x0606,0x0606,0x0606,0x0606,
	0x0606,0x0606,0x0106,0x0101,0x0606,0x0101,0x0501,0x0505,
	0x0505,0x0505,0x0505,0x0202,0x0505,0x0505,0x0202,0x0202,
	0x0404,0x0604,0x0606,0x0606,0x0606,0x0606,0x0606,0x0606,
	0x0606,0x0606,0x0106,0x0501,0x0606,0x0501,0x0505,0x0205,
	0x0505,0x0205,0x0202,0x0202,0x0202,0x0202,0x0002,0x0000,
	0x0202,0x0002,0x0000,0x0000,0x0002,0x0000,0x0000,0x0000,

	0x0606,0x0606,0x0101,0x0505,0x0106,0x0501,0x0505,0x0505,
	0x0505,0x0505,0x0202,0x0202,0x0202,0x0202,0x0202,0x0202,
	0x0202,0x0002,0x0000,0x0000,0x0000,0x0000,0x0000,0x0000,
	0x0000,0x0000,0x0000,0x0000,0x0000,0x0000,0x0000,0x0000,
	0x0505,0x0505,0x0505,0x0505,0x0505,0x0505,0x0205,0x0202,
	0x0202,0x0202,0x0202,0x0202,0x0202,0x0202,0x0202,0x0202,
	0x0000,0x0000,0x0000,0x0000,0x0000,0x0000,0x0000,0x0000,
	0x0000,0x0000,0x0000,0x0000,0x0000,0x0000,0x0000,0x0000,

	0x0505,0x0505,0x0505,0x0505,0x0202,0x0202,0x0202,0x0202,
	0x0202,0x0202,0x0202,0x0202,0x0202,0x0202,0x0000,0x0000,
	0x0000,0x0000,0x0000,0x0000,0x0000,0x0000,0x0000,0x0000,
	0x0000,0x0000,0x0000,0x0000,0x0000,0x0000,0x0000,0x0000,
	0x0505,0x0505,0x0205,0x0202,0x0202,0x0202,0x0202,0x0202,
	0x0202,0x0202,0x0202,0x0202,0x0000,0x0000,0x0000,0x0000,
	0x0000,0x0000,0x0000,0x0000,0x0000,0x0000,0x0000,0x0000,
	0x0000,0x0000,0x0000,0x0000,0x0000,0x0000,0x0000,0x0000,

	0x0202,0x0202,0x0202,0x0202,0x0202,0x0202,0x0202,0x0202,
	0x0202,0x0002,0x0000,0x0000,0x0000,0x0000,0x0000,0x0000,
	0x0000,0x0000,0x0000,0x0000,0x0000,0x0000,0x0000,0x0000,
	0x0000,0x0000,0x0000,0x0000,0x0000,0x0000,0x0000,0x0000,
	0x0202,0x0202,0x0202,0x0202,0x0202,0x0202,0x0202,0x0202,
	0x0000,0x0000,0x0000,0x0000,0x0000,0x0000,0x0000,0x0000,
	0x0000,0x0000,0x0000,0x0000,0x0000,0x0000,0x0000,0x0000,
	0x0000,0x0000,0x0000,0x0000,0x0000,0x0000,0x0000,0x0000,

	0x0202,0x0202,0x0202,0x0202,0x0002,0x0000,0x0000,0x0000,
	0x0000,0x0000,0x0000,0x0000,0x0000,0x0000,0x0000,0x0000,
	0x0000,0x0000,0x0000,0x0000,0x0000,0x0000,0x0000,0x0000,
	0x0000,0x0000,0x0000,0x0000,0x0000,0x0000,0x0000,0x0000,
	0x0202,0x0002,0x0000,0x0000,0x0000,0x0000,0x0000,0x0000,
	0x0000,0x0000,0x0000,0x0000,0x0000,0x0000,0x0000,0x0000,
	0x0000,0x0000,0x0000,0x0000,0x0000,0x0000,0x0000,0x0000,
	0x0000,0x0000,0x0000,0x0000,0x0000,0x0000,0x0000,0x0000,

	0x0000,0x0000,0x0000,0x0000,0x0000,0x0000,0x0000,0x0000,
	0x0000,0x0000,0x0000,0x0000,0x0000,0x0000,0x0000,0x0000,
	0x0000,0x0000,0x0000,0x0000,0x0000,0x0000,0x0000,0x0000,
	0x0000,0x0000,0x0000,0x0000,0x0000,0x0000,0x0000,0x0000,
	0x0000,0x0000,0x0000,0x0000,0x0000,0x0000,0x0000,0x0000,
	0x0000,0x0000,0x0000,0x0000,0x0000,0x0000,0x0000,0x0000,
	0x0000,0x0000,0x0000,0x0000,0x0000,0x0000,0x0000,0x0000,
	0x0000,0x0000,0x0000,0x0000,0x0000,0x0000,0x0000,0x0000,

	0x0000,0x0000,0x0000,0x0000,0x0000,0x0000,0x0000,0x0000,
	0x0000,0x0000,0x0000,0x0000,0x0000,0x0000,0x0000,0x0000,
	0x0000,0x0000,0x0000,0x0000,0x0000,0x0000,0x0000,0x0000,
	0x0000,0x0000,0x0000,0x0000,0x0000,0x0000,0x0000,0x0000,
	0x0000,0x0000,0x0000,0x0000,0x0000,0x0000,0x0000,0x0000,
	0x0000,0x0000,0x0000,0x0000,0x0000,0x0000,0x0000,0x0000,
	0x0000,0x0000,0x0000,0x0000,0x0000,0x0000,0x0000,0x0000,
	0x0000,0x0000,0x0000,0x0000,0x0000,0x0000,0x0000,0x0000,

	0x0000,0x0000,0x0000,0x0000,0x0000,0x0000,0x0000,0x0000,
	0x0000,0x0000,0x0000,0x0000,0x0000,0x0000,0x0000,0x0000,
	0x0000,0x0000,0x0000,0x0000,0x0000,0x0000,0x0000,0x0000,
	0x0000,0x0000,0x0000,0x0000,0x0000,0x0000,0x0000,0x0000,
	0x0000,0x0000,0x0000,0x0000,0x0000,0x0000,0x0000,0x0000,
	0x0000,0x0000,0x0000,0x0000,0x0000,0x0000,0x0000,0x0000,
	0x0000,0x0000,0x0000,0x0000,0x0000,0x0000,0x0000,0x0000,
	0x0000,0x0000,0x0000,0x0000,0x0000,0x0000,0x0000,0x0000,

	0x0000,0x0000,0x0000,0x0000,0x0000,0x0000,0x0000,0x0000,
	0x0000,0x0000,0x0000,0x0000,0x0000,0x0000,0x0000,0x0000,
	0x0000,0x0000,0x0000,0x0000,0x0000,0x0000,0x0000,0x0000,
	0x0000,0x0000,0x0000,0x0000,0x0000,0x0000,0x0000,0x0000,
	0x0000,0x0000,0x0000,0x0000,0x0000,0x0000,0x0000,0x0000,
	0x0000,0x0000,0x0000,0x0000,0x0000,0x0000,0x0000,0x0000,
	0x0000,0x0000,0x0000,0x0000,0x0000,0x0000,0x0000,0x0000,
	0x0000,0x0000,0x0000,0x0000,0x0000,0x0000,0x0000,0x0000,

	0x0000,0x0000,0x0000,0x0000,0x0000,0x0000,0x0000,0x0000,
	0x0000,0x0000,0x0000,0x0000,0x0000,0x0000,0x0000,0x0000,
	0x0000,0x0000,0x0000,0x0000,0x0000,0x0000,0x0000,0x0000,
	0x0000,0x0000,0x0000,0x0000,0x0000,0x0000,0x0000,0x0000,
	0x0000,0x0000,0x0000,0x0000,0x0000,0x0000,0x0000,0x0000,
	0x0000,0x0000,0x0000,0x0000,0x0000,0x0000,0x0000,0x0000,
	0x0000,0x0000,0x0000,0x0000,0x0000,0x0000,0x0000,0x0000,
	0x0000,0x0000,0x0000,0x0000,0x0000,0x0000,0x0000,0x0000,

	0x0000,0x0000,0x0000,0x0000,0x0000,0x0000,0x0000,0x0000,
	0x0000,0x0000,0x0000,0x0000,0x0000,0x0000,0x0000,0x0000,
	0x0000,0x0000,0x0000,0x0000,0x0000,0x0000,0x0000,0x0000,
	0x0000,0x0000,0x0000,0x0000,0x0000,0x0000,0x0000,0x0000,
	0x0000,0x0000,0x0000,0x0000,0x0000,0x0000,0x0000,0x0000,
	0x0000,0x0000,0x0000,0x0000,0x0000,0x0000,0x0000,0x0000,
	0x0000,0x0000,0x0000,0x0000,0x0000,0x0000,0x0000,0x0000,
	0x0000,0x0000,0x0000,0x0000,0x0000,0x0000,0x0000,0x0000,

	0x0000,0x0000,0x0000,0x0000,0x0000,0x0000,0x0000,0x0000,
	0x0000,0x0000,0x0000,0x0000,0x0000,0x0000,0x0000,0x0000,
	0x0000,0x0000,0x0000,0x0000,0x0000,0x0000,0x0000,0x0000,
	0x0000,0x0000,0x0000,0x0000,0x0000,0x0000,0x0000,0x0000,
	0x0000,0x0000,0x0000,0x0000,0x0000,0x0000,0x0000,0x0000,
	0x0000,0x0000,0x0000,0x0000,0x0000,0x0000,0x0000,0x0000,
	0x0000,0x0000,0x0000,0x0000,0x0000,0x0000,0x0000,0x0000,
	0x0000,0x0000,0x0000,0x0000,0x0000,0x0000,0x0000,0x0000,

	0x0000,0x0000,0x0000,0x0000,0x0000,0x0000,0x0000,0x0000,
	0x0000,0x0000,0x0000,0x0000,0x0000,0x0000,0x0000,0x0000,
	0x0000,0x0000,0x0000,0x0000,0x0000,0x0000,0x0000,0x0000,
	0x0000,0x0000,0x0000,0x0000,0x0000,0x0000,0x0000,0x0000,
	0x0000,0x0000,0x0000,0x0000,0x0000,0x0000,0x0000,0x0000,
	0x0000,0x0000,0x0000,0x0000,0x0000,0x0000,0x0000,0x0000,
	0x0000,0x0000,0x0000,0x0000,0x0000,0x0000,0x0000,0x0000,
	0x0000,0x0000,0x0000,0x0000,0x0000,0x0000,0x0000,0x0000,

	0x0000,0x0000,0x0000,0x0000,0x0000,0x0000,0x0000,0x0000,
	0x0000,0x0000,0x0000,0x0000,0x0000,0x0000,0x0000,0x0000,
	0x0000,0x0000,0x0000,0x0000,0x0000,0x0000,0x0000,0x0000,
	0x0000,0x0000,0x0000,0x0000,0x0000,0x0000,0x0000,0x0000,
	0x0000,0x0000,0x0000,0x0000,0x0000,0x0000,0x0000,0x0000,
	0x0000,0x0000,0x0000,0x0000,0x0000,0x0000,0x0000,0x0000,
	0x0000,0x0000,0x0000,0x0000,0x0000,0x0000,0x0000,0x0000,
	0x0000,0x0000,0x0000,0x0000,0x0000,0x0000,0x0000,0x0000,

	0x0000,0x0000,0x0000,0x0000,0x0000,0x0000,0x0000,0x0000,
	0x0000,0x0000,0x0000,0x0000,0x0000,0x0000,0x0000,0x0000,
	0x0000,0x0000,0x0000,0x0000,0x0000,0x0000,0x0000,0x0000,
	0x0000,0x0000,0x0000,0x0000,0x0000,0x0000,0x0000,0x0000,
	0x0000,0x0000,0x0000,0x0000,0x0000,0x0000,0x0000,0x0000,
	0x0000,0x0000,0x0000,0x0000,0x0000,0x0000,0x0000,0x0000,
	0x0000,0x0000,0x0000,0x0000,0x0000,0x0000,0x0000,0x0000,
	0x0000,0x0000,0x0000,0x0000,0x0000,0x0000,0x0000,0x0000,

	0x0000,0x0000,0x0000,0x0000,0x0000,0x0000,0x0000,0x0000,
	0x0000,0x0000,0x0000,0x0000,0x0000,0x0000,0x0000,0x0000,
	0x0000,0x0000,0x0000,0x0000,0x0000,0x0000,0x0000,0x0000,
	0x0000,0x0000,0x0000,0x0000,0x0000,0x0000,0x0000,0x0000,
	0x0000,0x0000,0x0000,0x0000,0x0000,0x0000,0x0000,0x0000,
	0x0000,0x0000,0x0000,0x0000,0x0000,0x0000,0x0000,0x0000,
	0x0000,0x0000,0x0000,0x0000,0x0000,0x0000,0x0000,0x0000,
	0x0000,0x0000,0x0000,0x0000,0x0000,0x0000,0x0000,0x0000,

	0x0000,0x0000,0x0000,0x0000,0x0000,0x0000,0x0000,0x0000,
	0x0000,0x0000,0x0000,0x0000,0x0000,0x0000,0x0000,0x0000,
	0x0000,0x0000,0x0000,0x0000,0x0000,0x0000,0x0000,0x0000,
	0x0000,0x0000,0x0000,0x0000,0x0000,0x0000,0x0000,0x0000,
	0x0000,0x0000,0x0000,0x0000,0x0000,0x0000,0x0000,0x0000,
	0x0000,0x0000,0x0000,0x0000,0x0000,0x0000,0x0000,0x0000,
	0x0000,0x0000,0x0000,0x0000,0x0000,0x0000,0x0000,0x0000,
	0x0000,0x0000,0x0000,0x0000,0x0000,0x0000,0x0000,0x0000,

	0x0000,0x0000,0x0000,0x0000,0x0000,0x0000,0x0000,0x0000,
	0x0000,0x0000,0x0000,0x0000,0x0000,0x0000,0x0000,0x0000,
	0x0000,0x0000,0x0000,0x0000,0x0000,0x0000,0x0000,0x0000,
	0x0000,0x0000,0x0000,0x0000,0x0000,0x0000,0x0000,0x0000,
	0x0000,0x0000,0x0000,0x0000,0x0000,0x0000,0x0000,0x0000,
	0x0000,0x0000,0x0000,0x0000,0x0000,0x0000,0x0000,0x0000,
	0x0000,0x0000,0x0000,0x0000,0x0000,0x0000,0x0000,0x0000,
	0x0000,0x0000,0x0000,0x0000,0x0000,0x0000,0x0000,0x0000,

	0x0000,0x0000,0x0000,0x0000,0x0000,0x0000,0x0000,0x0000,
	0x0000,0x0000,0x0000,0x0000,0x0000,0x0000,0x0000,0x0000,
	0x0000,0x0000,0x0000,0x0000,0x0000,0x0000,0x0000,0x0000,
	0x0000,0x0000,0x0000,0x0000,0x0000,0x0000,0x0000,0x0000,
	0x0000,0x0000,0x0000,0x0000,0x0000,0x0000,0x0000,0x0000,
	0x0000,0x0000,0x0000,0x0000,0x0000,0x0000,0x0000,0x0000,
	0x0000,0x0000,0x0000,0x0000,0x0000,0x0000,0x0000,0x0000,
	0x0000,0x0000,0x0000,0x0000,0x0000,0x0000,0x0000,0x0000,

	0x0000,0x0000,0x0000,0x0000,0x0000,0x0000,0x0000,0x0000,
	0x0000,0x0000,0x0000,0x0000,0x0000,0x0000,0x0000,0x0000,
	0x0000,0x0000,0x0000,0x0000,0x0000,0x0000,0x0000,0x0000,
	0x0000,0x0000,0x0000,0x0000,0x0000,0x0000,0x0000,0x0000,
	0x0000,0x0000,0x0000,0x0000,0x0000,0x0000,0x0000,0x0000,
	0x0000,0x0000,0x0000,0x0000,0x0000,0x0000,0x0000,0x0000,
	0x0000,0x0000,0x0000,0x0000,0x0000,0x0000,0x0000,0x0000,
	0x0000,0x0000,0x0000,0x0000,0x0000,0x0000,0x0000,0x0000,

	0x0000,0x0000,0x0000,0x0000,0x0000,0x0000,0x0000,0x0000,
	0x0000,0x0000,0x0000,0x0000,0x0000,0x0000,0x0000,0x0000,
	0x0000,0x0000,0x0000,0x0000,0x0000,0x0000,0x0000,0x0000,
	0x0000,0x0000,0x0000,0x0000,0x0000,0x0000,0x0000,0x0000,
	0x0000,0x0000,0x0000,0x0000,0x0000,0x0000,0x0000,0x0000,
	0x0000,0x0000,0x0000,0x0000,0x0000,0x0000,0x0000,0x0000,
	0x0000,0x0000,0x0000,0x0000,0x0000,0x0000,0x0000,0x0000,
	0x0000,0x0000,0x0000,0x0000,0x0000,0x0000,0x0000,0x0000,

	0x0000,0x0000,0x0000,0x0000,0x0000,0x0000,0x0000,0x0000,
	0x0000,0x0000,0x0000,0x0000,0x0000,0x0000,0x0000,0x0000,
	0x0000,0x0000,0x0000,0x0000,0x0000,0x0000,0x0000,0x0000,
	0x0000,0x0000,0x0000,0x0000,0x0000,0x0000,0x0000,0x0000,
	0x0000,0x0000,0x0000,0x0000,0x0000,0x0000,0x0000,0x0000,
	0x0000,0x0000,0x0000,0x0000,0x0000,0x0000,0x0000,0x0000,
	0x0000,0x0000,0x0000,0x0000,0x0000,0x0000,0x0000,0x0000,
	0x0000,0x0000,0x0000,0x0000,0x0000,0x0000,0x0000,0x0000,

	0x0000,0x0000,0x0000,0x0000,0x0000,0x0000,0x0000,0x0000,
	0x0000,0x0000,0x0000,0x0000,0x0000,0x0000,0x0000,0x0000,
	0x0000,0x0000,0x0000,0x0000,0x0000,0x0000,0x0000,0x0000,
	0x0000,0x0000,0x0000,0x0000,0x0000,0x0000,0x0000,0x0000,
	0x0000,0x0000,0x0000,0x0000,0x0000,0x0000,0x0000,0x0000,
	0x0000,0x0000,0x0000,0x0000,0x0000,0x0000,0x0000,0x0000,
	0x0000,0x0000,0x0000,0x0000,0x0000,0x0000,0x0000,0x0000,
	0x0000,0x0000,0x0000,0x0000,0x0000,0x0000,0x0000,0x0000,

	0x0000,0x0000,0x0000,0x0000,0x0000,0x0000,0x0000,0x0000,
	0x0000,0x0000,0x0000,0x0000,0x0000,0x0000,0x0000,0x0000,
	0x0000,0x0000,0x0000,0x0000,0x0000,0x0000,0x0000,0x0000,
	0x0000,0x0000,0x0000,0x0000,0x0000,0x0000,0x0000,0x0000,
	0x0000,0x0000,0x0000,0x0000,0x0000,0x0000,0x0000,0x0000,
	0x0000,0x0000,0x0000,0x0000,0x0000,0x0000,0x0000,0x0000,
	0x0000,0x0000,0x0000,0x0000,0x0000,0x0000,0x0000,0x0000,
	0x0000,0x0000,0x0000,0x0000,0x0000,0x0000,0x0000,0x0000,

	0x0000,0x0000,0x0000,0x0000,0x0000,0x0000,0x0000,0x0000,
	0x0000,0x0000,0x0000,0x0000,0x0000,0x0000,0x0000,0x0000,
	0x0000,0x0000,0x0000,0x0000,0x0000,0x0000,0x0000,0x0000,
	0x0000,0x0000,0x0000,0x0000,0x0000,0x0000,0x0000,0x0000,
	0x0000,0x0000,0x0000,0x0000,0x0000,0x0000,0x0000,0x0000,
	0x0000,0x0000,0x0000,0x0000,0x0000,0x0000,0x0000,0x0000,
	0x0000,0x0000,0x0000,0x0000,0x0000,0x0000,0x0000,0x0000,
	0x0000,0x0000,0x0000,0x0000,0x0000,0x0000,0x0000,0x0000,

	0x0200,0x0502,0x0505,0x0505,0x0200,0x0502,0x0505,0x0505,
	0x0200,0x0202,0x0505,0x0505,0x0000,0x0202,0x0505,0x0505,
	0x0000,0x0202,0x0505,0x0505,0x0000,0x0202,0x0505,0x0505,
	0x0000,0x0202,0x0505,0x0505,0x0000,0x0202,0x0505,0x0505,
	0x0505,0x0505,0x0505,0x0505,0x0505,0x0505,0x0505,0x0505,
	0x0505,0x0505,0x0505,0x0505,0x0505,0x0505,0x0505,0x0505,
	0x0505,0x0505,0x0505,0x0505,0x0505,0x0505,0x0505,0x0505,
	0x0505,0x0505,0x0505,0x0505,0x0505,0x0505,0x0505,0x0505,

	0x0707,0x0707,0x0707,0x0707,0x0707,0x0707,0x0707,0x0707,
	0x0707,0x0707,0x0707,0x0707,0x0707,0x0707,0x0707,0x0707,
	0x0707,0x0707,0x0707,0x0707,0x0707,0x0707,0x0707,0x0707,
	0x0707,0x0707,0x0707,0x0707,0x0707,0x0707,0x0707,0x0707,
	0x0707,0x0707,0x0707,0x0707,0x0707,0x0707,0x0707,0x0707,
	0x0707,0x0707,0x0707,0x0707,0x0707,0x0707,0x0707,0x0707,
	0x0707,0x0707,0x0707,0x0707,0x0707,0x0707,0x0707,0x0707,
	0x0707,0x0707,0x0707,0x0707,0x0707,0x0707,0x0707,0x0707,

	0x0707,0x0707,0x0707,0x0707,0x0707,0x0707,0x0707,0x0707,
	0x0707,0x0707,0x0707,0x0707,0x0707,0x0707,0x0707,0x0707,
	0x0707,0x0707,0x0707,0x0707,0x0707,0x0707,0x0707,0x0707,
	0x0707,0x0707,0x0707,0x0707,0x0707,0x0707,0x0707,0x0707,
	0x0707,0x0707,0x0707,0x0707,0x0707,0x0707,0x0707,0x0707,
	0x0707,0x0707,0x0707,0x0707,0x0707,0x0707,0x0707,0x0707,
	0x0707,0x0707,0x0707,0x0707,0x0707,0x0707,0x0707,0x0707,
	0x0707,0x0707,0x0707,0x0707,0x0707,0x0707,0x0707,0x0407,

	0x0707,0x0707,0x0707,0x0404,0x0707,0x0707,0x0407,0x0404,
	0x0707,0x0307,0x0404,0x0404,0x0707,0x0407,0x0404,0x0404,
	0x0707,0x0404,0x0404,0x0404,0x0407,0x0404,0x0404,0x0404,
	0x0404,0x0404,0x0404,0x0404,0x0404,0x0404,0x0404,0x0404,
	0x0404,0x0404,0x0404,0x0404,0x0404,0x0404,0x0404,0x0404,
	0x0404,0x0404,0x0404,0x0404,0x0404,0x0404,0x0404,0x0404,
	0x0404,0x0404,0x0404,0x0404,0x0404,0x0404,0x0404,0x0404,
	0x0404,0x0404,0x0404,0x0404,0x0404,0x0404,0x0404,0x0404,

	0x0404,0x0404,0x0404,0x0404,0x0404,0x0404,0x0404,0x0404,
	0x0404,0x0404,0x0404,0x0404,0x0404,0x0404,0x0404,0x0404,
	0x0404,0x0404,0x0404,0x0404,0x0404,0x0404,0x0404,0x0404,
	0x0404,0x0404,0x0404,0x0404,0x0404,0x0404,0x0404,0x0404,
	0x0404,0x0404,0x0404,0x0404,0x0404,0x0404,0x0404,0x0404,
	0x0404,0x0404,0x0404,0x0606,0x0404,0x0404,0x0604,0x0606,
	0x0404,0x0404,0x0606,0x0606,0x0404,0x0606,0x0606,0x0606,
	0x0604,0x0606,0x0606,0x0606,0x0606,0x0606,0x0606,0x0606,

	0x0604,0x0606,0x0606,0x0606,0x0606,0x0606,0x0606,0x0606,
	0x0606,0x0606,0x0606,0x0606,0x0606,0x0606,0x0606,0x0606,
	0x0606,0x0606,0x0606,0x0606,0x0606,0x0606,0x0606,0x0606,
	0x0606,0x0606,0x0606,0x0606,0x0606,0x0606,0x0606,0x0606,
	0x0606,0x0606,0x0606,0x0606,0x0606,0x0606,0x0606,0x0606,
	0x0606,0x0606,0x0606,0x0606,0x0606,0x0606,0x0606,0x0606,
	0x0606,0x0606,0x0606,0x0106,0x0606,0x0606,0x0106,0x0501,
	0x0606,0x0106,0x0505,0x0505,0x0101,0x0505,0x0505,0x0505,

	0x0606,0x0606,0x0606,0x0606,0x0606,0x0606,0x0606,0x0101,
	0x0606,0x0606,0x0101,0x0505,0x0606,0x0501,0x0505,0x0505,
	0x0501,0x0505,0x0505,0x0505,0x0505,0x0505,0x0505,0x0505,
	0x0505,0x0505,0x0505,0x0505,0x0505,0x0505,0x0505,0x0505,
	0x0106,0x0501,0x0505,0x0505,0x0505,0x0505,0x0505,0x0505,
	0x0505,0x0505,0x0505,0x0505,0x0505,0x0505,0x0505,0x0205,
	0x0505,0x0505,0x0505,0x0205,0x0505,0x0505,0x0505,0x0202,
	0x0505,0x0505,0x0505,0x0205,0x0505,0x0505,0x0505,0x0205,

	0x0505,0x0202,0x0202,0x0202,0x0205,0x0202,0x0202,0x0202,
	0x0202,0x0202,0x0202,0x0202,0x0202,0x0202,0x0202,0x0202,
	0x0202,0x0202,0x0202,0x0202,0x0202,0x0202,0x0202,0x0202,
	0x0202,0x0202,0x0202,0x0202,0x0202,0x0202,0x0202,0x0202,
	0x0002,0x0000,0x0000,0x0000,0x0002,0x0000,0x0000,0x0000,
	0x0002,0x0000,0x0000,0x0000,0x0002,0x0000,0x0000,0x0000,
	0x0002,0x0000,0x0000,0x0000,0x0002,0x0000,0x0000,0x0000,
	0x0002,0x0000,0x0000,0x0000,0x0002,0x0000,0x0000,0x0000,

	0x0000,0x0000,0x0000,0x0000,0x0000,0x0000,0x0000,0x0000,
	0x0000,0x0000,0x0000,0x0000,0x0000,0x0000,0x0000,0x0000,
	0x0000,0x0000,0x0000,0x0000,0x0000,0x0000,0x0000,0x0000,
	0x0000,0x0000,0x0000,0x0000,0x0000,0x0000,0x0000,0x0000,
	0x0000,0x0000,0x0000,0x0000,0x0000,0x0000,0x0000,0x0000,
	0x0000,0x0000,0x0000,0x0000,0x0000,0x0000,0x0000,0x0000,
	0x0000,0x0000,0x0000,0x0000,0x0000,0x0000,0x0000,0x0000,
	0x0000,0x0000,0x0000,0x0000,0x0000,0x0000,0x0000,0x0000,

	0x0000,0x0000,0x0000,0x0000,0x0000,0x0000,0x0000,0x0000,
	0x0000,0x0000,0x0000,0x0000,0x0000,0x0000,0x0000,0x0000,
	0x0000,0x0000,0x0000,0x0000,0x0000,0x0000,0x0000,0x0000,
	0x0000,0x0000,0x0000,0x0000,0x0000,0x0000,0x0000,0x0000,
	0x0000,0x0000,0x0000,0x0000,0x0000,0x0000,0x0000,0x0000,
	0x0000,0x0000,0x0000,0x0000,0x0000,0x0000,0x0000,0x0000,
	0x0000,0x0000,0x0000,0x0000,0x0000,0x0000,0x0000,0x0000,
	0x0000,0x0000,0x0000,0x0000,0x0000,0x0000,0x0000,0x0000,

	0x0000,0x0000,0x0000,0x0000,0x0000,0x0000,0x0000,0x0000,
	0x0000,0x0000,0x0000,0x0000,0x0000,0x0000,0x0000,0x0000,
	0x0000,0x0000,0x0000,0x0000,0x0000,0x0000,0x0000,0x0000,
	0x0000,0x0000,0x0000,0x0000,0x0000,0x0000,0x0000,0x0000,
	0x0000,0x0000,0x0000,0x0000,0x0000,0x0000,0x0000,0x0000,
	0x0000,0x0000,0x0000,0x0000,0x0000,0x0000,0x0000,0x0000,
	0x0000,0x0000,0x0000,0x0000,0x0000,0x0000,0x0000,0x0000,
	0x0000,0x0000,0x0000,0x0000,0x0000,0x0000,0x0000,0x0000,

	0x0000,0x0000,0x0000,0x0000,0x0000,0x0000,0x0000,0x0000,
	0x0000,0x0000,0x0000,0x0000,0x0000,0x0000,0x0000,0x0000,
	0x0000,0x0000,0x0000,0x0000,0x0000,0x0000,0x0000,0x0000,
	0x0000,0x0000,0x0000,0x0000,0x0000,0x0000,0x0000,0x0000,
	0x0000,0x0000,0x0000,0x0000,0x0000,0x0000,0x0000,0x0000,
	0x0000,0x0000,0x0000,0x0000,0x0000,0x0000,0x0000,0x0000,
	0x0000,0x0000,0x0000,0x0000,0x0000,0x0000,0x0000,0x0000,
	0x0000,0x0000,0x0000,0x0000,0x0000,0x0000,0x0000,0x0000,

	0x0000,0x0000,0x0000,0x0000,0x0000,0x0000,0x0000,0x0000,
	0x0000,0x0000,0x0000,0x0000,0x0000,0x0000,0x0000,0x0000,
	0x0000,0x0000,0x0000,0x0000,0x0000,0x0000,0x0000,0x0000,
	0x0000,0x0000,0x0000,0x0000,0x0000,0x0000,0x0000,0x0000,
	0x0000,0x0000,0x0000,0x0000,0x0000,0x0000,0x0000,0x0000,
	0x0000,0x0000,0x0000,0x0000,0x0000,0x0000,0x0000,0x0000,
	0x0000,0x0000,0x0000,0x0000,0x0000,0x0000,0x0000,0x0000,
	0x0000,0x0000,0x0000,0x0000,0x0000,0x0000,0x0000,0x0000,

	0x0000,0x0000,0x0000,0x0000,0x0000,0x0000,0x0000,0x0000,
	0x0000,0x0000,0x0000,0x0000,0x0000,0x0000,0x0000,0x0000,
	0x0000,0x0000,0x0000,0x0000,0x0000,0x0000,0x0000,0x0000,
	0x0000,0x0000,0x0000,0x0000,0x0000,0x0000,0x0000,0x0000,
	0x0000,0x0000,0x0000,0x0000,0x0000,0x0000,0x0000,0x0000,
	0x0000,0x0000,0x0000,0x0000,0x0000,0x0000,0x0000,0x0000,
	0x0000,0x0000,0x0000,0x0000,0x0000,0x0000,0x0000,0x0000,
	0x0000,0x0000,0x0000,0x0000,0x0000,0x0000,0x0000,0x0000,

	0x0000,0x0000,0x0000,0x0000,0x0000,0x0000,0x0000,0x0000,
	0x0000,0x0000,0x0000,0x0000,0x0000,0x0000,0x0000,0x0000,
	0x0000,0x0000,0x0000,0x0000,0x0000,0x0000,0x0000,0x0000,
	0x0000,0x0000,0x0000,0x0000,0x0000,0x0000,0x0000,0x0000,
	0x0000,0x0000,0x0000,0x0000,0x0000,0x0000,0x0000,0x0000,
	0x0000,0x0000,0x0000,0x0000,0x0000,0x0000,0x0000,0x0000,
	0x0000,0x0000,0x0000,0x0000,0x0000,0x0000,0x0000,0x0000,
	0x0000,0x0000,0x0000,0x0000,0x0000,0x0000,0x0000,0x0000,

	0x0000,0x0000,0x0000,0x0000,0x0000,0x0000,0x0000,0x0000,
	0x0000,0x0000,0x0000,0x0000,0x0000,0x0000,0x0000,0x0000,
	0x0000,0x0000,0x0000,0x0000,0x0000,0x0000,0x0000,0x0000,
	0x0000,0x0000,0x0000,0x0000,0x0000,0x0000,0x0000,0x0000,
	0x0000,0x0000,0x0000,0x0000,0x0000,0x0000,0x0000,0x0000,
	0x0000,0x0000,0x0000,0x0000,0x0000,0x0000,0x0000,0x0000,
	0x0000,0x0000,0x0000,0x0000,0x0000,0x0000,0x0000,0x0000,
	0x0000,0x0000,0x0000,0x0000,0x0000,0x0000,0x0000,0x0000,

	0x0000,0x0000,0x0000,0x0000,0x0000,0x0000,0x0000,0x0000,
	0x0000,0x0000,0x0000,0x0000,0x0000,0x0000,0x0000,0x0000,
	0x0000,0x0000,0x0000,0x0000,0x0000,0x0000,0x0000,0x0000,
	0x0000,0x0000,0x0000,0x0000,0x0000,0x0000,0x0000,0x0000,
	0x0000,0x0000,0x0000,0x0000,0x0000,0x0000,0x0000,0x0000,
	0x0000,0x0000,0x0000,0x0000,0x0000,0x0000,0x0000,0x0000,
	0x0000,0x0000,0x0000,0x0000,0x0000,0x0000,0x0000,0x0000,
	0x0000,0x0000,0x0000,0x0000,0x0000,0x0000,0x0000,0x0000,

	0x0000,0x0000,0x0000,0x0000,0x0000,0x0000,0x0000,0x0000,
	0x0000,0x0000,0x0000,0x0000,0x0000,0x0000,0x0000,0x0000,
	0x0000,0x0000,0x0000,0x0000,0x0000,0x0000,0x0000,0x0000,
	0x0000,0x0000,0x0000,0x0000,0x0000,0x0000,0x0000,0x0000,
	0x0000,0x0000,0x0000,0x0000,0x0000,0x0000,0x0000,0x0000,
	0x0000,0x0000,0x0000,0x0000,0x0000,0x0000,0x0000,0x0000,
	0x0000,0x0000,0x0000,0x0000,0x0000,0x0000,0x0000,0x0000,
	0x0000,0x0000,0x0000,0x0000,0x0000,0x0000,0x0000,0x0000,

	0x0000,0x0000,0x0000,0x0000,0x0000,0x0000,0x0000,0x0000,
	0x0000,0x0000,0x0000,0x0000,0x0000,0x0000,0x0000,0x0000,
	0x0000,0x0000,0x0000,0x0000,0x0000,0x0000,0x0000,0x0000,
	0x0000,0x0000,0x0000,0x0000,0x0000,0x0000,0x0000,0x0000,
	0x0000,0x0000,0x0000,0x0000,0x0000,0x0000,0x0000,0x0000,
	0x0000,0x0000,0x0000,0x0000,0x0000,0x0000,0x0000,0x0000,
	0x0000,0x0000,0x0000,0x0000,0x0000,0x0000,0x0000,0x0000,
	0x0000,0x0000,0x0000,0x0000,0x0000,0x0000,0x0000,0x0000,

	0x0000,0x0000,0x0000,0x0000,0x0000,0x0000,0x0000,0x0000,
	0x0000,0x0000,0x0000,0x0000,0x0000,0x0000,0x0000,0x0000,
	0x0000,0x0000,0x0000,0x0000,0x0000,0x0000,0x0000,0x0000,
	0x0000,0x0000,0x0000,0x0000,0x0000,0x0000,0x0000,0x0000,
	0x0000,0x0000,0x0000,0x0000,0x0000,0x0000,0x0000,0x0000,
	0x0000,0x0000,0x0000,0x0000,0x0000,0x0000,0x0000,0x0000,
	0x0000,0x0000,0x0000,0x0000,0x0000,0x0000,0x0000,0x0000,
	0x0000,0x0000,0x0000,0x0000,0x0000,0x0000,0x0000,0x0000,

	0x0000,0x0000,0x0000,0x0000,0x0000,0x0000,0x0000,0x0000,
	0x0000,0x0000,0x0000,0x0000,0x0000,0x0000,0x0000,0x0000,
	0x0000,0x0000,0x0000,0x0000,0x0000,0x0000,0x0000,0x0000,
	0x0000,0x0000,0x0000,0x0000,0x0000,0x0000,0x0000,0x0000,
	0x0000,0x0000,0x0000,0x0000,0x0000,0x0000,0x0000,0x0000,
	0x0000,0x0000,0x0000,0x0000,0x0000,0x0000,0x0000,0x0000,
	0x0000,0x0000,0x0000,0x0000,0x0000,0x0000,0x0000,0x0000,
	0x0000,0x0000,0x0000,0x0000,0x0000,0x0000,0x0000,0x0000,

	0x0000,0x0000,0x0000,0x0000,0x0000,0x0000,0x0000,0x0000,
	0x0000,0x0000,0x0000,0x0000,0x0000,0x0000,0x0000,0x0000,
	0x0000,0x0000,0x0000,0x0000,0x0000,0x0000,0x0000,0x0000,
	0x0000,0x0000,0x0000,0x0000,0x0000,0x0000,0x0000,0x0000,
	0x0000,0x0000,0x0000,0x0000,0x0000,0x0000,0x0000,0x0000,
	0x0000,0x0000,0x0000,0x0000,0x0000,0x0000,0x0000,0x0000,
	0x0000,0x0000,0x0000,0x0000,0x0000,0x0000,0x0000,0x0000,
	0x0000,0x0000,0x0000,0x0000,0x0000,0x0000,0x0000,0x0000,

	0x0000,0x0000,0x0000,0x0000,0x0000,0x0000,0x0000,0x0000,
	0x0000,0x0000,0x0000,0x0000,0x0000,0x0000,0x0000,0x0000,
	0x0000,0x0000,0x0000,0x0000,0x0000,0x0000,0x0000,0x0000,
	0x0000,0x0000,0x0000,0x0000,0x0000,0x0000,0x0000,0x0000,
	0x0000,0x0000,0x0000,0x0000,0x0000,0x0000,0x0000,0x0000,
	0x0000,0x0000,0x0000,0x0000,0x0000,0x0000,0x0000,0x0000,
	0x0000,0x0000,0x0000,0x0000,0x0000,0x0000,0x0000,0x0000,
	0x0000,0x0000,0x0000,0x0000,0x0000,0x0000,0x0000,0x0000,

	0x0000,0x0000,0x0000,0x0000,0x0000,0x0000,0x0000,0x0000,
	0x0000,0x0000,0x0000,0x0000,0x0000,0x0000,0x0000,0x0000,
	0x0000,0x0000,0x0000,0x0000,0x0000,0x0000,0x0000,0x0000,
	0x0000,0x0000,0x0000,0x0000,0x0000,0x0000,0x0000,0x0000,
	0x0000,0x0000,0x0000,0x0000,0x0000,0x0000,0x0000,0x0000,
	0x0000,0x0000,0x0000,0x0000,0x0000,0x0000,0x0000,0x0000,
	0x0000,0x0000,0x0000,0x0000,0x0000,0x0000,0x0000,0x0000,
	0x0000,0x0000,0x0000,0x0000,0x0000,0x0000,0x0000,0x0000,

	0x0000,0x0000,0x0000,0x0000,0x0000,0x0000,0x0000,0x0000,
	0x0000,0x0000,0x0000,0x0000,0x0000,0x0000,0x0000,0x0000,
	0x0000,0x0000,0x0000,0x0000,0x0000,0x0000,0x0000,0x0000,
	0x0000,0x0000,0x0000,0x0000,0x0000,0x0000,0x0000,0x0000,
	0x0000,0x0000,0x0000,0x0000,0x0000,0x0000,0x0000,0x0000,
	0x0000,0x0000,0x0000,0x0000,0x0000,0x0000,0x0000,0x0000,
	0x0000,0x0000,0x0000,0x0000,0x0000,0x0000,0x0000,0x0000,
	0x0000,0x0000,0x0000,0x0000,0x0000,0x0000,0x0000,0x0000,

	0x0000,0x0000,0x0000,0x0000,0x0000,0x0000,0x0000,0x0000,
	0x0000,0x0000,0x0000,0x0000,0x0000,0x0000,0x0000,0x0000,
	0x0000,0x0000,0x0000,0x0000,0x0000,0x0000,0x0000,0x0000,
	0x0000,0x0000,0x0000,0x0000,0x0000,0x0000,0x0000,0x0000,
	0x0000,0x0000,0x0000,0x0000,0x0000,0x0000,0x0000,0x0000,
	0x0000,0x0000,0x0000,0x0000,0x0000,0x0000,0x0000,0x0000,
	0x0000,0x0000,0x0000,0x0000,0x0000,0x0000,0x0000,0x0000,
	0x0000,0x0000,0x0000,0x0000,0x0000,0x0000,0x0000,0x0000,

	0x0000,0x0000,0x0000,0x0000,0x0000,0x0000,0x0000,0x0000,
	0x0000,0x0000,0x0000,0x0000,0x0000,0x0000,0x0000,0x0000,
	0x0000,0x0000,0x0000,0x0000,0x0000,0x0000,0x0000,0x0000,
	0x0000,0x0000,0x0000,0x0000,0x0000,0x0000,0x0000,0x0000,
	0x0000,0x0000,0x0000,0x0000,0x0000,0x0000,0x0000,0x0000,
	0x0000,0x0000,0x0000,0x0000,0x0000,0x0000,0x0000,0x0000,
	0x0000,0x0000,0x0000,0x0000,0x0000,0x0000,0x0000,0x0000,
	0x0000,0x0000,0x0000,0x0000,0x0000,0x0000,0x0000,0x0000,

	0x0000,0x0000,0x0000,0x0000,0x0000,0x0000,0x0000,0x0000,
	0x0000,0x0000,0x0000,0x0000,0x0000,0x0000,0x0000,0x0000,
	0x0000,0x0000,0x0000,0x0000,0x0000,0x0000,0x0000,0x0000,
	0x0000,0x0000,0x0000,0x0000,0x0000,0x0000,0x0000,0x0000,
	0x0000,0x0000,0x0000,0x0000,0x0000,0x0000,0x0000,0x0000,
	0x0000,0x0000,0x0000,0x0000,0x0000,0x0000,0x0000,0x0000,
	0x0000,0x0000,0x0000,0x0000,0x0000,0x0000,0x0000,0x0000,
	0x0000,0x0000,0x0000,0x0000,0x0000,0x0000,0x0000,0x0000,

	0x0000,0x0000,0x0000,0x0000,0x0000,0x0000,0x0000,0x0000,
	0x0000,0x0000,0x0000,0x0000,0x0000,0x0000,0x0000,0x0000,
	0x0000,0x0000,0x0000,0x0000,0x0000,0x0000,0x0000,0x0000,
	0x0000,0x0000,0x0000,0x0000,0x0000,0x0000,0x0000,0x0000,
	0x0000,0x0000,0x0000,0x0000,0x0000,0x0000,0x0000,0x0000,
	0x0000,0x0000,0x0000,0x0000,0x0000,0x0000,0x0000,0x0000,
	0x0000,0x0000,0x0000,0x0000,0x0000,0x0000,0x0000,0x0000,
	0x0000,0x0000,0x0000,0x0000,0x0000,0x0000,0x0000,0x0000,

	0x0000,0x0000,0x0000,0x0000,0x0000,0x0000,0x0000,0x0000,
	0x0000,0x0000,0x0000,0x0000,0x0000,0x0000,0x0000,0x0000,
	0x0000,0x0000,0x0000,0x0000,0x0000,0x0000,0x0000,0x0000,
	0x0000,0x0000,0x0000,0x0000,0x0000,0x0000,0x0000,0x0000,
	0x0000,0x0000,0x0000,0x0000,0x0000,0x0000,0x0000,0x0000,
	0x0000,0x0000,0x0000,0x0000,0x0000,0x0000,0x0000,0x0000,
	0x0000,0x0000,0x0000,0x0000,0x0000,0x0000,0x0000,0x0000,
	0x0000,0x0000,0x0000,0x0000,0x0000,0x0000,0x0000,0x0000,

	0x0000,0x0000,0x0000,0x0000,0x0000,0x0000,0x0000,0x0000,
	0x0000,0x0000,0x0000,0x0000,0x0000,0x0000,0x0000,0x0000,
	0x0000,0x0000,0x0000,0x0000,0x0000,0x0000,0x0000,0x0000,
	0x0000,0x0000,0x0000,0x0000,0x0000,0x0000,0x0000,0x0000,
	0x0000,0x0000,0x0000,0x0000,0x0000,0x0000,0x0000,0x0000,
	0x0000,0x0000,0x0000,0x0000,0x0000,0x0000,0x0000,0x0000,
	0x0000,0x0000,0x0000,0x0000,0x0000,0x0000,0x0000,0x0000,
	0x0000,0x0000,0x0000,0x0000,0x0000,0x0000,0x0000,0x0000,

	0x0000,0x0000,0x0000,0x0000,0x0000,0x0000,0x0000,0x0000,
	0x0000,0x0000,0x0000,0x0000,0x0000,0x0000,0x0000,0x0000,
	0x0000,0x0000,0x0000,0x0000,0x0000,0x0000,0x0000,0x0000,
	0x0000,0x0000,0x0000,0x0000,0x0000,0x0000,0x0000,0x0000,
	0x0000,0x0000,0x0000,0x0000,0x0000,0x0000,0x0000,0x0000,
	0x0000,0x0000,0x0000,0x0000,0x0000,0x0000,0x0000,0x0000,
	0x0000,0x0000,0x0000,0x0000,0x0000,0x0000,0x0000,0x0000,
	0x0000,0x0000,0x0000,0x0000,0x0000,0x0000,0x0000,0x0000,

	0x0000,0x0202,0x0505,0x0505,0x0000,0x0202,0x0505,0x0505,
	0x0000,0x0202,0x0502,0x0505,0x0000,0x0202,0x0502,0x0505,
	0x0000,0x0200,0x0502,0x0505,0x0000,0x0200,0x0502,0x0505,
	0x0000,0x0200,0x0502,0x0505,0x0000,0x0200,0x0502,0x0505,
	0x0505,0x0505,0x0505,0x0505,0x0505,0x0505,0x0505,0x0505,
	0x0505,0x0505,0x0505,0x0505,0x0505,0x0505,0x0505,0x0505,
	0x0505,0x0505,0x0505,0x0505,0x0505,0x0505,0x0505,0x0505,
	0x0505,0x0505,0x0505,0x0505,0x0505,0x0505,0x0505,0x0505,

	0x0707,0x0707,0x0707,0x0707,0x0707,0x0707,0x0707,0x0707,
	0x0707,0x0707,0x0707,0x0707,0x0707,0x0707,0x0707,0x0707,
	0x0707,0x0707,0x0707,0x0707,0x0707,0x0707,0x0707,0x0707,
	0x0707,0x0707,0x0707,0x0707,0x0707,0x0707,0x0707,0x0707,
	0x0707,0x0707,0x0707,0x0707,0x0707,0x0707,0x0707,0x0707,
	0x0707,0x0707,0x0707,0x0707,0x0707,0x0707,0x0707,0x0707,
	0x0707,0x0707,0x0707,0x0707,0x0707,0x0707,0x0707,0x0707,
	0x0707,0x0707,0x0707,0x0707,0x0707,0x0707,0x0707,0x0707,

	0x0707,0x0707,0x0707,0x0707,0x0707,0x0707,0x0707,0x0707,
	0x0707,0x0707,0x0707,0x0707,0x0707,0x0707,0x0707,0x0707,
	0x0707,0x0707,0x0707,0x0707,0x0707,0x0707,0x0707,0x0707,
	0x0707,0x0707,0x0707,0x0707,0x0707,0x0707,0x0707,0x0707,
	0x0707,0x0707,0x0707,0x0404,0x0707,0x0707,0x0707,0x0404,
	0x0707,0x0707,0x0407,0x0404,0x0707,0x0707,0x0404,0x0404,
	0x0707,0x0407,0x0404,0x0404,0x0707,0x0407,0x0404,0x0404,
	0x0707,0x0404,0x0404,0x0404,0x0407,0x0404,0x0404,0x0404,

	0x0404,0x0404,0x0404,0x0404,0x0404,0x0404,0x0404,0x0404,
	0x0404,0x0404,0x0404,0x0404,0x0404,0x0404,0x0404,0x0404,
	0x0404,0x0404,0x0404,0x0404,0x0404,0x0404,0x0404,0x0404,
	0x0404,0x0404,0x0404,0x0404,0x0404,0x0404,0x0404,0x0404,
	0x0404,0x0404,0x0404,0x0404,0x0404,0x0404,0x0404,0x0404,
	0x0404,0x0404,0x0404,0x0404,0x0404,0x0404,0x0404,0x0404,
	0x0404,0x0404,0x0404,0x0404,0x0404,0x0404,0x0404,0x0404,
	0x0404,0x0404,0x0404,0x0606,0x0404,0x0404,0x0604,0x0606,

	0x0404,0x0404,0x0404,0x0606,0x0404,0x0404,0x0604,0x0606,
	0x0404,0x0404,0x0606,0x0606,0x0404,0x0606,0x0606,0x0606,
	0x0604,0x0606,0x0606,0x0606,0x0606,0x0606,0x0606,0x0606,
	0x0606,0x0606,0x0606,0x0606,0x0606,0x0606,0x0606,0x0606,
	0x0606,0x0606,0x0606,0x0606,0x0606,0x0606,0x0606,0x0606,
	0x0606,0x0606,0x0606,0x0606,0x0606,0x0606,0x0606,0x0106,
	0x0606,0x0606,0x0606,0x0501,0x0606,0x0606,0x0501,0x0505,
	0x0606,0x0501,0x0505,0x0505,0x0501,0x0505,0x0505,0x0505,

	0x0606,0x0606,0x0606,0x0101,0x0606,0x0606,0x0501,0x0505,
	0x0606,0x0501,0x0505,0x0505,0x0501,0x0505,0x0505,0x0505,
	0x0505,0x0505,0x0505,0x0505,0x0505,0x0505,0x0505,0x0505,
	0x0505,0x0505,0x0505,0x0505,0x0505,0x0505,0x0505,0x0505,
	0x0505,0x0505,0x0505,0x0505,0x0505,0x0505,0x0505,0x0505,
	0x0505,0x0505,0x0505,0x0505,0x0505,0x0505,0x0505,0x0505,
	0x0505,0x0505,0x0505,0x0505,0x0505,0x0505,0x0505,0x0505,
	0x0505,0x0505,0x0505,0x0505,0x0505,0x0505,0x0505,0x0505,

	0x0505,0x0505,0x0505,0x0505,0x0505,0x0505,0x0505,0x0505,
	0x0505,0x0505,0x0505,0x0505,0x0505,0x0505,0x0505,0x0505,
	0x0505,0x0505,0x0505,0x0505,0x0505,0x0505,0x0505,0x0505,
	0x0505,0x0505,0x0505,0x0505,0x0505,0x0505,0x0505,0x0505,
	0x0505,0x0505,0x0505,0x0205,0x0505,0x0505,0x0505,0x0205,
	0x0505,0x0505,0x0505,0x0205,0x0505,0x0505,0x0505,0x0205,
	0x0505,0x0505,0x0505,0x0202,0x0505,0x0505,0x0205,0x0202,
	0x0505,0x0505,0x0202,0x0202,0x0505,0x0202,0x0202,0x0202,

	0x0202,0x0202,0x0202,0x0202,0x0202,0x0202,0x0202,0x0202,
	0x0202,0x0202,0x0202,0x0202,0x0202,0x0202,0x0202,0x0002,
	0x0202,0x0202,0x0202,0x0000,0x0202,0x0202,0x0002,0x0000,
	0x0202,0x0202,0x0000,0x0000,0x0202,0x0002,0x0000,0x0000,
	0x0002,0x0000,0x0000,0x0000,0x0000,0x0000,0x0000,0x0000,
	0x0000,0x0000,0x0000,0x0000,0x0000,0x0000,0x0000,0x0000,
	0x0000,0x0000,0x0000,0x0000,0x0000,0x0000,0x0000,0x0000,
	0x0000,0x0000,0x0000,0x0000,0x0000,0x0000,0x0000,0x0000,

	0x0000,0x0000,0x0000,0x0000,0x0000,0x0000,0x0000,0x0000,
	0x0000,0x0000,0x0000,0x0000,0x0000,0x0000,0x0000,0x0000,
	0x0000,0x0000,0x0000,0x0000,0x0000,0x0000,0x0000,0x0000,
	0x0000,0x0000,0x0000,0x0000,0x0000,0x0000,0x0000,0x0000,
	0x0000,0x0000,0x0000,0x0000,0x0000,0x0000,0x0000,0x0000,
	0x0000,0x0000,0x0000,0x0000,0x0000,0x0000,0x0000,0x0000,
	0x0000,0x0000,0x0000,0x0000,0x0000,0x0000,0x0000,0x0000,
	0x0000,0x0000,0x0000,0x0000,0x0000,0x0000,0x0000,0x0000,

	0x0000,0x0000,0x0000,0x0000,0x0000,0x0000,0x0000,0x0000,
	0x0000,0x0000,0x0000,0x0000,0x0000,0x0000,0x0000,0x0000,
	0x0000,0x0000,0x0000,0x0000,0x0000,0x0000,0x0000,0x0000,
	0x0000,0x0000,0x0000,0x0000,0x0000,0x0000,0x0000,0x0000,
	0x0000,0x0000,0x0000,0x0000,0x0000,0x0000,0x0000,0x0000,
	0x0000,0x0000,0x0000,0x0000,0x0000,0x0000,0x0000,0x0000,
	0x0000,0x0000,0x0000,0x0000,0x0000,0x0000,0x0000,0x0000,
	0x0000,0x0000,0x0000,0x0000,0x0000,0x0000,0x0000,0x0000,

	0x0000,0x0000,0x0000,0x0000,0x0000,0x0000,0x0000,0x0000,
	0x0000,0x0000,0x0000,0x0000,0x0000,0x0000,0x0000,0x0000,
	0x0000,0x0000,0x0000,0x0000,0x0000,0x0000,0x0000,0x0000,
	0x0000,0x0000,0x0000,0x0000,0x0000,0x0000,0x0000,0x0000,
	0x0000,0x0000,0x0000,0x0000,0x0000,0x0000,0x0000,0x0000,
	0x0000,0x0000,0x0000,0x0000,0x0000,0x0000,0x0000,0x0000,
	0x0000,0x0000,0x0000,0x0000,0x0000,0x0000,0x0000,0x0000,
	0x0000,0x0000,0x0000,0x0000,0x0000,0x0000,0x0000,0x0000,

	0x0000,0x0000,0x0000,0x0000,0x0000,0x0000,0x0000,0x0000,
	0x0000,0x0000,0x0000,0x0000,0x0000,0x0000,0x0000,0x0000,
	0x0000,0x0000,0x0000,0x0000,0x0000,0x0000,0x0000,0x0000,
	0x0000,0x0000,0x0000,0x0000,0x0000,0x0000,0x0000,0x0000,
	0x0000,0x0000,0x0000,0x0000,0x0000,0x0000,0x0000,0x0000,
	0x0000,0x0000,0x0000,0x0000,0x0000,0x0000,0x0000,0x0000,
	0x0000,0x0000,0x0000,0x0000,0x0000,0x0000,0x0000,0x0000,
	0x0000,0x0000,0x0000,0x0000,0x0000,0x0000,0x0000,0x0000,

	0x0000,0x0000,0x0000,0x0000,0x0000,0x0000,0x0000,0x0000,
	0x0000,0x0000,0x0000,0x0000,0x0000,0x0000,0x0000,0x0000,
	0x0000,0x0000,0x0000,0x0000,0x0000,0x0000,0x0000,0x0000,
	0x0000,0x0000,0x0000,0x0000,0x0000,0x0000,0x0000,0x0000,
	0x0000,0x0000,0x0000,0x0000,0x0000,0x0000,0x0000,0x0000,
	0x0000,0x0000,0x0000,0x0000,0x0000,0x0000,0x0000,0x0000,
	0x0000,0x0000,0x0000,0x0000,0x0000,0x0000,0x0000,0x0000,
	0x0000,0x0000,0x0000,0x0000,0x0000,0x0000,0x0000,0x0000,

	0x0000,0x0000,0x0000,0x0000,0x0000,0x0000,0x0000,0x0000,
	0x0000,0x0000,0x0000,0x0000,0x0000,0x0000,0x0000,0x0000,
	0x0000,0x0000,0x0000,0x0000,0x0000,0x0000,0x0000,0x0000,
	0x0000,0x0000,0x0000,0x0000,0x0000,0x0000,0x0000,0x0000,
	0x0000,0x0000,0x0000,0x0000,0x0000,0x0000,0x0000,0x0000,
	0x0000,0x0000,0x0000,0x0000,0x0000,0x0000,0x0000,0x0000,
	0x0000,0x0000,0x0000,0x0000,0x0000,0x0000,0x0000,0x0000,
	0x0000,0x0000,0x0000,0x0000,0x0000,0x0000,0x0000,0x0000,

	0x0000,0x0000,0x0000,0x0000,0x0000,0x0000,0x0000,0x0000,
	0x0000,0x0000,0x0000,0x0000,0x0000,0x0000,0x0000,0x0000,
	0x0000,0x0000,0x0000,0x0000,0x0000,0x0000,0x0000,0x0000,
	0x0000,0x0000,0x0000,0x0000,0x0000,0x0000,0x0000,0x0000,
	0x0000,0x0000,0x0000,0x0000,0x0000,0x0000,0x0000,0x0000,
	0x0000,0x0000,0x0000,0x0000,0x0000,0x0000,0x0000,0x0000,
	0x0000,0x0000,0x0000,0x0000,0x0000,0x0000,0x0000,0x0000,
	0x0000,0x0000,0x0000,0x0000,0x0000,0x0000,0x0000,0x0000,

	0x0000,0x0000,0x0000,0x0000,0x0000,0x0000,0x0000,0x0000,
	0x0000,0x0000,0x0000,0x0000,0x0000,0x0000,0x0000,0x0000,
	0x0000,0x0000,0x0000,0x0000,0x0000,0x0000,0x0000,0x0000,
	0x0000,0x0000,0x0000,0x0000,0x0000,0x0000,0x0000,0x0000,
	0x0000,0x0000,0x0000,0x0000,0x0000,0x0000,0x0000,0x0000,
	0x0000,0x0000,0x0000,0x0000,0x0000,0x0000,0x0000,0x0000,
	0x0000,0x0000,0x0000,0x0000,0x0000,0x0000,0x0000,0x0000,
	0x0000,0x0000,0x0000,0x0000,0x0000,0x0000,0x0000,0x0000,

	0x0000,0x0000,0x0000,0x0000,0x0000,0x0000,0x0000,0x0000,
	0x0000,0x0000,0x0000,0x0000,0x0000,0x0000,0x0000,0x0000,
	0x0000,0x0000,0x0000,0x0000,0x0000,0x0000,0x0000,0x0000,
	0x0000,0x0000,0x0000,0x0000,0x0000,0x0000,0x0000,0x0000,
	0x0000,0x0000,0x0000,0x0000,0x0000,0x0000,0x0000,0x0000,
	0x0000,0x0000,0x0000,0x0000,0x0000,0x0000,0x0000,0x0000,
	0x0000,0x0000,0x0000,0x0000,0x0000,0x0000,0x0000,0x0000,
	0x0000,0x0000,0x0000,0x0000,0x0000,0x0000,0x0000,0x0000,

	0x0000,0x0000,0x0000,0x0000,0x0000,0x0000,0x0000,0x0000,
	0x0000,0x0000,0x0000,0x0000,0x0000,0x0000,0x0000,0x0000,
	0x0000,0x0000,0x0000,0x0000,0x0000,0x0000,0x0000,0x0000,
	0x0000,0x0000,0x0000,0x0000,0x0000,0x0000,0x0000,0x0000,
	0x0000,0x0000,0x0000,0x0000,0x0000,0x0000,0x0000,0x0000,
	0x0000,0x0000,0x0000,0x0000,0x0000,0x0000,0x0000,0x0000,
	0x0000,0x0000,0x0000,0x0000,0x0000,0x0000,0x0000,0x0000,
	0x0000,0x0000,0x0000,0x0000,0x0000,0x0000,0x0000,0x0000,

	0x0000,0x0000,0x0000,0x0000,0x0000,0x0000,0x0000,0x0000,
	0x0000,0x0000,0x0000,0x0000,0x0000,0x0000,0x0000,0x0000,
	0x0000,0x0000,0x0000,0x0000,0x0000,0x0000,0x0000,0x0000,
	0x0000,0x0000,0x0000,0x0000,0x0000,0x0000,0x0000,0x0000,
	0x0000,0x0000,0x0000,0x0000,0x0000,0x0000,0x0000,0x0000,
	0x0000,0x0000,0x0000,0x0000,0x0000,0x0000,0x0000,0x0000,
	0x0000,0x0000,0x0000,0x0000,0x0000,0x0000,0x0000,0x0000,
	0x0000,0x0000,0x0000,0x0000,0x0000,0x0000,0x0000,0x0000,

	0x0000,0x0000,0x0000,0x0000,0x0000,0x0000,0x0000,0x0000,
	0x0000,0x0000,0x0000,0x0000,0x0000,0x0000,0x0000,0x0000,
	0x0000,0x0000,0x0000,0x0000,0x0000,0x0000,0x0000,0x0000,
	0x0000,0x0000,0x0000,0x0000,0x0000,0x0000,0x0000,0x0000,
	0x0000,0x0000,0x0000,0x0000,0x0000,0x0000,0x0000,0x0000,
	0x0000,0x0000,0x0000,0x0000,0x0000,0x0000,0x0000,0x0000,
	0x0000,0x0000,0x0000,0x0000,0x0000,0x0000,0x0000,0x0000,
	0x0000,0x0000,0x0000,0x0000,0x0000,0x0000,0x0000,0x0000,

	0x0000,0x0000,0x0000,0x0000,0x0000,0x0000,0x0000,0x0000,
	0x0000,0x0000,0x0000,0x0000,0x0000,0x0000,0x0000,0x0000,
	0x0000,0x0000,0x0000,0x0000,0x0000,0x0000,0x0000,0x0000,
	0x0000,0x0000,0x0000,0x0000,0x0000,0x0000,0x0000,0x0000,
	0x0000,0x0000,0x0000,0x0000,0x0000,0x0000,0x0000,0x0000,
	0x0000,0x0000,0x0000,0x0000,0x0000,0x0000,0x0000,0x0000,
	0x0000,0x0000,0x0000,0x0000,0x0000,0x0000,0x0000,0x0000,
	0x0000,0x0000,0x0000,0x0000,0x0000,0x0000,0x0000,0x0000,

	0x0000,0x0000,0x0000,0x0000,0x0000,0x0000,0x0000,0x0000,
	0x0000,0x0000,0x0000,0x0000,0x0000,0x0000,0x0000,0x0000,
	0x0000,0x0000,0x0000,0x0000,0x0000,0x0000,0x0000,0x0000,
	0x0000,0x0000,0x0000,0x0000,0x0000,0x0000,0x0000,0x0000,
	0x0000,0x0000,0x0000,0x0000,0x0000,0x0000,0x0000,0x0000,
	0x0000,0x0000,0x0000,0x0000,0x0000,0x0000,0x0000,0x0000,
	0x0000,0x0000,0x0000,0x0000,0x0000,0x0000,0x0000,0x0000,
	0x0000,0x0000,0x0000,0x0000,0x0000,0x0000,0x0000,0x0000,

	0x0000,0x0000,0x0000,0x0000,0x0000,0x0000,0x0000,0x0000,
	0x0000,0x0000,0x0000,0x0000,0x0000,0x0000,0x0000,0x0000,
	0x0000,0x0000,0x0000,0x0000,0x0000,0x0000,0x0000,0x0000,
	0x0000,0x0000,0x0000,0x0000,0x0000,0x0000,0x0000,0x0000,
	0x0000,0x0000,0x0000,0x0000,0x0000,0x0000,0x0000,0x0000,
	0x0000,0x0000,0x0000,0x0000,0x0000,0x0000,0x0000,0x0000,
	0x0000,0x0000,0x0000,0x0000,0x0000,0x0000,0x0000,0x0000,
	0x0000,0x0000,0x0000,0x0000,0x0000,0x0000,0x0000,0x0000,

	0x0000,0x0000,0x0000,0x0000,0x0000,0x0000,0x0000,0x0000,
	0x0000,0x0000,0x0000,0x0000,0x0000,0x0000,0x0000,0x0000,
	0x0000,0x0000,0x0000,0x0000,0x0000,0x0000,0x0000,0x0000,
	0x0000,0x0000,0x0000,0x0000,0x0000,0x0000,0x0000,0x0000,
	0x0000,0x0000,0x0000,0x0000,0x0000,0x0000,0x0000,0x0000,
	0x0000,0x0000,0x0000,0x0000,0x0000,0x0000,0x0000,0x0000,
	0x0000,0x0000,0x0000,0x0000,0x0000,0x0000,0x0000,0x0000,
	0x0000,0x0000,0x0000,0x0000,0x0000,0x0000,0x0000,0x0000,

	0x0000,0x0000,0x0000,0x0000,0x0000,0x0000,0x0000,0x0000,
	0x0000,0x0000,0x0000,0x0000,0x0000,0x0000,0x0000,0x0000,
	0x0000,0x0000,0x0000,0x0000,0x0000,0x0000,0x0000,0x0000,
	0x0000,0x0000,0x0000,0x0000,0x0000,0x0000,0x0000,0x0000,
	0x0000,0x0000,0x0000,0x0000,0x0000,0x0000,0x0000,0x0000,
	0x0000,0x0000,0x0000,0x0000,0x0000,0x0000,0x0000,0x0000,
	0x0000,0x0000,0x0000,0x0000,0x0000,0x0000,0x0000,0x0000,
	0x0000,0x0000,0x0000,0x0000,0x0000,0x0000,0x0000,0x0000,

	0x0000,0x0000,0x0000,0x0000,0x0000,0x0000,0x0000,0x0000,
	0x0000,0x0000,0x0000,0x0000,0x0000,0x0000,0x0000,0x0000,
	0x0000,0x0000,0x0000,0x0000,0x0000,0x0000,0x0000,0x0000,
	0x0000,0x0000,0x0000,0x0000,0x0000,0x0000,0x0000,0x0000,
	0x0000,0x0000,0x0000,0x0000,0x0000,0x0000,0x0000,0x0000,
	0x0000,0x0000,0x0000,0x0000,0x0000,0x0000,0x0000,0x0000,
	0x0000,0x0000,0x0000,0x0000,0x0000,0x0000,0x0000,0x0000,
	0x0000,0x0000,0x0000,0x0000,0x0000,0x0000,0x0000,0x0000,

	0x0000,0x0000,0x0000,0x0000,0x0000,0x0000,0x0000,0x0000,
	0x0000,0x0000,0x0000,0x0000,0x0000,0x0000,0x0000,0x0000,
	0x0000,0x0000,0x0000,0x0000,0x0000,0x0000,0x0000,0x0000,
	0x0000,0x0000,0x0000,0x0000,0x0000,0x0000,0x0000,0x0000,
	0x0000,0x0000,0x0000,0x0000,0x0000,0x0000,0x0000,0x0000,
	0x0000,0x0000,0x0000,0x0000,0x0000,0x0000,0x0000,0x0000,
	0x0000,0x0000,0x0000,0x0000,0x0000,0x0000,0x0000,0x0000,
	0x0000,0x0000,0x0000,0x0000,0x0000,0x0000,0x0000,0x0000,

	0x0000,0x0000,0x0000,0x0000,0x0000,0x0000,0x0000,0x0000,
	0x0000,0x0000,0x0000,0x0000,0x0000,0x0000,0x0000,0x0000,
	0x0000,0x0000,0x0000,0x0000,0x0000,0x0000,0x0000,0x0000,
	0x0000,0x0000,0x0000,0x0000,0x0000,0x0000,0x0000,0x0000,
	0x0000,0x0000,0x0000,0x0000,0x0000,0x0000,0x0000,0x0000,
	0x0000,0x0000,0x0000,0x0000,0x0000,0x0000,0x0000,0x0000,
	0x0000,0x0000,0x0000,0x0000,0x0000,0x0000,0x0000,0x0000,
	0x0000,0x0000,0x0000,0x0000,0x0000,0x0000,0x0000,0x0000,

	0x0000,0x0000,0x0000,0x0000,0x0000,0x0000,0x0000,0x0000,
	0x0000,0x0000,0x0000,0x0000,0x0000,0x0000,0x0000,0x0000,
	0x0000,0x0000,0x0000,0x0000,0x0000,0x0000,0x0000,0x0000,
	0x0000,0x0000,0x0000,0x0000,0x0000,0x0000,0x0000,0x0000,
	0x0000,0x0000,0x0000,0x0000,0x0000,0x0000,0x0000,0x0000,
	0x0000,0x0000,0x0000,0x0000,0x0000,0x0000,0x0000,0x0000,
	0x0000,0x0000,0x0000,0x0000,0x0000,0x0000,0x0000,0x0000,
	0x0000,0x0000,0x0000,0x0000,0x0000,0x0000,0x0000,0x0000,

	0x0000,0x0000,0x0000,0x0000,0x0000,0x0000,0x0000,0x0000,
	0x0000,0x0000,0x0000,0x0000,0x0000,0x0000,0x0000,0x0000,
	0x0000,0x0000,0x0000,0x0000,0x0000,0x0000,0x0000,0x0000,
	0x0000,0x0000,0x0000,0x0000,0x0000,0x0000,0x0000,0x0000,
	0x0000,0x0000,0x0000,0x0000,0x0000,0x0000,0x0000,0x0000,
	0x0000,0x0000,0x0000,0x0000,0x0000,0x0000,0x0000,0x0000,
	0x0000,0x0000,0x0000,0x0000,0x0000,0x0000,0x0000,0x0000,
	0x0000,0x0000,0x0000,0x0000,0x0000,0x0000,0x0000,0x0000,

	0x0000,0x0000,0x0000,0x0000,0x0000,0x0000,0x0000,0x0000,
	0x0000,0x0000,0x0000,0x0000,0x0000,0x0000,0x0000,0x0000,
	0x0000,0x0000,0x0000,0x0000,0x0000,0x0000,0x0000,0x0000,
	0x0000,0x0000,0x0000,0x0000,0x0000,0x0000,0x0000,0x0000,
	0x0000,0x0000,0x0000,0x0000,0x0000,0x0000,0x0000,0x0000,
	0x0000,0x0000,0x0000,0x0000,0x0000,0x0000,0x0000,0x0000,
	0x0000,0x0000,0x0000,0x0000,0x0000,0x0000,0x0000,0x0000,
	0x0000,0x0000,0x0000,0x0000,0x0000,0x0000,0x0000,0x0000,

	0x0000,0x0000,0x0000,0x0000,0x0000,0x0000,0x0000,0x0000,
	0x0000,0x0000,0x0000,0x0000,0x0000,0x0000,0x0000,0x0000,
	0x0000,0x0000,0x0000,0x0000,0x0000,0x0000,0x0000,0x0000,
	0x0000,0x0000,0x0000,0x0000,0x0000,0x0000,0x0000,0x0000,
	0x0000,0x0000,0x0000,0x0000,0x0000,0x0000,0x0000,0x0000,
	0x0000,0x0000,0x0000,0x0000,0x0000,0x0000,0x0000,0x0000,
	0x0000,0x0000,0x0000,0x0000,0x0000,0x0000,0x0000,0x0000,
	0x0000,0x0000,0x0000,0x0000,0x0000,0x0000,0x0000,0x0000,

	0x0000,0x0200,0x0502,0x0505,0x0000,0x0200,0x0502,0x0505,
	0x0000,0x0200,0x0502,0x0505,0x0000,0x0200,0x0202,0x0505,
	0x0000,0x0200,0x0202,0x0505,0x0000,0x0000,0x0202,0x0505,
	0x0000,0x0000,0x0202,0x0505,0x0000,0x0000,0x0202,0x0505,
	0x0505,0x0505,0x0505,0x0505,0x0505,0x0505,0x0505,0x0505,
	0x0505,0x0505,0x0505,0x0505,0x0505,0x0505,0x0505,0x0505,
	0x0505,0x0505,0x0505,0x0505,0x0505,0x0505,0x0505,0x0505,
	0x0505,0x0505,0x0505,0x0505,0x0505,0x0505,0x0505,0x0505,

	0x0707,0x0707,0x0707,0x0707,0x0707,0x0707,0x0707,0x0707,
	0x0707,0x0707,0x0707,0x0707,0x0707,0x0707,0x0707,0x0707,
	0x0707,0x0707,0x0707,0x0707,0x0707,0x0707,0x0707,0x0707,
	0x0707,0x0707,0x0707,0x0707,0x0707,0x0707,0x0707,0x0707,
	0x0707,0x0707,0x0707,0x0707,0x0707,0x0707,0x0707,0x0707,
	0x0707,0x0707,0x0707,0x0707,0x0707,0x0707,0x0707,0x0707,
	0x0707,0x0707,0x0707,0x0707,0x0707,0x0707,0x0707,0x0707,
	0x0707,0x0707,0x0707,0x0707,0x0707,0x0707,0x0707,0x0707,

	0x0707,0x0707,0x0707,0x0707,0x0707,0x0707,0x0707,0x0707,
	0x0707,0x0707,0x0707,0x0407,0x0707,0x0707,0x0707,0x0403,
	0x0707,0x0707,0x0707,0x0404,0x0707,0x0707,0x0407,0x0404,
	0x0707,0x0707,0x0407,0x0404,0x0707,0x0707,0x0404,0x0404,
	0x0403,0x0404,0x0404,0x0404,0x0404,0x0404,0x0404,0x0404,
	0x0404,0x0404,0x0404,0x0404,0x0404,0x0404,0x0404,0x0404,
	0x0404,0x0404,0x0404,0x0404,0x0404,0x0404,0x0404,0x0404,
	0x0404,0x0404,0x0404,0x0404,0x0404,0x0404,0x0404,0x0404,

	0x0404,0x0404,0x0404,0x0404,0x0404,0x0404,0x0404,0x0404,
	0x0404,0x0404,0x0404,0x0404,0x0404,0x0404,0x0404,0x0604,
	0x0404,0x0404,0x0604,0x0606,0x0404,0x0404,0x0606,0x0606,
	0x0404,0x0606,0x0606,0x0606,0x0604,0x0606,0x0606,0x0606,
	0x0404,0x0604,0x0606,0x0606,0x0404,0x0606,0x0606,0x0606,
	0x0606,0x0606,0x0606,0x0606,0x0606,0x0606,0x0606,0x0606,
	0x0606,0x0606,0x0606,0x0106,0x0606,0x0606,0x0606,0x0501,
	0x0606,0x0606,0x0501,0x0505,0x0606,0x0106,0x0505,0x0505,

	0x0606,0x0606,0x0606,0x0101,0x0606,0x0606,0x0101,0x0505,
	0x0606,0x0106,0x0505,0x0505,0x0106,0x0505,0x0505,0x0505,
	0x0501,0x0505,0x0505,0x0505,0x0505,0x0505,0x0505,0x0505,
	0x0505,0x0505,0x0505,0x0505,0x0505,0x0505,0x0505,0x0505,
	0x0505,0x0505,0x0505,0x0505,0x0505,0x0505,0x0505,0x0505,
	0x0505,0x0505,0x0505,0x0505,0x0505,0x0505,0x0505,0x0505,
	0x0505,0x0505,0x0505,0x0505,0x0505,0x0505,0x0505,0x0505,
	0x0505,0x0505,0x0505,0x0505,0x0505,0x0505,0x0505,0x0505,

	0x0505,0x0505,0x0505,0x0505,0x0505,0x0505,0x0505,0x0505,
	0x0505,0x0505,0x0505,0x0505,0x0505,0x0505,0x0505,0x0505,
	0x0505,0x0505,0x0505,0x0505,0x0505,0x0505,0x0505,0x0505,
	0x0505,0x0505,0x0505,0x0505,0x0505,0x0505,0x0505,0x0505,
	0x0505,0x0505,0x0505,0x0505,0x0505,0x0505,0x0505,0x0505,
	0x0505,0x0505,0x0505,0x0505,0x0505,0x0505,0x0505,0x0505,
	0x0505,0x0505,0x0505,0x0205,0x0505,0x0505,0x0205,0x0202,
	0x0505,0x0205,0x0202,0x0202,0x0205,0x0202,0x0202,0x0202,

	0x0505,0x0505,0x0505,0x0505,0x0505,0x0505,0x0505,0x0202,
	0x0505,0x0505,0x0202,0x0202,0x0505,0x0202,0x0202,0x0202,
	0x0202,0x0202,0x0202,0x0202,0x0202,0x0202,0x0202,0x0000,
	0x0202,0x0202,0x0000,0x0000,0x0002,0x0000,0x0000,0x0000,
	0x0202,0x0202,0x0202,0x0202,0x0202,0x0202,0x0202,0x0002,
	0x0202,0x0202,0x0002,0x0000,0x0202,0x0002,0x0000,0x0000,
	0x0002,0x0000,0x0000,0x0000,0x0000,0x0000,0x0000,0x0000,
	0x0000,0x0000,0x0000,0x0000,0x0000,0x0000,0x0000,0x0000,

	0x0002,0x0000,0x0000,0x0000,0x0000,0x0000,0x0000,0x0000,
	0x0000,0x0000,0x0000,0x0000,0x0000,0x0000,0x0000,0x0000,
	0x0000,0x0000,0x0000,0x0000,0x0000,0x0000,0x0000,0x0000,
	0x0000,0x0000,0x0000,0x0000,0x0000,0x0000,0x0000,0x0000,
	0x0000,0x0000,0x0000,0x0000,0x0000,0x0000,0x0000,0x0000,
	0x0000,0x0000,0x0000,0x0000,0x0000,0x0000,0x0000,0x0000,
	0x0000,0x0000,0x0000,0x0000,0x0000,0x0000,0x0000,0x0000,
	0x0000,0x0000,0x0000,0x0000,0x0000,0x0000,0x0000,0x0000,

	0x0000,0x0000,0x0000,0x0000,0x0000,0x0000,0x0000,0x0000,
	0x0000,0x0000,0x0000,0x0000,0x0000,0x0000,0x0000,0x0000,
	0x0000,0x0000,0x0000,0x0000,0x0000,0x0000,0x0000,0x0000,
	0x0000,0x0000,0x0000,0x0000,0x0000,0x0000,0x0000,0x0000,
	0x0000,0x0000,0x0000,0x0000,0x0000,0x0000,0x0000,0x0000,
	0x0000,0x0000,0x0000,0x0000,0x0000,0x0000,0x0000,0x0000,
	0x0000,0x0000,0x0000,0x0000,0x0000,0x0000,0x0000,0x0000,
	0x0000,0x0000,0x0000,0x0000,0x0000,0x0000,0x0000,0x0000,

	0x0000,0x0000,0x0000,0x0000,0x0000,0x0000,0x0000,0x0000,
	0x0000,0x0000,0x0000,0x0000,0x0000,0x0000,0x0000,0x0000,
	0x0000,0x0000,0x0000,0x0000,0x0000,0x0000,0x0000,0x0000,
	0x0000,0x0000,0x0000,0x0000,0x0000,0x0000,0x0000,0x0000,
	0x0000,0x0000,0x0000,0x0000,0x0000,0x0000,0x0000,0x0000,
	0x0000,0x0000,0x0000,0x0000,0x0000,0x0000,0x0000,0x0000,
	0x0000,0x0000,0x0000,0x0000,0x0000,0x0000,0x0000,0x0000,
	0x0000,0x0000,0x0000,0x0000,0x0000,0x0000,0x0000,0x0000,

	0x0000,0x0000,0x0000,0x0000,0x0000,0x0000,0x0000,0x0000,
	0x0000,0x0000,0x0000,0x0000,0x0000,0x0000,0x0000,0x0000,
	0x0000,0x0000,0x0000,0x0000,0x0000,0x0000,0x0000,0x0000,
	0x0000,0x0000,0x0000,0x0000,0x0000,0x0000,0x0000,0x0000,
	0x0000,0x0000,0x0000,0x0000,0x0000,0x0000,0x0000,0x0000,
	0x0000,0x0000,0x0000,0x0000,0x0000,0x0000,0x0000,0x0000,
	0x0000,0x0000,0x0000,0x0000,0x0000,0x0000,0x0000,0x0000,
	0x0000,0x0000,0x0000,0x0000,0x0000,0x0000,0x0000,0x0000,

	0x0000,0x0000,0x0000,0x0000,0x0000,0x0000,0x0000,0x0000,
	0x0000,0x0000,0x0000,0x0000,0x0000,0x0000,0x0000,0x0000,
	0x0000,0x0000,0x0000,0x0000,0x0000,0x0000,0x0000,0x0000,
	0x0000,0x0000,0x0000,0x0000,0x0000,0x0000,0x0000,0x0000,
	0x0000,0x0000,0x0000,0x0000,0x0000,0x0000,0x0000,0x0000,
	0x0000,0x0000,0x0000,0x0000,0x0000,0x0000,0x0000,0x0000,
	0x0000,0x0000,0x0000,0x0000,0x0000,0x0000,0x0000,0x0000,
	0x0000,0x0000,0x0000,0x0000,0x0000,0x0000,0x0000,0x0000,

	0x0000,0x0000,0x0000,0x0000,0x0000,0x0000,0x0000,0x0000,
	0x0000,0x0000,0x0000,0x0000,0x0000,0x0000,0x0000,0x0000,
	0x0000,0x0000,0x0000,0x0000,0x0000,0x0000,0x0000,0x0000,
	0x0000,0x0000,0x0000,0x0000,0x0000,0x0000,0x0000,0x0000,
	0x0000,0x0000,0x0000,0x0000,0x0000,0x0000,0x0000,0x0000,
	0x0000,0x0000,0x0000,0x0000,0x0000,0x0000,0x0000,0x0000,
	0x0000,0x0000,0x0000,0x0000,0x0000,0x0000,0x0000,0x0000,
	0x0000,0x0000,0x0000,0x0000,0x0000,0x0000,0x0000,0x0000,

	0x0000,0x0000,0x0000,0x0000,0x0000,0x0000,0x0000,0x0000,
	0x0000,0x0000,0x0000,0x0000,0x0000,0x0000,0x0000,0x0000,
	0x0000,0x0000,0x0000,0x0000,0x0000,0x0000,0x0000,0x0000,
	0x0000,0x0000,0x0000,0x0000,0x0000,0x0000,0x0000,0x0000,
	0x0000,0x0000,0x0000,0x0000,0x0000,0x0000,0x0000,0x0000,
	0x0000,0x0000,0x0000,0x0000,0x0000,0x0000,0x0000,0x0000,
	0x0000,0x0000,0x0000,0x0000,0x0000,0x0000,0x0000,0x0000,
	0x0000,0x0000,0x0000,0x0000,0x0000,0x0000,0x0000,0x0000,

	0x0000,0x0000,0x0000,0x0000,0x0000,0x0000,0x0000,0x0000,
	0x0000,0x0000,0x0000,0x0000,0x0000,0x0000,0x0000,0x0000,
	0x0000,0x0000,0x0000,0x0000,0x0000,0x0000,0x0000,0x0000,
	0x0000,0x0000,0x0000,0x0000,0x0000,0x0000,0x0000,0x0000,
	0x0000,0x0000,0x0000,0x0000,0x0000,0x0000,0x0000,0x0000,
	0x0000,0x0000,0x0000,0x0000,0x0000,0x0000,0x0000,0x0000,
	0x0000,0x0000,0x0000,0x0000,0x0000,0x0000,0x0000,0x0000,
	0x0000,0x0000,0x0000,0x0000,0x0000,0x0000,0x0000,0x0000,

	0x0000,0x0000,0x0000,0x0000,0x0000,0x0000,0x0000,0x0000,
	0x0000,0x0000,0x0000,0x0000,0x0000,0x0000,0x0000,0x0000,
	0x0000,0x0000,0x0000,0x0000,0x0000,0x0000,0x0000,0x0000,
	0x0000,0x0000,0x0000,0x0000,0x0000,0x0000,0x0000,0x0000,
	0x0000,0x0000,0x0000,0x0000,0x0000,0x0000,0x0000,0x0000,
	0x0000,0x0000,0x0000,0x0000,0x0000,0x0000,0x0000,0x0000,
	0x0000,0x0000,0x0000,0x0000,0x0000,0x0000,0x0000,0x0000,
	0x0000,0x0000,0x0000,0x0000,0x0000,0x0000,0x0000,0x0000,

	0x0000,0x0000,0x0000,0x0000,0x0000,0x0000,0x0000,0x0000,
	0x0000,0x0000,0x0000,0x0000,0x0000,0x0000,0x0000,0x0000,
	0x0000,0x0000,0x0000,0x0000,0x0000,0x0000,0x0000,0x0000,
	0x0000,0x0000,0x0000,0x0000,0x0000,0x0000,0x0000,0x0000,
	0x0000,0x0000,0x0000,0x0000,0x0000,0x0000,0x0000,0x0000,
	0x0000,0x0000,0x0000,0x0000,0x0000,0x0000,0x0000,0x0000,
	0x0000,0x0000,0x0000,0x0000,0x0000,0x0000,0x0000,0x0000,
	0x0000,0x0000,0x0000,0x0000,0x0000,0x0000,0x0000,0x0000,

	0x0000,0x0000,0x0000,0x0000,0x0000,0x0000,0x0000,0x0000,
	0x0000,0x0000,0x0000,0x0000,0x0000,0x0000,0x0000,0x0000,
	0x0000,0x0000,0x0000,0x0000,0x0000,0x0000,0x0000,0x0000,
	0x0000,0x0000,0x0000,0x0000,0x0000,0x0000,0x0000,0x0000,
	0x0000,0x0000,0x0000,0x0000,0x0000,0x0000,0x0000,0x0000,
	0x0000,0x0000,0x0000,0x0000,0x0000,0x0000,0x0000,0x0000,
	0x0000,0x0000,0x0000,0x0000,0x0000,0x0000,0x0000,0x0000,
	0x0000,0x0000,0x0000,0x0000,0x0000,0x0000,0x0000,0x0000,

	0x0000,0x0000,0x0000,0x0000,0x0000,0x0000,0x0000,0x0000,
	0x0000,0x0000,0x0000,0x0000,0x0000,0x0000,0x0000,0x0000,
	0x0000,0x0000,0x0000,0x0000,0x0000,0x0000,0x0000,0x0000,
	0x0000,0x0000,0x0000,0x0000,0x0000,0x0000,0x0000,0x0000,
	0x0000,0x0000,0x0000,0x0000,0x0000,0x0000,0x0000,0x0000,
	0x0000,0x0000,0x0000,0x0000,0x0000,0x0000,0x0000,0x0000,
	0x0000,0x0000,0x0000,0x0000,0x0000,0x0000,0x0000,0x0000,
	0x0000,0x0000,0x0000,0x0000,0x0000,0x0000,0x0000,0x0000,

	0x0000,0x0000,0x0000,0x0000,0x0000,0x0000,0x0000,0x0000,
	0x0000,0x0000,0x0000,0x0000,0x0000,0x0000,0x0000,0x0000,
	0x0000,0x0000,0x0000,0x0000,0x0000,0x0000,0x0000,0x0000,
	0x0000,0x0000,0x0000,0x0000,0x0000,0x0000,0x0000,0x0000,
	0x0000,0x0000,0x0000,0x0000,0x0000,0x0000,0x0000,0x0000,
	0x0000,0x0000,0x0000,0x0000,0x0000,0x0000,0x0000,0x0000,
	0x0000,0x0000,0x0000,0x0000,0x0000,0x0000,0x0000,0x0000,
	0x0000,0x0000,0x0000,0x0000,0x0000,0x0000,0x0000,0x0000,

	0x0000,0x0000,0x0000,0x0000,0x0000,0x0000,0x0000,0x0000,
	0x0000,0x0000,0x0000,0x0000,0x0000,0x0000,0x0000,0x0000,
	0x0000,0x0000,0x0000,0x0000,0x0000,0x0000,0x0000,0x0000,
	0x0000,0x0000,0x0000,0x0000,0x0000,0x0000,0x0000,0x0000,
	0x0000,0x0000,0x0000,0x0000,0x0000,0x0000,0x0000,0x0000,
	0x0000,0x0000,0x0000,0x0000,0x0000,0x0000,0x0000,0x0000,
	0x0000,0x0000,0x0000,0x0000,0x0000,0x0000,0x0000,0x0000,
	0x0000,0x0000,0x0000,0x0000,0x0000,0x0000,0x0000,0x0000,

	0x0000,0x0000,0x0000,0x0000,0x0000,0x0000,0x0000,0x0000,
	0x0000,0x0000,0x0000,0x0000,0x0000,0x0000,0x0000,0x0000,
	0x0000,0x0000,0x0000,0x0000,0x0000,0x0000,0x0000,0x0000,
	0x0000,0x0000,0x0000,0x0000,0x0000,0x0000,0x0000,0x0000,
	0x0000,0x0000,0x0000,0x0000,0x0000,0x0000,0x0000,0x0000,
	0x0000,0x0000,0x0000,0x0000,0x0000,0x0000,0x0000,0x0000,
	0x0000,0x0000,0x0000,0x0000,0x0000,0x0000,0x0000,0x0000,
	0x0000,0x0000,0x0000,0x0000,0x0000,0x0000,0x0000,0x0000,

	0x0000,0x0000,0x0000,0x0000,0x0000,0x0000,0x0000,0x0000,
	0x0000,0x0000,0x0000,0x0000,0x0000,0x0000,0x0000,0x0000,
	0x0000,0x0000,0x0000,0x0000,0x0000,0x0000,0x0000,0x0000,
	0x0000,0x0000,0x0000,0x0000,0x0000,0x0000,0x0000,0x0000,
	0x0000,0x0000,0x0000,0x0000,0x0000,0x0000,0x0000,0x0000,
	0x0000,0x0000,0x0000,0x0000,0x0000,0x0000,0x0000,0x0000,
	0x0000,0x0000,0x0000,0x0000,0x0000,0x0000,0x0000,0x0000,
	0x0000,0x0000,0x0000,0x0000,0x0000,0x0000,0x0000,0x0000,

	0x0000,0x0000,0x0000,0x0000,0x0000,0x0000,0x0000,0x0000,
	0x0000,0x0000,0x0000,0x0000,0x0000,0x0000,0x0000,0x0000,
	0x0000,0x0000,0x0000,0x0000,0x0000,0x0000,0x0000,0x0000,
	0x0000,0x0000,0x0000,0x0000,0x0000,0x0000,0x0000,0x0000,
	0x0000,0x0000,0x0000,0x0000,0x0000,0x0000,0x0000,0x0000,
	0x0000,0x0000,0x0000,0x0000,0x0000,0x0000,0x0000,0x0000,
	0x0000,0x0000,0x0000,0x0000,0x0000,0x0000,0x0000,0x0000,
	0x0000,0x0000,0x0000,0x0000,0x0000,0x0000,0x0000,0x0000,

	0x0000,0x0000,0x0000,0x0000,0x0000,0x0000,0x0000,0x0000,
	0x0000,0x0000,0x0000,0x0000,0x0000,0x0000,0x0000,0x0000,
	0x0000,0x0000,0x0000,0x0000,0x0000,0x0000,0x0000,0x0000,
	0x0000,0x0000,0x0000,0x0000,0x0000,0x0000,0x0000,0x0000,
	0x0000,0x0000,0x0000,0x0000,0x0000,0x0000,0x0000,0x0000,
	0x0000,0x0000,0x0000,0x0000,0x0000,0x0000,0x0000,0x0000,
	0x0000,0x0000,0x0000,0x0000,0x0000,0x0000,0x0000,0x0000,
	0x0000,0x0000,0x0000,0x0000,0x0000,0x0000,0x0000,0x0000,

	0x0000,0x0000,0x0000,0x0000,0x0000,0x0000,0x0000,0x0000,
	0x0000,0x0000,0x0000,0x0000,0x0000,0x0000,0x0000,0x0000,
	0x0000,0x0000,0x0000,0x0000,0x0000,0x0000,0x0000,0x0000,
	0x0000,0x0000,0x0000,0x0000,0x0000,0x0000,0x0000,0x0000,
	0x0000,0x0000,0x0000,0x0000,0x0000,0x0000,0x0000,0x0000,
	0x0000,0x0000,0x0000,0x0000,0x0000,0x0000,0x0000,0x0000,
	0x0000,0x0000,0x0000,0x0000,0x0000,0x0000,0x0000,0x0000,
	0x0000,0x0000,0x0000,0x0000,0x0000,0x0000,0x0000,0x0000,

	0x0000,0x0000,0x0000,0x0000,0x0000,0x0000,0x0000,0x0000,
	0x0000,0x0000,0x0000,0x0000,0x0000,0x0000,0x0000,0x0000,
	0x0000,0x0000,0x0000,0x0000,0x0000,0x0000,0x0000,0x0000,
	0x0000,0x0000,0x0000,0x0000,0x0000,0x0000,0x0000,0x0000,
	0x0000,0x0000,0x0000,0x0000,0x0000,0x0000,0x0000,0x0000,
	0x0000,0x0000,0x0000,0x0000,0x0000,0x0000,0x0000,0x0000,
	0x0000,0x0000,0x0000,0x0000,0x0000,0x0000,0x0000,0x0000,
	0x0000,0x0000,0x0000,0x0000,0x0000,0x0000,0x0000,0x0000,

	0x0000,0x0000,0x0000,0x0000,0x0000,0x0000,0x0000,0x0000,
	0x0000,0x0000,0x0000,0x0000,0x0000,0x0000,0x0000,0x0000,
	0x0000,0x0000,0x0000,0x0000,0x0000,0x0000,0x0000,0x0000,
	0x0000,0x0000,0x0000,0x0000,0x0000,0x0000,0x0000,0x0000,
	0x0000,0x0000,0x0000,0x0000,0x0000,0x0000,0x0000,0x0000,
	0x0000,0x0000,0x0000,0x0000,0x0000,0x0000,0x0000,0x0000,
	0x0000,0x0000,0x0000,0x0000,0x0000,0x0000,0x0000,0x0000,
	0x0000,0x0000,0x0000,0x0000,0x0000,0x0000,0x0000,0x0000,

	0x0000,0x0000,0x0000,0x0000,0x0000,0x0000,0x0000,0x0000,
	0x0000,0x0000,0x0000,0x0000,0x0000,0x0000,0x0000,0x0000,
	0x0000,0x0000,0x0000,0x0000,0x0000,0x0000,0x0000,0x0000,
	0x0000,0x0000,0x0000,0x0000,0x0000,0x0000,0x0000,0x0000,
	0x0000,0x0000,0x0000,0x0000,0x0000,0x0000,0x0000,0x0000,
	0x0000,0x0000,0x0000,0x0000,0x0000,0x0000,0x0000,0x0000,
	0x0000,0x0000,0x0000,0x0000,0x0000,0x0000,0x0000,0x0000,
	0x0000,0x0000,0x0000,0x0000,0x0000,0x0000,0x0000,0x0000,

	0x0000,0x0000,0x0000,0x0000,0x0000,0x0000,0x0000,0x0000,
	0x0000,0x0000,0x0000,0x0000,0x0000,0x0000,0x0000,0x0000,
	0x0000,0x0000,0x0000,0x0000,0x0000,0x0000,0x0000,0x0000,
	0x0000,0x0000,0x0000,0x0000,0x0000,0x0000,0x0000,0x0000,
	0x0000,0x0000,0x0000,0x0000,0x0000,0x0000,0x0000,0x0000,
	0x0000,0x0000,0x0000,0x0000,0x0000,0x0000,0x0000,0x0000,
	0x0000,0x0000,0x0000,0x0000,0x0000,0x0000,0x0000,0x0000,
	0x0000,0x0000,0x0000,0x0000,0x0000,0x0000,0x0000,0x0000,

	0x0000,0x0000,0x0000,0x0000,0x0000,0x0000,0x0000,0x0000,
	0x0000,0x0000,0x0000,0x0000,0x0000,0x0000,0x0000,0x0000,
	0x0000,0x0000,0x0000,0x0000,0x0000,0x0000,0x0000,0x0000,
	0x0000,0x0000,0x0000,0x0000,0x0000,0x0000,0x0000,0x0000,
	0x0000,0x0000,0x0000,0x0000,0x0000,0x0000,0x0000,0x0000,
	0x0000,0x0000,0x0000,0x0000,0x0000,0x0000,0x0000,0x0000,
	0x0000,0x0000,0x0000,0x0000,0x0000,0x0000,0x0000,0x0000,
	0x0000,0x0000,0x0000,0x0000,0x0000,0x0000,0x0000,0x0000,

	0x0000,0x0000,0x0000,0x0000,0x0000,0x0000,0x0000,0x0000,
	0x0000,0x0000,0x0000,0x0000,0x0000,0x0000,0x0000,0x0000,
	0x0000,0x0000,0x0000,0x0000,0x0000,0x0000,0x0000,0x0000,
	0x0000,0x0000,0x0000,0x0000,0x0000,0x0000,0x0000,0x0000,
	0x0000,0x0000,0x0000,0x0000,0x0000,0x0000,0x0000,0x0000,
	0x0000,0x0000,0x0000,0x0000,0x0000,0x0000,0x0000,0x0000,
	0x0000,0x0000,0x0000,0x0000,0x0000,0x0000,0x0000,0x0000,
	0x0000,0x0000,0x0000,0x0000,0x0000,0x0000,0x0000,0x0000,

	0x0000,0x0000,0x0202,0x0505,0x0000,0x0000,0x0202,0x0505,
	0x0000,0x0000,0x0202,0x0505,0x0000,0x0000,0x0202,0x0505,
	0x0000,0x0200,0x0202,0x0505,0x0000,0x0202,0x0202,0x0505,
	0x0000,0x0202,0x0202,0x0505,0x0200,0x0202,0x0502,0x0505,
	0x0505,0x0505,0x0505,0x0505,0x0505,0x0505,0x0505,0x0505,
	0x0505,0x0505,0x0505,0x0505,0x0505,0x0505,0x0505,0x0505,
	0x0505,0x0505,0x0505,0x0505,0x0505,0x0505,0x0505,0x0505,
	0x0505,0x0505,0x0505,0x0505,0x0505,0x0505,0x0505,0x0505,

	0x0707,0x0707,0x0707,0x0707,0x0707,0x0707,0x0707,0x0707,
	0x0707,0x0707,0x0707,0x0707,0x0707,0x0707,0x0707,0x0707,
	0x0707,0x0707,0x0707,0x0707,0x0707,0x0707,0x0707,0x0707,
	0x0707,0x0707,0x0707,0x0707,0x0707,0x0707,0x0707,0x0707,
	0x0707,0x0707,0x0707,0x0707,0x0707,0x0707,0x0707,0x0707,
	0x0707,0x0707,0x0707,0x0707,0x0707,0x0707,0x0707,0x0707,
	0x0707,0x0707,0x0707,0x0707,0x0707,0x0707,0x0707,0x0707,
	0x0707,0x0707,0x0707,0x0707,0x0707,0x0707,0x0707,0x0707,

	0x0707,0x0307,0x0404,0x0404,0x0707,0x0407,0x0404,0x0404,
	0x0707,0x0404,0x0404,0x0404,0x0707,0x0404,0x0404,0x0404,
	0x0407,0x0404,0x0404,0x0404,0x0407,0x0404,0x0404,0x0604,
	0x0404,0x0404,0x0404,0x0606,0x0404,0x0404,0x0604,0x0606,
	0x0404,0x0404,0x0404,0x0604,0x0404,0x0404,0x0404,0x0606,
	0x0404,0x0404,0x0606,0x0606,0x0404,0x0606,0x0606,0x0606,
	0x0604,0x0606,0x0606,0x0606,0x0606,0x0606,0x0606,0x0606,
	0x0606,0x0606,0x0606,0x0606,0x0606,0x0606,0x0606,0x0106,

	0x0606,0x0606,0x0606,0x0606,0x0606,0x0606,0x0606,0x0106,
	0x0606,0x0606,0x0606,0x0501,0x0606,0x0606,0x0101,0x0505,
	0x0606,0x0106,0x0505,0x0505,0x0606,0x0501,0x0505,0x0505,
	0x0501,0x0505,0x0505,0x0505,0x0505,0x0505,0x0505,0x0505,
	0x0106,0x0505,0x0505,0x0505,0x0501,0x0505,0x0505,0x0505,
	0x0505,0x0505,0x0505,0x0505,0x0505,0x0505,0x0505,0x0505,
	0x0505,0x0505,0x0505,0x0505,0x0505,0x0505,0x0505,0x0505,
	0x0505,0x0505,0x0505,0x0505,0x0505,0x0505,0x0505,0x0505,

	0x0505,0x0505,0x0505,0x0505,0x0505,0x0505,0x0505,0x0505,
	0x0505,0x0505,0x0505,0x0505,0x0505,0x0505,0x0505,0x0505,
	0x0505,0x0505,0x0505,0x0505,0x0505,0x0505,0x0505,0x0505,
	0x0505,0x0505,0x0505,0x0505,0x0505,0x0505,0x0505,0x0505,
	0x0505,0x0505,0x0505,0x0505,0x0505,0x0505,0x0505,0x0505,
	0x0505,0x0505,0x0505,0x0505,0x0505,0x0505,0x0505,0x0505,
	0x0505,0x0505,0x0505,0x0202,0x0505,0x0505,0x0202,0x0202,
	0x0505,0x0202,0x0202,0x0202,0x0202,0x0202,0x0202,0x0202,

	0x0505,0x0505,0x0505,0x0205,0x0505,0x0505,0x0202,0x0202,
	0x0505,0x0202,0x0202,0x0202,0x0202,0x0202,0x0202,0x0202,
	0x0202,0x0202,0x0202,0x0000,0x0202,0x0202,0x0000,0x0000,
	0x0202,0x0000,0x0000,0x0000,0x0000,0x0000,0x0000,0x0000,
	0x0202,0x0202,0x0202,0x0002,0x0202,0x0202,0x0002,0x0000,
	0x0202,0x0000,0x0000,0x0000,0x0000,0x0000,0x0000,0x0000,
	0x0000,0x0000,0x0000,0x0000,0x0000,0x0000,0x0000,0x0000,
	0x0000,0x0000,0x0000,0x0000,0x0000,0x0000,0x0000,0x0000,

	0x0000,0x0000,0x0000,0x0000,0x0000,0x0000,0x0000,0x0000,
	0x0000,0x0000,0x0000,0x0000,0x0000,0x0000,0x0000,0x0000,
	0x0000,0x0000,0x0000,0x0000,0x0000,0x0000,0x0000,0x0000,
	0x0000,0x0000,0x0000,0x0000,0x0000,0x0000,0x0000,0x0000,
	0x0000,0x0000,0x0000,0x0000,0x0000,0x0000,0x0000,0x0000,
	0x0000,0x0000,0x0000,0x0000,0x0000,0x0000,0x0000,0x0000,
	0x0000,0x0000,0x0000,0x0000,0x0000,0x0000,0x0000,0x0000,
	0x0000,0x0000,0x0000,0x0000,0x0000,0x0000,0x0000,0x0000,

	0x0000,0x0000,0x0000,0x0000,0x0000,0x0000,0x0000,0x0000,
	0x0000,0x0000,0x0000,0x0000,0x0000,0x0000,0x0000,0x0000,
	0x0000,0x0000,0x0000,0x0000,0x0000,0x0000,0x0000,0x0000,
	0x0000,0x0000,0x0000,0x0000,0x0000,0x0000,0x0000,0x0000,
	0x0000,0x0000,0x0000,0x0000,0x0000,0x0000,0x0000,0x0000,
	0x0000,0x0000,0x0000,0x0000,0x0000,0x0000,0x0000,0x0000,
	0x0000,0x0000,0x0000,0x0000,0x0000,0x0000,0x0000,0x0000,
	0x0000,0x0000,0x0000,0x0000,0x0000,0x0000,0x0000,0x0000,

	0x0000,0x0000,0x0000,0x0000,0x0000,0x0000,0x0000,0x0000,
	0x0000,0x0000,0x0000,0x0000,0x0000,0x0000,0x0000,0x0000,
	0x0000,0x0000,0x0000,0x0000,0x0000,0x0000,0x0000,0x0000,
	0x0000,0x0000,0x0000,0x0000,0x0000,0x0000,0x0000,0x0000,
	0x0000,0x0000,0x0000,0x0000,0x0000,0x0000,0x0000,0x0000,
	0x0000,0x0000,0x0000,0x0000,0x0000,0x0000,0x0000,0x0000,
	0x0000,0x0000,0x0000,0x0000,0x0000,0x0000,0x0000,0x0000,
	0x0000,0x0000,0x0000,0x0000,0x0000,0x0000,0x0000,0x0000,

	0x0000,0x0000,0x0000,0x0000,0x0000,0x0000,0x0000,0x0000,
	0x0000,0x0000,0x0000,0x0000,0x0000,0x0000,0x0000,0x0000,
	0x0000,0x0000,0x0000,0x0000,0x0000,0x0000,0x0000,0x0000,
	0x0000,0x0000,0x0000,0x0000,0x0000,0x0000,0x0000,0x0000,
	0x0000,0x0000,0x0000,0x0000,0x0000,0x0000,0x0000,0x0000,
	0x0000,0x0000,0x0000,0x0000,0x0000,0x0000,0x0000,0x0000,
	0x0000,0x0000,0x0000,0x0000,0x0000,0x0000,0x0000,0x0000,
	0x0000,0x0000,0x0000,0x0000,0x0000,0x0000,0x0000,0x0000,

	0x0000,0x0000,0x0000,0x0000,0x0000,0x0000,0x0000,0x0000,
	0x0000,0x0000,0x0000,0x0000,0x0000,0x0000,0x0000,0x0000,
	0x0000,0x0000,0x0000,0x0000,0x0000,0x0000,0x0000,0x0000,
	0x0000,0x0000,0x0000,0x0000,0x0000,0x0000,0x0000,0x0000,
	0x0000,0x0000,0x0000,0x0000,0x0000,0x0000,0x0000,0x0000,
	0x0000,0x0000,0x0000,0x0000,0x0000,0x0000,0x0000,0x0000,
	0x0000,0x0000,0x0000,0x0000,0x0000,0x0000,0x0000,0x0000,
	0x0000,0x0000,0x0000,0x0000,0x0000,0x0000,0x0000,0x0000,

	0x0000,0x0000,0x0000,0x0000,0x0000,0x0000,0x0000,0x0000,
	0x0000,0x0000,0x0000,0x0000,0x0000,0x0000,0x0000,0x0000,
	0x0000,0x0000,0x0000,0x0000,0x0000,0x0000,0x0000,0x0000,
	0x0000,0x0000,0x0000,0x0000,0x0000,0x0000,0x0000,0x0000,
	0x0000,0x0000,0x0000,0x0000,0x0000,0x0000,0x0000,0x0000,
	0x0000,0x0000,0x0000,0x0000,0x0000,0x0000,0x0000,0x0000,
	0x0000,0x0000,0x0000,0x0000,0x0000,0x0000,0x0000,0x0000,
	0x0000,0x0000,0x0000,0x0000,0x0000,0x0000,0x0000,0x0000,

	0x0000,0x0000,0x0000,0x0000,0x0000,0x0000,0x0000,0x0000,
	0x0000,0x0000,0x0000,0x0000,0x0000,0x0000,0x0000,0x0000,
	0x0000,0x0000,0x0000,0x0000,0x0000,0x0000,0x0000,0x0000,
	0x0000,0x0000,0x0000,0x0000,0x0000,0x0000,0x0000,0x0000,
	0x0000,0x0000,0x0000,0x0000,0x0000,0x0000,0x0000,0x0000,
	0x0000,0x0000,0x0000,0x0000,0x0000,0x0000,0x0000,0x0000,
	0x0000,0x0000,0x0000,0x0000,0x0000,0x0000,0x0000,0x0000,
	0x0000,0x0000,0x0000,0x0000,0x0000,0x0000,0x0000,0x0000,

	0x0000,0x0000,0x0000,0x0000,0x0000,0x0000,0x0000,0x0000,
	0x0000,0x0000,0x0000,0x0000,0x0000,0x0000,0x0000,0x0000,
	0x0000,0x0000,0x0000,0x0000,0x0000,0x0000,0x0000,0x0000,
	0x0000,0x0000,0x0000,0x0000,0x0000,0x0000,0x0000,0x0000,
	0x0000,0x0000,0x0000,0x0000,0x0000,0x0000,0x0000,0x0000,
	0x0000,0x0000,0x0000,0x0000,0x0000,0x0000,0x0000,0x0000,
	0x0000,0x0000,0x0000,0x0000,0x0000,0x0000,0x0000,0x0000,
	0x0000,0x0000,0x0000,0x0000,0x0000,0x0000,0x0000,0x0000,

	0x0000,0x0000,0x0000,0x0000,0x0000,0x0000,0x0000,0x0000,
	0x0000,0x0000,0x0000,0x0000,0x0000,0x0000,0x0000,0x0000,
	0x0000,0x0000,0x0000,0x0000,0x0000,0x0000,0x0000,0x0000,
	0x0000,0x0000,0x0000,0x0000,0x0000,0x0000,0x0000,0x0000,
	0x0000,0x0000,0x0000,0x0000,0x0000,0x0000,0x0000,0x0000,
	0x0000,0x0000,0x0000,0x0000,0x0000,0x0000,0x0000,0x0000,
	0x0000,0x0000,0x0000,0x0000,0x0000,0x0000,0x0000,0x0000,
	0x0000,0x0000,0x0000,0x0000,0x0000,0x0000,0x0000,0x0000,

	0x0000,0x0000,0x0000,0x0000,0x0000,0x0000,0x0000,0x0000,
	0x0000,0x0000,0x0000,0x0000,0x0000,0x0000,0x0000,0x0000,
	0x0000,0x0000,0x0000,0x0000,0x0000,0x0000,0x0000,0x0000,
	0x0000,0x0000,0x0000,0x0000,0x0000,0x0000,0x0000,0x0000,
	0x0000,0x0000,0x0000,0x0000,0x0000,0x0000,0x0000,0x0000,
	0x0000,0x0000,0x0000,0x0000,0x0000,0x0000,0x0000,0x0000,
	0x0000,0x0000,0x0000,0x0000,0x0000,0x0000,0x0000,0x0000,
	0x0000,0x0000,0x0000,0x0000,0x0000,0x0000,0x0000,0x0000,

	0x0000,0x0000,0x0000,0x0000,0x0000,0x0000,0x0000,0x0000,
	0x0000,0x0000,0x0000,0x0000,0x0000,0x0000,0x0000,0x0000,
	0x0000,0x0000,0x0000,0x0000,0x0000,0x0000,0x0000,0x0000,
	0x0000,0x0000,0x0000,0x0000,0x0000,0x0000,0x0000,0x0000,
	0x0000,0x0000,0x0000,0x0000,0x0000,0x0000,0x0000,0x0000,
	0x0000,0x0000,0x0000,0x0000,0x0000,0x0000,0x0000,0x0000,
	0x0000,0x0000,0x0000,0x0000,0x0000,0x0000,0x0000,0x0000,
	0x0000,0x0000,0x0000,0x0000,0x0000,0x0000,0x0000,0x0000,

	0x0000,0x0000,0x0000,0x0000,0x0000,0x0000,0x0000,0x0000,
	0x0000,0x0000,0x0000,0x0000,0x0000,0x0000,0x0000,0x0000,
	0x0000,0x0000,0x0000,0x0000,0x0000,0x0000,0x0000,0x0000,
	0x0000,0x0000,0x0000,0x0000,0x0000,0x0000,0x0000,0x0000,
	0x0000,0x0000,0x0000,0x0000,0x0000,0x0000,0x0000,0x0000,
	0x0000,0x0000,0x0000,0x0000,0x0000,0x0000,0x0000,0x0000,
	0x0000,0x0000,0x0000,0x0000,0x0000,0x0000,0x0000,0x0000,
	0x0000,0x0000,0x0000,0x0000,0x0000,0x0000,0x0000,0x0000,

	0x0000,0x0000,0x0000,0x0000,0x0000,0x0000,0x0000,0x0000,
	0x0000,0x0000,0x0000,0x0000,0x0000,0x0000,0x0000,0x0000,
	0x0000,0x0000,0x0000,0x0000,0x0000,0x0000,0x0000,0x0000,
	0x0000,0x0000,0x0000,0x0000,0x0000,0x0000,0x0000,0x0000,
	0x0000,0x0000,0x0000,0x0000,0x0000,0x0000,0x0000,0x0000,
	0x0000,0x0000,0x0000,0x0000,0x0000,0x0000,0x0000,0x0000,
	0x0000,0x0000,0x0000,0x0000,0x0000,0x0000,0x0000,0x0000,
	0x0000,0x0000,0x0000,0x0000,0x0000,0x0000,0x0000,0x0000,

	0x0000,0x0000,0x0000,0x0000,0x0000,0x0000,0x0000,0x0000,
	0x0000,0x0000,0x0000,0x0000,0x0000,0x0000,0x0000,0x0000,
	0x0000,0x0000,0x0000,0x0000,0x0000,0x0000,0x0000,0x0000,
	0x0000,0x0000,0x0000,0x0000,0x0000,0x0000,0x0000,0x0000,
	0x0000,0x0000,0x0000,0x0000,0x0000,0x0000,0x0000,0x0000,
	0x0000,0x0000,0x0000,0x0000,0x0000,0x0000,0x0000,0x0000,
	0x0000,0x0000,0x0000,0x0000,0x0000,0x0000,0x0000,0x0000,
	0x0000,0x0000,0x0000,0x0000,0x0000,0x0000,0x0000,0x0000,

	0x0000,0x0000,0x0000,0x0000,0x0000,0x0000,0x0000,0x0000,
	0x0000,0x0000,0x0000,0x0000,0x0000,0x0000,0x0000,0x0000,
	0x0000,0x0000,0x0000,0x0000,0x0000,0x0000,0x0000,0x0000,
	0x0000,0x0000,0x0000,0x0000,0x0000,0x0000,0x0000,0x0000,
	0x0000,0x0000,0x0000,0x0000,0x0000,0x0000,0x0000,0x0000,
	0x0000,0x0000,0x0000,0x0000,0x0000,0x0000,0x0000,0x0000,
	0x0000,0x0000,0x0000,0x0000,0x0000,0x0000,0x0000,0x0000,
	0x0000,0x0000,0x0000,0x0000,0x0000,0x0000,0x0000,0x0000,

	0x0000,0x0000,0x0000,0x0000,0x0000,0x0000,0x0000,0x0000,
	0x0000,0x0000,0x0000,0x0000,0x0000,0x0000,0x0000,0x0000,
	0x0000,0x0000,0x0000,0x0000,0x0000,0x0000,0x0000,0x0000,
	0x0000,0x0000,0x0000,0x0000,0x0000,0x0000,0x0000,0x0000,
	0x0000,0x0000,0x0000,0x0000,0x0000,0x0000,0x0000,0x0000,
	0x0000,0x0000,0x0000,0x0000,0x0000,0x0000,0x0000,0x0000,
	0x0000,0x0000,0x0000,0x0000,0x0000,0x0000,0x0000,0x0000,
	0x0000,0x0000,0x0000,0x0000,0x0000,0x0000,0x0000,0x0000,

	0x0000,0x0000,0x0000,0x0000,0x0000,0x0000,0x0000,0x0000,
	0x0000,0x0000,0x0000,0x0000,0x0000,0x0000,0x0000,0x0000,
	0x0000,0x0000,0x0000,0x0000,0x0000,0x0000,0x0000,0x0000,
	0x0000,0x0000,0x0000,0x0000,0x0000,0x0000,0x0000,0x0000,
	0x0000,0x0000,0x0000,0x0000,0x0000,0x0000,0x0000,0x0000,
	0x0000,0x0000,0x0000,0x0000,0x0000,0x0000,0x0000,0x0000,
	0x0000,0x0000,0x0000,0x0000,0x0000,0x0000,0x0000,0x0000,
	0x0000,0x0000,0x0000,0x0000,0x0000,0x0000,0x0000,0x0000,

	0x0000,0x0000,0x0000,0x0000,0x0000,0x0000,0x0000,0x0000,
	0x0000,0x0000,0x0000,0x0000,0x0000,0x0000,0x0000,0x0000,
	0x0000,0x0000,0x0000,0x0000,0x0000,0x0000,0x0000,0x0000,
	0x0000,0x0000,0x0000,0x0000,0x0000,0x0000,0x0000,0x0000,
	0x0000,0x0000,0x0000,0x0000,0x0000,0x0000,0x0000,0x0000,
	0x0000,0x0000,0x0000,0x0000,0x0000,0x0000,0x0000,0x0000,
	0x0000,0x0000,0x0000,0x0000,0x0000,0x0000,0x0000,0x0000,
	0x0000,0x0000,0x0000,0x0000,0x0000,0x0000,0x0000,0x0000,

	0x0000,0x0000,0x0000,0x0000,0x0000,0x0000,0x0000,0x0000,
	0x0000,0x0000,0x0000,0x0000,0x0000,0x0000,0x0000,0x0000,
	0x0000,0x0000,0x0000,0x0000,0x0000,0x0000,0x0000,0x0000,
	0x0000,0x0000,0x0000,0x0000,0x0000,0x0000,0x0000,0x0000,
	0x0000,0x0000,0x0000,0x0000,0x0000,0x0000,0x0000,0x0000,
	0x0000,0x0000,0x0000,0x0000,0x0000,0x0000,0x0000,0x0000,
	0x0000,0x0000,0x0000,0x0000,0x0000,0x0000,0x0000,0x0000,
	0x0000,0x0000,0x0000,0x0000,0x0000,0x0000,0x0000,0x0000,

	0x0000,0x0000,0x0000,0x0000,0x0000,0x0000,0x0000,0x0000,
	0x0000,0x0000,0x0000,0x0000,0x0000,0x0000,0x0000,0x0000,
	0x0000,0x0000,0x0000,0x0000,0x0000,0x0000,0x0000,0x0000,
	0x0000,0x0000,0x0000,0x0000,0x0000,0x0000,0x0000,0x0000,
	0x0000,0x0000,0x0000,0x0000,0x0000,0x0000,0x0000,0x0000,
	0x0000,0x0000,0x0000,0x0000,0x0000,0x0000,0x0000,0x0000,
	0x0000,0x0000,0x0000,0x0000,0x0000,0x0000,0x0000,0x0000,
	0x0000,0x0000,0x0000,0x0000,0x0000,0x0000,0x0000,0x0000,

	0x0000,0x0000,0x0000,0x0000,0x0000,0x0000,0x0000,0x0000,
	0x0000,0x0000,0x0000,0x0000,0x0000,0x0000,0x0000,0x0000,
	0x0000,0x0000,0x0000,0x0000,0x0000,0x0000,0x0000,0x0000,
	0x0000,0x0000,0x0000,0x0000,0x0000,0x0000,0x0000,0x0000,
	0x0000,0x0000,0x0000,0x0000,0x0000,0x0000,0x0000,0x0000,
	0x0000,0x0000,0x0000,0x0000,0x0000,0x0000,0x0000,0x0000,
	0x0000,0x0000,0x0000,0x0000,0x0000,0x0000,0x0000,0x0000,
	0x0000,0x0000,0x0000,0x0000,0x0000,0x0000,0x0000,0x0000,

	0x0000,0x0000,0x0000,0x0000,0x0000,0x0000,0x0000,0x0000,
	0x0000,0x0000,0x0000,0x0000,0x0000,0x0000,0x0000,0x0000,
	0x0000,0x0000,0x0000,0x0000,0x0000,0x0000,0x0000,0x0000,
	0x0000,0x0000,0x0000,0x0000,0x0000,0x0000,0x0000,0x0000,
	0x0000,0x0000,0x0000,0x0000,0x0000,0x0000,0x0000,0x0000,
	0x0000,0x0000,0x0000,0x0000,0x0000,0x0000,0x0000,0x0000,
	0x0000,0x0000,0x0000,0x0000,0x0000,0x0000,0x0000,0x0000,
	0x0000,0x0000,0x0000,0x0000,0x0000,0x0000,0x0000,0x0000,

	0x0000,0x0000,0x0000,0x0000,0x0000,0x0000,0x0000,0x0000,
	0x0000,0x0000,0x0000,0x0000,0x0000,0x0000,0x0000,0x0000,
	0x0000,0x0000,0x0000,0x0000,0x0000,0x0000,0x0000,0x0000,
	0x0000,0x0000,0x0000,0x0000,0x0000,0x0000,0x0000,0x0000,
	0x0000,0x0000,0x0000,0x0000,0x0000,0x0000,0x0000,0x0000,
	0x0000,0x0000,0x0000,0x0000,0x0000,0x0000,0x0000,0x0000,
	0x0000,0x0000,0x0000,0x0000,0x0000,0x0000,0x0000,0x0000,
	0x0000,0x0000,0x0000,0x0000,0x0000,0x0000,0x0000,0x0000,

	0x0000,0x0000,0x0000,0x0000,0x0000,0x0000,0x0000,0x0000,
	0x0000,0x0000,0x0000,0x0000,0x0000,0x0000,0x0000,0x0000,
	0x0000,0x0000,0x0000,0x0000,0x0000,0x0000,0x0000,0x0000,
	0x0000,0x0000,0x0000,0x0000,0x0000,0x0000,0x0000,0x0000,
	0x0000,0x0000,0x0000,0x0000,0x0000,0x0000,0x0000,0x0000,
	0x0000,0x0000,0x0000,0x0000,0x0000,0x0000,0x0000,0x0000,
	0x0000,0x0000,0x0000,0x0000,0x0000,0x0000,0x0000,0x0000,
	0x0000,0x0000,0x0000,0x0000,0x0000,0x0000,0x0000,0x0000,

	0x0000,0x0000,0x0000,0x0000,0x0000,0x0000,0x0000,0x0000,
	0x0000,0x0000,0x0000,0x0000,0x0000,0x0000,0x0000,0x0000,
	0x0000,0x0000,0x0000,0x0000,0x0000,0x0000,0x0000,0x0000,
	0x0000,0x0000,0x0000,0x0000,0x0000,0x0000,0x0000,0x0000,
	0x0000,0x0000,0x0000,0x0000,0x0000,0x0000,0x0000,0x0000,
	0x0000,0x0000,0x0000,0x0000,0x0000,0x0000,0x0000,0x0000,
	0x0000,0x0000,0x0000,0x0000,0x0000,0x0000,0x0000,0x0000,
	0x0000,0x0000,0x0000,0x0000,0x0000,0x0000,0x0000,0x0000,

	0x0000,0x0000,0x0000,0x0000,0x0000,0x0000,0x0000,0x0000,
	0x0000,0x0000,0x0000,0x0000,0x0000,0x0000,0x0000,0x0000,
	0x0000,0x0000,0x0000,0x0000,0x0000,0x0000,0x0000,0x0000,
	0x0000,0x0000,0x0000,0x0000,0x0000,0x0000,0x0000,0x0000,
	0x0000,0x0000,0x0000,0x0000,0x0000,0x0000,0x0000,0x0200,
	0x0000,0x0000,0x0000,0x0200,0x0000,0x0000,0x0000,0x0202,
	0x0000,0x0000,0x0000,0x0202,0x0000,0x0000,0x0000,0x0202,
	0x0000,0x0000,0x0200,0x0202,0x0000,0x0000,0x0200,0x0202,

	0x0202,0x0202,0x0502,0x0505,0x0202,0x0202,0x0505,0x0505,
	0x0202,0x0502,0x0505,0x0505,0x0202,0x0502,0x0505,0x0505,
	0x0202,0x0505,0x0505,0x0505,0x0502,0x0505,0x0505,0x0505,
	0x0502,0x0505,0x0505,0x0505,0x0502,0x0505,0x0505,0x0505,
	0x0505,0x0505,0x0505,0x0505,0x0505,0x0505,0x0505,0x0505,
	0x0505,0x0505,0x0505,0x0505,0x0505,0x0505,0x0505,0x0505,
	0x0505,0x0505,0x0505,0x0505,0x0505,0x0505,0x0505,0x0505,
	0x0505,0x0505,0x0505,0x0505,0x0505,0x0505,0x0505,0x0505,

	0x0707,0x0707,0x0707,0x0707,0x0707,0x0707,0x0707,0x0707,
	0x0707,0x0707,0x0707,0x0707,0x0707,0x0707,0x0707,0x0707,
	0x0707,0x0707,0x0707,0x0707,0x0707,0x0707,0x0707,0x0707,
	0x0707,0x0707,0x0707,0x0707,0x0707,0x0707,0x0707,0x0707,
	0x0707,0x0707,0x0707,0x0407,0x0707,0x0707,0x0707,0x0407,
	0x0707,0x0707,0x0707,0x0404,0x0707,0x0707,0x0307,0x0404,
	0x0707,0x0707,0x0403,0x0404,0x0707,0x0707,0x0403,0x0404,
	0x0707,0x0707,0x0407,0x0404,0x0707,0x0307,0x0404,0x0604,

	0x0404,0x0404,0x0606,0x0606,0x0404,0x0604,0x0606,0x0606,
	0x0404,0x0606,0x0606,0x0106,0x0604,0x0606,0x0501,0x0505,
	0x0604,0x0106,0x0505,0x0505,0x0606,0x0106,0x0505,0x0505,
	0x0606,0x0506,0x0505,0x0505,0x0606,0x0606,0x0501,0x0505,
	0x0606,0x0606,0x0106,0x0505,0x0606,0x0106,0x0505,0x0505,
	0x0101,0x0505,0x0505,0x0505,0x0505,0x0505,0x0505,0x0505,
	0x0505,0x0505,0x0505,0x0505,0x0505,0x0505,0x0505,0x0505,
	0x0505,0x0505,0x0505,0x0505,0x0505,0x0505,0x0505,0x0505,

	0x0505,0x0505,0x0505,0x0505,0x0505,0x0505,0x0505,0x0505,
	0x0505,0x0505,0x0505,0x0505,0x0505,0x0505,0x0505,0x0505,
	0x0505,0x0505,0x0505,0x0505,0x0505,0x0505,0x0505,0x0505,
	0x0505,0x0505,0x0505,0x0505,0x0505,0x0505,0x0505,0x0205,
	0x0505,0x0505,0x0505,0x0505,0x0505,0x0505,0x0505,0x0505,
	0x0505,0x0505,0x0505,0x0505,0x0505,0x0505,0x0505,0x0505,
	0x0505,0x0505,0x0505,0x0202,0x0505,0x0505,0x0202,0x0202,
	0x0505,0x0202,0x0202,0x0202,0x0202,0x0202,0x0202,0x0002,

	0x0505,0x0505,0x0505,0x0202,0x0505,0x0505,0x0202,0x0202,
	0x0505,0x0202,0x0202,0x0202,0x0202,0x0202,0x0202,0x0202,
	0x0202,0x0202,0x0002,0x0000,0x0202,0x0002,0x0000,0x0000,
	0x0002,0x0000,0x0000,0x0000,0x0000,0x0000,0x0000,0x0000,
	0x0202,0x0202,0x0202,0x0000,0x0202,0x0202,0x0000,0x0000,
	0x0202,0x0000,0x0000,0x0000,0x0000,0x0000,0x0000,0x0000,
	0x0000,0x0000,0x0000,0x0000,0x0000,0x0000,0x0000,0x0000,
	0x0000,0x0000,0x0000,0x0000,0x0000,0x0000,0x0000,0x0000,

	0x0000,0x0000,0x0000,0x0000,0x0000,0x0000,0x0000,0x0000,
	0x0000,0x0000,0x0000,0x0000,0x0000,0x0000,0x0000,0x0000,
	0x0000,0x0000,0x0000,0x0000,0x0000,0x0000,0x0000,0x0000,
	0x0000,0x0000,0x0000,0x0000,0x0000,0x0000,0x0000,0x0000,
	0x0000,0x0000,0x0000,0x0000,0x0000,0x0000,0x0000,0x0000,
	0x0000,0x0000,0x0000,0x0000,0x0000,0x0000,0x0000,0x0000,
	0x0000,0x0000,0x0000,0x0000,0x0000,0x0000,0x0000,0x0000,
	0x0000,0x0000,0x0000,0x0000,0x0000,0x0000,0x0000,0x0000,

	0x0000,0x0000,0x0000,0x0000,0x0000,0x0000,0x0000,0x0000,
	0x0000,0x0000,0x0000,0x0000,0x0000,0x0000,0x0000,0x0000,
	0x0000,0x0000,0x0000,0x0000,0x0000,0x0000,0x0000,0x0000,
	0x0000,0x0000,0x0000,0x0000,0x0000,0x0000,0x0000,0x0000,
	0x0000,0x0000,0x0000,0x0000,0x0000,0x0000,0x0000,0x0000,
	0x0000,0x0000,0x0000,0x0000,0x0000,0x0000,0x0000,0x0000,
	0x0000,0x0000,0x0000,0x0000,0x0000,0x0000,0x0000,0x0000,
	0x0000,0x0000,0x0000,0x0000,0x0000,0x0000,0x0000,0x0000,

	0x0000,0x0000,0x0000,0x0000,0x0000,0x0000,0x0000,0x0000,
	0x0000,0x0000,0x0000,0x0000,0x0000,0x0000,0x0000,0x0000,
	0x0000,0x0000,0x0000,0x0000,0x0000,0x0000,0x0000,0x0000,
	0x0000,0x0000,0x0000,0x0000,0x0000,0x0000,0x0000,0x0000,
	0x0000,0x0000,0x0000,0x0000,0x0000,0x0000,0x0000,0x0000,
	0x0000,0x0000,0x0000,0x0000,0x0000,0x0000,0x0000,0x0000,
	0x0000,0x0000,0x0000,0x0000,0x0000,0x0000,0x0000,0x0000,
	0x0000,0x0000,0x0000,0x0000,0x0000,0x0000,0x0000,0x0000,

	0x0000,0x0000,0x0000,0x0000,0x0000,0x0000,0x0000,0x0000,
	0x0000,0x0000,0x0000,0x0000,0x0000,0x0000,0x0000,0x0000,
	0x0000,0x0000,0x0000,0x0000,0x0000,0x0000,0x0000,0x0000,
	0x0000,0x0000,0x0000,0x0000,0x0000,0x0000,0x0000,0x0000,
	0x0000,0x0000,0x0000,0x0000,0x0000,0x0000,0x0000,0x0000,
	0x0000,0x0000,0x0000,0x0000,0x0000,0x0000,0x0000,0x0000,
	0x0000,0x0000,0x0000,0x0000,0x0000,0x0000,0x0000,0x0000,
	0x0000,0x0000,0x0000,0x0000,0x0000,0x0000,0x0000,0x0000,

	0x0000,0x0000,0x0000,0x0000,0x0000,0x0000,0x0000,0x0000,
	0x0000,0x0000,0x0000,0x0000,0x0000,0x0000,0x0000,0x0000,
	0x0000,0x0000,0x0000,0x0000,0x0000,0x0000,0x0000,0x0000,
	0x0000,0x0000,0x0000,0x0000,0x0000,0x0000,0x0000,0x0000,
	0x0000,0x0000,0x0000,0x0000,0x0000,0x0000,0x0000,0x0000,
	0x0000,0x0000,0x0000,0x0000,0x0000,0x0000,0x0000,0x0000,
	0x0000,0x0000,0x0000,0x0000,0x0000,0x0000,0x0000,0x0000,
	0x0000,0x0000,0x0000,0x0000,0x0000,0x0000,0x0000,0x0000,

	0x0000,0x0000,0x0000,0x0000,0x0000,0x0000,0x0000,0x0000,
	0x0000,0x0000,0x0000,0x0000,0x0000,0x0000,0x0000,0x0000,
	0x0000,0x0000,0x0000,0x0000,0x0000,0x0000,0x0000,0x0000,
	0x0000,0x0000,0x0000,0x0000,0x0000,0x0000,0x0000,0x0000,
	0x0000,0x0000,0x0000,0x0000,0x0000,0x0000,0x0000,0x0000,
	0x0000,0x0000,0x0000,0x0000,0x0000,0x0000,0x0000,0x0000,
	0x0000,0x0000,0x0000,0x0000,0x0000,0x0000,0x0000,0x0000,
	0x0000,0x0000,0x0000,0x0000,0x0000,0x0000,0x0000,0x0000,

	0x0000,0x0000,0x0000,0x0000,0x0000,0x0000,0x0000,0x0000,
	0x0000,0x0000,0x0000,0x0000,0x0000,0x0000,0x0000,0x0000,
	0x0000,0x0000,0x0000,0x0000,0x0000,0x0000,0x0000,0x0000,
	0x0000,0x0000,0x0000,0x0000,0x0000,0x0000,0x0000,0x0000,
	0x0000,0x0000,0x0000,0x0000,0x0000,0x0000,0x0000,0x0000,
	0x0000,0x0000,0x0000,0x0000,0x0000,0x0000,0x0000,0x0000,
	0x0000,0x0000,0x0000,0x0000,0x0000,0x0000,0x0000,0x0000,
	0x0000,0x0000,0x0000,0x0000,0x0000,0x0000,0x0000,0x0000,

	0x0000,0x0000,0x0000,0x0000,0x0000,0x0000,0x0000,0x0000,
	0x0000,0x0000,0x0000,0x0000,0x0000,0x0000,0x0000,0x0000,
	0x0000,0x0000,0x0000,0x0000,0x0000,0x0000,0x0000,0x0000,
	0x0000,0x0000,0x0000,0x0000,0x0000,0x0000,0x0000,0x0000,
	0x0000,0x0000,0x0000,0x0000,0x0000,0x0000,0x0000,0x0000,
	0x0000,0x0000,0x0000,0x0000,0x0000,0x0000,0x0000,0x0000,
	0x0000,0x0000,0x0000,0x0000,0x0000,0x0000,0x0000,0x0000,
	0x0000,0x0000,0x0000,0x0000,0x0000,0x0000,0x0000,0x0000,

	0x0000,0x0000,0x0000,0x0000,0x0000,0x0000,0x0000,0x0000,
	0x0000,0x0000,0x0000,0x0000,0x0000,0x0000,0x0000,0x0000,
	0x0000,0x0000,0x0000,0x0000,0x0000,0x0000,0x0000,0x0000,
	0x0000,0x0000,0x0000,0x0000,0x0000,0x0000,0x0000,0x0000,
	0x0000,0x0000,0x0000,0x0000,0x0000,0x0000,0x0000,0x0000,
	0x0000,0x0000,0x0000,0x0000,0x0000,0x0000,0x0000,0x0000,
	0x0000,0x0000,0x0000,0x0000,0x0000,0x0000,0x0000,0x0000,
	0x0000,0x0000,0x0000,0x0000,0x0000,0x0000,0x0000,0x0000,

	0x0000,0x0000,0x0000,0x0000,0x0000,0x0000,0x0000,0x0000,
	0x0000,0x0000,0x0000,0x0000,0x0000,0x0000,0x0000,0x0000,
	0x0000,0x0000,0x0000,0x0000,0x0000,0x0000,0x0000,0x0000,
	0x0000,0x0000,0x0000,0x0000,0x0000,0x0000,0x0000,0x0000,
	0x0000,0x0000,0x0000,0x0000,0x0000,0x0000,0x0000,0x0000,
	0x0000,0x0000,0x0000,0x0000,0x0000,0x0000,0x0000,0x0000,
	0x0000,0x0000,0x0000,0x0000,0x0000,0x0000,0x0000,0x0000,
	0x0000,0x0000,0x0000,0x0000,0x0000,0x0000,0x0000,0x0000,

	0x0000,0x0000,0x0000,0x0000,0x0000,0x0000,0x0000,0x0000,
	0x0000,0x0000,0x0000,0x0000,0x0000,0x0000,0x0000,0x0000,
	0x0000,0x0000,0x0000,0x0000,0x0000,0x0000,0x0000,0x0000,
	0x0000,0x0000,0x0000,0x0000,0x0000,0x0000,0x0000,0x0000,
	0x0000,0x0000,0x0000,0x0000,0x0000,0x0000,0x0000,0x0000,
	0x0000,0x0000,0x0000,0x0000,0x0000,0x0000,0x0000,0x0000,
	0x0000,0x0000,0x0000,0x0000,0x0000,0x0000,0x0000,0x0000,
	0x0000,0x0000,0x0000,0x0000,0x0000,0x0000,0x0000,0x0000,

	0x0000,0x0000,0x0000,0x0000,0x0000,0x0000,0x0000,0x0000,
	0x0000,0x0000,0x0000,0x0000,0x0000,0x0000,0x0000,0x0000,
	0x0000,0x0000,0x0000,0x0000,0x0000,0x0000,0x0000,0x0000,
	0x0000,0x0000,0x0000,0x0000,0x0000,0x0000,0x0000,0x0000,
	0x0000,0x0000,0x0000,0x0000,0x0000,0x0000,0x0000,0x0000,
	0x0000,0x0000,0x0000,0x0000,0x0000,0x0000,0x0000,0x0000,
	0x0000,0x0000,0x0000,0x0000,0x0000,0x0000,0x0000,0x0000,
	0x0000,0x0000,0x0000,0x0000,0x0000,0x0000,0x0000,0x0000,

	0x0000,0x0000,0x0000,0x0000,0x0000,0x0000,0x0000,0x0000,
	0x0000,0x0000,0x0000,0x0000,0x0000,0x0000,0x0000,0x0000,
	0x0000,0x0000,0x0000,0x0000,0x0000,0x0000,0x0000,0x0000,
	0x0000,0x0000,0x0000,0x0000,0x0000,0x0000,0x0000,0x0000,
	0x0000,0x0000,0x0000,0x0000,0x0000,0x0000,0x0000,0x0000,
	0x0000,0x0000,0x0000,0x0000,0x0000,0x0000,0x0000,0x0000,
	0x0000,0x0000,0x0000,0x0000,0x0000,0x0000,0x0000,0x0000,
	0x0000,0x0000,0x0000,0x0000,0x0000,0x0000,0x0000,0x0000,

	0x0000,0x0000,0x0000,0x0000,0x0000,0x0000,0x0000,0x0000,
	0x0000,0x0000,0x0000,0x0000,0x0000,0x0000,0x0000,0x0000,
	0x0000,0x0000,0x0000,0x0000,0x0000,0x0000,0x0000,0x0000,
	0x0000,0x0000,0x0000,0x0000,0x0000,0x0000,0x0000,0x0000,
	0x0000,0x0000,0x0000,0x0000,0x0000,0x0000,0x0000,0x0000,
	0x0000,0x0000,0x0000,0x0000,0x0000,0x0000,0x0000,0x0000,
	0x0000,0x0000,0x0000,0x0000,0x0000,0x0000,0x0000,0x0000,
	0x0000,0x0000,0x0000,0x0000,0x0000,0x0000,0x0000,0x0000,

	0x0000,0x0000,0x0000,0x0000,0x0000,0x0000,0x0000,0x0000,
	0x0000,0x0000,0x0000,0x0000,0x0000,0x0000,0x0000,0x0000,
	0x0000,0x0000,0x0000,0x0000,0x0000,0x0000,0x0000,0x0000,
	0x0000,0x0000,0x0000,0x0000,0x0000,0x0000,0x0000,0x0000,
	0x0000,0x0000,0x0000,0x0000,0x0000,0x0000,0x0000,0x0000,
	0x0000,0x0000,0x0000,0x0000,0x0000,0x0000,0x0000,0x0000,
	0x0000,0x0000,0x0000,0x0000,0x0000,0x0000,0x0000,0x0000,
	0x0000,0x0000,0x0000,0x0000,0x0000,0x0000,0x0000,0x0000,

	0x0000,0x0000,0x0000,0x0000,0x0000,0x0000,0x0000,0x0000,
	0x0000,0x0000,0x0000,0x0000,0x0000,0x0000,0x0000,0x0000,
	0x0000,0x0000,0x0000,0x0000,0x0000,0x0000,0x0000,0x0000,
	0x0000,0x0000,0x0000,0x0000,0x0000,0x0000,0x0000,0x0000,
	0x0000,0x0000,0x0000,0x0000,0x0000,0x0000,0x0000,0x0000,
	0x0000,0x0000,0x0000,0x0000,0x0000,0x0000,0x0000,0x0000,
	0x0000,0x0000,0x0000,0x0000,0x0000,0x0000,0x0000,0x0000,
	0x0000,0x0000,0x0000,0x0000,0x0000,0x0000,0x0000,0x0000,

	0x0000,0x0000,0x0000,0x0000,0x0000,0x0000,0x0000,0x0000,
	0x0000,0x0000,0x0000,0x0000,0x0000,0x0000,0x0000,0x0000,
	0x0000,0x0000,0x0000,0x0000,0x0000,0x0000,0x0000,0x0000,
	0x0000,0x0000,0x0000,0x0000,0x0000,0x0000,0x0000,0x0000,
	0x0000,0x0000,0x0000,0x0000,0x0000,0x0000,0x0000,0x0000,
	0x0000,0x0000,0x0000,0x0000,0x0000,0x0000,0x0000,0x0000,
	0x0000,0x0000,0x0000,0x0000,0x0000,0x0000,0x0000,0x0000,
	0x0000,0x0000,0x0000,0x0000,0x0000,0x0000,0x0000,0x0000,

	0x0000,0x0000,0x0000,0x0000,0x0000,0x0000,0x0000,0x0000,
	0x0000,0x0000,0x0000,0x0000,0x0000,0x0000,0x0000,0x0000,
	0x0000,0x0000,0x0000,0x0000,0x0000,0x0000,0x0000,0x0000,
	0x0000,0x0000,0x0000,0x0000,0x0000,0x0000,0x0000,0x0000,
	0x0000,0x0000,0x0000,0x0000,0x0000,0x0000,0x0000,0x0000,
	0x0000,0x0000,0x0000,0x0000,0x0000,0x0000,0x0000,0x0000,
	0x0000,0x0000,0x0000,0x0000,0x0000,0x0000,0x0000,0x0000,
	0x0000,0x0000,0x0000,0x0000,0x0000,0x0000,0x0000,0x0000,

	0x0000,0x0000,0x0000,0x0000,0x0000,0x0000,0x0000,0x0000,
	0x0000,0x0000,0x0000,0x0000,0x0000,0x0000,0x0000,0x0000,
	0x0000,0x0000,0x0000,0x0000,0x0000,0x0000,0x0000,0x0000,
	0x0000,0x0000,0x0000,0x0000,0x0000,0x0000,0x0000,0x0000,
	0x0000,0x0000,0x0000,0x0000,0x0000,0x0000,0x0000,0x0000,
	0x0000,0x0000,0x0000,0x0000,0x0000,0x0000,0x0000,0x0000,
	0x0000,0x0000,0x0000,0x0000,0x0000,0x0000,0x0000,0x0000,
	0x0000,0x0000,0x0000,0x0000,0x0000,0x0000,0x0000,0x0000,

	0x0000,0x0000,0x0000,0x0000,0x0000,0x0000,0x0000,0x0000,
	0x0000,0x0000,0x0000,0x0000,0x0000,0x0000,0x0000,0x0000,
	0x0000,0x0000,0x0000,0x0000,0x0000,0x0000,0x0000,0x0000,
	0x0000,0x0000,0x0000,0x0000,0x0000,0x0000,0x0000,0x0000,
	0x0000,0x0000,0x0000,0x0000,0x0000,0x0000,0x0000,0x0000,
	0x0000,0x0000,0x0000,0x0000,0x0000,0x0000,0x0000,0x0000,
	0x0000,0x0000,0x0000,0x0000,0x0000,0x0000,0x0000,0x0000,
	0x0000,0x0000,0x0000,0x0000,0x0000,0x0000,0x0000,0x0000,

	0x0000,0x0000,0x0000,0x0000,0x0000,0x0000,0x0000,0x0000,
	0x0000,0x0000,0x0000,0x0000,0x0000,0x0000,0x0000,0x0000,
	0x0000,0x0000,0x0000,0x0000,0x0000,0x0000,0x0000,0x0000,
	0x0000,0x0000,0x0000,0x0000,0x0000,0x0000,0x0000,0x0000,
	0x0000,0x0000,0x0000,0x0000,0x0000,0x0000,0x0000,0x0000,
	0x0000,0x0000,0x0000,0x0000,0x0000,0x0000,0x0000,0x0000,
	0x0000,0x0000,0x0000,0x0000,0x0000,0x0000,0x0000,0x0000,
	0x0000,0x0000,0x0000,0x0000,0x0000,0x0000,0x0000,0x0000,

	0x0000,0x0000,0x0000,0x0000,0x0000,0x0000,0x0000,0x0000,
	0x0000,0x0000,0x0000,0x0000,0x0000,0x0000,0x0000,0x0000,
	0x0000,0x0000,0x0000,0x0000,0x0000,0x0000,0x0000,0x0000,
	0x0000,0x0000,0x0000,0x0000,0x0000,0x0000,0x0000,0x0000,
	0x0000,0x0000,0x0000,0x0000,0x0000,0x0000,0x0000,0x0000,
	0x0000,0x0000,0x0000,0x0000,0x0000,0x0000,0x0000,0x0000,
	0x0000,0x0000,0x0000,0x0000,0x0000,0x0000,0x0000,0x0000,
	0x0000,0x0000,0x0000,0x0000,0x0000,0x0000,0x0000,0x0000,

	0x0000,0x0000,0x0000,0x0000,0x0000,0x0000,0x0000,0x0000,
	0x0000,0x0000,0x0000,0x0000,0x0000,0x0000,0x0000,0x0000,
	0x0000,0x0000,0x0000,0x0000,0x0000,0x0000,0x0000,0x0000,
	0x0000,0x0000,0x0000,0x0000,0x0000,0x0000,0x0000,0x0000,
	0x0000,0x0000,0x0000,0x0000,0x0000,0x0000,0x0000,0x0000,
	0x0000,0x0000,0x0000,0x0000,0x0000,0x0000,0x0000,0x0000,
	0x0000,0x0000,0x0000,0x0000,0x0000,0x0000,0x0000,0x0000,
	0x0000,0x0000,0x0000,0x0000,0x0000,0x0000,0x0000,0x0000,

	0x0000,0x0000,0x0000,0x0000,0x0000,0x0000,0x0000,0x0000,
	0x0000,0x0000,0x0000,0x0000,0x0000,0x0000,0x0000,0x0000,
	0x0000,0x0000,0x0000,0x0000,0x0000,0x0000,0x0000,0x0000,
	0x0000,0x0000,0x0000,0x0000,0x0000,0x0000,0x0000,0x0000,
	0x0000,0x0000,0x0000,0x0000,0x0000,0x0000,0x0000,0x0000,
	0x0000,0x0000,0x0000,0x0000,0x0000,0x0000,0x0000,0x0000,
	0x0000,0x0000,0x0000,0x0000,0x0000,0x0000,0x0000,0x0000,
	0x0000,0x0000,0x0000,0x0000,0x0000,0x0000,0x0000,0x0000,

	0x0000,0x0000,0x0000,0x0000,0x0000,0x0000,0x0000,0x0000,
	0x0000,0x0000,0x0000,0x0000,0x0000,0x0000,0x0000,0x0000,
	0x0000,0x0000,0x0000,0x0000,0x0000,0x0000,0x0000,0x0000,
	0x0000,0x0000,0x0000,0x0000,0x0000,0x0000,0x0000,0x0000,
	0x0000,0x0000,0x0000,0x0000,0x0000,0x0000,0x0000,0x0000,
	0x0000,0x0000,0x0000,0x0000,0x0000,0x0000,0x0000,0x0000,
	0x0000,0x0000,0x0000,0x0000,0x0000,0x0000,0x0000,0x0000,
	0x0000,0x0000,0x0000,0x0000,0x0000,0x0000,0x0000,0x0000,

	0x0000,0x0000,0x0000,0x0000,0x0000,0x0000,0x0000,0x0000,
	0x0000,0x0000,0x0000,0x0000,0x0000,0x0000,0x0000,0x0000,
	0x0000,0x0000,0x0000,0x0000,0x0000,0x0000,0x0000,0x0000,
	0x0000,0x0000,0x0000,0x0000,0x0000,0x0000,0x0000,0x0000,
	0x0000,0x0000,0x0000,0x0000,0x0000,0x0000,0x0000,0x0000,
	0x0000,0x0000,0x0000,0x0000,0x0000,0x0000,0x0000,0x0000,
	0x0000,0x0000,0x0000,0x0000,0x0000,0x0000,0x0000,0x0000,
	0x0000,0x0000,0x0000,0x0000,0x0000,0x0000,0x0000,0x0000,

	0x0000,0x0000,0x0000,0x0000,0x0000,0x0000,0x0000,0x0000,
	0x0000,0x0000,0x0000,0x0000,0x0000,0x0000,0x0000,0x0000,
	0x0000,0x0000,0x0000,0x0000,0x0000,0x0000,0x0000,0x0000,
	0x0000,0x0000,0x0000,0x0000,0x0000,0x0000,0x0000,0x0000,
	0x0000,0x0000,0x0200,0x0202,0x0000,0x0000,0x0200,0x0202,
	0x0000,0x0000,0x0200,0x0202,0x0000,0x0000,0x0202,0x0202,
	0x0000,0x0000,0x0202,0x0502,0x0000,0x0000,0x0202,0x0502,
	0x0000,0x0000,0x0202,0x0502,0x0000,0x0000,0x0202,0x0502,

	0x0505,0x0505,0x0505,0x0505,0x0505,0x0505,0x0505,0x0505,
	0x0505,0x0505,0x0505,0x0505,0x0505,0x0505,0x0505,0x0505,
	0x0505,0x0505,0x0505,0x0505,0x0505,0x0505,0x0505,0x0505,
	0x0505,0x0505,0x0505,0x0505,0x0505,0x0505,0x0505,0x0505,
	0x0505,0x0505,0x0505,0x0505,0x0505,0x0505,0x0505,0x0505,
	0x0505,0x0505,0x0505,0x0505,0x0505,0x0505,0x0505,0x0505,
	0x0505,0x0505,0x0505,0x0505,0x0505,0x0505,0x0505,0x0505,
	0x0505,0x0505,0x0505,0x0505,0x0505,0x0505,0x0505,0x0505,

	0x0707,0x0707,0x0707,0x0707,0x0707,0x0707,0x0707,0x0707,
	0x0707,0x0707,0x0707,0x0707,0x0707,0x0707,0x0707,0x0707,
	0x0707,0x0707,0x0707,0x0707,0x0707,0x0707,0x0707,0x0707,
	0x0707,0x0707,0x0707,0x0707,0x0707,0x0707,0x0707,0x0707,
	0x0707,0x0403,0x0404,0x0604,0x0707,0x0404,0x0404,0x0604,
	0x0307,0x0404,0x0404,0x0606,0x0407,0x0404,0x0404,0x0606,
	0x0407,0x0404,0x0404,0x0606,0x0403,0x0404,0x0604,0x0606,
	0x0404,0x0404,0x0604,0x0606,0x0404,0x0404,0x0604,0x0606,

	0x0606,0x0606,0x0606,0x0501,0x0606,0x0606,0x0606,0x0106,
	0x0606,0x0606,0x0606,0x0606,0x0606,0x0606,0x0606,0x0606,
	0x0606,0x0606,0x0606,0x0606,0x0606,0x0606,0x0606,0x0606,
	0x0606,0x0606,0x0606,0x0606,0x0606,0x0606,0x0606,0x0606,
	0x0505,0x0505,0x0505,0x0505,0x0505,0x0505,0x0505,0x0505,
	0x0501,0x0505,0x0505,0x0505,0x0106,0x0505,0x0505,0x0205,
	0x0106,0x0505,0x0205,0x0202,0x0106,0x0501,0x0202,0x0202,
	0x0606,0x0501,0x0202,0x0202,0x0106,0x0505,0x0202,0x0000,

	0x0505,0x0505,0x0205,0x0202,0x0505,0x0205,0x0202,0x0202,
	0x0205,0x0202,0x0202,0x0202,0x0202,0x0202,0x0202,0x0000,
	0x0202,0x0202,0x0000,0x0000,0x0202,0x0000,0x0000,0x0000,
	0x0000,0x0000,0x0000,0x0000,0x0000,0x0000,0x0000,0x0000,
	0x0202,0x0202,0x0002,0x0000,0x0202,0x0002,0x0000,0x0000,
	0x0000,0x0000,0x0000,0x0000,0x0000,0x0000,0x0000,0x0000,
	0x0000,0x0000,0x0000,0x0000,0x0000,0x0000,0x0000,0x0000,
	0x0000,0x0000,0x0000,0x0000,0x0000,0x0000,0x0000,0x0000,

	0x0000,0x0000,0x0000,0x0000,0x0000,0x0000,0x0000,0x0000,
	0x0000,0x0000,0x0000,0x0000,0x0000,0x0000,0x0000,0x0000,
	0x0000,0x0000,0x0000,0x0000,0x0000,0x0000,0x0000,0x0000,
	0x0000,0x0000,0x0000,0x0000,0x0000,0x0000,0x0000,0x0000,
	0x0000,0x0000,0x0000,0x0000,0x0000,0x0000,0x0000,0x0000,
	0x0000,0x0000,0x0000,0x0000,0x0000,0x0000,0x0000,0x0000,
	0x0000,0x0000,0x0000,0x0000,0x0000,0x0000,0x0000,0x0000,
	0x0000,0x0000,0x0000,0x0000,0x0000,0x0000,0x0000,0x0000,

	0x0000,0x0000,0x0000,0x0000,0x0000,0x0000,0x0000,0x0000,
	0x0000,0x0000,0x0000,0x0000,0x0000,0x0000,0x0000,0x0000,
	0x0000,0x0000,0x0000,0x0000,0x0000,0x0000,0x0000,0x0000,
	0x0000,0x0000,0x0000,0x0000,0x0000,0x0000,0x0000,0x0000,
	0x0000,0x0000,0x0000,0x0000,0x0000,0x0000,0x0000,0x0000,
	0x0000,0x0000,0x0000,0x0000,0x0000,0x0000,0x0000,0x0000,
	0x0000,0x0000,0x0000,0x0000,0x0000,0x0000,0x0000,0x0000,
	0x0000,0x0000,0x0000,0x0000,0x0000,0x0000,0x0000,0x0000,

	0x0000,0x0000,0x0000,0x0000,0x0000,0x0000,0x0000,0x0000,
	0x0000,0x0000,0x0000,0x0000,0x0000,0x0000,0x0000,0x0000,
	0x0000,0x0000,0x0000,0x0000,0x0000,0x0000,0x0000,0x0000,
	0x0000,0x0000,0x0000,0x0000,0x0000,0x0000,0x0000,0x0000,
	0x0000,0x0000,0x0000,0x0000,0x0000,0x0000,0x0000,0x0000,
	0x0000,0x0000,0x0000,0x0000,0x0000,0x0000,0x0000,0x0000,
	0x0000,0x0000,0x0000,0x0000,0x0000,0x0000,0x0000,0x0000,
	0x0000,0x0000,0x0000,0x0000,0x0000,0x0000,0x0000,0x0000,

	0x0000,0x0000,0x0000,0x0000,0x0000,0x0000,0x0000,0x0000,
	0x0000,0x0000,0x0000,0x0000,0x0000,0x0000,0x0000,0x0000,
	0x0000,0x0000,0x0000,0x0000,0x0000,0x0000,0x0000,0x0000,
	0x0000,0x0000,0x0000,0x0000,0x0000,0x0000,0x0000,0x0000,
	0x0000,0x0000,0x0000,0x0000,0x0000,0x0000,0x0000,0x0000,
	0x0000,0x0000,0x0000,0x0000,0x0000,0x0000,0x0000,0x0000,
	0x0000,0x0000,0x0000,0x0000,0x0000,0x0000,0x0000,0x0000,
	0x0000,0x0000,0x0000,0x0000,0x0000,0x0000,0x0000,0x0000,

	0x0000,0x0000,0x0000,0x0000,0x0000,0x0000,0x0000,0x0000,
	0x0000,0x0000,0x0000,0x0000,0x0000,0x0000,0x0000,0x0000,
	0x0000,0x0000,0x0000,0x0000,0x0000,0x0000,0x0000,0x0000,
	0x0000,0x0000,0x0000,0x0000,0x0000,0x0000,0x0000,0x0000,
	0x0000,0x0000,0x0000,0x0000,0x0000,0x0000,0x0000,0x0000,
	0x0000,0x0000,0x0000,0x0000,0x0000,0x0000,0x0000,0x0000,
	0x0000,0x0000,0x0000,0x0000,0x0000,0x0000,0x0000,0x0000,
	0x0000,0x0000,0x0000,0x0000,0x0000,0x0000,0x0000,0x0000,

	0x0000,0x0000,0x0000,0x0000,0x0000,0x0000,0x0000,0x0000,
	0x0000,0x0000,0x0000,0x0000,0x0000,0x0000,0x0000,0x0000,
	0x0000,0x0000,0x0000,0x0000,0x0000,0x0000,0x0000,0x0000,
	0x0000,0x0000,0x0000,0x0000,0x0000,0x0000,0x0000,0x0000,
	0x0000,0x0000,0x0000,0x0000,0x0000,0x0000,0x0000,0x0000,
	0x0000,0x0000,0x0000,0x0000,0x0000,0x0000,0x0000,0x0000,
	0x0000,0x0000,0x0000,0x0000,0x0000,0x0000,0x0000,0x0000,
	0x0000,0x0000,0x0000,0x0000,0x0000,0x0000,0x0000,0x0000,

	0x0000,0x0000,0x0000,0x0000,0x0000,0x0000,0x0000,0x0000,
	0x0000,0x0000,0x0000,0x0000,0x0000,0x0000,0x0000,0x0000,
	0x0000,0x0000,0x0000,0x0000,0x0000,0x0000,0x0000,0x0000,
	0x0000,0x0000,0x0000,0x0000,0x0000,0x0000,0x0000,0x0000,
	0x0000,0x0000,0x0000,0x0000,0x0000,0x0000,0x0000,0x0000,
	0x0000,0x0000,0x0000,0x0000,0x0000,0x0000,0x0000,0x0000,
	0x0000,0x0000,0x0000,0x0000,0x0000,0x0000,0x0000,0x0000,
	0x0000,0x0000,0x0000,0x0000,0x0000,0x0000,0x0000,0x0000,

	0x0000,0x0000,0x0000,0x0000,0x0000,0x0000,0x0000,0x0000,
	0x0000,0x0000,0x0000,0x0000,0x0000,0x0000,0x0000,0x0000,
	0x0000,0x0000,0x0000,0x0000,0x0000,0x0000,0x0000,0x0000,
	0x0000,0x0000,0x0000,0x0000,0x0000,0x0000,0x0000,0x0000,
	0x0000,0x0000,0x0000,0x0000,0x0000,0x0000,0x0000,0x0000,
	0x0000,0x0000,0x0000,0x0000,0x0000,0x0000,0x0000,0x0000,
	0x0000,0x0000,0x0000,0x0000,0x0000,0x0000,0x0000,0x0000,
	0x0000,0x0000,0x0000,0x0000,0x0000,0x0000,0x0000,0x0000,

	0x0000,0x0000,0x0000,0x0000,0x0000,0x0000,0x0000,0x0000,
	0x0000,0x0000,0x0000,0x0000,0x0000,0x0000,0x0000,0x0000,
	0x0000,0x0000,0x0000,0x0000,0x0000,0x0000,0x0000,0x0000,
	0x0000,0x0000,0x0000,0x0000,0x0000,0x0000,0x0000,0x0000,
	0x0000,0x0000,0x0000,0x0000,0x0000,0x0000,0x0000,0x0000,
	0x0000,0x0000,0x0000,0x0000,0x0000,0x0000,0x0000,0x0000,
	0x0000,0x0000,0x0000,0x0000,0x0000,0x0000,0x0000,0x0000,
	0x0000,0x0000,0x0000,0x0000,0x0000,0x0000,0x0000,0x0000,

	0x0000,0x0000,0x0000,0x0000,0x0000,0x0000,0x0000,0x0000,
	0x0000,0x0000,0x0000,0x0000,0x0000,0x0000,0x0000,0x0000,
	0x0000,0x0000,0x0000,0x0000,0x0000,0x0000,0x0000,0x0000,
	0x0000,0x0000,0x0000,0x0000,0x0000,0x0000,0x0000,0x0000,
	0x0000,0x0000,0x0000,0x0000,0x0000,0x0000,0x0000,0x0000,
	0x0000,0x0000,0x0000,0x0000,0x0000,0x0000,0x0000,0x0000,
	0x0000,0x0000,0x0000,0x0000,0x0000,0x0000,0x0000,0x0000,
	0x0000,0x0000,0x0000,0x0000,0x0000,0x0000,0x0000,0x0000,

	0x0000,0x0000,0x0000,0x0000,0x0000,0x0000,0x0000,0x0000,
	0x0000,0x0000,0x0000,0x0000,0x0000,0x0000,0x0000,0x0000,
	0x0000,0x0000,0x0000,0x0000,0x0000,0x0000,0x0000,0x0000,
	0x0000,0x0000,0x0000,0x0000,0x0000,0x0000,0x0000,0x0000,
	0x0000,0x0000,0x0000,0x0000,0x0000,0x0000,0x0000,0x0000,
	0x0000,0x0000,0x0000,0x0000,0x0000,0x0000,0x0000,0x0000,
	0x0000,0x0000,0x0000,0x0000,0x0000,0x0000,0x0000,0x0000,
	0x0000,0x0000,0x0000,0x0000,0x0000,0x0000,0x0000,0x0000,

	0x0000,0x0000,0x0000,0x0000,0x0000,0x0000,0x0000,0x0000,
	0x0000,0x0000,0x0000,0x0000,0x0000,0x0000,0x0000,0x0000,
	0x0000,0x0000,0x0000,0x0000,0x0000,0x0000,0x0000,0x0000,
	0x0000,0x0000,0x0000,0x0000,0x0000,0x0000,0x0000,0x0000,
	0x0000,0x0000,0x0000,0x0000,0x0000,0x0000,0x0000,0x0000,
	0x0000,0x0000,0x0000,0x0000,0x0000,0x0000,0x0000,0x0000,
	0x0000,0x0000,0x0000,0x0000,0x0000,0x0000,0x0000,0x0000,
	0x0000,0x0000,0x0000,0x0000,0x0000,0x0000,0x0000,0x0000,

	0x0000,0x0000,0x0000,0x0000,0x0000,0x0000,0x0000,0x0000,
	0x0000,0x0000,0x0000,0x0000,0x0000,0x0000,0x0000,0x0000,
	0x0000,0x0000,0x0000,0x0000,0x0000,0x0000,0x0000,0x0000,
	0x0000,0x0000,0x0000,0x0000,0x0000,0x0000,0x0000,0x0000,
	0x0000,0x0000,0x0000,0x0000,0x0000,0x0000,0x0000,0x0000,
	0x0000,0x0000,0x0000,0x0000,0x0000,0x0000,0x0000,0x0000,
	0x0000,0x0000,0x0000,0x0000,0x0000,0x0000,0x0000,0x0000,
	0x0000,0x0000,0x0000,0x0000,0x0000,0x0000,0x0000,0x0000,

	0x0000,0x0000,0x0000,0x0000,0x0000,0x0000,0x0000,0x0000,
	0x0000,0x0000,0x0000,0x0000,0x0000,0x0000,0x0000,0x0000,
	0x0000,0x0000,0x0000,0x0000,0x0000,0x0000,0x0000,0x0000,
	0x0000,0x0000,0x0000,0x0000,0x0000,0x0000,0x0000,0x0000,
	0x0000,0x0000,0x0000,0x0000,0x0000,0x0000,0x0000,0x0000,
	0x0000,0x0000,0x0000,0x0000,0x0000,0x0000,0x0000,0x0000,
	0x0000,0x0000,0x0000,0x0000,0x0000,0x0000,0x0000,0x0000,
	0x0000,0x0000,0x0000,0x0000,0x0000,0x0000,0x0000,0x0000,

	0x0000,0x0000,0x0000,0x0000,0x0000,0x0000,0x0000,0x0000,
	0x0000,0x0000,0x0000,0x0000,0x0000,0x0000,0x0000,0x0000,
	0x0000,0x0000,0x0000,0x0000,0x0000,0x0000,0x0000,0x0000,
	0x0000,0x0000,0x0000,0x0000,0x0000,0x0000,0x0000,0x0000,
	0x0000,0x0000,0x0000,0x0000,0x0000,0x0000,0x0000,0x0000,
	0x0000,0x0000,0x0000,0x0000,0x0000,0x0000,0x0000,0x0000,
	0x0000,0x0000,0x0000,0x0000,0x0000,0x0000,0x0000,0x0000,
	0x0000,0x0000,0x0000,0x0000,0x0000,0x0000,0x0000,0x0000,

	0x0000,0x0000,0x0000,0x0000,0x0000,0x0000,0x0000,0x0000,
	0x0000,0x0000,0x0000,0x0000,0x0000,0x0000,0x0000,0x0000,
	0x0000,0x0000,0x0000,0x0000,0x0000,0x0000,0x0000,0x0000,
	0x0000,0x0000,0x0000,0x0000,0x0000,0x0000,0x0000,0x0000,
	0x0000,0x0000,0x0000,0x0000,0x0000,0x0000,0x0000,0x0000,
	0x0000,0x0000,0x0000,0x0000,0x0000,0x0000,0x0000,0x0000,
	0x0000,0x0000,0x0000,0x0000,0x0000,0x0000,0x0000,0x0000,
	0x0000,0x0000,0x0000,0x0000,0x0000,0x0000,0x0000,0x0000,

	0x0000,0x0000,0x0000,0x0000,0x0000,0x0000,0x0000,0x0000,
	0x0000,0x0000,0x0000,0x0000,0x0000,0x0000,0x0000,0x0000,
	0x0000,0x0000,0x0000,0x0000,0x0000,0x0000,0x0000,0x0000,
	0x0000,0x0000,0x0000,0x0000,0x0000,0x0000,0x0000,0x0000,
	0x0000,0x0000,0x0000,0x0000,0x0000,0x0000,0x0000,0x0000,
	0x0000,0x0000,0x0000,0x0000,0x0000,0x0000,0x0000,0x0000,
	0x0000,0x0000,0x0000,0x0000,0x0000,0x0000,0x0000,0x0000,
	0x0000,0x0000,0x0000,0x0000,0x0000,0x0000,0x0000,0x0000,

	0x0000,0x0000,0x0000,0x0000,0x0000,0x0000,0x0000,0x0000,
	0x0000,0x0000,0x0000,0x0000,0x0000,0x0000,0x0000,0x0000,
	0x0000,0x0000,0x0000,0x0000,0x0000,0x0000,0x0000,0x0000,
	0x0000,0x0000,0x0000,0x0000,0x0000,0x0000,0x0000,0x0000,
	0x0000,0x0000,0x0000,0x0000,0x0000,0x0000,0x0000,0x0000,
	0x0000,0x0000,0x0000,0x0000,0x0000,0x0000,0x0000,0x0000,
	0x0000,0x0000,0x0000,0x0000,0x0000,0x0000,0x0000,0x0000,
	0x0000,0x0000,0x0000,0x0000,0x0000,0x0000,0x0000,0x0000,

	0x0000,0x0000,0x0000,0x0000,0x0000,0x0000,0x0000,0x0000,
	0x0000,0x0000,0x0000,0x0000,0x0000,0x0000,0x0000,0x0000,
	0x0000,0x0000,0x0000,0x0000,0x0000,0x0000,0x0000,0x0000,
	0x0000,0x0000,0x0000,0x0000,0x0000,0x0000,0x0000,0x0000,
	0x0000,0x0000,0x0000,0x0000,0x0000,0x0000,0x0000,0x0000,
	0x0000,0x0000,0x0000,0x0000,0x0000,0x0000,0x0000,0x0000,
	0x0000,0x0000,0x0000,0x0000,0x0000,0x0000,0x0000,0x0000,
	0x0000,0x0000,0x0000,0x0000,0x0000,0x0000,0x0000,0x0000,

	0x0000,0x0000,0x0000,0x0000,0x0000,0x0000,0x0000,0x0000,
	0x0000,0x0000,0x0000,0x0000,0x0000,0x0000,0x0000,0x0000,
	0x0000,0x0000,0x0000,0x0000,0x0000,0x0000,0x0000,0x0000,
	0x0000,0x0000,0x0000,0x0000,0x0000,0x0000,0x0000,0x0000,
	0x0000,0x0000,0x0000,0x0000,0x0000,0x0000,0x0000,0x0000,
	0x0000,0x0000,0x0000,0x0000,0x0000,0x0000,0x0000,0x0000,
	0x0000,0x0000,0x0000,0x0000,0x0000,0x0000,0x0000,0x0000,
	0x0000,0x0000,0x0000,0x0000,0x0000,0x0000,0x0000,0x0000,

	0x0000,0x0000,0x0000,0x0000,0x0000,0x0000,0x0000,0x0000,
	0x0000,0x0000,0x0000,0x0000,0x0000,0x0000,0x0000,0x0000,
	0x0000,0x0000,0x0000,0x0000,0x0000,0x0000,0x0000,0x0000,
	0x0000,0x0000,0x0000,0x0000,0x0000,0x0000,0x0000,0x0000,
	0x0000,0x0000,0x0000,0x0000,0x0000,0x0000,0x0000,0x0000,
	0x0000,0x0000,0x0000,0x0000,0x0000,0x0000,0x0000,0x0000,
	0x0000,0x0000,0x0000,0x0000,0x0000,0x0000,0x0000,0x0000,
	0x0000,0x0000,0x0000,0x0000,0x0000,0x0000,0x0000,0x0000,

	0x0000,0x0000,0x0000,0x0000,0x0000,0x0000,0x0000,0x0000,
	0x0000,0x0000,0x0000,0x0000,0x0000,0x0000,0x0000,0x0000,
	0x0000,0x0000,0x0000,0x0000,0x0000,0x0000,0x0000,0x0000,
	0x0000,0x0000,0x0000,0x0000,0x0000,0x0000,0x0000,0x0000,
	0x0000,0x0000,0x0000,0x0000,0x0000,0x0000,0x0000,0x0000,
	0x0000,0x0000,0x0000,0x0000,0x0000,0x0000,0x0000,0x0000,
	0x0000,0x0000,0x0000,0x0000,0x0000,0x0000,0x0000,0x0000,
	0x0000,0x0000,0x0000,0x0000,0x0000,0x0000,0x0000,0x0000,

	0x0000,0x0000,0x0000,0x0000,0x0000,0x0000,0x0000,0x0000,
	0x0000,0x0000,0x0000,0x0000,0x0000,0x0000,0x0000,0x0000,
	0x0000,0x0000,0x0000,0x0000,0x0000,0x0000,0x0000,0x0000,
	0x0000,0x0000,0x0000,0x0000,0x0000,0x0000,0x0000,0x0000,
	0x0000,0x0000,0x0000,0x0000,0x0000,0x0000,0x0000,0x0000,
	0x0000,0x0000,0x0000,0x0000,0x0000,0x0000,0x0000,0x0000,
	0x0000,0x0000,0x0000,0x0000,0x0000,0x0000,0x0000,0x0000,
	0x0000,0x0000,0x0000,0x0000,0x0000,0x0000,0x0000,0x0000,

	0x0000,0x0000,0x0000,0x0000,0x0000,0x0000,0x0000,0x0000,
	0x0000,0x0000,0x0000,0x0000,0x0000,0x0000,0x0000,0x0000,
	0x0000,0x0000,0x0000,0x0000,0x0000,0x0000,0x0000,0x0000,
	0x0000,0x0000,0x0000,0x0000,0x0000,0x0000,0x0000,0x0000,
	0x0000,0x0000,0x0000,0x0000,0x0000,0x0000,0x0000,0x0000,
	0x0000,0x0000,0x0000,0x0000,0x0000,0x0000,0x0000,0x0000,
	0x0000,0x0000,0x0000,0x0000,0x0000,0x0000,0x0000,0x0000,
	0x0000,0x0000,0x0000,0x0000,0x0000,0x0000,0x0000,0x0000,

	0x0000,0x0000,0x0000,0x0000,0x0000,0x0000,0x0000,0x0000,
	0x0000,0x0000,0x0000,0x0000,0x0000,0x0000,0x0000,0x0000,
	0x0000,0x0000,0x0000,0x0000,0x0000,0x0000,0x0000,0x0000,
	0x0000,0x0000,0x0000,0x0000,0x0000,0x0000,0x0000,0x0000,
	0x0000,0x0000,0x0000,0x0000,0x0000,0x0000,0x0000,0x0000,
	0x0000,0x0000,0x0000,0x0000,0x0000,0x0000,0x0000,0x0000,
	0x0000,0x0000,0x0000,0x0000,0x0000,0x0000,0x0000,0x0000,
	0x0000,0x0000,0x0000,0x0000,0x0000,0x0000,0x0000,0x0000,

	0x0000,0x0000,0x0000,0x0000,0x0000,0x0000,0x0000,0x0000,
	0x0000,0x0000,0x0000,0x0000,0x0000,0x0000,0x0000,0x0000,
	0x0000,0x0000,0x0000,0x0000,0x0000,0x0000,0x0000,0x0000,
	0x0000,0x0000,0x0000,0x0000,0x0000,0x0000,0x0000,0x0000,
	0x0000,0x0000,0x0000,0x0000,0x0000,0x0000,0x0000,0x0000,
	0x0000,0x0000,0x0000,0x0000,0x0000,0x0000,0x0000,0x0000,
	0x0000,0x0000,0x0000,0x0000,0x0000,0x0000,0x0000,0x0000,
	0x0000,0x0000,0x0000,0x0000,0x0000,0x0000,0x0000,0x0000,

	0x0000,0x0000,0x0000,0x0000,0x0000,0x0000,0x0000,0x0000,
	0x0000,0x0000,0x0000,0x0000,0x0000,0x0000,0x0000,0x0000,
	0x0000,0x0000,0x0000,0x0000,0x0000,0x0000,0x0000,0x0000,
	0x0000,0x0000,0x0000,0x0000,0x0000,0x0000,0x0000,0x0000,
	0x0000,0x0000,0x0000,0x0000,0x0000,0x0000,0x0000,0x0000,
	0x0000,0x0000,0x0000,0x0000,0x0000,0x0000,0x0000,0x0000,
	0x0000,0x0000,0x0000,0x0000,0x0000,0x0000,0x0000,0x0000,
	0x0000,0x0000,0x0000,0x0000,0x0000,0x0000,0x0000,0x0000,

	0x0000,0x0000,0x0000,0x0000,0x0000,0x0000,0x0000,0x0000,
	0x0000,0x0000,0x0000,0x0000,0x0000,0x0000,0x0000,0x0000,
	0x0000,0x0000,0x0000,0x0000,0x0000,0x0000,0x0000,0x0000,
	0x0000,0x0000,0x0000,0x0000,0x0000,0x0000,0x0000,0x0000,
	0x0000,0x0000,0x0202,0x0502,0x0000,0x0000,0x0202,0x0502,
	0x0000,0x0000,0x0202,0x0502,0x0000,0x0000,0x0202,0x0502,
	0x0000,0x0000,0x0202,0x0502,0x0000,0x0000,0x0202,0x0502,
	0x0000,0x0000,0x0202,0x0502,0x0000,0x0000,0x0202,0x0505,

	0x0505,0x0505,0x0505,0x0505,0x0505,0x0505,0x0505,0x0505,
	0x0505,0x0505,0x0505,0x0505,0x0505,0x0505,0x0505,0x0505,
	0x0505,0x0505,0x0505,0x0505,0x0505,0x0505,0x0505,0x0505,
	0x0505,0x0505,0x0505,0x0505,0x0505,0x0505,0x0505,0x0505,
	0x0505,0x0505,0x0505,0x0505,0x0505,0x0505,0x0505,0x0505,
	0x0505,0x0505,0x0505,0x0505,0x0505,0x0505,0x0505,0x0505,
	0x0505,0x0505,0x0505,0x0505,0x0505,0x0505,0x0505,0x0505,
	0x0505,0x0505,0x0505,0x0505,0x0505,0x0505,0x0505,0x0505,

	0x0707,0x0707,0x0707,0x0307,0x0707,0x0707,0x0707,0x0407,
	0x0707,0x0707,0x0707,0x0407,0x0707,0x0707,0x0707,0x0407,
	0x0707,0x0707,0x0707,0x0404,0x0707,0x0707,0x0707,0x0404,
	0x0707,0x0707,0x0307,0x0404,0x0707,0x0707,0x0307,0x0404,
	0x0404,0x0404,0x0606,0x0606,0x0404,0x0404,0x0606,0x0606,
	0x0404,0x0404,0x0606,0x0606,0x0404,0x0604,0x0606,0x0606,
	0x0404,0x0606,0x0606,0x0101,0x0404,0x0606,0x0106,0x0505,
	0x0604,0x0606,0x0101,0x0505,0x0604,0x0106,0x0505,0x0505,

	0x0606,0x0606,0x0606,0x0606,0x0606,0x0606,0x0606,0x0101,
	0x0606,0x0106,0x0101,0x0501,0x0101,0x0101,0x0501,0x0505,
	0x0101,0x0505,0x0505,0x0505,0x0505,0x0505,0x0505,0x0505,
	0x0505,0x0505,0x0505,0x0505,0x0505,0x0505,0x0505,0x0505,
	0x0101,0x0205,0x0002,0x0000,0x0101,0x0205,0x0002,0x0000,
	0x0505,0x0205,0x0002,0x0000,0x0505,0x0205,0x0002,0x0000,
	0x0505,0x0205,0x0002,0x0000,0x0505,0x0205,0x0002,0x0000,
	0x0505,0x0205,0x0002,0x0000,0x0505,0x0205,0x0002,0x0000,

	0x0000,0x0000,0x0000,0x0000,0x0000,0x0000,0x0000,0x0000,
	0x0000,0x0000,0x0000,0x0000,0x0000,0x0000,0x0000,0x0000,
	0x0000,0x0000,0x0000,0x0000,0x0000,0x0000,0x0000,0x0000,
	0x0000,0x0000,0x0000,0x0000,0x0000,0x0000,0x0000,0x0000,
	0x0000,0x0000,0x0000,0x0000,0x0000,0x0000,0x0000,0x0000,
	0x0000,0x0000,0x0000,0x0000,0x0000,0x0000,0x0000,0x0000,
	0x0000,0x0000,0x0000,0x0000,0x0000,0x0000,0x0000,0x0000,
	0x0000,0x0000,0x0000,0x0000,0x0000,0x0000,0x0000,0x0000,

	0x0000,0x0000,0x0000,0x0000,0x0000,0x0000,0x0000,0x0000,
	0x0000,0x0000,0x0000,0x0000,0x0000,0x0000,0x0000,0x0000,
	0x0000,0x0000,0x0000,0x0000,0x0000,0x0000,0x0000,0x0000,
	0x0000,0x0000,0x0000,0x0000,0x0000,0x0000,0x0000,0x0000,
	0x0000,0x0000,0x0000,0x0000,0x0000,0x0000,0x0000,0x0000,
	0x0000,0x0000,0x0000,0x0000,0x0000,0x0000,0x0000,0x0000,
	0x0000,0x0000,0x0000,0x0000,0x0000,0x0000,0x0000,0x0000,
	0x0000,0x0000,0x0000,0x0000,0x0000,0x0000,0x0000,0x0000,

	0x0000,0x0000,0x0000,0x0000,0x0000,0x0000,0x0000,0x0000,
	0x0000,0x0000,0x0000,0x0000,0x0000,0x0000,0x0000,0x0000,
	0x0000,0x0000,0x0000,0x0000,0x0000,0x0000,0x0000,0x0000,
	0x0000,0x0000,0x0000,0x0000,0x0000,0x0000,0x0000,0x0000,
	0x0000,0x0000,0x0000,0x0000,0x0000,0x0000,0x0000,0x0000,
	0x0000,0x0000,0x0000,0x0000,0x0000,0x0000,0x0000,0x0000,
	0x0000,0x0000,0x0000,0x0000,0x0000,0x0000,0x0000,0x0000,
	0x0000,0x0000,0x0000,0x0000,0x0000,0x0000,0x0000,0x0000,

	0x0000,0x0000,0x0000,0x0000,0x0000,0x0000,0x0000,0x0000,
	0x0000,0x0000,0x0000,0x0000,0x0000,0x0000,0x0000,0x0000,
	0x0000,0x0000,0x0000,0x0000,0x0000,0x0000,0x0000,0x0000,
	0x0000,0x0000,0x0000,0x0000,0x0000,0x0000,0x0000,0x0000,
	0x0000,0x0000,0x0000,0x0000,0x0000,0x0000,0x0000,0x0000,
	0x0000,0x0000,0x0000,0x0000,0x0000,0x0000,0x0000,0x0000,
	0x0000,0x0000,0x0000,0x0000,0x0000,0x0000,0x0000,0x0000,
	0x0000,0x0000,0x0000,0x0000,0x0000,0x0000,0x0000,0x0000,

	0x0000,0x0000,0x0000,0x0000,0x0000,0x0000,0x0000,0x0000,
	0x0000,0x0000,0x0000,0x0000,0x0000,0x0000,0x0000,0x0000,
	0x0000,0x0000,0x0000,0x0000,0x0000,0x0000,0x0000,0x0000,
	0x0000,0x0000,0x0000,0x0000,0x0000,0x0000,0x0000,0x0000,
	0x0000,0x0000,0x0000,0x0000,0x0000,0x0000,0x0000,0x0000,
	0x0000,0x0000,0x0000,0x0000,0x0000,0x0000,0x0000,0x0000,
	0x0000,0x0000,0x0000,0x0000,0x0000,0x0000,0x0000,0x0000,
	0x0000,0x0000,0x0000,0x0000,0x0000,0x0000,0x0000,0x0000,

	0x0000,0x0000,0x0000,0x0000,0x0000,0x0000,0x0000,0x0000,
	0x0000,0x0000,0x0000,0x0000,0x0000,0x0000,0x0000,0x0000,
	0x0000,0x0000,0x0000,0x0000,0x0000,0x0000,0x0000,0x0000,
	0x0000,0x0000,0x0000,0x0000,0x0000,0x0000,0x0000,0x0000,
	0x0000,0x0000,0x0000,0x0000,0x0000,0x0000,0x0000,0x0000,
	0x0000,0x0000,0x0000,0x0000,0x0000,0x0000,0x0000,0x0000,
	0x0000,0x0000,0x0000,0x0000,0x0000,0x0000,0x0000,0x0000,
	0x0000,0x0000,0x0000,0x0000,0x0000,0x0000,0x0000,0x0000,

	0x0000,0x0000,0x0000,0x0000,0x0000,0x0000,0x0000,0x0000,
	0x0000,0x0000,0x0000,0x0000,0x0000,0x0000,0x0000,0x0000,
	0x0000,0x0000,0x0000,0x0000,0x0000,0x0000,0x0000,0x0000,
	0x0000,0x0000,0x0000,0x0000,0x0000,0x0000,0x0000,0x0000,
	0x0000,0x0000,0x0000,0x0000,0x0000,0x0000,0x0000,0x0000,
	0x0000,0x0000,0x0000,0x0000,0x0000,0x0000,0x0000,0x0000,
	0x0000,0x0000,0x0000,0x0000,0x0000,0x0000,0x0000,0x0000,
	0x0000,0x0000,0x0000,0x0000,0x0000,0x0000,0x0000,0x0000,

	0x0000,0x0000,0x0000,0x0000,0x0000,0x0000,0x0000,0x0000,
	0x0000,0x0000,0x0000,0x0000,0x0000,0x0000,0x0000,0x0000,
	0x0000,0x0000,0x0000,0x0000,0x0000,0x0000,0x0000,0x0000,
	0x0000,0x0000,0x0000,0x0000,0x0000,0x0000,0x0000,0x0000,
	0x0000,0x0000,0x0000,0x0000,0x0000,0x0000,0x0000,0x0000,
	0x0000,0x0000,0x0000,0x0000,0x0000,0x0000,0x0000,0x0000,
	0x0000,0x0000,0x0000,0x0000,0x0000,0x0000,0x0000,0x0000,
	0x0000,0x0000,0x0000,0x0000,0x0000,0x0000,0x0000,0x0000,

	0x0000,0x0000,0x0000,0x0000,0x0000,0x0000,0x0000,0x0000,
	0x0000,0x0000,0x0000,0x0000,0x0000,0x0000,0x0000,0x0000,
	0x0000,0x0000,0x0000,0x0000,0x0000,0x0000,0x0000,0x0000,
	0x0000,0x0000,0x0000,0x0000,0x0000,0x0000,0x0000,0x0000,
	0x0000,0x0000,0x0000,0x0000,0x0000,0x0000,0x0000,0x0000,
	0x0000,0x0000,0x0000,0x0000,0x0000,0x0000,0x0000,0x0000,
	0x0000,0x0000,0x0000,0x0000,0x0000,0x0000,0x0000,0x0000,
	0x0000,0x0000,0x0000,0x0000,0x0000,0x0000,0x0000,0x0000,

	0x0000,0x0000,0x0000,0x0000,0x0000,0x0000,0x0000,0x0000,
	0x0000,0x0000,0x0000,0x0000,0x0000,0x0000,0x0000,0x0000,
	0x0000,0x0000,0x0000,0x0000,0x0000,0x0000,0x0000,0x0000,
	0x0000,0x0000,0x0000,0x0000,0x0000,0x0000,0x0000,0x0000,
	0x0000,0x0000,0x0000,0x0000,0x0000,0x0000,0x0000,0x0000,
	0x0000,0x0000,0x0000,0x0000,0x0000,0x0000,0x0000,0x0000,
	0x0000,0x0000,0x0000,0x0000,0x0000,0x0000,0x0000,0x0000,
	0x0000,0x0000,0x0000,0x0000,0x0000,0x0000,0x0000,0x0000,

	0x0000,0x0000,0x0000,0x0000,0x0000,0x0000,0x0000,0x0000,
	0x0000,0x0000,0x0000,0x0000,0x0000,0x0000,0x0000,0x0000,
	0x0000,0x0000,0x0000,0x0000,0x0000,0x0000,0x0000,0x0000,
	0x0000,0x0000,0x0000,0x0000,0x0000,0x0000,0x0000,0x0000,
	0x0000,0x0000,0x0000,0x0000,0x0000,0x0000,0x0000,0x0000,
	0x0000,0x0000,0x0000,0x0000,0x0000,0x0000,0x0000,0x0000,
	0x0000,0x0000,0x0000,0x0000,0x0000,0x0000,0x0000,0x0000,
	0x0000,0x0000,0x0000,0x0000,0x0000,0x0000,0x0000,0x0000,

	0x0000,0x0000,0x0000,0x0000,0x0000,0x0000,0x0000,0x0000,
	0x0000,0x0000,0x0000,0x0000,0x0000,0x0000,0x0000,0x0000,
	0x0000,0x0000,0x0000,0x0000,0x0000,0x0000,0x0000,0x0000,
	0x0000,0x0000,0x0000,0x0000,0x0000,0x0000,0x0000,0x0000,
	0x0000,0x0000,0x0000,0x0000,0x0000,0x0000,0x0000,0x0000,
	0x0000,0x0000,0x0000,0x0000,0x0000,0x0000,0x0000,0x0000,
	0x0000,0x0000,0x0000,0x0000,0x0000,0x0000,0x0000,0x0000,
	0x0000,0x0000,0x0000,0x0000,0x0000,0x0000,0x0000,0x0000,

	0x0000,0x0000,0x0000,0x0000,0x0000,0x0000,0x0000,0x0000,
	0x0000,0x0000,0x0000,0x0000,0x0000,0x0000,0x0000,0x0000,
	0x0000,0x0000,0x0000,0x0000,0x0000,0x0000,0x0000,0x0000,
	0x0000,0x0000,0x0000,0x0000,0x0000,0x0000,0x0000,0x0000,
	0x0000,0x0000,0x0000,0x0000,0x0000,0x0000,0x0000,0x0000,
	0x0000,0x0000,0x0000,0x0000,0x0000,0x0000,0x0000,0x0000,
	0x0000,0x0000,0x0000,0x0000,0x0000,0x0000,0x0000,0x0000,
	0x0000,0x0000,0x0000,0x0000,0x0000,0x0000,0x0000,0x0000,

	0x0000,0x0000,0x0000,0x0000,0x0000,0x0000,0x0000,0x0000,
	0x0000,0x0000,0x0000,0x0000,0x0000,0x0000,0x0000,0x0000,
	0x0000,0x0000,0x0000,0x0000,0x0000,0x0000,0x0000,0x0000,
	0x0000,0x0000,0x0000,0x0000,0x0000,0x0000,0x0000,0x0000,
	0x0000,0x0000,0x0000,0x0000,0x0000,0x0000,0x0000,0x0000,
	0x0000,0x0000,0x0000,0x0000,0x0000,0x0000,0x0000,0x0000,
	0x0000,0x0000,0x0000,0x0000,0x0000,0x0000,0x0000,0x0000,
	0x0000,0x0000,0x0000,0x0000,0x0000,0x0000,0x0000,0x0000,

	0x0000,0x0000,0x0000,0x0000,0x0000,0x0000,0x0000,0x0000,
	0x0000,0x0000,0x0000,0x0000,0x0000,0x0000,0x0000,0x0000,
	0x0000,0x0000,0x0000,0x0000,0x0000,0x0000,0x0000,0x0000,
	0x0000,0x0000,0x0000,0x0000,0x0000,0x0000,0x0000,0x0000,
	0x0000,0x0000,0x0000,0x0000,0x0000,0x0000,0x0000,0x0000,
	0x0000,0x0000,0x0000,0x0000,0x0000,0x0000,0x0000,0x0000,
	0x0000,0x0000,0x0000,0x0000,0x0000,0x0000,0x0000,0x0000,
	0x0000,0x0000,0x0000,0x0000,0x0000,0x0000,0x0000,0x0000,

	0x0000,0x0000,0x0000,0x0000,0x0000,0x0000,0x0000,0x0000,
	0x0000,0x0000,0x0000,0x0000,0x0000,0x0000,0x0000,0x0000,
	0x0000,0x0000,0x0000,0x0000,0x0000,0x0000,0x0000,0x0000,
	0x0000,0x0000,0x0000,0x0000,0x0000,0x0000,0x0000,0x0000,
	0x0000,0x0000,0x0000,0x0000,0x0000,0x0000,0x0000,0x0000,
	0x0000,0x0000,0x0000,0x0000,0x0000,0x0000,0x0000,0x0000,
	0x0000,0x0000,0x0000,0x0000,0x0000,0x0000,0x0000,0x0000,
	0x0000,0x0000,0x0000,0x0000,0x0000,0x0000,0x0000,0x0000,

	0x0000,0x0000,0x0000,0x0000,0x0000,0x0000,0x0000,0x0000,
	0x0000,0x0000,0x0000,0x0000,0x0000,0x0000,0x0000,0x0000,
	0x0000,0x0000,0x0000,0x0000,0x0000,0x0000,0x0000,0x0000,
	0x0000,0x0000,0x0000,0x0000,0x0000,0x0000,0x0000,0x0000,
	0x0000,0x0000,0x0000,0x0000,0x0000,0x0000,0x0000,0x0000,
	0x0000,0x0000,0x0000,0x0000,0x0000,0x0000,0x0000,0x0000,
	0x0000,0x0000,0x0000,0x0000,0x0000,0x0000,0x0000,0x0000,
	0x0000,0x0000,0x0000,0x0000,0x0000,0x0000,0x0000,0x0000,

	0x0000,0x0000,0x0000,0x0000,0x0000,0x0000,0x0000,0x0000,
	0x0000,0x0000,0x0000,0x0000,0x0000,0x0000,0x0000,0x0000,
	0x0000,0x0000,0x0000,0x0000,0x0000,0x0000,0x0000,0x0000,
	0x0000,0x0000,0x0000,0x0000,0x0000,0x0000,0x0000,0x0000,
	0x0000,0x0000,0x0000,0x0000,0x0000,0x0000,0x0000,0x0000,
	0x0000,0x0000,0x0000,0x0000,0x0000,0x0000,0x0000,0x0000,
	0x0000,0x0000,0x0000,0x0000,0x0000,0x0000,0x0000,0x0000,
	0x0000,0x0000,0x0000,0x0000,0x0000,0x0000,0x0000,0x0000,

	0x0000,0x0000,0x0000,0x0000,0x0000,0x0000,0x0000,0x0000,
	0x0000,0x0000,0x0000,0x0000,0x0000,0x0000,0x0000,0x0000,
	0x0000,0x0000,0x0000,0x0000,0x0000,0x0000,0x0000,0x0000,
	0x0000,0x0000,0x0000,0x0000,0x0000,0x0000,0x0000,0x0000,
	0x0000,0x0000,0x0000,0x0000,0x0000,0x0000,0x0000,0x0000,
	0x0000,0x0000,0x0000,0x0000,0x0000,0x0000,0x0000,0x0000,
	0x0000,0x0000,0x0000,0x0000,0x0000,0x0000,0x0000,0x0000,
	0x0000,0x0000,0x0000,0x0000,0x0000,0x0000,0x0000,0x0000,

	0x0000,0x0000,0x0000,0x0000,0x0000,0x0000,0x0000,0x0000,
	0x0000,0x0000,0x0000,0x0000,0x0000,0x0000,0x0000,0x0000,
	0x0000,0x0000,0x0000,0x0000,0x0000,0x0000,0x0000,0x0000,
	0x0000,0x0000,0x0000,0x0000,0x0000,0x0000,0x0000,0x0000,
	0x0000,0x0000,0x0000,0x0000,0x0000,0x0000,0x0000,0x0000,
	0x0000,0x0000,0x0000,0x0000,0x0000,0x0000,0x0000,0x0000,
	0x0000,0x0000,0x0000,0x0000,0x0000,0x0000,0x0000,0x0000,
	0x0000,0x0000,0x0000,0x0000,0x0000,0x0000,0x0000,0x0000,

	0x0000,0x0000,0x0000,0x0000,0x0000,0x0000,0x0000,0x0000,
	0x0000,0x0000,0x0000,0x0000,0x0000,0x0000,0x0000,0x0000,
	0x0000,0x0000,0x0000,0x0000,0x0000,0x0000,0x0000,0x0000,
	0x0000,0x0000,0x0000,0x0000,0x0000,0x0000,0x0000,0x0000,
	0x0000,0x0000,0x0000,0x0000,0x0000,0x0000,0x0000,0x0000,
	0x0000,0x0000,0x0000,0x0000,0x0000,0x0000,0x0000,0x0000,
	0x0000,0x0000,0x0000,0x0000,0x0000,0x0000,0x0000,0x0000,
	0x0000,0x0000,0x0000,0x0000,0x0000,0x0000,0x0000,0x0000,

	0x0000,0x0000,0x0000,0x0000,0x0000,0x0000,0x0000,0x0000,
	0x0000,0x0000,0x0000,0x0000,0x0000,0x0000,0x0000,0x0000,
	0x0000,0x0000,0x0000,0x0000,0x0000,0x0000,0x0000,0x0000,
	0x0000,0x0000,0x0000,0x0000,0x0000,0x0000,0x0000,0x0000,
	0x0000,0x0000,0x0000,0x0000,0x0000,0x0000,0x0000,0x0000,
	0x0000,0x0000,0x0000,0x0000,0x0000,0x0000,0x0000,0x0000,
	0x0000,0x0000,0x0000,0x0000,0x0000,0x0000,0x0000,0x0000,
	0x0000,0x0000,0x0000,0x0000,0x0000,0x0000,0x0000,0x0000,

	0x0000,0x0000,0x0000,0x0000,0x0000,0x0000,0x0000,0x0000,
	0x0000,0x0000,0x0000,0x0000,0x0000,0x0000,0x0000,0x0000,
	0x0000,0x0000,0x0000,0x0000,0x0000,0x0000,0x0000,0x0000,
	0x0000,0x0000,0x0000,0x0000,0x0000,0x0000,0x0000,0x0000,
	0x0000,0x0000,0x0000,0x0000,0x0000,0x0000,0x0000,0x0000,
	0x0000,0x0000,0x0000,0x0000,0x0000,0x0000,0x0000,0x0000,
	0x0000,0x0000,0x0000,0x0000,0x0000,0x0000,0x0000,0x0000,
	0x0000,0x0000,0x0000,0x0000,0x0000,0x0000,0x0000,0x0000,

	0x0000,0x0000,0x0000,0x0000,0x0000,0x0000,0x0000,0x0000,
	0x0000,0x0000,0x0000,0x0000,0x0000,0x0000,0x0000,0x0000,
	0x0000,0x0000,0x0000,0x0000,0x0000,0x0000,0x0000,0x0000,
	0x0000,0x0000,0x0000,0x0000,0x0000,0x0000,0x0000,0x0000,
	0x0000,0x0000,0x0000,0x0000,0x0000,0x0000,0x0000,0x0000,
	0x0000,0x0000,0x0000,0x0000,0x0000,0x0000,0x0000,0x0000,
	0x0000,0x0000,0x0000,0x0000,0x0000,0x0000,0x0000,0x0000,
	0x0000,0x0000,0x0000,0x0000,0x0000,0x0000,0x0000,0x0000,

	0x0000,0x0000,0x0000,0x0000,0x0000,0x0000,0x0000,0x0000,
	0x0000,0x0000,0x0000,0x0000,0x0000,0x0000,0x0000,0x0000,
	0x0000,0x0000,0x0000,0x0000,0x0000,0x0000,0x0000,0x0000,
	0x0000,0x0000,0x0000,0x0000,0x0000,0x0000,0x0000,0x0000,
	0x0000,0x0000,0x0000,0x0000,0x0000,0x0000,0x0000,0x0000,
	0x0000,0x0000,0x0000,0x0000,0x0000,0x0000,0x0000,0x0000,
	0x0000,0x0000,0x0000,0x0000,0x0000,0x0000,0x0000,0x0000,
	0x0000,0x0000,0x0000,0x0000,0x0000,0x0000,0x0000,0x0000,

	0x0000,0x0000,0x0000,0x0000,0x0000,0x0000,0x0000,0x0000,
	0x0000,0x0000,0x0000,0x0000,0x0000,0x0000,0x0000,0x0000,
	0x0000,0x0000,0x0000,0x0000,0x0000,0x0000,0x0000,0x0000,
	0x0000,0x0000,0x0000,0x0000,0x0000,0x0000,0x0000,0x0000,
	0x0000,0x0000,0x0000,0x0000,0x0000,0x0000,0x0000,0x0000,
	0x0000,0x0000,0x0000,0x0000,0x0000,0x0000,0x0000,0x0000,
	0x0000,0x0000,0x0000,0x0000,0x0000,0x0000,0x0000,0x0000,
	0x0000,0x0000,0x0000,0x0000,0x0000,0x0000,0x0000,0x0000,

	0x0000,0x0000,0x0000,0x0000,0x0000,0x0000,0x0000,0x0000,
	0x0000,0x0000,0x0000,0x0000,0x0000,0x0000,0x0000,0x0000,
	0x0000,0x0000,0x0000,0x0000,0x0000,0x0000,0x0000,0x0000,
	0x0000,0x0000,0x0000,0x0000,0x0000,0x0000,0x0000,0x0000,
	0x0000,0x0000,0x0000,0x0000,0x0000,0x0000,0x0000,0x0000,
	0x0000,0x0000,0x0000,0x0000,0x0000,0x0000,0x0000,0x0000,
	0x0000,0x0000,0x0000,0x0000,0x0000,0x0000,0x0000,0x0000,
	0x0000,0x0000,0x0000,0x0000,0x0000,0x0000,0x0000,0x0000,

	0x0000,0x0000,0x0000,0x0000,0x0000,0x0000,0x0000,0x0000,
	0x0000,0x0000,0x0000,0x0000,0x0000,0x0000,0x0000,0x0000,
	0x0000,0x0000,0x0000,0x0000,0x0000,0x0000,0x0000,0x0000,
	0x0000,0x0000,0x0000,0x0000,0x0000,0x0000,0x0000,0x0000,
	0x0000,0x0000,0x0000,0x0000,0x0000,0x0000,0x0000,0x0000,
	0x0000,0x0000,0x0000,0x0000,0x0000,0x0000,0x0000,0x0000,
	0x0000,0x0000,0x0000,0x0000,0x0000,0x0000,0x0000,0x0000,
	0x0000,0x0000,0x0000,0x0000,0x0000,0x0000,0x0000,0x0000,

	0x0000,0x0000,0x0000,0x0000,0x0000,0x0000,0x0000,0x0000,
	0x0000,0x0000,0x0000,0x0000,0x0000,0x0000,0x0000,0x0000,
	0x0000,0x0000,0x0000,0x0000,0x0000,0x0000,0x0000,0x0000,
	0x0000,0x0000,0x0000,0x0000,0x0000,0x0000,0x0000,0x0000,
	0x0000,0x0000,0x0202,0x0505,0x0000,0x0200,0x0202,0x0505,
	0x0000,0x0200,0x0202,0x0505,0x0000,0x0200,0x0202,0x0505,
	0x0000,0x0200,0x0202,0x0505,0x0000,0x0200,0x0502,0x0505,
	0x0000,0x0200,0x0502,0x0505,0x0000,0x0202,0x0502,0x0505,

	0x0505,0x0505,0x0505,0x0505,0x0505,0x0505,0x0505,0x0505,
	0x0505,0x0505,0x0505,0x0505,0x0505,0x0505,0x0505,0x0505,
	0x0505,0x0505,0x0505,0x0505,0x0505,0x0505,0x0505,0x0505,
	0x0505,0x0505,0x0505,0x0505,0x0505,0x0505,0x0505,0x0505,
	0x0505,0x0505,0x0505,0x0505,0x0505,0x0505,0x0505,0x0505,
	0x0505,0x0505,0x0505,0x0505,0x0505,0x0505,0x0505,0x0505,
	0x0505,0x0505,0x0505,0x0505,0x0505,0x0505,0x0505,0x0505,
	0x0505,0x0505,0x0505,0x0505,0x0505,0x0505,0x0505,0x0505,

	0x0707,0x0707,0x0407,0x0404,0x0707,0x0707,0x0407,0x0404,
	0x0707,0x0707,0x0403,0x0604,0x0707,0x0707,0x0404,0x0604,
	0x0707,0x0707,0x0404,0x0604,0x0707,0x0707,0x0404,0x0604,
	0x0707,0x0307,0x0404,0x0604,0x0707,0x0307,0x0404,0x0606,
	0x0606,0x0106,0x0505,0x0505,0x0606,0x0101,0x0505,0x0505,
	0x0606,0x0101,0x0505,0x0505,0x0606,0x0501,0x0505,0x0505,
	0x0606,0x0501,0x0505,0x0505,0x0606,0x0501,0x0505,0x0505,
	0x0106,0x0501,0x0505,0x0505,0x0106,0x0501,0x0505,0x0505,

	0x0505,0x0505,0x0505,0x0505,0x0505,0x0505,0x0505,0x0505,
	0x0505,0x0505,0x0505,0x0505,0x0505,0x0505,0x0505,0x0505,
	0x0505,0x0505,0x0505,0x0505,0x0505,0x0505,0x0505,0x0505,
	0x0505,0x0505,0x0505,0x0505,0x0505,0x0505,0x0505,0x0505,
	0x0505,0x0205,0x0002,0x0000,0x0505,0x0205,0x0000,0x0000,
	0x0505,0x0202,0x0000,0x0000,0x0505,0x0202,0x0000,0x0000,
	0x0505,0x0202,0x0000,0x0000,0x0505,0x0202,0x0000,0x0000,
	0x0505,0x0202,0x0000,0x0000,0x0505,0x0202,0x0000,0x0000,

	0x0000,0x0000,0x0000,0x0000,0x0000,0x0000,0x0000,0x0000,
	0x0000,0x0000,0x0000,0x0000,0x0000,0x0000,0x0000,0x0000,
	0x0000,0x0000,0x0000,0x0000,0x0000,0x0000,0x0000,0x0000,
	0x0000,0x0000,0x0000,0x0000,0x0000,0x0000,0x0000,0x0000,
	0x0000,0x0000,0x0000,0x0000,0x0000,0x0000,0x0000,0x0000,
	0x0000,0x0000,0x0000,0x0000,0x0000,0x0000,0x0000,0x0000,
	0x0000,0x0000,0x0000,0x0000,0x0000,0x0000,0x0000,0x0000,
	0x0000,0x0000,0x0000,0x0000,0x0000,0x0000,0x0000,0x0000,

	0x0000,0x0000,0x0000,0x0000,0x0000,0x0000,0x0000,0x0000,
	0x0000,0x0000,0x0000,0x0000,0x0000,0x0000,0x0000,0x0000,
	0x0000,0x0000,0x0000,0x0000,0x0000,0x0000,0x0000,0x0000,
	0x0000,0x0000,0x0000,0x0000,0x0000,0x0000,0x0000,0x0000,
	0x0000,0x0000,0x0000,0x0000,0x0000,0x0000,0x0000,0x0000,
	0x0000,0x0000,0x0000,0x0000,0x0000,0x0000,0x0000,0x0000,
	0x0000,0x0000,0x0000,0x0000,0x0000,0x0000,0x0000,0x0000,
	0x0000,0x0000,0x0000,0x0000,0x0000,0x0000,0x0000,0x0000,

	0x0000,0x0000,0x0000,0x0000,0x0000,0x0000,0x0000,0x0000,
	0x0000,0x0000,0x0000,0x0000,0x0000,0x0000,0x0000,0x0000,
	0x0000,0x0000,0x0000,0x0000,0x0000,0x0000,0x0000,0x0000,
	0x0000,0x0000,0x0000,0x0000,0x0000,0x0000,0x0000,0x0000,
	0x0000,0x0000,0x0000,0x0000,0x0000,0x0000,0x0000,0x0000,
	0x0000,0x0000,0x0000,0x0000,0x0000,0x0000,0x0000,0x0000,
	0x0000,0x0000,0x0000,0x0000,0x0000,0x0000,0x0000,0x0000,
	0x0000,0x0000,0x0000,0x0000,0x0000,0x0000,0x0000,0x0000,

	0x0000,0x0000,0x0000,0x0000,0x0000,0x0000,0x0000,0x0000,
	0x0000,0x0000,0x0000,0x0000,0x0000,0x0000,0x0000,0x0000,
	0x0000,0x0000,0x0000,0x0000,0x0000,0x0000,0x0000,0x0000,
	0x0000,0x0000,0x0000,0x0000,0x0000,0x0000,0x0000,0x0000,
	0x0000,0x0000,0x0000,0x0000,0x0000,0x0000,0x0000,0x0000,
	0x0000,0x0000,0x0000,0x0000,0x0000,0x0000,0x0000,0x0000,
	0x0000,0x0000,0x0000,0x0000,0x0000,0x0000,0x0000,0x0000,
	0x0000,0x0000,0x0000,0x0000,0x0000,0x0000,0x0000,0x0000,

	0x0000,0x0000,0x0000,0x0000,0x0000,0x0000,0x0000,0x0000,
	0x0000,0x0000,0x0000,0x0000,0x0000,0x0000,0x0000,0x0000,
	0x0000,0x0000,0x0000,0x0000,0x0000,0x0000,0x0000,0x0000,
	0x0000,0x0000,0x0000,0x0000,0x0000,0x0000,0x0000,0x0000,
	0x0000,0x0000,0x0000,0x0000,0x0000,0x0000,0x0000,0x0000,
	0x0000,0x0000,0x0000,0x0000,0x0000,0x0000,0x0000,0x0000,
	0x0000,0x0000,0x0000,0x0000,0x0000,0x0000,0x0000,0x0000,
	0x0000,0x0000,0x0000,0x0000,0x0000,0x0000,0x0000,0x0000,

	0x0000,0x0000,0x0000,0x0000,0x0000,0x0000,0x0000,0x0000,
	0x0000,0x0000,0x0000,0x0000,0x0000,0x0000,0x0000,0x0000,
	0x0000,0x0000,0x0000,0x0000,0x0000,0x0000,0x0000,0x0000,
	0x0000,0x0000,0x0000,0x0000,0x0000,0x0000,0x0000,0x0000,
	0x0000,0x0000,0x0000,0x0000,0x0000,0x0000,0x0000,0x0000,
	0x0000,0x0000,0x0000,0x0000,0x0000,0x0000,0x0000,0x0000,
	0x0000,0x0000,0x0000,0x0000,0x0000,0x0000,0x0000,0x0000,
	0x0000,0x0000,0x0000,0x0000,0x0000,0x0000,0x0000,0x0000,

	0x0000,0x0000,0x0000,0x0000,0x0000,0x0000,0x0000,0x0000,
	0x0000,0x0000,0x0000,0x0000,0x0000,0x0000,0x0000,0x0000,
	0x0000,0x0000,0x0000,0x0000,0x0000,0x0000,0x0000,0x0000,
	0x0000,0x0000,0x0000,0x0000,0x0000,0x0000,0x0000,0x0000,
	0x0000,0x0000,0x0000,0x0000,0x0000,0x0000,0x0000,0x0000,
	0x0000,0x0000,0x0000,0x0000,0x0000,0x0000,0x0000,0x0000,
	0x0000,0x0000,0x0000,0x0000,0x0000,0x0000,0x0000,0x0000,
	0x0000,0x0000,0x0000,0x0000,0x0000,0x0000,0x0000,0x0000,

	0x0000,0x0000,0x0000,0x0000,0x0000,0x0000,0x0000,0x0000,
	0x0000,0x0000,0x0000,0x0000,0x0000,0x0000,0x0000,0x0000,
	0x0000,0x0000,0x0000,0x0000,0x0000,0x0000,0x0000,0x0000,
	0x0000,0x0000,0x0000,0x0000,0x0000,0x0000,0x0000,0x0000,
	0x0000,0x0000,0x0000,0x0000,0x0000,0x0000,0x0000,0x0000,
	0x0000,0x0000,0x0000,0x0000,0x0000,0x0000,0x0000,0x0000,
	0x0000,0x0000,0x0000,0x0000,0x0000,0x0000,0x0000,0x0000,
	0x0000,0x0000,0x0000,0x0000,0x0000,0x0000,0x0000,0x0000,

	0x0000,0x0000,0x0000,0x0000,0x0000,0x0000,0x0000,0x0000,
	0x0000,0x0000,0x0000,0x0000,0x0000,0x0000,0x0000,0x0000,
	0x0000,0x0000,0x0000,0x0000,0x0000,0x0000,0x0000,0x0000,
	0x0000,0x0000,0x0000,0x0000,0x0000,0x0000,0x0000,0x0000,
	0x0000,0x0000,0x0000,0x0000,0x0000,0x0000,0x0000,0x0000,
	0x0000,0x0000,0x0000,0x0000,0x0000,0x0000,0x0000,0x0000,
	0x0000,0x0000,0x0000,0x0000,0x0000,0x0000,0x0000,0x0000,
	0x0000,0x0000,0x0000,0x0000,0x0000,0x0000,0x0000,0x0000,

	0x0000,0x0000,0x0000,0x0000,0x0000,0x0000,0x0000,0x0000,
	0x0000,0x0000,0x0000,0x0000,0x0000,0x0000,0x0000,0x0000,
	0x0000,0x0000,0x0000,0x0000,0x0000,0x0000,0x0000,0x0000,
	0x0000,0x0000,0x0000,0x0000,0x0000,0x0000,0x0000,0x0000,
	0x0000,0x0000,0x0000,0x0000,0x0000,0x0000,0x0000,0x0000,
	0x0000,0x0000,0x0000,0x0000,0x0000,0x0000,0x0000,0x0000,
	0x0000,0x0000,0x0000,0x0000,0x0000,0x0000,0x0000,0x0000,
	0x0000,0x0000,0x0000,0x0000,0x0000,0x0000,0x0000,0x0000,

	0x0000,0x0000,0x0000,0x0000,0x0000,0x0000,0x0000,0x0000,
	0x0000,0x0000,0x0000,0x0000,0x0000,0x0000,0x0000,0x0000,
	0x0000,0x0000,0x0000,0x0000,0x0000,0x0000,0x0000,0x0000,
	0x0000,0x0000,0x0000,0x0000,0x0000,0x0000,0x0000,0x0000,
	0x0000,0x0000,0x0000,0x0000,0x0000,0x0000,0x0000,0x0000,
	0x0000,0x0000,0x0000,0x0000,0x0000,0x0000,0x0000,0x0000,
	0x0000,0x0000,0x0000,0x0000,0x0000,0x0000,0x0000,0x0000,
	0x0000,0x0000,0x0000,0x0000,0x0000,0x0000,0x0000,0x0000,

	0x0000,0x0000,0x0000,0x0000,0x0000,0x0000,0x0000,0x0000,
	0x0000,0x0000,0x0000,0x0000,0x0000,0x0000,0x0000,0x0000,
	0x0000,0x0000,0x0000,0x0000,0x0000,0x0000,0x0000,0x0000,
	0x0000,0x0000,0x0000,0x0000,0x0000,0x0000,0x0000,0x0000,
	0x0000,0x0000,0x0000,0x0000,0x0000,0x0000,0x0000,0x0000,
	0x0000,0x0000,0x0000,0x0000,0x0000,0x0000,0x0000,0x0000,
	0x0000,0x0000,0x0000,0x0000,0x0000,0x0000,0x0000,0x0000,
	0x0000,0x0000,0x0000,0x0000,0x0000,0x0000,0x0000,0x0000,

	0x0000,0x0000,0x0000,0x0000,0x0000,0x0000,0x0000,0x0000,
	0x0000,0x0000,0x0000,0x0000,0x0000,0x0000,0x0000,0x0000,
	0x0000,0x0000,0x0000,0x0000,0x0000,0x0000,0x0000,0x0000,
	0x0000,0x0000,0x0000,0x0000,0x0000,0x0000,0x0000,0x0000,
	0x0000,0x0000,0x0000,0x0000,0x0000,0x0000,0x0000,0x0000,
	0x0000,0x0000,0x0000,0x0000,0x0000,0x0000,0x0000,0x0000,
	0x0000,0x0000,0x0000,0x0000,0x0000,0x0000,0x0000,0x0000,
	0x0000,0x0000,0x0000,0x0000,0x0000,0x0000,0x0000,0x0000,

	0x0000,0x0000,0x0000,0x0000,0x0000,0x0000,0x0000,0x0000,
	0x0000,0x0000,0x0000,0x0000,0x0000,0x0000,0x0000,0x0000,
	0x0000,0x0000,0x0000,0x0000,0x0000,0x0000,0x0000,0x0000,
	0x0000,0x0000,0x0000,0x0000,0x0000,0x0000,0x0000,0x0000,
	0x0000,0x0000,0x0000,0x0000,0x0000,0x0000,0x0000,0x0000,
	0x0000,0x0000,0x0000,0x0000,0x0000,0x0000,0x0000,0x0000,
	0x0000,0x0000,0x0000,0x0000,0x0000,0x0000,0x0000,0x0000,
	0x0000,0x0000,0x0000,0x0000,0x0000,0x0000,0x0000,0x0000,

	0x0000,0x0000,0x0000,0x0000,0x0000,0x0000,0x0000,0x0000,
	0x0000,0x0000,0x0000,0x0000,0x0000,0x0000,0x0000,0x0000,
	0x0000,0x0000,0x0000,0x0000,0x0000,0x0000,0x0000,0x0000,
	0x0000,0x0000,0x0000,0x0000,0x0000,0x0000,0x0000,0x0000,
	0x0000,0x0000,0x0000,0x0000,0x0000,0x0000,0x0000,0x0000,
	0x0000,0x0000,0x0000,0x0000,0x0000,0x0000,0x0000,0x0000,
	0x0000,0x0000,0x0000,0x0000,0x0000,0x0000,0x0000,0x0000,
	0x0000,0x0000,0x0000,0x0000,0x0000,0x0000,0x0000,0x0000,

	0x0000,0x0000,0x0000,0x0000,0x0000,0x0000,0x0000,0x0000,
	0x0000,0x0000,0x0000,0x0000,0x0000,0x0000,0x0000,0x0000,
	0x0000,0x0000,0x0000,0x0000,0x0000,0x0000,0x0000,0x0000,
	0x0000,0x0000,0x0000,0x0000,0x0000,0x0000,0x0000,0x0000,
	0x0000,0x0000,0x0000,0x0000,0x0000,0x0000,0x0000,0x0000,
	0x0000,0x0000,0x0000,0x0000,0x0000,0x0000,0x0000,0x0000,
	0x0000,0x0000,0x0000,0x0000,0x0000,0x0000,0x0000,0x0000,
	0x0000,0x0000,0x0000,0x0000,0x0000,0x0000,0x0000,0x0000,

	0x0000,0x0000,0x0000,0x0000,0x0000,0x0000,0x0000,0x0000,
	0x0000,0x0000,0x0000,0x0000,0x0000,0x0000,0x0000,0x0000,
	0x0000,0x0000,0x0000,0x0000,0x0000,0x0000,0x0000,0x0000,
	0x0000,0x0000,0x0000,0x0000,0x0000,0x0000,0x0000,0x0000,
	0x0000,0x0000,0x0000,0x0000,0x0000,0x0000,0x0000,0x0000,
	0x0000,0x0000,0x0000,0x0000,0x0000,0x0000,0x0000,0x0000,
	0x0000,0x0000,0x0000,0x0000,0x0000,0x0000,0x0000,0x0000,
	0x0000,0x0000,0x0000,0x0000,0x0000,0x0000,0x0000,0x0000,

	0x0000,0x0000,0x0000,0x0000,0x0000,0x0000,0x0000,0x0000,
	0x0000,0x0000,0x0000,0x0000,0x0000,0x0000,0x0000,0x0000,
	0x0000,0x0000,0x0000,0x0000,0x0000,0x0000,0x0000,0x0000,
	0x0000,0x0000,0x0000,0x0000,0x0000,0x0000,0x0000,0x0000,
	0x0000,0x0000,0x0000,0x0000,0x0000,0x0000,0x0000,0x0000,
	0x0000,0x0000,0x0000,0x0000,0x0000,0x0000,0x0000,0x0000,
	0x0000,0x0000,0x0000,0x0000,0x0000,0x0000,0x0000,0x0000,
	0x0000,0x0000,0x0000,0x0000,0x0000,0x0000,0x0000,0x0000,

	0x0000,0x0000,0x0000,0x0000,0x0000,0x0000,0x0000,0x0000,
	0x0000,0x0000,0x0000,0x0000,0x0000,0x0000,0x0000,0x0000,
	0x0000,0x0000,0x0000,0x0000,0x0000,0x0000,0x0000,0x0000,
	0x0000,0x0000,0x0000,0x0000,0x0000,0x0000,0x0000,0x0000,
	0x0000,0x0000,0x0000,0x0000,0x0000,0x0000,0x0000,0x0000,
	0x0000,0x0000,0x0000,0x0000,0x0000,0x0000,0x0000,0x0000,
	0x0000,0x0000,0x0000,0x0000,0x0000,0x0000,0x0000,0x0000,
	0x0000,0x0000,0x0000,0x0000,0x0000,0x0000,0x0000,0x0000,

	0x0000,0x0000,0x0000,0x0000,0x0000,0x0000,0x0000,0x0000,
	0x0000,0x0000,0x0000,0x0000,0x0000,0x0000,0x0000,0x0000,
	0x0000,0x0000,0x0000,0x0000,0x0000,0x0000,0x0000,0x0000,
	0x0000,0x0000,0x0000,0x0000,0x0000,0x0000,0x0000,0x0000,
	0x0000,0x0000,0x0000,0x0000,0x0000,0x0000,0x0000,0x0000,
	0x0000,0x0000,0x0000,0x0000,0x0000,0x0000,0x0000,0x0000,
	0x0000,0x0000,0x0000,0x0000,0x0000,0x0000,0x0000,0x0000,
	0x0000,0x0000,0x0000,0x0000,0x0000,0x0000,0x0000,0x0000,

	0x0000,0x0000,0x0000,0x0000,0x0000,0x0000,0x0000,0x0000,
	0x0000,0x0000,0x0000,0x0000,0x0000,0x0000,0x0000,0x0000,
	0x0000,0x0000,0x0000,0x0000,0x0000,0x0000,0x0000,0x0000,
	0x0000,0x0000,0x0000,0x0000,0x0000,0x0000,0x0000,0x0000,
	0x0000,0x0000,0x0000,0x0000,0x0000,0x0000,0x0000,0x0000,
	0x0000,0x0000,0x0000,0x0000,0x0000,0x0000,0x0000,0x0000,
	0x0000,0x0000,0x0000,0x0000,0x0000,0x0000,0x0000,0x0000,
	0x0000,0x0000,0x0000,0x0000,0x0000,0x0000,0x0000,0x0000,

	0x0000,0x0000,0x0000,0x0000,0x0000,0x0000,0x0000,0x0000,
	0x0000,0x0000,0x0000,0x0000,0x0000,0x0000,0x0000,0x0000,
	0x0000,0x0000,0x0000,0x0000,0x0000,0x0000,0x0000,0x0000,
	0x0000,0x0000,0x0000,0x0000,0x0000,0x0000,0x0000,0x0000,
	0x0000,0x0000,0x0000,0x0000,0x0000,0x0000,0x0000,0x0000,
	0x0000,0x0000,0x0000,0x0000,0x0000,0x0000,0x0000,0x0000,
	0x0000,0x0000,0x0000,0x0000,0x0000,0x0000,0x0000,0x0000,
	0x0000,0x0000,0x0000,0x0000,0x0000,0x0000,0x0000,0x0000,

	0x0000,0x0000,0x0000,0x0000,0x0000,0x0000,0x0000,0x0000,
	0x0000,0x0000,0x0000,0x0000,0x0000,0x0000,0x0000,0x0000,
	0x0000,0x0000,0x0000,0x0000,0x0000,0x0000,0x0000,0x0000,
	0x0000,0x0000,0x0000,0x0000,0x0000,0x0000,0x0000,0x0000,
	0x0000,0x0000,0x0000,0x0000,0x0000,0x0000,0x0000,0x0000,
	0x0000,0x0000,0x0000,0x0000,0x0000,0x0000,0x0000,0x0000,
	0x0000,0x0000,0x0000,0x0000,0x0000,0x0000,0x0000,0x0000,
	0x0000,0x0000,0x0000,0x0000,0x0000,0x0000,0x0000,0x0000,

	0x0000,0x0000,0x0000,0x0000,0x0000,0x0000,0x0000,0x0000,
	0x0000,0x0000,0x0000,0x0000,0x0000,0x0000,0x0000,0x0000,
	0x0000,0x0000,0x0000,0x0000,0x0000,0x0000,0x0000,0x0000,
	0x0000,0x0000,0x0000,0x0000,0x0000,0x0000,0x0000,0x0000,
	0x0000,0x0000,0x0000,0x0000,0x0000,0x0000,0x0000,0x0000,
	0x0000,0x0000,0x0000,0x0000,0x0000,0x0000,0x0000,0x0000,
	0x0000,0x0000,0x0000,0x0000,0x0000,0x0000,0x0000,0x0000,
	0x0000,0x0000,0x0000,0x0000,0x0000,0x0000,0x0000,0x0000,

	0x0000,0x0000,0x0000,0x0000,0x0000,0x0000,0x0000,0x0000,
	0x0000,0x0000,0x0000,0x0000,0x0000,0x0000,0x0000,0x0000,
	0x0000,0x0000,0x0000,0x0000,0x0000,0x0000,0x0000,0x0000,
	0x0000,0x0000,0x0000,0x0000,0x0000,0x0000,0x0000,0x0000,
	0x0000,0x0000,0x0000,0x0000,0x0000,0x0000,0x0000,0x0000,
	0x0000,0x0000,0x0000,0x0000,0x0000,0x0000,0x0000,0x0000,
	0x0000,0x0000,0x0000,0x0000,0x0000,0x0000,0x0000,0x0000,
	0x0000,0x0000,0x0000,0x0000,0x0000,0x0000,0x0000,0x0000,

	0x0000,0x0000,0x0000,0x0000,0x0000,0x0000,0x0000,0x0000,
	0x0000,0x0000,0x0000,0x0000,0x0000,0x0000,0x0000,0x0000,
	0x0000,0x0000,0x0000,0x0000,0x0000,0x0000,0x0000,0x0000,
	0x0000,0x0000,0x0000,0x0000,0x0000,0x0000,0x0000,0x0000,
	0x0000,0x0000,0x0000,0x0000,0x0000,0x0000,0x0000,0x0000,
	0x0000,0x0000,0x0000,0x0000,0x0000,0x0000,0x0000,0x0000,
	0x0000,0x0000,0x0000,0x0000,0x0000,0x0000,0x0000,0x0000,
	0x0000,0x0000,0x0000,0x0000,0x0000,0x0000,0x0000,0x0000,

	0x0000,0x0000,0x0000,0x0000,0x0000,0x0000,0x0000,0x0000,
	0x0000,0x0000,0x0000,0x0000,0x0000,0x0000,0x0000,0x0000,
	0x0000,0x0000,0x0000,0x0000,0x0000,0x0000,0x0000,0x0000,
	0x0000,0x0000,0x0000,0x0000,0x0000,0x0000,0x0000,0x0000,
	0x0000,0x0000,0x0000,0x0000,0x0000,0x0000,0x0000,0x0000,
	0x0000,0x0000,0x0000,0x0000,0x0000,0x0000,0x0000,0x0000,
	0x0000,0x0000,0x0000,0x0000,0x0000,0x0000,0x0000,0x0000,
	0x0000,0x0000,0x0000,0x0000,0x0000,0x0000,0x0000,0x0000,

	0x0000,0x0000,0x0000,0x0000,0x0000,0x0000,0x0000,0x0000,
	0x0000,0x0000,0x0000,0x0000,0x0000,0x0000,0x0000,0x0000,
	0x0000,0x0000,0x0000,0x0000,0x0000,0x0000,0x0000,0x0000,
	0x0000,0x0000,0x0000,0x0000,0x0000,0x0000,0x0000,0x0000,
	0x0000,0x0000,0x0000,0x0000,0x0000,0x0000,0x0000,0x0000,
	0x0000,0x0000,0x0000,0x0000,0x0000,0x0000,0x0000,0x0000,
	0x0000,0x0000,0x0000,0x0000,0x0000,0x0000,0x0000,0x0000,
	0x0000,0x0000,0x0000,0x0000,0x0000,0x0000,0x0000,0x0000,

	0x0000,0x0000,0x0000,0x0000,0x0000,0x0000,0x0000,0x0000,
	0x0000,0x0000,0x0000,0x0000,0x0000,0x0000,0x0000,0x0000,
	0x0000,0x0000,0x0000,0x0000,0x0000,0x0000,0x0000,0x0000,
	0x0000,0x0000,0x0000,0x0200,0x0000,0x0000,0x0000,0x0200,
	0x0000,0x0202,0x0505,0x0505,0x0000,0x0202,0x0505,0x0505,
	0x0200,0x0202,0x0505,0x0505,0x0200,0x0502,0x0505,0x0505,
	0x0202,0x0502,0x0505,0x0505,0x0202,0x0505,0x0505,0x0505,
	0x0202,0x0505,0x0505,0x0505,0x0502,0x0505,0x0505,0x0505,

	0x0505,0x0505,0x0505,0x0505,0x0505,0x0505,0x0505,0x0505,
	0x0505,0x0505,0x0505,0x0505,0x0505,0x0505,0x0505,0x0505,
	0x0505,0x0505,0x0505,0x0505,0x0505,0x0505,0x0505,0x0505,
	0x0505,0x0505,0x0505,0x0505,0x0505,0x0505,0x0505,0x0505,
	0x0505,0x0505,0x0505,0x0505,0x0505,0x0505,0x0505,0x0505,
	0x0505,0x0505,0x0505,0x0505,0x0505,0x0505,0x0505,0x0505,
	0x0505,0x0505,0x0505,0x0505,0x0505,0x0505,0x0505,0x0505,
	0x0505,0x0505,0x0505,0x0505,0x0505,0x0505,0x0505,0x0505,

	0x0707,0x0307,0x0404,0x0606,0x0707,0x0307,0x0404,0x0606,
	0x0707,0x0407,0x0404,0x0606,0x0707,0x0407,0x0404,0x0606,
	0x0707,0x0407,0x0404,0x0606,0x0707,0x0407,0x0404,0x0606,
	0x0707,0x0407,0x0404,0x0606,0x0707,0x0407,0x0404,0x0606,
	0x0106,0x0501,0x0505,0x0505,0x0106,0x0505,0x0505,0x0505,
	0x0106,0x0505,0x0505,0x0505,0x0106,0x0505,0x0505,0x0505,
	0x0106,0x0505,0x0505,0x0505,0x0106,0x0505,0x0505,0x0505,
	0x0101,0x0505,0x0505,0x0505,0x0101,0x0505,0x0505,0x0505,

	0x0505,0x0505,0x0505,0x0505,0x0505,0x0505,0x0505,0x0505,
	0x0505,0x0505,0x0505,0x0505,0x0505,0x0505,0x0505,0x0505,
	0x0505,0x0505,0x0505,0x0505,0x0505,0x0505,0x0505,0x0505,
	0x0505,0x0505,0x0505,0x0505,0x0505,0x0505,0x0505,0x0505,
	0x0505,0x0002,0x0000,0x0000,0x0505,0x0002,0x0000,0x0000,
	0x0205,0x0002,0x0000,0x0000,0x0205,0x0002,0x0000,0x0000,
	0x0205,0x0002,0x0000,0x0000,0x0205,0x0002,0x0000,0x0000,
	0x0205,0x0002,0x0000,0x0000,0x0205,0x0002,0x0000,0x0000,

	0x0000,0x0000,0x0000,0x0000,0x0000,0x0000,0x0000,0x0000,
	0x0000,0x0000,0x0000,0x0000,0x0000,0x0000,0x0000,0x0000,
	0x0000,0x0000,0x0000,0x0000,0x0000,0x0000,0x0000,0x0000,
	0x0000,0x0000,0x0000,0x0000,0x0000,0x0000,0x0000,0x0000,
	0x0000,0x0000,0x0000,0x0000,0x0000,0x0000,0x0000,0x0000,
	0x0000,0x0000,0x0000,0x0000,0x0000,0x0000,0x0000,0x0000,
	0x0000,0x0000,0x0000,0x0000,0x0000,0x0000,0x0000,0x0000,
	0x0000,0x0000,0x0000,0x0000,0x0000,0x0000,0x0000,0x0000,

	0x0000,0x0000,0x0000,0x0000,0x0000,0x0000,0x0000,0x0000,
	0x0000,0x0000,0x0000,0x0000,0x0000,0x0000,0x0000,0x0000,
	0x0000,0x0000,0x0000,0x0000,0x0000,0x0000,0x0000,0x0000,
	0x0000,0x0000,0x0000,0x0000,0x0000,0x0000,0x0000,0x0000,
	0x0000,0x0000,0x0000,0x0000,0x0000,0x0000,0x0000,0x0000,
	0x0000,0x0000,0x0000,0x0000,0x0000,0x0000,0x0000,0x0000,
	0x0000,0x0000,0x0000,0x0000,0x0000,0x0000,0x0000,0x0000,
	0x0000,0x0000,0x0000,0x0000,0x0000,0x0000,0x0000,0x0000,

	0x0000,0x0000,0x0000,0x0000,0x0000,0x0000,0x0000,0x0000,
	0x0000,0x0000,0x0000,0x0000,0x0000,0x0000,0x0000,0x0000,
	0x0000,0x0000,0x0000,0x0000,0x0000,0x0000,0x0000,0x0000,
	0x0000,0x0000,0x0000,0x0000,0x0000,0x0000,0x0000,0x0000,
	0x0000,0x0000,0x0000,0x0000,0x0000,0x0000,0x0000,0x0000,
	0x0000,0x0000,0x0000,0x0000,0x0000,0x0000,0x0000,0x0000,
	0x0000,0x0000,0x0000,0x0000,0x0000,0x0000,0x0000,0x0000,
	0x0000,0x0000,0x0000,0x0000,0x0000,0x0000,0x0000,0x0000,

	0x0000,0x0000,0x0000,0x0000,0x0000,0x0000,0x0000,0x0000,
	0x0000,0x0000,0x0000,0x0000,0x0000,0x0000,0x0000,0x0000,
	0x0000,0x0000,0x0000,0x0000,0x0000,0x0000,0x0000,0x0000,
	0x0000,0x0000,0x0000,0x0000,0x0000,0x0000,0x0000,0x0000,
	0x0000,0x0000,0x0000,0x0000,0x0000,0x0000,0x0000,0x0000,
	0x0000,0x0000,0x0000,0x0000,0x0000,0x0000,0x0000,0x0000,
	0x0000,0x0000,0x0000,0x0000,0x0000,0x0000,0x0000,0x0000,
	0x0000,0x0000,0x0000,0x0000,0x0000,0x0000,0x0000,0x0000,

	0x0000,0x0000,0x0000,0x0000,0x0000,0x0000,0x0000,0x0000,
	0x0000,0x0000,0x0000,0x0000,0x0000,0x0000,0x0000,0x0000,
	0x0000,0x0000,0x0000,0x0000,0x0000,0x0000,0x0000,0x0000,
	0x0000,0x0000,0x0000,0x0000,0x0000,0x0000,0x0000,0x0000,
	0x0000,0x0000,0x0000,0x0000,0x0000,0x0000,0x0000,0x0000,
	0x0000,0x0000,0x0000,0x0000,0x0000,0x0000,0x0000,0x0000,
	0x0000,0x0000,0x0000,0x0000,0x0000,0x0000,0x0000,0x0000,
	0x0000,0x0000,0x0000,0x0000,0x0000,0x0000,0x0000,0x0000,

	0x0000,0x0000,0x0000,0x0000,0x0000,0x0000,0x0000,0x0000,
	0x0000,0x0000,0x0000,0x0000,0x0000,0x0000,0x0000,0x0000,
	0x0000,0x0000,0x0000,0x0000,0x0000,0x0000,0x0000,0x0000,
	0x0000,0x0000,0x0000,0x0000,0x0000,0x0000,0x0000,0x0000,
	0x0000,0x0000,0x0000,0x0000,0x0000,0x0000,0x0000,0x0000,
	0x0000,0x0000,0x0000,0x0000,0x0000,0x0000,0x0000,0x0000,
	0x0000,0x0000,0x0000,0x0000,0x0000,0x0000,0x0000,0x0000,
	0x0000,0x0000,0x0000,0x0000,0x0000,0x0000,0x0000,0x0000,

	0x0000,0x0000,0x0000,0x0000,0x0000,0x0000,0x0000,0x0000,
	0x0000,0x0000,0x0000,0x0000,0x0000,0x0000,0x0000,0x0000,
	0x0000,0x0000,0x0000,0x0000,0x0000,0x0000,0x0000,0x0000,
	0x0000,0x0000,0x0000,0x0000,0x0000,0x0000,0x0000,0x0000,
	0x0000,0x0000,0x0000,0x0000,0x0000,0x0000,0x0000,0x0000,
	0x0000,0x0000,0x0000,0x0000,0x0000,0x0000,0x0000,0x0000,
	0x0000,0x0000,0x0000,0x0000,0x0000,0x0000,0x0000,0x0000,
	0x0000,0x0000,0x0000,0x0000,0x0000,0x0000,0x0000,0x0000,

	0x0000,0x0000,0x0000,0x0000,0x0000,0x0000,0x0000,0x0000,
	0x0000,0x0000,0x0000,0x0000,0x0000,0x0000,0x0000,0x0000,
	0x0000,0x0000,0x0000,0x0000,0x0000,0x0000,0x0000,0x0000,
	0x0000,0x0000,0x0000,0x0000,0x0000,0x0000,0x0000,0x0000,
	0x0000,0x0000,0x0000,0x0000,0x0000,0x0000,0x0000,0x0000,
	0x0000,0x0000,0x0000,0x0000,0x0000,0x0000,0x0000,0x0000,
	0x0000,0x0000,0x0000,0x0000,0x0000,0x0000,0x0000,0x0000,
	0x0000,0x0000,0x0000,0x0000,0x0000,0x0000,0x0000,0x0000,

	0x0000,0x0000,0x0000,0x0000,0x0000,0x0000,0x0000,0x0000,
	0x0000,0x0000,0x0000,0x0000,0x0000,0x0000,0x0000,0x0000,
	0x0000,0x0000,0x0000,0x0000,0x0000,0x0000,0x0000,0x0000,
	0x0000,0x0000,0x0000,0x0000,0x0000,0x0000,0x0000,0x0000,
	0x0000,0x0000,0x0000,0x0000,0x0000,0x0000,0x0000,0x0000,
	0x0000,0x0000,0x0000,0x0000,0x0000,0x0000,0x0000,0x0000,
	0x0000,0x0000,0x0000,0x0000,0x0000,0x0000,0x0000,0x0000,
	0x0000,0x0000,0x0000,0x0000,0x0000,0x0000,0x0000,0x0000,

	0x0000,0x0000,0x0000,0x0000,0x0000,0x0000,0x0000,0x0000,
	0x0000,0x0000,0x0000,0x0000,0x0000,0x0000,0x0000,0x0000,
	0x0000,0x0000,0x0000,0x0000,0x0000,0x0000,0x0000,0x0000,
	0x0000,0x0000,0x0000,0x0000,0x0000,0x0000,0x0000,0x0000,
	0x0000,0x0000,0x0000,0x0000,0x0000,0x0000,0x0000,0x0000,
	0x0000,0x0000,0x0000,0x0000,0x0000,0x0000,0x0000,0x0000,
	0x0000,0x0000,0x0000,0x0000,0x0000,0x0000,0x0000,0x0000,
	0x0000,0x0000,0x0000,0x0000,0x0000,0x0000,0x0000,0x0000,

	0x0000,0x0000,0x0000,0x0000,0x0000,0x0000,0x0000,0x0000,
	0x0000,0x0000,0x0000,0x0000,0x0000,0x0000,0x0000,0x0000,
	0x0000,0x0000,0x0000,0x0000,0x0000,0x0000,0x0000,0x0000,
	0x0000,0x0000,0x0000,0x0000,0x0000,0x0000,0x0000,0x0000,
	0x0000,0x0000,0x0000,0x0000,0x0000,0x0000,0x0000,0x0000,
	0x0000,0x0000,0x0000,0x0000,0x0000,0x0000,0x0000,0x0000,
	0x0000,0x0000,0x0000,0x0000,0x0000,0x0000,0x0000,0x0000,
	0x0000,0x0000,0x0000,0x0000,0x0000,0x0000,0x0000,0x0000,

	0x0000,0x0000,0x0000,0x0000,0x0000,0x0000,0x0000,0x0000,
	0x0000,0x0000,0x0000,0x0000,0x0000,0x0000,0x0000,0x0000,
	0x0000,0x0000,0x0000,0x0000,0x0000,0x0000,0x0000,0x0000,
	0x0000,0x0000,0x0000,0x0000,0x0000,0x0000,0x0000,0x0000,
	0x0000,0x0000,0x0000,0x0000,0x0000,0x0000,0x0000,0x0000,
	0x0000,0x0000,0x0000,0x0000,0x0000,0x0000,0x0000,0x0000,
	0x0000,0x0000,0x0000,0x0000,0x0000,0x0000,0x0000,0x0000,
	0x0000,0x0000,0x0000,0x0000,0x0000,0x0000,0x0000,0x0000,

	0x0000,0x0000,0x0000,0x0000,0x0000,0x0000,0x0000,0x0000,
	0x0000,0x0000,0x0000,0x0000,0x0000,0x0000,0x0000,0x0000,
	0x0000,0x0000,0x0000,0x0000,0x0000,0x0000,0x0000,0x0000,
	0x0000,0x0000,0x0000,0x0000,0x0000,0x0000,0x0000,0x0000,
	0x0000,0x0000,0x0000,0x0000,0x0000,0x0000,0x0000,0x0000,
	0x0000,0x0000,0x0000,0x0000,0x0000,0x0000,0x0000,0x0000,
	0x0000,0x0000,0x0000,0x0000,0x0000,0x0000,0x0000,0x0000,
	0x0000,0x0000,0x0000,0x0000,0x0000,0x0000,0x0000,0x0000,

	0x0000,0x0000,0x0000,0x0000,0x0000,0x0000,0x0000,0x0000,
	0x0000,0x0000,0x0000,0x0000,0x0000,0x0000,0x0000,0x0000,
	0x0000,0x0000,0x0000,0x0000,0x0000,0x0000,0x0000,0x0000,
	0x0000,0x0000,0x0000,0x0000,0x0000,0x0000,0x0000,0x0000,
	0x0000,0x0000,0x0000,0x0000,0x0000,0x0000,0x0000,0x0000,
	0x0000,0x0000,0x0000,0x0000,0x0000,0x0000,0x0000,0x0000,
	0x0000,0x0000,0x0000,0x0000,0x0000,0x0000,0x0000,0x0000,
	0x0000,0x0000,0x0000,0x0000,0x0000,0x0000,0x0000,0x0000,

	0x0000,0x0000,0x0000,0x0000,0x0000,0x0000,0x0000,0x0000,
	0x0000,0x0000,0x0000,0x0000,0x0000,0x0000,0x0000,0x0000,
	0x0000,0x0000,0x0000,0x0000,0x0000,0x0000,0x0000,0x0000,
	0x0000,0x0000,0x0000,0x0000,0x0000,0x0000,0x0000,0x0000,
	0x0000,0x0000,0x0000,0x0000,0x0000,0x0000,0x0000,0x0000,
	0x0000,0x0000,0x0000,0x0000,0x0000,0x0000,0x0000,0x0000,
	0x0000,0x0000,0x0000,0x0000,0x0000,0x0000,0x0000,0x0000,
	0x0000,0x0000,0x0000,0x0000,0x0000,0x0000,0x0000,0x0000,

	0x0000,0x0000,0x0000,0x0000,0x0000,0x0000,0x0000,0x0000,
	0x0000,0x0000,0x0000,0x0000,0x0000,0x0000,0x0000,0x0000,
	0x0000,0x0000,0x0000,0x0000,0x0000,0x0000,0x0000,0x0000,
	0x0000,0x0000,0x0000,0x0000,0x0000,0x0000,0x0000,0x0000,
	0x0000,0x0000,0x0000,0x0000,0x0000,0x0000,0x0000,0x0000,
	0x0000,0x0000,0x0000,0x0000,0x0000,0x0000,0x0000,0x0000,
	0x0000,0x0000,0x0000,0x0000,0x0000,0x0000,0x0000,0x0000,
	0x0000,0x0000,0x0000,0x0000,0x0000,0x0000,0x0000,0x0000,

	0x0000,0x0000,0x0000,0x0000,0x0000,0x0000,0x0000,0x0000,
	0x0000,0x0000,0x0000,0x0000,0x0000,0x0000,0x0000,0x0000,
	0x0000,0x0000,0x0000,0x0000,0x0000,0x0000,0x0000,0x0000,
	0x0000,0x0000,0x0000,0x0000,0x0000,0x0000,0x0000,0x0000,
	0x0000,0x0000,0x0000,0x0000,0x0000,0x0000,0x0000,0x0000,
	0x0000,0x0000,0x0000,0x0000,0x0000,0x0000,0x0000,0x0000,
	0x0000,0x0000,0x0000,0x0000,0x0000,0x0000,0x0000,0x0000,
	0x0000,0x0000,0x0000,0x0000,0x0000,0x0000,0x0000,0x0000,

	0x0000,0x0000,0x0000,0x0000,0x0000,0x0000,0x0000,0x0000,
	0x0000,0x0000,0x0000,0x0000,0x0000,0x0000,0x0000,0x0000,
	0x0000,0x0000,0x0000,0x0000,0x0000,0x0000,0x0000,0x0000,
	0x0000,0x0000,0x0000,0x0000,0x0000,0x0000,0x0000,0x0000,
	0x0000,0x0000,0x0000,0x0000,0x0000,0x0000,0x0000,0x0000,
	0x0000,0x0000,0x0000,0x0000,0x0000,0x0000,0x0000,0x0000,
	0x0000,0x0000,0x0000,0x0000,0x0000,0x0000,0x0000,0x0000,
	0x0000,0x0000,0x0000,0x0000,0x0000,0x0000,0x0000,0x0000,

	0x0000,0x0000,0x0000,0x0000,0x0000,0x0000,0x0000,0x0000,
	0x0000,0x0000,0x0000,0x0000,0x0000,0x0000,0x0000,0x0000,
	0x0000,0x0000,0x0000,0x0000,0x0000,0x0000,0x0000,0x0000,
	0x0000,0x0000,0x0000,0x0000,0x0000,0x0000,0x0000,0x0000,
	0x0000,0x0000,0x0000,0x0000,0x0000,0x0000,0x0000,0x0000,
	0x0000,0x0000,0x0000,0x0000,0x0000,0x0000,0x0000,0x0000,
	0x0000,0x0000,0x0000,0x0000,0x0000,0x0000,0x0000,0x0000,
	0x0000,0x0000,0x0000,0x0000,0x0000,0x0000,0x0000,0x0000,

	0x0000,0x0000,0x0000,0x0000,0x0000,0x0000,0x0000,0x0000,
	0x0000,0x0000,0x0000,0x0000,0x0000,0x0000,0x0000,0x0000,
	0x0000,0x0000,0x0000,0x0000,0x0000,0x0000,0x0000,0x0000,
	0x0000,0x0000,0x0000,0x0000,0x0000,0x0000,0x0000,0x0000,
	0x0000,0x0000,0x0000,0x0000,0x0000,0x0000,0x0000,0x0000,
	0x0000,0x0000,0x0000,0x0000,0x0000,0x0000,0x0000,0x0000,
	0x0000,0x0000,0x0000,0x0000,0x0000,0x0000,0x0000,0x0000,
	0x0000,0x0000,0x0000,0x0000,0x0000,0x0000,0x0000,0x0000,

	0x0000,0x0000,0x0000,0x0000,0x0000,0x0000,0x0000,0x0000,
	0x0000,0x0000,0x0000,0x0000,0x0000,0x0000,0x0000,0x0000,
	0x0000,0x0000,0x0000,0x0000,0x0000,0x0000,0x0000,0x0000,
	0x0000,0x0000,0x0000,0x0000,0x0000,0x0000,0x0000,0x0000,
	0x0000,0x0000,0x0000,0x0000,0x0000,0x0000,0x0000,0x0000,
	0x0000,0x0000,0x0000,0x0000,0x0000,0x0000,0x0000,0x0000,
	0x0000,0x0000,0x0000,0x0000,0x0000,0x0000,0x0000,0x0000,
	0x0000,0x0000,0x0000,0x0000,0x0000,0x0000,0x0000,0x0000,

	0x0000,0x0000,0x0000,0x0000,0x0000,0x0000,0x0000,0x0000,
	0x0000,0x0000,0x0000,0x0000,0x0000,0x0000,0x0000,0x0000,
	0x0000,0x0000,0x0000,0x0000,0x0000,0x0000,0x0000,0x0000,
	0x0000,0x0000,0x0000,0x0000,0x0000,0x0000,0x0000,0x0000,
	0x0000,0x0000,0x0000,0x0000,0x0000,0x0000,0x0000,0x0000,
	0x0000,0x0000,0x0000,0x0000,0x0000,0x0000,0x0000,0x0000,
	0x0000,0x0000,0x0000,0x0000,0x0000,0x0000,0x0000,0x0000,
	0x0000,0x0000,0x0000,0x0000,0x0000,0x0000,0x0000,0x0000,

	0x0000,0x0000,0x0000,0x0000,0x0000,0x0000,0x0000,0x0000,
	0x0000,0x0000,0x0000,0x0000,0x0000,0x0000,0x0000,0x0000,
	0x0000,0x0000,0x0000,0x0000,0x0000,0x0000,0x0000,0x0000,
	0x0000,0x0000,0x0000,0x0000,0x0000,0x0000,0x0000,0x0000,
	0x0000,0x0000,0x0000,0x0000,0x0000,0x0000,0x0000,0x0000,
	0x0000,0x0000,0x0000,0x0000,0x0000,0x0000,0x0000,0x0000,
	0x0000,0x0000,0x0000,0x0000,0x0000,0x0000,0x0000,0x0000,
	0x0000,0x0000,0x0000,0x0000,0x0000,0x0000,0x0000,0x0000,

	0x0000,0x0000,0x0000,0x0000,0x0000,0x0000,0x0000,0x0000,
	0x0000,0x0000,0x0000,0x0000,0x0000,0x0000,0x0000,0x0000,
	0x0000,0x0000,0x0000,0x0000,0x0000,0x0000,0x0000,0x0000,
	0x0000,0x0000,0x0000,0x0000,0x0000,0x0000,0x0000,0x0000,
	0x0000,0x0000,0x0000,0x0000,0x0000,0x0000,0x0000,0x0000,
	0x0000,0x0000,0x0000,0x0000,0x0000,0x0000,0x0000,0x0000,
	0x0000,0x0000,0x0000,0x0000,0x0000,0x0000,0x0000,0x0000,
	0x0000,0x0000,0x0000,0x0000,0x0000,0x0000,0x0000,0x0000,

	0x0000,0x0000,0x0000,0x0000,0x0000,0x0000,0x0000,0x0000,
	0x0000,0x0000,0x0000,0x0000,0x0000,0x0000,0x0000,0x0000,
	0x0000,0x0000,0x0000,0x0000,0x0000,0x0000,0x0000,0x0000,
	0x0000,0x0000,0x0000,0x0000,0x0000,0x0000,0x0000,0x0000,
	0x0000,0x0000,0x0000,0x0000,0x0000,0x0000,0x0000,0x0000,
	0x0000,0x0000,0x0000,0x0000,0x0000,0x0000,0x0000,0x0000,
	0x0000,0x0000,0x0000,0x0000,0x0000,0x0000,0x0000,0x0000,
	0x0000,0x0000,0x0000,0x0000,0x0000,0x0000,0x0000,0x0000,

	0x0000,0x0000,0x0000,0x0000,0x0000,0x0000,0x0000,0x0000,
	0x0000,0x0000,0x0000,0x0000,0x0000,0x0000,0x0000,0x0000,
	0x0000,0x0000,0x0000,0x0000,0x0000,0x0000,0x0000,0x0000,
	0x0000,0x0000,0x0000,0x0000,0x0000,0x0000,0x0000,0x0000,
	0x0000,0x0000,0x0000,0x0000,0x0000,0x0000,0x0000,0x0000,
	0x0000,0x0000,0x0000,0x0000,0x0000,0x0000,0x0000,0x0000,
	0x0000,0x0000,0x0000,0x0000,0x0000,0x0000,0x0000,0x0000,
	0x0000,0x0000,0x0000,0x0000,0x0000,0x0000,0x0000,0x0000,

	0x0000,0x0000,0x0000,0x0000,0x0000,0x0000,0x0000,0x0000,
	0x0000,0x0000,0x0000,0x0000,0x0000,0x0000,0x0000,0x0000,
	0x0000,0x0000,0x0000,0x0000,0x0000,0x0000,0x0000,0x0000,
	0x0000,0x0000,0x0000,0x0000,0x0000,0x0000,0x0000,0x0000,
	0x0000,0x0000,0x0000,0x0000,0x0000,0x0000,0x0000,0x0000,
	0x0000,0x0000,0x0000,0x0000,0x0000,0x0000,0x0000,0x0000,
	0x0000,0x0000,0x0000,0x0000,0x0000,0x0000,0x0000,0x0000,
	0x0000,0x0000,0x0000,0x0000,0x0000,0x0000,0x0000,0x0000,

	0x0000,0x0000,0x0000,0x0000,0x0000,0x0000,0x0000,0x0000,
	0x0000,0x0000,0x0000,0x0000,0x0000,0x0000,0x0000,0x0000,
	0x0000,0x0000,0x0000,0x0000,0x0000,0x0000,0x0000,0x0000,
	0x0000,0x0000,0x0000,0x0000,0x0000,0x0000,0x0000,0x0000,
	0x0000,0x0000,0x0000,0x0000,0x0000,0x0000,0x0000,0x0000,
	0x0000,0x0000,0x0000,0x0000,0x0000,0x0000,0x0000,0x0000,
	0x0000,0x0000,0x0000,0x0000,0x0000,0x0000,0x0000,0x0000,
	0x0000,0x0000,0x0000,0x0000,0x0000,0x0000,0x0000,0x0000,

	0x0000,0x0000,0x0000,0x0202,0x0000,0x0000,0x0000,0x0202,
	0x0000,0x0000,0x0200,0x0202,0x0000,0x0000,0x0202,0x0502,
	0x0000,0x0000,0x0202,0x0505,0x0000,0x0200,0x0202,0x0505,
	0x0000,0x0202,0x0502,0x0505,0x0000,0x0202,0x0505,0x0505,
	0x0502,0x0505,0x0505,0x0505,0x0505,0x0505,0x0505,0x0505,
	0x0505,0x0505,0x0505,0x0505,0x0505,0x0505,0x0505,0x0505,
	0x0505,0x0505,0x0505,0x0505,0x0505,0x0505,0x0505,0x0505,
	0x0505,0x0505,0x0505,0x0505,0x0505,0x0505,0x0505,0x0505,

	0x0505,0x0505,0x0505,0x0505,0x0505,0x0505,0x0505,0x0505,
	0x0505,0x0505,0x0505,0x0505,0x0505,0x0505,0x0505,0x0505,
	0x0505,0x0505,0x0505,0x0505,0x0505,0x0505,0x0505,0x0505,
	0x0505,0x0505,0x0505,0x0505,0x0505,0x0505,0x0505,0x0505,
	0x0505,0x0505,0x0505,0x0505,0x0505,0x0505,0x0505,0x0505,
	0x0505,0x0505,0x0505,0x0505,0x0505,0x0505,0x0505,0x0505,
	0x0505,0x0505,0x0505,0x0505,0x0505,0x0505,0x0505,0x0505,
	0x0505,0x0505,0x0505,0x0505,0x0505,0x0505,0x0505,0x0505,

	0x0707,0x0407,0x0404,0x0606,0x0707,0x0407,0x0404,0x0606,
	0x0707,0x0407,0x0404,0x0606,0x0707,0x0407,0x0404,0x0606,
	0x0707,0x0307,0x0404,0x0606,0x0707,0x0307,0x0404,0x0606,
	0x0707,0x0307,0x0404,0x0606,0x0707,0x0307,0x0404,0x0606,
	0x0101,0x0505,0x0505,0x0505,0x0501,0x0505,0x0505,0x0505,
	0x0501,0x0505,0x0505,0x0505,0x0501,0x0505,0x0505,0x0505,
	0x0501,0x0505,0x0505,0x0505,0x0501,0x0505,0x0505,0x0505,
	0x0501,0x0505,0x0505,0x0505,0x0501,0x0505,0x0505,0x0505,

	0x0505,0x0505,0x0505,0x0505,0x0505,0x0505,0x0505,0x0505,
	0x0505,0x0505,0x0505,0x0505,0x0505,0x0505,0x0505,0x0505,
	0x0505,0x0505,0x0505,0x0505,0x0505,0x0505,0x0505,0x0505,
	0x0505,0x0505,0x0505,0x0505,0x0505,0x0505,0x0505,0x0505,
	0x0205,0x0002,0x0000,0x0000,0x0205,0x0002,0x0000,0x0000,
	0x0205,0x0002,0x0000,0x0000,0x0205,0x0002,0x0000,0x0000,
	0x0205,0x0002,0x0000,0x0000,0x0205,0x0002,0x0000,0x0000,
	0x0205,0x0002,0x0000,0x0000,0x0205,0x0002,0x0000,0x0000,

	0x0000,0x0000,0x0000,0x0000,0x0000,0x0000,0x0000,0x0000,
	0x0000,0x0000,0x0000,0x0000,0x0000,0x0000,0x0000,0x0000,
	0x0000,0x0000,0x0000,0x0000,0x0000,0x0000,0x0000,0x0000,
	0x0000,0x0000,0x0000,0x0000,0x0000,0x0000,0x0000,0x0000,
	0x0000,0x0000,0x0000,0x0000,0x0000,0x0000,0x0000,0x0000,
	0x0000,0x0000,0x0000,0x0000,0x0000,0x0000,0x0000,0x0000,
	0x0000,0x0000,0x0000,0x0000,0x0000,0x0000,0x0000,0x0000,
	0x0000,0x0000,0x0000,0x0000,0x0000,0x0000,0x0000,0x0000,

	0x0000,0x0000,0x0000,0x0000,0x0000,0x0000,0x0000,0x0000,
	0x0000,0x0000,0x0000,0x0000,0x0000,0x0000,0x0000,0x0000,
	0x0000,0x0000,0x0000,0x0000,0x0000,0x0000,0x0000,0x0000,
	0x0000,0x0000,0x0000,0x0000,0x0000,0x0000,0x0000,0x0000,
	0x0000,0x0000,0x0000,0x0000,0x0000,0x0000,0x0000,0x0000,
	0x0000,0x0000,0x0000,0x0000,0x0000,0x0000,0x0000,0x0000,
	0x0000,0x0000,0x0000,0x0000,0x0000,0x0000,0x0000,0x0000,
	0x0000,0x0000,0x0000,0x0000,0x0000,0x0000,0x0000,0x0000,

	0x0000,0x0000,0x0000,0x0000,0x0000,0x0000,0x0000,0x0000,
	0x0000,0x0000,0x0000,0x0000,0x0000,0x0000,0x0000,0x0000,
	0x0000,0x0000,0x0000,0x0000,0x0000,0x0000,0x0000,0x0000,
	0x0000,0x0000,0x0000,0x0000,0x0000,0x0000,0x0000,0x0000,
	0x0000,0x0000,0x0000,0x0000,0x0000,0x0000,0x0000,0x0000,
	0x0000,0x0000,0x0000,0x0000,0x0000,0x0000,0x0000,0x0000,
	0x0000,0x0000,0x0000,0x0000,0x0000,0x0000,0x0000,0x0000,
	0x0000,0x0000,0x0000,0x0000,0x0000,0x0000,0x0000,0x0000,

	0x0000,0x0000,0x0000,0x0000,0x0000,0x0000,0x0000,0x0000,
	0x0000,0x0000,0x0000,0x0000,0x0000,0x0000,0x0000,0x0000,
	0x0000,0x0000,0x0000,0x0000,0x0000,0x0000,0x0000,0x0000,
	0x0000,0x0000,0x0000,0x0000,0x0000,0x0000,0x0000,0x0000,
	0x0000,0x0000,0x0000,0x0000,0x0000,0x0000,0x0000,0x0000,
	0x0000,0x0000,0x0000,0x0000,0x0000,0x0000,0x0000,0x0000,
	0x0000,0x0000,0x0000,0x0000,0x0000,0x0000,0x0000,0x0000,
	0x0000,0x0000,0x0000,0x0000,0x0000,0x0000,0x0000,0x0000,

	0x0000,0x0000,0x0000,0x0000,0x0000,0x0000,0x0000,0x0000,
	0x0000,0x0000,0x0000,0x0000,0x0000,0x0000,0x0000,0x0000,
	0x0000,0x0000,0x0000,0x0000,0x0000,0x0000,0x0000,0x0000,
	0x0000,0x0000,0x0000,0x0000,0x0000,0x0000,0x0000,0x0000,
	0x0000,0x0000,0x0000,0x0000,0x0000,0x0000,0x0000,0x0000,
	0x0000,0x0000,0x0000,0x0000,0x0000,0x0000,0x0000,0x0000,
	0x0000,0x0000,0x0000,0x0000,0x0000,0x0000,0x0000,0x0000,
	0x0000,0x0000,0x0000,0x0000,0x0000,0x0000,0x0000,0x0000,

	0x0000,0x0000,0x0000,0x0000,0x0000,0x0000,0x0000,0x0000,
	0x0000,0x0000,0x0000,0x0000,0x0000,0x0000,0x0000,0x0000,
	0x0000,0x0000,0x0000,0x0000,0x0000,0x0000,0x0000,0x0000,
	0x0000,0x0000,0x0000,0x0000,0x0000,0x0000,0x0000,0x0000,
	0x0000,0x0000,0x0000,0x0000,0x0000,0x0000,0x0000,0x0000,
	0x0000,0x0000,0x0000,0x0000,0x0000,0x0000,0x0000,0x0000,
	0x0000,0x0000,0x0000,0x0000,0x0000,0x0000,0x0000,0x0000,
	0x0000,0x0000,0x0000,0x0000,0x0000,0x0000,0x0000,0x0000,

	0x0000,0x0000,0x0000,0x0000,0x0000,0x0000,0x0000,0x0000,
	0x0000,0x0000,0x0000,0x0000,0x0000,0x0000,0x0000,0x0000,
	0x0000,0x0000,0x0000,0x0000,0x0000,0x0000,0x0000,0x0000,
	0x0000,0x0000,0x0000,0x0000,0x0000,0x0000,0x0000,0x0000,
	0x0000,0x0000,0x0000,0x0000,0x0000,0x0000,0x0000,0x0000,
	0x0000,0x0000,0x0000,0x0000,0x0000,0x0000,0x0000,0x0000,
	0x0000,0x0000,0x0000,0x0000,0x0000,0x0000,0x0000,0x0000,
	0x0000,0x0000,0x0000,0x0000,0x0000,0x0000,0x0000,0x0000,

	0x0000,0x0000,0x0000,0x0000,0x0000,0x0000,0x0000,0x0000,
	0x0000,0x0000,0x0000,0x0000,0x0000,0x0000,0x0000,0x0000,
	0x0000,0x0000,0x0000,0x0000,0x0000,0x0000,0x0000,0x0000,
	0x0000,0x0000,0x0000,0x0000,0x0000,0x0000,0x0000,0x0000,
	0x0000,0x0000,0x0000,0x0000,0x0000,0x0000,0x0000,0x0000,
	0x0000,0x0000,0x0000,0x0000,0x0000,0x0000,0x0000,0x0000,
	0x0000,0x0000,0x0000,0x0000,0x0000,0x0000,0x0000,0x0000,
	0x0000,0x0000,0x0000,0x0000,0x0000,0x0000,0x0000,0x0000,

	0x0000,0x0000,0x0000,0x0000,0x0000,0x0000,0x0000,0x0000,
	0x0000,0x0000,0x0000,0x0000,0x0000,0x0000,0x0000,0x0000,
	0x0000,0x0000,0x0000,0x0000,0x0000,0x0000,0x0000,0x0000,
	0x0000,0x0000,0x0000,0x0000,0x0000,0x0000,0x0000,0x0000,
	0x0000,0x0000,0x0000,0x0000,0x0000,0x0000,0x0000,0x0000,
	0x0000,0x0000,0x0000,0x0000,0x0000,0x0000,0x0000,0x0000,
	0x0000,0x0000,0x0000,0x0000,0x0000,0x0000,0x0000,0x0000,
	0x0000,0x0000,0x0000,0x0000,0x0000,0x0000,0x0000,0x0000,

	0x0000,0x0000,0x0000,0x0000,0x0000,0x0000,0x0000,0x0000,
	0x0000,0x0000,0x0000,0x0000,0x0000,0x0000,0x0000,0x0000,
	0x0000,0x0000,0x0000,0x0000,0x0000,0x0000,0x0000,0x0000,
	0x0000,0x0000,0x0000,0x0000,0x0000,0x0000,0x0000,0x0000,
	0x0000,0x0000,0x0000,0x0000,0x0000,0x0000,0x0000,0x0000,
	0x0000,0x0000,0x0000,0x0000,0x0000,0x0000,0x0000,0x0000,
	0x0000,0x0000,0x0000,0x0000,0x0000,0x0000,0x0000,0x0000,
	0x0000,0x0000,0x0000,0x0000,0x0000,0x0000,0x0000,0x0000,

	0x0000,0x0000,0x0000,0x0000,0x0000,0x0000,0x0000,0x0000,
	0x0000,0x0000,0x0000,0x0000,0x0000,0x0000,0x0000,0x0000,
	0x0000,0x0000,0x0000,0x0000,0x0000,0x0000,0x0000,0x0000,
	0x0000,0x0000,0x0000,0x0000,0x0000,0x0000,0x0000,0x0000,
	0x0000,0x0000,0x0000,0x0000,0x0000,0x0000,0x0000,0x0000,
	0x0000,0x0000,0x0000,0x0000,0x0000,0x0000,0x0000,0x0000,
	0x0000,0x0000,0x0000,0x0000,0x0000,0x0000,0x0000,0x0000,
	0x0000,0x0000,0x0000,0x0000,0x0000,0x0000,0x0000,0x0000,

	0x0000,0x0000,0x0000,0x0000,0x0000,0x0000,0x0000,0x0000,
	0x0000,0x0000,0x0000,0x0000,0x0000,0x0000,0x0000,0x0000,
	0x0000,0x0000,0x0000,0x0000,0x0000,0x0000,0x0000,0x0000,
	0x0000,0x0000,0x0000,0x0000,0x0000,0x0000,0x0000,0x0000,
	0x0000,0x0000,0x0000,0x0000,0x0000,0x0000,0x0000,0x0000,
	0x0000,0x0000,0x0000,0x0000,0x0000,0x0000,0x0000,0x0000,
	0x0000,0x0000,0x0000,0x0000,0x0000,0x0000,0x0000,0x0000,
	0x0000,0x0000,0x0000,0x0000,0x0000,0x0000,0x0000,0x0000,

	0x0000,0x0000,0x0000,0x0000,0x0000,0x0000,0x0000,0x0000,
	0x0000,0x0000,0x0000,0x0000,0x0000,0x0000,0x0000,0x0000,
	0x0000,0x0000,0x0000,0x0000,0x0000,0x0000,0x0000,0x0000,
	0x0000,0x0000,0x0000,0x0000,0x0000,0x0000,0x0000,0x0000,
	0x0000,0x0000,0x0000,0x0000,0x0000,0x0000,0x0000,0x0000,
	0x0000,0x0000,0x0000,0x0000,0x0000,0x0000,0x0000,0x0000,
	0x0000,0x0000,0x0000,0x0000,0x0000,0x0000,0x0000,0x0000,
	0x0000,0x0000,0x0000,0x0000,0x0000,0x0000,0x0000,0x0000,

	0x0000,0x0000,0x0000,0x0000,0x0000,0x0000,0x0000,0x0000,
	0x0000,0x0000,0x0000,0x0000,0x0000,0x0000,0x0000,0x0000,
	0x0000,0x0000,0x0000,0x0000,0x0000,0x0000,0x0000,0x0000,
	0x0000,0x0000,0x0000,0x0000,0x0000,0x0000,0x0000,0x0000,
	0x0000,0x0000,0x0000,0x0000,0x0000,0x0000,0x0000,0x0000,
	0x0000,0x0000,0x0000,0x0000,0x0000,0x0000,0x0000,0x0000,
	0x0000,0x0000,0x0000,0x0000,0x0000,0x0000,0x0000,0x0000,
	0x0000,0x0000,0x0000,0x0000,0x0000,0x0000,0x0000,0x0000,

	0x0000,0x0000,0x0000,0x0000,0x0000,0x0000,0x0000,0x0000,
	0x0000,0x0000,0x0000,0x0000,0x0000,0x0000,0x0000,0x0000,
	0x0000,0x0000,0x0000,0x0000,0x0000,0x0000,0x0000,0x0000,
	0x0000,0x0000,0x0000,0x0000,0x0000,0x0000,0x0000,0x0000,
	0x0000,0x0000,0x0000,0x0000,0x0000,0x0000,0x0000,0x0000,
	0x0000,0x0000,0x0000,0x0000,0x0000,0x0000,0x0000,0x0000,
	0x0000,0x0000,0x0000,0x0000,0x0000,0x0000,0x0000,0x0000,
	0x0000,0x0000,0x0000,0x0000,0x0000,0x0000,0x0000,0x0000,

	0x0000,0x0000,0x0000,0x0000,0x0000,0x0000,0x0000,0x0000,
	0x0000,0x0000,0x0000,0x0000,0x0000,0x0000,0x0000,0x0000,
	0x0000,0x0000,0x0000,0x0000,0x0000,0x0000,0x0000,0x0000,
	0x0000,0x0000,0x0000,0x0000,0x0000,0x0000,0x0000,0x0000,
	0x0000,0x0000,0x0000,0x0000,0x0000,0x0000,0x0000,0x0000,
	0x0000,0x0000,0x0000,0x0000,0x0000,0x0000,0x0000,0x0000,
	0x0000,0x0000,0x0000,0x0000,0x0000,0x0000,0x0000,0x0000,
	0x0000,0x0000,0x0000,0x0000,0x0000,0x0000,0x0000,0x0000,

	0x0000,0x0000,0x0000,0x0000,0x0000,0x0000,0x0000,0x0000,
	0x0000,0x0000,0x0000,0x0000,0x0000,0x0000,0x0000,0x0000,
	0x0000,0x0000,0x0000,0x0000,0x0000,0x0000,0x0000,0x0000,
	0x0000,0x0000,0x0000,0x0000,0x0000,0x0000,0x0000,0x0000,
	0x0000,0x0000,0x0000,0x0000,0x0000,0x0000,0x0000,0x0000,
	0x0000,0x0000,0x0000,0x0000,0x0000,0x0000,0x0000,0x0000,
	0x0000,0x0000,0x0000,0x0000,0x0000,0x0000,0x0000,0x0000,
	0x0000,0x0000,0x0000,0x0000,0x0000,0x0000,0x0000,0x0000,

	0x0000,0x0000,0x0000,0x0000,0x0000,0x0000,0x0000,0x0000,
	0x0000,0x0000,0x0000,0x0000,0x0000,0x0000,0x0000,0x0000,
	0x0000,0x0000,0x0000,0x0000,0x0000,0x0000,0x0000,0x0000,
	0x0000,0x0000,0x0000,0x0000,0x0000,0x0000,0x0000,0x0000,
	0x0000,0x0000,0x0000,0x0000,0x0000,0x0000,0x0000,0x0000,
	0x0000,0x0000,0x0000,0x0000,0x0000,0x0000,0x0000,0x0000,
	0x0000,0x0000,0x0000,0x0000,0x0000,0x0000,0x0000,0x0000,
	0x0000,0x0000,0x0000,0x0000,0x0000,0x0000,0x0000,0x0000,

	0x0000,0x0000,0x0000,0x0000,0x0000,0x0000,0x0000,0x0000,
	0x0000,0x0000,0x0000,0x0000,0x0000,0x0000,0x0000,0x0000,
	0x0000,0x0000,0x0000,0x0000,0x0000,0x0000,0x0000,0x0000,
	0x0000,0x0000,0x0000,0x0000,0x0000,0x0000,0x0000,0x0000,
	0x0000,0x0000,0x0000,0x0000,0x0000,0x0000,0x0000,0x0000,
	0x0000,0x0000,0x0000,0x0000,0x0000,0x0000,0x0000,0x0000,
	0x0000,0x0000,0x0000,0x0000,0x0000,0x0000,0x0000,0x0000,
	0x0000,0x0000,0x0000,0x0000,0x0000,0x0000,0x0000,0x0000,

	0x0000,0x0000,0x0000,0x0000,0x0000,0x0000,0x0000,0x0000,
	0x0000,0x0000,0x0000,0x0000,0x0000,0x0000,0x0000,0x0000,
	0x0000,0x0000,0x0000,0x0000,0x0000,0x0000,0x0000,0x0000,
	0x0000,0x0000,0x0000,0x0000,0x0000,0x0000,0x0000,0x0000,
	0x0000,0x0000,0x0000,0x0000,0x0000,0x0000,0x0000,0x0000,
	0x0000,0x0000,0x0000,0x0000,0x0000,0x0000,0x0000,0x0000,
	0x0000,0x0000,0x0000,0x0000,0x0000,0x0000,0x0000,0x0000,
	0x0000,0x0000,0x0000,0x0000,0x0000,0x0000,0x0000,0x0000,

	0x0000,0x0000,0x0000,0x0000,0x0000,0x0000,0x0000,0x0000,
	0x0000,0x0000,0x0000,0x0000,0x0000,0x0000,0x0000,0x0000,
	0x0000,0x0000,0x0000,0x0000,0x0000,0x0000,0x0000,0x0000,
	0x0000,0x0000,0x0000,0x0000,0x0000,0x0000,0x0000,0x0000,
	0x0000,0x0000,0x0000,0x0000,0x0000,0x0000,0x0000,0x0000,
	0x0000,0x0000,0x0000,0x0000,0x0000,0x0000,0x0000,0x0000,
	0x0000,0x0000,0x0000,0x0000,0x0000,0x0000,0x0000,0x0000,
	0x0000,0x0000,0x0000,0x0000,0x0000,0x0000,0x0000,0x0000,

	0x0000,0x0000,0x0000,0x0000,0x0000,0x0000,0x0000,0x0000,
	0x0000,0x0000,0x0000,0x0000,0x0000,0x0000,0x0000,0x0000,
	0x0000,0x0000,0x0000,0x0000,0x0000,0x0000,0x0000,0x0000,
	0x0000,0x0000,0x0000,0x0000,0x0000,0x0000,0x0000,0x0000,
	0x0000,0x0000,0x0000,0x0000,0x0000,0x0000,0x0000,0x0000,
	0x0000,0x0000,0x0000,0x0000,0x0000,0x0000,0x0000,0x0000,
	0x0000,0x0000,0x0000,0x0000,0x0000,0x0000,0x0000,0x0000,
	0x0000,0x0000,0x0000,0x0000,0x0000,0x0000,0x0000,0x0000,

	0x0000,0x0000,0x0000,0x0000,0x0000,0x0000,0x0000,0x0000,
	0x0000,0x0000,0x0000,0x0000,0x0000,0x0000,0x0000,0x0000,
	0x0000,0x0000,0x0000,0x0000,0x0000,0x0000,0x0000,0x0000,
	0x0000,0x0000,0x0000,0x0000,0x0000,0x0000,0x0000,0x0000,
	0x0000,0x0000,0x0000,0x0000,0x0000,0x0000,0x0000,0x0000,
	0x0000,0x0000,0x0000,0x0000,0x0000,0x0000,0x0000,0x0000,
	0x0000,0x0000,0x0000,0x0000,0x0000,0x0000,0x0000,0x0000,
	0x0000,0x0000,0x0000,0x0000,0x0000,0x0000,0x0000,0x0000,

	0x0000,0x0000,0x0000,0x0000,0x0000,0x0000,0x0000,0x0000,
	0x0000,0x0000,0x0000,0x0000,0x0000,0x0000,0x0000,0x0000,
	0x0000,0x0000,0x0000,0x0000,0x0000,0x0000,0x0000,0x0000,
	0x0000,0x0000,0x0000,0x0000,0x0000,0x0000,0x0000,0x0000,
	0x0000,0x0000,0x0000,0x0000,0x0000,0x0000,0x0000,0x0000,
	0x0000,0x0000,0x0000,0x0000,0x0000,0x0000,0x0000,0x0000,
	0x0000,0x0000,0x0000,0x0000,0x0000,0x0000,0x0000,0x0000,
	0x0000,0x0000,0x0000,0x0000,0x0000,0x0000,0x0000,0x0000,

	0x0000,0x0000,0x0000,0x0000,0x0000,0x0000,0x0000,0x0000,
	0x0000,0x0000,0x0000,0x0000,0x0000,0x0000,0x0000,0x0000,
	0x0000,0x0000,0x0000,0x0000,0x0000,0x0000,0x0000,0x0000,
	0x0000,0x0000,0x0000,0x0000,0x0000,0x0000,0x0000,0x0000,
	0x0000,0x0000,0x0000,0x0000,0x0000,0x0000,0x0000,0x0000,
	0x0000,0x0000,0x0000,0x0000,0x0000,0x0000,0x0000,0x0000,
	0x0000,0x0000,0x0000,0x0000,0x0000,0x0000,0x0000,0x0000,
	0x0000,0x0000,0x0000,0x0000,0x0000,0x0000,0x0000,0x0000,

	0x0000,0x0000,0x0000,0x0000,0x0000,0x0000,0x0000,0x0000,
	0x0000,0x0000,0x0000,0x0000,0x0000,0x0000,0x0000,0x0000,
	0x0000,0x0000,0x0000,0x0000,0x0000,0x0000,0x0000,0x0000,
	0x0000,0x0000,0x0000,0x0000,0x0000,0x0000,0x0000,0x0000,
	0x0000,0x0000,0x0000,0x0000,0x0000,0x0000,0x0000,0x0000,
	0x0000,0x0000,0x0000,0x0000,0x0000,0x0000,0x0000,0x0000,
	0x0000,0x0000,0x0000,0x0000,0x0000,0x0000,0x0000,0x0000,
	0x0000,0x0000,0x0000,0x0000,0x0000,0x0000,0x0000,0x0000,

	0x0000,0x0000,0x0000,0x0000,0x0000,0x0000,0x0000,0x0000,
	0x0000,0x0000,0x0000,0x0000,0x0000,0x0000,0x0000,0x0000,
	0x0000,0x0000,0x0000,0x0000,0x0000,0x0000,0x0000,0x0000,
	0x0000,0x0000,0x0000,0x0000,0x0000,0x0000,0x0000,0x0000,
	0x0000,0x0000,0x0000,0x0000,0x0000,0x0000,0x0000,0x0000,
	0x0000,0x0000,0x0000,0x0000,0x0000,0x0000,0x0000,0x0000,
	0x0000,0x0000,0x0000,0x0000,0x0000,0x0000,0x0000,0x0000,
	0x0000,0x0000,0x0000,0x0000,0x0000,0x0000,0x0000,0x0000,

	0x0000,0x0000,0x0000,0x0000,0x0000,0x0000,0x0000,0x0000,
	0x0000,0x0000,0x0000,0x0000,0x0000,0x0000,0x0000,0x0000,
	0x0000,0x0000,0x0000,0x0000,0x0000,0x0000,0x0000,0x0000,
	0x0000,0x0000,0x0000,0x0000,0x0000,0x0000,0x0000,0x0000,
	0x0000,0x0000,0x0000,0x0000,0x0000,0x0000,0x0000,0x0000,
	0x0000,0x0000,0x0000,0x0200,0x0000,0x0000,0x0000,0x0200,
	0x0000,0x0000,0x0000,0x0202,0x0000,0x0000,0x0200,0x0202,
	0x0000,0x0000,0x0202,0x0502,0x0000,0x0200,0x0202,0x0505,

	0x0200,0x0202,0x0505,0x0505,0x0202,0x0502,0x0505,0x0505,
	0x0202,0x0505,0x0505,0x0505,0x0202,0x0505,0x0505,0x0505,
	0x0502,0x0505,0x0505,0x0505,0x0505,0x0505,0x0505,0x0505,
	0x0505,0x0505,0x0505,0x0505,0x0505,0x0505,0x0505,0x0505,
	0x0505,0x0505,0x0505,0x0505,0x0505,0x0505,0x0505,0x0505,
	0x0505,0x0505,0x0505,0x0505,0x0505,0x0505,0x0505,0x0505,
	0x0505,0x0505,0x0505,0x0505,0x0505,0x0505,0x0505,0x0505,
	0x0505,0x0505,0x0505,0x0505,0x0505,0x0505,0x0505,0x0505,

	0x0505,0x0505,0x0505,0x0505,0x0505,0x0505,0x0505,0x0505,
	0x0505,0x0505,0x0505,0x0505,0x0505,0x0505,0x0505,0x0505,
	0x0505,0x0505,0x0505,0x0505,0x0505,0x0505,0x0505,0x0505,
	0x0505,0x0505,0x0505,0x0505,0x0505,0x0505,0x0505,0x0505,
	0x0505,0x0505,0x0505,0x0505,0x0505,0x0505,0x0505,0x0505,
	0x0505,0x0505,0x0505,0x0505,0x0505,0x0505,0x0505,0x0505,
	0x0505,0x0505,0x0505,0x0505,0x0505,0x0505,0x0505,0x0505,
	0x0505,0x0505,0x0505,0x0505,0x0505,0x0505,0x0505,0x0505,

	0x0707,0x0707,0x0404,0x0606,0x0707,0x0707,0x0404,0x0606,
	0x0707,0x0707,0x0404,0x0606,0x0707,0x0707,0x0404,0x0606,
	0x0707,0x0707,0x0404,0x0606,0x0707,0x0707,0x0403,0x0606,
	0x0707,0x0707,0x0403,0x0604,0x0707,0x0707,0x0407,0x0604,
	0x0501,0x0505,0x0505,0x0505,0x0501,0x0505,0x0505,0x0505,
	0x0501,0x0505,0x0505,0x0505,0x0501,0x0505,0x0505,0x0505,
	0x0501,0x0505,0x0505,0x0505,0x0101,0x0505,0x0505,0x0505,
	0x0106,0x0505,0x0505,0x0505,0x0106,0x0101,0x0505,0x0505,

	0x0505,0x0505,0x0505,0x0505,0x0505,0x0505,0x0505,0x0505,
	0x0505,0x0505,0x0505,0x0505,0x0505,0x0505,0x0505,0x0505,
	0x0505,0x0505,0x0505,0x0505,0x0505,0x0505,0x0505,0x0505,
	0x0505,0x0505,0x0505,0x0505,0x0505,0x0505,0x0505,0x0505,
	0x0205,0x0002,0x0000,0x0000,0x0205,0x0002,0x0000,0x0000,
	0x0205,0x0002,0x0000,0x0000,0x0205,0x0002,0x0000,0x0000,
	0x0505,0x0002,0x0000,0x0000,0x0505,0x0002,0x0000,0x0000,
	0x0505,0x0202,0x0000,0x0000,0x0505,0x0202,0x0000,0x0000,

	0x0000,0x0000,0x0000,0x0000,0x0000,0x0000,0x0000,0x0000,
	0x0000,0x0000,0x0000,0x0000,0x0000,0x0000,0x0000,0x0000,
	0x0000,0x0000,0x0000,0x0000,0x0000,0x0000,0x0000,0x0000,
	0x0000,0x0000,0x0000,0x0000,0x0000,0x0000,0x0000,0x0000,
	0x0000,0x0000,0x0000,0x0000,0x0000,0x0000,0x0000,0x0000,
	0x0000,0x0000,0x0000,0x0000,0x0000,0x0000,0x0000,0x0000,
	0x0000,0x0000,0x0000,0x0000,0x0000,0x0000,0x0000,0x0000,
	0x0000,0x0000,0x0000,0x0000,0x0000,0x0000,0x0000,0x0000,

	0x0000,0x0000,0x0000,0x0000,0x0000,0x0000,0x0000,0x0000,
	0x0000,0x0000,0x0000,0x0000,0x0000,0x0000,0x0000,0x0000,
	0x0000,0x0000,0x0000,0x0000,0x0000,0x0000,0x0000,0x0000,
	0x0000,0x0000,0x0000,0x0000,0x0000,0x0000,0x0000,0x0000,
	0x0000,0x0000,0x0000,0x0000,0x0000,0x0000,0x0000,0x0000,
	0x0000,0x0000,0x0000,0x0000,0x0000,0x0000,0x0000,0x0000,
	0x0000,0x0000,0x0000,0x0000,0x0000,0x0000,0x0000,0x0000,
	0x0000,0x0000,0x0000,0x0000,0x0000,0x0000,0x0000,0x0000,

	0x0000,0x0000,0x0000,0x0000,0x0000,0x0000,0x0000,0x0000,
	0x0000,0x0000,0x0000,0x0000,0x0000,0x0000,0x0000,0x0000,
	0x0000,0x0000,0x0000,0x0000,0x0000,0x0000,0x0000,0x0000,
	0x0000,0x0000,0x0000,0x0000,0x0000,0x0000,0x0000,0x0000,
	0x0000,0x0000,0x0000,0x0000,0x0000,0x0000,0x0000,0x0000,
	0x0000,0x0000,0x0000,0x0000,0x0000,0x0000,0x0000,0x0000,
	0x0000,0x0000,0x0000,0x0000,0x0000,0x0000,0x0000,0x0000,
	0x0000,0x0000,0x0000,0x0000,0x0000,0x0000,0x0000,0x0000,

	0x0000,0x0000,0x0000,0x0000,0x0000,0x0000,0x0000,0x0000,
	0x0000,0x0000,0x0000,0x0000,0x0000,0x0000,0x0000,0x0000,
	0x0000,0x0000,0x0000,0x0000,0x0000,0x0000,0x0000,0x0000,
	0x0000,0x0000,0x0000,0x0000,0x0000,0x0000,0x0000,0x0000,
	0x0000,0x0000,0x0000,0x0000,0x0000,0x0000,0x0000,0x0000,
	0x0000,0x0000,0x0000,0x0000,0x0000,0x0000,0x0000,0x0000,
	0x0000,0x0000,0x0000,0x0000,0x0000,0x0000,0x0000,0x0000,
	0x0000,0x0000,0x0000,0x0000,0x0000,0x0000,0x0000,0x0000,

	0x0000,0x0000,0x0000,0x0000,0x0000,0x0000,0x0000,0x0000,
	0x0000,0x0000,0x0000,0x0000,0x0000,0x0000,0x0000,0x0000,
	0x0000,0x0000,0x0000,0x0000,0x0000,0x0000,0x0000,0x0000,
	0x0000,0x0000,0x0000,0x0000,0x0000,0x0000,0x0000,0x0000,
	0x0000,0x0000,0x0000,0x0000,0x0000,0x0000,0x0000,0x0000,
	0x0000,0x0000,0x0000,0x0000,0x0000,0x0000,0x0000,0x0000,
	0x0000,0x0000,0x0000,0x0000,0x0000,0x0000,0x0000,0x0000,
	0x0000,0x0000,0x0000,0x0000,0x0000,0x0000,0x0000,0x0000,

	0x0000,0x0000,0x0000,0x0000,0x0000,0x0000,0x0000,0x0000,
	0x0000,0x0000,0x0000,0x0000,0x0000,0x0000,0x0000,0x0000,
	0x0000,0x0000,0x0000,0x0000,0x0000,0x0000,0x0000,0x0000,
	0x0000,0x0000,0x0000,0x0000,0x0000,0x0000,0x0000,0x0000,
	0x0000,0x0000,0x0000,0x0000,0x0000,0x0000,0x0000,0x0000,
	0x0000,0x0000,0x0000,0x0000,0x0000,0x0000,0x0000,0x0000,
	0x0000,0x0000,0x0000,0x0000,0x0000,0x0000,0x0000,0x0000,
	0x0000,0x0000,0x0000,0x0000,0x0000,0x0000,0x0000,0x0000,

	0x0000,0x0000,0x0000,0x0000,0x0000,0x0000,0x0000,0x0000,
	0x0000,0x0000,0x0000,0x0000,0x0000,0x0000,0x0000,0x0000,
	0x0000,0x0000,0x0000,0x0000,0x0000,0x0000,0x0000,0x0000,
	0x0000,0x0000,0x0000,0x0000,0x0000,0x0000,0x0000,0x0000,
	0x0000,0x0000,0x0000,0x0000,0x0000,0x0000,0x0000,0x0000,
	0x0000,0x0000,0x0000,0x0000,0x0000,0x0000,0x0000,0x0000,
	0x0000,0x0000,0x0000,0x0000,0x0000,0x0000,0x0000,0x0000,
	0x0000,0x0000,0x0000,0x0000,0x0000,0x0000,0x0000,0x0000,

	0x0000,0x0000,0x0000,0x0000,0x0000,0x0000,0x0000,0x0000,
	0x0000,0x0000,0x0000,0x0000,0x0000,0x0000,0x0000,0x0000,
	0x0000,0x0000,0x0000,0x0000,0x0000,0x0000,0x0000,0x0000,
	0x0000,0x0000,0x0000,0x0000,0x0000,0x0000,0x0000,0x0000,
	0x0000,0x0000,0x0000,0x0000,0x0000,0x0000,0x0000,0x0000,
	0x0000,0x0000,0x0000,0x0000,0x0000,0x0000,0x0000,0x0000,
	0x0000,0x0000,0x0000,0x0000,0x0000,0x0000,0x0000,0x0000,
	0x0000,0x0000,0x0000,0x0000,0x0000,0x0000,0x0000,0x0000,

	0x0000,0x0000,0x0000,0x0000,0x0000,0x0000,0x0000,0x0000,
	0x0000,0x0000,0x0000,0x0000,0x0000,0x0000,0x0000,0x0000,
	0x0000,0x0000,0x0000,0x0000,0x0000,0x0000,0x0000,0x0000,
	0x0000,0x0000,0x0000,0x0000,0x0000,0x0000,0x0000,0x0000,
	0x0000,0x0000,0x0000,0x0000,0x0000,0x0000,0x0000,0x0000,
	0x0000,0x0000,0x0000,0x0000,0x0000,0x0000,0x0000,0x0000,
	0x0000,0x0000,0x0000,0x0000,0x0000,0x0000,0x0000,0x0000,
	0x0000,0x0000,0x0000,0x0000,0x0000,0x0000,0x0000,0x0000,

	0x0000,0x0000,0x0000,0x0000,0x0000,0x0000,0x0000,0x0000,
	0x0000,0x0000,0x0000,0x0000,0x0000,0x0000,0x0000,0x0000,
	0x0000,0x0000,0x0000,0x0000,0x0000,0x0000,0x0000,0x0000,
	0x0000,0x0000,0x0000,0x0000,0x0000,0x0000,0x0000,0x0000,
	0x0000,0x0000,0x0000,0x0000,0x0000,0x0000,0x0000,0x0000,
	0x0000,0x0000,0x0000,0x0000,0x0000,0x0000,0x0000,0x0000,
	0x0000,0x0000,0x0000,0x0000,0x0000,0x0000,0x0000,0x0000,
	0x0000,0x0000,0x0000,0x0000,0x0000,0x0000,0x0000,0x0000,

	0x0000,0x0000,0x0000,0x0000,0x0000,0x0000,0x0000,0x0000,
	0x0000,0x0000,0x0000,0x0000,0x0000,0x0000,0x0000,0x0000,
	0x0000,0x0000,0x0000,0x0000,0x0000,0x0000,0x0000,0x0000,
	0x0000,0x0000,0x0000,0x0000,0x0000,0x0000,0x0000,0x0000,
	0x0000,0x0000,0x0000,0x0000,0x0000,0x0000,0x0000,0x0000,
	0x0000,0x0000,0x0000,0x0000,0x0000,0x0000,0x0000,0x0000,
	0x0000,0x0000,0x0000,0x0000,0x0000,0x0000,0x0000,0x0000,
	0x0000,0x0000,0x0000,0x0000,0x0000,0x0000,0x0000,0x0000,

	0x0000,0x0000,0x0000,0x0000,0x0000,0x0000,0x0000,0x0000,
	0x0000,0x0000,0x0000,0x0000,0x0000,0x0000,0x0000,0x0000,
	0x0000,0x0000,0x0000,0x0000,0x0000,0x0000,0x0000,0x0000,
	0x0000,0x0000,0x0000,0x0000,0x0000,0x0000,0x0000,0x0000,
	0x0000,0x0000,0x0000,0x0000,0x0000,0x0000,0x0000,0x0000,
	0x0000,0x0000,0x0000,0x0000,0x0000,0x0000,0x0000,0x0000,
	0x0000,0x0000,0x0000,0x0000,0x0000,0x0000,0x0000,0x0000,
	0x0000,0x0000,0x0000,0x0000,0x0000,0x0000,0x0000,0x0000,

	0x0000,0x0000,0x0000,0x0000,0x0000,0x0000,0x0000,0x0000,
	0x0000,0x0000,0x0000,0x0000,0x0000,0x0000,0x0000,0x0000,
	0x0000,0x0000,0x0000,0x0000,0x0000,0x0000,0x0000,0x0000,
	0x0000,0x0000,0x0000,0x0000,0x0000,0x0000,0x0000,0x0000,
	0x0000,0x0000,0x0000,0x0000,0x0000,0x0000,0x0000,0x0000,
	0x0000,0x0000,0x0000,0x0000,0x0000,0x0000,0x0000,0x0000,
	0x0000,0x0000,0x0000,0x0000,0x0000,0x0000,0x0000,0x0000,
	0x0000,0x0000,0x0000,0x0000,0x0000,0x0000,0x0000,0x0000,

	0x0000,0x0000,0x0000,0x0000,0x0000,0x0000,0x0000,0x0000,
	0x0000,0x0000,0x0000,0x0000,0x0000,0x0000,0x0000,0x0000,
	0x0000,0x0000,0x0000,0x0000,0x0000,0x0000,0x0000,0x0000,
	0x0000,0x0000,0x0000,0x0000,0x0000,0x0000,0x0000,0x0000,
	0x0000,0x0000,0x0000,0x0000,0x0000,0x0000,0x0000,0x0000,
	0x0000,0x0000,0x0000,0x0000,0x0000,0x0000,0x0000,0x0000,
	0x0000,0x0000,0x0000,0x0000,0x0000,0x0000,0x0000,0x0000,
	0x0000,0x0000,0x0000,0x0000,0x0000,0x0000,0x0000,0x0000,

	0x0000,0x0000,0x0000,0x0000,0x0000,0x0000,0x0000,0x0000,
	0x0000,0x0000,0x0000,0x0000,0x0000,0x0000,0x0000,0x0000,
	0x0000,0x0000,0x0000,0x0000,0x0000,0x0000,0x0000,0x0000,
	0x0000,0x0000,0x0000,0x0000,0x0000,0x0000,0x0000,0x0000,
	0x0000,0x0000,0x0000,0x0000,0x0000,0x0000,0x0000,0x0000,
	0x0000,0x0000,0x0000,0x0000,0x0000,0x0000,0x0000,0x0000,
	0x0000,0x0000,0x0000,0x0000,0x0000,0x0000,0x0000,0x0000,
	0x0000,0x0000,0x0000,0x0000,0x0000,0x0000,0x0000,0x0000,

	0x0000,0x0000,0x0000,0x0000,0x0000,0x0000,0x0000,0x0000,
	0x0000,0x0000,0x0000,0x0000,0x0000,0x0000,0x0000,0x0000,
	0x0000,0x0000,0x0000,0x0000,0x0000,0x0000,0x0000,0x0000,
	0x0000,0x0000,0x0000,0x0000,0x0000,0x0000,0x0000,0x0000,
	0x0000,0x0000,0x0000,0x0000,0x0000,0x0000,0x0000,0x0000,
	0x0000,0x0000,0x0000,0x0000,0x0000,0x0000,0x0000,0x0000,
	0x0000,0x0000,0x0000,0x0000,0x0000,0x0000,0x0000,0x0000,
	0x0000,0x0000,0x0000,0x0000,0x0000,0x0000,0x0000,0x0000,

	0x0000,0x0000,0x0000,0x0000,0x0000,0x0000,0x0000,0x0000,
	0x0000,0x0000,0x0000,0x0000,0x0000,0x0000,0x0000,0x0000,
	0x0000,0x0000,0x0000,0x0000,0x0000,0x0000,0x0000,0x0000,
	0x0000,0x0000,0x0000,0x0000,0x0000,0x0000,0x0000,0x0000,
	0x0000,0x0000,0x0000,0x0000,0x0000,0x0000,0x0000,0x0000,
	0x0000,0x0000,0x0000,0x0000,0x0000,0x0000,0x0000,0x0000,
	0x0000,0x0000,0x0000,0x0000,0x0000,0x0000,0x0000,0x0000,
	0x0000,0x0000,0x0000,0x0000,0x0000,0x0000,0x0000,0x0000,

	0x0000,0x0000,0x0000,0x0000,0x0000,0x0000,0x0000,0x0000,
	0x0000,0x0000,0x0000,0x0000,0x0000,0x0000,0x0000,0x0000,
	0x0000,0x0000,0x0000,0x0000,0x0000,0x0000,0x0000,0x0000,
	0x0000,0x0000,0x0000,0x0000,0x0000,0x0000,0x0000,0x0000,
	0x0000,0x0000,0x0000,0x0000,0x0000,0x0000,0x0000,0x0000,
	0x0000,0x0000,0x0000,0x0000,0x0000,0x0000,0x0000,0x0000,
	0x0000,0x0000,0x0000,0x0000,0x0000,0x0000,0x0000,0x0000,
	0x0000,0x0000,0x0000,0x0000,0x0000,0x0000,0x0000,0x0000,

	0x0000,0x0000,0x0000,0x0000,0x0000,0x0000,0x0000,0x0000,
	0x0000,0x0000,0x0000,0x0000,0x0000,0x0000,0x0000,0x0000,
	0x0000,0x0000,0x0000,0x0000,0x0000,0x0000,0x0000,0x0000,
	0x0000,0x0000,0x0000,0x0000,0x0000,0x0000,0x0000,0x0000,
	0x0000,0x0000,0x0000,0x0000,0x0000,0x0000,0x0000,0x0000,
	0x0000,0x0000,0x0000,0x0000,0x0000,0x0000,0x0000,0x0000,
	0x0000,0x0000,0x0000,0x0000,0x0000,0x0000,0x0000,0x0000,
	0x0000,0x0000,0x0000,0x0000,0x0000,0x0000,0x0000,0x0000,

	0x0000,0x0000,0x0000,0x0000,0x0000,0x0000,0x0000,0x0000,
	0x0000,0x0000,0x0000,0x0000,0x0000,0x0000,0x0000,0x0000,
	0x0000,0x0000,0x0000,0x0000,0x0000,0x0000,0x0000,0x0000,
	0x0000,0x0000,0x0000,0x0000,0x0000,0x0000,0x0000,0x0000,
	0x0000,0x0000,0x0000,0x0000,0x0000,0x0000,0x0000,0x0000,
	0x0000,0x0000,0x0000,0x0000,0x0000,0x0000,0x0000,0x0000,
	0x0000,0x0000,0x0000,0x0000,0x0000,0x0000,0x0000,0x0000,
	0x0000,0x0000,0x0000,0x0000,0x0000,0x0000,0x0000,0x0000,

	0x0000,0x0000,0x0000,0x0000,0x0000,0x0000,0x0000,0x0000,
	0x0000,0x0000,0x0000,0x0000,0x0000,0x0000,0x0000,0x0000,
	0x0000,0x0000,0x0000,0x0000,0x0000,0x0000,0x0000,0x0000,
	0x0000,0x0000,0x0000,0x0000,0x0000,0x0000,0x0000,0x0000,
	0x0000,0x0000,0x0000,0x0000,0x0000,0x0000,0x0000,0x0000,
	0x0000,0x0000,0x0000,0x0000,0x0000,0x0000,0x0000,0x0000,
	0x0000,0x0000,0x0000,0x0000,0x0000,0x0000,0x0000,0x0000,
	0x0000,0x0000,0x0000,0x0000,0x0000,0x0000,0x0000,0x0000,

	0x0000,0x0000,0x0000,0x0000,0x0000,0x0000,0x0000,0x0000,
	0x0000,0x0000,0x0000,0x0000,0x0000,0x0000,0x0000,0x0000,
	0x0000,0x0000,0x0000,0x0000,0x0000,0x0000,0x0000,0x0000,
	0x0000,0x0000,0x0000,0x0000,0x0000,0x0000,0x0000,0x0000,
	0x0000,0x0000,0x0000,0x0000,0x0000,0x0000,0x0000,0x0000,
	0x0000,0x0000,0x0000,0x0000,0x0000,0x0000,0x0000,0x0000,
	0x0000,0x0000,0x0000,0x0000,0x0000,0x0000,0x0000,0x0000,
	0x0000,0x0000,0x0000,0x0000,0x0000,0x0000,0x0000,0x0000,

	0x0000,0x0000,0x0000,0x0000,0x0000,0x0000,0x0000,0x0000,
	0x0000,0x0000,0x0000,0x0000,0x0000,0x0000,0x0000,0x0000,
	0x0000,0x0000,0x0000,0x0000,0x0000,0x0000,0x0000,0x0000,
	0x0000,0x0000,0x0000,0x0000,0x0000,0x0000,0x0000,0x0000,
	0x0000,0x0000,0x0000,0x0000,0x0000,0x0000,0x0000,0x0000,
	0x0000,0x0000,0x0000,0x0000,0x0000,0x0000,0x0000,0x0000,
	0x0000,0x0000,0x0000,0x0000,0x0000,0x0000,0x0000,0x0000,
	0x0000,0x0000,0x0000,0x0000,0x0000,0x0000,0x0000,0x0000,

	0x0000,0x0000,0x0000,0x0000,0x0000,0x0000,0x0000,0x0000,
	0x0000,0x0000,0x0000,0x0000,0x0000,0x0000,0x0000,0x0000,
	0x0000,0x0000,0x0000,0x0000,0x0000,0x0000,0x0000,0x0000,
	0x0000,0x0000,0x0000,0x0000,0x0000,0x0000,0x0000,0x0000,
	0x0000,0x0000,0x0000,0x0000,0x0000,0x0000,0x0000,0x0000,
	0x0000,0x0000,0x0000,0x0000,0x0000,0x0000,0x0000,0x0000,
	0x0000,0x0000,0x0000,0x0000,0x0000,0x0000,0x0000,0x0000,
	0x0000,0x0000,0x0000,0x0000,0x0000,0x0000,0x0000,0x0000,

	0x0000,0x0000,0x0000,0x0000,0x0000,0x0000,0x0000,0x0000,
	0x0000,0x0000,0x0000,0x0000,0x0000,0x0000,0x0000,0x0000,
	0x0000,0x0000,0x0000,0x0000,0x0000,0x0000,0x0000,0x0000,
	0x0000,0x0000,0x0000,0x0000,0x0000,0x0000,0x0000,0x0000,
	0x0000,0x0000,0x0000,0x0000,0x0000,0x0000,0x0000,0x0000,
	0x0000,0x0000,0x0000,0x0000,0x0000,0x0000,0x0000,0x0000,
	0x0000,0x0000,0x0000,0x0000,0x0000,0x0000,0x0000,0x0000,
	0x0000,0x0000,0x0000,0x0000,0x0000,0x0000,0x0000,0x0000,

	0x0000,0x0000,0x0000,0x0000,0x0000,0x0000,0x0000,0x0000,
	0x0000,0x0000,0x0000,0x0000,0x0000,0x0000,0x0000,0x0000,
	0x0000,0x0000,0x0000,0x0000,0x0000,0x0000,0x0000,0x0000,
	0x0000,0x0000,0x0000,0x0000,0x0000,0x0000,0x0000,0x0000,
	0x0000,0x0000,0x0000,0x0000,0x0000,0x0000,0x0000,0x0000,
	0x0000,0x0000,0x0000,0x0000,0x0000,0x0000,0x0000,0x0000,
	0x0000,0x0000,0x0000,0x0000,0x0000,0x0000,0x0000,0x0000,
	0x0000,0x0000,0x0000,0x0000,0x0000,0x0000,0x0000,0x0000,

	0x0000,0x0000,0x0000,0x0000,0x0000,0x0000,0x0000,0x0000,
	0x0000,0x0000,0x0000,0x0000,0x0000,0x0000,0x0000,0x0000,
	0x0000,0x0000,0x0000,0x0000,0x0000,0x0000,0x0000,0x0000,
	0x0000,0x0000,0x0000,0x0000,0x0000,0x0000,0x0000,0x0000,
	0x0000,0x0000,0x0000,0x0000,0x0000,0x0000,0x0000,0x0000,
	0x0000,0x0000,0x0000,0x0000,0x0000,0x0000,0x0000,0x0000,
	0x0000,0x0000,0x0000,0x0000,0x0000,0x0000,0x0000,0x0000,
	0x0000,0x0000,0x0000,0x0000,0x0000,0x0000,0x0000,0x0000,

	0x0000,0x0000,0x0000,0x0000,0x0000,0x0000,0x0000,0x0000,
	0x0000,0x0000,0x0000,0x0000,0x0000,0x0000,0x0000,0x0000,
	0x0000,0x0000,0x0000,0x0200,0x0000,0x0000,0x0000,0x0202,
	0x0000,0x0000,0x0200,0x0202,0x0000,0x0000,0x0202,0x0202,
	0x0000,0x0200,0x0202,0x0505,0x0000,0x0202,0x0502,0x0505,
	0x0200,0x0202,0x0505,0x0505,0x0202,0x0502,0x0505,0x0505,
	0x0202,0x0505,0x0505,0x0505,0x0502,0x0505,0x0505,0x0505,
	0x0505,0x0505,0x0505,0x0505,0x0505,0x0505,0x0505,0x0505,

	0x0505,0x0505,0x0505,0x0505,0x0505,0x0505,0x0505,0x0505,
	0x0505,0x0505,0x0505,0x0505,0x0505,0x0505,0x0505,0x0505,
	0x0505,0x0505,0x0505,0x0505,0x0505,0x0505,0x0505,0x0505,
	0x0505,0x0505,0x0505,0x0505,0x0505,0x0505,0x0505,0x0505,
	0x0505,0x0505,0x0505,0x0505,0x0505,0x0505,0x0505,0x0505,
	0x0505,0x0505,0x0505,0x0505,0x0505,0x0505,0x0505,0x0505,
	0x0505,0x0505,0x0505,0x0505,0x0505,0x0505,0x0505,0x0505,
	0x0505,0x0505,0x0505,0x0505,0x0505,0x0505,0x0505,0x0505,

	0x0505,0x0505,0x0505,0x0505,0x0505,0x0505,0x0505,0x0505,
	0x0505,0x0505,0x0505,0x0505,0x0505,0x0505,0x0505,0x0505,
	0x0505,0x0505,0x0505,0x0505,0x0505,0x0505,0x0505,0x0505,
	0x0505,0x0505,0x0505,0x0505,0x0505,0x0505,0x0505,0x0505,
	0x0505,0x0505,0x0505,0x0505,0x0505,0x0505,0x0505,0x0505,
	0x0505,0x0505,0x0505,0x0505,0x0505,0x0505,0x0505,0x0505,
	0x0505,0x0505,0x0505,0x0505,0x0505,0x0505,0x0505,0x0505,
	0x0505,0x0505,0x0505,0x0505,0x0505,0x0505,0x0505,0x0505,

	0x0707,0x0707,0x0407,0x0604,0x0707,0x0707,0x0307,0x0404,
	0x0707,0x0707,0x0707,0x0404,0x0707,0x0707,0x0707,0x0404,
	0x0707,0x0707,0x0707,0x0403,0x0707,0x0707,0x0707,0x0407,
	0x0707,0x0707,0x0707,0x0307,0x0707,0x0707,0x0707,0x0307,
	0x0606,0x0101,0x0101,0x0505,0x0606,0x0606,0x0106,0x0101,
	0x0606,0x0606,0x0606,0x0106,0x0604,0x0606,0x0606,0x0606,
	0x0404,0x0604,0x0606,0x0606,0x0404,0x0404,0x0404,0x0606,
	0x0404,0x0404,0x0404,0x0404,0x0404,0x0404,0x0404,0x0404,

	0x0505,0x0505,0x0505,0x0505,0x0505,0x0505,0x0505,0x0505,
	0x0501,0x0505,0x0505,0x0505,0x0101,0x0505,0x0505,0x0505,
	0x0606,0x0501,0x0505,0x0505,0x0606,0x0101,0x0505,0x0505,
	0x0606,0x0106,0x0505,0x0505,0x0604,0x0606,0x0501,0x0505,
	0x0505,0x0202,0x0000,0x0000,0x0505,0x0202,0x0000,0x0000,
	0x0505,0x0205,0x0002,0x0000,0x0505,0x0205,0x0002,0x0000,
	0x0505,0x0505,0x0202,0x0202,0x0505,0x0505,0x0205,0x0202,
	0x0505,0x0505,0x0505,0x0505,0x0505,0x0505,0x0505,0x0505,

	0x0000,0x0000,0x0000,0x0000,0x0000,0x0000,0x0000,0x0000,
	0x0000,0x0000,0x0000,0x0000,0x0000,0x0000,0x0000,0x0000,
	0x0000,0x0000,0x0000,0x0000,0x0202,0x0202,0x0000,0x0000,
	0x0202,0x0202,0x0202,0x0202,0x0505,0x0505,0x0202,0x0202,
	0x0000,0x0000,0x0000,0x0000,0x0000,0x0000,0x0000,0x0000,
	0x0000,0x0000,0x0000,0x0000,0x0000,0x0000,0x0000,0x0000,
	0x0000,0x0000,0x0000,0x0000,0x0000,0x0000,0x0000,0x0000,
	0x0000,0x0000,0x0000,0x0000,0x0202,0x0202,0x0000,0x0000,

	0x0000,0x0000,0x0000,0x0000,0x0000,0x0000,0x0000,0x0000,
	0x0000,0x0000,0x0000,0x0000,0x0000,0x0000,0x0000,0x0000,
	0x0000,0x0000,0x0000,0x0000,0x0000,0x0000,0x0000,0x0000,
	0x0000,0x0000,0x0000,0x0000,0x0000,0x0000,0x0000,0x0000,
	0x0000,0x0000,0x0000,0x0000,0x0000,0x0000,0x0000,0x0000,
	0x0000,0x0000,0x0000,0x0000,0x0000,0x0000,0x0000,0x0000,
	0x0000,0x0000,0x0000,0x0000,0x0000,0x0000,0x0000,0x0000,
	0x0000,0x0000,0x0000,0x0000,0x0000,0x0000,0x0000,0x0000,

	0x0000,0x0000,0x0000,0x0000,0x0000,0x0000,0x0000,0x0000,
	0x0000,0x0000,0x0000,0x0000,0x0000,0x0000,0x0000,0x0000,
	0x0000,0x0000,0x0000,0x0000,0x0000,0x0000,0x0000,0x0000,
	0x0000,0x0000,0x0000,0x0000,0x0000,0x0000,0x0000,0x0000,
	0x0000,0x0000,0x0000,0x0000,0x0000,0x0000,0x0000,0x0000,
	0x0000,0x0000,0x0000,0x0000,0x0000,0x0000,0x0000,0x0000,
	0x0000,0x0000,0x0000,0x0000,0x0000,0x0000,0x0000,0x0000,
	0x0000,0x0000,0x0000,0x0000,0x0000,0x0000,0x0000,0x0000,

	0x0000,0x0000,0x0000,0x0000,0x0000,0x0000,0x0000,0x0000,
	0x0000,0x0000,0x0000,0x0000,0x0000,0x0000,0x0000,0x0000,
	0x0000,0x0000,0x0000,0x0000,0x0000,0x0000,0x0000,0x0000,
	0x0000,0x0000,0x0000,0x0000,0x0000,0x0000,0x0000,0x0000,
	0x0000,0x0000,0x0000,0x0000,0x0000,0x0000,0x0000,0x0000,
	0x0000,0x0000,0x0000,0x0000,0x0000,0x0000,0x0000,0x0000,
	0x0000,0x0000,0x0000,0x0000,0x0000,0x0000,0x0000,0x0000,
	0x0000,0x0000,0x0000,0x0000,0x0000,0x0000,0x0000,0x0000,

	0x0000,0x0000,0x0000,0x0000,0x0000,0x0000,0x0000,0x0000,
	0x0000,0x0000,0x0000,0x0000,0x0000,0x0000,0x0000,0x0000,
	0x0000,0x0000,0x0000,0x0000,0x0000,0x0000,0x0000,0x0000,
	0x0000,0x0000,0x0000,0x0000,0x0000,0x0000,0x0000,0x0000,
	0x0000,0x0000,0x0000,0x0000,0x0000,0x0000,0x0000,0x0000,
	0x0000,0x0000,0x0000,0x0000,0x0000,0x0000,0x0000,0x0000,
	0x0000,0x0000,0x0000,0x0000,0x0000,0x0000,0x0000,0x0000,
	0x0000,0x0000,0x0000,0x0000,0x0000,0x0000,0x0000,0x0000,

	0x0000,0x0000,0x0000,0x0000,0x0000,0x0000,0x0000,0x0000,
	0x0000,0x0000,0x0000,0x0000,0x0000,0x0000,0x0000,0x0000,
	0x0000,0x0000,0x0000,0x0000,0x0000,0x0000,0x0000,0x0000,
	0x0000,0x0000,0x0000,0x0000,0x0000,0x0000,0x0000,0x0000,
	0x0000,0x0000,0x0000,0x0000,0x0000,0x0000,0x0000,0x0000,
	0x0000,0x0000,0x0000,0x0000,0x0000,0x0000,0x0000,0x0000,
	0x0000,0x0000,0x0000,0x0000,0x0000,0x0000,0x0000,0x0000,
	0x0000,0x0000,0x0000,0x0000,0x0000,0x0000,0x0000,0x0000,

	0x0000,0x0000,0x0000,0x0000,0x0000,0x0000,0x0000,0x0000,
	0x0000,0x0000,0x0000,0x0000,0x0000,0x0000,0x0000,0x0000,
	0x0000,0x0000,0x0000,0x0000,0x0000,0x0000,0x0000,0x0000,
	0x0000,0x0000,0x0000,0x0000,0x0000,0x0000,0x0000,0x0000,
	0x0000,0x0000,0x0000,0x0000,0x0000,0x0000,0x0000,0x0000,
	0x0000,0x0000,0x0000,0x0000,0x0000,0x0000,0x0000,0x0000,
	0x0000,0x0000,0x0000,0x0000,0x0000,0x0000,0x0000,0x0000,
	0x0000,0x0000,0x0000,0x0000,0x0000,0x0000,0x0000,0x0000,

	0x0000,0x0000,0x0000,0x0000,0x0000,0x0000,0x0000,0x0000,
	0x0000,0x0000,0x0000,0x0000,0x0000,0x0000,0x0000,0x0000,
	0x0000,0x0000,0x0000,0x0000,0x0000,0x0000,0x0000,0x0000,
	0x0000,0x0000,0x0000,0x0000,0x0000,0x0000,0x0000,0x0000,
	0x0000,0x0000,0x0000,0x0000,0x0000,0x0000,0x0000,0x0000,
	0x0000,0x0000,0x0000,0x0000,0x0000,0x0000,0x0000,0x0000,
	0x0000,0x0000,0x0000,0x0000,0x0000,0x0000,0x0000,0x0000,
	0x0000,0x0000,0x0000,0x0000,0x0000,0x0000,0x0000,0x0000,

	0x0000,0x0000,0x0000,0x0000,0x0000,0x0000,0x0000,0x0000,
	0x0000,0x0000,0x0000,0x0000,0x0000,0x0000,0x0000,0x0000,
	0x0000,0x0000,0x0000,0x0000,0x0000,0x0000,0x0000,0x0000,
	0x0000,0x0000,0x0000,0x0000,0x0000,0x0000,0x0000,0x0000,
	0x0000,0x0000,0x0000,0x0000,0x0000,0x0000,0x0000,0x0000,
	0x0000,0x0000,0x0000,0x0000,0x0000,0x0000,0x0000,0x0000,
	0x0000,0x0000,0x0000,0x0000,0x0000,0x0000,0x0000,0x0000,
	0x0000,0x0000,0x0000,0x0000,0x0000,0x0000,0x0000,0x0000,

	0x0000,0x0000,0x0000,0x0000,0x0000,0x0000,0x0000,0x0000,
	0x0000,0x0000,0x0000,0x0000,0x0000,0x0000,0x0000,0x0000,
	0x0000,0x0000,0x0000,0x0000,0x0000,0x0000,0x0000,0x0000,
	0x0000,0x0000,0x0000,0x0000,0x0000,0x0000,0x0000,0x0000,
	0x0000,0x0000,0x0000,0x0000,0x0000,0x0000,0x0000,0x0000,
	0x0000,0x0000,0x0000,0x0000,0x0000,0x0000,0x0000,0x0000,
	0x0000,0x0000,0x0000,0x0000,0x0000,0x0000,0x0000,0x0000,
	0x0000,0x0000,0x0000,0x0000,0x0000,0x0000,0x0000,0x0000,

	0x0000,0x0000,0x0000,0x0000,0x0000,0x0000,0x0000,0x0000,
	0x0000,0x0000,0x0000,0x0000,0x0000,0x0000,0x0000,0x0000,
	0x0000,0x0000,0x0000,0x0000,0x0000,0x0000,0x0000,0x0000,
	0x0000,0x0000,0x0000,0x0000,0x0000,0x0000,0x0000,0x0000,
	0x0000,0x0000,0x0000,0x0000,0x0000,0x0000,0x0000,0x0000,
	0x0000,0x0000,0x0000,0x0000,0x0000,0x0000,0x0000,0x0000,
	0x0000,0x0000,0x0000,0x0000,0x0000,0x0000,0x0000,0x0000,
	0x0000,0x0000,0x0000,0x0000,0x0000,0x0000,0x0000,0x0000,

	0x0000,0x0000,0x0000,0x0000,0x0000,0x0000,0x0000,0x0000,
	0x0000,0x0000,0x0000,0x0000,0x0000,0x0000,0x0000,0x0000,
	0x0000,0x0000,0x0000,0x0000,0x0000,0x0000,0x0000,0x0000,
	0x0000,0x0000,0x0000,0x0000,0x0000,0x0000,0x0000,0x0000,
	0x0000,0x0000,0x0000,0x0000,0x0000,0x0000,0x0000,0x0000,
	0x0000,0x0000,0x0000,0x0000,0x0000,0x0000,0x0000,0x0000,
	0x0000,0x0000,0x0000,0x0000,0x0000,0x0000,0x0000,0x0000,
	0x0000,0x0000,0x0000,0x0000,0x0000,0x0000,0x0000,0x0000,

	0x0000,0x0000,0x0000,0x0000,0x0000,0x0000,0x0000,0x0000,
	0x0000,0x0000,0x0000,0x0000,0x0000,0x0000,0x0000,0x0000,
	0x0000,0x0000,0x0000,0x0000,0x0000,0x0000,0x0000,0x0000,
	0x0000,0x0000,0x0000,0x0000,0x0000,0x0000,0x0000,0x0000,
	0x0000,0x0000,0x0000,0x0000,0x0000,0x0000,0x0000,0x0000,
	0x0000,0x0000,0x0000,0x0000,0x0000,0x0000,0x0000,0x0000,
	0x0000,0x0000,0x0000,0x0000,0x0000,0x0000,0x0000,0x0000,
	0x0000,0x0000,0x0000,0x0000,0x0000,0x0000,0x0000,0x0000,

	0x0000,0x0000,0x0000,0x0000,0x0000,0x0000,0x0000,0x0000,
	0x0000,0x0000,0x0000,0x0000,0x0000,0x0000,0x0000,0x0000,
	0x0000,0x0000,0x0000,0x0000,0x0000,0x0000,0x0000,0x0000,
	0x0000,0x0000,0x0000,0x0000,0x0000,0x0000,0x0000,0x0000,
	0x0000,0x0000,0x0000,0x0000,0x0000,0x0000,0x0000,0x0000,
	0x0000,0x0000,0x0000,0x0000,0x0000,0x0000,0x0000,0x0000,
	0x0000,0x0000,0x0000,0x0000,0x0000,0x0000,0x0000,0x0000,
	0x0000,0x0000,0x0000,0x0000,0x0000,0x0000,0x0000,0x0000,

	0x0000,0x0000,0x0000,0x0000,0x0000,0x0000,0x0000,0x0000,
	0x0000,0x0000,0x0000,0x0000,0x0000,0x0000,0x0000,0x0000,
	0x0000,0x0000,0x0000,0x0000,0x0000,0x0000,0x0000,0x0000,
	0x0000,0x0000,0x0000,0x0000,0x0000,0x0000,0x0000,0x0000,
	0x0000,0x0000,0x0000,0x0000,0x0000,0x0000,0x0000,0x0000,
	0x0000,0x0000,0x0000,0x0000,0x0000,0x0000,0x0000,0x0000,
	0x0000,0x0000,0x0000,0x0000,0x0000,0x0000,0x0000,0x0000,
	0x0000,0x0000,0x0000,0x0000,0x0000,0x0000,0x0000,0x0000,

	0x0000,0x0000,0x0000,0x0000,0x0000,0x0000,0x0000,0x0000,
	0x0000,0x0000,0x0000,0x0000,0x0000,0x0000,0x0000,0x0000,
	0x0000,0x0000,0x0000,0x0000,0x0000,0x0000,0x0000,0x0000,
	0x0000,0x0000,0x0000,0x0000,0x0000,0x0000,0x0000,0x0000,
	0x0000,0x0000,0x0000,0x0000,0x0000,0x0000,0x0000,0x0000,
	0x0000,0x0000,0x0000,0x0000,0x0000,0x0000,0x0000,0x0000,
	0x0000,0x0000,0x0000,0x0000,0x0000,0x0000,0x0000,0x0000,
	0x0000,0x0000,0x0000,0x0000,0x0000,0x0000,0x0200,0x0202,

	0x0000,0x0000,0x0000,0x0000,0x0000,0x0000,0x0000,0x0000,
	0x0000,0x0000,0x0000,0x0000,0x0000,0x0000,0x0000,0x0000,
	0x0000,0x0000,0x0000,0x0000,0x0000,0x0000,0x0000,0x0000,
	0x0000,0x0000,0x0000,0x0000,0x0202,0x0202,0x0202,0x0202,
	0x0000,0x0000,0x0000,0x0000,0x0000,0x0000,0x0000,0x0000,
	0x0000,0x0000,0x0000,0x0000,0x0000,0x0000,0x0000,0x0000,
	0x0000,0x0000,0x0000,0x0000,0x0000,0x0000,0x0000,0x0000,
	0x0000,0x0000,0x0000,0x0000,0x0000,0x0000,0x0000,0x0000,

	0x0000,0x0000,0x0000,0x0000,0x0000,0x0000,0x0000,0x0000,
	0x0000,0x0000,0x0000,0x0000,0x0000,0x0000,0x0000,0x0000,
	0x0000,0x0000,0x0000,0x0000,0x0000,0x0000,0x0000,0x0000,
	0x0000,0x0000,0x0000,0x0000,0x0000,0x0000,0x0000,0x0000,
	0x0000,0x0000,0x0000,0x0000,0x0000,0x0000,0x0000,0x0000,
	0x0000,0x0000,0x0000,0x0000,0x0000,0x0000,0x0000,0x0000,
	0x0000,0x0000,0x0000,0x0000,0x0000,0x0000,0x0000,0x0000,
	0x0000,0x0000,0x0000,0x0000,0x0000,0x0000,0x0000,0x0000,

	0x0000,0x0000,0x0000,0x0000,0x0000,0x0000,0x0000,0x0000,
	0x0000,0x0000,0x0000,0x0000,0x0000,0x0000,0x0000,0x0000,
	0x0000,0x0000,0x0000,0x0000,0x0000,0x0000,0x0000,0x0000,
	0x0000,0x0000,0x0000,0x0000,0x0000,0x0000,0x0000,0x0000,
	0x0000,0x0000,0x0000,0x0000,0x0000,0x0000,0x0000,0x0000,
	0x0000,0x0000,0x0000,0x0000,0x0000,0x0000,0x0000,0x0000,
	0x0000,0x0000,0x0000,0x0000,0x0000,0x0000,0x0000,0x0000,
	0x0000,0x0000,0x0000,0x0000,0x0000,0x0000,0x0000,0x0000,

	0x0000,0x0000,0x0000,0x0000,0x0000,0x0000,0x0000,0x0000,
	0x0000,0x0000,0x0000,0x0000,0x0000,0x0000,0x0000,0x0000,
	0x0000,0x0000,0x0000,0x0000,0x0000,0x0000,0x0000,0x0000,
	0x0000,0x0000,0x0000,0x0000,0x0000,0x0000,0x0000,0x0000,
	0x0000,0x0000,0x0000,0x0000,0x0000,0x0000,0x0000,0x0000,
	0x0000,0x0000,0x0000,0x0000,0x0000,0x0000,0x0000,0x0000,
	0x0000,0x0000,0x0000,0x0000,0x0000,0x0000,0x0000,0x0000,
	0x0000,0x0000,0x0000,0x0000,0x0000,0x0000,0x0000,0x0000,

	0x0000,0x0000,0x0000,0x0000,0x0000,0x0000,0x0000,0x0000,
	0x0000,0x0000,0x0000,0x0000,0x0000,0x0000,0x0000,0x0000,
	0x0000,0x0000,0x0000,0x0000,0x0000,0x0000,0x0000,0x0000,
	0x0000,0x0000,0x0000,0x0000,0x0000,0x0000,0x0000,0x0000,
	0x0000,0x0000,0x0000,0x0000,0x0000,0x0000,0x0000,0x0000,
	0x0000,0x0000,0x0000,0x0000,0x0000,0x0000,0x0000,0x0000,
	0x0000,0x0000,0x0000,0x0000,0x0000,0x0000,0x0000,0x0000,
	0x0000,0x0000,0x0000,0x0000,0x0000,0x0000,0x0000,0x0000,

	0x0000,0x0000,0x0000,0x0000,0x0000,0x0000,0x0000,0x0000,
	0x0000,0x0000,0x0000,0x0000,0x0000,0x0000,0x0000,0x0000,
	0x0000,0x0000,0x0000,0x0000,0x0000,0x0000,0x0000,0x0000,
	0x0000,0x0000,0x0000,0x0000,0x0000,0x0000,0x0000,0x0000,
	0x0000,0x0000,0x0000,0x0000,0x0000,0x0000,0x0000,0x0000,
	0x0000,0x0000,0x0000,0x0000,0x0000,0x0000,0x0000,0x0000,
	0x0000,0x0000,0x0000,0x0000,0x0000,0x0000,0x0000,0x0000,
	0x0000,0x0000,0x0000,0x0000,0x0000,0x0000,0x0000,0x0000,

	0x0000,0x0000,0x0000,0x0000,0x0000,0x0000,0x0000,0x0000,
	0x0000,0x0000,0x0000,0x0000,0x0000,0x0000,0x0000,0x0000,
	0x0000,0x0000,0x0000,0x0000,0x0000,0x0000,0x0000,0x0000,
	0x0000,0x0000,0x0000,0x0000,0x0000,0x0000,0x0000,0x0000,
	0x0000,0x0000,0x0000,0x0000,0x0000,0x0000,0x0000,0x0000,
	0x0000,0x0000,0x0000,0x0000,0x0000,0x0000,0x0000,0x0000,
	0x0000,0x0000,0x0000,0x0000,0x0000,0x0000,0x0000,0x0000,
	0x0000,0x0000,0x0000,0x0000,0x0000,0x0000,0x0000,0x0000,

	0x0000,0x0000,0x0000,0x0000,0x0000,0x0000,0x0000,0x0000,
	0x0000,0x0000,0x0000,0x0000,0x0000,0x0000,0x0000,0x0000,
	0x0000,0x0000,0x0000,0x0000,0x0000,0x0000,0x0000,0x0000,
	0x0000,0x0000,0x0000,0x0000,0x0000,0x0000,0x0000,0x0000,
	0x0000,0x0000,0x0000,0x0000,0x0000,0x0000,0x0000,0x0000,
	0x0000,0x0000,0x0000,0x0000,0x0000,0x0000,0x0000,0x0000,
	0x0000,0x0000,0x0000,0x0000,0x0000,0x0000,0x0000,0x0000,
	0x0000,0x0000,0x0000,0x0000,0x0000,0x0000,0x0000,0x0000,

	0x0000,0x0000,0x0000,0x0000,0x0000,0x0000,0x0000,0x0000,
	0x0000,0x0000,0x0000,0x0000,0x0000,0x0000,0x0000,0x0000,
	0x0000,0x0000,0x0000,0x0000,0x0000,0x0000,0x0000,0x0000,
	0x0000,0x0000,0x0000,0x0000,0x0000,0x0000,0x0000,0x0000,
	0x0000,0x0000,0x0000,0x0000,0x0000,0x0000,0x0000,0x0000,
	0x0000,0x0000,0x0000,0x0000,0x0000,0x0000,0x0000,0x0000,
	0x0000,0x0000,0x0000,0x0000,0x0000,0x0000,0x0000,0x0000,
	0x0000,0x0000,0x0000,0x0000,0x0000,0x0000,0x0000,0x0000,

	0x0000,0x0000,0x0000,0x0000,0x0000,0x0000,0x0000,0x0000,
	0x0000,0x0000,0x0000,0x0000,0x0000,0x0000,0x0000,0x0000,
	0x0000,0x0000,0x0000,0x0000,0x0000,0x0000,0x0000,0x0000,
	0x0000,0x0000,0x0000,0x0000,0x0000,0x0000,0x0000,0x0000,
	0x0000,0x0000,0x0000,0x0000,0x0000,0x0000,0x0000,0x0000,
	0x0000,0x0000,0x0000,0x0000,0x0000,0x0000,0x0000,0x0000,
	0x0000,0x0000,0x0000,0x0000,0x0000,0x0000,0x0000,0x0000,
	0x0000,0x0000,0x0000,0x0000,0x0000,0x0000,0x0000,0x0000,

	0x0000,0x0000,0x0000,0x0000,0x0000,0x0000,0x0000,0x0000,
	0x0000,0x0000,0x0000,0x0000,0x0000,0x0000,0x0000,0x0000,
	0x0000,0x0000,0x0000,0x0000,0x0000,0x0000,0x0000,0x0000,
	0x0000,0x0000,0x0000,0x0000,0x0000,0x0000,0x0000,0x0000,
	0x0000,0x0000,0x0000,0x0000,0x0000,0x0000,0x0000,0x0000,
	0x0000,0x0000,0x0000,0x0000,0x0000,0x0000,0x0000,0x0000,
	0x0000,0x0000,0x0000,0x0000,0x0000,0x0000,0x0000,0x0200,
	0x0000,0x0000,0x0200,0x0202,0x0000,0x0202,0x0202,0x0202,

	0x0000,0x0200,0x0202,0x0502,0x0000,0x0200,0x0202,0x0505,
	0x0000,0x0202,0x0502,0x0505,0x0200,0x0202,0x0505,0x0505,
	0x0202,0x0502,0x0505,0x0505,0x0202,0x0505,0x0505,0x0505,
	0x0502,0x0505,0x0505,0x0505,0x0505,0x0505,0x0505,0x0505,
	0x0505,0x0505,0x0505,0x0505,0x0505,0x0505,0x0505,0x0505,
	0x0505,0x0505,0x0505,0x0505,0x0505,0x0505,0x0505,0x0505,
	0x0505,0x0505,0x0505,0x0505,0x0505,0x0505,0x0505,0x0505,
	0x0505,0x0505,0x0505,0x0505,0x0505,0x0505,0x0505,0x0505,

	0x0505,0x0505,0x0505,0x0505,0x0505,0x0505,0x0505,0x0505,
	0x0505,0x0505,0x0505,0x0505,0x0505,0x0505,0x0505,0x0505,
	0x0505,0x0505,0x0505,0x0505,0x0505,0x0505,0x0505,0x0505,
	0x0505,0x0505,0x0505,0x0505,0x0505,0x0505,0x0505,0x0505,
	0x0505,0x0505,0x0505,0x0505,0x0505,0x0505,0x0505,0x0505,
	0x0505,0x0505,0x0505,0x0505,0x0505,0x0505,0x0505,0x0505,
	0x0505,0x0505,0x0505,0x0505,0x0505,0x0505,0x0505,0x0505,
	0x0505,0x0505,0x0505,0x0505,0x0505,0x0505,0x0505,0x0505,

	0x0505,0x0505,0x0505,0x0505,0x0505,0x0505,0x0505,0x0505,
	0x0505,0x0505,0x0505,0x0505,0x0505,0x0505,0x0505,0x0505,
	0x0505,0x0505,0x0505,0x0505,0x0505,0x0505,0x0505,0x0505,
	0x0505,0x0505,0x0505,0x0505,0x0505,0x0505,0x0505,0x0505,
	0x0505,0x0505,0x0505,0x0505,0x0505,0x0505,0x0505,0x0505,
	0x0505,0x0505,0x0505,0x0505,0x0505,0x0505,0x0505,0x0505,
	0x0505,0x0505,0x0505,0x0505,0x0505,0x0505,0x0505,0x0505,
	0x0505,0x0505,0x0505,0x0505,0x0505,0x0505,0x0505,0x0505,

	0x0707,0x0707,0x0707,0x0707,0x0707,0x0707,0x0707,0x0707,
	0x0707,0x0707,0x0707,0x0707,0x0707,0x0707,0x0707,0x0707,
	0x0707,0x0707,0x0707,0x0707,0x0707,0x0707,0x0707,0x0707,
	0x0707,0x0707,0x0707,0x0707,0x0707,0x0707,0x0707,0x0707,
	0x0403,0x0404,0x0404,0x0404,0x0307,0x0404,0x0404,0x0404,
	0x0307,0x0403,0x0404,0x0404,0x0707,0x0303,0x0403,0x0404,
	0x0707,0x0707,0x0303,0x0303,0x0707,0x0707,0x0707,0x0307,
	0x0707,0x0707,0x0707,0x0707,0x0707,0x0707,0x0707,0x0707,

	0x0404,0x0606,0x0501,0x0505,0x0404,0x0606,0x0106,0x0505,
	0x0404,0x0604,0x0106,0x0505,0x0404,0x0604,0x0106,0x0505,
	0x0404,0x0404,0x0606,0x0501,0x0403,0x0404,0x0606,0x0501,
	0x0307,0x0404,0x0606,0x0501,0x0707,0x0404,0x0604,0x0501,
	0x0505,0x0505,0x0505,0x0505,0x0505,0x0505,0x0505,0x0505,
	0x0505,0x0505,0x0505,0x0505,0x0505,0x0505,0x0505,0x0505,
	0x0505,0x0505,0x0505,0x0505,0x0505,0x0505,0x0505,0x0505,
	0x0505,0x0505,0x0505,0x0505,0x0505,0x0505,0x0505,0x0505,

	0x0505,0x0505,0x0505,0x0505,0x0505,0x0505,0x0505,0x0505,
	0x0505,0x0505,0x0505,0x0505,0x0505,0x0505,0x0505,0x0505,
	0x0505,0x0505,0x0505,0x0505,0x0505,0x0505,0x0505,0x0505,
	0x0505,0x0505,0x0505,0x0505,0x0505,0x0505,0x0505,0x0505,
	0x0202,0x0202,0x0202,0x0202,0x0505,0x0505,0x0202,0x0202,
	0x0505,0x0505,0x0505,0x0505,0x0505,0x0505,0x0505,0x0505,
	0x0505,0x0505,0x0505,0x0505,0x0505,0x0505,0x0505,0x0505,
	0x0505,0x0505,0x0505,0x0505,0x0505,0x0505,0x0505,0x0505,

	0x0000,0x0000,0x0000,0x0000,0x0202,0x0202,0x0002,0x0000,
	0x0205,0x0202,0x0202,0x0202,0x0505,0x0505,0x0205,0x0202,
	0x0505,0x0505,0x0505,0x0505,0x0505,0x0505,0x0505,0x0505,
	0x0505,0x0505,0x0505,0x0505,0x0505,0x0505,0x0505,0x0505,
	0x0000,0x0000,0x0000,0x0000,0x0000,0x0000,0x0000,0x0000,
	0x0002,0x0000,0x0000,0x0000,0x0202,0x0202,0x0202,0x0000,
	0x0505,0x0202,0x0202,0x0202,0x0505,0x0505,0x0505,0x0202,
	0x0505,0x0505,0x0505,0x0505,0x0505,0x0505,0x0505,0x0505,

	0x0000,0x0000,0x0000,0x0000,0x0000,0x0000,0x0000,0x0000,
	0x0000,0x0000,0x0000,0x0000,0x0000,0x0000,0x0000,0x0000,
	0x0202,0x0000,0x0000,0x0000,0x0202,0x0202,0x0202,0x0002,
	0x0505,0x0205,0x0202,0x0202,0x0505,0x0505,0x0505,0x0205,
	0x0000,0x0000,0x0000,0x0000,0x0000,0x0000,0x0000,0x0000,
	0x0000,0x0000,0x0000,0x0000,0x0000,0x0000,0x0000,0x0000,
	0x0000,0x0000,0x0000,0x0000,0x0000,0x0000,0x0000,0x0000,
	0x0202,0x0002,0x0000,0x0000,0x0202,0x0202,0x0202,0x0202,

	0x0000,0x0000,0x0000,0x0000,0x0000,0x0000,0x0000,0x0000,
	0x0000,0x0000,0x0000,0x0000,0x0000,0x0000,0x0000,0x0000,
	0x0000,0x0000,0x0000,0x0000,0x0000,0x0000,0x0000,0x0000,
	0x0000,0x0000,0x0000,0x0000,0x0000,0x0000,0x0000,0x0000,
	0x0000,0x0000,0x0000,0x0000,0x0000,0x0000,0x0000,0x0000,
	0x0000,0x0000,0x0000,0x0000,0x0000,0x0000,0x0000,0x0000,
	0x0000,0x0000,0x0000,0x0000,0x0000,0x0000,0x0000,0x0000,
	0x0000,0x0000,0x0000,0x0000,0x0000,0x0000,0x0000,0x0000,

	0x0000,0x0000,0x0000,0x0000,0x0000,0x0000,0x0000,0x0000,
	0x0000,0x0000,0x0000,0x0000,0x0000,0x0000,0x0000,0x0000,
	0x0000,0x0000,0x0000,0x0000,0x0000,0x0000,0x0000,0x0000,
	0x0000,0x0000,0x0000,0x0000,0x0000,0x0000,0x0000,0x0000,
	0x0000,0x0000,0x0000,0x0000,0x0000,0x0000,0x0000,0x0000,
	0x0000,0x0000,0x0000,0x0000,0x0000,0x0000,0x0000,0x0000,
	0x0000,0x0000,0x0000,0x0000,0x0000,0x0000,0x0000,0x0000,
	0x0000,0x0000,0x0000,0x0000,0x0000,0x0000,0x0000,0x0000,

	0x0000,0x0000,0x0000,0x0000,0x0000,0x0000,0x0000,0x0000,
	0x0000,0x0000,0x0000,0x0000,0x0000,0x0000,0x0000,0x0000,
	0x0000,0x0000,0x0000,0x0000,0x0000,0x0000,0x0000,0x0000,
	0x0000,0x0000,0x0000,0x0000,0x0000,0x0000,0x0000,0x0000,
	0x0000,0x0000,0x0000,0x0000,0x0000,0x0000,0x0000,0x0000,
	0x0000,0x0000,0x0000,0x0000,0x0000,0x0000,0x0000,0x0000,
	0x0000,0x0000,0x0000,0x0000,0x0000,0x0000,0x0000,0x0000,
	0x0000,0x0000,0x0000,0x0000,0x0000,0x0000,0x0000,0x0000,

	0x0000,0x0000,0x0000,0x0000,0x0000,0x0000,0x0000,0x0000,
	0x0000,0x0000,0x0000,0x0000,0x0000,0x0000,0x0000,0x0000,
	0x0000,0x0000,0x0000,0x0000,0x0000,0x0000,0x0000,0x0000,
	0x0000,0x0000,0x0000,0x0000,0x0000,0x0000,0x0000,0x0000,
	0x0000,0x0000,0x0000,0x0000,0x0000,0x0000,0x0000,0x0000,
	0x0000,0x0000,0x0000,0x0000,0x0000,0x0000,0x0000,0x0000,
	0x0000,0x0000,0x0000,0x0000,0x0000,0x0000,0x0000,0x0000,
	0x0000,0x0000,0x0000,0x0000,0x0000,0x0000,0x0000,0x0000,

	0x0000,0x0000,0x0000,0x0000,0x0000,0x0000,0x0000,0x0000,
	0x0000,0x0000,0x0000,0x0000,0x0000,0x0000,0x0000,0x0000,
	0x0000,0x0000,0x0000,0x0000,0x0000,0x0000,0x0000,0x0000,
	0x0000,0x0000,0x0000,0x0000,0x0000,0x0000,0x0000,0x0000,
	0x0000,0x0000,0x0000,0x0000,0x0000,0x0000,0x0000,0x0000,
	0x0000,0x0000,0x0000,0x0000,0x0000,0x0000,0x0000,0x0000,
	0x0000,0x0000,0x0000,0x0000,0x0000,0x0000,0x0000,0x0000,
	0x0000,0x0000,0x0000,0x0000,0x0000,0x0000,0x0000,0x0000,

	0x0000,0x0000,0x0000,0x0000,0x0000,0x0000,0x0000,0x0000,
	0x0000,0x0000,0x0000,0x0000,0x0000,0x0000,0x0000,0x0000,
	0x0000,0x0000,0x0000,0x0000,0x0000,0x0000,0x0000,0x0000,
	0x0000,0x0000,0x0000,0x0000,0x0000,0x0000,0x0000,0x0000,
	0x0000,0x0000,0x0000,0x0000,0x0000,0x0000,0x0000,0x0000,
	0x0000,0x0000,0x0000,0x0000,0x0000,0x0000,0x0000,0x0000,
	0x0000,0x0000,0x0000,0x0000,0x0000,0x0000,0x0000,0x0000,
	0x0000,0x0000,0x0000,0x0000,0x0000,0x0000,0x0000,0x0000,

	0x0000,0x0000,0x0000,0x0000,0x0000,0x0000,0x0000,0x0000,
	0x0000,0x0000,0x0000,0x0000,0x0000,0x0000,0x0000,0x0000,
	0x0000,0x0000,0x0000,0x0000,0x0000,0x0000,0x0000,0x0000,
	0x0000,0x0000,0x0000,0x0000,0x0000,0x0000,0x0000,0x0000,
	0x0000,0x0000,0x0000,0x0000,0x0000,0x0000,0x0000,0x0000,
	0x0000,0x0000,0x0000,0x0000,0x0000,0x0000,0x0000,0x0000,
	0x0000,0x0000,0x0000,0x0000,0x0000,0x0000,0x0000,0x0000,
	0x0000,0x0000,0x0000,0x0000,0x0000,0x0000,0x0000,0x0000,

	0x0000,0x0000,0x0000,0x0000,0x0000,0x0000,0x0000,0x0000,
	0x0000,0x0000,0x0000,0x0000,0x0000,0x0000,0x0000,0x0000,
	0x0000,0x0000,0x0000,0x0000,0x0000,0x0000,0x0000,0x0000,
	0x0000,0x0000,0x0000,0x0000,0x0000,0x0000,0x0000,0x0000,
	0x0000,0x0000,0x0000,0x0000,0x0000,0x0000,0x0000,0x0000,
	0x0000,0x0000,0x0000,0x0000,0x0000,0x0000,0x0000,0x0000,
	0x0000,0x0000,0x0000,0x0000,0x0000,0x0000,0x0000,0x0000,
	0x0000,0x0000,0x0000,0x0000,0x0000,0x0000,0x0000,0x0000,

	0x0000,0x0000,0x0000,0x0000,0x0000,0x0000,0x0000,0x0000,
	0x0000,0x0000,0x0000,0x0000,0x0000,0x0000,0x0000,0x0000,
	0x0000,0x0000,0x0000,0x0000,0x0000,0x0000,0x0000,0x0000,
	0x0000,0x0000,0x0000,0x0000,0x0000,0x0000,0x0000,0x0000,
	0x0000,0x0000,0x0000,0x0000,0x0000,0x0000,0x0000,0x0000,
	0x0000,0x0000,0x0000,0x0000,0x0000,0x0000,0x0000,0x0000,
	0x0000,0x0000,0x0000,0x0000,0x0000,0x0000,0x0000,0x0000,
	0x0000,0x0000,0x0000,0x0000,0x0000,0x0000,0x0000,0x0000,

	0x0000,0x0000,0x0000,0x0000,0x0000,0x0000,0x0000,0x0000,
	0x0000,0x0000,0x0000,0x0000,0x0000,0x0000,0x0000,0x0000,
	0x0000,0x0000,0x0000,0x0000,0x0000,0x0000,0x0000,0x0000,
	0x0000,0x0000,0x0000,0x0000,0x0000,0x0000,0x0000,0x0000,
	0x0000,0x0000,0x0000,0x0000,0x0000,0x0000,0x0000,0x0000,
	0x0000,0x0000,0x0000,0x0000,0x0000,0x0000,0x0000,0x0000,
	0x0000,0x0000,0x0000,0x0000,0x0000,0x0000,0x0000,0x0000,
	0x0000,0x0000,0x0000,0x0000,0x0000,0x0000,0x0000,0x0000,

	0x0000,0x0000,0x0000,0x0000,0x0000,0x0000,0x0000,0x0000,
	0x0000,0x0000,0x0000,0x0000,0x0000,0x0000,0x0000,0x0000,
	0x0000,0x0000,0x0000,0x0000,0x0000,0x0000,0x0000,0x0000,
	0x0000,0x0000,0x0000,0x0000,0x0000,0x0000,0x0000,0x0000,
	0x0000,0x0000,0x0000,0x0000,0x0000,0x0000,0x0000,0x0000,
	0x0000,0x0000,0x0000,0x0000,0x0000,0x0000,0x0000,0x0000,
	0x0000,0x0000,0x0000,0x0000,0x0000,0x0000,0x0000,0x0000,
	0x0000,0x0000,0x0000,0x0000,0x0000,0x0000,0x0000,0x0000,

	0x0000,0x0000,0x0000,0x0000,0x0000,0x0000,0x0000,0x0000,
	0x0000,0x0000,0x0000,0x0000,0x0000,0x0000,0x0000,0x0000,
	0x0000,0x0000,0x0000,0x0000,0x0000,0x0000,0x0000,0x0200,
	0x0000,0x0000,0x0200,0x0202,0x0000,0x0200,0x0202,0x0202,
	0x0000,0x0000,0x0000,0x0000,0x0000,0x0000,0x0000,0x0000,
	0x0000,0x0000,0x0000,0x0200,0x0000,0x0000,0x0202,0x0202,
	0x0200,0x0202,0x0202,0x0202,0x0202,0x0202,0x0202,0x0502,
	0x0202,0x0202,0x0505,0x0505,0x0202,0x0505,0x0505,0x0505,

	0x0000,0x0000,0x0000,0x0202,0x0000,0x0202,0x0202,0x0202,
	0x0202,0x0202,0x0202,0x0202,0x0202,0x0202,0x0202,0x0505,
	0x0202,0x0505,0x0505,0x0505,0x0505,0x0505,0x0505,0x0505,
	0x0505,0x0505,0x0505,0x0101,0x0505,0x0105,0x0101,0x0101,
	0x0202,0x0202,0x0202,0x0202,0x0202,0x0202,0x0202,0x0202,
	0x0202,0x0505,0x0505,0x0505,0x0505,0x0505,0x0505,0x0505,
	0x0505,0x0505,0x0505,0x0505,0x0505,0x0101,0x0101,0x0101,
	0x0101,0x0101,0x0101,0x0101,0x0101,0x0101,0x0101,0x0101,

	0x0202,0x0202,0x0202,0x0202,0x0202,0x0202,0x0202,0x0202,
	0x0505,0x0505,0x0505,0x0505,0x0505,0x0505,0x0505,0x0505,
	0x0101,0x0101,0x0101,0x0101,0x0101,0x0101,0x0101,0x0101,
	0x0101,0x0101,0x0101,0x0101,0x0101,0x0101,0x0101,0x0101,
	0x0202,0x0202,0x0202,0x0002,0x0202,0x0202,0x0202,0x0202,
	0x0505,0x0505,0x0202,0x0202,0x0505,0x0505,0x0505,0x0505,
	0x0101,0x0505,0x0505,0x0505,0x0101,0x0101,0x0101,0x0101,
	0x0101,0x0101,0x0101,0x0101,0x0101,0x0101,0x0101,0x0101,

	0x0000,0x0000,0x0000,0x0000,0x0202,0x0202,0x0000,0x0000,
	0x0202,0x0202,0x0202,0x0202,0x0205,0x0202,0x0202,0x0202,
	0x0505,0x0505,0x0505,0x0202,0x0501,0x0505,0x0505,0x0505,
	0x0101,0x0101,0x0101,0x0501,0x0101,0x0101,0x0101,0x0101,
	0x0000,0x0000,0x0000,0x0000,0x0000,0x0000,0x0000,0x0000,
	0x0000,0x0000,0x0000,0x0000,0x0202,0x0202,0x0000,0x0000,
	0x0202,0x0202,0x0202,0x0202,0x0505,0x0202,0x0202,0x0202,
	0x0505,0x0505,0x0505,0x0205,0x0101,0x0501,0x0505,0x0505,

	0x0000,0x0000,0x0000,0x0000,0x0000,0x0000,0x0000,0x0000,
	0x0000,0x0000,0x0000,0x0000,0x0000,0x0000,0x0000,0x0000,
	0x0000,0x0000,0x0000,0x0000,0x0202,0x0202,0x0002,0x0000,
	0x0202,0x0202,0x0202,0x0202,0x0505,0x0205,0x0202,0x0202,
	0x0000,0x0000,0x0000,0x0000,0x0000,0x0000,0x0000,0x0000,
	0x0000,0x0000,0x0000,0x0000,0x0000,0x0000,0x0000,0x0000,
	0x0000,0x0000,0x0000,0x0000,0x0000,0x0000,0x0000,0x0000,
	0x0202,0x0002,0x0000,0x0000,0x0202,0x0202,0x0202,0x0202,

	0x0000,0x0000,0x0000,0x0000,0x0000,0x0000,0x0000,0x0000,
	0x0000,0x0000,0x0000,0x0000,0x0000,0x0000,0x0000,0x0000,
	0x0000,0x0000,0x0000,0x0000,0x0000,0x0000,0x0000,0x0000,
	0x0000,0x0000,0x0000,0x0000,0x0202,0x0000,0x0000,0x0000,
	0x0000,0x0000,0x0000,0x0000,0x0000,0x0000,0x0000,0x0000,
	0x0000,0x0000,0x0000,0x0000,0x0000,0x0000,0x0000,0x0000,
	0x0000,0x0000,0x0000,0x0000,0x0000,0x0000,0x0000,0x0000,
	0x0000,0x0000,0x0000,0x0000,0x0000,0x0000,0x0000,0x0000,

	0x0000,0x0000,0x0000,0x0000,0x0000,0x0000,0x0000,0x0000,
	0x0000,0x0000,0x0000,0x0000,0x0000,0x0000,0x0000,0x0000,
	0x0000,0x0000,0x0000,0x0000,0x0000,0x0000,0x0000,0x0000,
	0x0000,0x0000,0x0000,0x0000,0x0000,0x0000,0x0000,0x0202,
	0x0000,0x0000,0x0000,0x0000,0x0000,0x0000,0x0000,0x0000,
	0x0000,0x0000,0x0000,0x0000,0x0000,0x0000,0x0000,0x0000,
	0x0000,0x0000,0x0000,0x0000,0x0000,0x0000,0x0000,0x0000,
	0x0000,0x0000,0x0000,0x0202,0x0202,0x0202,0x0202,0x0202,

	0x0000,0x0000,0x0000,0x0000,0x0000,0x0000,0x0000,0x0000,
	0x0000,0x0000,0x0000,0x0000,0x0000,0x0000,0x0000,0x0000,
	0x0000,0x0000,0x0000,0x0000,0x0000,0x0000,0x0000,0x0000,
	0x0202,0x0202,0x0202,0x0202,0x0202,0x0202,0x0202,0x0202,
	0x0000,0x0000,0x0000,0x0000,0x0000,0x0000,0x0000,0x0000,
	0x0000,0x0000,0x0000,0x0000,0x0000,0x0000,0x0000,0x0000,
	0x0000,0x0000,0x0000,0x0000,0x0202,0x0202,0x0202,0x0202,
	0x0202,0x0202,0x0202,0x0202,0x0202,0x0502,0x0505,0x0505,

	0x0000,0x0000,0x0000,0x0000,0x0000,0x0000,0x0000,0x0000,
	0x0000,0x0000,0x0000,0x0000,0x0000,0x0000,0x0000,0x0000,
	0x0000,0x0200,0x0202,0x0202,0x0202,0x0202,0x0202,0x0202,
	0x0202,0x0202,0x0202,0x0502,0x0505,0x0505,0x0505,0x0505,
	0x0000,0x0000,0x0000,0x0000,0x0000,0x0000,0x0000,0x0000,
	0x0000,0x0000,0x0000,0x0000,0x0000,0x0000,0x0000,0x0000,
	0x0202,0x0202,0x0202,0x0202,0x0202,0x0202,0x0202,0x0202,
	0x0505,0x0505,0x0505,0x0505,0x0505,0x0505,0x0505,0x0505,

	0x0000,0x0000,0x0000,0x0000,0x0000,0x0000,0x0000,0x0000,
	0x0000,0x0000,0x0000,0x0000,0x0202,0x0202,0x0202,0x0202,
	0x0202,0x0202,0x0202,0x0202,0x0202,0x0202,0x0502,0x0505,
	0x0505,0x0505,0x0505,0x0505,0x0505,0x0505,0x0505,0x0505,
	0x0000,0x0000,0x0000,0x0000,0x0000,0x0000,0x0000,0x0000,
	0x0000,0x0000,0x0000,0x0000,0x0202,0x0202,0x0202,0x0202,
	0x0202,0x0202,0x0202,0x0202,0x0505,0x0505,0x0505,0x0505,
	0x0505,0x0505,0x0505,0x0505,0x0505,0x0505,0x0505,0x0505,

	0x0000,0x0000,0x0000,0x0000,0x0000,0x0000,0x0000,0x0000,
	0x0200,0x0202,0x0202,0x0202,0x0202,0x0202,0x0202,0x0202,
	0x0202,0x0202,0x0202,0x0502,0x0505,0x0505,0x0505,0x0505,
	0x0505,0x0505,0x0505,0x0505,0x0505,0x0505,0x0505,0x0505,
	0x0000,0x0000,0x0000,0x0000,0x0000,0x0000,0x0000,0x0000,
	0x0202,0x0202,0x0202,0x0202,0x0202,0x0202,0x0202,0x0202,
	0x0505,0x0505,0x0505,0x0505,0x0505,0x0505,0x0505,0x0505,
	0x0505,0x0505,0x0505,0x0505,0x0505,0x0505,0x0505,0x0505,

	0x0000,0x0000,0x0000,0x0000,0x0000,0x0202,0x0202,0x0202,
	0x0202,0x0202,0x0202,0x0202,0x0202,0x0202,0x0202,0x0202,
	0x0505,0x0505,0x0505,0x0505,0x0505,0x0505,0x0505,0x0505,
	0x0505,0x0505,0x0505,0x0505,0x0505,0x0505,0x0505,0x0505,
	0x0000,0x0000,0x0000,0x0000,0x0202,0x0202,0x0202,0x0202,
	0x0202,0x0202,0x0202,0x0202,0x0505,0x0505,0x0505,0x0505,
	0x0505,0x0505,0x0505,0x0505,0x0505,0x0505,0x0505,0x0505,
	0x0505,0x0505,0x0505,0x0505,0x0505,0x0505,0x0505,0x0505,

	0x0202,0x0202,0x0202,0x0202,0x0202,0x0202,0x0202,0x0202,
	0x0202,0x0202,0x0202,0x0505,0x0505,0x0505,0x0505,0x0505,
	0x0505,0x0505,0x0505,0x0505,0x0505,0x0505,0x0505,0x0505,
	0x0505,0x0505,0x0505,0x0505,0x0505,0x0505,0x0505,0x0505,
	0x0202,0x0202,0x0202,0x0505,0x0202,0x0202,0x0505,0x0505,
	0x0505,0x0505,0x0505,0x0505,0x0505,0x0505,0x0505,0x0505,
	0x0505,0x0505,0x0505,0x0505,0x0505,0x0505,0x0505,0x0505,
	0x0505,0x0505,0x0505,0x0505,0x0505,0x0505,0x0505,0x0505,

	0x0505,0x0505,0x0505,0x0505,0x0505,0x0505,0x0505,0x0505,
	0x0505,0x0505,0x0505,0x0505,0x0505,0x0505,0x0505,0x0505,
	0x0505,0x0505,0x0505,0x0505,0x0505,0x0505,0x0505,0x0505,
	0x0505,0x0505,0x0505,0x0505,0x0505,0x0505,0x0505,0x0505,
	0x0505,0x0505,0x0505,0x0505,0x0505,0x0505,0x0505,0x0505,
	0x0505,0x0505,0x0505,0x0505,0x0505,0x0505,0x0505,0x0505,
	0x0505,0x0505,0x0505,0x0505,0x0505,0x0505,0x0505,0x0505,
	0x0505,0x0505,0x0505,0x0505,0x0505,0x0505,0x0505,0x0505,

	0x0505,0x0505,0x0505,0x0505,0x0505,0x0505,0x0505,0x0505,
	0x0505,0x0505,0x0505,0x0505,0x0505,0x0505,0x0505,0x0505,
	0x0505,0x0505,0x0505,0x0505,0x0505,0x0505,0x0505,0x0505,
	0x0505,0x0505,0x0505,0x0505,0x0505,0x0505,0x0505,0x0505,
	0x0505,0x0505,0x0505,0x0505,0x0505,0x0505,0x0505,0x0505,
	0x0505,0x0505,0x0505,0x0505,0x0505,0x0505,0x0505,0x0505,
	0x0505,0x0505,0x0505,0x0505,0x0505,0x0505,0x0505,0x0505,
	0x0505,0x0505,0x0505,0x0505,0x0505,0x0505,0x0505,0x0505,

	0x0505,0x0505,0x0505,0x0505,0x0505,0x0505,0x0505,0x0505,
	0x0505,0x0505,0x0505,0x0505,0x0505,0x0505,0x0505,0x0505,
	0x0505,0x0505,0x0505,0x0505,0x0505,0x0505,0x0505,0x0505,
	0x0505,0x0505,0x0505,0x0505,0x0505,0x0505,0x0505,0x0505,
	0x0505,0x0505,0x0505,0x0505,0x0505,0x0505,0x0505,0x0505,
	0x0505,0x0505,0x0505,0x0505,0x0505,0x0505,0x0505,0x0505,
	0x0505,0x0505,0x0505,0x0505,0x0505,0x0505,0x0505,0x0505,
	0x0505,0x0505,0x0505,0x0505,0x0505,0x0505,0x0505,0x0505,

	0x0707,0x0707,0x0707,0x0707,0x0707,0x0707,0x0707,0x0707,
	0x0707,0x0707,0x0707,0x0707,0x0703,0x0707,0x0707,0x0707,
	0x0704,0x0707,0x0707,0x0707,0x0704,0x0707,0x0707,0x0707,
	0x0704,0x0707,0x0707,0x0707,0x0704,0x0707,0x0707,0x0707,
	0x0707,0x0707,0x0707,0x0707,0x0707,0x0707,0x0707,0x0707,
	0x0707,0x0707,0x0707,0x0707,0x0707,0x0707,0x0707,0x0707,
	0x0707,0x0707,0x0707,0x0707,0x0707,0x0707,0x0707,0x0707,
	0x0707,0x0707,0x0707,0x0707,0x0707,0x0707,0x0707,0x0707,

	0x0707,0x0403,0x0604,0x0106,0x0707,0x0407,0x0604,0x0106,
	0x0707,0x0307,0x0604,0x0106,0x0707,0x0707,0x0404,0x0606,
	0x0707,0x0707,0x0404,0x0606,0x0707,0x0707,0x0407,0x0404,
	0x0707,0x0707,0x0707,0x0404,0x0707,0x0707,0x0707,0x0707,
	0x0505,0x0505,0x0505,0x0505,0x0505,0x0505,0x0505,0x0505,
	0x0505,0x0505,0x0505,0x0505,0x0101,0x0101,0x0101,0x0101,
	0x0606,0x0606,0x0606,0x0606,0x0606,0x0606,0x0404,0x0404,
	0x0404,0x0404,0x0404,0x0404,0x0707,0x0707,0x0707,0x0707,

	0x0505,0x0505,0x0505,0x0505,0x0505,0x0505,0x0505,0x0505,
	0x0505,0x0505,0x0505,0x0505,0x0101,0x0101,0x0101,0x0501,
	0x0606,0x0606,0x0606,0x0606,0x0604,0x0606,0x0606,0x0606,
	0x0404,0x0404,0x0404,0x0404,0x0707,0x0707,0x0707,0x0707,
	0x0505,0x0505,0x0505,0x0505,0x0505,0x0505,0x0505,0x0505,
	0x0505,0x0505,0x0505,0x0505,0x0505,0x0505,0x0505,0x0505,
	0x0101,0x0101,0x0101,0x0101,0x0606,0x0606,0x0606,0x0606,
	0x0404,0x0404,0x0404,0x0606,0x0303,0x0404,0x0404,0x0404,

	0x0505,0x0505,0x0505,0x0505,0x0505,0x0505,0x0505,0x0505,
	0x0505,0x0505,0x0505,0x0505,0x0505,0x0505,0x0505,0x0505,
	0x0505,0x0505,0x0505,0x0505,0x0106,0x0101,0x0101,0x0501,
	0x0606,0x0606,0x0606,0x0106,0x0404,0x0404,0x0604,0x0606,
	0x0505,0x0505,0x0505,0x0505,0x0505,0x0505,0x0505,0x0505,
	0x0505,0x0505,0x0505,0x0505,0x0505,0x0505,0x0505,0x0505,
	0x0505,0x0505,0x0505,0x0505,0x0505,0x0505,0x0505,0x0505,
	0x0101,0x0101,0x0505,0x0505,0x0606,0x0606,0x0101,0x0101,

	0x0505,0x0505,0x0505,0x0505,0x0505,0x0505,0x0505,0x0505,
	0x0505,0x0505,0x0505,0x0505,0x0505,0x0505,0x0505,0x0505,
	0x0505,0x0505,0x0505,0x0505,0x0505,0x0505,0x0505,0x0505,
	0x0505,0x0505,0x0505,0x0505,0x0501,0x0505,0x0505,0x0505,
	0x0505,0x0505,0x0202,0x0202,0x0505,0x0505,0x0505,0x0505,
	0x0505,0x0505,0x0505,0x0505,0x0505,0x0505,0x0505,0x0505,
	0x0505,0x0505,0x0505,0x0505,0x0505,0x0505,0x0505,0x0505,
	0x0505,0x0505,0x0505,0x0505,0x0505,0x0505,0x0505,0x0505,

	0x0202,0x0202,0x0002,0x0000,0x0202,0x0202,0x0202,0x0202,
	0x0505,0x0505,0x0505,0x0202,0x0505,0x0505,0x0505,0x0505,
	0x0505,0x0505,0x0505,0x0505,0x0505,0x0505,0x0505,0x0505,
	0x0505,0x0505,0x0505,0x0505,0x0505,0x0505,0x0505,0x0505,
	0x0000,0x0000,0x0000,0x0000,0x0202,0x0202,0x0000,0x0000,
	0x0202,0x0202,0x0202,0x0202,0x0505,0x0505,0x0505,0x0202,
	0x0505,0x0505,0x0505,0x0505,0x0505,0x0505,0x0505,0x0505,
	0x0505,0x0505,0x0505,0x0505,0x0505,0x0505,0x0505,0x0505,

	0x0000,0x0000,0x0000,0x0000,0x0000,0x0000,0x0000,0x0000,
	0x0202,0x0202,0x0000,0x0000,0x0202,0x0202,0x0202,0x0202,
	0x0505,0x0505,0x0205,0x0202,0x0505,0x0505,0x0505,0x0505,
	0x0505,0x0505,0x0505,0x0505,0x0505,0x0505,0x0505,0x0505,
	0x0000,0x0000,0x0000,0x0000,0x0000,0x0000,0x0000,0x0000,
	0x0000,0x0000,0x0000,0x0000,0x0202,0x0000,0x0000,0x0000,
	0x0202,0x0202,0x0202,0x0202,0x0505,0x0202,0x0202,0x0202,
	0x0505,0x0505,0x0505,0x0505,0x0505,0x0505,0x0505,0x0505,

	0x0000,0x0000,0x0000,0x0000,0x0000,0x0000,0x0000,0x0000,
	0x0000,0x0000,0x0000,0x0000,0x0000,0x0000,0x0000,0x0000,
	0x0202,0x0000,0x0000,0x0000,0x0202,0x0202,0x0202,0x0202,
	0x0505,0x0205,0x0202,0x0202,0x0505,0x0505,0x0505,0x0505,
	0x0000,0x0000,0x0000,0x0000,0x0000,0x0000,0x0000,0x0000,
	0x0000,0x0000,0x0000,0x0000,0x0000,0x0000,0x0000,0x0000,
	0x0000,0x0000,0x0000,0x0000,0x0202,0x0202,0x0202,0x0202,
	0x0202,0x0202,0x0202,0x0202,0x0505,0x0505,0x0505,0x0505,

	0x0000,0x0000,0x0000,0x0000,0x0000,0x0000,0x0000,0x0000,
	0x0000,0x0000,0x0000,0x0000,0x0000,0x0000,0x0000,0x0000,
	0x0000,0x0000,0x0000,0x0000,0x0202,0x0202,0x0202,0x0202,
	0x0202,0x0202,0x0202,0x0202,0x0505,0x0505,0x0505,0x0505,
	0x0000,0x0000,0x0000,0x0000,0x0000,0x0000,0x0000,0x0000,
	0x0000,0x0000,0x0000,0x0000,0x0000,0x0000,0x0000,0x0000,
	0x0202,0x0202,0x0000,0x0000,0x0202,0x0202,0x0202,0x0202,
	0x0202,0x0202,0x0202,0x0202,0x0505,0x0505,0x0505,0x0505,

	0x0000,0x0000,0x0000,0x0000,0x0000,0x0000,0x0000,0x0000,
	0x0000,0x0000,0x0000,0x0000,0x0000,0x0000,0x0000,0x0000,
	0x0000,0x0000,0x0000,0x0000,0x0002,0x0000,0x0000,0x0000,
	0x0202,0x0202,0x0000,0x0000,0x0202,0x0202,0x0002,0x0000,
	0x0000,0x0000,0x0000,0x0000,0x0000,0x0000,0x0000,0x0000,
	0x0000,0x0000,0x0000,0x0000,0x0000,0x0000,0x0000,0x0000,
	0x0000,0x0000,0x0000,0x0000,0x0000,0x0000,0x0000,0x0000,
	0x0000,0x0000,0x0000,0x0000,0x0000,0x0000,0x0000,0x0000,

	0x0000,0x0000,0x0000,0x0000,0x0000,0x0000,0x0000,0x0000,
	0x0000,0x0000,0x0000,0x0000,0x0000,0x0000,0x0000,0x0000,
	0x0000,0x0000,0x0000,0x0000,0x0000,0x0000,0x0000,0x0000,
	0x0000,0x0000,0x0000,0x0000,0x0000,0x0000,0x0000,0x0000,
	0x0000,0x0000,0x0000,0x0000,0x0000,0x0000,0x0000,0x0000,
	0x0000,0x0000,0x0000,0x0000,0x0000,0x0000,0x0000,0x0000,
	0x0000,0x0000,0x0000,0x0000,0x0000,0x0000,0x0000,0x0000,
	0x0000,0x0000,0x0000,0x0000,0x0000,0x0000,0x0000,0x0000,

	0x0000,0x0000,0x0000,0x0000,0x0000,0x0000,0x0000,0x0000,
	0x0000,0x0000,0x0000,0x0000,0x0000,0x0000,0x0000,0x0000,
	0x0000,0x0000,0x0000,0x0000,0x0000,0x0000,0x0000,0x0000,
	0x0000,0x0000,0x0000,0x0000,0x0000,0x0000,0x0000,0x0000,
	0x0000,0x0000,0x0000,0x0000,0x0000,0x0000,0x0000,0x0000,
	0x0000,0x0000,0x0000,0x0000,0x0000,0x0000,0x0000,0x0000,
	0x0000,0x0000,0x0000,0x0000,0x0000,0x0000,0x0000,0x0000,
	0x0000,0x0000,0x0000,0x0000,0x0000,0x0000,0x0000,0x0000,

	0x0000,0x0000,0x0000,0x0000,0x0000,0x0000,0x0000,0x0000,
	0x0000,0x0000,0x0000,0x0000,0x0000,0x0000,0x0000,0x0000,
	0x0000,0x0000,0x0000,0x0000,0x0000,0x0000,0x0000,0x0000,
	0x0000,0x0000,0x0000,0x0000,0x0200,0x0202,0x0202,0x0202,
	0x0000,0x0000,0x0000,0x0000,0x0000,0x0000,0x0000,0x0000,
	0x0000,0x0000,0x0000,0x0000,0x0000,0x0000,0x0000,0x0000,
	0x0000,0x0000,0x0000,0x0000,0x0000,0x0000,0x0000,0x0000,
	0x0000,0x0000,0x0000,0x0000,0x0202,0x0202,0x0202,0x0202,

	0x0000,0x0000,0x0000,0x0000,0x0000,0x0000,0x0000,0x0000,
	0x0000,0x0000,0x0000,0x0000,0x0000,0x0000,0x0000,0x0000,
	0x0000,0x0000,0x0000,0x0000,0x0000,0x0000,0x0000,0x0000,
	0x0000,0x0000,0x0000,0x0000,0x0202,0x0202,0x0202,0x0202,
	0x0000,0x0000,0x0000,0x0000,0x0000,0x0000,0x0000,0x0000,
	0x0000,0x0000,0x0000,0x0000,0x0000,0x0000,0x0000,0x0000,
	0x0000,0x0000,0x0000,0x0000,0x0000,0x0000,0x0000,0x0000,
	0x0000,0x0000,0x0000,0x0000,0x0202,0x0202,0x0202,0x0202,

	0x0000,0x0000,0x0000,0x0000,0x0000,0x0000,0x0000,0x0000,
	0x0000,0x0000,0x0000,0x0000,0x0000,0x0000,0x0000,0x0000,
	0x0000,0x0000,0x0000,0x0000,0x0000,0x0000,0x0000,0x0000,
	0x0000,0x0000,0x0000,0x0000,0x0202,0x0202,0x0202,0x0202,
	0x0000,0x0000,0x0000,0x0000,0x0000,0x0000,0x0000,0x0000,
	0x0000,0x0000,0x0000,0x0000,0x0000,0x0000,0x0000,0x0000,
	0x0000,0x0000,0x0000,0x0000,0x0000,0x0000,0x0000,0x0000,
	0x0000,0x0000,0x0000,0x0000,0x0202,0x0202,0x0202,0x0202,

	0x0000,0x0000,0x0000,0x0000,0x0000,0x0000,0x0000,0x0000,
	0x0000,0x0000,0x0000,0x0000,0x0000,0x0000,0x0000,0x0000,
	0x0000,0x0000,0x0000,0x0000,0x0000,0x0000,0x0000,0x0000,
	0x0000,0x0000,0x0000,0x0202,0x0202,0x0202,0x0202,0x0202,
	0x0000,0x0000,0x0000,0x0000,0x0000,0x0000,0x0000,0x0000,
	0x0000,0x0000,0x0000,0x0202,0x0000,0x0000,0x0200,0x0202,
	0x0000,0x0200,0x0202,0x0202,0x0200,0x0202,0x0202,0x0202,
	0x0202,0x0202,0x0202,0x0505,0x0202,0x0502,0x0505,0x0505,

	0x0200,0x0202,0x0202,0x0202,0x0202,0x0202,0x0202,0x0502,
	0x0202,0x0202,0x0502,0x0505,0x0202,0x0502,0x0505,0x0505,
	0x0202,0x0505,0x0505,0x0505,0x0505,0x0505,0x0505,0x0505,
	0x0505,0x0505,0x0105,0x0101,0x0505,0x0101,0x0101,0x0101,
	0x0505,0x0505,0x0505,0x0505,0x0505,0x0505,0x0505,0x0105,
	0x0505,0x0505,0x0505,0x0101,0x0505,0x0505,0x0101,0x0101,
	0x0505,0x0101,0x0101,0x0101,0x0101,0x0101,0x0101,0x0101,
	0x0101,0x0101,0x0601,0x0606,0x0601,0x0606,0x0606,0x0606,

	0x0105,0x0101,0x0101,0x0101,0x0101,0x0101,0x0101,0x0101,
	0x0101,0x0101,0x0101,0x0101,0x0101,0x0101,0x0101,0x0101,
	0x0101,0x0101,0x0101,0x0606,0x0101,0x0606,0x0606,0x0606,
	0x0606,0x0606,0x0606,0x0606,0x0606,0x0606,0x0606,0x0606,
	0x0101,0x0101,0x0101,0x0101,0x0101,0x0101,0x0601,0x0606,
	0x0101,0x0601,0x0606,0x0606,0x0606,0x0606,0x0606,0x0606,
	0x0606,0x0606,0x0606,0x0606,0x0606,0x0606,0x0606,0x0606,
	0x0606,0x0606,0x0606,0x0606,0x0606,0x0606,0x0606,0x0606,

	0x0606,0x0606,0x0606,0x0606,0x0606,0x0606,0x0606,0x0606,
	0x0606,0x0606,0x0606,0x0606,0x0606,0x0606,0x0606,0x0606,
	0x0606,0x0606,0x0606,0x0606,0x0606,0x0606,0x0606,0x0606,
	0x0606,0x0606,0x0606,0x0606,0x0606,0x0606,0x0606,0x0606,
	0x0606,0x0606,0x0606,0x0606,0x0606,0x0606,0x0606,0x0606,
	0x0606,0x0606,0x0606,0x0606,0x0606,0x0606,0x0606,0x0606,
	0x0606,0x0606,0x0606,0x0606,0x0606,0x0606,0x0606,0x0606,
	0x0606,0x0606,0x0606,0x0606,0x0606,0x0606,0x0606,0x0606,

	0x0606,0x0606,0x0101,0x0101,0x0606,0x0606,0x0606,0x0606,
	0x0606,0x0606,0x0606,0x0606,0x0606,0x0606,0x0606,0x0606,
	0x0606,0x0606,0x0606,0x0606,0x0606,0x0606,0x0606,0x0606,
	0x0606,0x0606,0x0606,0x0406,0x0404,0x0404,0x0404,0x0404,
	0x0101,0x0101,0x0101,0x0101,0x0606,0x0606,0x0101,0x0101,
	0x0606,0x0606,0x0606,0x0606,0x0606,0x0606,0x0606,0x0606,
	0x0606,0x0606,0x0606,0x0606,0x0606,0x0606,0x0606,0x0606,
	0x0404,0x0404,0x0404,0x0404,0x0404,0x0404,0x0404,0x0404,

	0x0501,0x0505,0x0505,0x0505,0x0101,0x0101,0x0101,0x0501,
	0x0606,0x0606,0x0606,0x0606,0x0606,0x0606,0x0606,0x0606,
	0x0606,0x0606,0x0606,0x0606,0x0604,0x0404,0x0404,0x0404,
	0x0404,0x0404,0x0404,0x0404,0x0404,0x0404,0x0404,0x0404,
	0x0205,0x0202,0x0202,0x0202,0x0505,0x0505,0x0505,0x0505,
	0x0606,0x0601,0x0106,0x0101,0x0606,0x0606,0x0606,0x0606,
	0x0606,0x0606,0x0606,0x0606,0x0404,0x0404,0x0404,0x0404,
	0x0404,0x0404,0x0404,0x0404,0x0404,0x0404,0x0404,0x0404,

	0x0202,0x0202,0x0202,0x0202,0x0505,0x0205,0x0202,0x0202,
	0x0101,0x0101,0x0501,0x0505,0x0606,0x0606,0x0606,0x0101,
	0x0606,0x0606,0x0606,0x0606,0x0604,0x0606,0x0606,0x0606,
	0x0404,0x0606,0x0606,0x0606,0x0404,0x0606,0x0606,0x0606,
	0x0202,0x0200,0x0000,0x0202,0x0202,0x0202,0x0202,0x0202,
	0x0505,0x0202,0x0202,0x0202,0x0101,0x0505,0x0505,0x0505,
	0x0106,0x0101,0x0505,0x0505,0x0606,0x0101,0x0501,0x0505,
	0x0606,0x0106,0x0101,0x0505,0x0606,0x0106,0x0101,0x0505,

	0x0202,0x0202,0x0202,0x0202,0x0202,0x0202,0x0202,0x0202,
	0x0502,0x0505,0x0505,0x0505,0x0505,0x0505,0x0505,0x0505,
	0x0505,0x0505,0x0505,0x0505,0x0505,0x0505,0x0505,0x0505,
	0x0505,0x0505,0x0505,0x0505,0x0505,0x0505,0x0505,0x0505,
	0x0202,0x0202,0x0202,0x0202,0x0502,0x0505,0x0505,0x0505,
	0x0505,0x0505,0x0505,0x0505,0x0505,0x0505,0x0505,0x0505,
	0x0505,0x0505,0x0505,0x0505,0x0505,0x0505,0x0505,0x0505,
	0x0505,0x0505,0x0505,0x0505,0x0505,0x0505,0x0505,0x0505,

	0x0502,0x0505,0x0505,0x0505,0x0505,0x0505,0x0505,0x0505,
	0x0505,0x0505,0x0505,0x0505,0x0505,0x0505,0x0505,0x0505,
	0x0505,0x0505,0x0505,0x0505,0x0505,0x0505,0x0505,0x0505,
	0x0505,0x0505,0x0505,0x0505,0x0505,0x0505,0x0505,0x0505,
	0x0505,0x0505,0x0505,0x0505,0x0505,0x0505,0x0505,0x0505,
	0x0505,0x0505,0x0505,0x0505,0x0505,0x0505,0x0505,0x0505,
	0x0505,0x0505,0x0505,0x0505,0x0505,0x0505,0x0505,0x0505,
	0x0505,0x0505,0x0505,0x0505,0x0505,0x0505,0x0505,0x0505,

	0x0505,0x0505,0x0505,0x0505,0x0505,0x0505,0x0505,0x0505,
	0x0505,0x0505,0x0505,0x0505,0x0505,0x0505,0x0505,0x0505,
	0x0505,0x0505,0x0505,0x0505,0x0505,0x0505,0x0505,0x0505,
	0x0505,0x0505,0x0505,0x0505,0x0505,0x0505,0x0505,0x0505,
	0x0505,0x0505,0x0505,0x0505,0x0505,0x0505,0x0505,0x0505,
	0x0505,0x0505,0x0505,0x0505,0x0505,0x0505,0x0505,0x0505,
	0x0505,0x0505,0x0505,0x0505,0x0505,0x0505,0x0505,0x0505,
	0x0505,0x0505,0x0505,0x0505,0x0505,0x0505,0x0505,0x0505,

	0x0505,0x0505,0x0505,0x0505,0x0505,0x0505,0x0505,0x0505,
	0x0505,0x0505,0x0505,0x0505,0x0505,0x0505,0x0505,0x0505,
	0x0505,0x0505,0x0505,0x0505,0x0505,0x0505,0x0505,0x0505,
	0x0505,0x0505,0x0505,0x0505,0x0505,0x0505,0x0505,0x0505,
	0x0505,0x0505,0x0505,0x0505,0x0505,0x0505,0x0505,0x0505,
	0x0505,0x0505,0x0505,0x0505,0x0505,0x0505,0x0505,0x0505,
	0x0505,0x0505,0x0505,0x0505,0x0505,0x0505,0x0505,0x0505,
	0x0505,0x0505,0x0505,0x0505,0x0505,0x0505,0x0505,0x0505,

	0x0505,0x0505,0x0505,0x0505,0x0505,0x0505,0x0505,0x0505,
	0x0505,0x0505,0x0505,0x0505,0x0505,0x0505,0x0505,0x0505,
	0x0505,0x0505,0x0505,0x0505,0x0505,0x0505,0x0505,0x0505,
	0x0505,0x0505,0x0505,0x0505,0x0505,0x0505,0x0505,0x0505,
	0x0505,0x0505,0x0505,0x0505,0x0505,0x0505,0x0505,0x0505,
	0x0505,0x0505,0x0505,0x0505,0x0505,0x0505,0x0505,0x0505,
	0x0505,0x0505,0x0505,0x0505,0x0505,0x0505,0x0505,0x0505,
	0x0505,0x0505,0x0505,0x0505,0x0505,0x0505,0x0505,0x0505,

	0x0505,0x0505,0x0505,0x0505,0x0505,0x0505,0x0505,0x0505,
	0x0505,0x0505,0x0505,0x0505,0x0505,0x0505,0x0505,0x0505,
	0x0505,0x0505,0x0505,0x0505,0x0505,0x0505,0x0505,0x0505,
	0x0505,0x0505,0x0505,0x0505,0x0505,0x0505,0x0505,0x0505,
	0x0505,0x0505,0x0505,0x0505,0x0505,0x0505,0x0505,0x0505,
	0x0505,0x0505,0x0505,0x0505,0x0505,0x0505,0x0505,0x0505,
	0x0505,0x0505,0x0505,0x0505,0x0505,0x0505,0x0505,0x0505,
	0x0505,0x0505,0x0505,0x0505,0x0505,0x0505,0x0505,0x0505,

	0x0505,0x0505,0x0505,0x0505,0x0505,0x0505,0x0505,0x0505,
	0x0505,0x0505,0x0505,0x0505,0x0505,0x0505,0x0505,0x0505,
	0x0505,0x0505,0x0505,0x0505,0x0505,0x0505,0x0505,0x0505,
	0x0505,0x0505,0x0505,0x0505,0x0505,0x0505,0x0505,0x0505,
	0x0505,0x0505,0x0505,0x0505,0x0505,0x0505,0x0505,0x0505,
	0x0505,0x0505,0x0505,0x0505,0x0505,0x0505,0x0505,0x0505,
	0x0505,0x0505,0x0505,0x0505,0x0505,0x0505,0x0505,0x0505,
	0x0505,0x0505,0x0505,0x0505,0x0505,0x0505,0x0505,0x0505,

	0x0505,0x0505,0x0505,0x0505,0x0505,0x0505,0x0505,0x0505,
	0x0505,0x0505,0x0505,0x0505,0x0505,0x0505,0x0505,0x0505,
	0x0505,0x0505,0x0505,0x0505,0x0505,0x0505,0x0505,0x0505,
	0x0505,0x0505,0x0505,0x0505,0x0505,0x0505,0x0505,0x0505,
	0x0505,0x0505,0x0505,0x0505,0x0505,0x0505,0x0505,0x0505,
	0x0505,0x0505,0x0505,0x0505,0x0505,0x0505,0x0505,0x0505,
	0x0505,0x0505,0x0505,0x0505,0x0505,0x0505,0x0505,0x0505,
	0x0505,0x0505,0x0505,0x0505,0x0505,0x0505,0x0505,0x0505,

	0x0505,0x0505,0x0505,0x0505,0x0505,0x0505,0x0505,0x0505,
	0x0505,0x0505,0x0505,0x0505,0x0505,0x0505,0x0505,0x0505,
	0x0505,0x0505,0x0505,0x0505,0x0505,0x0505,0x0505,0x0505,
	0x0505,0x0505,0x0505,0x0505,0x0505,0x0505,0x0505,0x0505,
	0x0505,0x0505,0x0505,0x0505,0x0505,0x0505,0x0505,0x0505,
	0x0505,0x0505,0x0505,0x0505,0x0505,0x0505,0x0505,0x0505,
	0x0505,0x0505,0x0505,0x0505,0x0505,0x0505,0x0505,0x0505,
	0x0505,0x0505,0x0505,0x0505,0x0505,0x0505,0x0505,0x0505,

	0x0505,0x0505,0x0505,0x0505,0x0505,0x0505,0x0505,0x0505,
	0x0505,0x0505,0x0505,0x0505,0x0505,0x0505,0x0505,0x0505,
	0x0505,0x0505,0x0505,0x0505,0x0505,0x0505,0x0505,0x0505,
	0x0505,0x0505,0x0505,0x0505,0x0505,0x0505,0x0505,0x0205,
	0x0505,0x0505,0x0505,0x0505,0x0505,0x0505,0x0505,0x0505,
	0x0505,0x0505,0x0505,0x0505,0x0505,0x0505,0x0505,0x0505,
	0x0505,0x0505,0x0505,0x0202,0x0505,0x0505,0x0202,0x0202,
	0x0505,0x0202,0x0202,0x0202,0x0202,0x0202,0x0202,0x0000,

	0x0704,0x0707,0x0707,0x0707,0x0704,0x0707,0x0707,0x0707,
	0x0704,0x0707,0x0707,0x0707,0x0704,0x0707,0x0707,0x0707,
	0x0704,0x0707,0x0707,0x0707,0x0704,0x0707,0x0707,0x0707,
	0x0704,0x0707,0x0707,0x0707,0x0304,0x0707,0x0707,0x0707,
	0x0707,0x0707,0x0707,0x0707,0x0707,0x0707,0x0707,0x0707,
	0x0707,0x0707,0x0707,0x0707,0x0707,0x0707,0x0707,0x0707,
	0x0707,0x0707,0x0707,0x0707,0x0707,0x0707,0x0707,0x0707,
	0x0707,0x0707,0x0707,0x0707,0x0707,0x0707,0x0707,0x0707,

	0x0707,0x0707,0x0707,0x0707,0x0707,0x0707,0x0707,0x0707,
	0x0707,0x0707,0x0707,0x0707,0x0707,0x0707,0x0707,0x0707,
	0x0707,0x0707,0x0707,0x0707,0x0707,0x0707,0x0707,0x0707,
	0x0707,0x0707,0x0707,0x0707,0x0707,0x0707,0x0707,0x0707,
	0x0707,0x0707,0x0707,0x0707,0x0707,0x0707,0x0707,0x0707,
	0x0707,0x0707,0x0707,0x0707,0x0707,0x0707,0x0707,0x0707,
	0x0707,0x0707,0x0707,0x0707,0x0707,0x0707,0x0707,0x0707,
	0x0707,0x0707,0x0707,0x0707,0x0707,0x0707,0x0707,0x0707,

	0x0707,0x0707,0x0707,0x0707,0x0707,0x0707,0x0707,0x0707,
	0x0707,0x0707,0x0707,0x0707,0x0707,0x0707,0x0707,0x0707,
	0x0707,0x0707,0x0707,0x0707,0x0707,0x0707,0x0707,0x0707,
	0x0707,0x0707,0x0707,0x0707,0x0707,0x0707,0x0707,0x0707,
	0x0707,0x0707,0x0707,0x0707,0x0707,0x0707,0x0707,0x0707,
	0x0707,0x0707,0x0707,0x0707,0x0707,0x0707,0x0707,0x0707,
	0x0707,0x0707,0x0707,0x0707,0x0707,0x0707,0x0707,0x0707,
	0x0707,0x0707,0x0707,0x0707,0x0707,0x0707,0x0707,0x0707,

	0x0303,0x0404,0x0404,0x0404,0x0707,0x0707,0x0707,0x0307,
	0x0707,0x0707,0x0707,0x0707,0x0707,0x0707,0x0707,0x0707,
	0x0707,0x0707,0x0707,0x0707,0x0707,0x0707,0x0707,0x0707,
	0x0707,0x0707,0x0707,0x0707,0x0707,0x0707,0x0707,0x0707,
	0x0404,0x0606,0x0606,0x0606,0x0404,0x0404,0x0404,0x0404,
	0x0707,0x0707,0x0307,0x0403,0x0707,0x0707,0x0707,0x0707,
	0x0707,0x0707,0x0707,0x0707,0x0707,0x0707,0x0707,0x0707,
	0x0707,0x0707,0x0707,0x0707,0x0707,0x0707,0x0707,0x0707,

	0x0106,0x0101,0x0501,0x0505,0x0606,0x0606,0x0606,0x0101,
	0x0404,0x0404,0x0604,0x0606,0x0707,0x0707,0x0404,0x0404,
	0x0707,0x0707,0x0707,0x0707,0x0707,0x0707,0x0707,0x0707,
	0x0707,0x0707,0x0707,0x0707,0x0707,0x0707,0x0707,0x0707,
	0x0505,0x0505,0x0505,0x0505,0x0501,0x0505,0x0505,0x0505,
	0x0606,0x0101,0x0501,0x0505,0x0604,0x0606,0x0106,0x0101,
	0x0403,0x0404,0x0604,0x0606,0x0707,0x0707,0x0403,0x0404,
	0x0707,0x0707,0x0707,0x0707,0x0707,0x0707,0x0707,0x0707,

	0x0505,0x0505,0x0505,0x0505,0x0505,0x0505,0x0505,0x0505,
	0x0505,0x0505,0x0505,0x0505,0x0501,0x0505,0x0505,0x0505,
	0x0606,0x0101,0x0101,0x0501,0x0604,0x0606,0x0606,0x0606,
	0x0403,0x0404,0x0404,0x0606,0x0707,0x0707,0x0403,0x0404,
	0x0505,0x0505,0x0505,0x0505,0x0505,0x0505,0x0505,0x0505,
	0x0505,0x0505,0x0505,0x0505,0x0505,0x0505,0x0505,0x0505,
	0x0505,0x0505,0x0505,0x0505,0x0101,0x0101,0x0101,0x0101,
	0x0606,0x0606,0x0606,0x0606,0x0404,0x0404,0x0404,0x0604,

	0x0505,0x0505,0x0505,0x0505,0x0505,0x0505,0x0505,0x0505,
	0x0505,0x0505,0x0505,0x0505,0x0505,0x0505,0x0505,0x0505,
	0x0505,0x0505,0x0505,0x0505,0x0101,0x0101,0x0101,0x0101,
	0x0606,0x0606,0x0606,0x0606,0x0606,0x0606,0x0606,0x0404,
	0x0505,0x0505,0x0505,0x0505,0x0505,0x0505,0x0505,0x0505,
	0x0505,0x0505,0x0505,0x0505,0x0505,0x0505,0x0505,0x0505,
	0x0505,0x0505,0x0105,0x0101,0x0101,0x0101,0x0606,0x0606,
	0x0606,0x0606,0x0606,0x0406,0x0404,0x0404,0x0404,0x0404,

	0x0505,0x0505,0x0505,0x0505,0x0505,0x0505,0x0505,0x0505,
	0x0505,0x0505,0x0505,0x0505,0x0505,0x0505,0x0101,0x0101,
	0x0101,0x0601,0x0606,0x0606,0x0606,0x0606,0x0606,0x0606,
	0x0404,0x0404,0x0404,0x0404,0x0404,0x0303,0x0703,0x0707,
	0x0505,0x0505,0x0505,0x0505,0x0505,0x0505,0x0505,0x0505,
	0x0505,0x0505,0x0505,0x0505,0x0101,0x0101,0x0101,0x0101,
	0x0606,0x0606,0x0606,0x0606,0x0404,0x0404,0x0404,0x0404,
	0x0404,0x0404,0x0404,0x0404,0x0707,0x0707,0x0707,0x0707,

	0x0505,0x0505,0x0505,0x0505,0x0505,0x0505,0x0505,0x0505,
	0x0505,0x0505,0x0505,0x0505,0x0101,0x0101,0x0101,0x0101,
	0x0606,0x0606,0x0606,0x0606,0x0404,0x0404,0x0404,0x0606,
	0x0404,0x0404,0x0404,0x0404,0x0707,0x0707,0x0707,0x0707,
	0x0505,0x0505,0x0505,0x0505,0x0505,0x0505,0x0505,0x0505,
	0x0505,0x0505,0x0505,0x0505,0x0101,0x0501,0x0505,0x0505,
	0x0606,0x0606,0x0101,0x0101,0x0606,0x0606,0x0606,0x0606,
	0x0404,0x0404,0x0404,0x0404,0x0307,0x0303,0x0403,0x0404,

	0x0505,0x0202,0x0202,0x0000,0x0505,0x0205,0x0202,0x0202,
	0x0505,0x0505,0x0205,0x0202,0x0505,0x0505,0x0505,0x0205,
	0x0101,0x0101,0x0101,0x0505,0x0606,0x0606,0x0606,0x0606,
	0x0404,0x0404,0x0404,0x0404,0x0404,0x0404,0x0404,0x0404,
	0x0000,0x0000,0x0000,0x0000,0x0000,0x0000,0x0000,0x0202,
	0x0202,0x0202,0x0202,0x0202,0x0202,0x0202,0x0202,0x0202,
	0x0505,0x0205,0x0202,0x0205,0x0106,0x0505,0x0505,0x0505,
	0x0606,0x0606,0x0606,0x0106,0x0404,0x0404,0x0604,0x0606,

	0x0000,0x0000,0x0000,0x0000,0x0202,0x0202,0x0202,0x0202,
	0x0202,0x0202,0x0202,0x0202,0x0202,0x0202,0x0202,0x0202,
	0x0505,0x0505,0x0505,0x0505,0x0505,0x0505,0x0505,0x0505,
	0x0101,0x0101,0x0501,0x0101,0x0606,0x0606,0x0101,0x0101,
	0x0000,0x0000,0x0000,0x0202,0x0202,0x0202,0x0202,0x0202,
	0x0202,0x0202,0x0202,0x0202,0x0502,0x0505,0x0505,0x0505,
	0x0505,0x0505,0x0505,0x0505,0x0505,0x0505,0x0505,0x0105,
	0x0101,0x0101,0x0101,0x0101,0x0101,0x0101,0x0101,0x0101,

	0x0202,0x0202,0x0202,0x0202,0x0202,0x0202,0x0202,0x0202,
	0x0202,0x0202,0x0202,0x0202,0x0505,0x0505,0x0505,0x0505,
	0x0505,0x0505,0x0505,0x0505,0x0101,0x0101,0x0101,0x0101,
	0x0101,0x0101,0x0101,0x0101,0x0101,0x0101,0x0101,0x0101,
	0x0202,0x0202,0x0202,0x0202,0x0202,0x0202,0x0202,0x0202,
	0x0202,0x0505,0x0505,0x0505,0x0505,0x0505,0x0505,0x0505,
	0x0505,0x0505,0x0505,0x0505,0x0101,0x0101,0x0101,0x0101,
	0x0101,0x0101,0x0101,0x0101,0x0101,0x0101,0x0101,0x0101,

	0x0202,0x0202,0x0202,0x0202,0x0202,0x0202,0x0202,0x0202,
	0x0505,0x0505,0x0505,0x0505,0x0505,0x0505,0x0505,0x0505,
	0x0505,0x0505,0x0505,0x0505,0x0101,0x0101,0x0101,0x0101,
	0x0101,0x0101,0x0101,0x0101,0x0101,0x0101,0x0101,0x0101,
	0x0202,0x0202,0x0202,0x0202,0x0202,0x0202,0x0202,0x0202,
	0x0505,0x0505,0x0505,0x0505,0x0505,0x0505,0x0505,0x0505,
	0x0505,0x0505,0x0505,0x0505,0x0101,0x0101,0x0101,0x0101,
	0x0101,0x0101,0x0101,0x0101,0x0101,0x0101,0x0101,0x0101,

	0x0202,0x0202,0x0202,0x0202,0x0202,0x0202,0x0202,0x0202,
	0x0505,0x0505,0x0505,0x0505,0x0505,0x0505,0x0505,0x0505,
	0x0505,0x0505,0x0505,0x0505,0x0101,0x0101,0x0101,0x0101,
	0x0101,0x0101,0x0101,0x0101,0x0101,0x0101,0x0101,0x0101,
	0x0202,0x0202,0x0202,0x0202,0x0202,0x0202,0x0202,0x0202,
	0x0505,0x0505,0x0505,0x0505,0x0505,0x0505,0x0505,0x0505,
	0x0505,0x0505,0x0505,0x0505,0x0101,0x0101,0x0101,0x0101,
	0x0101,0x0101,0x0101,0x0101,0x0101,0x0101,0x0101,0x0101,

	0x0202,0x0202,0x0202,0x0202,0x0202,0x0202,0x0202,0x0202,
	0x0505,0x0505,0x0505,0x0505,0x0505,0x0505,0x0505,0x0505,
	0x0505,0x0505,0x0505,0x0505,0x0501,0x0505,0x0505,0x0505,
	0x0101,0x0101,0x0101,0x0101,0x0101,0x0101,0x0101,0x0101,
	0x0202,0x0202,0x0202,0x0202,0x0202,0x0202,0x0202,0x0202,
	0x0505,0x0505,0x0505,0x0505,0x0505,0x0505,0x0505,0x0505,
	0x0505,0x0505,0x0505,0x0505,0x0505,0x0505,0x0505,0x0505,
	0x0101,0x0101,0x0101,0x0101,0x0101,0x0101,0x0101,0x0101,

	0x0202,0x0202,0x0202,0x0202,0x0202,0x0502,0x0505,0x0505,
	0x0505,0x0505,0x0505,0x0505,0x0505,0x0505,0x0505,0x0101,
	0x0505,0x0105,0x0101,0x0101,0x0101,0x0101,0x0101,0x0101,
	0x0101,0x0101,0x0101,0x0606,0x0101,0x0101,0x0601,0x0606,
	0x0505,0x0505,0x0505,0x0101,0x0505,0x0105,0x0101,0x0101,
	0x0101,0x0101,0x0101,0x0101,0x0101,0x0101,0x0101,0x0606,
	0x0101,0x0101,0x0606,0x0606,0x0606,0x0606,0x0606,0x0606,
	0x0606,0x0606,0x0606,0x0606,0x0606,0x0606,0x0606,0x0606,

	0x0101,0x0101,0x0101,0x0606,0x0101,0x0601,0x0606,0x0606,
	0x0606,0x0606,0x0606,0x0606,0x0606,0x0606,0x0606,0x0606,
	0x0606,0x0606,0x0606,0x0606,0x0606,0x0606,0x0606,0x0606,
	0x0606,0x0606,0x0606,0x0606,0x0606,0x0606,0x0606,0x0606,
	0x0606,0x0606,0x0606,0x0606,0x0606,0x0606,0x0606,0x0606,
	0x0606,0x0606,0x0606,0x0606,0x0606,0x0606,0x0606,0x0606,
	0x0606,0x0606,0x0606,0x0606,0x0606,0x0606,0x0606,0x0606,
	0x0606,0x0606,0x0606,0x0606,0x0606,0x0604,0x0606,0x0606,

	0x0606,0x0606,0x0606,0x0606,0x0606,0x0606,0x0606,0x0606,
	0x0606,0x0606,0x0606,0x0606,0x0606,0x0606,0x0606,0x0606,
	0x0606,0x0606,0x0606,0x0606,0x0606,0x0606,0x0606,0x0606,
	0x0606,0x0606,0x0606,0x0606,0x0606,0x0606,0x0606,0x0606,
	0x0606,0x0606,0x0606,0x0606,0x0606,0x0606,0x0606,0x0606,
	0x0606,0x0606,0x0606,0x0606,0x0606,0x0606,0x0606,0x0606,
	0x0606,0x0606,0x0606,0x0606,0x0606,0x0606,0x0606,0x0606,
	0x0606,0x0606,0x0606,0x0606,0x0606,0x0606,0x0606,0x0606,

	0x0606,0x0606,0x0606,0x0606,0x0606,0x0606,0x0606,0x0606,
	0x0606,0x0606,0x0606,0x0406,0x0606,0x0606,0x0606,0x0606,
	0x0606,0x0606,0x0606,0x0606,0x0606,0x0606,0x0606,0x0606,
	0x0606,0x0606,0x0606,0x0606,0x0606,0x0606,0x0606,0x0606,
	0x0606,0x0606,0x0406,0x0404,0x0606,0x0404,0x0404,0x0404,
	0x0404,0x0404,0x0404,0x0404,0x0606,0x0404,0x0404,0x0404,
	0x0606,0x0606,0x0606,0x0404,0x0606,0x0606,0x0606,0x0606,
	0x0606,0x0606,0x0606,0x0606,0x0606,0x0606,0x0606,0x0606,

	0x0404,0x0404,0x0404,0x0404,0x0404,0x0404,0x0404,0x0404,
	0x0404,0x0404,0x0404,0x0404,0x0404,0x0404,0x0404,0x0404,
	0x0404,0x0404,0x0404,0x0404,0x0606,0x0404,0x0404,0x0404,
	0x0606,0x0606,0x0606,0x0404,0x0606,0x0606,0x0606,0x0606,
	0x0404,0x0404,0x0404,0x0404,0x0404,0x0404,0x0404,0x0404,
	0x0404,0x0404,0x0404,0x0404,0x0404,0x0404,0x0404,0x0404,
	0x0404,0x0404,0x0404,0x0404,0x0404,0x0404,0x0404,0x0404,
	0x0404,0x0404,0x0404,0x0404,0x0606,0x0404,0x0404,0x0404,

	0x0404,0x0404,0x0404,0x0404,0x0404,0x0404,0x0404,0x0404,
	0x0404,0x0404,0x0404,0x0404,0x0404,0x0404,0x0404,0x0404,
	0x0404,0x0404,0x0404,0x0404,0x0404,0x0404,0x0404,0x0404,
	0x0404,0x0404,0x0404,0x0404,0x0404,0x0404,0x0404,0x0404,
	0x0404,0x0404,0x0404,0x0404,0x0404,0x0404,0x0404,0x0404,
	0x0404,0x0404,0x0404,0x0404,0x0404,0x0404,0x0404,0x0404,
	0x0404,0x0404,0x0404,0x0404,0x0404,0x0404,0x0404,0x0404,
	0x0404,0x0404,0x0404,0x0404,0x0404,0x0404,0x0404,0x0404,

	0x0404,0x0606,0x0606,0x0606,0x0404,0x0604,0x0606,0x0606,
	0x0404,0x0604,0x0606,0x0606,0x0404,0x0604,0x0606,0x0606,
	0x0404,0x0604,0x0606,0x0606,0x0404,0x0606,0x0606,0x0606,
	0x0404,0x0606,0x0606,0x0606,0x0404,0x0606,0x0606,0x0606,
	0x0606,0x0606,0x0101,0x0505,0x0606,0x0606,0x0101,0x0501,
	0x0606,0x0606,0x0101,0x0501,0x0606,0x0606,0x0101,0x0501,
	0x0606,0x0606,0x0101,0x0501,0x0606,0x0606,0x0101,0x0501,
	0x0606,0x0106,0x0101,0x0505,0x0606,0x0106,0x0101,0x0505,

	0x0505,0x0505,0x0505,0x0505,0x0505,0x0505,0x0505,0x0505,
	0x0505,0x0505,0x0505,0x0505,0x0505,0x0505,0x0505,0x0505,
	0x0505,0x0505,0x0505,0x0505,0x0505,0x0505,0x0505,0x0505,
	0x0505,0x0505,0x0505,0x0505,0x0505,0x0505,0x0505,0x0505,
	0x0505,0x0505,0x0505,0x0505,0x0505,0x0505,0x0505,0x0505,
	0x0505,0x0505,0x0505,0x0505,0x0505,0x0505,0x0505,0x0505,
	0x0505,0x0505,0x0505,0x0505,0x0505,0x0505,0x0505,0x0505,
	0x0505,0x0505,0x0505,0x0505,0x0505,0x0505,0x0505,0x0505,

	0x0505,0x0505,0x0505,0x0505,0x0505,0x0505,0x0505,0x0505,
	0x0505,0x0505,0x0505,0x0505,0x0505,0x0505,0x0505,0x0505,
	0x0505,0x0505,0x0505,0x0505,0x0505,0x0505,0x0505,0x0505,
	0x0505,0x0505,0x0505,0x0505,0x0505,0x0505,0x0505,0x0505,
	0x0505,0x0505,0x0505,0x0505,0x0505,0x0505,0x0505,0x0505,
	0x0505,0x0505,0x0505,0x0505,0x0505,0x0505,0x0505,0x0505,
	0x0505,0x0505,0x0505,0x0505,0x0505,0x0505,0x0505,0x0505,
	0x0505,0x0505,0x0505,0x0505,0x0505,0x0505,0x0505,0x0505,

	0x0505,0x0505,0x0505,0x0505,0x0505,0x0505,0x0505,0x0505,
	0x0505,0x0505,0x0505,0x0505,0x0505,0x0505,0x0505,0x0505,
	0x0505,0x0505,0x0505,0x0505,0x0505,0x0505,0x0505,0x0505,
	0x0505,0x0505,0x0505,0x0505,0x0505,0x0505,0x0505,0x0505,
	0x0505,0x0505,0x0505,0x0505,0x0505,0x0505,0x0505,0x0505,
	0x0505,0x0505,0x0505,0x0505,0x0505,0x0505,0x0505,0x0505,
	0x0505,0x0505,0x0505,0x0505,0x0505,0x0505,0x0505,0x0505,
	0x0505,0x0505,0x0505,0x0505,0x0505,0x0505,0x0505,0x0505,

	0x0505,0x0505,0x0505,0x0505,0x0505,0x0505,0x0505,0x0505,
	0x0505,0x0505,0x0505,0x0505,0x0505,0x0505,0x0505,0x0505,
	0x0505,0x0505,0x0505,0x0505,0x0505,0x0505,0x0505,0x0505,
	0x0505,0x0505,0x0505,0x0505,0x0505,0x0505,0x0505,0x0505,
	0x0505,0x0505,0x0505,0x0505,0x0505,0x0505,0x0505,0x0505,
	0x0505,0x0505,0x0505,0x0505,0x0505,0x0505,0x0505,0x0505,
	0x0505,0x0505,0x0505,0x0505,0x0505,0x0505,0x0505,0x0505,
	0x0505,0x0505,0x0505,0x0505,0x0505,0x0505,0x0505,0x0505,

	0x0505,0x0505,0x0505,0x0505,0x0505,0x0505,0x0505,0x0505,
	0x0505,0x0505,0x0505,0x0505,0x0505,0x0505,0x0505,0x0505,
	0x0505,0x0505,0x0505,0x0505,0x0505,0x0505,0x0505,0x0505,
	0x0505,0x0505,0x0505,0x0505,0x0505,0x0505,0x0505,0x0505,
	0x0505,0x0505,0x0505,0x0505,0x0505,0x0505,0x0505,0x0505,
	0x0505,0x0505,0x0505,0x0505,0x0505,0x0505,0x0505,0x0505,
	0x0505,0x0505,0x0505,0x0505,0x0505,0x0505,0x0505,0x0505,
	0x0505,0x0505,0x0505,0x0505,0x0505,0x0505,0x0505,0x0505,

	0x0505,0x0505,0x0505,0x0505,0x0505,0x0505,0x0505,0x0505,
	0x0505,0x0505,0x0505,0x0505,0x0505,0x0505,0x0505,0x0505,
	0x0505,0x0505,0x0505,0x0505,0x0505,0x0505,0x0505,0x0505,
	0x0505,0x0505,0x0505,0x0505,0x0505,0x0505,0x0505,0x0505,
	0x0505,0x0505,0x0505,0x0505,0x0505,0x0505,0x0505,0x0505,
	0x0505,0x0505,0x0505,0x0505,0x0505,0x0505,0x0505,0x0505,
	0x0505,0x0505,0x0505,0x0505,0x0505,0x0505,0x0505,0x0505,
	0x0505,0x0505,0x0505,0x0505,0x0505,0x0505,0x0505,0x0505,

	0x0505,0x0505,0x0505,0x0505,0x0505,0x0505,0x0505,0x0505,
	0x0505,0x0505,0x0505,0x0505,0x0505,0x0505,0x0505,0x0505,
	0x0505,0x0505,0x0505,0x0505,0x0505,0x0505,0x0505,0x0505,
	0x0505,0x0505,0x0505,0x0505,0x0505,0x0505,0x0505,0x0505,
	0x0505,0x0505,0x0505,0x0505,0x0505,0x0505,0x0505,0x0505,
	0x0505,0x0505,0x0505,0x0505,0x0505,0x0505,0x0505,0x0505,
	0x0505,0x0505,0x0505,0x0505,0x0505,0x0505,0x0505,0x0505,
	0x0505,0x0505,0x0505,0x0505,0x0505,0x0505,0x0505,0x0505,

	0x0505,0x0505,0x0505,0x0505,0x0505,0x0505,0x0505,0x0505,
	0x0505,0x0505,0x0505,0x0505,0x0505,0x0505,0x0505,0x0505,
	0x0505,0x0505,0x0505,0x0505,0x0505,0x0505,0x0505,0x0505,
	0x0505,0x0505,0x0505,0x0505,0x0505,0x0505,0x0505,0x0505,
	0x0505,0x0505,0x0505,0x0505,0x0505,0x0505,0x0505,0x0505,
	0x0505,0x0505,0x0505,0x0505,0x0505,0x0505,0x0505,0x0505,
	0x0505,0x0505,0x0505,0x0505,0x0505,0x0505,0x0505,0x0505,
	0x0505,0x0505,0x0505,0x0505,0x0505,0x0505,0x0505,0x0505,

	0x0505,0x0505,0x0505,0x0505,0x0505,0x0505,0x0505,0x0505,
	0x0505,0x0505,0x0505,0x0505,0x0505,0x0505,0x0505,0x0505,
	0x0505,0x0505,0x0505,0x0505,0x0505,0x0505,0x0505,0x0505,
	0x0505,0x0505,0x0505,0x0505,0x0505,0x0505,0x0505,0x0505,
	0x0505,0x0505,0x0505,0x0505,0x0505,0x0505,0x0505,0x0505,
	0x0505,0x0505,0x0205,0x0202,0x0505,0x0205,0x0202,0x0202,
	0x0505,0x0202,0x0202,0x0002,0x0205,0x0202,0x0002,0x0000,
	0x0202,0x0202,0x0002,0x0000,0x0202,0x0202,0x0002,0x0000,

	0x0505,0x0205,0x0202,0x0202,0x0202,0x0202,0x0202,0x0202,
	0x0202,0x0202,0x0202,0x0000,0x0202,0x0000,0x0000,0x0000,
	0x0000,0x0000,0x0000,0x0000,0x0000,0x0000,0x0000,0x0000,
	0x0000,0x0000,0x0000,0x0000,0x0000,0x0000,0x0000,0x0000,
	0x0202,0x0202,0x0000,0x0000,0x0002,0x0000,0x0000,0x0000,
	0x0000,0x0000,0x0000,0x0000,0x0000,0x0000,0x0000,0x0000,
	0x0000,0x0000,0x0000,0x0000,0x0000,0x0000,0x0000,0x0000,
	0x0000,0x0000,0x0000,0x0000,0x0000,0x0000,0x0000,0x0000,

	0x0304,0x0707,0x0707,0x0707,0x0404,0x0707,0x0707,0x0707,
	0x0404,0x0707,0x0707,0x0707,0x0404,0x0703,0x0707,0x0707,
	0x0406,0x0704,0x0707,0x0707,0x0406,0x0704,0x0707,0x0707,
	0x0606,0x0404,0x0707,0x0707,0x0606,0x0404,0x0703,0x0707,
	0x0707,0x0707,0x0707,0x0707,0x0707,0x0707,0x0707,0x0707,
	0x0707,0x0707,0x0707,0x0707,0x0707,0x0707,0x0707,0x0707,
	0x0707,0x0707,0x0707,0x0707,0x0707,0x0707,0x0707,0x0707,
	0x0707,0x0707,0x0707,0x0707,0x0707,0x0707,0x0707,0x0707,

	0x0707,0x0707,0x0707,0x0707,0x0707,0x0707,0x0707,0x0707,
	0x0707,0x0707,0x0707,0x0707,0x0707,0x0707,0x0707,0x0707,
	0x0707,0x0707,0x0707,0x0707,0x0707,0x0707,0x0707,0x0707,
	0x0707,0x0707,0x0707,0x0707,0x0707,0x0707,0x0707,0x0707,
	0x0707,0x0707,0x0707,0x0707,0x0707,0x0707,0x0707,0x0707,
	0x0707,0x0707,0x0707,0x0707,0x0707,0x0707,0x0707,0x0707,
	0x0707,0x0707,0x0707,0x0707,0x0707,0x0707,0x0707,0x0707,
	0x0707,0x0707,0x0707,0x0707,0x0707,0x0707,0x0707,0x0707,

	0x0707,0x0707,0x0707,0x0707,0x0707,0x0707,0x0707,0x0707,
	0x0707,0x0707,0x0707,0x0707,0x0707,0x0707,0x0707,0x0707,
	0x0707,0x0707,0x0707,0x0707,0x0707,0x0707,0x0707,0x0707,
	0x0707,0x0707,0x0707,0x0707,0x0707,0x0707,0x0707,0x0707,
	0x0707,0x0707,0x0707,0x0707,0x0707,0x0707,0x0707,0x0707,
	0x0707,0x0707,0x0707,0x0707,0x0707,0x0707,0x0707,0x0707,
	0x0707,0x0707,0x0707,0x0707,0x0707,0x0707,0x0707,0x0707,
	0x0707,0x0707,0x0707,0x0707,0x0707,0x0707,0x0707,0x0707,

	0x0707,0x0707,0x0707,0x0707,0x0707,0x0707,0x0707,0x0707,
	0x0707,0x0707,0x0707,0x0707,0x0707,0x0707,0x0707,0x0707,
	0x0707,0x0707,0x0707,0x0707,0x0707,0x0707,0x0707,0x0707,
	0x0707,0x0707,0x0707,0x0707,0x0707,0x0707,0x0707,0x0707,
	0x0707,0x0707,0x0707,0x0707,0x0707,0x0707,0x0707,0x0707,
	0x0707,0x0707,0x0707,0x0707,0x0707,0x0707,0x0707,0x0707,
	0x0707,0x0707,0x0707,0x0707,0x0707,0x0707,0x0707,0x0707,
	0x0707,0x0707,0x0707,0x0707,0x0707,0x0707,0x0707,0x0707,

	0x0707,0x0707,0x0707,0x0707,0x0707,0x0707,0x0707,0x0707,
	0x0707,0x0707,0x0707,0x0707,0x0707,0x0707,0x0707,0x0707,
	0x0707,0x0707,0x0707,0x0707,0x0707,0x0707,0x0707,0x0707,
	0x0707,0x0707,0x0707,0x0707,0x0707,0x0707,0x0707,0x0707,
	0x0707,0x0707,0x0707,0x0707,0x0707,0x0707,0x0707,0x0707,
	0x0707,0x0707,0x0707,0x0707,0x0707,0x0707,0x0707,0x0707,
	0x0707,0x0707,0x0707,0x0707,0x0707,0x0707,0x0707,0x0707,
	0x0707,0x0707,0x0707,0x0707,0x0707,0x0707,0x0707,0x0707,

	0x0707,0x0707,0x0707,0x0707,0x0707,0x0707,0x0707,0x0707,
	0x0707,0x0707,0x0707,0x0707,0x0707,0x0707,0x0707,0x0707,
	0x0707,0x0707,0x0707,0x0707,0x0707,0x0707,0x0707,0x0707,
	0x0707,0x0707,0x0707,0x0707,0x0707,0x0707,0x0707,0x0707,
	0x0707,0x0303,0x0404,0x0404,0x0707,0x0707,0x0707,0x0707,
	0x0707,0x0707,0x0707,0x0707,0x0707,0x0707,0x0707,0x0707,
	0x0707,0x0707,0x0707,0x0707,0x0707,0x0707,0x0707,0x0707,
	0x0707,0x0707,0x0707,0x0707,0x0707,0x0707,0x0707,0x0707,

	0x0404,0x0404,0x0404,0x0404,0x0707,0x0707,0x0707,0x0707,
	0x0707,0x0707,0x0707,0x0707,0x0707,0x0707,0x0707,0x0707,
	0x0707,0x0707,0x0707,0x0707,0x0707,0x0707,0x0707,0x0707,
	0x0707,0x0707,0x0707,0x0707,0x0707,0x0707,0x0707,0x0707,
	0x0404,0x0303,0x0703,0x0707,0x0707,0x0707,0x0707,0x0707,
	0x0707,0x0707,0x0707,0x0707,0x0707,0x0707,0x0707,0x0707,
	0x0707,0x0707,0x0707,0x0707,0x0707,0x0707,0x0707,0x0707,
	0x0707,0x0707,0x0707,0x0707,0x0707,0x0707,0x0707,0x0707,

	0x0707,0x0707,0x0707,0x0707,0x0707,0x0707,0x0707,0x0707,
	0x0707,0x0707,0x0707,0x0707,0x0707,0x0707,0x0707,0x0707,
	0x0707,0x0707,0x0707,0x0707,0x0707,0x0707,0x0707,0x0707,
	0x0707,0x0707,0x0707,0x0707,0x0707,0x0707,0x0707,0x0707,
	0x0707,0x0707,0x0707,0x0707,0x0707,0x0707,0x0707,0x0707,
	0x0707,0x0707,0x0707,0x0707,0x0707,0x0707,0x0707,0x0707,
	0x0707,0x0707,0x0707,0x0707,0x0707,0x0707,0x0707,0x0707,
	0x0707,0x0707,0x0707,0x0707,0x0707,0x0707,0x0707,0x0707,

	0x0707,0x0707,0x0707,0x0707,0x0707,0x0707,0x0707,0x0707,
	0x0707,0x0707,0x0707,0x0707,0x0707,0x0707,0x0707,0x0707,
	0x0707,0x0707,0x0707,0x0707,0x0707,0x0707,0x0707,0x0707,
	0x0707,0x0707,0x0707,0x0707,0x0707,0x0707,0x0707,0x0707,
	0x0707,0x0707,0x0707,0x0707,0x0707,0x0707,0x0707,0x0707,
	0x0707,0x0707,0x0707,0x0707,0x0707,0x0707,0x0707,0x0707,
	0x0707,0x0707,0x0707,0x0707,0x0707,0x0707,0x0707,0x0707,
	0x0707,0x0707,0x0707,0x0707,0x0707,0x0707,0x0707,0x0707,

	0x0707,0x0707,0x0707,0x0707,0x0707,0x0707,0x0707,0x0707,
	0x0707,0x0707,0x0707,0x0707,0x0707,0x0707,0x0707,0x0707,
	0x0707,0x0707,0x0707,0x0707,0x0707,0x0707,0x0707,0x0707,
	0x0707,0x0707,0x0707,0x0707,0x0707,0x0707,0x0707,0x0707,
	0x0307,0x0404,0x0404,0x0404,0x0707,0x0707,0x0303,0x0404,
	0x0707,0x0707,0x0707,0x0707,0x0707,0x0707,0x0707,0x0707,
	0x0707,0x0707,0x0707,0x0707,0x0707,0x0707,0x0707,0x0707,
	0x0707,0x0707,0x0707,0x0707,0x0707,0x0707,0x0707,0x0707,

	0x0604,0x0606,0x0606,0x0606,0x0404,0x0604,0x0606,0x0606,
	0x0407,0x0404,0x0604,0x0606,0x0707,0x0403,0x0404,0x0604,
	0x0707,0x0707,0x0403,0x0404,0x0707,0x0707,0x0307,0x0404,
	0x0707,0x0707,0x0707,0x0403,0x0707,0x0707,0x0707,0x0407,
	0x0101,0x0101,0x0101,0x0101,0x0606,0x0106,0x0101,0x0101,
	0x0606,0x0606,0x0606,0x0606,0x0606,0x0606,0x0606,0x0606,
	0x0606,0x0606,0x0606,0x0606,0x0604,0x0606,0x0606,0x0606,
	0x0404,0x0606,0x0606,0x0106,0x0404,0x0604,0x0606,0x0106,

	0x0101,0x0101,0x0101,0x0101,0x0101,0x0101,0x0101,0x0101,
	0x0606,0x0606,0x0606,0x0101,0x0606,0x0606,0x0606,0x0606,
	0x0606,0x0606,0x0606,0x0101,0x0101,0x0101,0x0101,0x0101,
	0x0101,0x0101,0x0101,0x0101,0x0101,0x0101,0x0101,0x0101,
	0x0101,0x0101,0x0101,0x0101,0x0101,0x0101,0x0101,0x0101,
	0x0101,0x0101,0x0101,0x0101,0x0101,0x0101,0x0101,0x0101,
	0x0101,0x0101,0x0101,0x0101,0x0101,0x0101,0x0101,0x0101,
	0x0101,0x0101,0x0101,0x0101,0x0101,0x0101,0x0101,0x0101,

	0x0101,0x0101,0x0101,0x0101,0x0101,0x0101,0x0101,0x0101,
	0x0101,0x0101,0x0101,0x0101,0x0101,0x0101,0x0101,0x0101,
	0x0101,0x0101,0x0101,0x0101,0x0101,0x0101,0x0101,0x0101,
	0x0101,0x0101,0x0101,0x0101,0x0101,0x0101,0x0101,0x0101,
	0x0101,0x0101,0x0101,0x0101,0x0101,0x0101,0x0101,0x0101,
	0x0101,0x0101,0x0101,0x0101,0x0101,0x0101,0x0101,0x0101,
	0x0101,0x0101,0x0101,0x0101,0x0101,0x0101,0x0101,0x0101,
	0x0101,0x0101,0x0101,0x0101,0x0101,0x0101,0x0101,0x0101,

	0x0101,0x0101,0x0101,0x0101,0x0101,0x0101,0x0101,0x0101,
	0x0101,0x0101,0x0101,0x0101,0x0101,0x0101,0x0101,0x0101,
	0x0101,0x0101,0x0101,0x0101,0x0101,0x0101,0x0101,0x0101,
	0x0101,0x0101,0x0101,0x0101,0x0101,0x0101,0x0505,0x0505,
	0x0101,0x0101,0x0101,0x0101,0x0101,0x0101,0x0101,0x0101,
	0x0101,0x0101,0x0101,0x0101,0x0101,0x0101,0x0101,0x0101,
	0x0101,0x0101,0x0101,0x0101,0x0101,0x0101,0x0101,0x0101,
	0x0101,0x0101,0x0101,0x0505,0x0505,0x0505,0x0505,0x0505,

	0x0101,0x0101,0x0101,0x0101,0x0101,0x0101,0x0101,0x0101,
	0x0101,0x0101,0x0101,0x0101,0x0101,0x0101,0x0101,0x0101,
	0x0101,0x0101,0x0101,0x0101,0x0101,0x0101,0x0101,0x0101,
	0x0505,0x0505,0x0505,0x0505,0x0505,0x0505,0x0505,0x0505,
	0x0101,0x0101,0x0101,0x0101,0x0101,0x0101,0x0101,0x0101,
	0x0101,0x0101,0x0101,0x0601,0x0101,0x0101,0x0101,0x0601,
	0x0101,0x0101,0x0101,0x0606,0x0101,0x0101,0x0101,0x0606,
	0x0505,0x0505,0x0101,0x0606,0x0505,0x0105,0x0101,0x0606,

	0x0101,0x0606,0x0606,0x0606,0x0601,0x0606,0x0606,0x0606,
	0x0606,0x0606,0x0606,0x0606,0x0606,0x0606,0x0606,0x0606,
	0x0606,0x0606,0x0606,0x0606,0x0606,0x0606,0x0606,0x0606,
	0x0606,0x0606,0x0606,0x0606,0x0606,0x0606,0x0606,0x0606,
	0x0606,0x0606,0x0606,0x0606,0x0606,0x0606,0x0606,0x0606,
	0x0606,0x0606,0x0606,0x0606,0x0606,0x0606,0x0606,0x0606,
	0x0606,0x0606,0x0606,0x0606,0x0606,0x0606,0x0606,0x0606,
	0x0606,0x0606,0x0606,0x0606,0x0606,0x0606,0x0606,0x0606,

	0x0606,0x0404,0x0404,0x0404,0x0606,0x0606,0x0606,0x0606,
	0x0606,0x0606,0x0606,0x0606,0x0606,0x0606,0x0606,0x0606,
	0x0606,0x0606,0x0606,0x0606,0x0606,0x0606,0x0606,0x0606,
	0x0606,0x0606,0x0606,0x0606,0x0606,0x0606,0x0606,0x0606,
	0x0606,0x0606,0x0606,0x0606,0x0606,0x0606,0x0606,0x0606,
	0x0606,0x0606,0x0606,0x0606,0x0606,0x0606,0x0606,0x0606,
	0x0606,0x0606,0x0606,0x0606,0x0606,0x0606,0x0606,0x0606,
	0x0606,0x0606,0x0606,0x0606,0x0606,0x0606,0x0101,0x0101,

	0x0606,0x0606,0x0606,0x0606,0x0606,0x0606,0x0606,0x0606,
	0x0606,0x0606,0x0606,0x0606,0x0606,0x0606,0x0606,0x0606,
	0x0606,0x0606,0x0606,0x0606,0x0606,0x0606,0x0606,0x0606,
	0x0606,0x0606,0x0606,0x0606,0x0101,0x0101,0x0101,0x0101,
	0x0606,0x0606,0x0606,0x0606,0x0606,0x0606,0x0606,0x0606,
	0x0606,0x0606,0x0606,0x0606,0x0606,0x0606,0x0606,0x0606,
	0x0606,0x0606,0x0606,0x0606,0x0606,0x0606,0x0606,0x0606,
	0x0106,0x0101,0x0101,0x0101,0x0101,0x0101,0x0101,0x0101,

	0x0606,0x0606,0x0606,0x0606,0x0606,0x0606,0x0606,0x0606,
	0x0606,0x0606,0x0606,0x0606,0x0606,0x0606,0x0606,0x0606,
	0x0606,0x0606,0x0606,0x0606,0x0606,0x0606,0x0106,0x0101,
	0x0101,0x0101,0x0101,0x0101,0x0101,0x0101,0x0101,0x0101,
	0x0606,0x0606,0x0606,0x0606,0x0606,0x0606,0x0606,0x0606,
	0x0606,0x0606,0x0606,0x0606,0x0606,0x0606,0x0606,0x0606,
	0x0606,0x0606,0x0606,0x0606,0x0101,0x0101,0x0101,0x0101,
	0x0101,0x0101,0x0101,0x0101,0x0101,0x0101,0x0101,0x0101,

	0x0606,0x0606,0x0606,0x0606,0x0606,0x0606,0x0606,0x0606,
	0x0606,0x0606,0x0606,0x0606,0x0606,0x0606,0x0606,0x0606,
	0x0606,0x0606,0x0106,0x0606,0x0101,0x0101,0x0101,0x0101,
	0x0101,0x0101,0x0101,0x0101,0x0101,0x0101,0x0101,0x0101,
	0x0606,0x0606,0x0606,0x0406,0x0606,0x0606,0x0606,0x0606,
	0x0606,0x0606,0x0606,0x0606,0x0606,0x0606,0x0606,0x0606,
	0x0606,0x0606,0x0606,0x0606,0x0101,0x0101,0x0101,0x0101,
	0x0101,0x0101,0x0101,0x0101,0x0101,0x0101,0x0101,0x0101,

	0x0404,0x0404,0x0404,0x0404,0x0606,0x0606,0x0406,0x0404,
	0x0606,0x0606,0x0606,0x0606,0x0606,0x0606,0x0606,0x0606,
	0x0606,0x0606,0x0606,0x0606,0x0101,0x0101,0x0101,0x0101,
	0x0101,0x0101,0x0101,0x0101,0x0501,0x0505,0x0505,0x0505,
	0x0404,0x0404,0x0404,0x0404,0x0404,0x0404,0x0404,0x0404,
	0x0606,0x0606,0x0606,0x0606,0x0606,0x0606,0x0606,0x0606,
	0x0606,0x0606,0x0606,0x0606,0x0606,0x0606,0x0606,0x0606,
	0x0101,0x0101,0x0101,0x0101,0x0505,0x0505,0x0505,0x0505,

	0x0604,0x0606,0x0606,0x0606,0x0606,0x0606,0x0606,0x0606,
	0x0606,0x0606,0x0606,0x0606,0x0606,0x0606,0x0606,0x0606,
	0x0606,0x0606,0x0606,0x0101,0x0606,0x0101,0x0101,0x0101,
	0x0101,0x0101,0x0501,0x0505,0x0505,0x0505,0x0505,0x0505,
	0x0606,0x0106,0x0101,0x0505,0x0606,0x0101,0x0501,0x0505,
	0x0106,0x0101,0x0505,0x0505,0x0101,0x0501,0x0505,0x0505,
	0x0101,0x0505,0x0505,0x0505,0x0505,0x0505,0x0505,0x0505,
	0x0505,0x0505,0x0505,0x0505,0x0505,0x0505,0x0505,0x0505,

	0x0505,0x0505,0x0505,0x0505,0x0505,0x0505,0x0505,0x0505,
	0x0505,0x0505,0x0505,0x0505,0x0505,0x0505,0x0505,0x0505,
	0x0505,0x0505,0x0505,0x0505,0x0505,0x0505,0x0505,0x0505,
	0x0505,0x0505,0x0505,0x0505,0x0505,0x0505,0x0505,0x0505,
	0x0505,0x0505,0x0505,0x0505,0x0505,0x0505,0x0505,0x0505,
	0x0505,0x0505,0x0505,0x0505,0x0505,0x0505,0x0505,0x0505,
	0x0505,0x0505,0x0505,0x0505,0x0505,0x0505,0x0505,0x0505,
	0x0505,0x0505,0x0505,0x0505,0x0505,0x0505,0x0505,0x0505,

	0x0505,0x0505,0x0505,0x0505,0x0505,0x0505,0x0505,0x0505,
	0x0505,0x0505,0x0505,0x0505,0x0505,0x0505,0x0505,0x0505,
	0x0505,0x0505,0x0505,0x0505,0x0505,0x0505,0x0505,0x0505,
	0x0505,0x0505,0x0505,0x0505,0x0505,0x0505,0x0505,0x0505,
	0x0505,0x0505,0x0505,0x0505,0x0505,0x0505,0x0505,0x0505,
	0x0505,0x0505,0x0505,0x0505,0x0505,0x0505,0x0505,0x0505,
	0x0505,0x0505,0x0505,0x0505,0x0505,0x0505,0x0505,0x0505,
	0x0505,0x0505,0x0505,0x0505,0x0505,0x0505,0x0505,0x0505,

	0x0505,0x0505,0x0505,0x0505,0x0505,0x0505,0x0505,0x0505,
	0x0505,0x0505,0x0505,0x0505,0x0505,0x0505,0x0505,0x0505,
	0x0505,0x0505,0x0505,0x0505,0x0505,0x0505,0x0505,0x0505,
	0x0505,0x0505,0x0505,0x0505,0x0505,0x0505,0x0505,0x0505,
	0x0505,0x0505,0x0505,0x0505,0x0505,0x0505,0x0505,0x0505,
	0x0505,0x0505,0x0505,0x0505,0x0505,0x0505,0x0505,0x0505,
	0x0505,0x0505,0x0505,0x0505,0x0505,0x0505,0x0505,0x0505,
	0x0505,0x0505,0x0505,0x0505,0x0505,0x0505,0x0505,0x0505,

	0x0505,0x0505,0x0505,0x0505,0x0505,0x0505,0x0505,0x0505,
	0x0505,0x0505,0x0505,0x0505,0x0505,0x0505,0x0505,0x0505,
	0x0505,0x0505,0x0505,0x0505,0x0505,0x0505,0x0505,0x0505,
	0x0505,0x0505,0x0505,0x0505,0x0505,0x0505,0x0505,0x0505,
	0x0505,0x0505,0x0505,0x0505,0x0505,0x0505,0x0505,0x0505,
	0x0505,0x0505,0x0505,0x0505,0x0505,0x0505,0x0505,0x0505,
	0x0505,0x0505,0x0505,0x0505,0x0505,0x0505,0x0505,0x0505,
	0x0505,0x0505,0x0505,0x0505,0x0505,0x0505,0x0505,0x0505,

	0x0505,0x0505,0x0505,0x0505,0x0505,0x0505,0x0505,0x0505,
	0x0505,0x0505,0x0505,0x0505,0x0505,0x0505,0x0505,0x0505,
	0x0505,0x0505,0x0505,0x0505,0x0505,0x0505,0x0505,0x0505,
	0x0505,0x0505,0x0505,0x0505,0x0505,0x0505,0x0505,0x0505,
	0x0505,0x0505,0x0505,0x0505,0x0505,0x0505,0x0505,0x0505,
	0x0505,0x0505,0x0505,0x0505,0x0505,0x0505,0x0505,0x0505,
	0x0505,0x0505,0x0505,0x0505,0x0505,0x0505,0x0505,0x0505,
	0x0505,0x0505,0x0505,0x0505,0x0505,0x0505,0x0505,0x0505,

	0x0505,0x0505,0x0505,0x0505,0x0505,0x0505,0x0505,0x0505,
	0x0505,0x0505,0x0505,0x0505,0x0505,0x0505,0x0505,0x0505,
	0x0505,0x0505,0x0505,0x0505,0x0505,0x0505,0x0505,0x0505,
	0x0505,0x0505,0x0505,0x0505,0x0505,0x0505,0x0505,0x0505,
	0x0505,0x0505,0x0505,0x0505,0x0505,0x0505,0x0505,0x0505,
	0x0505,0x0505,0x0505,0x0505,0x0505,0x0505,0x0505,0x0505,
	0x0505,0x0505,0x0505,0x0505,0x0505,0x0505,0x0505,0x0505,
	0x0505,0x0505,0x0505,0x0505,0x0505,0x0505,0x0505,0x0505,

	0x0505,0x0505,0x0505,0x0505,0x0505,0x0505,0x0505,0x0505,
	0x0505,0x0505,0x0505,0x0505,0x0505,0x0505,0x0505,0x0505,
	0x0505,0x0505,0x0505,0x0505,0x0505,0x0505,0x0505,0x0505,
	0x0505,0x0505,0x0505,0x0505,0x0505,0x0505,0x0505,0x0505,
	0x0505,0x0505,0x0505,0x0505,0x0505,0x0505,0x0505,0x0505,
	0x0505,0x0505,0x0505,0x0505,0x0505,0x0505,0x0505,0x0505,
	0x0505,0x0505,0x0505,0x0505,0x0505,0x0505,0x0505,0x0505,
	0x0505,0x0505,0x0505,0x0505,0x0505,0x0505,0x0505,0x0505,

	0x0505,0x0505,0x0505,0x0505,0x0505,0x0505,0x0505,0x0505,
	0x0505,0x0505,0x0505,0x0505,0x0505,0x0505,0x0505,0x0505,
	0x0505,0x0505,0x0505,0x0505,0x0505,0x0505,0x0505,0x0505,
	0x0505,0x0505,0x0505,0x0505,0x0505,0x0505,0x0505,0x0505,
	0x0505,0x0505,0x0505,0x0505,0x0505,0x0505,0x0505,0x0505,
	0x0505,0x0505,0x0505,0x0505,0x0505,0x0505,0x0505,0x0505,
	0x0505,0x0505,0x0505,0x0505,0x0505,0x0505,0x0505,0x0505,
	0x0505,0x0505,0x0505,0x0505,0x0505,0x0505,0x0505,0x0505,

	0x0505,0x0505,0x0505,0x0205,0x0505,0x0505,0x0505,0x0202,
	0x0505,0x0505,0x0505,0x0202,0x0505,0x0505,0x0205,0x0202,
	0x0505,0x0505,0x0202,0x0202,0x0505,0x0205,0x0202,0x0202,
	0x0505,0x0205,0x0202,0x0202,0x0505,0x0202,0x0202,0x0202,
	0x0202,0x0202,0x0002,0x0000,0x0202,0x0202,0x0002,0x0000,
	0x0202,0x0202,0x0002,0x0000,0x0202,0x0202,0x0002,0x0000,
	0x0202,0x0202,0x0202,0x0000,0x0202,0x0202,0x0002,0x0000,
	0x0202,0x0202,0x0002,0x0000,0x0202,0x0202,0x0002,0x0000,

	0x0000,0x0000,0x0000,0x0000,0x0000,0x0000,0x0000,0x0000,
	0x0000,0x0000,0x0000,0x0000,0x0000,0x0000,0x0000,0x0000,
	0x0000,0x0000,0x0000,0x0000,0x0000,0x0000,0x0000,0x0000,
	0x0000,0x0000,0x0000,0x0000,0x0000,0x0000,0x0000,0x0000,
	0x0000,0x0000,0x0000,0x0000,0x0000,0x0000,0x0000,0x0000,
	0x0000,0x0000,0x0000,0x0000,0x0000,0x0000,0x0000,0x0000,
	0x0000,0x0000,0x0000,0x0000,0x0000,0x0000,0x0000,0x0000,
	0x0000,0x0000,0x0000,0x0000,0x0000,0x0000,0x0000,0x0000,
};

const unsigned short tilesetPal[256] __attribute__((aligned(4)))=
{
	0x0C01,0x1402,0x1001,0x2002,0x1C02,0x1401,0x1802,0x2003,
	0x0000,0x0000,0x0000,0x0000,0x0000,0x0000,0x0000,0x0000,
	0x0000,0x0000,0x0000,0x0000,0x0000,0x0000,0x0000,0x0000,
	0x0000,0x0000,0x0000,0x0000,0x0000,0x0000,0x0000,0x0000,
	0x0000,0x0000,0x0000,0x0000,0x0000,0x0000,0x0000,0x0000,
	0x0000,0x0000,0x0000,0x0000,0x0000,0x0000,0x0000,0x0000,
	0x0000,0x0000,0x0000,0x0000,0x0000,0x0000,0x0000,0x0000,
	0x0000,0x0000,0x0000,0x0000,0x0000,0x0000,0x0000,0x0000,

	0x0000,0x0000,0x0000,0x0000,0x0000,0x0000,0x0000,0x0000,
	0x0000,0x0000,0x0000,0x0000,0x0000,0x0000,0x0000,0x0000,
	0x0000,0x0000,0x0000,0x0000,0x0000,0x0000,0x0000,0x0000,
	0x0000,0x0000,0x0000,0x0000,0x0000,0x0000,0x0000,0x0000,
	0x0000,0x0000,0x0000,0x0000,0x0000,0x0000,0x0000,0x0000,
	0x0000,0x0000,0x0000,0x0000,0x0000,0x0000,0x0000,0x0000,
	0x0000,0x0000,0x0000,0x0000,0x0000,0x0000,0x0000,0x0000,
	0x0000,0x0000,0x0000,0x0000,0x0000,0x0000,0x0000,0x0000,

	0x0000,0x0000,0x0000,0x0000,0x0000,0x0000,0x0000,0x0000,
	0x0000,0x0000,0x0000,0x0000,0x0000,0x0000,0x0000,0x0000,
	0x0000,0x0000,0x0000,0x0000,0x0000,0x0000,0x0000,0x0000,
	0x0000,0x0000,0x0000,0x0000,0x0000,0x0000,0x0000,0x0000,
	0x0000,0x0000,0x0000,0x0000,0x0000,0x0000,0x0000,0x0000,
	0x0000,0x0000,0x0000,0x0000,0x0000,0x0000,0x0000,0x0000,
	0x0000,0x0000,0x0000,0x0000,0x0000,0x0000,0x0000,0x0000,
	0x0000,0x0000,0x0000,0x0000,0x0000,0x0000,0x0000,0x0000,

	0x0000,0x0000,0x0000,0x0000,0x0000,0x0000,0x0000,0x0000,
	0x0000,0x0000,0x0000,0x0000,0x0000,0x0000,0x0000,0x0000,
	0x0000,0x0000,0x0000,0x0000,0x0000,0x0000,0x0000,0x0000,
	0x0000,0x0000,0x0000,0x0000,0x0000,0x0000,0x0000,0x0000,
	0x0000,0x0000,0x0000,0x0000,0x0000,0x0000,0x0000,0x0000,
	0x0000,0x0000,0x0000,0x0000,0x0000,0x0000,0x0000,0x0000,
	0x0000,0x0000,0x0000,0x0000,0x0000,0x0000,0x0000,0x0000,
	0x0000,0x0000,0x0000,0x0000,0x0000,0x0000,0x0000,0x0000,
};

//}}BLOCK(tileset)
